Date,Asset,Observed_Return,Fitted_Return,Residual
2021-01-06,BTC,0.0617214774948189,-0.009267998117722522,0.07098947561254142
2021-01-07,BTC,0.1006314949050913,-0.008722385300237766,0.10935388020532906
2021-01-08,BTC,0.0077107603978929,-0.010975447743246446,0.018686208141139346
2021-01-09,BTC,0.0195675442998421,-0.003927980714931087,0.023495525014773186
2021-01-10,BTC,-0.0566634520820478,-0.005161621097778136,-0.051501830984269664
2021-01-11,BTC,-0.1289135667911746,0.0037976926341619015,-0.13271125942533651
2021-01-12,BTC,0.0215156084179575,0.015507369518417944,0.0060082388995395565
2021-01-13,BTC,0.0721662657821702,-0.00274094099136482,0.07490720677353502
2021-01-14,BTC,0.038165394438249,-0.008111897185095925,0.04627729162334492
2021-01-15,BTC,-0.0660631270807206,-0.004647567948397991,-0.061415559132322606
2021-01-16,BTC,-0.009190284843198,0.006473154781662685,-0.015663439624860685
2021-01-17,BTC,0.009190284843198,-0.00022616788487565757,0.009416452728073657
2021-01-18,BTC,-0.0007486212001674,-0.0023680858110764215,0.0016194646109090214
2021-01-19,BTC,0.0066925530277567,-0.0010242391241549731,0.0077167921519116734
2021-01-20,BTC,-0.043817424824704,0.0003724496417363758,-0.044189874466440376
2021-01-21,BTC,-0.1125675819575238,0.007321109857378408,-0.1198886918149022
2021-01-22,BTC,0.0656790339388585,0.013554631329743133,0.05212440260911537
2021-01-23,BTC,-0.0285954641795404,-0.008421134799443532,-0.02017432938009687
2021-01-24,BTC,-0.0145861987089724,0.0030600630426132805,-0.01764626175158568
2021-01-25,BTC,0.0246251396389837,0.0013865200449363108,0.02323861959404739
2021-01-26,BTC,-0.0212542892844156,-0.0025410897687705666,-0.018713199515645033
2021-01-27,BTC,-0.0316053100409713,0.002452116756260142,-0.03405742679723144
2021-01-28,BTC,0.0700842388772838,0.002840264683872442,0.06724397419341135
2021-01-29,BTC,0.0404795754539982,-0.008410558615725466,0.04889013406972366
2021-01-30,BTC,0.001332699873233,-0.005741650657158844,0.007074350530391843
2021-01-31,BTC,-0.0703967583968336,-0.0007697709430316353,-0.06962698745380196
2021-02-01,BTC,0.0405526049461602,0.007891436914969418,0.032661168031190776
2021-02-02,BTC,0.058263573246995,-0.003321269636546045,0.06158484288354105
2021-02-03,BTC,0.0442345582815795,-0.007515314883757644,0.05174987316533715
2021-02-04,BTC,0.0102890167719705,-0.005145519301587181,0.01543453607355768
2021-02-05,BTC,0.0047382197675478,-0.002428972281661432,0.0071671920492092315
2021-02-06,BTC,0.0566321495747865,0.0009511147618192937,0.05568103481296721
2021-02-07,BTC,-0.0554418956858912,-0.005337514481948193,-0.05010438120394301
2021-02-08,BTC,0.1644048484687006,0.008070041096469803,0.1563348073722308
2021-02-09,BTC,0.0579743056167431,-0.01821229709360068,0.07618660271034378
2021-02-10,BTC,-0.0503693366697898,-0.006759572611697659,-0.043609764058092144
2021-02-11,BTC,0.0415069799481858,0.006191144777697825,0.035315835170487975
2021-02-12,BTC,0.0214093207947683,-0.005556857907684855,0.026966178702453155
2021-02-13,BTC,-0.0160892263185813,-0.0023878033250791784,-0.01370142299350212
2021-02-14,BTC,0.0306195455637617,0.0021276211891726455,0.028491924374589053
2021-02-15,BTC,-0.0089821477746308,-0.00344924234255175,-0.00553290543207905
2021-02-16,BTC,0.0077575928774363,0.001247877136490706,0.006509715740945594
2021-02-17,BTC,0.0754203269020155,-0.001751443303994801,0.0771717702060103
2021-02-18,BTC,-0.0068577131073469,-0.010274741609223523,0.0034170285018766226
2021-02-19,BTC,0.06660585521165,0.0010102263782944985,0.0655956288333555
2021-02-20,BTC,0.0159824264123471,-0.007748315576148778,0.023730741988495875
2021-02-21,BTC,0.0177747366303669,-0.001748101245378128,0.01952283787574503
2021-02-22,BTC,-0.0459002091499422,-0.0018222692625828078,-0.04407793988735939
2021-02-23,BTC,-0.1364952129320099,0.006467358976030257,-0.14296257190804015
2021-02-24,BTC,0.0165801178661248,0.01607274743488981,0.0005073704312349887
2021-02-25,BTC,-0.0143333366090367,-0.0015198401815351037,-0.012813496427501595
2021-02-26,BTC,-0.0512551579720103,1.1004889830653102e-05,-0.05126616286184096
2021-02-27,BTC,0.0262180434113659,0.002558687062306279,0.02365935634905962
2021-02-28,BTC,-0.0817452286912186,-0.005637234140815456,-0.07610799455040314
2021-03-01,BTC,0.123424927298235,0.007158651934571457,0.11626627536366355
2021-03-02,BTC,-0.0292694886608832,-0.013474511639467116,-0.015794977021416082
2021-03-03,BTC,0.0709923352701496,0.00376483772474827,0.06722749754540133
2021-03-04,BTC,-0.0616202099889658,-0.009758659102416379,-0.05186155088654942
2021-03-05,BTC,0.023786320748312,0.0060005976980507785,0.017785723050261222
2021-03-06,BTC,-0.0092820905185617,-0.0016615835967413264,-0.007620506921820374
2021-03-07,BTC,0.0495599959892408,0.002459418551907809,0.047100577437332994
2021-03-08,BTC,0.016019160384772,-0.0046735193353130535,0.020692679720085053
2021-03-09,BTC,0.0457064921203025,-0.0029458847474080336,0.04865237686771053
2021-03-10,BTC,0.0466237136390687,-0.002467884460212925,0.049091598099281625
2021-03-11,BTC,0.012472062741432,-0.004828425725754031,0.017300488467186032
2021-03-12,BTC,-0.0114409731321581,-0.0004613271592723889,-0.010979645972885711
2021-03-13,BTC,0.0784113923290044,0.0014781873669790233,0.07693320496202538
2021-03-14,BTC,-0.0315089300382529,-0.00927984500660139,-0.02222908503165151
2021-03-15,BTC,-0.0566746203935254,0.003992991581971391,-0.06066761197549679
2021-03-16,BTC,0.0003747406090539,0.00764952445006942,-0.007274783841015519
2021-03-17,BTC,0.0227741415021691,6.1770653832702e-05,0.022712370848336397
2021-03-18,BTC,-0.0042150631842789,-0.002452440506975446,-0.001762622677303454
2021-03-19,BTC,0.0155904066802492,8.471081432878119e-05,0.015505695865920419
2021-03-20,BTC,0.0023829901861541,-0.0012410445776368788,0.003624034763790979
2021-03-21,BTC,-0.0215760270183098,0.00032045379914931715,-0.021896480817459117
2021-03-22,BTC,-0.048400878196925,0.003161524746422401,-0.0515624029433474
2021-03-23,BTC,-0.0023962359963134,0.006113820721875267,-0.008510056718188667
2021-03-24,BTC,-0.0073363877229259,-0.0007632039822289874,-0.006573183740696913
2021-03-25,BTC,-0.0386379006274353,0.0009566539408701899,-0.03959455456830549
2021-03-26,BTC,0.0377539062258782,0.004615970036022456,0.03313793618985575
2021-03-27,BTC,0.0343097033870508,-0.002876234639177225,0.03718593802622802
2021-03-28,BTC,0.0014732752987717,-0.0023727408317109015,0.0038460161304826016
2021-03-29,BTC,0.0226226701933095,0.001538198571315149,0.021084471621994352
2021-03-30,BTC,0.0245065702182991,-0.0033068993737525787,0.02781346959205168
2021-03-31,BTC,0.0047268432060294,-0.004420193483435658,0.009147036689465059
2021-04-01,BTC,-0.0016271068944738,0.0012180345828102764,-0.0028451414772840767
2021-04-02,BTC,-0.0031408129419757,0.0016078982634558316,-0.004748711205431531
2021-04-03,BTC,-0.0101927070942089,0.0018224828566465183,-0.012015189950855418
2021-04-04,BTC,0.0006612574278993,0.002655454856442618,-0.001994197428543318
2021-04-05,BTC,0.0115729261582385,0.0014439253841018371,0.010129000774136662
2021-04-06,BTC,-0.009180631916966,-1.1666744146703604e-05,-0.009168965172819296
2021-04-07,BTC,-0.0351804220943013,0.0018050857382622641,-0.03698550783256356
2021-04-08,BTC,0.0250960582859728,0.004190003245838131,0.020906055040134666
2021-04-09,BTC,0.0113371780323242,-0.0016816801048625768,0.013018858137186777
2021-04-10,BTC,0.0044165288001542,-0.0011246407427689328,0.005541169542923133
2021-04-11,BTC,0.0210425201142192,-0.00041303029703015844,0.021455550411249358
2021-04-12,BTC,0.0018909304454057,-0.002277788212308623,0.004168718657714323
2021-04-13,BTC,0.0529091171577436,-0.0004995563011567388,0.05340867345890034
2021-04-14,BTC,-0.0128687234159119,-0.005321689630946315,-0.0075470337849655855
2021-04-15,BTC,0.0161660812333117,0.0008301407018900603,0.015335940531421639
2021-04-16,BTC,-0.0222049880726641,0.00026059609946636704,-0.022465584172130466
2021-04-17,BTC,-0.0186101790088928,0.003547774145935799,-0.0221579531548286
2021-04-18,BTC,-0.091188297268459,0.003243390497815783,-0.0944316877662748
2021-04-19,BTC,0.0114903302487506,0.011699052134804483,-0.0002087218860538833
2021-04-20,BTC,0.0103859101003708,-0.0018288574925267751,0.012214767592897576
2021-04-21,BTC,-0.0320886542496926,-0.0012364468212912245,-0.030852207428401376
2021-04-22,BTC,-0.063621193762261,0.0052754610025419835,-0.06889665476480299
2021-04-23,BTC,-0.0206377383290158,0.0065435315739637056,-0.027181269902979505
2021-04-24,BTC,0.0082178824334508,0.0030421019447233145,0.005175780488727486
2021-04-25,BTC,-0.01980683328835,-0.00010666424009934612,-0.019700169048250653
2021-04-26,BTC,0.0638941138094086,0.003266269748608625,0.060627844060799976
2021-04-27,BTC,0.0355311171283563,-0.007174839823528838,0.042705956951885136
2021-04-28,BTC,-0.0139127672652601,-0.004007613701339281,-0.00990515356392082
2021-04-29,BTC,-0.0268580958434291,0.0017144170523785934,-0.028572512895807693
2021-04-30,BTC,0.0695813536890553,0.0038093018950948426,0.06577205179396045
2021-05-01,BTC,0.0158377100868964,-0.00869104540961548,0.02452875549651188
2021-05-02,BTC,-0.015585070714703,-0.002179352615448342,-0.013405718099254657
2021-05-03,BTC,-8.490997897532871e-05,0.001626548612932632,-0.0017114585919079607
2021-05-04,BTC,-0.0363717668308283,0.0015494830310261486,-0.03792124986185445
2021-05-05,BTC,0.0372835780767014,0.003252735411770439,0.03403084266493096
2021-05-06,BTC,-0.0161864920887249,-0.003991339821631612,-0.012195152267093287
2021-05-07,BTC,0.0305870085782472,0.003991774782018237,0.02659523379622896
2021-05-08,BTC,0.0225795817484736,-0.002287974014435985,0.024867555762909586
2021-05-09,BTC,-0.0180338910445325,-0.0013097872620494232,-0.016724103782483075
2021-05-10,BTC,-0.0467976286465352,0.003528945795437218,-0.050326574441972416
2021-05-11,BTC,0.0285484177227731,0.005467051189565991,0.02308136653320711
2021-05-12,BTC,-0.0436610088661049,-0.0037321897658395874,-0.03992881910026531
2021-05-13,BTC,-0.0996051046138775,0.0035285967313940514,-0.10313370134527156
2021-05-14,BTC,-0.00252318952539,0.012302685005404289,-0.01482587453079429
2021-05-15,BTC,-0.0197314327162686,0.001883851120216852,-0.021615283836485453
2021-05-16,BTC,-0.0903512391429558,0.0039052503902546926,-0.09425648953321049
2021-05-17,BTC,0.0169955186360603,0.01228541399054928,0.004710104645511019
2021-05-18,BTC,-0.0351620928008199,-0.0007669169699389463,-0.034395175830880954
2021-05-19,BTC,-0.1202665549542469,0.004026868766246616,-0.12429342372049351
2021-05-20,BTC,0.043482999164663,0.01449685321128091,0.02898614595338209
2021-05-21,BTC,-0.1288903317827315,-0.004539699006835819,-0.12435063277589567
2021-05-22,BTC,0.0778548649915373,0.015011045215086062,0.06284381977645125
2021-05-23,BTC,-0.1561187071804131,-0.009458340806234068,-0.14666036637417904
2021-05-24,BTC,0.1805808591030929,0.01828067572895159,0.16230018337414132
2021-05-25,BTC,-0.0359718757383968,-0.02051566502346013,-0.015456210714936674
2021-05-26,BTC,0.0295318542211743,0.004923322806898063,0.024608531414276238
2021-05-27,BTC,-0.0079352456293715,-0.0032018291889725457,-0.004733416440398954
2021-05-28,BTC,-0.0881849129340732,0.0011352196282186269,-0.08932013256229182
2021-05-29,BTC,-0.0251342262811701,0.011011144018724705,-0.036145370299894806
2021-05-30,BTC,0.0488282783029096,0.0035949231357793824,0.04523335516713022
2021-05-31,BTC,0.0173290183949184,-0.005041497892770672,0.022370516287689074
2021-06-01,BTC,-0.0100513502544599,-0.0013781230654469527,-0.008673227189012946
2021-06-02,BTC,0.0382436959433785,0.0018203546924424815,0.03642334125093602
2021-06-03,BTC,0.0252383762359877,-0.0038861483917572073,0.02912452462774491
2021-06-04,BTC,-0.0438171422187824,-0.00440154965976537,-0.039415592559017026
2021-06-05,BTC,-0.0328953798669838,0.006855414163735593,-0.03975079403071939
2021-06-06,BTC,0.0036023522508515,0.005630576036174325,-0.002028223785322825
2021-06-07,BTC,-0.0433601169879568,0.0013902600129718685,-0.04475037700092867
2021-06-08,BTC,-0.0242084045923671,0.005925362853548328,-0.03013376744591543
2021-06-09,BTC,0.0797579688293612,0.002939622814743449,0.07681834601461776
2021-06-10,BTC,0.0021010309771162,-0.009360453247687072,0.01146148422480327
2021-06-11,BTC,0.0175710276814784,0.0002536621610161727,0.017317365520462227
2021-06-12,BTC,-0.0309213930248541,-0.002396741234222959,-0.028524651790631142
2021-06-13,BTC,0.0866417736801441,0.003395950008736765,0.08324582367140733
2021-06-14,BTC,0.0145958194533898,-0.010658287267029526,0.025254106720419327
2021-06-15,BTC,0.0026987820118396,-0.0017225121618679089,0.0044212941737075085
2021-06-16,BTC,-0.036244820765527,-0.0005238083173560827,-0.03572101244817092
2021-06-17,BTC,-0.0204226496236067,0.004559117085202387,-0.024981766708809087
2021-06-18,BTC,-0.0614039789579797,-0.0011908881717729288,-0.06021309078620677
2021-06-19,BTC,0.0169343381557793,0.006612168410791184,0.010322169744988115
2021-06-20,BTC,-0.0080999094911071,-0.0026529783274623383,-0.005446931163644761
2021-06-21,BTC,-0.0950467467108153,0.00024958585439466757,-0.09529633256520996
2021-06-22,BTC,0.0098382484899708,0.013088879804410316,-0.0032506313144395164
2021-06-23,BTC,0.0050414884422234,-0.0009693172703227192,0.006010805712546119
2021-06-24,BTC,0.0530321873221081,-0.00012659185720684116,0.05315877917931494
2021-06-25,BTC,-0.0791488395792011,-0.005780879731301921,-0.07336795984789918
2021-06-26,BTC,-0.0285659979159818,0.010117183661073793,-0.038683181577055595
2021-06-27,BTC,0.041390178522145,0.0041069950647415684,0.03728318345740343
2021-06-28,BTC,0.0606957733452742,-0.004192168333459925,0.06488794167873413
2021-06-29,BTC,0.0421259198441428,-0.0065407026987510455,0.04866662254289385
2021-06-30,BTC,-0.0444573251141905,-0.005368761657712731,-0.03908856345647777
2021-07-01,BTC,-0.0343672199226181,0.006052358680667262,-0.04041957860328536
2021-07-02,BTC,-0.0080339212674657,0.005071588733506491,-0.013105510000972192
2021-07-03,BTC,0.046419876433366,0.002183273874100202,0.0442366025592658
2021-07-04,BTC,0.0233249476710147,-0.004072845416544103,0.027397793087558804
2021-07-05,BTC,-0.0486209663324271,-0.0013301959971036754,-0.047290770335323425
2021-07-06,BTC,0.0025567800640823,0.0071288799524474415,-0.0045720998883651415
2021-07-07,BTC,0.0174304527361601,0.0005615237380905457,0.016868928998069556
2021-07-08,BTC,-0.0512202438696949,-0.0009616092946440558,-0.050258634575050844
2021-07-09,BTC,0.0211983955071065,0.006177059540882787,0.015021335966223714
2021-07-10,BTC,-0.0055747724360915,-0.0007775465841788539,-0.004797225851912646
2021-07-11,BTC,0.0155176791366463,0.002505918591594056,0.013011760545052244
2021-07-12,BTC,-0.0302097648044511,5.902064047189596e-05,-0.030268785444922997
2021-07-13,BTC,-0.0103570853040248,0.004261499745347174,-0.014618585049371975
2021-07-14,BTC,0.0089572433687439,0.001918837840495508,0.007038405528248392
2021-07-15,BTC,-0.032401971416823,0.0003106010471874687,-0.03271257246401047
2021-07-16,BTC,0.0024227198257123,0.004433244950794099,-0.002010525125081799
2021-07-17,BTC,-0.0032567592005505,-0.0006879032520300732,-0.002568855948520427
2021-07-18,BTC,-0.0024721778339373,0.00010540307011060046,-0.0025775809040479007
2021-07-19,BTC,-0.0281527105504755,1.4758735290615172e-05,-0.028167469285766116
2021-07-20,BTC,-0.0300368048666911,0.0028095050120320393,-0.03284630987872314
2021-07-21,BTC,0.0629144420619479,0.005212398240626225,0.05770204382132168
2021-07-22,BTC,0.0136769640861463,-0.006720933794644183,0.020397897880790484
2021-07-23,BTC,0.0079472470638237,-0.0007264350311368138,0.008673682094960515
2021-07-24,BTC,0.0435166859392158,0.00026053521367137763,0.04325615072554442
2021-07-25,BTC,0.0158269093855703,-0.00396025964023921,0.01978716902580951
2021-07-26,BTC,0.0904938290311216,-0.0006390084560586922,0.09113283748718029
2021-07-27,BTC,0.0078419853923356,-0.0104097258156179,0.0182517112079535
2021-07-28,BTC,0.0489995089046583,-0.0006506780861572224,0.04965018699081552
2021-07-29,BTC,-0.0057770369167308,-0.005512622638713385,-0.0002644142780174148
2021-07-30,BTC,0.0238900827897376,0.0030254187640093642,0.020864664025728237
2021-07-31,BTC,0.0208835622914419,-0.0036520281525293974,0.024535590443971297
2021-08-01,BTC,-0.0067634762460287,-0.003166346726252496,-0.003597129519776204
2021-08-02,BTC,-0.0599502001113984,0.00011304423431429623,-0.060063244345712696
2021-08-03,BTC,-0.0204278045873717,0.00793772719218663,-0.02836553177955833
2021-08-04,BTC,0.0429784392305415,0.0031252814809241405,0.03985315774961736
2021-08-05,BTC,0.0285222064627736,-0.004882557971413968,0.033404764434187564
2021-08-06,BTC,0.043908232825527,-0.002769017913997906,0.0466772507395249
2021-08-07,BTC,0.0289029238973058,-0.00684087855374517,0.03574380245105097
2021-08-08,BTC,-0.0027167521505833,-0.005075250349596742,0.002358498199013442
2021-08-09,BTC,0.0358514297237697,-0.0012547784294101656,0.037106208153179866
2021-08-10,BTC,0.003831203661653,-0.0055750075340776336,0.009406211195730634
2021-08-11,BTC,0.0151420464569744,0.0003435995626552366,0.014798446894319164
2021-08-12,BTC,-0.0409231411813161,-0.00023672385973794966,-0.04068641732157815
2021-08-13,BTC,0.067987824867454,0.005436298063333865,0.06255152680412013
2021-08-14,BTC,-0.0201753669623848,-0.006303467226797757,-0.013871899735587043
2021-08-15,BTC,0.001192065006967,0.004217937971621456,-0.003025872964654456
2021-08-16,BTC,-0.0137716447236283,0.001673712328925212,-0.015445357052553512
2021-08-17,BTC,-0.0239586274772273,0.0028153284326509383,-0.026773955909878237
2021-08-18,BTC,-0.0099888190312047,0.002760569067622085,-0.012749388098826784
2021-08-19,BTC,0.0450286126608196,0.0010641340515562348,0.04396447860926337
2021-08-20,BTC,0.0434910344688163,-0.005061490718134087,0.04855252518695039
2021-08-21,BTC,0.0072584200021115,-0.004336681901487802,0.011595101903599303
2021-08-22,BTC,-0.0125149354163298,-9.64079183314363e-05,-0.012418527497998363
2021-08-23,BTC,0.0227656518038158,0.0025021023555362623,0.020263549448279537
2021-08-24,BTC,-0.0241617806985034,-0.0006784052789288206,-0.02348337541957458
2021-08-25,BTC,0.0072508353740094,0.003602033722305913,0.0036488016517034864
2021-08-26,BTC,-0.0346407998843048,-0.0009364972977192112,-0.03370430258658559
2021-08-27,BTC,0.0394278988698203,0.004466951106517108,0.03496094776330319
2021-08-28,BTC,-0.0035542537597342,-0.0027066685735377834,-0.0008475851861964164
2021-08-29,BTC,0.0035463850760071,0.002515426397103003,0.0010309586789040968
2021-08-30,BTC,-0.0055059600004545,0.001719173645529273,-0.007225133645983773
2021-08-31,BTC,-0.0344482636852645,0.0010889211903830083,-0.035537184875647505
2021-09-01,BTC,0.026568437506651,0.004762056052773815,0.021806381453877186
2021-09-02,BTC,0.0260031971529444,-0.0028194162107098115,0.02882261336365421
2021-09-03,BTC,0.0117532528170744,-0.0026575876085747755,0.014410840425649175
2021-09-04,BTC,0.0011517251757057,-3.0754103018879964e-05,0.0011824792787245798
2021-09-05,BTC,0.0039526090929854,0.001306352930008675,0.0026462561629767246
2021-09-06,BTC,0.0301624996751534,0.00108082522341138,0.02908167445174202
2021-09-07,BTC,-0.1038596586197925,-0.0022168595801434943,-0.10164279903964901
2021-09-08,BTC,-0.0161854561304631,0.010831584845614877,-0.027017040976077975
2021-09-09,BTC,0.0041419908017895,0.0017901575440175553,0.0023518332577719446
2021-09-10,BTC,-0.0260441017903811,-9.129429476314535e-05,-0.025952807495617954
2021-09-11,BTC,0.0056696216949768,0.0028078880541618128,0.002861733640814987
2021-09-12,BTC,0.012858139822515,-0.0009088653494837918,0.013767005171998793
2021-09-13,BTC,-0.0159089165482556,-0.001656919292795923,-0.014251997255459677
2021-09-14,BTC,0.0358274380447522,0.002350373661375174,0.033477064383377025
2021-09-15,BTC,0.0233955019979384,-0.0037783669630290805,0.027173868960967483
2021-09-16,BTC,-0.0165816466927165,-0.002263082203398522,-0.01431856448931798
2021-09-17,BTC,-0.0036148172872654,0.0006629751210547757,-0.004277792408320175
2021-09-18,BTC,0.0211225700550249,0.00023588230083981443,0.020886687754185087
2021-09-19,BTC,-0.0067261497416647,-0.002711126883789782,-0.004015022857874918
2021-09-20,BTC,-0.0902541546192582,0.0006392745857995422,-0.09089342920505775
2021-09-21,BTC,-0.0622346475604014,0.010728632932147694,-0.0729632804925491
2021-09-22,BTC,0.0601830052401226,0.008202261112004429,0.05198074412811817
2021-09-23,BTC,0.0284865597858338,-0.006428458443559039,0.03491501822939284
2021-09-24,BTC,-0.0391281266485704,-0.0033507198896473335,-0.03577740675892306
2021-09-25,BTC,-0.0076450067732404,0.005134753840778619,-0.012779760614019019
2021-09-26,BTC,0.0114627331577824,0.0015364840867131396,0.00992624907106926
2021-09-27,BTC,-0.0107871885658004,-0.0007264276423589884,-0.01006076092344141
2021-09-28,BTC,-0.0216927809555096,0.0016883183783582263,-0.023381099333867828
2021-09-29,BTC,-0.015916444008173,0.0013444638977407994,-0.017260907905913798
2021-09-30,BTC,0.0547944564219613,0.0016907666664675472,0.05310368975549375
2021-10-01,BTC,0.1026471410569198,-0.005316659537691609,0.10796380059461141
2021-10-02,BTC,-0.0023411929744173,-0.011176653493307735,0.008835460518890434
2021-10-03,BTC,0.018658069966403,0.0015146155276241282,0.01714345443877887
2021-10-04,BTC,0.0015251147749352,-0.0009180917018198518,0.002443206476755052
2021-10-05,BTC,0.0493312374471269,-1.5675802082134314e-05,0.049346913249209035
2021-10-06,BTC,0.065012311809755,-0.005118779281532593,0.0701310910912876
2021-10-07,BTC,-0.0135400033159952,-0.007254195184306398,-0.006285808131688803
2021-10-08,BTC,-0.0035744171942366,0.0024603328783882666,-0.006034750072624866
2021-10-09,BTC,0.0107833403610984,0.0006723925383695163,0.010110947822728884
2021-10-10,BTC,0.0138831245607869,-0.0010044666525625405,0.014887591213349441
2021-10-11,BTC,0.0349893860367737,-0.0014745286418514681,0.03646391467862517
2021-10-12,BTC,-0.0349476548727202,-0.00431873064731721,-0.030628924225402993
2021-10-13,BTC,0.0289231818900693,0.00443708087451218,0.024486101015557118
2021-10-14,BTC,0.0082160813814197,-0.001341053825968611,0.009557135207388311
2021-10-15,BTC,0.0846912369836083,0.0006130834866143639,0.08407815349699393
2021-10-16,BTC,-0.0246644953439308,-0.010586913247116468,-0.01407758209681433
2021-10-17,BTC,0.0002447076051371,0.00266460285213875,-0.00241989524700165
2021-10-18,BTC,0.0058911770261133,-0.00022092017121695714,0.006112097197330257
2021-10-19,BTC,0.043866167821734,-0.00017252037083274064,0.04403868819256674
2021-10-20,BTC,0.0288009734335815,-0.0040397594870843385,0.03284073292066584
2021-10-21,BTC,-0.0517466858070423,-0.0021445112407342333,-0.04960217456630807
2021-10-22,BTC,-0.0316548655458604,0.006508445149772197,-0.0381633106956326
2021-10-23,BTC,0.0066212594710055,0.004763104183840574,0.0018581552871649266
2021-10-24,BTC,-0.0133796594167622,0.00038214169129749913,-0.013761801108059699
2021-10-25,BTC,0.0363976645696493,0.002758887077060295,0.033638777492589006
2021-10-26,BTC,-0.0072762519596499,-0.003117905507267964,-0.004158346452381936
2021-10-27,BTC,-0.0525500752472109,0.0008736716012384612,-0.05342374684844936
2021-10-28,BTC,0.0413867471347011,0.0064637169065953366,0.034923030228105764
2021-10-29,BTC,0.0158041781058094,-0.0036548780240157285,0.01945905612982513
2021-10-30,BTC,-0.0114403529470952,-0.0023783795222840757,-0.009061973424811125
2021-10-31,BTC,-0.0165222355600537,0.0009401813109526345,-0.017462416871006334
2021-11-01,BTC,0.0010800868216645,0.0015448289307217744,-0.00046474210905727447
2021-11-02,BTC,0.0388036053501234,0.0010672450481566886,0.03773636030196671
2021-11-03,BTC,-0.0056958077031905,-0.004348663194541439,-0.001347144508649061
2021-11-04,BTC,-0.0227506480726536,0.0004756509038603487,-0.02322629897651395
2021-11-05,BTC,-0.0063472757658493,0.0046234929305247014,-0.010970768696374002
2021-11-06,BTC,0.0036841881141458,0.002548930096460018,0.0011352580176857822
2021-11-07,BTC,0.0209713737991203,0.001378687347675083,0.019592686451445216
2021-11-08,BTC,0.0565595814340615,-0.0005993181768716276,0.05715889961093313
2021-11-09,BTC,0.023774688308326,-0.0056441403822410545,0.029418828690567052
2021-11-10,BTC,-0.0521839048520103,-0.002615839958238818,-0.04956806489377148
2021-11-11,BTC,0.0122186079636349,0.006651263685260229,0.0055673442783746715
2021-11-12,BTC,-0.0146039984041446,-0.0003589535159662822,-0.014245044888178317
2021-11-13,BTC,0.0038820446227084,0.0028063884167239036,0.0010756562059844963
2021-11-14,BTC,-0.0021906346899728,0.0006886644194742507,-0.002879299109447051
2021-11-15,BTC,-0.0049949067917721,0.0015117334008277563,-0.0065066401925998555
2021-11-16,BTC,-0.0552512204108809,0.0010466455122850448,-0.05629786592316595
2021-11-17,BTC,-0.0060130007102082,0.00650008673665965,-0.012513087446867851
2021-11-18,BTC,-0.0428828333220794,0.0016412293194761616,-0.04452406264155556
2021-11-19,BTC,0.0047009345691923,0.005433981168518671,-0.0007330465993263709
2021-11-20,BTC,0.030255149382418,-0.0008354411387964269,0.031090590521214427
2021-11-21,BTC,-0.0021094622544302,-0.003762623804870064,0.001653161550439864
2021-11-22,BTC,-0.0561197597794876,0.0001780312926126131,-0.05629779107210021
2021-11-23,BTC,0.0253222396899314,0.0050512312167720445,0.020271008473159356
2021-11-24,BTC,-0.0065999008773256,-0.0034040385684192664,-0.0031958623089063335
2021-11-25,BTC,0.0261222427749622,0.0012059955960588636,0.024916247178903336
2021-11-26,BTC,-0.0856475758173612,-0.002552541351947277,-0.08309503446541391
2021-11-27,BTC,0.0111340412431399,0.009747596114157433,0.001386445128982467
2021-11-28,BTC,-0.0127924644226825,-0.0016322230563468856,-0.011160241366335614
2021-11-29,BTC,0.0782069999252328,0.0012635190467175203,0.07694348087851528
2021-11-30,BTC,-0.0204675311382368,-0.008508554409610906,-0.011958976728625895
2021-12-01,BTC,-0.002040783157435,0.0014138338119110895,-0.0034546169693460893
2021-12-02,BTC,-0.0020629694684725,0.0004795328275787465,-0.0025425022960512463
2021-12-03,BTC,-0.0595783850968424,0.0005268642926371967,-0.060105249389479594
2021-12-04,BTC,-0.094832450301164,0.007942076287193723,-0.10277452658835771
2021-12-05,BTC,0.0117298704305079,0.01192368543682177,-0.00019381500631386953
2021-12-06,BTC,0.0157517646820925,-0.0005263447969803069,0.016278109479072805
2021-12-07,BTC,0.008091311445448,-0.0010721815601880474,0.009163493005636047
2021-12-08,BTC,0.0020506606388563,0.000809867836890824,0.001240792801965476
2021-12-09,BTC,-0.053522531122847,0.0005547157792026271,-0.05407724690204963
2021-12-10,BTC,-0.0001080445413369,0.006017907924603394,-0.006125952465940294
2021-12-11,BTC,0.0166411859180973,0.001356174806694717,0.015285011111402583
2021-12-12,BTC,0.0300515893087567,-0.0005470409512006848,0.030598630259957387
2021-12-13,BTC,-0.0713504309528726,-0.002063548764852857,-0.06928688218801975
2021-12-14,BTC,0.0313526559193321,0.008494543433103123,0.022858112486228974
2021-12-15,BTC,0.0182827742114846,-0.004436279493046811,0.02271905370453141
2021-12-16,BTC,-0.0220662198081722,-0.0011109599321675833,-0.020955259876004616
2021-12-17,BTC,-0.0263817000234571,0.004256952286561096,-0.030638652310018194
2021-12-18,BTC,0.0020559674766725,0.003122110933489274,-0.001066143456816774
2021-12-19,BTC,0.0039088761768328,-0.00015014131792378396,0.004059017494756584
2021-12-20,BTC,-0.0036207562573501,-0.00035220479898173446,-0.0032685514583683656
2021-12-21,BTC,0.0443079327994015,-0.0001906352466423069,0.0444985680460438
2021-12-22,BTC,-0.0008911107435415,-0.0037806776033667065,0.0028895668598252064
2021-12-23,BTC,0.0356101987009811,0.0019334462316193998,0.0336767524693617
2021-12-24,BTC,0.0011585821349003,-0.0028210477244509347,0.003979629859351234
2021-12-25,BTC,0.0014778985833539,0.0013622874085761876,0.00011561117477771232
2021-12-26,BTC,-0.00337376197427,0.0014508730302561187,-0.004824635004526119
2021-12-27,BTC,0.0032808810334948,0.0019798113865577426,0.0013010696469370575
2021-12-28,BTC,-0.0694962024958733,0.0010194011240526493,-0.07051560361992594
2021-12-29,BTC,-0.0068810188065096,0.008748741600055987,-0.015629760406565586
2021-12-30,BTC,0.0014962849041532,0.0013080540134002552,0.00018823089075294488
2021-12-31,BTC,-0.0208311926711714,0.0005050422037556347,-0.021336234874927036
2022-01-01,BTC,0.0,0.0033439995685099703,-0.0033439995685099703
2022-01-02,BTC,0.0,0.0010691825339577854,-0.0010691825339577854
2022-01-03,BTC,-0.0073377543299262,0.0010033804268904445,-0.008341134756816644
2022-01-04,BTC,0.0047998888576867,0.0006091570338196893,0.004190731823867011
2022-01-05,BTC,-0.0577496363692908,0.000416861247296523,-0.05816649761658732
2022-01-06,BTC,-0.0112261149425133,0.00667806380016087,-0.017904178742674172
2022-01-07,BTC,-0.0291530506206192,0.0001984006905484089,-0.02935145131116761
2022-01-08,BTC,-0.0024909396362369,0.0036497115897235408,-0.006140651225960441
2022-01-09,BTC,0.0074505994397851,0.0010333353509320831,0.006417264088853018
2022-01-10,BTC,-0.0087119389688502,-1.0636445530840835e-05,-0.00870130252331936
2022-01-11,BTC,0.0226036191474711,0.0014998992000711585,0.02110371994739994
2022-01-12,BTC,0.0257059527126192,-0.0006080537580616525,0.026314006470680853
2022-01-13,BTC,-0.0223147216334491,-0.0019415709157905112,-0.020373150717658592
2022-01-14,BTC,0.0113948231306319,0.0018573073710821688,0.00953751575954973
2022-01-15,BTC,0.0001634188897177,-0.0009356928234774168,0.0010991117131951167
2022-01-16,BTC,-0.0053338810090456,0.0005313889103992051,-0.005865269919444804
2022-01-17,BTC,-0.0319203165053058,0.0012001531994021793,-0.03312046970470798
2022-01-18,BTC,0.0154359061551415,0.004336783096720109,0.011099123058421392
2022-01-19,BTC,-0.0157899174875604,-0.0023784394535817837,-0.013411478033978616
2022-01-20,BTC,-0.0098212321829606,0.003260967009459294,-0.013082199192419895
2022-01-21,BTC,-0.1188198260353961,0.0011625742919554108,-0.11998240032735152
2022-01-22,BTC,-0.036069214005282,0.012865936465228876,-0.04893515047051088
2022-01-23,BTC,-0.001270598265269,0.003039478605077463,-0.004310076870346463
2022-01-24,BTC,0.0409318714429361,-0.0008932820270617151,0.041825153469997815
2022-01-25,BTC,-0.006483963526929,-0.00388297460731152,-0.00260098891961748
2022-01-26,BTC,-0.0064939535540623,0.0010893233524519948,-0.007583276906514294
2022-01-27,BTC,-0.004200014458555,0.00024198255717239127,-0.004441997015727391
2022-01-28,BTC,0.0436268082264392,-0.001234481372923842,0.04486128959936304
2022-01-29,BTC,0.0150161031638222,-0.0034523916752302007,0.0184684948390524
2022-01-30,BTC,-0.0165961466959177,9.10100076182863e-05,-0.016687156703535988
2022-01-31,BTC,0.0181195082885852,0.0039427780450697345,0.014176730243515467
2022-02-01,BTC,0.0097531404096719,0.0002785982851918848,0.009474542124480014
2022-02-02,BTC,-0.0501440749775682,0.00010610133009571586,-0.050250176307663916
2022-02-03,BTC,0.0012473495780541,0.0078649227240458,-0.0066175731459917
2022-02-04,BTC,0.0949156911409115,-0.0010558544347711797,0.09597154557568269
2022-02-05,BTC,0.024925246464891,-0.010237872833040807,0.035163119297931804
2022-02-06,BTC,0.0002323848375335,-0.0016855178854339812,0.0019179027229674812
2022-02-07,BTC,0.0565153344284808,0.0013597278572810715,0.05515560657119973
2022-02-08,BTC,0.0028460845048666,-0.00587136685153678,0.00871745135640338
2022-02-09,BTC,0.0059104113741016,0.0008689166118567894,0.005041494762244811
2022-02-10,BTC,-0.016326076120825,0.001236123187326428,-0.01756219930815143
2022-02-11,BTC,-0.0278910129606845,0.0015935796210266972,-0.029484592581711197
2022-02-12,BTC,-0.0159603059144816,0.0027529505039470808,-0.018713256418428678
2022-02-13,BTC,0.0092761335428084,0.0015328773589828979,0.007743256183825502
2022-02-14,BTC,-0.0007819120145295,-0.0013697238856522802,0.0005878118711227803
2022-02-15,BTC,0.0402495833853346,0.0017756792234828475,0.03847390416185176
2022-02-16,BTC,0.0022462100053733,-0.003617185411084355,0.005863395416457655
2022-02-17,BTC,-0.0800387476072418,0.0011077156474857107,-0.08114646325472752
2022-02-18,BTC,-0.0174720160847491,0.01009682679715797,-0.02756884288190707
2022-02-19,BTC,-0.0012583567333529,0.001984125419601659,-0.0032424821529545593
2022-02-20,BTC,-0.0422152412744252,0.0003217230839344729,-0.04253696435835967
2022-02-21,BTC,-0.0322254031795982,0.005057395035153515,-0.03728279821475171
2022-02-22,BTC,0.0219467676322048,0.0036737915291421403,0.018272976103062662
2022-02-23,BTC,-0.0095083005623664,-0.0023050256431655617,-0.0072032749192008395
2022-02-24,BTC,0.0230106235837963,0.0008248024418647702,0.02218582114193153
2022-02-25,BTC,0.0151744224182289,-0.0010379752181256274,0.016212397636354528
2022-02-26,BTC,0.0120072134165406,-0.0013384461561142405,0.01334565957265484
2022-02-27,BTC,-0.0123974210438763,-0.0007463542262095817,-0.011651066817666719
2022-02-28,BTC,0.066136831059334,0.0020127934026953767,0.06412403765663863
2022-03-01,BTC,0.0524180235428388,-0.0070792523878415075,0.05949727593068031
2022-03-02,BTC,0.0045344464018058,-0.005152797431145929,0.009687243832951728
2022-03-03,BTC,-0.046366545615747,0.0004074158693778537,-0.04677396148512485
2022-03-04,BTC,-0.0662246169248151,0.006210586300744884,-0.07243520322555998
2022-03-05,BTC,-0.0006172601463716,0.008898006151018455,-0.009515266297390055
2022-03-06,BTC,-0.0093769582442595,0.0013406173727106721,-0.010717575616970171
2022-03-07,BTC,-0.030419874571259,0.002307714378074123,-0.03272758894933313
2022-03-08,BTC,0.0174645940630572,0.003457446562713996,0.014007147500343202
2022-03-09,BTC,0.0843441123658824,-0.00014714344712696726,0.08449125581300937
2022-03-10,BTC,-0.0630204700194895,-0.00976413379258743,-0.053256336226902075
2022-03-11,BTC,-0.0121431577748301,0.007944052725559444,-0.020087210500389543
2022-03-12,BTC,0.0062597772593119,0.00042314513204186777,0.005836632127270033
2022-03-13,BTC,-0.0038111053614369,-0.0014690242727491505,-0.002342081088687749
2022-03-14,BTC,-0.0059341502515488,-0.00035453817997124743,-0.005579612071577552
2022-03-15,BTC,0.0185989070644737,0.00016673401011725724,0.018432173054356443
2022-03-16,BTC,0.0449772855620747,-0.0014989780025832743,0.04647626356465797
2022-03-17,BTC,-0.01317638892735,-0.00434906823856831,-0.00882732068878169
2022-03-18,BTC,0.0251474835277611,0.004602436850808053,0.020545046676953047
2022-03-19,BTC,0.0108841148076205,-0.002568132681283303,0.013452247488903803
2022-03-20,BTC,-0.0279303868984861,-0.0005805042431619232,-0.027349882655324176
2022-03-21,BTC,0.0023983029241863,0.004035878290680778,-0.0016375753664944776
2022-03-22,BTC,0.0347392567148299,0.00046450541888294654,0.034274751295946954
2022-03-23,BTC,-0.0052916065558876,-0.003146031765744315,-0.002145574790143285
2022-03-24,BTC,0.0353002410592323,0.0009564666682468704,0.03434377439098543
2022-03-25,BTC,0.0151316704390118,-0.0018404701988623936,0.016972140637874195
2022-03-26,BTC,0.0006060903574119,-0.0011387464736341798,0.0017448368310460797
2022-03-27,BTC,0.007660831817949,0.0008955284665749723,0.006765303351374027
2022-03-28,BTC,0.0651520542480003,-0.00020578051047900097,0.0653578347584793
2022-03-29,BTC,-0.0105987140071045,-0.007602458461753663,-0.0029962555453508363
2022-03-30,BTC,-0.0035980116015225,0.0015278310248999921,-0.005125842626422492
2022-03-31,BTC,-0.032798016085671,0.0014893682502524477,-0.034287384335923446
2022-04-01,BTC,0.0086605018938496,0.003836856900546422,0.004823644993303178
2022-04-02,BTC,0.0006649692980942,-0.0016795526146554185,0.0023445219127496185
2022-04-03,BTC,0.0085657570096499,-0.0005913922672377052,0.009157149276887605
2022-04-04,BTC,-0.0059863955079796,-0.001459963328334417,-0.004526432179645183
2022-04-05,BTC,-0.0092191839632886,0.0020552917765044258,-0.011274475739793026
2022-04-06,BTC,-0.0447381910713068,0.0007158448577620323,-0.04545403592906883
2022-04-07,BTC,-0.007100568776418,0.00498211186120404,-0.01208268063762204
2022-04-08,BTC,-0.0176879425610839,0.0023601158888251726,-0.020048058449909072
2022-04-09,BTC,-0.0087422870142321,0.0028433963495807504,-0.01158568336381285
2022-04-10,BTC,0.0160077229003593,0.0020472466872860987,0.013960476213073201
2022-04-11,BTC,-0.0792113826130451,-0.0009527795680757001,-0.0782586030449694
2022-04-12,BTC,-0.0077533730220785,0.009118700359099702,-0.0168720733811782
2022-04-13,BTC,0.0425212623733497,0.002130294050965704,0.040390968322384
2022-04-14,BTC,-0.0328666182952596,-0.003492133970440568,-0.029374484324819032
2022-04-15,BTC,0.0121598598553616,0.0034103633253056214,0.008749496530055977
2022-04-16,BTC,-0.0015526059113027,-0.001804019916728429,0.00025141400542572903
2022-04-17,BTC,-0.001383348162007,-3.7463534081958675e-05,-0.0013458846279250413
2022-04-18,BTC,0.0096085774637206,-0.00012204371531343827,0.009730621179034038
2022-04-19,BTC,0.0152706571990988,-0.0003365690065122606,0.015607226205611061
2022-04-20,BTC,0.0031578324683069,-0.0011681621622898351,0.004325994630596735
2022-04-21,BTC,-0.0188696693457205,-6.254585210306728e-05,-0.018807123493617434
2022-04-22,BTC,-0.0265616098262653,0.0015404558210522,-0.0281020656473175
2022-04-23,BTC,0.0055389390318335,0.001459988590095161,0.004078950441738339
2022-04-24,BTC,-0.0036695912833239,-0.002085203068191199,-0.001584388215132701
2022-04-25,BTC,0.0130178605410775,-0.0010420931291283944,0.014059953670205894
2022-04-26,BTC,-0.0526788774858655,-0.002599436611056964,-0.050079440874808534
2022-04-27,BTC,0.0255367618031925,0.005394824631607494,0.020141937171585005
2022-04-28,BTC,0.0196083720837567,-0.0032694043236686566,0.022877776407425356
2022-04-29,BTC,-0.0336795077747833,-0.00024966573944177744,-0.03342984203534152
2022-04-30,BTC,-0.0060172160576151,0.0032084294288625623,-0.009225645486477661
2022-05-01,BTC,-0.010222401097252,4.135138388799393e-05,-0.010263752481139995
2022-05-02,BTC,0.0099259769204375,0.0004801551533978344,0.009445821767039666
2022-05-03,BTC,-0.0142695544176393,-0.002422109628098715,-0.011847444789540584
2022-05-04,BTC,0.052457973503341,0.0026923902008073376,0.04976558330253366
2022-05-05,BTC,-0.0880316319458134,-0.003989551183906555,-0.08404208076190685
2022-05-06,BTC,-0.0103375148467028,0.008913619105290019,-0.01925113395199282
2022-05-07,BTC,-0.008177932249238,0.0015576951354860159,-0.009735627384724017
2022-05-08,BTC,-0.044726679693298,0.0015248984473277285,-0.04625157814062573
2022-05-09,BTC,-0.1002865499732628,0.005672510123264479,-0.10595906009652728
2022-05-10,BTC,0.0014249143838826,0.009036059679862969,-0.007611145295980368
2022-05-11,BTC,-0.0865548297877443,-0.0008392590206902214,-0.08571557076705408
2022-05-12,BTC,0.0039984579014391,0.009640955432337053,-0.005642497530897953
2022-05-13,BTC,0.0415861779135118,-0.0020621209003658155,0.04364829881387762
2022-05-14,BTC,-0.0138140191551315,-0.003710954206315166,-0.010103064948816333
2022-05-15,BTC,0.0542409901438015,0.003102458388375708,0.05113853175542579
2022-05-16,BTC,-0.0354859113272006,-0.004960812437211981,-0.03052509888998862
2022-05-17,BTC,0.0056454575887365,0.004593816265258334,0.001051641323478166
2022-05-18,BTC,-0.0293798973249103,0.0016845328492452133,-0.031064430174155513
2022-05-19,BTC,0.0335260318989073,0.0011444006621376072,0.032381631236769695
2022-05-20,BTC,-0.0369494031457224,-0.0028277910354025,-0.0341216121103199
2022-05-21,BTC,0.0099968658752662,0.0047907594691639,0.0052061064061023005
2022-05-22,BTC,0.0173070766678518,-0.0005117635799314603,0.017818840247783258
2022-05-23,BTC,-0.0202428021413224,-0.0014986739007040856,-0.018744128240618312
2022-05-24,BTC,0.0044383247084452,0.004733852284492206,-0.0002955275760470064
2022-05-25,BTC,0.0111089085230299,0.00020621624816223415,0.010902692274867665
2022-05-26,BTC,-0.0111824561256447,-0.001035752791791237,-0.010146703333853462
2022-05-27,BTC,-0.0239561492724792,0.0031864193094638315,-0.02714256858194303
2022-05-28,BTC,0.0089273363284124,0.005066047292618752,0.003861289035793649
2022-05-29,BTC,0.0056440242236431,0.0011600639580554128,0.004483960265587687
2022-05-30,BTC,0.0688468880127759,0.00189715743183651,0.06694973058093939
2022-05-31,BTC,0.0178065085874949,-0.005857897048950026,0.023664405636444924
2022-06-01,BTC,-0.071147036433701,-0.0023837877712887595,-0.06876324866241225
2022-06-02,BTC,0.0202356007358813,0.008246445413746185,0.011989155322135115
2022-06-03,BTC,-0.0195016480692901,0.00045746662442129577,-0.019959114693711397
2022-06-04,BTC,0.0027689429287963,0.0008287019513626677,0.001940240977433632
2022-06-05,BTC,0.0086513101094264,-0.0015931863856234409,0.010244496495049842
2022-06-06,BTC,0.0476826640862692,-0.0023150663471445667,0.04999773043341377
2022-06-07,BTC,-0.0036482000611266,-0.005177355677536938,0.0015291556164103376
2022-06-08,BTC,-0.0370676212487823,0.0016956130456819627,-0.038763234294464266
2022-06-09,BTC,-0.0009279474387144,0.004360518765118485,-0.005288466203832885
2022-06-10,BTC,-0.0326987851251014,-0.001013220308066413,-0.03168556481703499
2022-06-11,BTC,-0.0283137791898021,0.003357079177709846,-0.03167085836751195
2022-06-12,BTC,-0.0167237408923858,0.002881258998149803,-0.019604999890535605
2022-06-13,BTC,-0.1843789031133295,0.0013833379036972129,-0.1857622410170267
2022-06-14,BTC,-0.0550228117881107,0.018076711832009394,-0.0730995236201201
2022-06-15,BTC,-0.0147539584607765,0.005613250437586067,-0.020367208898362566
2022-06-16,BTC,-0.0457153183449115,0.0028788230706795217,-0.04859414141559102
2022-06-17,BTC,-0.0020277132505329,0.005430888042174872,-0.007458601292707772
2022-06-18,BTC,-0.1485606352542539,0.00012695726898349693,-0.14868759252323738
2022-06-19,BTC,0.1475932639555627,0.017375813965699843,0.13021744998986284
2022-06-20,BTC,-0.0093679897161622,-0.017849367581420604,0.008481377865258405
2022-06-21,BTC,0.0201101059259753,0.0013015632014649271,0.018808542724510373
2022-06-22,BTC,-0.047959057900862,-0.00011040567210935066,-0.047848652228752654
2022-06-23,BTC,0.0462511413991159,0.005916199581007008,0.04033494181810889
2022-06-24,BTC,0.018126788668555,-0.004747284914364848,0.02287407358291985
2022-06-25,BTC,0.0005666352978009,0.0005940205466085792,-2.73852488076791e-05
2022-06-26,BTC,0.0086944404873448,0.0028448712833394575,0.005849569204005342
2022-06-27,BTC,-0.0226079579725671,0.0018854206465417278,-0.02449337861910883
2022-06-28,BTC,-0.0313492498829643,0.003062788989975709,-0.03441203887294001
2022-06-29,BTC,-0.0028042763787749,0.0028275328002037234,-0.005631809178978623
2022-06-30,BTC,-0.0752321590322272,0.0004948544767975044,-0.07572701350902471
2022-07-01,BTC,0.035293539559028,0.008491574607667203,0.0268019649513608
2022-07-02,BTC,-0.0088174947147554,-0.0035638655420706855,-0.005253629172684714
2022-07-03,BTC,-0.0013592605802073,0.001967825462685749,-0.003327086042893049
2022-07-04,BTC,0.0280570012050291,0.001129324884391279,0.02692767632063782
2022-07-05,BTC,0.0340649804324418,-0.002192827715019575,0.03625780814746137
2022-07-06,BTC,-0.0030810248506869,-0.005378818921325546,0.0022977940706386457
2022-07-07,BTC,0.0588203600304972,-1.1837815500903441e-05,0.0588321978459981
2022-07-08,BTC,0.0102736235571644,-0.005175536081676151,0.01544915963884055
2022-07-09,BTC,-0.0076297200761398,-0.0008921825962344158,-0.006737537479905384
2022-07-10,BTC,-0.0327054196635402,0.0015095033666015871,-0.034214923030141786
2022-07-11,BTC,-0.0272334356551336,0.004516304276989486,-0.031749739932123086
2022-07-12,BTC,-0.0490206893640034,0.002360558810343574,-0.05138124817434698
2022-07-13,BTC,0.011518431598486,0.005516349532931075,0.006002082065554924
2022-07-14,BTC,0.0498976182442665,-0.0008014491663002749,0.050699067410566775
2022-07-15,BTC,0.0126644108264618,-0.007117247036418697,0.019781657862880497
2022-07-16,BTC,0.0131546648226308,0.00022933811890271975,0.01292532670372808
2022-07-17,BTC,-0.0131472585168782,0.00020359826094081465,-0.013350856777819015
2022-07-18,BTC,0.0263394121060928,0.003369728223707561,0.02296968388238524
2022-07-19,BTC,0.0808134403140167,-0.0027848677967825326,0.08359830811079924
2022-07-20,BTC,-0.0014926185398364,-0.0072413535142992575,0.005748734974462858
2022-07-21,BTC,-0.0056970691646656,0.00035597567503857047,-0.00605304483970417
2022-07-22,BTC,-0.0228214160985842,0.0022605008366776013,-0.0250819169352618
2022-07-23,BTC,-0.0122656417955162,0.0030625011233924027,-0.015328142918908603
2022-07-24,BTC,0.0189339041565206,0.0019413951760846539,0.016992508980435948
2022-07-25,BTC,-0.0261726795953437,-0.0017690665857067608,-0.024403613009636938
2022-07-26,BTC,-0.0549407846047325,0.003405620423649242,-0.05834640502838174
2022-07-27,BTC,0.0823551252781424,0.006171722513768592,0.07618340276437381
2022-07-28,BTC,0.0535995013436736,-0.007424506629723379,0.06102400797339698
2022-07-29,BTC,-0.0036723936443711,-0.003917210501164229,0.0002448168567931292
2022-07-30,BTC,0.0008342177470648,0.0024403001677425745,-0.0016060824206777743
2022-07-31,BTC,-0.0103522563898918,0.0020273730326322353,-0.012379629422524036
2022-08-01,BTC,-0.0253324249511978,0.003452571353608278,-0.028784996304806076
2022-08-02,BTC,-0.0048456767976222,0.0038173170899229347,-0.008662993887545135
2022-08-03,BTC,0.0134621877657205,0.0008606138603568398,0.01260157390536366
2022-08-04,BTC,-0.0356778934473267,-0.0007358897056382834,-0.03494200374168842
2022-08-05,BTC,0.0198286667051284,0.006232359804967523,0.013596306900160875
2022-08-06,BTC,0.0,-0.002655914660875591,0.002655914660875591
2022-08-07,BTC,0.0089142370634124,1.1782737812304725e-05,0.008902454325600096
2022-08-08,BTC,0.0382411053767915,-0.0010482256893545956,0.03928933106614609
2022-08-09,BTC,-0.0393020394436371,-0.0035116703478210937,-0.03579036909581601
2022-08-10,BTC,0.0323207445467036,0.00543519567945161,0.026885548867251988
2022-08-11,BTC,0.012867517101746,-0.0017515485729611353,0.014619065674707136
2022-08-12,BTC,0.0012793002735188,-0.0012586776338148076,0.002537977907333608
2022-08-13,BTC,-0.0004537579485495,0.0018325375837095238,-0.002286295532259024
2022-08-14,BTC,0.0036448667350576,0.002126643301600293,0.001518223433457307
2022-08-15,BTC,-0.0104692054247437,0.0016377649671081881,-0.01210697039185189
2022-08-16,BTC,-0.0035605098398064,0.000995203210228657,-0.004555713050035057
2022-08-17,BTC,-0.0243543490047847,0.0007812521127516595,-0.02513560111753636
2022-08-18,BTC,0.0003493772109194,0.0024043654247814412,-0.002054988213862041
2022-08-19,BTC,-0.0943002992434991,0.0003106499304595752,-0.09461094917395868
2022-08-20,BTC,-0.0233036104765178,0.01041024809932005,-0.03371385857583785
2022-08-21,BTC,2.401623497595127e-05,0.0021411618018059827,-0.0021171455668300312
2022-08-22,BTC,0.0145434567954651,-0.0005494064031357774,0.015092863198600877
2022-08-23,BTC,0.0166405797981408,-0.0032548134907948467,0.019895393288935647
2022-08-24,BTC,0.0100254809950662,-0.0009374156325531103,0.01096289662761931
2022-08-25,BTC,-0.002281888113109,-0.0004931578359199839,-0.0017887302771890162
2022-08-26,BTC,-0.0471265709653355,0.00207747720794851,-0.049204048173284005
2022-08-27,BTC,-0.0325410019125901,0.0027928201978254675,-0.035333822110415566
2022-08-28,BTC,-0.000112321675387,0.001227984921448262,-0.001340306596835262
2022-08-29,BTC,0.0095509070177792,-0.002530320828015086,0.012081227845794287
2022-08-30,BTC,-0.01005713649117,-0.0009674584354670138,-0.009089678055702986
2022-08-31,BTC,0.0113181166814314,0.00024380189406365515,0.011074314787367746
2022-09-01,BTC,-0.0064055435610391,-0.0018824498676896836,-0.004523093693349417
2022-09-02,BTC,-0.0048938007695615,0.0006613662029669205,-0.00555516697252842
2022-09-03,BTC,-0.0117006776053255,0.0009085820532753233,-0.012609259658600823
2022-09-04,BTC,0.0078165649874125,0.0018277180029133099,0.00598884698449919
2022-09-05,BTC,-0.0080698385495395,-0.0005338088171851133,-0.007536029732354387
2022-09-06,BTC,-0.0389735174054103,0.0012535001063153054,-0.04022701751172561
2022-09-07,BTC,0.0209798816016302,0.004414123676967982,0.016565757924662215
2022-09-08,BTC,-0.000412732812958,-0.0002621583804142351,-0.00015057443254376486
2022-09-09,BTC,0.0944888977604284,0.0006356862194090174,0.09385321154101939
2022-09-10,BTC,0.0063228701379036,-0.00940541544164668,0.01572828557955028
2022-09-11,BTC,0.0073968218962669,0.0012471933301142486,0.0061496285661526515
2022-09-12,BTC,0.0368830980871875,0.0011538707521738377,0.035729227335013665
2022-09-13,BTC,-0.101843205741871,-0.0025673255942400344,-0.09927588014763097
2022-09-14,BTC,-0.0144098657043516,0.008214478550781177,-0.022624344255132777
2022-09-15,BTC,-0.0049253755901763,0.00189431532257142,-0.00681969091274772
2022-09-16,BTC,-0.0048484943466215,-0.0012227791117423558,-0.0036257152348791438
2022-09-17,BTC,0.0164197407437364,0.0008780679435765949,0.015541672800159806
2022-09-18,BTC,-0.0224626688700028,-0.001561605209810399,-0.0209010636601924
2022-09-19,BTC,-0.0053816942057484,0.0029595214836849776,-0.008341215689433377
2022-09-20,BTC,-0.0287934490950808,0.0012533831994291087,-0.03004683229450991
2022-09-21,BTC,-0.0026849904145972,0.0028525376441787815,-0.005537528058775981
2022-09-22,BTC,0.0170972906836159,-0.0004753131729816372,0.01757260385659754
2022-09-23,BTC,-0.0209625925415199,-0.0019404747140854596,-0.019022117827434442
2022-09-24,BTC,0.0159301589244108,0.00027017242908966566,0.015659986495321136
2022-09-25,BTC,-0.0130430073830856,-0.003925550005939691,-0.009117457377145909
2022-09-26,BTC,0.0110932878753982,-0.0004129404291559647,0.011506228304554165
2022-09-27,BTC,-0.0023603714904418,-0.0025479062045886936,0.00018753471414689358
2022-09-28,BTC,0.0258593879907255,0.000615460275513941,0.02524392771521156
2022-09-29,BTC,-0.00344753792838,-6.844216812310278e-05,-0.0033790957602568973
2022-09-30,BTC,-0.0039574100781976,-0.0005902546094143968,-0.0033671554687832034
2022-10-01,BTC,-0.0089978888172232,-4.58980295308629e-06,-0.008993299014270113
2022-10-02,BTC,-0.0007425747417368,0.0010340234462030743,-0.0017765981879398743
2022-10-03,BTC,0.0185815743859891,-3.509360171793882e-06,0.018585083746160892
2022-10-04,BTC,0.0375314737930256,0.0013056859650876643,0.036225787827937936
2022-10-05,BTC,-0.0176950792544445,-0.0004041363095147814,-0.017290942944929718
2022-10-06,BTC,0.0027540657711351,0.0019244574666920048,0.0008296083044430954
2022-10-07,BTC,-0.0249404575596858,-0.000584784761983487,-0.024355672797702312
2022-10-08,BTC,-0.0046837388541856,0.0010004462854544406,-0.0056841851396400404
2022-10-09,BTC,0.001207894599893,-0.0011201198595532486,0.0023280144594462486
2022-10-10,BTC,-0.0125847203389174,-0.0018349621360695153,-0.010749758202847884
2022-10-11,BTC,-0.0115003881203162,6.992081448208831e-05,-0.011570308934798289
2022-10-12,BTC,0.0080174586552741,0.0021189977081094847,0.005898460947164615
2022-10-13,BTC,0.0113843233804958,-0.001021883156087547,0.012406206536583347
2022-10-14,BTC,-0.0112594166203613,0.0009109716800190378,-0.012170388300380338
2022-10-15,BTC,-0.00412835034498,-0.001464649834008804,-0.0026637005109711957
2022-10-16,BTC,0.0121790872267456,-0.001871844373737185,0.014050931600482784
2022-10-17,BTC,0.0101651736762403,-0.0038702829598959033,0.014035456636136203
2022-10-18,BTC,-0.0079780222171724,0.0021741796160141863,-0.010152201833186585
2022-10-19,BTC,-0.0091433401235625,0.0017907646062611817,-0.010934104729823682
2022-10-20,BTC,-0.0086127656565021,0.00026597938698090854,-0.00887874504348301
2022-10-21,BTC,0.0077267952003836,0.0013249573603067036,0.006401837840076897
2022-10-22,BTC,0.002025112495143,0.0023154199518468947,-0.0002903074567038948
2022-10-23,BTC,0.0145573527307532,0.0033544007625188063,0.011202951968234395
2022-10-24,BTC,-0.0060022768078256,0.0016972176267315649,-0.007699494434557165
2022-10-25,BTC,0.0405980676783853,0.0020362176914586736,0.038561849986926626
2022-10-26,BTC,0.027622853064975,-0.003309721267026335,0.030932574332001334
2022-10-27,BTC,-0.01718174072025,-0.0030403081528778187,-0.014141432567372181
2022-10-28,BTC,0.0114606578902926,0.0014507989979731682,0.01000985889231943
2022-10-29,BTC,0.0094002145328041,-0.000403738278226323,0.009803952811030423
2022-10-30,BTC,-0.0080017780109403,-0.00011399218377909886,-0.007887785827161202
2022-10-31,BTC,-0.0119464536627986,0.0020883854645322927,-0.014034839127330893
2022-11-01,BTC,0.0032029563015248,0.0009775250766411755,0.0022254312248836247
2022-11-02,BTC,-0.015139938768447,0.00010414285647803713,-0.015244081624925038
2022-11-03,BTC,0.0032272758938861,0.0003035237152220533,0.0029237521786640466
2022-11-04,BTC,0.0432424733873387,-0.002003372949946727,0.04524584633728543
2022-11-05,BTC,0.010406053410797,-0.0015142999781764133,0.011920353388973414
2022-11-06,BTC,-0.0071942020983318,0.002670920115169535,-0.009865122213501335
2022-11-07,BTC,-0.0254207402346604,0.004808450677337075,-0.030229190911997474
2022-11-08,BTC,-0.0998869716618257,0.0043254148048869024,-0.1042123864667126
2022-11-09,BTC,-0.1736863072264869,0.013877887657323873,-0.18756419488381076
2022-11-10,BTC,0.1247618143545182,0.018845934771163187,0.10591587958335502
2022-11-11,BTC,-0.0610703414240702,-0.009309129316254458,-0.05176121210781574
2022-11-12,BTC,0.0019560733471548,0.00877280036222302,-0.006816727015068219
2022-11-13,BTC,-0.0253523075266246,0.0015808759633923711,-0.02693318349001697
2022-11-14,BTC,0.0011197491564505,0.004882357741780671,-0.0037626085853301712
2022-11-15,BTC,0.0300799977696493,-7.214938224486075e-05,0.03015214715189416
2022-11-16,BTC,-0.0214426823322843,-0.0025213802342564564,-0.018921302098027844
2022-11-17,BTC,0.009098830684421,0.00221171125937649,0.00688711942504451
2022-11-18,BTC,-0.0027848674746367,-0.0012649484445967861,-0.001519919030039914
2022-11-19,BTC,0.0015641784766467,0.0007978557680309412,0.0007663227086157588
2022-11-20,BTC,-0.0250544566965422,0.0005413431469949685,-0.02559579984353717
2022-11-21,BTC,-0.0390004093916574,0.003571870709425243,-0.042572280101082646
2022-11-22,BTC,0.0320061322198471,0.003889984487982386,0.028116147731864712
2022-11-23,BTC,0.0205190453097939,-0.0023547437670260805,0.02287378907681998
2022-11-24,BTC,0.0047398836383597,-0.0011588651033207552,0.0058987487416804546
2022-11-25,BTC,-0.002717309525187,0.0007432184692014618,-0.003460527994388462
2022-11-26,BTC,0.0003377583751124,0.0013868571203289382,-0.0010490987452165383
2022-11-27,BTC,0.0041902145109899,0.0010415162905123025,0.0031486982204775972
2022-11-28,BTC,-0.0232807424464879,0.0005169142534128444,-0.023797656699900742
2022-11-29,BTC,0.0166041989552135,0.0016321438493153589,0.01497205510589814
2022-11-30,BTC,0.0375343477223156,-0.0010516155294986473,0.038585963251814244
2022-12-01,BTC,-0.0099351240894332,-0.0018937598423943924,-0.008041364247038808
2022-12-02,BTC,0.0054821837175708,0.004239992879250277,0.001242190838320523
2022-12-03,BTC,-0.0043032115536996,-0.0002779662141528584,-0.004025245339546742
2022-12-04,BTC,0.0096900614568371,0.000984332946595683,0.008705728510241416
2022-12-05,BTC,-0.0084573768539614,-0.000703067423628202,-0.007754309430333199
2022-12-06,BTC,0.0016192547607532,-0.0007730963794464196,0.0023923511401996193
2022-12-07,BTC,-0.0094678820728763,-0.0004710251668437126,-0.008996856906032588
2022-12-08,BTC,0.0204971098632363,0.0024798332863170233,0.01801727657691928
2022-12-09,BTC,-0.0045294923325307,-0.0009382769161219307,-0.0035912154164087686
2022-12-10,BTC,0.0013493575951867,0.0012991415154362444,5.021607975045565e-05
2022-12-11,BTC,-0.001069406067637,0.0008388829169700847,-0.0019082889846070846
2022-12-12,BTC,0.003408064688133,0.0010731795907356857,0.0023348850973973143
2022-12-13,BTC,0.0337700513373471,0.0007304569669693864,0.03303959437037771
2022-12-14,BTC,0.0040353285300085,-0.0015440937255214108,0.005579422255529911
2022-12-15,BTC,-0.024753598608119,-0.0006875887243731208,-0.02406600988374588
2022-12-16,BTC,-0.0327124635106214,0.00042595933827668797,-0.03313842284889809
2022-12-17,BTC,-0.0094960674497821,0.004306267629269241,-0.01380233507905134
2022-12-18,BTC,0.0021640486021318,0.001798043489521521,0.00036600511261027915
2022-12-19,BTC,-0.0073566403655369,0.0005514568511809904,-0.00790809721671789
2022-12-20,BTC,0.0181838394867826,0.0010284614077432925,0.01715537807903931
2022-12-21,BTC,-0.006178947333745,4.047280487243514e-05,-0.006219420138617435
2022-12-22,BTC,5.210834069605938e-05,0.002502739727647302,-0.0024506313869512427
2022-12-23,BTC,0.0012468124582419,-0.0013993731320164156,0.002646185590258316
2022-12-24,BTC,0.0010804040007895,0.001564192417393642,-0.000483788416604142
2022-12-25,BTC,-0.0005348547105575,0.0018161541043282459,-0.0023510088148857456
2022-12-26,BTC,0.0006016914395928,0.0019169795333851397,-0.0013152880937923397
2022-12-27,BTC,-0.0086365597018379,0.001771419804558751,-0.010407979506396652
2022-12-28,BTC,-0.0102619828961874,0.00262554049911764,-0.01288752339530504
2022-12-29,BTC,0.0045906274934456,0.0009018755206395508,0.0036887519728060494
2022-12-30,BTC,-0.0010325635246763,0.0021006850649126605,-0.0031332485895889605
2022-12-31,BTC,-0.002204054460503,0.000944101187995477,-0.003148155648498477
2023-01-01,BTC,0.0037490367711626,0.0012624716150277603,0.0024865651561348395
2023-01-02,BTC,0.0099151412360177,0.0006527243150305634,0.009262416920987138
2023-01-03,BTC,-0.0064880015097703,-0.00022035894909365822,-0.006267642560676642
2023-01-04,BTC,0.0094619672286615,0.0020440591055818635,0.007417908123079636
2023-01-05,BTC,0.0019905995180767,0.0005969320234526435,0.0013936674946240565
2023-01-06,BTC,0.0048925023477927,-0.0010264047818312003,0.0059189071296239
2023-01-07,BTC,0.0004814729682183,0.003114645529699261,-0.002633172561480961
2023-01-08,BTC,0.0007637998779118,0.00396086414391626,-0.0031970642660044597
2023-01-09,BTC,0.0131758596555025,0.0038062533792055852,0.009369606276296915
2023-01-10,BTC,0.0170636314912679,-0.0002724410209036168,0.017336072512171518
2023-01-11,BTC,0.0051181633183403,-0.0007962259812301538,0.0059143892995704534
2023-01-12,BTC,0.0696124786386686,0.0011643439828087224,0.06844813465585987
2023-01-13,BTC,0.0508019656654789,-0.0068629029451137856,0.05766486861059268
2023-01-14,BTC,0.0535557174045764,-0.0042425163734885005,0.0577982337780649
2023-01-15,BTC,0.0001435132034611,-0.004718286792477486,0.004861799995938586
2023-01-16,BTC,0.0109240661157926,0.002010711987916168,0.008913354127876433
2023-01-17,BTC,0.0088206424806384,0.0006670027859900783,0.008153639694648322
2023-01-18,BTC,-0.0258622561936282,-0.0010307686967396797,-0.02483148749688852
2023-01-19,BTC,0.0078834649050828,0.002250108842774368,0.005633356062308432
2023-01-20,BTC,0.0637273391424708,4.8786274468702835e-05,0.0636785528680021
2023-01-21,BTC,0.0388406866847333,-0.0054708643244676764,0.04431155100920097
2023-01-22,BTC,-0.0299646248422945,-0.0025643663415632783,-0.02740025850073122
2023-01-23,BTC,0.0211343542849607,0.005778833607166384,0.015355520677794315
2023-01-24,BTC,-0.0042535062917915,-0.0010418434189888195,-0.00321166287280268
2023-01-25,BTC,0.0299577800985333,0.0012421596853932368,0.02871562041314006
2023-01-26,BTC,-0.0222321234466292,-0.0027281349256400352,-0.01950398852098916
2023-01-27,BTC,0.0004331723443877,0.0034939741226827537,-0.0030608017782950536
2023-01-28,BTC,-0.0036962186797031,0.0007142218852914234,-0.004410440564994523
2023-01-29,BTC,0.0337714283220362,0.001486036436012951,0.03228539188602325
2023-01-30,BTC,-0.0451071814078736,-0.0033007013031444966,-0.0418064801047291
2023-01-31,BTC,0.0090157729168108,0.0048637647089166255,0.004152008207894174
2023-02-01,BTC,0.0313735244688523,0.000851749942209652,0.030521774526642644
2023-02-02,BTC,-0.0096522774436749,-0.002588165058004376,-0.007064112385670524
2023-02-03,BTC,-0.0030452186054788,0.0021769195114279185,-0.005222138116906718
2023-02-04,BTC,0.0015549374737963,-0.0021569140118447737,0.0037118514856410737
2023-02-05,BTC,-0.0223026467670293,-0.002424101595014725,-0.019878545172014574
2023-02-06,BTC,0.0004801396862209,0.00030599352070187974,0.00017414616551902028
2023-02-07,BTC,0.0122309767534471,0.0003500901064011129,0.011880886647045986
2023-02-08,BTC,-0.0103305777256266,0.0002889121057240498,-0.010619489831350649
2023-02-09,BTC,-0.0491240746067781,0.0013152238934413224,-0.05043929850021942
2023-02-10,BTC,-0.0147246165175745,0.005408817586462418,-0.020133434104036917
2023-02-11,BTC,0.0133283039287673,0.002330326402293268,0.010997977526474034
2023-02-12,BTC,-0.0039936705287315,-0.0007564618844121194,-0.0032372086443193805
2023-02-13,BTC,-0.0050955230549247,0.0012650951421626303,-0.00636061819708733
2023-02-14,BTC,0.0284454964394883,0.0016137791924677406,0.02683171724702056
2023-02-15,BTC,0.0829565552662216,-0.0027729696031640267,0.08572952486938563
2023-02-16,BTC,0.014798031836726,-0.010212187949634952,0.025010219786360952
2023-02-17,BTC,-0.0021416560121062,-0.0018022465704552349,-0.0003394094416509653
2023-02-18,BTC,0.0054572617060909,0.00028092396173910603,0.005176337744351794
2023-02-19,BTC,-0.0032184221523994,-0.00024325183180073272,-0.002975170320598667
2023-02-20,BTC,0.0089802770216935,0.0006559853927751237,0.008324291628918375
2023-02-21,BTC,-0.0228639910859691,-0.0007496753999018958,-0.022114315686067205
2023-02-22,BTC,-0.0166012623434153,0.0016941732585534026,-0.018295435601968703
2023-02-23,BTC,0.0031665172778657,0.0021833740335484224,0.0009831432443172775
2023-02-24,BTC,-0.0325743679004299,-0.0002513831997802397,-0.032322984700649655
2023-02-25,BTC,-0.0075342733672327,0.003309275244729598,-0.010843548611962298
2023-02-26,BTC,0.0266819427813667,0.0005847377331371986,0.026097205048229502
2023-02-27,BTC,-0.0075028773839099,-0.003512282105977033,-0.003990595277932867
2023-02-28,BTC,-0.0101588072920765,0.0021518289017426234,-0.012310636193819124
2023-03-01,BTC,0.0175821059128636,0.002164313388967429,0.015417792523896173
2023-03-02,BTC,-0.0062632531529887,-0.0012488626515177496,-0.00501439050147095
2023-03-03,BTC,-0.0512188462478385,0.0017199427141666593,-0.05293878896200516
2023-03-04,BTC,-0.0015708345894177,0.008330961400494902,-0.009901795989912603
2023-03-05,BTC,0.012413411999834,0.0028451251879912944,0.009568286811842705
2023-03-06,BTC,-0.0033185255234446,0.0010873602263492177,-0.004405885749793817
2023-03-07,BTC,-0.0160602355532112,0.0013133955552613592,-0.01737363110847256
2023-03-08,BTC,-0.0024309263786345,-0.0001895692586384113,-0.002241357119996089
2023-03-09,BTC,-0.0839672047810062,0.0009710146031895942,-0.08493821938419578
2023-03-10,BTC,-0.0065401645916323,0.010211487841188796,-0.016751652432821097
2023-03-11,BTC,0.0199021347344428,0.0015562915857313894,0.018345843148711412
2023-03-12,BTC,0.0473444289519804,-0.0014578401732289893,0.04880226912520939
2023-03-13,BTC,0.119992890023821,-0.004714573620691054,0.12470746364451206
2023-03-14,BTC,0.0163331958705191,-0.011913218942703984,0.028246414813223084
2023-03-15,BTC,-0.0095688421416218,-0.0009072990463885986,-0.008661543095233202
2023-03-16,BTC,0.0142936929195867,0.001623225122880621,0.012670467796706079
2023-03-17,BTC,0.080435119686541,-0.0004600295803401847,0.08089514926688118
2023-03-18,BTC,0.0214820139097278,-0.007926835716767252,0.02940884962649505
2023-03-19,BTC,0.0205120581793106,-0.000717470494792346,0.021229528674102948
2023-03-20,BTC,0.0037105793965355,-0.0006303516840686181,0.004340931080604118
2023-03-21,BTC,0.0026851382263055,0.0009650736394978376,0.0017200645868076625
2023-03-22,BTC,-0.0274734640865047,-0.0007036042537830199,-0.02676985983272168
2023-03-23,BTC,0.0337932436597478,0.0030391347204834006,0.030754108939264398
2023-03-24,BTC,-0.0255404519639118,-0.0014379053570093966,-0.024102546606902402
2023-03-25,BTC,-0.0085852372025268,0.0033821683964033278,-0.011967405598930128
2023-03-26,BTC,0.0153689606933266,0.0017002688986719836,0.013668691794654617
2023-03-27,BTC,-0.0277481615816516,-0.0011746925504394397,-0.02657346903121216
2023-03-28,BTC,0.0097136367275965,0.003162873694273698,0.006550763033322802
2023-03-29,BTC,0.0388713922830189,0.0003885881428234017,0.038482804140195497
2023-03-30,BTC,-0.0085597579795878,-0.0032544827796971917,-0.0053052751998906075
2023-03-31,BTC,0.0085069266611699,0.002739099751037872,0.005767826910132027
2023-04-01,BTC,0.0024976267952646,0.0001206881428648935,0.0023769386523997066
2023-04-02,BTC,-0.0136901214849346,0.0011230915698051526,-0.014813213054739753
2023-04-03,BTC,-0.0174031468636835,0.002990968857814972,-0.020394115721498473
2023-04-04,BTC,0.0241301270860143,0.0036876968869242258,0.020442430199090075
2023-04-05,BTC,-0.0037350756874449,-0.0008709089011676439,-0.0028641667862772564
2023-04-06,BTC,-0.0058632916389525,0.0009128130662355455,-0.006776104705188046
2023-04-07,BTC,-0.0037397937495494,0.001470167559558077,-0.0052099613091074765
2023-04-08,BTC,0.0014918680923394,0.0013914231190179742,0.00010044497332142572
2023-04-09,BTC,0.0073785173084555,0.0008431012787951916,0.0065354160296603086
2023-04-10,BTC,0.0348480396582683,7.161359170780366e-06,0.034840878299097516
2023-04-11,BTC,0.0356552344794392,-0.004268771956189118,0.039924006435628316
2023-04-12,BTC,-0.0074795907504231,-0.002791345964116108,-0.004688244786306992
2023-04-13,BTC,0.010880877259658,0.0017250633499553423,0.00915581390970266
2023-04-14,BTC,0.005697927347134,0.0016788665609729276,0.004019060786161072
2023-04-15,BTC,-0.0051658446019027,-0.0017785205307056771,-0.003387324071197023
2023-04-16,BTC,0.0019098645583388,-0.00015486833797930148,0.0020647328963181014
2023-04-17,BTC,-0.0304853956067538,-0.0010363827132302227,-0.029449012893523575
2023-04-18,BTC,0.0324770595671189,0.0043152858409129915,0.028161773726205912
2023-04-19,BTC,-0.0397903417120372,-0.002506152579846199,-0.037284189132191004
2023-04-20,BTC,-0.0360588374878132,0.004827720206577645,-0.04088655769439085
2023-04-21,BTC,-0.0340966958862672,0.005067723871625576,-0.039164419757892775
2023-04-22,BTC,0.0136609169748734,0.003735178963414907,0.009925738011458492
2023-04-23,BTC,-0.0046601533152525,-0.0017246445437527696,-0.0029355087714997303
2023-04-24,BTC,-0.0016098010324917,0.00047344952122323143,-0.0020832505537149316
2023-04-25,BTC,0.0185501953333436,0.0014747173518620414,0.01707547798148156
2023-04-26,BTC,0.0156207465210544,-0.002476049140515123,0.018096795661569524
2023-04-27,BTC,0.0417947623745062,-0.00184728470786523,0.04364204708237143
2023-04-28,BTC,-0.0093233656099714,-0.0028878496872527257,-0.006435515922718674
2023-04-29,BTC,-0.0037716010588585,0.00225297246920681,-0.00602457352806531
2023-04-30,BTC,0.0034309261786324,0.0018461175797197776,0.0015848085989126225
2023-05-01,BTC,-0.0588384349770868,0.0008244277073429668,-0.05966286268442977
2023-05-02,BTC,0.0363672827881594,0.0075967213240856505,0.028770561464073748
2023-05-03,BTC,-0.0058141202283623,-0.0031281705019405672,-0.002685949726421733
2023-05-04,BTC,0.0123316433635266,0.0016039236501102089,0.01072771971341639
2023-05-05,BTC,0.0219834225229609,-0.000259299523030176,0.022242722045991075
2023-05-06,BTC,-0.0230745867994733,-0.00182667020499799,-0.02124791659447531
2023-05-07,BTC,0.0035117194194289,0.0036074276541592657,-9.570823473036569e-05
2023-05-08,BTC,-0.0494699212968874,0.0006125919881947386,-0.050082513285082134
2023-05-09,BTC,0.0036499996647609,0.007080736281114024,-0.003430736616353124
2023-05-10,BTC,0.0080087692540533,0.0005526184216892925,0.0074561508323640075
2023-05-11,BTC,-0.0318000088695618,-0.0003071322313181119,-0.03149287663824369
2023-05-12,BTC,-0.0209355666054244,0.003697460863095959,-0.02463302746852036
2023-05-13,BTC,0.0177361002971444,0.003086831470801093,0.014649268826343308
2023-05-14,BTC,0.0013526869078331,-0.0011871605916878177,0.0025398474995209177
2023-05-15,BTC,0.0146854601520794,0.0007656227116894188,0.013919837440389982
2023-05-16,BTC,-0.0146743314617592,-0.0003950743230797719,-0.014279257138679429
2023-05-17,BTC,0.0139978342287959,0.0011792271057827605,0.012818607123013139
2023-05-18,BTC,-0.0227160578886712,-0.0003802458344714248,-0.022335812054199777
2023-05-19,BTC,0.0042568350906844,0.003164166018613828,0.0010926690720705718
2023-05-20,BTC,0.007609539317408,0.0015116291034650614,0.006097910213942939
2023-05-21,BTC,-0.0056489102087107,0.001352068038434365,-0.0070009782471450645
2023-05-22,BTC,0.0002353743047943,0.0028280195393808106,-0.0025926452345865106
2023-05-23,BTC,0.011912295491235,0.0009179811220758274,0.010994314369159174
2023-05-24,BTC,-0.0305255127427645,-0.0013788095790479265,-0.029146703163716575
2023-05-25,BTC,0.0033175340176726,0.003640174376267497,-0.00032264035859489717
2023-05-26,BTC,0.0102165336007604,0.00032564568102377096,0.009890887919736628
2023-05-27,BTC,0.0001033196144613,0.0005841900266192753,-0.0004808704121579753
2023-05-28,BTC,0.029472097128301,0.0020343267762012495,0.027437770352099752
2023-05-29,BTC,0.0047527778285791,-0.0017809141194283953,0.006533691948007495
2023-05-30,BTC,0.002838737358379,0.0011805288910891028,0.0016582084672898973
2023-05-31,BTC,-0.0238996946601481,0.0010465770331406958,-0.024946271693288793
2023-06-01,BTC,-0.0090807953897856,0.0034462064081698775,-0.012527001797955479
2023-06-02,BTC,0.0113043636332241,0.0031717435081265203,0.008132620125097578
2023-06-03,BTC,0.0008383783176942,-0.000544027604503741,0.001382405922197941
2023-06-04,BTC,0.0024126416364727,0.0009963205342158154,0.0014163211022568847
2023-06-05,BTC,-0.0613728088690611,0.0007522301860810276,-0.06212503905514213
2023-06-06,BTC,0.0497529208497977,0.008106306034589441,0.041646614815208254
2023-06-07,BTC,-0.0219843238716406,-0.004856584331784914,-0.017127739539855684
2023-06-08,BTC,0.0105468851871767,0.0022856122424188825,0.008261272944757817
2023-06-09,BTC,-0.0074758007344019,0.0010829478534046353,-0.008558748587806536
2023-06-10,BTC,-0.0175677835537989,0.0019467955131215126,-0.01951457906692041
2023-06-11,BTC,0.0017109959669016,0.002847868077467039,-0.001136872110565439
2023-06-12,BTC,-0.0051804108035031,0.0008646780688534969,-0.006045088872356597
2023-06-13,BTC,-0.0018746321452321,0.0020579608348667644,-0.003932592980098864
2023-06-14,BTC,-0.0363626290125588,0.00136393894679904,-0.03772656795935784
2023-06-15,BTC,0.0245316256864796,0.005740347631683574,0.018791278054796027
2023-06-16,BTC,0.0327159423256089,-0.0010224080754546905,0.03373835040106359
2023-06-17,BTC,0.005309262091294,-0.0033490535111401244,0.008658315602434123
2023-06-18,BTC,-0.0023394030101373,0.00011704487107220318,-0.0024564478812095034
2023-06-19,BTC,0.0093062402590084,0.0011048541406943626,0.008201386118314037
2023-06-20,BTC,0.0527071023046355,-0.00033431500280745887,0.05304141730744296
2023-06-21,BTC,0.0626430783666657,-0.00694611439566252,0.06958919276232822
2023-06-22,BTC,0.0057914396500481,-0.007449615622810401,0.013241055272858501
2023-06-23,BTC,0.0250322068593433,-0.0005492191268229147,0.025581425986166213
2023-06-24,BTC,-0.0148389767064348,-0.002779958255651899,-0.012059018450782902
2023-06-25,BTC,-0.0005416807006869,0.002325673369625853,-0.002867354070312753
2023-06-26,BTC,-0.0095686616408268,0.0005979243448192941,-0.010166585985646095
2023-06-27,BTC,0.0163431344665225,0.0019222536780462809,0.014420880788476219
2023-06-28,BTC,-0.018135041501388,-0.0006399940107008729,-0.01749504749068713
2023-06-29,BTC,0.009536395415758,0.0027687699120274548,0.006767625503730546
2023-06-30,BTC,-0.0001974073836771,9.115913187288616e-05,-0.00028856651554998614
2023-07-01,BTC,0.0063795284954866,0.002017572197002617,0.004361956298483983
2023-07-02,BTC,0.0002124964251387,0.0017795347042097703,-0.0015670382790710703
2023-07-03,BTC,0.0173049459138274,0.0024392017411558956,0.014865744172671506
2023-07-04,BTC,-0.0101222196212121,-0.0010365076565861415,-0.009085711964625959
2023-07-05,BTC,-0.0112279001253528,0.002330565907047944,-0.013558466032400743
2023-07-06,BTC,-0.0051496893199535,0.0021654783536972466,-0.007315167673650747
2023-07-07,BTC,-0.0015021834002526,0.0005908906418486289,-0.002093074042101229
2023-07-08,BTC,0.0,0.0017623165683110652,-0.0017623165683110652
2023-07-09,BTC,0.0,0.0018793143232844936,-0.0018793143232844936
2023-07-10,BTC,0.0166774285761861,0.0018531172315234936,0.014824311344662607
2023-07-11,BTC,-0.0065192301046671,-0.0009637855487481043,-0.005555444555918995
2023-07-12,BTC,-0.0073096007011082,0.00250740031965874,-0.009817001020766939
2023-07-13,BTC,0.0326686172744512,0.0032843742515168118,0.02938424302293439
2023-07-14,BTC,-0.0376008936555452,-0.0024870776647840445,-0.03511381599076115
2023-07-15,BTC,0.0028763202955938,0.005188225313123255,-0.0023119050175294553
2023-07-16,BTC,0.0006765509362619,0.0008533588039817703,-0.0001768078677198703
2023-07-17,BTC,-0.0124656158432068,0.0010843512524757932,-0.013549967095682593
2023-07-18,BTC,-0.0052733542612177,0.0023924283023587893,-0.00766578256357649
2023-07-19,BTC,0.0062082614229217,0.003028847029265741,0.0031794143936559587
2023-07-20,BTC,-0.0071168932605198,0.00032646544253104155,-0.007443358703050842
2023-07-21,BTC,0.0044266758359416,0.0008988998634217979,0.0035277759725198025
2023-07-22,BTC,-0.0017081139546186,0.00028521517843610575,-0.0019933291330547056
2023-07-23,BTC,0.0101886006307698,0.0011868084234480944,0.009001792207321706
2023-07-24,BTC,-0.0336756014323955,-0.0003126834066572425,-0.03336291802573826
2023-07-25,BTC,0.0030872523839794,0.004996890691186017,-0.0019096383072066169
2023-07-26,BTC,0.0118151378021405,0.001034929566698956,0.010780208235441544
2023-07-27,BTC,-0.0148852314939551,-0.00023487110084836728,-0.014650360393106732
2023-07-28,BTC,0.006891095385328,0.0015113371603121086,0.0053797582250158914
2023-07-29,BTC,0.0004429603452556,0.001393676532384746,-0.000950716187129146
2023-07-30,BTC,-0.370328563333529,0.0024436222247840884,-0.3727721855583131
2023-07-31,BTC,0.3653253511892223,0.04650552947177108,0.31881982171745127
2023-08-01,BTC,0.0002209766784455,-0.04205786068643013,0.04227883736487563
2023-08-02,BTC,-0.0032727389522907,-0.0006157372870901112,-0.002657001665200589
2023-08-03,BTC,0.0055650352096303,0.0001631734619190162,0.005401861747711284
2023-08-04,BTC,-0.011734997060526,4.088046144632333e-05,-0.011775877521972324
2023-08-05,BTC,0.0030916340977835,0.002336656063872455,0.0007549780339110449
2023-08-06,BTC,0.0021334809627269,0.0008766940553379321,0.001256786907388968
2023-08-07,BTC,0.0023004301990345,0.0009412951811306222,0.0013591350179038776
2023-08-08,BTC,0.0279487901298306,0.000980361578360689,0.02696842855146991
2023-08-09,BTC,-0.016881429566696,-0.003398282205416155,-0.013483147361279844
2023-08-10,BTC,-0.0020690929350069,0.001902287459130071,-0.003971380394136971
2023-08-11,BTC,-0.0012306163978244,0.0013182055956541296,-0.0025488219934785296
2023-08-12,BTC,0.0007016216251203,0.0010213959456094835,-0.0003197743204891836
2023-08-13,BTC,-0.0002302477145672,0.0010462841407809732,-0.0012765318553481732
2023-08-14,BTC,-0.0011309217399761,0.0010711616304016783,-0.0022020833703777784
2023-08-15,BTC,-0.0067117281037235,0.0013238100185994498,-0.00803553812232295
2023-08-16,BTC,-0.0079699523005101,0.0007538776168044007,-0.008723829917314501
2023-08-17,BTC,-0.0457641822556386,0.0010884636188100134,-0.046852645874448616
2023-08-18,BTC,-0.0587721276130512,0.004990810333067252,-0.06376293794611845
2023-08-19,BTC,-0.0004268902549186,0.007658668923278821,-0.008085559178197421
2023-08-20,BTC,0.006846591031776,0.001119217308295537,0.005727373723480463
2023-08-21,BTC,-0.0043597606010751,0.0003351898717284799,-0.00469495047280358
2023-08-22,BTC,-0.0103085513912297,0.002350165199563193,-0.012658716590792894
2023-08-23,BTC,0.0280532131257066,0.0019848662021727313,0.026068346923533867
2023-08-24,BTC,-0.0217871056497424,-0.0010728862650773087,-0.02071421938466509
2023-08-25,BTC,0.0010949432011675,0.0026043519033347737,-0.0015094087021672736
2023-08-26,BTC,-0.0009604118984133,0.0009096579718879585,-0.0018700698703012584
2023-08-27,BTC,0.0026164909806449,0.0015239616375978407,0.0010925293430470591
2023-08-28,BTC,-0.0040482557235304,0.0010277815954326704,-0.005076037318963071
2023-08-29,BTC,0.0597929486998769,0.002136341396487265,0.05765660730338963
2023-08-30,BTC,-0.0119449043365295,-0.004847716772452701,-0.007097187564076799
2023-08-31,BTC,-0.0463545934609813,0.002880278416712596,-0.049234871877693896
2023-09-01,BTC,-0.0101221160858589,0.005728184792323608,-0.015850300878182507
2023-09-02,BTC,0.0036599845562751,0.002152749975789068,0.0015072345804860322
2023-09-03,BTC,0.0073416580672026,0.0007821763184303081,0.006559481748772292
2023-09-04,BTC,-0.0072983354800561,0.00040440432513730117,-0.007702739805193402
2023-09-05,BTC,-0.0057193097320453,0.0022887779722196677,-0.008008087704264968
2023-09-06,BTC,-0.0015644960573349,0.0008673007373310336,-0.0024317967946659337
2023-09-07,BTC,0.0127757685118356,0.00037591340857545815,0.012399855103260141
2023-09-08,BTC,-0.0038385980218866,-0.0008302068070964864,-0.0030083912147901137
2023-09-09,BTC,-0.0015034907636074,0.0015756197542398697,-0.0030791105178472698
2023-09-10,BTC,-0.0016643769203759,0.0016454771957087758,-0.003309854116084676
2023-09-11,BTC,-0.0285074065966566,0.0014774171583498412,-0.029984823755006444
2023-09-12,BTC,0.0385913961025086,0.005113477033841388,0.03347791906866721
2023-09-13,BTC,0.0058313383702074,-0.0047599736216926295,0.01059131199190003
2023-09-14,BTC,0.0131386159389562,0.00015089929953519834,0.012987716639421002
2023-09-15,BTC,-0.0059489866180908,-0.00014631367947253265,-0.005802672938618267
2023-09-16,BTC,0.0048228588889812,0.0015608602180322072,0.0032619986709489924
2023-09-17,BTC,-0.0037776919809587,0.0005012410955015406,-0.0042789330764602404
2023-09-18,BTC,0.0124655620521906,0.0015721961029364806,0.01089336594925412
2023-09-19,BTC,0.0152292399693488,-0.0002298126813719851,0.015459052650720784
2023-09-20,BTC,-0.0034774717173813,-0.0009485865829675681,-0.0025288851344137317
2023-09-21,BTC,-0.0184155131619148,0.0012998389788699165,-0.019715352140784716
2023-09-22,BTC,-0.002124525415553,0.0011935125211240004,-0.003318037936677
2023-09-23,BTC,0.0031807789965552,0.0012624230012558983,0.0019183559952993016
2023-09-24,BTC,-0.004602533547402,0.0008125812562803535,-0.005415114803682354
2023-09-25,BTC,-0.0075248313646637,0.001688853102949241,-0.009213684467612941
2023-09-26,BTC,-0.0059725206774281,0.0018429015999147206,-0.007815422277342821
2023-09-27,BTC,0.0034787291207002,0.0001969185752648748,0.0032818105454353254
2023-09-28,BTC,0.0320867099594791,-0.0006871232087360322,0.03277383316821513
2023-09-29,BTC,-0.006985670575558,-0.002978664824248827,-0.004007005751309173
2023-09-30,BTC,0.0062350971805434,0.0011936406801642714,0.0050414565003791285
2023-10-01,BTC,0.0014830666596741,-4.0631631636012236e-05,0.0015236982913101123
2023-10-02,BTC,0.0264044913285918,0.00022980189078852437,0.026174689437803274
2023-10-03,BTC,-0.0161150003906403,-0.0031909950149017004,-0.012924005375738599
2023-10-04,BTC,0.0093215082440981,0.002026280219623127,0.007295228024474973
2023-10-05,BTC,-0.0062979520329676,7.071818735577027e-05,-0.0063686702203233705
2023-10-06,BTC,0.0186253736816773,0.001646526152321349,0.01697884752935595
2023-10-07,BTC,-0.0020212583981519,0.00018932884704183901,-0.002210587245193739
2023-10-08,BTC,-0.0006276247081999,0.003021286671011371,-0.003648911379211271
2023-10-09,BTC,-0.0125327507751813,0.0027582388281912197,-0.01529098960337252
2023-10-10,BTC,-0.0061180414217507,0.003852178365455282,-0.009970219787205982
2023-10-11,BTC,-0.0256490648826558,0.0025218938052012294,-0.028170958687857028
2023-10-12,BTC,0.0008980692116844,0.004611383952578604,-0.0037133147408942037
2023-10-13,BTC,0.0088995392911605,0.00045537661873781593,0.008444162672422683
2023-10-14,BTC,-0.0047378043939638,0.0019859686445398254,-0.006723773038503625
2023-10-15,BTC,0.0132832085910294,0.004142297215563027,0.009140911375466373
2023-10-16,BTC,0.0436196139287332,0.0018522133077842377,0.04176740062094896
2023-10-17,BTC,0.0015078617076575,-0.004135151810939726,0.0056430135185972265
2023-10-18,BTC,-0.0071345982941084,0.0009659635741843683,-0.008100561868292768
2023-10-19,BTC,0.0163503621531379,0.002323356371776797,0.014027005781361101
2023-10-20,BTC,0.0300258808850369,-0.0008035132579516857,0.030829394142988586
2023-10-21,BTC,0.0144550928916714,-0.003250062445126597,0.017705155336797996
2023-10-22,BTC,-0.0058909545435654,-0.0010737636852887968,-0.004817190858276603
2023-10-23,BTC,0.0549192450561593,0.001403389738218596,0.0535158553179407
2023-10-24,BTC,0.0649423501648944,-0.00659128497172082,0.07153363513661522
2023-10-25,BTC,0.0299123826214594,-0.007267996957742791,0.03718037957920219
2023-10-26,BTC,-0.0140145575956633,-0.003426521619670743,-0.010588035975992557
2023-10-27,BTC,-0.0104774299367167,0.0015980625329563806,-0.012075492469673082
2023-10-28,BTC,0.0086374386607244,0.001822883925847944,0.006814554734876455
2023-10-29,BTC,0.0132839177557276,-0.00021053434097058845,0.013494452096698188
2023-10-30,BTC,-0.0044754724174167,-0.0008126849340819671,-0.0036627874833347323
2023-10-31,BTC,0.0062239663632189,0.0025117792515042133,0.003712187111714687
2023-11-01,BTC,0.022683502755246,-0.00010959318674286976,0.022793095941988868
2023-11-02,BTC,-0.0149617796577282,-0.0018322246705594874,-0.013129554987168713
2023-11-03,BTC,-0.0088478493426528,0.004024042362145707,-0.012871891704798508
2023-11-04,BTC,0.0047988678592938,0.0028045510617064175,0.0019943167975873827
2023-11-05,BTC,-0.0027929359800165,0.0014768993162340726,-0.004269835296250572
2023-11-06,BTC,0.0102283489569628,0.0022484352554197912,0.00797991370154301
2023-11-07,BTC,0.0131398635892915,-0.0004410343775430561,0.013580897966834555
2023-11-08,BTC,0.0025318605811287,-0.0013856679697746362,0.003917528550903337
2023-11-09,BTC,0.0262319214106373,-0.00019855766314228057,0.02643047907377958
2023-11-10,BTC,0.0204930477800071,-0.002623037559093435,0.023116085339100537
2023-11-11,BTC,-0.0081982568500226,-0.0020485762114879655,-0.006149680638534634
2023-11-12,BTC,0.0050403982887529,0.0016232805718585561,0.0034171177168943437
2023-11-13,BTC,-0.0181891856052186,0.00014065355140427342,-0.018329839156622875
2023-11-14,BTC,-0.0250694763080513,0.0035100400783485883,-0.028579516386399887
2023-11-15,BTC,0.0557973646821407,0.0056754367999589375,0.05012192788218176
2023-11-16,BTC,-0.0457499780243199,-0.005994588890402822,-0.039755389133917074
2023-11-17,BTC,0.0124628561272468,0.007007989451838725,0.005454866675408074
2023-11-18,BTC,0.004178167988424,-0.0007811440038358932,0.004959311992259893
2023-11-19,BTC,0.0123562212362001,0.000532440958730801,0.011823780277469298
2023-11-20,BTC,0.0113324486548762,-0.00048530193575571586,0.011817750590631917
2023-11-21,BTC,-0.0160322186893208,-0.00023060701284790565,-0.015801611676472895
2023-11-22,BTC,0.0209476736073886,0.003192645786341597,0.017755027821047004
2023-11-23,BTC,-0.0098954515553861,-0.0019967206363477883,-0.00789873091903831
2023-11-24,BTC,0.0162726078863717,0.0021011896282295715,0.014171418258142127
2023-11-25,BTC,-0.0017649318204197,-0.0006983891148393884,-0.0010665427055803116
2023-11-26,BTC,-0.0048728426235113,0.0019258050866965957,-0.006798647710207896
2023-11-27,BTC,-0.0156248500739117,0.002085087370466692,-0.017709937444378394
2023-11-28,BTC,0.0249731328321414,0.0028167645494532397,0.02215636828268816
2023-11-29,BTC,-0.006009514410662,-0.0010994082031919076,-0.004910106207470092
2023-11-30,BTC,0.000105974301331,0.0015765521039647287,-0.0014705778026337286
2023-12-01,BTC,0.0273724816656272,0.0006563953163209445,0.026716086349306254
2023-12-02,BTC,0.0201086173893902,-0.001099588460063431,0.02120820584945363
2023-12-03,BTC,0.0036691273723585,-2.1057816899318737e-05,0.0036901851892578185
2023-12-04,BTC,0.0568120755681973,0.0019315010374395863,0.05488057453075771
2023-12-05,BTC,0.0430574052038975,-0.008577426299600704,0.05163483150349821
2023-12-06,BTC,-0.0016300107906897,-0.005187506373334208,0.003557495582644508
2023-12-07,BTC,-0.0098174790153329,0.000817931003699388,-0.010635410019032288
2023-12-08,BTC,0.026302270183986,0.0024392791950856776,0.023862990988900323
2023-12-09,BTC,-0.0129553542372027,-0.0034999201519134346,-0.009455434085289266
2023-12-10,BTC,-0.0041189464859448,0.0013558392805532004,-0.005474785766498001
2023-12-11,BTC,-0.0634049233136123,0.0004505758087949843,-0.06385549912240729
2023-12-12,BTC,-0.0006094961140177,0.0074043094821574455,-0.008013805596175146
2023-12-13,BTC,0.0453106519697033,0.0009761265024461505,0.04433452546725715
2023-12-14,BTC,-2.3260682469471348e-05,-0.0036586758846980003,0.003635415202228529
2023-12-15,BTC,-0.0176115216543192,0.0027476432198299174,-0.02035916487414912
2023-12-16,BTC,0.0025439914216405,0.0023220585081424566,0.00022193291349804347
2023-12-17,BTC,-0.0110913060156077,7.814116974184116e-05,-0.01116944718534954
2023-12-18,BTC,0.0173742461435118,0.0016282985930950716,0.01574594755041673
2023-12-19,BTC,-0.0027728513495455,-0.0008639919212373414,-0.0019088594283081586
2023-12-20,BTC,0.0221776245673226,0.001929063082585708,0.02024856148473689
2023-12-21,BTC,0.0130220147281119,-0.003341363776240575,0.016363378504352474
2023-12-22,BTC,-0.0063011893568016,0.00018530435119872162,-0.006486493708000322
2023-12-23,BTC,0.0001817289283735,0.0022610722676040212,-0.0020793433392305213
2023-12-24,BTC,-0.0050400566355069,0.0017148103864533916,-0.0067548670219602916
2023-12-25,BTC,-5.7432645880392424e-05,0.0021672551493194508,-0.0022246877951998434
2023-12-26,BTC,-0.0278965427668553,0.001514433508550113,-0.029410976275405416
2023-12-27,BTC,0.024882447876424,0.004225170986725329,0.02065727688969867
2023-12-28,BTC,-0.0215335066192602,-0.00142012330406497,-0.02011338331519523
2023-12-29,BTC,-0.0128313975030536,0.002961920570327753,-0.015793318073381354
2023-12-30,BTC,0.0087625033041788,0.0015096308913227121,0.0072528724128560875
2023-12-31,BTC,0.0048455658470389,-0.0008169581260479685,0.005662523973086869
2024-01-01,BTC,0.0259395929681509,-0.0003620231368804542,0.026301616105031355
2024-01-02,BTC,0.0338522639689997,-0.002937096003143291,0.03678935997214299
2024-01-03,BTC,-0.0495283949100311,-0.0040184594827696,-0.045509935427261505
2024-01-04,BTC,0.0353450262550083,0.0044192788832654335,0.03092574737174287
2024-01-05,BTC,-0.011940796433948,-0.0035077169168886836,-0.008433079517059317
2024-01-06,BTC,-0.0009427583689585,0.002055579972089236,-0.0029983383410477358
2024-01-07,BTC,0.0076890306011025,0.0011016879185300075,0.006587342682572492
2024-01-08,BTC,0.0625227533679936,-2.1513034163207093e-05,0.0625442664021568
2024-01-09,BTC,-0.0365736275970131,-0.006757238104357176,-0.02981638949265593
2024-01-10,BTC,0.0117857627732164,0.0045334419265862895,0.007252320846630111
2024-01-11,BTC,0.0042879617582345,-0.0008626722078915367,0.005150633966126037
2024-01-12,BTC,-0.0611173108158078,-0.0006267324349275553,-0.06049057838088024
2024-01-13,BTC,-0.0107999267990248,0.008907544645578773,-0.019707471444603573
2024-01-14,BTC,-0.0102608202093527,0.0032885591376742946,-0.013549379347026994
2024-01-15,BTC,0.0039319068736512,0.0033072537825248193,0.0006246530911263805
2024-01-16,BTC,0.0173378165053253,0.0015386872462086513,0.01579912925911665
2024-01-17,BTC,-0.0184629924327535,-0.0025175374163519675,-0.015945455016401534
2024-01-18,BTC,-0.0374453878278541,0.0016846193105358553,-0.039130007138389954
2024-01-19,BTC,0.0126903260598785,0.006309818935837095,0.006380507124041404
2024-01-20,BTC,0.0026771206346605,0.000266938536884449,0.0024101820977760514
2024-01-21,BTC,0.0012939712339362,0.0018701301316309531,-0.0005761588976947532
2024-01-22,BTC,-0.0477340635951292,0.0021452751291473502,-0.04987933872427655
2024-01-23,BTC,-0.0157848381598462,0.0060167229570318856,-0.021801561116878088
2024-01-24,BTC,0.0146539006178425,0.002703106302666158,0.011950794315176342
2024-01-25,BTC,0.0033764521624908,-0.001221645898388541,0.004598098060879342
2024-01-26,BTC,0.0511836447493628,0.0007625460881218902,0.050421098661240914
2024-01-27,BTC,0.0020937646369731,-0.005524289329632339,0.0076180539666054385
2024-01-28,BTC,-0.0027726068203312,0.0007426860190247905,-0.0035152928393559907
2024-01-29,BTC,0.0284577539356695,0.0011235233105521397,0.027334230625117358
2024-01-30,BTC,0.008463291914936,-0.0019127241418618215,0.010376016056797822
2024-01-31,BTC,-0.0253203398529352,-0.00017214507876811712,-0.025148194774167083
2024-02-01,BTC,0.0151101750276914,0.0031570100185013684,0.01195316500919003
2024-02-02,BTC,-0.0030709345087918,-0.00018653463792868741,-0.0028843998708631127
2024-02-03,BTC,0.0014452133059457,0.0012556200886915203,0.00018959321725417976
2024-02-04,BTC,-0.0064484043134101,0.000978510311022836,-0.0074269146244329365
2024-02-05,BTC,-0.0099771060049352,0.0017754740033042867,-0.011752580008239486
2024-02-06,BTC,0.0191957994384833,0.0013723184746246518,0.01782348096385865
2024-02-07,BTC,0.0237601326122443,-0.0010647153345478566,0.024824847946792156
2024-02-08,BTC,0.0254506904489161,-0.0015045125126646015,0.0269552029615807
2024-02-09,BTC,0.0477527202298084,-0.0024685684661726274,0.050221288695981026
2024-02-10,BTC,0.008544107262596,-0.0052008166524426655,0.013744923915038666
2024-02-11,BTC,0.0032549431850949,-7.748873940243868e-05,0.0033324319244973388
2024-02-12,BTC,0.0353261638907621,0.0004693151954752544,0.034856848695286845
2024-02-13,BTC,-0.0056006054205141,-0.003960657257129952,-0.0016399481633841478
2024-02-14,BTC,0.0436132410837892,-0.0007092021582305724,0.044322443242019775
2024-02-15,BTC,-0.0078045487792248,-0.004358737745720459,-0.003445811033504341
2024-02-16,BTC,0.0123332365534209,0.0022260637966575237,0.010107172756763377
2024-02-17,BTC,-0.0038625520606201,-0.0007959704879587356,-0.0030665815726613646
2024-02-18,BTC,0.0012923885908271,0.0013106957218815584,-1.8307131054458477e-05
2024-02-19,BTC,0.0005585855645219,0.0007618746540431032,-0.0002032890895212031
2024-02-20,BTC,0.0025305841161619,0.000770690008167018,0.0017598941079948823
2024-02-21,BTC,-0.0123095793303188,0.000425350799709747,-0.012734930130028547
2024-02-22,BTC,0.0048252652384898,0.001972835765381745,0.0028524294731080554
2024-02-23,BTC,-0.0127467295829595,0.0013808968005601181,-0.014127626383519618
2024-02-24,BTC,0.0109735506232387,0.002825482260563594,0.008148068362675107
2024-02-25,BTC,0.0041132208331896,0.00017383040615518726,0.003939390427034412
2024-02-26,BTC,0.054477868421388,0.0009838556925571842,0.053494012728830816
2024-02-27,BTC,0.0370866690709048,-0.00665630893854948,0.04374297800945428
2024-02-28,BTC,0.0653611164555198,-0.0038119102717407067,0.0691730267272605
2024-02-29,BTC,0.0144659832331768,-0.008000784127226683,0.022466767360403483
2024-03-01,BTC,0.0186672665495534,-0.0008379766141644454,0.019505243163717847
2024-03-02,BTC,-0.010127408132048,0.00025377987893487853,-0.010381188010982879
2024-03-03,BTC,0.0140847252129491,0.003953796489048996,0.010130928723900104
2024-03-04,BTC,0.0713198625460871,0.0010183262773632833,0.07030153626872382
2024-03-05,BTC,-0.0639026739485315,-0.0072737377529299456,-0.056628936195601554
2024-03-06,BTC,0.0485709262478393,0.007337464316547459,0.04123346193129184
2024-03-07,BTC,0.0130996287460495,-0.004640526557951482,0.01774015530400098
2024-03-08,BTC,0.0158720046586772,-0.00017016665771403848,0.01604217131639124
2024-03-09,BTC,0.0015843756166368,-0.0013886080551306992,0.0029729836717674995
2024-03-10,BTC,0.0129887958263871,0.0008314360728665631,0.012157359753520537
2024-03-11,BTC,0.0384551390662724,-0.0007854222394920047,0.0392405613057644
2024-03-12,BTC,-0.0151119845397079,-0.004386042656646862,-0.010725941883061038
2024-03-13,BTC,0.0289650139705572,0.001883168143824058,0.02708184582673314
2024-03-14,BTC,-0.0344861760711693,-0.0026999121615769142,-0.03178626390959238
2024-03-15,BTC,-0.0406201072419309,0.003684157449914487,-0.04430426469184539
2024-03-16,BTC,-0.0116864188451311,0.004210827555575857,-0.015897246400706957
2024-03-17,BTC,0.0173286386811264,0.0010240853821642836,0.016304553298962115
2024-03-18,BTC,-0.0130368983299158,-0.00241192976991225,-0.010624968560003549
2024-03-19,BTC,-0.0552806436597765,0.0023939636103667817,-0.057674607270143285
2024-03-20,BTC,0.0509143604426563,0.006746350410002368,0.04416801003265393
2024-03-21,BTC,-0.024189556045524,-0.005280256574016157,-0.01890929947150784
2024-03-22,BTC,-0.030418267244856,0.0041935588820483614,-0.03461182612690436
2024-03-23,BTC,0.0233248931000719,0.0028476836472922087,0.020477209452779692
2024-03-24,BTC,0.0174186836451953,-0.0032969195990952696,0.02071560324429057
2024-03-25,BTC,0.0702696771695903,-0.0026413679156123537,0.07291104508520266
2024-03-26,BTC,-0.01624502386136,-0.007549411693773564,-0.008695612167586438
2024-03-27,BTC,-0.0138229616432781,0.0021727269952533574,-0.015995688638531458
2024-03-28,BTC,0.0263831247700204,0.0030690924981117795,0.02331403227190862
2024-03-29,BTC,-0.01496919816884,-0.0016758474977396618,-0.01329335067110034
2024-03-30,BTC,0.0029245026613836,0.0034548480495541884,-0.0005303453881705883
2024-03-31,BTC,0.0140298814492658,0.001519565821453786,0.012510315627812013
2024-04-01,BTC,-0.0153763839696944,0.00011468156644020549,-0.015491065536134606
2024-04-02,BTC,-0.0604915918986163,0.002931111325004573,-0.06342270322362087
2024-04-03,BTC,0.001004543359742,0.007966469032003322,-0.006961925672261322
2024-04-04,BTC,0.0332365350980435,0.0016626087174946484,0.03157392638054885
2024-04-05,BTC,-0.004570511889834,-0.004464327582858032,-0.0001061843069759677
2024-04-06,BTC,0.0111998518238199,0.0030979343145673666,0.008101917509252533
2024-04-07,BTC,0.0132448420611753,0.001486334565571435,0.011758507495603865
2024-04-08,BTC,0.0338188882276003,0.0012116872266553322,0.03260720100094497
2024-04-09,BTC,-0.0363839147837078,-0.0034430568983636616,-0.03294085788534414
2024-04-10,BTC,0.0095073964286869,0.005167410069540388,0.004339986359146512
2024-04-11,BTC,0.0101130102786856,-0.0018067119677999967,0.011919722246485596
2024-04-12,BTC,-0.0489131995699212,0.0006257263397175315,-0.04953892590963873
2024-04-13,BTC,-0.0802909519670543,0.005119541029618433,-0.08541049299667273
2024-04-14,BTC,0.0301856329656213,0.008768492911309262,0.021417140054312035
2024-04-15,BTC,-0.011409078485891,-0.004366862410722361,-0.00704221607516864
2024-04-16,BTC,-0.0015612310741558,0.0014349641070256092,-0.0029961951811814094
2024-04-17,BTC,-0.0354879594851966,0.0011815450931662711,-0.03666950457836287
2024-04-18,BTC,0.0431290544363939,0.0034785718818347716,0.03965048255455913
2024-04-19,BTC,0.0083707755536935,-0.0045151432274916446,0.012885918781185144
2024-04-20,BTC,0.0111010501027097,-0.0008020424093249392,0.01190309251203464
2024-04-21,BTC,-0.0018022507471976,-0.0007327329963157478,-0.0010695177508818522
2024-04-22,BTC,0.028786931697061,0.0008668356852703759,0.027920096011790626
2024-04-23,BTC,-0.0028947271708792,-0.004601548152817747,0.001706820981938547
2024-04-24,BTC,-0.0354649271994759,0.001639368244762661,-0.037104295444238565
2024-04-25,BTC,0.0116275867015831,0.0046883042457686154,0.006939282455814484
2024-04-26,BTC,-0.0132938972454768,-0.000980700917971641,-0.012313196327505159
2024-04-27,BTC,-0.0109674212901826,0.002977305046134232,-0.013944726336316831
2024-04-28,BTC,0.0067217210981002,0.002808434779648354,0.003913286318451846
2024-04-29,BTC,-0.0113181186472079,0.0007602611365631899,-0.01207837978377109
2024-04-30,BTC,-0.0501919055068689,0.0025103692653770547,-0.052702274772245955
2024-05-01,BTC,-0.0441131876491687,0.0034369857021057937,-0.0475501733512745
2024-05-02,BTC,0.0247850036738036,0.005580852312390355,0.019204151361413246
2024-05-03,BTC,0.069337382317619,-0.0018805312094406033,0.07121791352705961
2024-05-04,BTC,0.0156358612665244,-0.0070564999258987135,0.022692361192423113
2024-05-05,BTC,-0.0028949247846598,-0.00040945497065792574,-0.0024854698140018743
2024-05-06,BTC,-0.0070055858689724,0.00186146159921438,-0.00886704746818678
2024-05-07,BTC,-0.0051793891028767,0.00287000653488555,-0.00804939563776225
2024-05-08,BTC,-0.0226029285609912,0.0009697887526844445,-0.023572717313675644
2024-05-09,BTC,0.0169175661540506,0.003199233583603185,0.013718332570447415
2024-05-10,BTC,-0.0345572554020824,-0.000416749908101239,-0.034140505493981156
2024-05-11,BTC,0.0093156536168986,0.006019850035042095,0.0032958035818565047
2024-05-12,BTC,0.0033146873513329,0.0011457266919384086,0.0021689606593944914
2024-05-13,BTC,0.0294764616413887,0.00186284227234121,0.027613619369047493
2024-05-14,BTC,-0.0234332793162606,-0.003944466211689016,-0.01948881310457158
2024-05-15,BTC,0.0682091139504595,0.00426532530710233,0.06394378864335717
2024-05-16,BTC,-0.0105982560276306,-0.005802377565188762,-0.004795878462441837
2024-05-17,BTC,0.0247962841999007,0.001320029148766499,0.0234762550511342
2024-05-18,BTC,0.0009708158602192,-0.0012358407581726943,0.0022066566183918945
2024-05-19,BTC,-0.012407498427908,0.0018701254278143658,-0.014277623855722366
2024-05-20,BTC,0.0496603236030745,0.0033929730931461957,0.04626735050992831
2024-05-21,BTC,0.0026500545160474,-0.004807770805782316,0.007457825321829716
2024-05-22,BTC,-0.0043702404899438,-0.0003245511722550742,-0.004045689317688726
2024-05-23,BTC,-0.024324755118298,-0.0002610539619255644,-0.024063701156372436
2024-05-24,BTC,0.016470857244696,0.0009610270313061785,0.015509830213389824
2024-05-25,BTC,0.0039774713893878,-0.0010165402173853636,0.004994011606773164
2024-05-26,BTC,-0.0066237641275012,0.0007985227596372384,-0.0074222868871384375
2024-05-27,BTC,0.013075768662496,0.0020575136201479763,0.011018255042348024
2024-05-28,BTC,-0.0194878259779661,-0.0004986196481587448,-0.018989206329807357
2024-05-29,BTC,-0.0123181229600415,0.003727713711577364,-0.016045836671618866
2024-05-30,BTC,0.0156534342388203,0.0011190858064586819,0.01453434843236162
2024-05-31,BTC,-0.0123803512892118,-0.0016586275396081318,-0.010721723749603668
2024-06-01,BTC,0.0016325328193202,0.0017695730977385477,-0.0001370402784183478
2024-06-02,BTC,0.000737827721194,0.0005369701790565945,0.00020085754213740542
2024-06-03,BTC,0.0192119745643597,0.00044633903386051316,0.01876563553049919
2024-06-04,BTC,0.0186083886558869,-0.0009276274869458929,0.019536016142832794
2024-06-05,BTC,0.0112707485853392,-0.002446886851386598,0.013717635436725797
2024-06-06,BTC,-0.0072521029233495,0.0008123409129386626,-0.008064443836288163
2024-06-07,BTC,-0.0201123459195007,0.0020206950542107876,-0.02213304097371149
2024-06-08,BTC,0.0011540598939566,0.0005401614532783972,0.0006138984406782028
2024-06-09,BTC,0.0046029669665005,-0.0015186181378653639,0.006121585104365864
2024-06-10,BTC,-0.0008493068208222,-0.001903022259092431,0.001053715438270231
2024-06-11,BTC,-0.0341413032687097,0.0011236665937527385,-0.035264969862462435
2024-06-12,BTC,0.0117462418481955,0.0045605713060997794,0.00718567054209572
2024-06-13,BTC,-0.020711095851542,0.0005781631740864556,-0.021289259025628456
2024-06-14,BTC,-0.0143867814408368,0.0017438242205049092,-0.01613060566134171
2024-06-15,BTC,0.004281003919454,0.003254946806918647,0.0010260571125353534
2024-06-16,BTC,0.0067259496042462,0.0013686579272643297,0.00535729167698187
2024-06-17,BTC,-0.0012948688872597,0.0011085443588170537,-0.0024034132460767537
2024-06-18,BTC,-0.0226584633283947,0.0007312254174562182,-0.023389688745850918
2024-06-19,BTC,-0.0004701656842544,0.003775453083660793,-0.004245618767915193
2024-06-20,BTC,0.0031712581516359,0.0014893835236118873,0.0016818746280240129
2024-06-21,BTC,-0.0138127483854231,0.0008672969695009712,-0.01468004535492407
2024-06-22,BTC,0.0014515944019991,0.0008105779135132964,0.0006410164884858037
2024-06-23,BTC,-0.0086740794507906,-0.0005089997169316951,-0.008165079733858905
2024-06-24,BTC,-0.068783722148876,0.0006343744369330515,-0.06941809658580905
2024-06-25,BTC,0.0401391871613126,0.008857583326045788,0.03128160383526681
2024-06-26,BTC,-0.0155009155709826,-0.004519719809967827,-0.010981195761014773
2024-06-27,BTC,0.0073552578209138,0.0020323337156585956,0.0053229241052552044
2024-06-28,BTC,-0.0212315211766802,0.0007178019248433329,-0.021949323101523536
2024-06-29,BTC,0.0136790524942231,0.0030773173845918583,0.010601735109631243
2024-06-30,BTC,0.0153218536802664,-0.0007375412204462138,0.016059394900712613
2024-07-01,BTC,0.0214149490142848,-0.0010946882092662457,0.022509637223551048
2024-07-02,BTC,-0.0209859383038839,-0.0016332404408073398,-0.01935269786307656
2024-07-03,BTC,-0.0390511241488317,0.0034703585549517076,-0.04252148270378341
2024-07-04,BTC,-0.0205297091607037,0.006768756939861182,-0.027298466100564883
2024-07-05,BTC,-0.034471889765022,0.004393817712242206,-0.03886570747726421
2024-07-06,BTC,0.028444469428069,0.00563060531416085,0.02281386411390815
2024-07-07,BTC,-0.0143045727538268,-0.0013648815857198095,-0.01293969116810699
2024-07-08,BTC,-0.0157559940628411,0.003734005921807296,-0.019489999984648395
2024-07-09,BTC,0.029205250786784,0.0011834341286284524,0.02802181665815555
2024-07-10,BTC,-0.009041290820719,-0.002695651133823188,-0.006345639686895812
2024-07-11,BTC,0.0026181099338835,0.002818743535347636,-0.00020063360146413585
2024-07-12,BTC,-0.0003301477006529,0.0010465681171331507,-0.0013767158177860508
2024-07-13,BTC,0.0183565642404613,0.001011798628276012,0.017344765612185287
2024-07-14,BTC,0.0243402629526608,-0.001009002598893885,0.025349265551554683
2024-07-15,BTC,0.0602067489010353,-0.0018573776613081783,0.062064126562343475
2024-07-16,BTC,0.0142217354088766,-0.006189977532815726,0.020411712941692327
2024-07-17,BTC,-0.0025771115803699,0.0003038988469995025,-0.0028810104273694027
2024-07-18,BTC,-0.0109314548595298,-0.0002574013070588023,-0.010674053552470997
2024-07-19,BTC,0.0483479921461192,0.001297212818271754,0.047050779327847445
2024-07-20,BTC,0.0059241350341001,-0.007634654631469029,0.01355878966556913
2024-07-21,BTC,-0.0072462196384021,-0.0022352333892611074,-0.005010986249140993
2024-07-22,BTC,0.0185794578447128,-0.0008373765814616903,0.019416834426174492
2024-07-23,BTC,-0.0343772890776131,-0.001324691519567657,-0.033052597558045446
2024-07-24,BTC,0.0029797467655641,0.004779916915687452,-0.0018001701501233515
2024-07-25,BTC,-0.0116585428988732,-0.0008551459539423187,-0.010803396944930882
2024-07-26,BTC,0.0326870313423373,-0.0005905863414216193,0.03327761768375892
2024-07-27,BTC,0.0048070260219032,-0.0019077859718003684,0.006714811993703568
2024-07-28,BTC,0.0066399499813594,0.0013505025643591746,0.005289447417000225
2024-07-29,BTC,-0.0126337965024731,0.0014668854013374065,-0.014100681903810508
2024-07-30,BTC,-0.0178223132244414,0.0017661243251320057,-0.019588437549573404
2024-07-31,BTC,-0.024575320407761,0.00324968728359542,-0.02782500769135642
2024-08-01,BTC,0.001562959727652,0.005164206934882477,-0.0036012472072304773
2024-08-02,BTC,-0.0332824330989658,-0.0005465391891186716,-0.03273589390984713
2024-08-03,BTC,-0.0356535591318625,0.003082141463985085,-0.038735700595847584
2024-08-04,BTC,-0.0205531967424727,0.0035209543254902382,-0.02407415106796294
2024-08-05,BTC,-0.0833294088908093,0.0017202660829394843,-0.08504967497374878
2024-08-06,BTC,0.0389856359169545,0.008163490236850838,0.030822145680103663
2024-08-07,BTC,-0.0254218360814887,-0.004857616396582812,-0.02056421968490589
2024-08-08,BTC,0.0762969806388922,0.0029155708109432086,0.073381409827949
2024-08-09,BTC,0.0208886168793331,-0.006414633225023076,0.027303250104356178
2024-08-10,BTC,0.0036404874378315,-0.0016974074373525346,0.005337894875184035
2024-08-11,BTC,-0.0416002203898167,0.000744959063182242,-0.04234517945299894
2024-08-12,BTC,0.0057766199656348,0.005950779495175228,-0.00017415952954042812
2024-08-13,BTC,0.0288634944845804,0.000681921060409044,0.028181573424171356
2024-08-14,BTC,-0.0238974667536997,-0.0017466384131764325,-0.022150828340523267
2024-08-15,BTC,-0.0425070574390239,0.002579084710352382,-0.045086142149376285
2024-08-16,BTC,0.0447615832760836,0.007036993245088253,0.03772459003099535
2024-08-17,BTC,0.0018791058291739,-0.0031743043482255554,0.005053410177399456
2024-08-18,BTC,0.0070467134426328,0.0023335932932167527,0.004713120149416047
2024-08-19,BTC,-0.0120175863212848,0.0015808336541492795,-0.01359841997543408
2024-08-20,BTC,0.0036567126147144,0.002894810379015492,0.0007619022356989079
2024-08-21,BTC,0.0321018906196079,0.0003613138285436823,0.03174057679106422
2024-08-22,BTC,-0.0093047821563508,-0.003059819698348694,-0.006244962458002106
2024-08-23,BTC,0.0486691282387405,0.0001894134648226372,0.04847971477391786
2024-08-24,BTC,0.0071768197797854,-0.0037412430797534725,0.010918062859538873
2024-08-25,BTC,0.001004676893997,0.0015575379105650165,-0.0005528610165680165
2024-08-26,BTC,-0.0126040075400329,0.0023598595888685773,-0.014963867128901479
2024-08-27,BTC,-0.0251611705748129,0.0021399052842599343,-0.027301075859072835
2024-08-28,BTC,-0.0417898334978055,0.003464798317941362,-0.045254631815746856
2024-08-29,BTC,0.0035758646462296,0.004485277076456804,-0.0009094124302272038
2024-08-30,BTC,-0.0081157396014633,0.0006973157270493076,-0.008813055328512608
2024-08-31,BTC,-0.0017344879180289,0.0010857885169755963,-0.002820276435004496
2024-09-01,BTC,-0.0090224161862695,0.0008151283995780863,-0.009837544585847586
2024-09-02,BTC,0.0097181998047845,0.0013334683197227977,0.008384731485061702
2024-09-03,BTC,-0.013216295711218,-0.0007655675603759726,-0.012450728150842028
2024-09-04,BTC,-0.0031053654831799,0.0008032329507076197,-0.00390859843388752
2024-09-05,BTC,-0.0343205305322929,0.000860178923367584,-0.035180709455660486
2024-09-06,BTC,-0.0591734310676667,0.004835846920799922,-0.06400927798846662
2024-09-07,BTC,0.0247502928961393,0.005687382391918783,0.019062910504220515
2024-09-08,BTC,0.0036570521839339,-0.003832323050438333,0.007489375234372233
2024-09-09,BTC,0.0473459611481395,-0.001295352056544165,0.048641313204683664
2024-09-10,BTC,0.009739401691195,-0.004458040016223342,0.014197441707418343
2024-09-11,BTC,-0.0014774902739919,-8.072733295309926e-05,-0.0013967629410388009
2024-09-12,BTC,0.0122576826059758,0.0012159566304589342,0.011041725975516866
2024-09-13,BTC,0.028325274867096,0.0008084644289326009,0.0275168104381634
2024-09-14,BTC,0.002702276058699,-0.0015973113465650272,0.004299587405264028
2024-09-15,BTC,-0.0037885787258552,0.0018074100544902014,-0.005595988780345402
2024-09-16,BTC,-0.0362490529171659,0.002531150970277554,-0.03878020388744346
2024-09-17,BTC,0.0417406475838187,0.004957446175952141,0.03678320140786656
2024-09-18,BTC,0.0017226985354878,-0.005018303516188591,0.006741002051676391
2024-09-19,BTC,0.0455385523756996,0.0003245697760053034,0.045213982599694294
2024-09-20,BTC,-0.0035753766406934,-0.003477534264674749,-9.7842376018651e-05
2024-09-21,BTC,0.0052877399523011,0.0016573149127262004,0.0036304250395748994
2024-09-22,BTC,0.0010201276863215,0.0010577709078251963,-3.764322150369621e-05
2024-09-23,BTC,0.0013595013041054,0.0013939699735086935,-3.4468669403293385e-05
2024-09-24,BTC,0.014553581163203,0.0007117315692027794,0.01384184959400022
2024-09-25,BTC,-0.0115329431133211,-0.00026410341652162005,-0.011268839696799478
2024-09-26,BTC,0.0184720451655377,0.002062056375616538,0.016409988789921164
2024-09-27,BTC,0.0173852888444075,-0.0011003237293242527,0.018485612573731755
2024-09-28,BTC,-0.0022513966642078,-0.0023271113355270946,7.571467131929459e-05
2024-09-29,BTC,0.0024451145090758,0.00039528756336607663,0.0020498269457097235
2024-09-30,BTC,-0.0314313076235168,-0.00014919207156795575,-0.03128211555194885
2024-10-01,BTC,-0.0482392632208875,0.004188152055346213,-0.052427415276233715
2024-10-02,BTC,0.0021200550280177,0.006298548797950233,-0.004178493769932533
2024-10-03,BTC,-0.0021940916268101,-0.0005492973492922427,-0.0016447942775178572
2024-10-04,BTC,0.0264092923570855,0.0010056109350903217,0.02540368142199518
2024-10-05,BTC,-0.0109968681870337,-0.0023718092080764154,-0.008625058978957285
2024-10-06,BTC,0.0143691102422499,0.00249799191320398,0.011871118329045919
2024-10-07,BTC,0.0062361244993415,-0.0005804107346324401,0.0068165352339739395
2024-10-08,BTC,-0.0104499993718074,-0.0006676825755092576,-0.009782316796298143
2024-10-09,BTC,-0.0322120925706001,0.001504016046921289,-0.03371610861752139
2024-10-10,BTC,-0.0108240710723244,0.004537039879083715,-0.015361110951408114
2024-10-11,BTC,0.0532163174599906,0.0021290558529551934,0.05108726160703541
2024-10-12,BTC,0.0006428268158645,-0.004320678461130065,0.004963505276994565
2024-10-13,BTC,-0.0045876992298683,0.0022526098275749916,-0.0068403090574432925
2024-10-14,BTC,0.049198021982575,0.002834222495990297,0.04636379948658471
2024-10-15,BTC,0.0085512573597209,-0.005442409807132199,0.013993667166853099
2024-10-16,BTC,0.0170784969874953,-0.0008681524068777789,0.017946649394373078
2024-10-17,BTC,-0.0102568813288822,-0.0011007179206571072,-0.009156163408225093
2024-10-18,BTC,0.0220040796507288,0.0021887307618955547,0.019815348888833247
2024-10-19,BTC,-0.002597774693599,-0.0012919395166626321,-0.0013058351769363679
2024-10-20,BTC,0.0075113954274975,0.002121601165609744,0.005389794261887756
2024-10-21,BTC,-0.0150648735997794,0.0007763341490713583,-0.01584120774885076
2024-10-22,BTC,-0.0036018750920468,0.0024051089694559226,-0.006006984061502723
2024-10-23,BTC,-0.0133665504110694,0.0014826424712066032,-0.014849192882276003
2024-10-24,BTC,0.0231801284450381,0.0006163141174647522,0.02256381432757335
2024-10-25,BTC,-0.0202783264680678,-0.0014916041889932784,-0.01878672227907452
2024-10-26,BTC,0.0058826773006374,0.0030369256972000653,0.0028457516034373345
2024-10-27,BTC,0.0074749515649665,0.0003017300078950658,0.007173221557071435
2024-10-28,BTC,0.0284058281641045,0.00019293800095115444,0.028212890163153342
2024-10-29,BTC,0.0378565535067798,-0.0027682604379094507,0.04062481394468925
2024-10-30,BTC,0.0072971464743804,-0.003526145336876712,0.010823291811257112
2024-10-31,BTC,-0.0408543131857316,-5.977025541787495e-06,-0.04084833616018981
2024-11-01,BTC,-0.0104798049528661,0.002679375943800351,-0.013159180896666452
2024-11-02,BTC,0.0044195782782127,0.0017555650420648064,0.0026640132361478936
2024-11-03,BTC,-0.0056486836443529,0.0004970480791172558,-0.006145731723470156
2024-11-04,BTC,-0.0299014133940848,0.0013640633316558757,-0.031265476725740676
2024-11-05,BTC,0.0305288796876364,0.0036659272693057134,0.02686295241833069
2024-11-06,BTC,0.0942176258313904,-0.002434348545266103,0.0966519743766565
2024-11-07,BTC,-0.0002763921627514,-0.01224766744185392,0.01197127527910252
2024-11-08,BTC,0.0073967065321176,0.0015001066171806204,0.00589659991493698
2024-11-09,BTC,-0.0007319831186452,-0.0008606046721512328,0.00012862155350603288
2024-11-10,BTC,0.0440113484721131,0.00043807534671691625,0.04357327312539618
2024-11-11,BTC,0.0966771330050784,-0.00543313147177562,0.10211026447685402
2024-11-12,BTC,0.0031757040169092,-0.014039131030385777,0.017214835047294978
2024-11-13,BTC,0.0037580963295895,-0.0011247810386648687,0.004882877368254369
2024-11-14,BTC,-0.0047154163599905,-0.0013589587994126283,-0.0033564575605778716
2024-11-15,BTC,0.0391825669497776,-0.00031446213880863673,0.03949702908858624
2024-11-16,BTC,-0.0077135549526102,-0.005522109423162526,-0.0021914455294476743
2024-11-17,BTC,-0.0212577936481475,0.0003609249356654495,-0.02161871858381295
2024-11-18,BTC,0.024684266339162,0.001953168300597428,0.022731098038564573
2024-11-19,BTC,0.0096352329629145,-0.0012184492273362745,0.010853682190250775
2024-11-20,BTC,0.0237712568669143,-0.00027389520421596425,0.02404515207113026
2024-11-21,BTC,0.0376115194177816,-0.0021311522520760227,0.03974267166985762
2024-11-22,BTC,0.0133985507111739,-0.0035772703643689716,0.016975821075542873
2024-11-23,BTC,-0.0134546278121044,-0.000488327186121086,-0.012966300625983314
2024-11-24,BTC,-0.0105266287779613,0.0030053185080876894,-0.013531947286048989
2024-11-25,BTC,-0.0351052524155246,0.0025782395335732723,-0.03768349194909787
2024-11-26,BTC,-0.0220298261217315,0.0015701779874428654,-0.023600004109174365
2024-11-27,BTC,0.0505653402066931,0.0030467500969819567,0.04751859010971114
2024-11-28,BTC,-0.013338716851755,-0.005507226678755364,-0.007831490172999635
2024-11-29,BTC,0.0241088135293977,0.002053232339058562,0.022055581190339138
2024-11-30,BTC,-0.0064801435286799,-0.0017920816310655792,-0.004688061897614321
2024-12-01,BTC,0.0102643511728067,0.0021384844459690806,0.008125866726837619
2024-12-02,BTC,-0.0250118478189645,6.726715373265647e-05,-0.02507911497269716
2024-12-03,BTC,0.007007701440126,0.0024180251906983138,0.004589676249427686
2024-12-04,BTC,0.0185085296466134,-0.00033652403091552756,0.01884505367752893
2024-12-05,BTC,0.0115056982495065,-0.0014967436197234941,0.013002441869229995
2024-12-06,BTC,0.0157227120041992,-0.002514067537448786,0.018236779541647985
2024-12-07,BTC,-0.0060133611602327,-0.0015617833385103393,-0.004451577821722361
2024-12-08,BTC,0.0011496207518078,0.0014198353405384223,-0.00027021458873062237
2024-12-09,BTC,-0.0321888807741713,0.000566309646334458,-0.03275519042050576
2024-12-10,BTC,9.285577956522566e-05,0.0041956873015893,-0.004102831522024074
2024-12-11,BTC,0.047409212283035,0.0005937354355517068,0.046815476847483294
2024-12-12,BTC,-0.0183550603844738,-0.004094515285351945,-0.014260545099121854
2024-12-13,BTC,0.0155025676938144,0.0005765344343734921,0.014926033259440908
2024-12-14,BTC,-0.0027369665429951,-0.0025058790568078864,-0.00023108748618721336
2024-12-15,BTC,0.0174147722354635,-0.00015584149751719583,0.017570613732980696
2024-12-16,BTC,0.0310038162662734,-0.002679317771803024,0.03368313403807642
2024-12-17,BTC,0.0031294981216156,-0.0035213434264236387,0.006650841548039238
2024-12-18,BTC,-0.0528161991436794,-0.0006718737292793062,-0.052144325414400096
2024-12-19,BTC,-0.0365464253131698,0.0047308562779549285,-0.04127728159112473
2024-12-20,BTC,-0.0077934998517094,0.0025984626271583398,-0.01039196247886774
2024-12-21,BTC,0.0028954804231755,0.0023096455642356854,0.0005858348589398146
2024-12-22,BTC,-0.0180623452177403,0.0014005126139785605,-0.01946285783171886
2024-12-23,BTC,-0.013484828994282,0.003992851332589427,-0.017477680326871428
2024-12-24,BTC,0.0467192041009408,0.0016310839755412322,0.04508812012539957
2024-12-25,BTC,0.0011181362851493,-0.004501595746271857,0.005619732031421158
2024-12-26,BTC,-0.0282100631992715,0.0011076332190861162,-0.029317696418357617
2024-12-27,BTC,-0.0137041118255646,0.004229997876898178,-0.01793410970246278
2024-12-28,BTC,0.0063886368003288,0.0006022712214805377,0.005786365578848263
2024-12-29,BTC,-0.0192477140504062,-0.001395645830012535,-0.017852068220393664
2024-12-30,BTC,-0.0136461520104514,0.001555494063521087,-0.015201646073972487
2024-12-31,BTC,0.019260736336352,0.0007249256987630492,0.01853581063758895
2025-01-01,BTC,0.0113356954106807,-0.0016143068230683696,0.012950002233749069
2025-01-02,BTC,0.0243478506551084,-0.00037412126965469196,0.02472197192476309
2025-01-03,BTC,0.0114588779155366,-0.0020189322595026925,0.013477810175039294
2025-01-04,BTC,0.0012031779527555,-0.0004735118116106763,0.0016766897643661763
2025-01-05,BTC,-0.0012169715395674,0.0009882381228616642,-0.0022052096624290644
2025-01-06,BTC,0.034294918290502,0.0013202884874928059,0.03297462980300919
2025-01-07,BTC,-0.0515619639627889,-0.0034932963454830063,-0.048068667617305896
2025-01-08,BTC,-0.0217054649459641,0.006226231910081257,-0.02793169685604536
2025-01-09,BTC,-0.0251603515708247,0.0029458984894704813,-0.02810625006029518
2025-01-10,BTC,0.0268405366505112,0.003850415427506915,0.022990121223004284
2025-01-11,BTC,0.0029341143582442,-0.0032965252594934075,0.006230639617737607
2025-01-12,BTC,-0.0063580119227601,0.00016432239102791963,-0.00652233431378802
2025-01-13,BTC,-0.0014932573036369,0.0012200990488541621,-0.002713356352491062
2025-01-14,BTC,0.0238123501863372,-0.000735758781685745,0.024548108968022942
2025-01-15,BTC,0.0329512996409977,-0.002333218550109928,0.03528451819110763
2025-01-16,BTC,0.0046374050266276,-0.001748349255382603,0.006385754282010203
2025-01-17,BTC,0.0440108859529168,0.000499164110981646,0.04351172184193516
2025-01-18,BTC,-0.0077921937070515,-0.004653701163805888,-0.0031384925432456122
2025-01-19,BTC,-0.0016361713047511,0.0017048755350314146,-0.0033410468397825147
2025-01-20,BTC,-0.0107911889424281,0.0007555428639108222,-0.011546731806338922
2025-01-21,BTC,0.0405119895409116,0.001708733261103736,0.038803256279807866
2025-01-22,BTC,-0.0257792403465053,-0.0037880074560915945,-0.021991232890413704
2025-01-23,BTC,-0.0091221659107764,0.004113708219628272,-0.013235874130404671
2025-01-24,BTC,0.019008011110073,0.001303037349969856,0.017704973760103146
2025-01-25,BTC,-0.0003574251836098,-0.0017472080893981465,0.0013897829057883465
2025-01-26,BTC,-0.0042516860786003,0.0009642905534369769,-0.005215976632037277
2025-01-27,BTC,-0.0317501074037521,0.0014583528870495879,-0.03320846029080169
2025-01-28,BTC,-0.0101553012784319,0.0017023054132447328,-0.011857606691676632
2025-01-29,BTC,0.0336958626867743,0.0027948350597484352,0.030901027627025863
2025-01-30,BTC,0.0123053181381866,-0.004015687242525266,0.016321005380711864
2025-01-31,BTC,-0.0280149222402453,0.0007265874938541371,-0.028741509734099436
2025-02-01,BTC,-0.009261420193913,0.002998700251856737,-0.012260120445769736
2025-02-02,BTC,-0.0428995966810813,0.0010183134016749137,-0.043917910082756216
2025-02-03,BTC,0.0494645179378851,0.00460871228900597,0.04485580564887913
2025-02-04,BTC,-0.0541363377749822,-0.006009783456330101,-0.0481265543186521
2025-02-05,BTC,0.0043953678693813,0.0076409613495729365,-0.003245593480191636
2025-02-06,BTC,-0.0011387973294262,0.0003733409719447478,-0.0015121383013709478
2025-02-07,BTC,-0.0083212272161507,0.0002563816755668591,-0.00857760889171756
2025-02-08,BTC,0.0056169671549133,0.0008936612381946991,0.004723305916718601
2025-02-09,BTC,-0.012974255372907,-0.0003023492078783549,-0.012671906165028644
2025-02-10,BTC,0.0217648540685725,0.0018061692743284634,0.019958684794244036
2025-02-11,BTC,-0.0104816425259245,-0.0005493813585502673,-0.009932261167374232
2025-02-12,BTC,0.0132835840656931,0.001759549587275427,0.011524034478417673
2025-02-13,BTC,-0.0121124174169031,-0.0015113933083605133,-0.010601024108542585
2025-02-14,BTC,0.0102472092991818,0.0029901220089575235,0.007257087290224276
2025-02-15,BTC,0.0019352278205163,-0.0018689147056716827,0.003804142526187983
2025-02-16,BTC,-0.005302588408673,-0.0005440735086848692,-0.004758514899988131
2025-02-17,BTC,-0.0075874546384271,0.0003345538811184201,-0.00792200851954552
2025-02-18,BTC,-0.0146338633244338,0.0003304179041983929,-0.014964281228632192
2025-02-19,BTC,0.0133685340094682,0.003636402603849245,0.009732131405618955
2025-02-20,BTC,0.0187101289605035,-0.0012714417095508067,0.019981570670054304
2025-02-21,BTC,-0.0287444079240082,-0.0013347732721083084,-0.02740963465189989
2025-02-22,BTC,0.0135953137300734,0.002454198625609292,0.011141115104464108
2025-02-23,BTC,-0.0094473760111151,-0.0020850179328654383,-0.007362358078249662
2025-02-24,BTC,-0.0186892403179827,0.0007019065427329673,-0.019391146860715667
2025-02-25,BTC,-0.0580263129041307,0.002514566934747958,-0.06054087983887865
2025-02-26,BTC,-0.0488280761126674,0.005326303245632875,-0.054154379358300274
2025-02-27,BTC,-0.0018990307829248,0.006181682458098877,-0.008080713241023676
2025-02-28,BTC,-0.0004948164225274,-0.001551376150159651,0.0010565597276322508
2025-03-01,BTC,0.0212462723490194,-0.0003645906155601915,0.02161086296457959
2025-03-02,BTC,0.0912507089332154,-0.002417877445874409,0.0936685863790898
2025-03-03,BTC,-0.100254070603198,-0.011120611660110795,-0.08913345894308722
2025-03-04,BTC,0.0257590777611691,0.01257888982081118,0.013180187940357921
2025-03-05,BTC,0.032497992859159,-0.0029791804803246794,0.03547717333948368
2025-03-06,BTC,-0.01036120737552,-0.002426790805071048,-0.007934416570448952
2025-03-07,BTC,-0.0364357845918045,0.0005726438264134427,-0.03700842841821794
2025-03-08,BTC,-0.0007826996648883,0.004495041426045595,-0.005277741090933895
2025-03-09,BTC,-0.0369351999576611,0.0009031392284387071,-0.03783833918609981
2025-03-10,BTC,-0.0468585694418383,0.0049430038083759864,-0.05180157325021428
2025-03-11,BTC,0.0436611287188671,0.003690513484491204,0.039970615234375895
2025-03-12,BTC,0.0039518479042258,-0.00479547508600256,0.00874732299022836
2025-03-13,BTC,-0.0341632166692765,0.000717030187380901,-0.0348802468566574
2025-03-14,BTC,0.0465079604257573,0.004704170316130694,0.04180379010962661
2025-03-15,BTC,0.0027371837141171,-0.003406068682601078,0.0061432523967181775
2025-03-16,BTC,-0.0139770927903898,0.0022095873614606087,-0.01618668015185041
2025-03-17,BTC,0.0088516920896914,0.003973937903067525,0.004877754186623875
2025-03-18,BTC,-0.0236193175551059,0.00012962397998606784,-0.023748941535091966
2025-03-19,BTC,0.0401630030885304,0.0037025455051392093,0.03646045758339119
2025-03-20,BTC,-0.0101691605372057,-0.0037943469845231168,-0.006374813552682584
2025-03-21,BTC,-0.0039632612465665,0.0015911999707118167,-0.005554461217278317
2025-03-22,BTC,-0.0028009798240361,0.0006375127515177362,-0.0034384925755538364
2025-03-23,BTC,0.0143199973152247,0.0008356517651227268,0.013484345550101973
2025-03-24,BTC,0.0317134559402114,-0.0013311309756639095,0.033044586915875314
2025-03-25,BTC,-1.1832145094028271e-05,-0.002285705001658592,0.0022738728565645638
2025-03-26,BTC,-0.0070997846147414,0.0008637852360253141,-0.007963569850766714
2025-03-27,BTC,0.0003590352918473,0.000624010479460399,-0.000264975187613099
2025-03-28,BTC,-0.0410479326671262,0.0014810164701605922,-0.04252894913728679
2025-03-29,BTC,-0.0154888122687523,0.00476369316526552,-0.02025250543401782
2025-03-30,BTC,0.0005072275796264,0.0020750215325778944,-0.0015677939529514942
2025-03-31,BTC,-0.0013344172603195,0.00023896376022126075,-0.0015733810205407607
2025-04-01,BTC,0.0334243474576197,0.001982803776521743,0.03144154368109796
2025-04-02,BTC,0.0049874883978516,-0.0033897271015370825,0.008377215499388682
2025-04-03,BTC,-0.0396817181414436,0.0008118750950742208,-0.04049359323651782
2025-04-04,BTC,0.0215738522061202,0.0014004207271144978,0.020173431479005702
2025-04-05,BTC,-0.0129950426102622,-0.007878114521422123,-0.005116928088840077
2025-04-06,BTC,-0.0523294117055294,-0.003169794673482265,-0.04915961703204713
2025-04-07,BTC,0.0013789704720038,0.001046178391949956,0.0003327920800538439
2025-04-08,BTC,-0.0241040449453429,-0.0017236921849086318,-0.022380352760434267
2025-04-09,BTC,0.0769460604575016,0.0031187218422588834,0.07382733861524272
2025-04-10,BTC,-0.0407584547806337,-0.0017922675829381307,-0.038966187197695575
2025-04-11,BTC,0.0482805841545114,0.0062646063632714345,0.042015977791239965
2025-04-12,BTC,0.0198397988563178,-0.0024521775416698564,0.022291976397987655
2025-04-13,BTC,-0.0239673309193758,0.0012161866293667189,-0.02518351754874252
2025-04-14,BTC,0.0166109508647002,0.006351945053272368,0.010259005811427833
2025-04-15,BTC,-0.010473584179802,-0.0019600830150408506,-0.00851350116476115
2025-04-16,BTC,0.0035794400320359,0.001796639451244121,0.0017828005807917792
2025-04-17,BTC,0.0099603224747875,0.0014001346917114899,0.00856018778307601
2025-04-18,BTC,-0.0076659843031536,-0.0010025073637156918,-0.006663476939437908
2025-04-19,BTC,0.0083535419789429,0.001362522951293771,0.006991019027649129
2025-04-20,BTC,-0.0013745306248293,-0.0006405907041567722,-0.0007339399206725278
2025-04-21,BTC,0.0261126246620874,0.0005397880018045531,0.025572836660282847
2025-04-22,BTC,0.0428599762858817,-0.0014807559451672269,0.04434073223104893
2025-04-23,BTC,0.0272972576076183,-0.003680838537101709,0.03097809614472001
2025-04-24,BTC,-0.0019972648436878,-0.00505934890466319,0.0030620840609753897
2025-04-25,BTC,0.0156153641176772,0.0033393330492795447,0.012276031068397655
2025-04-26,BTC,-0.0086740786770491,-0.0023525153108985663,-0.006321563366150534
2025-04-27,BTC,0.0017666535687594,0.0009756474592573636,0.0007910061095020364
2025-04-28,BTC,0.0021485241046599,-0.0002830300271031902,0.00243155413176309
2025-04-29,BTC,0.0038472117449574,0.0015198439145127742,0.0023273678304446257
2025-04-30,BTC,-0.0031135242408036,4.651804318532087e-05,-0.003160042283988921
2025-05-01,BTC,0.0198420186315202,0.0006652367432504429,0.019176781888269757
2025-05-02,BTC,0.0060511014338158,-0.0038250327231641977,0.009876134156979997
2025-05-03,BTC,-0.0073776446654866,0.0014393620539582934,-0.008817006719444893
2025-05-04,BTC,-0.0064749561763306,0.0033048778770785707,-0.00977983405340917
2025-05-05,BTC,-0.0155289863555654,0.0031240180051257628,-0.018653004360691162
2025-05-06,BTC,0.0048038851919429,0.00407124784478895,0.0007326373471539501
2025-05-07,BTC,0.0215259339964888,0.001958615304716025,0.019567318691772775
2025-05-08,BTC,0.0588239835142323,-0.003149040004437193,0.06197302351866949
2025-05-09,BTC,0.0054185401146028,-0.008691782942890811,0.014110323057493612
2025-05-10,BTC,-0.0001550649798058,0.0004275834673398794,-0.0005826484471456794
2025-05-11,BTC,0.0108637211392059,0.0012559497467892846,0.009607771392416616
2025-05-12,BTC,-0.0156156005146612,-0.00010436455032178514,-0.015511235964339414
2025-05-13,BTC,0.0185869771582879,0.0010096499771969473,0.017577327181090955
2025-05-14,BTC,-0.0099666341026323,-0.0007639927934401487,-0.009202641309192152
2025-05-15,BTC,-0.0010703344995713,0.0001901071700534009,-0.001260441669624701
2025-05-16,BTC,0.0026741732507388,0.0015164259609241964,0.0011577472898146037
2025-05-17,BTC,-0.0030436465978559,-0.0005746878956262897,-0.0024689587022296102
2025-05-18,BTC,0.0066274185474985,0.00018807772287452918,0.006439340824623971
2025-05-19,BTC,0.0129055019111035,-0.0011059359553013371,0.014011437866404837
2025-05-20,BTC,0.0139275269959149,8.77459035502388e-05,0.013839781092364662
2025-05-21,BTC,0.0123903533062665,-0.00018119684742586275,0.012571550153692362
2025-05-22,BTC,0.0254462676996692,-0.001436200852072946,0.026882468551742145
2025-05-23,BTC,-0.02564739070563,-0.003574035300810035,-0.022073355404819965
2025-05-24,BTC,0.0059587288310573,0.004688502987976041,0.0012702258430812591
2025-05-25,BTC,-0.0110434457194857,0.0011176539599705552,-0.012161099679456255
2025-05-26,BTC,0.0173937148521888,0.0031273130179764966,0.014266401834212303
2025-05-27,BTC,0.0002335558663017,-0.0007376505166926208,0.0009712063829943208
2025-05-28,BTC,-0.0211498084387841,-0.000245836655227044,-0.020903971783557053
2025-05-29,BTC,-0.0108202515755225,0.0022611649436763176,-0.013081416519198818
2025-05-30,BTC,-0.015275056274065,0.0024088829711003752,-0.017683939245165377
2025-05-31,BTC,0.0025320843536051,0.0012406497291757013,0.0012914346244293988
2025-06-01,BTC,0.0017180862352243,-0.0006823877993133374,0.0024004740345376376
2025-06-02,BTC,-0.0008100664363026,-0.0005638504092055919,-0.00024621602709700807
2025-06-03,BTC,0.0083618617046837,0.0028169261222228564,0.005544935582460844
2025-06-04,BTC,-0.0110289095887289,-0.000933099899504663,-0.010095809689224237
2025-06-05,BTC,-0.0402910329262461,0.0021628339749903153,-0.04245386690123641
2025-06-06,BTC,0.0396039969436387,0.00419778470756944,0.035406212236069254
2025-06-07,BTC,0.0126806497747414,-0.004482237297586094,0.017162887072327493
2025-06-08,BTC,0.0028522928911899,-0.0011479931430505806,0.004000286034240481
2025-06-09,BTC,0.0238518476312784,4.77208173709721e-05,0.02380412681390743
2025-06-10,BTC,0.0108796967262069,-0.00229094159186568,0.01317063831807258
2025-06-11,BTC,-0.0097412360535717,-0.0010367248517635028,-0.008704511201808197
2025-06-12,BTC,-0.0268425098983705,0.0012776959718598928,-0.028120205870230394
2025-06-13,BTC,-0.0051403750235719,0.005247812097638595,-0.010388187121210495
2025-06-14,BTC,-0.0051710331924247,0.001293341254197822,-0.006464374446622522
2025-06-15,BTC,-0.0013585485945171,0.0016065895512961464,-0.0029651381458132464
2025-06-16,BTC,0.0379782439223428,0.001169304854491219,0.036808939067851584
2025-06-17,BTC,-0.0414315990714765,-0.004445446794163503,-0.03698615227731299
2025-06-18,BTC,0.0041467841042586,0.004247035679009049,-0.00010025157475044948
2025-06-19,BTC,-0.0052933670757046,-0.000305149230182295,-0.004988217845522305
2025-06-20,BTC,-0.0056005658874379,0.0012465548848575032,-0.006847120772295403
2025-06-21,BTC,-0.0020006515302904,0.0001708606625963807,-0.0021715121928867808
2025-06-22,BTC,-0.038857225519373,-0.00011296775527963501,-0.03874425776409336
2025-06-23,BTC,0.0416404482657517,0.004007466284536708,0.037632981981214994
2025-06-24,BTC,0.0223799109903281,-0.003984821672775674,0.026364732663103775
2025-06-25,BTC,0.01587950516398,-0.0031497194452683617,0.01902922460924836
2025-06-26,BTC,-0.0003716982264991,-0.0014515033878244792,0.0010798051613253791
2025-06-27,BTC,-0.0062143241938174,0.0011605416332037535,-0.007374865827021153
2025-06-28,BTC,0.0007567033223271,-4.923175944502402e-05,0.000805935081772124
2025-06-29,BTC,0.0018752704119379,-0.0006693610910601089,0.002544631502998009
2025-06-30,BTC,0.0018296689189536,-0.0008888471722321808,0.002718516091185781
2025-07-01,BTC,-0.0154826585897182,0.0010844498802921863,-0.016567108470010385
2025-07-02,BTC,0.0303375019980944,0.003144816079916457,0.027192685918177945
2025-07-03,BTC,0.0069497178712688,-0.00276755785025232,0.00971727572152112
2025-07-04,BTC,-0.0203334347912503,-0.0004172042454558603,-0.019916230545794437
2025-07-05,BTC,0.0034584161478047,0.003583032690566375,-0.00012461654276167472
2025-07-06,BTC,0.0055469229351286,0.0009155023888204607,0.004631420546308139
2025-07-07,BTC,-0.0076815608287019,0.0005729497995617904,-0.00825451062826369
2025-07-08,BTC,0.0073361345369471,0.0006270125531881494,0.00670912198375895
2025-07-09,BTC,0.0187821967763229,-0.0012671567010097702,0.02004935347733267
2025-07-10,BTC,0.0250346896251513,-0.0016953138502173786,0.02673000347536868
2025-07-11,BTC,0.035825129277389,-0.0027470203143005515,0.03857214959168955
2025-07-12,BTC,-0.0051108497117187,-0.003509422678260142,-0.0016014270334585583
2025-07-13,BTC,0.0169217604717021,0.0017032591588817681,0.015218501312820331
2025-07-14,BTC,0.0091468362805552,-0.0009618605799848218,0.010108696860540023
2025-07-15,BTC,-0.0316296356767493,-0.001483076405692097,-0.0301465592710572
2025-07-16,BTC,0.0292863118854258,0.0028730608790592384,0.026413251006366562
2025-07-17,BTC,-0.0038214198370703,-0.0026748778663371127,-0.0011465419707331875
2025-07-18,BTC,-0.0167965559570949,0.0005006801697491856,-0.017297236126844088
2025-07-19,BTC,0.0026256358596381,0.0023417306393866623,0.00028390522025143784
2025-07-20,BTC,0.0028269320694725,0.0002788581888178741,0.002548073880654626
2025-07-21,BTC,-0.0096277217540046,0.00015752628321183277,-0.009785248037216433
2025-07-22,BTC,0.0234579986151611,0.002564045672556312,0.020893952942604786
2025-07-23,BTC,-0.0149823279857618,-0.001813260413204545,-0.013169067572557255
2025-07-24,BTC,0.0065785015217769,0.0014228198110745756,0.005155681710702324
2025-07-25,BTC,-0.0139685574206617,-0.001202803337234699,-0.012765754083427
2025-07-26,BTC,0.0076741688479365,0.0008210523205750594,0.00685311652736144
2025-07-27,BTC,0.0066551631999904,-0.0013647184473101549,0.008019881647300555
2025-07-28,BTC,-0.0063514812381396,-0.0013045960326581029,-0.005046885205481497
2025-07-29,BTC,-0.0052862858916685,0.00011789816319995666,-0.005404184054868457
2025-07-30,BTC,-0.0024283896908552,0.0007783149195940608,-0.003206704610449261
2025-07-31,BTC,-0.0054670400732005,-0.0005576175099049125,-0.004909422563295587
2025-08-01,BTC,-0.0226562408043459,0.00047217727801980656,-0.023128418082365706
2025-08-02,BTC,-0.0099705658641667,0.003100571076528185,-0.013071136940694885
2025-08-03,BTC,0.0147467582909126,0.0018304088641589583,0.012916349426753642
2025-08-04,BTC,0.0035308644687604,-0.0010311041545931876,0.004561968623353588
2025-08-05,BTC,-0.0105267881757121,0.0015153694660489708,-0.012042157641761071
2025-08-06,BTC,0.0127947917857058,0.0012674884297012067,0.011527303356004593
2025-08-07,BTC,0.0182829175596594,-0.0008079362092625619,0.019090853768921962
2025-08-08,BTC,-0.0030020843907562,-0.001684164757585448,-0.0013179196331707518
2025-08-09,BTC,-0.0007826231538579,0.0019623253275342367,-0.0027449484813921367
2025-08-10,BTC,0.0134174063966469,0.001749156986193875,0.011668249410453026
2025-08-11,BTC,0.0041262019731332,-3.7098421969644525e-05,0.0041633003951028445
2025-08-12,BTC,0.0109588801540587,-0.0027030754285327268,0.013661955582591426
2025-08-13,BTC,0.0226457693243965,-0.0005375864383626414,0.02318335576275914
2025-08-14,BTC,-0.0414110409253692,-0.002311601793692665,-0.03909943913167654
2025-08-15,BTC,-0.0047878356172207,0.004288040271553096,-0.009075875888773795
2025-08-16,BTC,0.0030707730153419,0.0006411074215603963,0.0024296655937815033
2025-08-17,BTC,-0.0002484480820208,-0.00011291660347818554,-0.00013553147854261446
2025-08-18,BTC,-0.0106411956555805,0.00030672165200577856,-0.010947917307586279
2025-08-19,BTC,-0.0251661332916949,0.0011613618197806174,-0.02632749511147552
2025-08-20,BTC,0.0073322869121233,0.002195498225505112,0.005136788686618187
2025-08-21,BTC,-0.0174781289922836,-0.0002261782348626115,-0.01725195075742099
2025-08-22,BTC,0.0398852492041319,0.001865255590760391,0.038019993613371515
2025-08-23,BTC,-0.0146090215905401,-0.00287580846593782,-0.01173321312460228
2025-08-24,BTC,-0.0223854764884295,0.00382659591383162,-0.02621207240226112
2025-08-25,BTC,-0.02776708289201,0.004605610964492304,-0.0323726938565023
2025-08-26,BTC,0.0155612444287711,0.002888231202089269,0.012673013226681832
2025-08-27,BTC,0.0093628495962423,-0.0011169187957331735,0.010479768391975473
2025-08-28,BTC,-0.0041521297080581,-0.0004332664178988158,-0.0037188632901592844
2025-08-29,BTC,-0.0378056402747722,0.0015587917365788239,-0.03936443201135102
2025-08-30,BTC,0.0081788890453727,0.005139576892537637,0.003039312152835063
2025-08-31,BTC,0.0038214812130325,-0.00013190022564174087,0.003953381438674241
2025-09-01,BTC,-0.0023016625412189,0.000423754998886406,-0.002725417540105306
2025-09-02,BTC,0.0231759195427326,0.0009605818209942905,0.02221533772173831
2025-09-03,BTC,0.007593523430252,-0.0014919334211415216,0.009085456851393522
2025-09-04,BTC,-0.0166477058203542,0.0004974818847782562,-0.017145187705132455
2025-09-05,BTC,0.0112163961830805,0.0019440404796923787,0.009272355703388122
2025-09-06,BTC,-0.0133821039113165,-0.00032622885218920876,-0.013055875059127291
2025-09-07,BTC,0.0106253745650014,0.0031348022436089047,0.007490572321392495
2025-09-08,BTC,0.0056887305348703,0.0002027409860683025,0.005485989548801998
2025-09-09,BTC,-0.0043624192418514,0.0003869262190106515,-0.004749345460862052
2025-09-10,BTC,0.0188760116566982,0.001085334667230229,0.01779067698946797
2025-09-11,BTC,0.0070273607405556,-0.0018570032605202938,0.008884364001075893
2025-09-12,BTC,0.015689928153922,-0.00010862347801218225,0.01579855163193418
2025-09-13,BTC,-0.0024523977812159,-0.00135793305057443,-0.00109446473064147
2025-09-14,BTC,-0.0008242276977695,0.0010416023267951222,-0.0018658300245646222
2025-09-15,BTC,-0.0038201676241366,0.000874110610831862,-0.004694278234968462
2025-09-16,BTC,0.012897080812772,0.0018478004440128917,0.011049280368759108
2025-09-17,BTC,-0.0108647567851954,-0.0009889910303455011,-0.0098757657548499
2025-09-18,BTC,0.0166929519042229,0.0011544833597233203,0.015538468544499579
2025-09-19,BTC,-0.0186742864156792,-0.0022507579394639614,-0.01642352847621524
2025-09-20,BTC,0.0037738391086901,0.00351665409314516,0.00025718501554493995
2025-09-21,BTC,-0.0036616886503941,0.0011112267525375254,-0.0047729154029316255
2025-09-22,BTC,-0.0225206528402166,0.0020061788120164905,-0.02452683165223309
2025-09-23,BTC,-0.0073357729407807,0.004692012036986666,-0.012027784977767367
2025-09-24,BTC,0.0138934106339556,0.0016313821559483627,0.012262028478007237
2025-09-25,BTC,-0.0393282822798456,-0.0027239855977853286,-0.03660429668206027
2025-09-26,BTC,0.0015094902458425,0.004400853659620356,-0.0028913634137778563
2025-09-27,BTC,0.0008967741770086,0.0012302705036269207,-0.0003334963266183207
2025-09-28,BTC,0.0127754242732926,0.0017060630123541388,0.011069361260938462
2025-09-29,BTC,0.0307312505198707,0.00016778808864574736,0.03056346243122495
2025-09-30,BTC,0.0024820015753068,-0.0023019370800148346,0.004783938655321635
2025-10-01,BTC,0.0254016005298061,0.0006364556621156286,0.024765144867690474
2025-10-02,BTC,0.0262898622865122,-0.002195794305201503,0.028485656591713704
2025-10-03,BTC,0.0149945258714193,-0.0036128406396212158,0.018607366511040516
2025-10-04,BTC,-0.0046564251940685,-0.0008802174537126989,-0.0037762077403558007
2025-10-05,BTC,0.0065556536899978,0.0018859204515493738,0.0046697332384484265
2025-10-06,BTC,0.0199538786450737,0.00019278754898041363,0.019761091096093288
2025-10-07,BTC,-0.0261462439945661,-0.0007282298303104293,-0.02541801416425567
2025-10-08,BTC,0.0074892442519367,0.0033655856749028245,0.004123658577033875
2025-10-09,BTC,-0.0144294946717316,0.0007955762607837418,-0.015225070932515341
2025-10-10,BTC,-0.0576142028001618,-0.000455570121189979,-0.057158632678971824
2025-10-11,BTC,-0.0351586007691241,0.0056189776311828315,-0.040777578400306935
2025-10-12,BTC,0.0409898016355781,0.003109702993307775,0.03788009864227033
2025-10-13,BTC,0.0064161069512723,-0.005887146526121243,0.012303253477393543
2025-10-14,BTC,-0.0239259949548147,0.002618577186400197,-0.026544572141214896
2025-10-15,BTC,-0.0166044090832243,0.0034332583686824897,-0.02003766745190679
2025-10-16,BTC,-0.0305539851750346,0.0031296550624738315,-0.03368364023750843
2025-10-17,BTC,-0.0071531705525628,0.005504521448725444,-0.012657692001288244
2025-10-18,BTC,0.000284684140016,-0.000905338710542908,0.001190022850558908
2025-10-19,BTC,0.0169203734263802,-0.0012950464532024497,0.01821541987958265
2025-10-20,BTC,0.0194857178327793,-0.003397709423006715,0.022883427255786015
2025-10-21,BTC,-0.0014871801435665,0.0010211052455731146,-0.0025082853891396145
2025-10-22,BTC,-0.0296534477167407,-0.004722816170763479,-0.024930631545977223
2025-10-23,BTC,0.0176424962097979,0.0023803543303011964,0.015262141879496701
2025-10-24,BTC,0.0116390924671684,2.8268948816510106e-05,0.01161082351835189
2025-10-25,BTC,0.0051276291180262,-0.0007495610028965547,0.0058771901209227545
2025-10-26,BTC,0.0172449866827359,0.0003688364991389068,0.01687615018359699
2025-10-27,BTC,0.0099262055285698,-0.001344320844325253,0.011270526372895053
2025-10-28,BTC,-0.0147685271155038,-0.002450568228700192,-0.012317958886803607
2025-10-29,BTC,-0.012181696800713,0.0013966602682217717,-0.013578357068934772
2025-10-30,BTC,-0.0360429342047102,0.001978945164249811,-0.03802187936896001
2025-10-31,BTC,0.0176601380811174,0.00399457834662214,0.01366555973449526
2025-11-01,BTC,0.0088957018624828,-0.0021491934560508167,0.011044895318533615
2025-11-02,BTC,-0.0035989495444322,-0.0006723484922495144,-0.0029266010521826857
2025-11-03,BTC,-0.0291502668727765,0.0006732899193694011,-0.029823556792145902
2025-11-04,BTC,-0.0633740452071202,0.00401233260057192,-0.06738637780769212
2025-11-05,BTC,0.0329853455650725,0.005552883299929616,0.027432462265142885
2025-11-06,BTC,-0.0252048543811298,-0.0029755674919955495,-0.02222928688913425
2025-11-07,BTC,0.0267502900025979,0.00247601194033539,0.02427427806226251
2025-11-08,BTC,-0.0147160495337765,-0.0027729543414256154,-0.011943095192350886
2025-11-09,BTC,0.0212450167427746,0.0024702984540395886,0.01877471828873501
2025-11-10,BTC,0.0105043321621615,-0.0018938135285269237,0.012398145690688422
2025-11-11,BTC,-0.0284397398346052,0.0020285830830440695,-0.030468322917649268
2025-11-12,BTC,-0.007572923304809,0.0035534246733109963,-0.011126347978119996
2025-11-13,BTC,-0.0306206357366333,0.002878917540776717,-0.03349955327741002
2025-11-14,BTC,-0.0391503354714297,0.00234120696252498,-0.041491542433954684
2025-11-15,BTC,0.001983717475097,0.002563585008313323,-0.0005798675332163231
2025-11-16,BTC,-0.0186387544867721,-0.001783587966266669,-0.016855166520505428
2025-11-17,BTC,-0.0176441309297601,0.00036128903839051835,-0.018005419968150617
2025-11-18,BTC,0.0071132451859113,0.0011397393421311679,0.005973505843780132
2025-11-19,BTC,-0.0210577376178096,-0.0014945027648889115,-0.019563234852920688
2025-11-20,BTC,-0.0372978608455766,0.00289430791142231,-0.04019216875699891
2025-11-21,BTC,-0.0238467080382645,0.0030319250616117283,-0.026878633099876228
2025-11-22,BTC,-0.0092204157742392,0.003407697665354329,-0.012628113439593528
2025-11-23,BTC,0.0419355006517329,0.0022541276953722805,0.039681372956360615
2025-11-24,BTC,0.0090451901082058,-0.00402684020781834,0.01307203031602414
2025-11-25,BTC,-0.02011788325946,0.00011299548592290864,-0.02023087874538291
2025-11-26,BTC,0.0356818949837344,0.003984331390098207,0.031697563593636194
2025-11-27,BTC,0.0133570181840575,-0.0032640882013897842,0.016621106385447285
2025-11-28,BTC,-0.0051948271339137,-0.0004246829784181833,-0.004770144155495517
2025-11-29,BTC,0.0012381105478186,0.0021492980186649333,-0.0009111874708463334
2025-11-30,BTC,0.001515408153082,0.0016248928681087882,-0.00010948471502678818
2025-12-01,BTC,-0.0531350664648002,0.0015841020321386188,-0.05471916849693882
2025-12-02,BTC,0.0579729924579246,0.006485679537828513,0.05148731292009609
2025-12-03,BTC,0.0228403976892387,-0.00773883862598208,0.03057923631522078
2025-12-04,BTC,-0.0168738629983313,-0.0022066679230024807,-0.014667195075328819
2025-12-05,BTC,-0.0330165845957834,0.0024623449526164722,-0.03547892954839987
2025-12-06,BTC,0.0029906953622898,0.004242209372950807,-0.0012515140106610068
2025-12-07,BTC,0.0087032450948725,0.0002098186510598476,0.008493426443812653
2025-12-08,BTC,0.0123930461845403,-0.0005846288277549793,0.012977675012295279
2025-12-09,BTC,0.0145314140683793,-0.0019019078731302777,0.01643332194150958
2025-12-10,BTC,-0.0030149598901376,-0.0013118234554255342,-0.0017031364347120659
2025-12-11,BTC,0.0054002300906678,0.0007053193371550599,0.00469491075351274
2025-12-12,BTC,-0.0293986779264238,0.001329031515689997,-0.030727709442113796
2025-12-13,BTC,-0.0004091494203277,0.0031498570022321913,-0.003559006422559891
2025-12-14,BTC,-0.0192030922800084,-0.00019271255954580243,-0.019010379720462597
2025-12-15,BTC,-0.0255916762648211,0.0021719356168548054,-0.027763611881675906
2025-12-16,BTC,0.0178996453156278,0.003435334291729395,0.014464311023898405
2025-12-17,BTC,-0.0207609646560426,-0.001991046820068638,-0.01876991783597396
2025-12-18,BTC,-0.0044331347813775,0.002806991034346148,-0.007240125815723648
2025-12-19,BTC,0.0253697349033878,0.001055485762556926,0.024314249140830874
2025-12-20,BTC,0.0044338441770017,-0.0018531028347084787,0.006286947011710179
2025-12-21,BTC,-0.0003888803849442,0.0012363303296963606,-0.0016252107146405605
2025-12-22,BTC,0.0010552617757264,0.0016572164594057391,-0.0006019546836793391
2025-12-23,BTC,-0.0066415618703312,0.0022402627396990887,-0.008881824610030288
2025-12-24,BTC,-0.0002490387408431,0.002204415376560532,-0.002453454117403632
2025-12-25,BTC,0.002335252326696,0.0007429982591761867,0.0015922540675198133
2025-12-26,BTC,-0.004811213680116,0.0005615260815579153,-0.005372739761673915
2025-12-27,BTC,0.0019471045209177,0.001726339644294242,0.0002207648766234581
2025-12-28,BTC,-0.0006330785814658,0.0014984295634537929,-0.0021315081449195927
2025-12-29,BTC,-0.0034935276376092,0.0017558668764740982,-0.005249394514083298
2025-12-30,BTC,0.0109846166391908,-0.0031804494269276956,0.014165066066118497
2025-12-31,BTC,-0.0058062780569171,-0.00016470110682521944,-0.005641576950091881
2021-01-06,ETH,0.0874659336204694,-0.0039745308555845715,0.09144046447605396
2021-01-07,ETH,0.0585521481689383,-0.006740476192066518,0.06529262436100482
2021-01-08,ETH,-0.0514169536540314,-0.00012952532215776484,-0.051287428331873636
2021-01-09,ETH,0.0807209526697571,0.0012923546736724719,0.07942859799608462
2021-01-10,ETH,0.0069518584406703,-0.00676815062453052,0.013720009065200819
2021-01-11,ETH,-0.2294594895192086,-0.002255759727661077,-0.22720372979154754
2021-01-12,ETH,0.0401845274810145,0.014833659270470236,0.02535086821054426
2021-01-13,ETH,0.0445522325809228,-0.00275095843118487,0.04730319101210767
2021-01-14,ETH,0.0521246694827394,0.0005312092623744936,0.05159346022036491
2021-01-15,ETH,-0.0233999092366631,-0.004222944781769981,-0.019176964454893117
2021-01-16,ETH,0.0634835492424225,0.002466499629990561,0.061017049612431935
2021-01-17,ETH,-0.0634835492424225,-0.0028076745246872104,-0.060675874717735286
2021-01-18,ETH,0.0622605254677991,0.004819687008569687,0.05744083845922941
2021-01-19,ETH,0.1331554781016388,-0.004454204677310847,0.13760968277894964
2021-01-20,ETH,-0.0623450804054326,-0.006522738591060765,-0.05582234181437184
2021-01-21,ETH,-0.1229533139763345,0.0071553072999138816,-0.13010862127624837
2021-01-22,ETH,0.0605040745316164,0.0070352000447103415,0.05346887448690606
2021-01-23,ETH,0.002752888055569,-0.0031215476648120896,0.00587443572038109
2021-01-24,ETH,0.0858458694609986,0.00021271859192603911,0.08563315086907257
2021-01-25,ETH,-0.0096601970016136,-0.004708688914627757,-0.004951508086985843
2021-01-26,ETH,-0.0088173993914652,0.00203923585033221,-0.01085663524179741
2021-01-27,ETH,-0.0443441457519921,0.0004516883013346484,-0.04479583405332675
2021-01-28,ETH,0.0578148186055521,-0.0030242188646607405,0.06083903747021284
2021-01-29,ETH,0.0144945496128033,-0.00035474820398403604,0.014849297816787337
2021-01-30,ETH,0.011964741425828,-0.0019971445198778653,0.013961885945705866
2021-01-31,ETH,-0.073236667738258,-0.0020197396817532628,-0.07121692805650474
2021-02-01,ETH,0.0451274982165844,0.003058592784328341,0.042068905432256054
2021-02-02,ETH,0.1182157035707724,0.0021213581851537936,0.11609434538561861
2021-02-03,ETH,0.0719670119028979,-0.004566088197784782,0.07653310010068269
2021-02-04,ETH,0.0055070656306023,-0.002673221872598688,0.008180287503200987
2021-02-05,ETH,0.0464735196858439,0.0006358557863167597,0.04583766389952714
2021-02-06,ETH,-0.0055543556123134,-0.0023827797827514798,-0.0031715758295619203
2021-02-07,ETH,-0.0938991442931581,0.0007536301039039012,-0.094652774397062
2021-02-08,ETH,0.0897643901184346,0.00608259053423088,0.08368179958420371
2021-02-09,ETH,0.0380474103410317,-0.0037495769510382105,0.04179698729206991
2021-02-10,ETH,-0.023343404821077,-0.002957095900176453,-0.020386308920900546
2021-02-11,ETH,0.02317955236702,0.002419567682799307,0.020759984684220693
2021-02-12,ETH,0.0459787008021474,-0.0009342442703712282,0.04691294507251863
2021-02-13,ETH,-0.0213651990064852,-0.0016547270474284836,-0.019710471959056716
2021-02-14,ETH,-0.005251270987551,0.0023856246452828777,-0.007636895632833878
2021-02-15,ETH,-0.0083759808263714,0.0013769071106493464,-0.009752887937020746
2021-02-16,ETH,-0.0203762035598103,0.0014397855483578893,-0.02181598910816819
2021-02-17,ETH,0.0567384585075147,-0.0010392606894246053,0.05777771919693931
2021-02-18,ETH,0.0479493463315288,-0.0024624334701474626,0.050411779801676264
2021-02-19,ETH,0.0053894953580914,-0.0038914902784053184,0.009280985636496718
2021-02-20,ETH,0.0042419392954262,-0.0007889841641330266,0.005030923459559227
2021-02-21,ETH,-0.0071738699958365,-0.0006327553354231228,-0.006541114660413377
2021-02-22,ETH,-0.0800683295812938,-6.433027838476301e-05,-0.08000399930290904
2021-02-23,ETH,-0.1595073799137253,0.004559948204469815,-0.1640673281181951
2021-02-24,ETH,0.0356897513817808,0.011075965132686197,0.024613786249094605
2021-02-25,ETH,-0.0441579222918986,-0.0005502866264236659,-0.04360763566547493
2021-02-26,ETH,-0.0634993031484929,-0.004573926105020418,-0.05892537704347249
2021-02-27,ETH,0.0532817296860809,0.006042379715568516,0.047239349970512386
2021-02-28,ETH,-0.1253055701615588,-0.0011317108765732473,-0.12417385928498555
2021-03-01,ETH,0.1509862104572935,0.009730171622287549,0.14125603883500595
2021-03-02,ETH,-0.0519905181851338,-0.005112044614152888,-0.046878473570980905
2021-03-03,ETH,0.0830074678344419,0.003086294475486949,0.07992117335895496
2021-03-04,ETH,-0.0506059588147548,-0.007243345913060855,-0.043362612901693944
2021-03-05,ETH,0.0103907943364806,0.0025585539465708836,0.007832240389909716
2021-03-06,ETH,0.0696904623912392,0.003392093944636418,0.06629836844660278
2021-03-07,ETH,0.0198568082843228,-0.0001607990999157023,0.020017607384238505
2021-03-08,ETH,0.0664959873104259,0.0028593891321661313,0.06363659817825977
2021-03-09,ETH,0.0187550952749812,-0.004364104663291708,0.023119199938272907
2021-03-10,ETH,-0.0051032710643535,0.0021843748243360415,-0.007287645888689542
2021-03-11,ETH,0.0138156529979082,0.0019906457026805796,0.01182500729522762
2021-03-12,ETH,-0.0461714084051587,-0.0007024725538495116,-0.04546893585130919
2021-03-13,ETH,0.0947230634983449,0.0033793317502837737,0.09134373174806112
2021-03-14,ETH,-0.0415475290082825,-0.00508520268716882,-0.03646232632111368
2021-03-15,ETH,-0.0337628089117958,0.0030540677462722234,-0.03681687665806802
2021-03-16,ETH,0.0029859249298734,0.004473545499823853,-0.001487620569950453
2021-03-17,ETH,0.010023190744648,0.0006369767830081064,0.009386213961639894
2021-03-18,ETH,-0.0236715907368449,-0.0011691082069797388,-0.022502482529865163
2021-03-19,ETH,0.0244642804183393,0.000729061789908167,0.023735218628431132
2021-03-20,ETH,0.00593069809497,-0.000408923736224954,0.006339621831194953
2021-03-21,ETH,-0.0203966345380342,0.0007293401871909317,-0.021125974725225132
2021-03-22,ETH,-0.0651334509977006,0.0023214742830143303,-0.06745492528071492
2021-03-23,ETH,-0.0036532773841372,0.005754888268228728,-0.009408165652365928
2021-03-24,ETH,-0.036839315069871,0.0016748816175107119,-0.038514196687381715
2021-03-25,ETH,-0.0051757180814085,0.003321236778438216,-0.008496954859846716
2021-03-26,ETH,0.0381022360854666,0.001379422039970308,0.03672281404549629
2021-03-27,ETH,0.0315336651703143,0.00012644415523206497,0.03140722101508223
2021-03-28,ETH,-0.0099211860871282,0.0004539702637302114,-0.010375156350858412
2021-03-29,ETH,0.0599189785601627,0.002927367675727036,0.05699161088443566
2021-03-30,ETH,0.0185365625278024,-0.005110211669648589,0.02364677419745099
2021-03-31,ETH,0.0523915980993644,-0.0005043789689986263,0.05289597706836303
2021-04-01,ETH,0.0150211048941037,-0.0010515183802929447,0.016072623274396645
2021-04-02,ETH,0.0599164456392268,0.001664787565658383,0.05825165807356842
2021-04-03,ETH,-0.0144663715529175,-0.0008295884839938189,-0.013636783068923682
2021-04-04,ETH,0.0058010724572622,0.003630400384824073,0.0021706720724381273
2021-04-05,ETH,0.0151105985263657,0.0023429310936819627,0.012767667432683738
2021-04-06,ETH,0.0083050077598713,-0.0011508497528879757,0.009455857512759274
2021-04-07,ETH,-0.0652912498144372,0.0006951923478629244,-0.06598644216230012
2021-04-08,ETH,0.0327354588349813,0.005357491402347587,0.027377967432633713
2021-04-09,ETH,0.0082086702392727,-0.000929036978810495,0.009137707218083196
2021-04-10,ETH,0.0113409514202149,-0.0001382799005101575,0.011479231320725057
2021-04-11,ETH,0.0247514162046563,-0.0002546617320169968,0.025006077936673296
2021-04-12,ETH,-0.0012350197192224,-0.0011380093337020642,-9.701038552033573e-05
2021-04-13,ETH,0.0709709640419451,-0.0003593424068842489,0.07133030644882934
2021-04-14,ETH,0.0290976161583718,-0.002836462447999462,0.03193407860637126
2021-04-15,ETH,0.0544424435494709,-0.002411204732626468,0.056853648282097366
2021-04-16,ETH,-0.017119441246603,0.0006228258101569187,-0.01774226705675992
2021-04-17,ETH,-0.0278953287031623,0.001959952598522895,-0.029855281301685195
2021-04-18,ETH,-0.09675362722932,0.002574801136867116,-0.09932842836618712
2021-04-19,ETH,0.0165708906092724,0.006868721709575262,0.00970216889969714
2021-04-20,ETH,0.0438226777581628,-0.0031977508108976863,0.04702042856906049
2021-04-21,ETH,0.0412425207111409,-0.0015892037735690126,0.04283172448470991
2021-04-22,ETH,0.0014297829498524,-0.00015336070717168445,0.0015831436570240844
2021-04-23,ETH,-0.0358644431745241,-0.00022207538013372668,-0.035642367794390374
2021-04-24,ETH,-0.0114652150865731,0.0024577166544227018,-0.013922931740995802
2021-04-25,ETH,0.0135466855965543,0.0008128538434180979,0.012733831753136202
2021-04-26,ETH,0.0548659742275471,-0.0006962208889097494,0.055562195116456846
2021-04-27,ETH,0.0739522624891822,-0.002684088172787515,0.07663635066196972
2021-04-28,ETH,0.0221753649139366,-0.004101911054930493,0.026277275968867093
2021-04-29,ETH,0.0008308055783679,-0.0016687477768001393,0.0024995533551680394
2021-04-30,ETH,0.0204151350177977,0.0003750196840570548,0.020040115333740647
2021-05-01,ETH,0.0648510604405764,0.0006126839566684008,0.064238376483908
2021-05-02,ETH,-0.0047051876047732,-0.002078865745989619,-0.0026263218587835807
2021-05-03,ETH,0.1129495358925967,0.002109020728618587,0.11084051516397811
2021-05-04,ETH,0.0353288476727532,-0.005341387438060273,0.04067023511081347
2021-05-05,ETH,0.0173557510227563,-0.0015300010314776003,0.0188857520542339
2021-05-06,ETH,0.0006432510068875,0.000668375279990161,-2.5124273102660995e-05
2021-05-07,ETH,0.00979648862612,0.002016361335012917,0.007780127291107083
2021-05-08,ETH,0.0946734613858069,-0.0004052734588268024,0.09507873484463371
2021-05-09,ETH,0.0156978656642001,-0.0054507683345538585,0.021148633998753958
2021-05-10,ETH,0.0001840942567792,-0.0006848372865908109,0.0008689315433700109
2021-05-11,ETH,0.0577588993723264,-0.0011355028011072385,0.05889440217343364
2021-05-12,ETH,-0.0102722479273784,-0.004477930005478134,-0.0057943179219002655
2021-05-13,ETH,-0.098217645498194,-0.0016414241826038585,-0.09657622131559014
2021-05-14,ETH,0.0725623279076517,0.010102777817086215,0.06245955009056549
2021-05-15,ETH,-0.0529043207047081,-0.0011268359289080293,-0.051777484775800076
2021-05-16,ETH,-0.1214142854015924,0.0064013766744099275,-0.1278156620760023
2021-05-17,ETH,0.0246823718907152,0.010568229449023699,0.014114142441691502
2021-05-18,ETH,-0.0005085354144676,-0.00044469212087424454,-6.384329359335542e-05
2021-05-19,ETH,-0.2787636473505414,-0.0016271262631936516,-0.2771365210873477
2021-05-20,ETH,0.0600270344783509,0.01874114308162974,0.04128589139672116
2021-05-21,ETH,-0.2042675703481339,-0.001992584809056898,-0.202274985539077
2021-05-22,ETH,0.0469352042860224,0.013799546420480762,0.03313565786554164
2021-05-23,ETH,-0.2180117590621507,-0.001429264205657967,-0.21658249485649272
2021-05-24,ETH,0.3236673188485697,0.014641292332306478,0.3090260265162632
2021-05-25,ETH,-0.0268580039298718,-0.017293349347048428,-0.009564654582823372
2021-05-26,ETH,0.0912089048578151,0.0027369996834301982,0.08847190517438491
2021-05-27,ETH,-0.0281047500912404,-0.002810948494435841,-0.02529380159680456
2021-05-28,ETH,-0.1143550261585485,0.001913151961244224,-0.11626817811979273
2021-05-29,ETH,-0.0817049340478926,0.008556532329250292,-0.09026146637714288
2021-05-30,ETH,0.0860283942848272,0.006534221672964112,0.07949417261186309
2021-05-31,ETH,0.0639398695598973,-0.0036665076341724037,0.06760637719406971
2021-06-01,ETH,-0.0080220581798565,-0.0024619682760157685,-0.005560089903840731
2021-06-02,ETH,0.0543525096369146,-0.0005059372363677629,0.05485844687328236
2021-06-03,ETH,0.0361290202753046,-0.0015406466892291639,0.03766966696453377
2021-06-04,ETH,-0.0435718649858327,-0.002186301021962165,-0.04138556396387054
2021-06-05,ETH,-0.0255741002283074,0.005082530822294892,-0.03065663105060229
2021-06-06,ETH,0.0287659342143718,0.003961330868976978,0.024804603345394825
2021-06-07,ETH,-0.0194447726031958,0.0006253410326717165,-0.02007011363586752
2021-06-08,ETH,-0.0468058760767637,0.0014310408098062762,-0.04823691688656998
2021-06-09,ETH,0.0093983221067733,0.004007732626692029,0.00539058948008127
2021-06-10,ETH,-0.0365262801161025,0.0002601237100005611,-0.036786403826103056
2021-06-11,ETH,-0.0362470702026484,0.00445445896563963,-0.04070152916828803
2021-06-12,ETH,0.011177592736756,0.0035918904955182882,0.007585702241237712
2021-06-13,ETH,0.0481893032866409,0.0007423340189666119,0.04744696926767429
2021-06-14,ETH,0.0057406684637927,-0.0014739516438012574,0.007214620107593958
2021-06-15,ETH,-0.0077725816757817,-0.0011398543933196746,-0.006632727282462026
2021-06-16,ETH,-0.049809655583132,0.000368359835279003,-0.05017801541841101
2021-06-17,ETH,-0.0232597548074201,0.004106561495476431,-0.02736631630289653
2021-06-18,ETH,-0.0659377072087078,0.0011459794722390717,-0.06708368668094687
2021-06-19,ETH,0.0136927694576764,0.00416460888891614,0.009528160568760262
2021-06-20,ETH,0.0165757900566552,-0.0006988343289607852,0.017274624385615986
2021-06-21,ETH,-0.153468709806034,-0.0008154857028426622,-0.15265322410319135
2021-06-22,ETH,-0.0049182290226143,0.01100891593391851,-0.01592714495653281
2021-06-23,ETH,-0.0004973011157077,0.0014141439759653438,-0.0019114450916730436
2021-06-24,ETH,0.0379157162505123,0.0009630599184876923,0.03695265633202461
2021-06-25,ETH,-0.0710074938703317,-0.0014258464811763537,-0.06958164738915534
2021-06-26,ETH,-0.055283737094331,0.004739649928988387,-0.060023387023319386
2021-06-27,ETH,0.0278477176451602,0.0037604058535665643,0.024087311791593638
2021-06-28,ETH,0.1598507652470664,-0.0012655764282506617,0.16111634167531708
2021-06-29,ETH,0.0277104731223516,-0.00808317942794642,0.035793652550298025
2021-06-30,ETH,0.0209306658603192,-0.001454986526576282,0.02238565238689548
2021-07-01,ETH,-0.0534946270716372,0.0015634091667124023,-0.0550580362383496
2021-07-02,ETH,-0.0132739537181995,0.00466758704511864,-0.01794154076331814
2021-07-03,ETH,0.0589578811678348,0.001770198100808859,0.057187683067025936
2021-07-04,ETH,0.0571006121724668,-0.0027746523791838213,0.05987526455165062
2021-07-05,ETH,-0.0588586760508027,-0.0026392384338896264,-0.05621943761691307
2021-07-06,ETH,0.0412853414086397,0.005444773436190234,0.035840567972449465
2021-07-07,ETH,0.0230501271714635,-0.0002666716308940922,0.023316798802357593
2021-07-08,ETH,-0.1001665171530884,0.0006427519898752809,-0.10080926914296368
2021-07-09,ETH,-0.0015069406346698,0.004538935835737246,-0.006045876470407046
2021-07-10,ETH,-0.019069090660851,0.0012880269037447351,-0.020357117564595736
2021-07-11,ETH,0.0164288158142216,0.0022629417013762332,0.014165874112845367
2021-07-12,ETH,-0.0491863375670498,6.58961477407289e-05,-0.04925223371479053
2021-07-13,ETH,-0.0399523861066131,0.0037251965499002352,-0.043677582656513336
2021-07-14,ETH,0.0207138886502083,0.003441605895835957,0.017272282754372342
2021-07-15,ETH,-0.0318956684667643,-3.442368024578233e-05,-0.03186124478651852
2021-07-16,ETH,-0.0129003709169978,0.003503698386704965,-0.016404069303702765
2021-07-17,ETH,-0.0013471559159939,-0.000246763895204655,-0.0011003920207892448
2021-07-18,ETH,-0.0023038387276053,-0.000977328947861245,-0.0013265097797440552
2021-07-19,ETH,-0.0403185102446018,-0.0009097748200544725,-0.03940873542454733
2021-07-20,ETH,-0.0140560562865008,0.002063008330105348,-0.016119064616606147
2021-07-21,ETH,0.0814863466821475,0.0032304390174223577,0.07825590766472515
2021-07-22,ETH,0.0351628788235737,-0.004990780122679015,0.04015365894625271
2021-07-23,ETH,0.0122339853940764,-0.0007306339920273502,0.01296461938610375
2021-07-24,ETH,0.0539787765246547,0.0002140659929166808,0.05376471053173802
2021-07-25,ETH,0.0016742227008973,-0.0023066932422940866,0.003980915943191387
2021-07-26,ETH,0.0485114319951483,0.0008177713078874272,0.04769366068726087
2021-07-27,ETH,-0.0092422427553606,-0.0030844368189929575,-0.006157805936367642
2021-07-28,ETH,0.0224595885292666,-5.589382994766995e-06,0.022465177912261367
2021-07-29,ETH,0.0076813626018547,-0.0008015668627103116,0.008482929464565012
2021-07-30,ETH,0.0451409699270122,0.00034506864245296173,0.044795901284559236
2021-07-31,ETH,0.0293186577203348,-0.0021029705428065254,0.03142162826314133
2021-08-01,ETH,0.0693948854136024,-0.0011848186537458726,0.07057970406734827
2021-08-02,ETH,-0.0278455325366974,-0.0035296718596745545,-0.024315860677022846
2021-08-03,ETH,-0.0443019892077464,0.0019906730279109592,-0.04629266223565736
2021-08-04,ETH,0.0867316710613609,0.0041865983626832425,0.08254507269867765
2021-08-05,ETH,0.034783120184549,-0.004225204591983408,0.03900832477653241
2021-08-06,ETH,0.0380867242870356,-0.0016135851611905909,0.03970030944822619
2021-08-07,ETH,0.0557292119985755,-0.0024964410149394814,0.05822565301351498
2021-08-08,ETH,-0.0296480931008672,-0.003491580418588905,-0.026156512682278296
2021-08-09,ETH,0.0256266508547697,0.0016109155278557215,0.02401573532691398
2021-08-10,ETH,0.0281488885366816,-0.0027171472389044904,0.03086603577558609
2021-08-11,ETH,0.024576195848122,-0.0008119887826742023,0.0253881846307962
2021-08-12,ETH,-0.0533409432585433,0.0003827517760351612,-0.05372369503457846
2021-08-13,ETH,0.0678914178526498,0.0043555011090234096,0.06353591674362638
2021-08-14,ETH,-0.0157935097384843,-0.002769010561623184,-0.013024499176861114
2021-08-15,ETH,0.0094692282465763,0.002221264364638421,0.00724796388193788
2021-08-16,ETH,-0.0305847178605557,0.0007317922411477782,-0.03131651010170348
2021-08-17,ETH,-0.0295687881342588,0.003522114662072456,-0.033090902796331256
2021-08-18,ETH,-0.0211013337264047,0.002644800600251883,-0.023746134326656582
2021-08-19,ETH,0.0488355955710705,-0.0006323377734661087,0.049467933344536606
2021-08-20,ETH,0.03162205511895,-0.0007900467353446459,0.03241210185429465
2021-08-21,ETH,-0.0087865256125072,6.460997968596582e-05,-0.008851135592193166
2021-08-22,ETH,-0.0241724238659939,0.002457476685978128,-0.02662990055197203
2021-08-23,ETH,0.0572971847874521,0.003346399902459652,0.05395078488499244
2021-08-24,ETH,-0.0375067407513736,-0.0022605584387255335,-0.03524618231264807
2021-08-25,ETH,-0.0028478653269148,0.0022798900572301765,-0.005127755384144977
2021-08-26,ETH,-0.0281544913373204,-0.0007405927304649225,-0.027413898606855478
2021-08-27,ETH,0.0454675034359913,0.0019944083086068974,0.0434730951273844
2021-08-28,ETH,-0.0076168762828586,-0.0002702896659931516,-0.007346586616865449
2021-08-29,ETH,-0.0002284479441901,0.002838151720594432,-0.003066599664784532
2021-08-30,ETH,0.0311323617873041,0.0023829257578107093,0.02874943602949339
2021-08-31,ETH,0.0150096459307488,-0.0012213511931309187,0.01623099712387972
2021-09-01,ETH,0.0946980943554624,-0.00038478137614939104,0.0950828757316118
2021-09-02,ETH,0.0213488750065184,-0.005586498314882312,0.02693537332140071
2021-09-03,ETH,0.0280473376782377,-0.0012860950083993137,0.029333432686637014
2021-09-04,ETH,-0.0092782981064962,-0.0011262039912814078,-0.008152094115214791
2021-09-05,ETH,0.0108316380352389,0.0010530630027734782,0.009778575032465422
2021-09-06,ETH,0.0078141661179171,-0.00019886929122712825,0.008013035409144229
2021-09-07,ETH,-0.1463962653323896,0.0005586201204770525,-0.14695488545286667
2021-09-08,ETH,0.0163993315552889,0.007833370791656871,0.00856596076363203
2021-09-09,ETH,-0.0118573941427897,0.00028039156942983543,-0.012137785712219537
2021-09-10,ETH,-0.0546975426643514,0.0011271727615856735,-0.055824715425937074
2021-09-11,ETH,0.0143208415291356,0.001835731762431912,0.012485109766703688
2021-09-12,ETH,0.0328530519708269,-0.0023844229086573405,0.03523747487948424
2021-09-13,ETH,-0.0346114637190478,-0.003534350469946846,-0.031077113249100955
2021-09-14,ETH,0.026009545516557,0.00415728487850335,0.02185226063805365
2021-09-15,ETH,0.0535661157561889,-0.0003046901011777041,0.0538708058573666
2021-09-16,ETH,-0.0182405496934471,-0.0028727983462367808,-0.015367751347210318
2021-09-17,ETH,-0.035497354289747,0.0003430667672844388,-0.03584042105703144
2021-09-18,ETH,0.0060422073913639,0.0013862217069741088,0.004655985684389791
2021-09-19,ETH,-0.0099717654166852,-0.0011514513501385902,-0.008820314066546611
2021-09-20,ETH,-0.1078808311941688,-0.00022147215672250721,-0.10765935903744629
2021-09-21,ETH,-0.0843519341274107,0.005634704321458038,-0.08998663844886873
2021-09-22,ETH,0.0871834572010553,0.006551192048060894,0.0806322651529944
2021-09-23,ETH,0.0371618603381112,-0.0016559480618367037,0.0388178083999479
2021-09-24,ETH,-0.0693553075615389,-0.0038434003426529276,-0.06551190721888597
2021-09-25,ETH,-0.0032596357162316,0.005507586339616946,-0.008767222055848546
2021-09-26,ETH,0.0391326487090068,0.0014264995187955349,0.037706149190211265
2021-09-27,ETH,-0.0279088502122375,-0.0010955767297526184,-0.026813273482484884
2021-09-28,ETH,-0.0315421751058553,0.001678248561418375,-0.03322042366727368
2021-09-29,ETH,-0.0146253026879901,-0.0009834302312140592,-0.013641872456776042
2021-09-30,ETH,0.0520824286437586,0.002625839251475161,0.049456589392283444
2021-10-01,ETH,0.1022059548535201,-0.0018241532086465742,0.10403010806216667
2021-10-02,ETH,0.0404574434608425,-0.004080360371099279,0.04453780383194178
2021-10-03,ETH,0.0111907048561112,-0.0004026447184952579,0.011593349574606459
2021-10-04,ETH,-0.0241526396191549,0.0012960329096190384,-0.02544867252877394
2021-10-05,ETH,0.0412292281580396,3.118738028644391e-05,0.04119804077775316
2021-10-06,ETH,0.0099909274182943,-0.0010516143450580559,0.011042541763352356
2021-10-07,ETH,0.0176923368048864,0.0013473800344947437,0.016344956770391657
2021-10-08,ETH,-0.0193726033453764,-0.00033375876530889804,-0.0190388445800675
2021-10-09,ETH,0.0065142244996275,0.0010196553795801303,0.005494569120047369
2021-10-10,ETH,-0.0153779882275316,-0.0006181703028766771,-0.014759817924654924
2021-10-11,ETH,-0.0091606217884925,0.0007777349494289357,-0.009938356737921435
2021-10-12,ETH,-0.0039908301293571,0.0004487870290091189,-0.0044396171583662184
2021-10-13,ETH,0.0271650804697519,0.0017209490985901665,0.02544413137116173
2021-10-14,ETH,0.0517336995310318,0.0003089511446871353,0.05142474838634467
2021-10-15,ETH,0.0305041042083045,-0.000628784030884489,0.03113288823918899
2021-10-16,ETH,-0.0126521763312203,-0.002945380101552016,-0.009706796229668285
2021-10-17,ETH,-0.0072234816935856,-0.0004156962980030077,-0.006807785395582592
2021-10-18,ETH,-0.0189116190422271,-0.0007560482958096222,-0.01815557074641748
2021-10-19,ETH,0.0191034872477572,0.0017524957261209908,0.01735099152163621
2021-10-20,ETH,0.0768016889564263,-0.0011805093242437763,0.07798219828067009
2021-10-21,ETH,-0.0045542495733778,-0.0036370726143123656,-0.0009171769590654343
2021-10-22,ETH,-0.0261397588460977,0.001423343703853547,-0.027563102549951247
2021-10-23,ETH,0.0258023051510786,0.0024136635250451306,0.02338864162603347
2021-10-24,ETH,-0.0158957327210568,-0.0008049640277104456,-0.015090768693346355
2021-10-25,ETH,0.0379676259966428,0.0017143342537804204,0.03625329174286238
2021-10-26,ETH,0.019790853167407,-0.00023839388356308762,0.020029247050970086
2021-10-27,ETH,-0.0679662556595919,-0.0010204859630719065,-0.06694576969652
2021-10-28,ETH,0.0658883682049227,0.004959563945422601,0.060928804259500105
2021-10-29,ETH,0.0343231131653978,-0.004190873167374256,0.03851398633277206
2021-10-30,ETH,-0.0210197791274437,0.0004327522039579997,-0.0214525313314017
2021-10-31,ETH,-0.0160852977978936,0.0036296122549567566,-0.019714910052850358
2021-11-01,ETH,0.0160783399450869,0.0033882633001956243,0.012690076644891277
2021-11-02,ETH,0.0440091840049068,-0.0009562008597858411,0.04496538486469264
2021-11-03,ETH,0.0248092614869334,-0.0011535356887997113,0.02596279717573311
2021-11-04,ETH,-0.0226742258180839,-0.002512301810580393,-0.020161924007503506
2021-11-05,ETH,-0.013893665474607,0.005623401607512428,-0.01951706708211943
2021-11-06,ETH,0.0075082683766918,0.0030196375912956755,0.004488630785396125
2021-11-07,ETH,0.0278811413309422,0.0017147802217339142,0.026166361109208284
2021-11-08,ETH,0.0338905690913143,0.00046606117784028474,0.03342450791347401
2021-11-09,ETH,0.0057853205436449,-0.0028374252429607238,0.008622745786605624
2021-11-10,ETH,-0.0526306708070309,0.0002614416388254725,-0.05289211244585637
2021-11-11,ETH,0.0413024226171782,0.005074367873677129,0.036228054743501076
2021-11-12,ETH,-0.0188360567929113,-0.0010524451067048636,-0.017783611686206437
2021-11-13,ETH,-0.0001696340096636,0.0024674564837808993,-0.002637090493444499
2021-11-14,ETH,-0.0214385162137397,0.0012675462174462175,-0.02270606243118592
2021-11-15,ETH,0.001593755098612,0.002496672130260438,-0.000902917031648438
2021-11-16,ETH,-0.0702267213979707,0.00040674117562400217,-0.07063346257359471
2021-11-17,ETH,0.0002913390102391,0.006050104910754934,-0.005758765900515834
2021-11-18,ETH,-0.0563676104343758,0.0009431900702640999,-0.057310800504639894
2021-11-19,ETH,0.064483841152172,0.002845212799371087,0.06163862835280091
2021-11-20,ETH,0.0321219666427431,-0.0019494486509550935,0.03407141529369819
2021-11-21,ETH,-0.0124770727669925,-8.782013650826403e-05,-0.012389252630484236
2021-11-22,ETH,-0.0700320375566945,0.002573660070278797,-0.0726056976269733
2021-11-23,ETH,0.0642851586840718,0.002342121758058429,0.06194303692601336
2021-11-24,ETH,-0.021377824313336,-0.005008631250332463,-0.016369193063003537
2021-11-25,ETH,0.055236172356964,0.003854491385764353,0.05138168097119965
2021-11-26,ETH,-0.1003883197624228,-0.0022021161875994174,-0.09818620357482338
2021-11-27,ETH,0.0030482856471983,0.0010445079209340383,0.002003777726264262
2021-11-28,ETH,-0.0111592142093843,-0.005339918534798453,-0.005819295674585848
2021-11-29,ETH,0.0977877157672243,-0.004493779252282068,0.10228149501950637
2021-11-30,ETH,0.0388624157221586,-0.0020281662900639283,0.04089058201222253
2021-12-01,ETH,-0.0134990264455906,-0.0048568001148376104,-0.00864222633075299
2021-12-02,ETH,-0.0043154533416008,-0.00045301475862669446,-0.0038624385829741058
2021-12-03,ETH,-0.075994007363454,0.002261127233481072,-0.07825513459693507
2021-12-04,ETH,-0.0347700142014265,0.005561727607022727,-0.04033174180844923
2021-12-05,ETH,0.0216631283982978,0.0031991925348083196,0.018463935863489482
2021-12-06,ETH,0.0387654116570497,-0.0003330305283473861,0.039098442185397084
2021-12-07,ETH,-0.0077339834190816,-9.70403855394058e-05,-0.007636943033542194
2021-12-08,ETH,0.029421111936686,0.0042391464877553926,0.02518196544893061
2021-12-09,ETH,-0.0590090411327237,-0.0020070416428036443,-0.057001999489920054
2021-12-10,ETH,-0.0415823138910028,0.004065373313937938,-0.04564768720494074
2021-12-11,ETH,0.0081408127131492,0.0049811451959327485,0.0031596675172164516
2021-12-12,ETH,0.0145163958628981,0.001862651097736809,0.01265374476516129
2021-12-13,ETH,-0.0807288283163792,0.00138171606708546,-0.08211054438346466
2021-12-14,ETH,0.0216502274239867,0.005817837846868958,0.015832389577117745
2021-12-15,ETH,0.0530335440032016,-0.0020626077380434104,0.05509615174124501
2021-12-16,ETH,-0.0079825604017543,-0.0014623101907775958,-0.006520250210976704
2021-12-17,ETH,-0.0313026272999752,0.0006201145443052917,-0.03192274184428049
2021-12-18,ETH,0.0181341278400372,0.00371691074232058,0.014417217097716619
2021-12-19,ETH,-0.01302842901258,0.0006818818629172231,-0.013710310875497223
2021-12-20,ETH,-0.0036300273146727,0.0025024690101118426,-0.0061324963247845424
2021-12-21,ETH,0.0288317789619159,-0.001134116888626077,0.029965895850541976
2021-12-22,ETH,-0.0029466601618721,-0.0005699365427973438,-0.0023767236190747566
2021-12-23,ETH,0.0244084350276612,0.0019114030215756758,0.022497032006085525
2021-12-24,ETH,-0.0115469191968789,-0.0005524238829002844,-0.010994495313978616
2021-12-25,ETH,0.0128802381559468,0.0015088595759988105,0.011371378579947989
2021-12-26,ETH,-0.0088246119557893,-1.4193161379567117e-05,-0.008810418794409733
2021-12-27,ETH,-0.0056573764112858,0.001303576284040239,-0.006960952695326039
2021-12-28,ETH,-0.0643742093193324,0.0018679740576573846,-0.06624218337698978
2021-12-29,ETH,-0.0215066619422799,0.0046896861584410756,-0.026196348100720974
2021-12-30,ETH,0.0026582361973866,0.0003457016457511396,0.0023125345516354606
2021-12-31,ETH,-0.0128689287261108,0.000769512132014335,-0.013638440858125135
2022-01-01,ETH,0.0,0.0018153599367676536,-0.0018153599367676536
2022-01-02,ETH,0.0,0.0009233340097336537,-0.0009233340097336537
2022-01-03,ETH,0.0095987269729479,0.0009266835882869751,0.008672043384660924
2022-01-04,ETH,0.0268214855160592,-0.0015355420696721606,0.028357027585731363
2022-01-05,ETH,-0.0738343621576307,-0.0009099657213261288,-0.07292439643630458
2022-01-06,ETH,-0.0360142741126266,0.0022930848975353125,-0.03830735901016191
2022-01-07,ETH,-0.063938706702363,0.001319576894571714,-0.06525828359693471
2022-01-08,ETH,-0.0432708257384491,0.0029343562970014004,-0.0462051820354505
2022-01-09,ETH,0.0278674640837205,0.001555268523402453,0.02631219556031805
2022-01-10,ETH,-0.0292583436491641,-0.002817789676239023,-0.026440553972925076
2022-01-11,ETH,0.0498820781181025,0.0025465550764901435,0.04733552304161236
2022-01-12,ETH,0.0412999255421201,-0.0013805614456176409,0.04268048698773774
2022-01-13,ETH,-0.0291750985320775,-0.0030313750404379718,-0.02614372349163953
2022-01-14,ETH,0.0187277344645936,0.00013806737733053782,0.018589667087263062
2022-01-15,ETH,0.0008875323287535,-0.0002679801783118245,0.0011555125070653247
2022-01-16,ETH,0.0035153942998423,0.0007007007154526678,0.0028146935843896322
2022-01-17,ETH,-0.0559108051764745,0.0005384617803482625,-0.056449266956822765
2022-01-18,ETH,-0.0004801784334196,0.003382850032663283,-0.003863028466082883
2022-01-19,ETH,-0.0158064894474614,-0.00208006377585891,-0.013726425671602491
2022-01-20,ETH,-0.0111758254539784,0.0016591786697557039,-0.012835004123734103
2022-01-21,ETH,-0.1657811857327557,0.00029822780739004857,-0.16607941354014574
2022-01-22,ETH,-0.0644618921978484,0.008437462174539372,-0.07289935437238777
2022-01-23,ETH,-0.0032337318396252,0.0023326441908681542,-0.005566376030493354
2022-01-24,ETH,0.0017982632562538,-0.0015191592850040776,0.0033174225412578775
2022-01-25,ETH,-0.0120347710497087,0.0014611373294472411,-0.013495908379155942
2022-01-26,ETH,0.0019531821964747,0.00022384188741256426,0.001729340309062136
2022-01-27,ETH,-0.024328984846311,-0.0006191366055931834,-0.023709848240717816
2022-01-28,ETH,0.0717612717758391,0.003642123668507429,0.06811914810733168
2022-01-29,ETH,0.0314124162564088,-0.0013306293501613457,0.03274304560657015
2022-01-30,ETH,-0.021491088933105,0.001018059403444168,-0.02250914833654917
2022-01-31,ETH,0.0454661909494513,0.00415846754579393,0.04130772340365737
2022-02-01,ETH,0.0430742383258565,-0.0018029454351166077,0.04487718376097311
2022-02-02,ETH,-0.0522286921860414,-0.0009674173446670975,-0.0512612748413743
2022-02-03,ETH,0.0019555862647202,0.0035021687263176783,-0.0015465824615974785
2022-02-04,ETH,0.1049753420196087,-0.004385211761577709,0.1093605537811864
2022-02-05,ETH,0.0223016784113386,-0.00592022455257692,0.02822190296391552
2022-02-06,ETH,-0.0062618734320395,-0.0010494777031771064,-0.005212395728862394
2022-02-07,ETH,0.0485166863984975,0.0005717853709180236,0.04794490102757948
2022-02-08,ETH,-0.0115653579510763,-0.0019644322935388927,-0.009600925657537406
2022-02-09,ETH,0.0384970294917901,0.002755952157889092,0.03574107733390101
2022-02-10,ETH,-0.038734455537901,-0.000263380145359197,-0.038471075392541805
2022-02-11,ETH,-0.0623112866181488,-0.0007703292550499714,-0.06154095736309883
2022-02-12,ETH,-0.0171398323176698,0.004809656987100594,-0.021949489304770396
2022-02-13,ETH,0.0038212454781142,0.0019740993840208624,0.0018471460940933378
2022-02-14,ETH,0.0091056766650633,0.0006417599880214604,0.00846391667704184
2022-02-15,ETH,0.0607993127339801,0.0005202914688116101,0.06027902126516849
2022-02-16,ETH,0.0142209978680093,-0.003804449847058237,0.018025447715067536
2022-02-17,ETH,-0.0819341563151699,0.0003401404292545778,-0.08227429674442448
2022-02-18,ETH,-0.0396897895270309,0.0049770489948329135,-0.044666838521863816
2022-02-19,ETH,-0.0153632764304847,0.003906782899241008,-0.019270059329725708
2022-02-20,ETH,-0.0348252527537662,0.0022902851112847813,-0.037115537865050986
2022-02-21,ETH,-0.0242603003714983,0.003518874423908928,-0.027779174795407226
2022-02-22,ETH,0.0092357608217207,0.00242906278478909,0.006806698036931609
2022-02-23,ETH,0.0047025238801442,-0.001141528362469776,0.0058440522426139755
2022-02-24,ETH,0.0064798535811783,-0.0018219833955379697,0.00830183697671627
2022-02-25,ETH,0.027007433251168,0.0051313357597067575,0.021876097491461244
2022-02-26,ETH,0.0425645365446129,-0.0020515755517091783,0.04461611209632208
2022-02-27,ETH,-0.021867276676342,-0.003109955669566515,-0.018757321006775487
2022-02-28,ETH,0.0199337866922546,0.0008766364000930011,0.0190571502921616
2022-03-01,ETH,0.0469726573222859,0.0006309418559713034,0.0463417154663146
2022-03-02,ETH,0.0064051783863995,0.000701505238560971,0.005703673147838529
2022-03-03,ETH,-0.0593327630846819,-0.0005194471490721311,-0.05881331593560977
2022-03-04,ETH,-0.0725859913282848,0.00556759104327012,-0.07815358237155492
2022-03-05,ETH,0.0181014859296149,0.00898425479032282,0.00911723113929208
2022-03-06,ETH,-0.0089413962322577,0.0033310235174095685,-0.012272419749667269
2022-03-07,ETH,-0.0580854198983333,0.004991783485514131,-0.06307720338384744
2022-03-08,ETH,0.0299197533545671,0.0029111557961198535,0.02700859755844725
2022-03-09,ETH,0.0565646851521662,-0.0008715560576043683,0.05743624120977057
2022-03-10,ETH,-0.0391055013554657,-0.006764240302415198,-0.032341261053050505
2022-03-11,ETH,-0.0125707616265371,0.005104989712943981,-0.01767575133948108
2022-03-12,ETH,0.0061872653286927,0.0010963801144357275,0.005090885214256972
2022-03-13,ETH,-0.0032361736136195,-0.00023502846838994123,-0.0030011451452295586
2022-03-14,ETH,-0.0207043489022057,0.0004205045527897566,-0.021124853454995457
2022-03-15,ETH,0.0383827027072444,-0.0022946492892272482,0.04067735199647165
2022-03-16,ETH,0.0549834512287169,-0.001119043099928902,0.05610249432864581
2022-03-17,ETH,0.0126223633736466,-0.0029597529811268546,0.015582116354773455
2022-03-18,ETH,0.0486285800410162,0.0002660529910210688,0.048362527049995135
2022-03-19,ETH,0.001941350169528,-0.0001582061179000746,0.0020995562874280746
2022-03-20,ETH,-0.0440756634860588,0.002560028087621656,-0.04663569157368046
2022-03-21,ETH,0.0292012668795101,0.005364299784013616,0.023836967095496486
2022-03-22,ETH,0.0311971514350083,-0.0026491089763418523,0.03384626041135015
2022-03-23,ETH,-0.0064341558437781,-0.0016466300861511679,-0.0047875257576269325
2022-03-24,ETH,0.0405246093488951,0.0017563925168429997,0.0387682168320521
2022-03-25,ETH,0.006428868542807,0.0009524234148478174,0.005476445127959182
2022-03-26,ETH,0.0055041036958123,-0.001317224697758954,0.0068213283935712535
2022-03-27,ETH,0.0114150354286311,-0.0014652083663127314,0.01288024379494383
2022-03-28,ETH,0.072149989243552,-0.0016922132101295667,0.07384220245368156
2022-03-29,ETH,-0.0058087846396903,-0.002400038138062208,-0.0034087465016280918
2022-03-30,ETH,0.0046819382120452,-0.000640337234568525,0.005322275446613725
2022-03-31,ETH,-0.0340157706159417,-0.0003734737752693926,-0.03364229684067231
2022-04-01,ETH,0.0422606242155683,0.0037199061998021954,0.038540718015766105
2022-04-02,ETH,0.0083531462732395,-0.002653215657414624,0.011006361930654122
2022-04-03,ETH,0.0111022502531651,-0.0005715865965118773,0.011673836849676976
2022-04-04,ETH,-0.0002450023800277,-0.00087186794581958,0.00062686556579188
2022-04-05,ETH,-0.0188996633311412,0.0025238646766048423,-0.02142352800774604
2022-04-06,ETH,-0.0628483274247787,-0.0005829096364501997,-0.062265417788328496
2022-04-07,ETH,0.0017052830823837,0.002721642267698239,-0.0010163591853145388
2022-04-08,ETH,0.0029280251215804,0.001323606924140254,0.001604418197440146
2022-04-09,ETH,-0.0074633205891815,8.890289496476466e-05,-0.007552223484146265
2022-04-10,ETH,0.0197685800446711,0.0005367925037242828,0.01923178754094682
2022-04-11,ETH,-0.094626720806759,-0.0010898340316029475,-0.09353688677515605
2022-04-12,ETH,-0.0018630606066884,0.0035790598300458015,-0.005442120436734202
2022-04-13,ETH,0.0390961881461618,0.0035973528258219883,0.03549883532033982
2022-04-14,ETH,-0.0302599794288764,-0.00072247924958401,-0.029537500179292388
2022-04-15,ETH,0.0056189590311285,0.0004655250363613354,0.005153433994767164
2022-04-16,ETH,0.0009268376207504,-0.003037363900271647,0.003964201521022047
2022-04-17,ETH,0.0042143418874097,-0.0028325183853352464,0.007046860272744947
2022-04-18,ETH,-0.013361888129119,-0.0029755000866100406,-0.01038638804250896
2022-04-19,ETH,0.0296208204697552,0.003089248488674,0.0265315719810812
2022-04-20,ETH,-0.0031639555748171,-0.0018212482701864686,-0.0013427073046306315
2022-04-21,ETH,-0.0282317955542075,0.0004015198716387434,-0.028633315425846243
2022-04-22,ETH,-0.0093292130380817,1.4847446860943978e-05,-0.009344060484942645
2022-04-23,ETH,-0.0027220343114379,-0.001724060508642466,-0.0009979738027954342
2022-04-24,ETH,-0.0041274809503083,-0.002313417688292587,-0.0018140632620157133
2022-04-25,ETH,0.0140967496687918,-0.0022093604519573843,0.016306110120749184
2022-04-26,ETH,-0.0564390052440706,0.001502383101028873,-0.05794138834509947
2022-04-27,ETH,0.0126348372206524,0.0018837193912959937,0.010751117829356407
2022-04-28,ETH,0.0283311889376235,0.0011793042153242096,0.02715188472229929
2022-04-29,ETH,-0.0491450367328561,0.002336148479708328,-0.05148118521256442
2022-04-30,ETH,-0.0057743317736571,-0.001309974426930022,-0.004464357346727078
2022-05-01,ETH,-0.006366711959526,-0.004028627550504031,-0.002338084409021969
2022-05-02,ETH,0.0193866676376319,-0.003953572714655218,0.023340240352287114
2022-05-03,ETH,-0.0153986838757939,-0.0011111471901085362,-0.014287536685685364
2022-05-04,ETH,0.0560388494725094,0.0028203739525601177,0.053218475519949286
2022-05-05,ETH,-0.0660315320337732,-0.001550621184406315,-0.06448091084936688
2022-05-06,ETH,-0.018532848473878,0.0020299958342332486,-0.02056284430811125
2022-05-07,ETH,-0.0119763691690375,0.001056993227598443,-0.013033362396635943
2022-05-08,ETH,-0.0513525546326748,0.0005198965086370144,-0.051872451141311816
2022-05-09,ETH,-0.1030500219033011,0.0030332632243048534,-0.10608328512760595
2022-05-10,ETH,0.0157683407267322,0.003003890239978544,0.012764450486753657
2022-05-11,ETH,-0.1336867035367155,0.0014268099074327626,-0.13511351344414826
2022-05-12,ETH,-0.0549685961326103,0.009605085926430392,-0.0645736820590407
2022-05-13,ETH,0.0580824809243341,0.006636879166195536,0.051445601758138566
2022-05-14,ETH,-0.0232005294709691,-0.0029981360647076643,-0.020202393406261437
2022-05-15,ETH,0.0651024183616607,0.001756696580001396,0.0633457217816593
2022-05-16,ETH,-0.0464951984020734,-0.003582225564821155,-0.04291297283725224
2022-05-17,ETH,0.0088682713791389,0.003727643121870181,0.005140628257268718
2022-05-18,ETH,-0.0431163949104969,-0.001604953307359112,-0.04151144160313779
2022-05-19,ETH,0.0248090560593715,0.0010293983290568195,0.02377965773031468
2022-05-20,ETH,-0.0282967202105876,-0.0016585959246090355,-0.026638124285978566
2022-05-21,ETH,0.0077845953632672,0.004082925744846805,0.003701669618420395
2022-05-22,ETH,0.0165469159315269,0.0017125811621238698,0.01483433476940303
2022-05-23,ETH,-0.004246290881451,0.0012612798032915953,-0.005507570684742595
2022-05-24,ETH,-0.0144264664836506,-0.0015082447143943895,-0.01291822176925621
2022-05-25,ETH,-0.0050051658098991,0.0018668095645103086,-0.006871975374409409
2022-05-26,ETH,-0.0706875385095652,0.0015191211173877816,-0.07220665962695298
2022-05-27,ETH,-0.0459572061628558,0.00570382484055001,-0.051661031003405807
2022-05-28,ETH,0.0274006794890191,0.005318789678327316,0.022081889810691785
2022-05-29,ETH,0.0019235868269488,0.0008649426409871441,0.0010586441859616559
2022-05-30,ETH,0.0841045894139887,0.0021577940938966905,0.08194679532009201
2022-05-31,ETH,-0.0003329159110774,-0.003355869416476994,0.003022953505399594
2022-06-01,ETH,-0.0860413409701028,-0.0011471634408862267,-0.08489417752921657
2022-06-02,ETH,0.0172742058850923,0.006527875075744132,0.010746330809348167
2022-06-03,ETH,-0.0359378980527776,0.000298894467429334,-0.03623679252020693
2022-06-04,ETH,0.0104567240355529,0.0011716549063959087,0.00928506912915699
2022-06-05,ETH,0.0212855751595462,-0.0017953855789387414,0.02308096073848494
2022-06-06,ETH,0.0248490411177707,-0.0024424140686524244,0.027291455186423126
2022-06-07,ETH,-0.009261100457417,-0.001449913046086226,-0.007811187411330774
2022-06-08,ETH,-0.0262966206596291,0.0029344244999009567,-0.029231045159530056
2022-06-09,ETH,-0.0010643782612297,0.001761395843900639,-0.002825774105130339
2022-06-10,ETH,-0.06734066522524,-0.00016923918738652542,-0.06717142603785348
2022-06-11,ETH,-0.097162531306429,0.004439739114833236,-0.10160227042126224
2022-06-12,ETH,-0.006223853945991,0.0062799957867929945,-0.012503849732783994
2022-06-13,ETH,-0.1981965884579596,0.0008275223295301323,-0.19902411078748972
2022-06-14,ETH,-0.0431115800299934,0.004897729627269023,-0.048009309657262425
2022-06-15,ETH,-0.0070628086814568,0.0032882154399540477,-0.010351024121410847
2022-06-16,ETH,-0.0712002541078119,0.004635717481235795,-0.0758359715890477
2022-06-17,ETH,-0.0040411835533357,-0.00040508347708534935,-0.0036361000762503504
2022-06-18,ETH,-0.1918955782044618,0.004398523402760709,-0.1962941016072225
2022-06-19,ETH,0.2329778679126267,0.015853102473789123,0.21712476543883757
2022-06-20,ETH,-0.0178532705001699,-0.009772656853387374,-0.008080613646782525
2022-06-21,ETH,0.0016597662291169,0.0017040212223300361,-4.4254993213136166e-05
2022-06-22,ETH,-0.0680081304365808,0.0004927737537370548,-0.06850090419031786
2022-06-23,ETH,0.079558806910009,0.006298088880121606,0.07326071802988739
2022-06-24,ETH,0.071044939300725,-0.0027991676434464437,0.07384410694417144
2022-06-25,ETH,-0.0079120857144972,-0.0025382919058793666,-0.005373793808617834
2022-06-26,ETH,0.0312394316023611,0.0021280200834461927,0.029111411518914908
2022-06-27,ETH,-0.0369152301638014,-0.00024335103545454386,-0.03667187912834686
2022-06-28,ETH,-0.0349983011582885,0.0008256849322602678,-0.03582398609054877
2022-06-29,ETH,-0.0460920828166858,0.0022270731702485965,-0.0483191559869344
2022-06-30,ETH,-0.0929044485175783,0.005968278171667862,-0.09887272668924617
2022-07-01,ETH,0.0557831454376334,0.005347870434696994,0.05043527500293641
2022-07-02,ETH,-0.0044586569318055,0.0008031867777559532,-0.005261843709561453
2022-07-03,ETH,-0.0043935807589854,0.004259880630660368,-0.008653461389645768
2022-07-04,ETH,0.0581899254000239,0.0042092533558681575,0.05398067204415574
2022-07-05,ETH,0.0276514502861366,-0.0019076507186987029,0.029559101004835303
2022-07-06,ETH,0.0063707421645494,0.0015656409421583365,0.004805101222391063
2022-07-07,ETH,0.0645390596798289,-0.0005640703888365673,0.06510313006866547
2022-07-08,ETH,0.0041837860955869,-0.0031627874523316147,0.007346573547918515
2022-07-09,ETH,-0.0196512430510649,-0.00033678889121314124,-0.01931445415985176
2022-07-10,ETH,-0.0430494805681204,0.0009086007559311551,-0.04395808132405155
2022-07-11,ETH,-0.0260043371560644,0.0023885319546685297,-0.02839286911073293
2022-07-12,ETH,-0.0836048384129959,0.004030264206904871,-0.08763510261990078
2022-07-13,ETH,0.0276732518285359,0.0046535843523671785,0.02301966747616872
2022-07-14,ETH,0.1035582045463216,-0.0002998434165378609,0.10385804796285947
2022-07-15,ETH,0.0518082195828966,-0.0062714429659094266,0.058079662548806026
2022-07-16,ETH,0.0698536162513268,-0.001613350871918832,0.07146696712324563
2022-07-17,ETH,-0.002511649273525,-0.0026851676004206898,0.00017351832689568988
2022-07-18,ETH,0.0916279227608654,0.0016382658887846148,0.08998965687208078
2022-07-19,ETH,0.0567559066713392,-0.007621317956330129,0.06437722462766933
2022-07-20,ETH,-0.0247944439104861,-0.0033705265870548366,-0.02142391732343126
2022-07-21,ETH,0.0415168906115646,0.0028067814553267957,0.0387101091562378
2022-07-22,ETH,-0.0373240948863069,0.0007408457915729286,-0.03806494067787983
2022-07-23,ETH,-0.0012317370357669,0.0043301588058193095,-0.0055618958415862094
2022-07-24,ETH,0.0530467517243429,0.002080390699077657,0.05096636102526524
2022-07-25,ETH,-0.0546345222904975,-0.0011504659170630332,-0.053484056373434466
2022-07-26,ETH,-0.0983345655848906,0.002243644206678823,-0.10057820979156942
2022-07-27,ETH,0.1487137490491155,0.007025751112661671,0.1416879979364538
2022-07-28,ETH,0.0929728969938553,-0.007863487679194587,0.1008363846730499
2022-07-29,ETH,-0.0140888152169328,-0.0014452371844863412,-0.012643578032446458
2022-07-30,ETH,-0.0172033736839375,0.0021783895113641387,-0.01938176319530164
2022-07-31,ETH,0.0102552422741723,0.0022410178555708213,0.00801422441860148
2022-08-01,ETH,-0.0549116810430398,0.000555826555999824,-0.05546750759903962
2022-08-02,ETH,0.0140918653721851,0.0029463812402579508,0.01114548413192715
2022-08-03,ETH,-0.0054315801633179,-0.0008363787084000574,-0.004595201454917843
2022-08-04,ETH,-0.0320922832438097,0.0028407407527259202,-0.03493302399653562
2022-08-05,ETH,0.0541439465303855,0.002518315445477532,0.05162563108490797
2022-08-06,ETH,-0.0001726401142521,-0.0028724954359055786,0.0026998553216534787
2022-08-07,ETH,0.0211366323989708,0.0002612866482668266,0.020875345750703975
2022-08-08,ETH,0.0466914295443989,-0.0010669142917901755,0.04775834383618908
2022-08-09,ETH,-0.0574925882857178,-0.001525148274308943,-0.05596744001140886
2022-08-10,ETH,0.0827450266569796,0.003325202464280532,0.07941982419269907
2022-08-11,ETH,0.0315028720616416,-0.005145213525825328,0.03664808558746693
2022-08-12,ETH,0.015956121191805,-0.0032146143235146927,0.01917073551531969
2022-08-13,ETH,0.0,0.0029306485912819814,-0.0029306485912819814
2022-08-14,ETH,0.003774359006718,0.0038718248096399257,-9.74658029219257e-05
2022-08-15,ETH,-0.0188583245002343,0.0036030418860754413,-0.02246136638630974
2022-08-16,ETH,-0.0102723094115476,0.003919735503721571,-0.01419204491526917
2022-08-17,ETH,-0.0177995411645347,0.00043285136572125617,-0.018232392530255957
2022-08-18,ETH,0.0139453572671715,-0.00012240410390791542,0.014067761371079415
2022-08-19,ETH,-0.10714051586125,0.0021338946109518363,-0.10927441047220184
2022-08-20,ETH,-0.095664781115796,0.006104693299454898,-0.1017694744152509
2022-08-21,ETH,0.0529994749378943,0.005304389251379782,0.04769508568651452
2022-08-22,ETH,-0.0232219235088996,-0.00370838396744868,-0.019513539541450922
2022-08-23,ETH,0.0423479802938243,0.0003323701427460857,0.042015610151078214
2022-08-24,ETH,0.0216164914241034,-0.0029933731434196014,0.024609864567523003
2022-08-25,ETH,0.0149577264964477,-0.0006362734258311653,0.015593999922278865
2022-08-26,ETH,-0.0934270386182591,0.0016871101717411039,-0.0951141487900002
2022-08-27,ETH,-0.0499344761642859,0.0025108243830148785,-0.05244530054730078
2022-08-28,ETH,0.0017207933390064,-0.00023395384306160275,0.0019547471820680028
2022-08-29,ETH,0.0415350868029071,-0.003457855816542143,0.04499294261944924
2022-08-30,ETH,0.0085593636473021,-0.0035159576742308,0.0120753213215329
2022-08-31,ETH,0.007048605568422,-0.0011741995700777358,0.008222805138499736
2022-09-01,ETH,0.0062085188570335,-0.0012945999129428986,0.007503118769976399
2022-09-02,ETH,-0.0073681535109617,0.000755974724918921,-0.00812412823588062
2022-09-03,ETH,-0.0104203657547866,0.00145222721978995,-0.011872592974576551
2022-09-04,ETH,0.0121974985424204,0.0014421451231569344,0.010755353419263465
2022-09-05,ETH,0.0165737446012642,5.63546900921893e-05,0.01651738991117201
2022-09-06,ETH,-0.0097494246465872,0.0007673119522860143,-0.010516736598873214
2022-09-07,ETH,0.0359431633632258,-0.0005514174346833439,0.03649458079790914
2022-09-08,ETH,0.0031657155380249,0.0008739148400027536,0.0022918006980221467
2022-09-09,ETH,0.0454211759403932,0.00018867243089020438,0.045232503509502996
2022-09-10,ETH,0.0081449408736787,-0.002919894618757425,0.011064835492436125
2022-09-11,ETH,0.0147660291073412,-0.0008067864567725887,0.015572815564113789
2022-09-12,ETH,-0.0213729322715964,-0.001222454002859657,-0.02015047826873674
2022-09-13,ETH,-0.0698610952779822,0.00020966388979849017,-0.07007075916778069
2022-09-14,ETH,-0.0032079759661142,0.0030382868893029636,-0.006246262855417163
2022-09-15,ETH,-0.063856614099979,0.0007051915130469265,-0.06456180561302594
2022-09-16,ETH,-0.0447465433656568,0.0020367159391556575,-0.04678325930481246
2022-09-17,ETH,0.0206157388146087,0.0031954136431660745,0.017420325171442628
2022-09-18,ETH,-0.0655946266063282,-0.000884713083326189,-0.06470991352300201
2022-09-19,ETH,-0.0125473813882537,0.0044336588226301,-0.0169810402108838
2022-09-20,ETH,-0.0104934000474128,0.001041811477318462,-0.011535211524731262
2022-09-21,ETH,-0.0217870262398748,-0.0002460970960505994,-0.021540929143824203
2022-09-22,ETH,0.0075417711038258,0.002688088615127789,0.004853682488698011
2022-09-23,ETH,-0.0181582803610337,-0.0003601743769543804,-0.01779810598407932
2022-09-24,ETH,0.0316439230118496,0.002952140929650403,0.028691782082199198
2022-09-25,ETH,-0.0378222814556713,-0.00018922011253864513,-0.03763306134313266
2022-09-26,ETH,0.0247594143324498,0.003993150420001127,0.020766263912448672
2022-09-27,ETH,-0.0001207747702972,-0.0038817329747818543,0.0037609582044846545
2022-09-28,ETH,0.0192888755424543,-0.0006807945187035714,0.019969670061157872
2022-09-29,ETH,-0.0093736737530965,0.0026358810400122583,-0.01200955479310876
2022-09-30,ETH,-0.0047575432971357,-0.0022944362411807086,-0.0024631070559549915
2022-10-01,ETH,-0.0166601104511956,-0.0009539609488103904,-0.01570614950238521
2022-10-02,ETH,-0.0050910175223563,-0.0004948493264784955,-0.004596168195877805
2022-10-03,ETH,0.0158760687067302,-0.0011313126367824046,0.017007381343512602
2022-10-04,ETH,0.0289627153052509,0.003970712377063586,0.024992002928187314
2022-10-05,ETH,-0.0128886323547526,-0.001594583142569342,-0.011294049212183258
2022-10-06,ETH,0.0139155147569409,0.0015450315155969784,0.01237048324134392
2022-10-07,ETH,-0.0241896417076449,0.00020653428933942972,-0.024396175996984328
2022-10-08,ETH,-0.0044788271863304,-4.1268563771992474e-06,-0.004474700329953201
2022-10-09,ETH,-0.0032871773124558,-0.0013650663545444618,-0.0019221109579113382
2022-10-10,ETH,-0.0106533747364266,-0.001454588893776259,-0.009198785842650341
2022-10-11,ETH,-0.0196228630163879,-0.001473911824970458,-0.01814895119141744
2022-10-12,ETH,0.0133068182750463,0.0008820147077013918,0.012424803567344909
2022-10-13,ETH,-0.0039186091273334,-0.0005861212186342161,-0.003332487908699184
2022-10-14,ETH,0.0055724620191228,-0.00031593308332191703,0.005888395102444717
2022-10-15,ETH,-0.0152337726257243,-0.0006396429332867419,-0.014594129692437558
2022-10-16,ETH,0.0224555135585398,0.0004099226646828494,0.02204559089385695
2022-10-17,ETH,0.0148980098329881,-0.0018330842002973451,0.016731094033285446
2022-10-18,ETH,-0.0119645067673564,-0.0015564959516219485,-0.010408010815734451
2022-10-19,ETH,-0.0151791024317058,0.001993824253832089,-0.01717292668553789
2022-10-20,ETH,-0.0097417859167715,0.00011941662114548396,-0.009861202537916985
2022-10-21,ETH,0.0162632887205993,-0.0004922685301778876,0.016755557250777188
2022-10-22,ETH,0.0064868731057137,-4.496426040629012e-05,0.00653183736611999
2022-10-23,ETH,0.0130671303492294,0.0004282932119755546,0.012638837137253845
2022-10-24,ETH,0.0167692373856749,0.00013233871081693138,0.01663689867485797
2022-10-25,ETH,0.0873449704385063,-0.0007348643742733878,0.08807983481277969
2022-10-26,ETH,0.0520288415135226,-0.0036805558579092513,0.05570939737143185
2022-10-27,ETH,-0.0166183636221843,-0.004090430218537095,-0.012527933403647207
2022-10-28,ETH,0.0208583802531459,0.004301092499051759,0.016557287754094138
2022-10-29,ETH,0.0419317061475846,-0.00012107000080132798,0.04205277614838593
2022-10-30,ETH,-0.024575664858421,-0.0013674574836119522,-0.02320820737480905
2022-10-31,ETH,-0.0144434334081142,0.0025067438363425526,-0.016950177244456754
2022-11-01,ETH,0.0069431452883824,0.0017152248057635457,0.005227920482618854
2022-11-02,ETH,-0.0412624698438938,0.0005809027838264557,-0.041843372627720254
2022-11-03,ETH,0.0190672914989647,0.0011033958300771937,0.017963895668887505
2022-11-04,ETH,0.0570643006216776,0.00148687462384385,0.055577425997833746
2022-11-05,ETH,-0.011932984668118,-0.005017394662393913,-0.006915590005724088
2022-11-06,ETH,0.0208129807687268,-0.0010546951397987596,0.02186767590852556
2022-11-07,ETH,-0.0436856424347184,-0.0030125949677125637,-0.040673047467005834
2022-11-08,ETH,-0.1640976888837072,0.0013614672690865695,-0.16545915615279377
2022-11-09,ETH,-0.1896029419449784,0.011956064130802538,-0.20155900607578092
2022-11-10,ETH,0.1760335588091061,0.013327752542012525,0.16270580626709358
2022-11-11,ETH,-0.0405377286349847,-0.006282385750876752,-0.03425534288410795
2022-11-12,ETH,-0.0083642689293423,0.003501614790449725,-0.011865883719792025
2022-11-13,ETH,-0.0331866479616954,0.001358937548257686,-0.03454558550995308
2022-11-14,ETH,0.0085636957768752,0.0028490493817811286,0.005714646395094071
2022-11-15,ETH,0.0163486969238796,-0.0004966877766820842,0.016845384700561686
2022-11-16,ETH,-0.0322641522297792,-0.0001789575125985852,-0.03208519471718062
2022-11-17,ETH,4.1453354618558427e-05,0.0033833202047543936,-0.003341866850135835
2022-11-18,ETH,0.0013669975824391,-0.0005009672611958898,0.0018679648436349897
2022-11-19,ETH,0.001828025538937,0.0003596932295810673,0.0014683323093559325
2022-11-20,ETH,-0.0585896047989177,0.00024160006673854722,-0.058831204865656246
2022-11-21,ETH,-0.042788232878446,0.004035648996685389,-0.04682388187513139
2022-11-22,ETH,0.0327927730714754,0.004689308427767116,0.028103464643708283
2022-11-23,ETH,0.0335932036294411,-0.0010665318474840763,0.03465973547692518
2022-11-24,ETH,0.0230202499968214,-0.0029548286921210628,0.02597507868894246
2022-11-25,ETH,0.0029563336297508,-0.0005249381996069073,0.0034812718293577073
2022-11-26,ETH,0.0084697010507245,0.0010637358722700079,0.007405965178454493
2022-11-27,ETH,0.004578554825384,0.0007069273406535876,0.003871627484730413
2022-11-28,ETH,-0.0356499938277592,0.0009031781977986523,-0.03655317202555785
2022-11-29,ETH,0.0390353431139621,0.0019431827588528075,0.03709216035510929
2022-11-30,ETH,0.0613100590048185,-0.0020257017039503624,0.06333576070876887
2022-12-01,ETH,-0.0154722414766427,-0.00272435962864452,-0.012747881847998181
2022-12-02,ETH,0.0115220046213211,0.0026975188091398787,0.008824485812181222
2022-12-03,ETH,-0.0233844464292906,-0.0006849224657779016,-0.0226995239635127
2022-12-04,ETH,0.0122932990246384,0.0013920987001866723,0.010901200324451727
2022-12-05,ETH,-0.0135627374686747,-0.0007886958337977038,-0.012774041634876996
2022-12-06,ETH,-0.0025914781945894,-0.0011800208808473147,-0.0014114573137420853
2022-12-07,ETH,-0.0192392443097671,0.0008720643280712298,-0.02011130863783833
2022-12-08,ETH,0.036567582451463,0.0016270385295176072,0.03494054392194539
2022-12-09,ETH,-0.0145542789659805,-0.002918173631283127,-0.011636105334697375
2022-12-10,ETH,0.0064640647891759,-0.0001758611742127798,0.00663992596338868
2022-12-11,ETH,-0.0022896855765474,-0.0016165698921846252,-0.000673115684362775
2022-12-12,ETH,0.007881278960275,-0.0010810719267452668,0.008962350887020267
2022-12-13,ETH,0.0338035161122219,-0.001085465073126224,0.03488898118534812
2022-12-14,ETH,-0.0059694859877647,-0.000503332589025998,-0.005466153398738702
2022-12-15,ETH,-0.0361343360785732,0.0003528359568471562,-0.03648717203542035
2022-12-16,ETH,-0.056753336084828,0.0016188950408090712,-0.058372231125637074
2022-12-17,ETH,-0.0171362822429872,0.0037390207575079375,-0.020875303000495136
2022-12-18,ETH,0.0033574905634293,0.0011601832651666707,0.0021973072982626293
2022-12-19,ETH,-0.0023363007887012,-0.00020599225262956142,-0.002130308536071639
2022-12-20,ETH,0.0337853021132582,-0.001290214344126257,0.03507551645738446
2022-12-21,ETH,-0.0034183843340814,-0.003548764760945136,0.00013038042686373602
2022-12-22,ETH,0.0023488215187211,0.002315614954157364,3.320656456373607e-05
2022-12-23,ETH,0.0056638772384206,-0.0020981479079749113,0.007762025146395512
2022-12-24,ETH,-0.0022452952489148,-0.0003353285024440993,-0.0019099667464707005
2022-12-25,ETH,-0.0004595135801471,-4.9177956709606794e-05,-0.0004103356234374932
2022-12-26,ETH,-0.0011332748747205,-2.982392323251453e-05,-0.0011034509514879854
2022-12-27,ETH,-0.005165245422893,-4.653079356019816e-05,-0.005118714629332802
2022-12-28,ETH,-0.0199119869821124,-0.0008054861619708945,-0.019106500820141505
2022-12-29,ETH,0.0065252401353136,0.0004195508411421317,0.006105689294171468
2022-12-30,ETH,0.0029504833697537,0.00035919552857465673,0.0025912878411790434
2022-12-31,ETH,0.0007508572639462,-0.0018103301254088718,0.002561187389355072
2023-01-01,ETH,0.0027067447743211,-0.00177001094230018,0.00447675571662128
2023-01-02,ETH,0.0139335650878208,-0.0019597328101351326,0.015893297897955933
2023-01-03,ETH,-0.0065750460085114,-0.0024960068429295285,-0.004079039165581872
2023-01-04,ETH,0.0335616133980416,0.004315074000026465,0.02924653939801513
2023-01-05,ETH,-0.0004471879142135,8.718299877844098e-05,-0.000534370912991941
2023-01-06,ETH,0.0112307186486277,0.00031474417537889624,0.010915974473248805
2023-01-07,ETH,-0.001485943096234,0.0014405204607230908,-0.0029264635569570905
2023-01-08,ETH,0.0042622109593091,0.002000296295700349,0.0022619146636087507
2023-01-09,ETH,0.0376017558445227,0.0017503021626363673,0.03585145368188634
2023-01-10,ETH,0.0155053535394096,-0.004141208973464329,0.01964656251287393
2023-01-11,ETH,0.0028341307753284,-0.00019848673686536657,0.003032617512193766
2023-01-12,ETH,0.0602609336640588,0.001320133215543981,0.05894080044851482
2023-01-13,ETH,0.0201792865257596,-0.0022691009261590453,0.022448387451918645
2023-01-14,ETH,0.0559451432013252,-0.00040605455724504263,0.05635119775857025
2023-01-15,ETH,0.0091914968208629,-0.002345097999282022,0.011536594820144923
2023-01-16,ETH,0.0168806240376543,0.00021731935878689903,0.0166633046788674
2023-01-17,ETH,0.0009175618811484,-0.0006260243629893904,0.0015435862441377903
2023-01-18,ETH,-0.0331689796611813,-0.0005074340171139969,-0.0326615456440673
2023-01-19,ETH,0.0101741659809541,0.002912349313302407,0.007261816667651693
2023-01-20,ETH,0.0580468734131029,-0.0011919006985951315,0.05923877411169803
2023-01-21,ETH,0.0149120784730456,-0.0030199705426338817,0.01793204901567948
2023-01-22,ETH,-0.0205772955051775,-0.00040625596783120695,-0.020171039537346294
2023-01-23,ETH,0.0019634919638472,0.0016830781687638785,0.0002804137950833214
2023-01-24,ETH,-0.020342203374167,0.0006497096234823032,-0.0209919129976493
2023-01-25,ETH,0.0125576684400186,0.0021911187963340618,0.010366549643684539
2023-01-26,ETH,-0.0095905389109425,-0.0007953282302259461,-0.008795210680716554
2023-01-27,ETH,-0.002279221056309,0.0012208850758710214,-0.0035001061321800215
2023-01-28,ETH,-0.0203928239335824,0.000479433972723902,-0.020872257906306303
2023-01-29,ETH,0.0474673400651933,0.0014668280913145686,0.04600051197387873
2023-01-30,ETH,-0.0542277993517127,-0.0024961868046749175,-0.051731612547037786
2023-01-31,ETH,0.0133677755108468,0.002590938775491239,0.010776836735355563
2023-02-01,ETH,0.0359193324644686,0.0005617116158504696,0.03535762084861813
2023-02-02,ETH,0.0007640470413404,-0.001509035160720591,0.0022730822020609913
2023-02-03,ETH,0.0124115822094951,0.0014887576912864574,0.010922824518208642
2023-02-04,ETH,0.013790263456644,-0.0016479065007691802,0.01543816995741318
2023-02-05,ETH,-0.0348235144743921,-0.0018358601153526805,-0.03298765435903942
2023-02-06,ETH,0.0097208719966972,0.0011496432347715812,0.008571228761925618
2023-02-07,ETH,0.0177846988597059,-0.0003910821839839879,0.018175781043689887
2023-02-08,ETH,-0.0089435529963437,-0.0005763687170585289,-0.008367184279285171
2023-02-09,ETH,-0.0703225079786716,0.0004966221785465871,-0.07081913015721818
2023-02-10,ETH,-0.0230446122109021,0.002151623928372834,-0.025196236139274936
2023-02-11,ETH,0.0197941624125864,0.0019332257678434147,0.017860936644742986
2023-02-12,ETH,-0.0159163258245239,-0.0008089065319988516,-0.015107419292525048
2023-02-13,ETH,-0.0168665514476781,0.001360504100266052,-0.01822705554794415
2023-02-14,ETH,0.0463129405483292,0.0010007365849801521,0.04531220396334905
2023-02-15,ETH,0.0677265481224826,-0.002673721402437448,0.07040026952492005
2023-02-16,ETH,0.0100528572370854,-0.002846674666622156,0.012899531903707556
2023-02-17,ETH,0.0065281111409233,-0.00223454919029207,0.00876266033121537
2023-02-18,ETH,-0.0033475903201889,0.0003096385656173126,-0.0036572288858062124
2023-02-19,ETH,-0.0009127711534232,0.0007241299811941423,-0.0016369011346173423
2023-02-20,ETH,0.0086496280906482,0.0006513355757136882,0.007998292514934512
2023-02-21,ETH,-0.0350871207329677,-0.0005400927870796747,-0.03454702794588803
2023-02-22,ETH,-0.0140102538434648,-0.00048066071587515494,-0.013529593127589645
2023-02-23,ETH,0.0156224460130685,0.0026294331772736376,0.012993012835794862
2023-02-24,ETH,-0.026299477204756,0.00017964395069089458,-0.026479121155446893
2023-02-25,ETH,-0.0178511516922228,0.001434669644205849,-0.019285821336428647
2023-02-26,ETH,0.0427819531050548,0.0007830888458254406,0.041998864259229364
2023-02-27,ETH,-0.0092955659548686,-0.002870355101483107,-0.006425210853385493
2023-02-28,ETH,-0.0135965623203959,0.0006073587811681269,-0.014203921101564028
2023-03-01,ETH,0.0314082344765223,0.002034220129660588,0.029374014346861713
2023-03-02,ETH,-0.0096733375025564,-0.003571042407317978,-0.006102295095238422
2023-03-03,ETH,-0.0508475536890158,0.002018914638295367,-0.052866468327311164
2023-03-04,ETH,-0.0020604072259366,0.005400016918849556,-0.0074604241447861555
2023-03-05,ETH,0.0101390014935038,0.002202176902920697,0.007936824590583104
2023-03-06,ETH,-0.003568246426518,0.001508383364464961,-0.005076629790982961
2023-03-07,ETH,-0.0104269540586726,-0.00023728792891991718,-0.010189666129752683
2023-03-08,ETH,0.0013020835172984,0.00153094375599865,-0.0002288602387002501
2023-03-09,ETH,-0.0805012516059445,0.00037674471396699277,-0.0808779963199115
2023-03-10,ETH,-0.0042679791916161,0.0031024619121539205,-0.0073704411037700205
2023-03-11,ETH,0.0339833507887908,0.0013485426866117417,0.03263480810217906
2023-03-12,ETH,0.0547910670264664,-0.0009075496222707341,0.05569861664873713
2023-03-13,ETH,0.0705315305929229,-0.0022445147326029483,0.07277604532552585
2023-03-14,ETH,0.0195094925107074,-0.003175981487817514,0.022685473998524913
2023-03-15,ETH,-0.0314186913663102,5.3322240861089146e-05,-0.03147201360717129
2023-03-16,ETH,0.0045398095429498,0.0061515131245652175,-0.0016117035816154172
2023-03-17,ETH,0.0498044319467972,0.0008067797271695938,0.048997652219627603
2023-03-18,ETH,0.0289187666003219,-0.0018969814804741247,0.030815748080796023
2023-03-19,ETH,0.0017521663199775,-0.0006963669619773063,0.0024485332819548064
2023-03-20,ETH,-0.0208681348650746,0.0009054242979525927,-0.02177355916302719
2023-03-21,ETH,0.0225007248257653,0.0009508499133553254,0.021549874912409974
2023-03-22,ETH,-0.0364381331124119,-0.0023953210392419285,-0.03404281207316997
2023-03-23,ETH,0.046287981686265,0.0006650369586932845,0.04562294472757172
2023-03-24,ETH,-0.0387322959152968,0.001304435286175761,-0.04003673120147256
2023-03-25,ETH,-0.0108237661336637,0.004465480304638451,-0.015289246438302151
2023-03-26,ETH,0.0170976624537146,0.0026254775168732753,0.014472184936841326
2023-03-27,ETH,-0.0311557065807854,0.0009585854691797736,-0.032114292049965174
2023-03-28,ETH,0.0383375736251799,-0.0010544494578003532,0.03939202308298025
2023-03-29,ETH,0.0163694838294353,-0.0023774486241796107,0.01874693245361491
2023-03-30,ETH,-0.0047451914878314,0.0004785714200767235,-0.0052237629079081235
2023-03-31,ETH,0.0123987972004828,0.00045947043672577486,0.011939326763757025
2023-04-01,ETH,-0.0002200643697159,0.0018151744132819006,-0.0020352387829978007
2023-04-02,ETH,-0.0157999743138321,0.002420369447943772,-0.01822034376177587
2023-04-03,ETH,-0.0046278999917892,0.00339438409521064,-0.008022284086999839
2023-04-04,ETH,0.0536001166599154,0.0009975226222459289,0.052602594037669474
2023-04-05,ETH,0.0144263757514687,-0.002169934660128405,0.016596310411597107
2023-04-06,ETH,-0.0221473903172372,0.0006096410641923376,-0.022757031381429538
2023-04-07,ETH,-0.0053783811680785,0.0016532132636638958,-0.007031594431742396
2023-04-08,ETH,0.0008086035857416,0.0003331223172676792,0.00047548126847392087
2023-04-09,ETH,0.0007541072266876,-0.00019964086536937282,0.0009537480920569728
2023-04-10,ETH,0.0155684665157225,-0.0001220667458715631,0.015690533261594065
2023-04-11,ETH,0.0044748483881075,-0.0007497236710548573,0.0052245720591623575
2023-04-12,ETH,0.0074400606097263,-0.0006373675593885886,0.008077428169114888
2023-04-13,ETH,0.050849758548256,-0.0016955927538476697,0.052545351302103666
2023-04-14,ETH,0.0478857537374494,-0.001989387470581348,0.04987514120803075
2023-04-15,ETH,-0.0086273175719871,-0.0031765096130657406,-0.00545080795892136
2023-04-16,ETH,0.0163334827878158,1.117595789862337e-05,0.016322306829917175
2023-04-17,ETH,-0.0220223400787946,-0.0014998547348784475,-0.020522485343916153
2023-04-18,ETH,0.0077690780184118,0.0020404779868933957,0.0057286000315184046
2023-04-19,ETH,-0.0554429236132063,-0.00023358051792417699,-0.055209343095282123
2023-04-20,ETH,-0.0216681311629785,0.003795336586092066,-0.025463467749070566
2023-04-21,ETH,-0.0532247612372977,0.001975118612841445,-0.05519987985013914
2023-04-22,ETH,0.0172650633301765,0.002238793897655546,0.015026269432520955
2023-04-23,ETH,-0.0111071912532448,-0.0021840697447002826,-0.008923121508544518
2023-04-24,ETH,-0.004928695850857,-0.0004894277023690396,-0.00443926814848796
2023-04-25,ETH,0.0111563900368753,0.0003080055376218723,0.010848384499253428
2023-04-26,ETH,0.0033002887519825,0.0010659946599113907,0.002234294092071109
2023-04-27,ETH,0.0282333789199027,-0.0017794263498851239,0.030012805269787824
2023-04-28,ETH,-0.0121305704324794,-0.0004271076117123016,-0.011703462820767098
2023-04-29,ETH,0.0038410991714675,0.0035341249303933076,0.0003069742410741925
2023-04-30,ETH,-0.0058517122940195,0.0024230645177930592,-0.00827477681181256
2023-05-01,ETH,-0.0464883210858244,0.003104650378680881,-0.04959297146450528
2023-05-02,ETH,0.0345902826538944,0.0021178236657288835,0.03247245898816551
2023-05-03,ETH,0.0017892197635015,-0.0005652931312996937,0.0023545128948011937
2023-05-04,ETH,0.0023451668354099,-0.0007747005462855082,0.0031198673816954085
2023-05-05,ETH,0.0576640355658426,-3.112168563666661e-05,0.057695157251479265
2023-05-06,ETH,-0.0468096150682489,-0.0035364404039834436,-0.04327317466426545
2023-05-07,ETH,0.0073456440272367,0.002769352863402348,0.004576291163834352
2023-05-08,ETH,-0.0378499138839766,-0.0006019717216502343,-0.03724794216232637
2023-05-09,ETH,0.0041015751285898,0.002546521979014642,0.001555053149575158
2023-05-10,ETH,0.0049514397200176,0.00027288334821069213,0.0046785563718069086
2023-05-11,ETH,-0.0338162111390601,0.0012853511399234672,-0.03510156227898357
2023-05-12,ETH,-0.004512615348177,0.0036697044382420162,-0.008182319786419015
2023-05-13,ETH,0.0084784720099571,0.0012518654713441087,0.007226606538612991
2023-05-14,ETH,-0.0026032502580451,0.00025996581071184165,-0.002863216068756942
2023-05-15,ETH,0.0148235860228203,0.0009326487516280923,0.013890937271192207
2023-05-16,ETH,-0.0025880612770157,-0.0015921885157215716,-0.0009958727612941283
2023-05-17,ETH,0.0026044894162282,-0.0017871953514770201,0.0043916847677052204
2023-05-18,ETH,-0.0163139357548402,0.001308548255125853,-0.017622484009966053
2023-05-19,ETH,0.0086731773858809,0.0018542111818481894,0.006818966204032712
2023-05-20,ETH,0.0045420214345009,-0.0015549727577151232,0.006096994192216023
2023-05-21,ETH,-0.007553863835039,-0.0014575887354287193,-0.00609627509961028
2023-05-22,ETH,0.0063336744993608,-0.0006849810183633142,0.007018655517724114
2023-05-23,ETH,0.0196432310431208,-0.0008799758356018937,0.020523206878722694
2023-05-24,ETH,-0.0274502063899911,-0.0012165482151286458,-0.026233658174862454
2023-05-25,ETH,0.0031986214551042,0.0011130729393206173,0.002085548515783583
2023-05-26,ETH,0.0141159968115603,-0.0002718446557714186,0.014387841467331719
2023-05-27,ETH,-0.0074364013852147,0.0007968122459951905,-0.008233213631209891
2023-05-28,ETH,0.0163308928674728,0.0019318661375282897,0.014399026729944512
2023-05-29,ETH,0.0226248680310824,0.0007113989181748868,0.021913469112907515
2023-05-30,ETH,0.0051964852518261,0.00026176956547592023,0.004934715686350179
2023-05-31,ETH,-0.0203709765615675,0.0015362819261194778,-0.021907258487686977
2023-06-01,ETH,0.0019756450694423,0.002178764259018727,-0.00020311918957642734
2023-06-02,ETH,0.0186316108804732,0.0005137020728154338,0.01811790880765777
2023-06-03,ETH,-0.0004883722859154,-0.0005998681453664629,0.00011149585945106292
2023-06-04,ETH,-0.0006515342811394,0.0003773327743297044,-0.0010288670554691043
2023-06-05,ETH,-0.0524009916118037,0.0004109895391987184,-0.05281198115100242
2023-06-06,ETH,0.038784971461302,0.003516581136655122,0.035268390324646876
2023-06-07,ETH,-0.0187429018203103,-0.0010548433039913772,-0.017688058516318925
2023-06-08,ETH,0.005980992376438,-0.0009544094086436554,0.006935401785081655
2023-06-09,ETH,-0.0088515580219149,-0.00019985332905431757,-0.008651704692860581
2023-06-10,ETH,-0.0440207510107259,0.0008687040599251295,-0.044889455070651035
2023-06-11,ETH,0.0039690816195845,0.0032558870304038984,0.0007131945891806018
2023-06-12,ETH,-0.0146654719328008,9.18534937840171e-05,-0.014757325426584816
2023-06-13,ETH,-0.0008514653772427,0.0012146369765066395,-0.0020661023537493395
2023-06-14,ETH,-0.0589062554909298,-0.0019027391064975437,-0.05700351638443226
2023-06-15,ETH,0.0186582167716967,0.0037094660403568167,0.014948750731339885
2023-06-16,ETH,0.0339257189990445,-0.0013164185804541693,0.03524213757949867
2023-06-17,ETH,0.0007874152922232,-0.001856886397345382,0.002644301689568582
2023-06-18,ETH,0.0068348235098795,6.273731958866833e-05,0.006772086190290832
2023-06-19,ETH,-0.00559127605868,-0.0003783032562533171,-0.005212972802426683
2023-06-20,ETH,0.0315042681549452,0.0001417746729508771,0.03136249348199432
2023-06-21,ETH,0.0515397115394311,-0.0023201904990870267,0.05385990203851813
2023-06-22,ETH,0.0043526795192449,-0.0037905006835709664,0.008143180202815866
2023-06-23,ETH,0.0098034833540318,-0.0006949820626147369,0.010498465416646537
2023-06-24,ETH,-0.0059971772149019,0.0014770345689318592,-0.00747421178383376
2023-06-25,ETH,0.0030293873516072,0.0022736091334938638,0.0007557782181133363
2023-06-26,ETH,-0.0263576398425155,0.001829922808014971,-0.028187562650530473
2023-06-27,ETH,0.0221403374059254,0.0011652331367632235,0.020975104269162177
2023-06-28,ETH,-0.0331922739937919,-0.0018532904343386823,-0.031338983559453214
2023-06-29,ETH,0.0098359667021762,0.004146804084671628,0.005689162617504573
2023-06-30,ETH,0.0412049953853371,-0.0009699834596838069,0.0421749788450209
2023-07-01,ETH,-0.002124681642609,-0.0016070672954900118,-0.0005176143471189883
2023-07-02,ETH,-0.0023428968909444,0.0007186948352188587,-0.0030615917261632587
2023-07-03,ETH,0.0207123639669332,0.000797861592110416,0.019914502374822785
2023-07-04,ETH,-0.0081872072172828,-0.001383374143764168,-0.006803833073518632
2023-07-05,ETH,-0.016651566365533,0.00026253148190351935,-0.01691409784743652
2023-07-06,ETH,-0.0143656015031766,0.0005436848646479935,-0.014909286367824593
2023-07-07,ETH,-0.0093088438766182,-0.0023492792735555316,-0.006959564603062669
2023-07-08,ETH,0.0,-0.0006178876536953276,0.0006178876536953276
2023-07-09,ETH,-0.0009115282132484,-0.0013071635599856892,0.00039563534673728914
2023-07-10,ETH,0.0150142578217296,-0.001245427818302781,0.01625968564003238
2023-07-11,ETH,-0.0097709403866164,-0.0009363189612957387,-0.00883462142532066
2023-07-12,ETH,-0.0005551315110295,0.001021144256213397,-0.001576275767242897
2023-07-13,ETH,0.0587701715408378,0.0005780538194090481,0.05819211772142875
2023-07-14,ETH,-0.036232653107302,-0.0034725906145461286,-0.03276006249275587
2023-07-15,ETH,0.0084730851300541,0.002174774445138332,0.006298310684915768
2023-07-16,ETH,-0.0001035303862608,-0.0007989909503034943,0.0006954605640426942
2023-07-17,ETH,-0.0216913487738683,-0.00028530780410307503,-0.021406040969765224
2023-07-18,ETH,0.0022986390030547,0.0013755516351005646,0.0009230873679541354
2023-07-19,ETH,0.0022459716410654,0.0019208030238853074,0.00032516861718009243
2023-07-20,ETH,-0.0055502742021214,0.0015174496660978626,-0.007067723868219263
2023-07-21,ETH,0.00343624783035,0.0001498921210539682,0.003286355709296032
2023-07-22,ETH,-0.0037169555333824,0.0005658276150783625,-0.004282783148460763
2023-07-23,ETH,0.0027295827358056,0.0009568157034320189,0.001772767032373581
2023-07-24,ETH,-0.0227504749959216,0.0005956294570001567,-0.023346104452921755
2023-07-25,ETH,0.0064319296060814,0.0019631438937916597,0.0044687857122897405
2023-07-26,ETH,0.0094646106917042,-0.0006993943411991091,0.010164005032903309
2023-07-27,ETH,-0.0116631876096123,-0.0004572720980014876,-0.011205915511610813
2023-07-28,ETH,0.009666567887926,-0.0005632462324194165,0.010229814120345416
2023-07-29,ETH,0.004068884012675,0.0012976526221704413,0.0027712313905045587
2023-07-30,ETH,-0.0103133575398285,0.0015039445266317062,-0.011817302066460207
2023-07-31,ETH,-0.0062783153152428,0.002519008657986686,-0.008797323973229486
2023-08-01,ETH,-0.001939330377611,0.001332701727846086,-0.003272032105457086
2023-08-02,ETH,-0.0043949444964813,-0.0009556617708158581,-0.003439282725665442
2023-08-03,ETH,0.0007057929605111,-0.0009688942900848168,0.0016746872505959169
2023-08-04,ETH,-0.0118855010484427,-0.0018549475322187506,-0.010030553516223948
2023-08-05,ETH,0.0066889881507967,0.0008048421266444386,0.005884146024152261
2023-08-06,ETH,-0.0017199725768487,-0.00048076846585343966,-0.0012392041109952603
2023-08-07,ETH,-0.0024622468119375,3.689314991856772e-05,-0.0024991399618560675
2023-08-08,ETH,0.0204968542073937,0.0006999950258948554,0.019796859181498847
2023-08-09,ETH,-0.0064075170763038,0.00038800856513711177,-0.006795525641440912
2023-08-10,ETH,-0.0015406865858971,-1.6526725864648594e-05,-0.0015241598600324515
2023-08-11,ETH,-0.0024103902146515,-0.0008897203555702686,-0.0015206698590812312
2023-08-12,ETH,0.001463176980274,0.00046313677134256947,0.0010000402089314305
2023-08-13,ETH,0.0042365388643465,0.00011040236443347219,0.004126136499913028
2023-08-14,ETH,-0.0061879176443904,3.305683866695968e-05,-0.0062209744830573595
2023-08-15,ETH,-0.0082704534701972,0.001190653781210916,-0.009461107251408115
2023-08-16,ETH,-0.0109024380745031,-0.001304403003497,-0.0095980350710061
2023-08-17,ETH,-0.051845073160106,-0.00031559258614176176,-0.05152948057396424
2023-08-18,ETH,-0.035455456701632,0.002274381240807375,-0.03772983794243937
2023-08-19,ETH,0.0085755933331702,0.002788710282936292,0.005786883050233907
2023-08-20,ETH,0.0108494563849743,-8.079411855239194e-05,0.010930250503526692
2023-08-21,ETH,-0.0103828264021121,-0.00027146352953876673,-0.010111362872573334
2023-08-22,ETH,-0.0251958942139786,0.0002934057896543258,-0.025489300003632923
2023-08-23,ETH,0.032573142922172,0.002527745140956401,0.030045397781215597
2023-08-24,ETH,-0.0211381740647533,0.001734614523805651,-0.02287278858855895
2023-08-25,ETH,0.0,0.001146070238561393,-0.001146070238561393
2023-08-26,ETH,-0.0013228077001255,0.000872248891031608,-0.002195056591157108
2023-08-27,ETH,0.0039873765872487,0.0007016412801388345,0.003285735307109866
2023-08-28,ETH,-0.0044853996888081,0.00040623505224768693,-0.004891634741055787
2023-08-29,ETH,0.0477742612961414,0.0018438092070916206,0.04593045208904978
2023-08-30,ETH,-0.0135098975312744,-0.0010870913866872882,-0.012422806144587111
2023-08-31,ETH,-0.0325041739383074,0.0007251366137592176,-0.03322931055206662
2023-09-01,ETH,-0.0131731048309576,0.00357832601007831,-0.01675143084103591
2023-09-02,ETH,0.0042859442093085,0.0018728997735606942,0.002413044435747806
2023-09-03,ETH,0.0048767037667742,0.0005917043298478526,0.004284999436926348
2023-09-04,ETH,-0.0087756070831459,0.0005774499829524144,-0.009353057066098314
2023-09-05,ETH,0.0007368065909117,-0.0007267812959894794,0.0014635878869011794
2023-09-06,ETH,-0.0010132490849548,-0.00046215794985407114,-0.0005510911351007289
2023-09-07,ETH,0.0063083963607991,-0.0009577525077949774,0.007266148868594077
2023-09-08,ETH,-0.0008551185470986,0.0004651899494899544,-0.0013203084965885544
2023-09-09,ETH,-0.0018777165884419,0.0007200161340368721,-0.0025977327224787723
2023-09-10,ETH,-0.0091266984889497,0.0005338501829806814,-0.00966054867193038
2023-09-11,ETH,-0.0489291837111693,0.0012008185209495814,-0.05013000223211888
2023-09-12,ETH,0.0363456309710641,0.002028400830522766,0.03431723014054133
2023-09-13,ETH,0.0034663162195941,-0.0023553895425563686,0.0058217057621504685
2023-09-14,ETH,0.0150799381337972,0.0006154291172892004,0.014464509016508
2023-09-15,ETH,-0.0037040269758516,0.0011916051177964185,-0.004895632093648019
2023-09-16,ETH,0.0078593104022408,-0.0008870832459330982,0.008746393648173898
2023-09-17,ETH,-0.0107298156373117,-0.0017200536270117548,-0.009009762010299946
2023-09-18,ETH,0.0121965844258722,-0.0005759955351104518,0.012772579960982652
2023-09-19,ETH,0.0032619493903242,-0.000474657181117482,0.003736606571441682
2023-09-20,ETH,-0.0111096951325475,-0.0009970237036435027,-0.010112671428903998
2023-09-21,ETH,-0.0226659230610324,0.0005877930707292527,-0.02325371613176165
2023-09-22,ETH,0.0021510118674503,-0.002682807750792645,0.004833819618242944
2023-09-23,ETH,0.0012683106172546,0.001385080521603155,-0.0001167699043485551
2023-09-24,ETH,-0.0018779230294907,0.0012823203120363557,-0.003160243341527056
2023-09-25,ETH,-0.0029527611492443,0.001592303256878856,-0.004545064406123156
2023-09-26,ETH,0.0001576168338041,-7.227157279896508e-05,0.00022988840660306508
2023-09-27,ETH,0.0046856168369905,-0.0019035390918494355,0.006589155928839936
2023-09-28,ETH,0.0384976538689443,-0.0005547558781529693,0.03905240974709727
2023-09-29,ETH,0.0071292434254774,-0.00280876708778607,0.00993801051326347
2023-09-30,ETH,0.0073942127144555,-0.0010486910712163209,0.008442903785671821
2023-10-01,ETH,-0.0036245747426752,-0.001240119628464573,-0.0023844551142106272
2023-10-02,ETH,-0.0054796298385012,-0.0004281099222048949,-0.005051519916296304
2023-10-03,ETH,-0.0050872312119144,0.0002733194871888844,-0.005360550699103284
2023-10-04,ETH,-0.0089121205835827,-0.0027795457678409974,-0.006132574815741703
2023-10-05,ETH,-0.0154095142317061,0.0018265755479620854,-0.017236089779668184
2023-10-06,ETH,0.0183283366140773,-0.0001240990466922246,0.018452435660769526
2023-10-07,ETH,-0.0077658220373418,-0.0007977138179848336,-0.006968108219356966
2023-10-08,ETH,0.001858554775427,0.0005729223568974557,0.0012856324185295444
2023-10-09,ETH,-0.0374504754274493,7.09538838095646e-05,-0.03752142931125887
2023-10-10,ETH,-0.0108511689472159,0.0029149151273195535,-0.013766084074535454
2023-10-11,ETH,0.002394566632998,0.002703831933147572,-0.00030926530014957227
2023-10-12,ETH,-0.0182373521537968,0.0021611810146538912,-0.02039853316845069
2023-10-13,ETH,0.0152336256616256,0.0010012774382154345,0.014232348223410166
2023-10-14,ETH,-0.0023760607120129,0.0012675464586435106,-0.003643607170656411
2023-10-15,ETH,0.0058017632089622,0.002131771102668736,0.0036699921062934636
2023-10-16,ETH,0.0151304172652835,0.00169639689101693,0.01343402037426657
2023-10-17,ETH,-0.0176200902538417,-0.001440993738350866,-0.016179096515490834
2023-10-18,ETH,0.0012744117177556,-0.0005381164863701842,0.0018125282041257843
2023-10-19,ETH,0.0029077683410701,-7.976395639825633e-05,0.002987532297468356
2023-10-20,ETH,0.0231185885631365,-0.0026100707587545222,0.025728659321891025
2023-10-21,ETH,0.0167940235121809,-0.0009800558233047229,0.017774079335485624
2023-10-22,ETH,0.0061983290631467,-0.0007459125785180547,0.006944241641664755
2023-10-23,ETH,0.0408483195850822,-3.801624372809765e-05,0.040886335828810294
2023-10-24,ETH,0.0357289613738701,-0.0025106623763605147,0.038239623750230614
2023-10-25,ETH,0.0091586537087314,0.001571127869818843,0.007587525838912556
2023-10-26,ETH,0.0058000274133767,-0.001971191575886761,0.007771218989263461
2023-10-27,ETH,-0.0093804548937511,0.0006429270910979097,-0.010023381984849011
2023-10-28,ETH,-0.0013255971340055,0.0004972714810663565,-0.0018228686150718566
2023-10-29,ETH,0.0104557843791052,-0.00016768783510151506,0.010623472214206715
2023-10-30,ETH,0.0019171199070128,-0.0008686766982334801,0.0027857966052462803
2023-10-31,ETH,0.0076870280361191,0.00010828329324449345,0.0075787447428746066
2023-11-01,ETH,0.0222010398624624,0.0017525107398795128,0.020448529122582885
2023-11-02,ETH,-0.0278748844765567,0.00180813142733407,-0.029683015903890768
2023-11-03,ETH,0.0131108634827963,0.0030503760164608718,0.010060487466335429
2023-11-04,ETH,0.0058828670134879,-0.0011124592257367057,0.006995326239224606
2023-11-05,ETH,0.016208963876826,-0.0008181930201589429,0.017027156896984943
2023-11-06,ETH,0.012433085350542,-0.0012520500978278756,0.013685135448369875
2023-11-07,ETH,0.0001373394187419,-0.0015345020647117976,0.0016718414834536977
2023-11-08,ETH,-0.0030682172878453,0.0018453358906700133,-0.004913553178515313
2023-11-09,ETH,0.0870422824080142,0.0012257115955788581,0.08581657081243535
2023-11-10,ETH,0.0163055598922244,-0.005682936074809197,0.021988495967033596
2023-11-11,ETH,-0.0226878864947535,-0.0005772639683680274,-0.022110622526385473
2023-11-12,ETH,0.006887274127848,0.001660488574977328,0.005226785552870672
2023-11-13,ETH,-0.0002621524674336,-0.00020220443810337957,-5.9948029330220425e-05
2023-11-14,ETH,-0.0384053532820529,-0.000143960610711218,-0.03826139267134168
2023-11-15,ETH,0.0323421460544148,0.0028805169510076256,0.029461629103407175
2023-11-16,ETH,-0.0457259629659667,-0.001761095490514481,-0.04396486747545222
2023-11-17,ETH,-0.0045458933408067,0.005097147471449307,-0.009643040812256008
2023-11-18,ETH,0.0075480553126117,-0.0001504599474454316,0.007698515260057132
2023-11-19,ETH,0.0112642118904323,-0.0010011256621855042,0.012265337552617805
2023-11-20,ETH,0.0211731247789581,-0.0012390981018454452,0.022412222880803547
2023-11-21,ETH,-0.0199892008148312,-0.0014996369812362081,-0.018489563833594992
2023-11-22,ETH,0.047132037711958,0.0029330663076072108,0.04419897140435079
2023-11-23,ETH,-0.0064232362449928,-0.0014880580378756184,-0.004935178207117181
2023-11-24,ETH,0.0095548103687686,1.8609932675575197e-05,0.009536200436093024
2023-11-25,ETH,-0.0016436928797651,-0.0011428399250553664,-0.0005008529547097336
2023-11-26,ETH,-0.0047593955520244,-0.000722891807949859,-0.004036503744074541
2023-11-27,ETH,-0.0290917162006953,-0.0004077413431470602,-0.02868397485754824
2023-11-28,ETH,0.0189983011168159,0.0027583164275245134,0.016239984689291387
2023-11-29,ETH,-0.0122983984322756,-0.00020718174757906036,-0.01209121668469654
2023-11-30,ETH,0.0084160916826497,0.0020926056254340765,0.0063234860572156226
2023-12-01,ETH,0.021728163785278,0.0003297151795605404,0.02139844860571746
2023-12-02,ETH,0.0366877970273878,0.0020784338120090743,0.034609363215378726
2023-12-03,ETH,0.0067988409903534,0.0011216338131909977,0.005677207177162403
2023-12-04,ETH,0.0229015915232537,0.002893872993017223,0.020007718530236477
2023-12-05,ETH,0.0171023965511522,-0.0028425844673799017,0.0199449810185321
2023-12-06,ETH,-0.0112578184792678,0.0014375920453804003,-0.0126954105246482
2023-12-07,ETH,0.0530611207498801,0.0023574046091881747,0.050703716140691926
2023-12-08,ETH,-0.0004219498364255,-0.004282945142426289,0.0038609953060007893
2023-12-09,ETH,-0.0060746712927892,-0.00021473221242338412,-0.005859939080365816
2023-12-10,ETH,0.0022182503587484,7.39813287104379e-05,0.002144269030037962
2023-12-11,ETH,-0.0627818362900444,-0.0005402954071710752,-0.06224154088287332
2023-12-12,ETH,-0.0210942988766208,0.0037571301146615836,-0.024851428991282384
2023-12-13,ETH,0.0410145645428576,0.0018947203180765162,0.039119844224781083
2023-12-14,ETH,0.0168822934856159,-0.0019039991172525583,0.01878629260286846
2023-12-15,ETH,-0.0233151809562868,0.00041493506107962195,-0.023730116017366423
2023-12-16,ETH,-0.0071018901796736,0.003197851471820576,-0.010299741651494176
2023-12-17,ETH,0.0028870383170397,0.002094332716802335,0.0007927056002373649
2023-12-18,ETH,-0.0095206736886163,0.0015156520352588296,-0.01103632572387513
2023-12-19,ETH,-0.0140686748360969,0.0007684120973905507,-0.01483708693348745
2023-12-20,ETH,-0.0024925899630061,0.001197012572955703,-0.003689602535961803
2023-12-21,ETH,0.0311865492843976,0.0006585836206818731,0.030527965663715725
2023-12-22,ETH,0.0292289063284845,-0.0026580461551504067,0.031886952483634906
2023-12-23,ETH,-0.0103710196325955,-0.0006970968726803427,-0.009673922759915158
2023-12-24,ETH,-0.0054081858231988,0.0014719253599990664,-0.006880111183197866
2023-12-25,ETH,-0.003674616344531,0.0012248549409361845,-0.0048994712854671845
2023-12-26,ETH,-0.0209768651404361,0.0010695887132996698,-0.02204645385373577
2023-12-27,ETH,0.0600808771487026,0.001394296526885259,0.058686580621817336
2023-12-28,ETH,-0.0068880950695245,-0.0019579404762490376,-0.004930154593275463
2023-12-29,ETH,-0.0257810464757496,0.0006134202390437254,-0.026394466714793327
2023-12-30,ETH,0.006845757963814,0.0011503134416147255,0.005695444522199274
2023-12-31,ETH,-0.0084878483850185,-0.0010049634744268275,-0.007482884910591674
2024-01-01,ETH,0.0243098718412362,-8.08213477678369e-05,0.024390693189004036
2024-01-02,ETH,0.0125389495095303,-0.002057532610929784,0.014596482120460084
2024-01-03,ETH,-0.0608662083679716,0.0005922175236342791,-0.06145842589160588
2024-01-04,ETH,0.021428360404804,0.003493367892935915,0.017934992511868086
2024-01-05,ETH,-0.0123791315114931,-0.0020039121021508412,-0.010375219409342258
2024-01-06,ETH,-0.0027396362062178,0.000785104779892557,-0.0035247409861103567
2024-01-07,ETH,-0.0002230649128142,1.656854837009438e-05,-0.00023963346118429437
2024-01-08,ETH,0.042860740297264,-0.00010914763715004871,0.04296988793441405
2024-01-09,ETH,-0.009103463761962,-0.0020043271196506503,-0.007099136642311349
2024-01-10,ETH,0.0868154442999705,0.0019240505773970875,0.08489139372257341
2024-01-11,ETH,0.0293654497086816,-0.005250773072722698,0.0346162227814043
2024-01-12,ETH,-0.0310160429312558,-0.000844942597178529,-0.03017110033407727
2024-01-13,ETH,0.019077793856463,0.0042793884227481805,0.01479840543371482
2024-01-14,ETH,-0.018614402736171,0.0010524397981579153,-0.01966684253432892
2024-01-15,ETH,-0.0019024598988292,0.0032433477497009018,-0.005145807648530102
2024-01-16,ETH,0.0326778382677836,0.001807454008196517,0.030870384259587085
2024-01-17,ETH,-0.0313496983601835,-0.0017197402092845847,-0.02962995815089892
2024-01-18,ETH,-0.0281663490167934,0.0004308809065076305,-0.02859722992330103
2024-01-19,ETH,0.0133181477508721,0.003228661023034878,0.010089486727837221
2024-01-20,ETH,-0.0092512829809261,0.0001124543372051314,-0.009363737318131232
2024-01-21,ETH,0.0033468019878515,0.0012340313873740434,0.0021127706004774567
2024-01-22,ETH,-0.0614152350583283,0.000428498258912257,-0.06184373331724056
2024-01-23,ETH,-0.0545607931933054,0.004647770703295376,-0.05920856389660078
2024-01-24,ETH,0.0066552219565532,0.004768927507705031,0.0018862944488481689
2024-01-25,ETH,0.0009020590107201,-0.0022096623360748136,0.0031117213467949136
2024-01-26,ETH,0.0183372531811751,0.001914545538687852,0.01642270764248725
2024-01-27,ETH,0.0058917807108862,-0.0012214127593108662,0.007113193470197066
2024-01-28,ETH,-0.0042774682673441,-0.0006777929919242828,-0.0035996752754198177
2024-01-29,ETH,0.0190844651535438,4.487950316926324e-05,0.019039585650374537
2024-01-30,ETH,0.0314749718523305,0.0010712769027686221,0.03040369494956188
2024-01-31,ETH,-0.0440183558825222,-0.0015116038640369915,-0.04250675201848521
2024-02-01,ETH,0.0112852493739947,0.002953361166893621,0.008331888207101078
2024-02-02,ETH,-0.0036227117730479,0.0015478865296824464,-0.005170598302730346
2024-02-03,ETH,0.0019891149341554,0.0006539842511944427,0.0013351306829609572
2024-02-04,ETH,-8.26196517833946e-05,0.00017921689715108942,-0.000261836548934484
2024-02-05,ETH,-0.00541557709546,0.00035329078157553744,-0.0057688678770355375
2024-02-06,ETH,0.0400119357510752,-0.00028526725518674746,0.040297203006261946
2024-02-07,ETH,0.020613200441266,-0.0009678634326353057,0.021581063873901307
2024-02-08,ETH,-0.001659724076131,-0.0007798646618851689,-0.0008798594142458311
2024-02-09,ETH,0.0317441900401254,-0.00010288465655052328,0.03184707469667593
2024-02-10,ETH,0.0029305948945429,-0.0020110745319586853,0.004941669426501585
2024-02-11,ETH,-0.002870700906883,-0.0005059595125570947,-0.0023647413943259053
2024-02-12,ETH,0.0498296564131574,-0.00011648725203714724,0.049946143665194544
2024-02-13,ETH,0.0003000545058223,-0.0031421927227702246,0.0034422472285925245
2024-02-14,ETH,0.054393960372012,-0.001777218968707474,0.056171179340719475
2024-02-15,ETH,0.0058452436383763,-0.001783089544757939,0.007628333183134239
2024-02-16,ETH,-0.0020652401067546,0.00045610278706019713,-0.002521342893814797
2024-02-17,ETH,-0.0016244044286008,-8.129245401011209e-05,-0.0015431119745906879
2024-02-18,ETH,0.0216203529545965,-9.223485084501514e-05,0.021712587805441518
2024-02-19,ETH,0.0414153527873625,-0.0014116962479718835,0.04282704903533438
2024-02-20,ETH,0.0069674993306654,-0.0028634216170450675,0.009830920947710467
2024-02-21,ETH,-0.0205100549779497,-1.88037587680649e-05,-0.020491251219181637
2024-02-22,ETH,0.0192879600214251,0.0008417514281584303,0.01844620859326667
2024-02-23,ETH,-0.0143850958803536,0.0004241043718063428,-0.014809200252159942
2024-02-24,ETH,0.0144353483992717,0.003255308632014559,0.01118003976725714
2024-02-25,ETH,0.0407817927071479,0.001460356291775419,0.03932143641537248
2024-02-26,ETH,0.0244317518071533,-3.1252934844392996e-05,0.024463004741997692
2024-02-27,ETH,0.0197493930298543,-0.002102207854740413,0.021851600884594712
2024-02-28,ETH,0.0225911503734165,-0.0005368922192934447,0.023128042592709945
2024-02-29,ETH,0.007896059304081,-7.544397393113546e-05,0.007971503278012135
2024-03-01,ETH,0.0234228997296185,0.0019034281459481249,0.021519471583670378
2024-03-02,ETH,-0.0051888184355597,0.00125025395740388,-0.00643907239296358
2024-03-03,ETH,0.019432176504491,0.002870001005976167,0.016562175498514832
2024-03-04,ETH,0.0303491091535642,0.0014243975215591114,0.028924711632005086
2024-03-05,ETH,-0.0175820667648293,-0.0006531739928762743,-0.016928892771953027
2024-03-06,ETH,0.088797724668171,0.0025775937083208113,0.08622013095985019
2024-03-07,ETH,0.0062518405745819,-0.00462770784852899,0.01087954842311089
2024-03-08,ETH,0.0107549998409559,-0.00015503458617858939,0.01091003442713449
2024-03-09,ETH,-0.0010217506029583,1.1086279229547416e-05,-0.0010328368821878474
2024-03-10,ETH,-0.0014578007696833,0.0004761160203191831,-0.001933916790002483
2024-03-11,ETH,0.0317890881928821,0.0005900451596630418,0.03119904303321906
2024-03-12,ETH,-0.0206285847281993,-0.0010784787527080046,-0.019550105975491297
2024-03-13,ETH,0.0104413755606291,0.0017268215837438429,0.008714553976885257
2024-03-14,ETH,-0.0385471716643302,-0.0003535616048793341,-0.038193610059450864
2024-03-15,ETH,-0.0567404659579355,0.002318454086854325,-0.059058920044789825
2024-03-16,ETH,-0.0034913201039303,0.0035264452989007054,-0.007017765402831005
2024-03-17,ETH,0.004289987198614,0.00015629291476181826,0.004133694283852182
2024-03-18,ETH,-0.0347097192449139,-0.0003171330923337024,-0.0343925861525802
2024-03-19,ETH,-0.0678558987148886,0.0032110596163648533,-0.07106695833125345
2024-03-20,ETH,0.0542454052866777,0.006318225896848699,0.047927179389829
2024-03-21,ETH,0.0064366316988604,-0.002419467752308332,0.008856099451168732
2024-03-22,ETH,-0.0487054828116952,0.0029301425669929185,-0.05163562537868812
2024-03-23,ETH,0.0206892823111027,0.004305410293701194,0.016383872017401505
2024-03-24,ETH,0.0077021750591957,-1.818748420228223e-05,0.007720362543397982
2024-03-25,ETH,0.0612611736051354,0.0007384317067098013,0.0605227418984256
2024-03-26,ETH,-0.0146978809115043,-0.0037431277579221033,-0.010954753153582197
2024-03-27,ETH,-0.0183631202823742,0.0015612340298376839,-0.019924354312211883
2024-03-28,ETH,0.0144686852358644,0.003506125786662253,0.010962559449202146
2024-03-29,ETH,-0.0185298044415573,0.0011073492909412029,-0.019637153732498504
2024-03-30,ETH,0.003226269750645,0.002493473087737494,0.0007327966629075062
2024-03-31,ETH,0.0350112075754594,0.0010864084053979158,0.033924799170061484
2024-04-01,ETH,-0.0379372521549726,-0.0007958482322936842,-0.037141403922678916
2024-04-02,ETH,-0.0671434720144871,0.0027142358292356096,-0.06985770784372271
2024-04-03,ETH,0.011037236920114,0.0038240871989365173,0.007213149721177483
2024-04-04,ETH,0.0056987942560153,-0.00027865553912804645,0.005977449795143346
2024-04-05,ETH,0.0029421940554148,-0.001358898360870036,0.004301092416284836
2024-04-06,ETH,0.0080020730654846,0.0017970637546643846,0.006205009310820216
2024-04-07,ETH,0.011575691957889,0.001326179448042935,0.010249512509846065
2024-04-08,ETH,0.081147878697655,0.00114290944096201,0.08000496925669298
2024-04-09,ETH,-0.0490809159274276,-0.0045717801332565465,-0.044509135794171054
2024-04-10,ETH,0.00021349730007,0.004847756903998113,-0.004634259603928113
2024-04-11,ETH,0.0032537450292692,-0.00034174442566040043,0.0035954894549296004
2024-04-12,ETH,-0.0880861762779006,0.0018977872286266527,-0.08998396350652725
2024-04-13,ETH,-0.1014590823328113,0.006839341497800458,-0.10829842383061175
2024-04-14,ETH,0.0508757046800845,0.0077407517995793365,0.043134952880505166
2024-04-15,ETH,0.0048280608452587,-0.0014981340266311607,0.006326194871889861
2024-04-16,ETH,-0.0038345349685092,-0.002042845730090186,-0.001791689238419014
2024-04-17,ETH,-0.032847887064307,0.0015517594069304472,-0.03439964647123745
2024-04-18,ETH,0.0324733948632078,0.0018264551630860282,0.03064693970012177
2024-04-19,ETH,0.0030894333515899,-0.0012400888325675874,0.004329522184157488
2024-04-20,ETH,0.0249479855699328,0.000421786753948179,0.024526198815984623
2024-04-21,ETH,-0.0024415777737796,-0.0011221915028741761,-0.001319386270905424
2024-04-22,ETH,0.0131017259121116,0.0005129276159942116,0.012588798296117388
2024-04-23,ETH,0.0061071705969106,-0.0016725557319079195,0.00777972632881852
2024-04-24,ETH,-0.0254029372510564,8.964753384128542e-05,-0.025492584784897684
2024-04-25,ETH,0.0136900432012335,0.0017198149551908533,0.011970228246042646
2024-04-26,ETH,-0.0096094458531862,-0.001456242349327413,-0.008153203503858788
2024-04-27,ETH,0.0299306254580965,0.003050328123116137,0.026880297334980364
2024-04-28,ETH,0.0227364385433231,0.000698754914503875,0.022037683628819225
2024-04-29,ETH,-0.0424748446022586,0.0011207924649088625,-0.043595637067167466
2024-04-30,ETH,-0.0693494705704347,0.0032910156005375047,-0.0726404861709722
2024-05-01,ETH,-0.008593346044841,0.0024465314302679116,-0.011039877475108912
2024-05-02,ETH,0.0165611138657798,0.0008591812075530352,0.015701932658226767
2024-05-03,ETH,0.0421451430836028,-0.0003843771015552387,0.04252952018515804
2024-05-04,ETH,0.0042926770172011,-0.0006626164015449799,0.00495529341874608
2024-05-05,ETH,0.0029843860674578,0.0014829810455021168,0.0015014050219556833
2024-05-06,ETH,-0.0186256872200935,0.0015802314139781054,-0.020205918634071608
2024-05-07,ETH,-0.0102807694017093,0.0030595117726387048,-0.013340281174348004
2024-05-08,ETH,-0.0323727305622052,0.0021645793326223184,-0.03453730989482752
2024-05-09,ETH,0.0235419237143738,0.0026154962080355074,0.02092642750633829
2024-05-10,ETH,-0.0438369548909163,-0.0004565294223130731,-0.04338042546860323
2024-05-11,ETH,0.0103684196090183,0.004008173801568555,0.006360245807449745
2024-05-12,ETH,0.0001539922493609,0.000553600423339774,-0.0003996081739788739
2024-05-13,ETH,0.0107886558474106,0.0011259863632654332,0.009662669484145167
2024-05-14,ETH,-0.0216257935942462,-0.0017839071153568293,-0.019841886478889372
2024-05-15,ETH,0.0447968581014372,0.0024874552984054023,0.0423094028030318
2024-05-16,ETH,-0.0285712632938049,-0.0006114560756343842,-0.027959807218170516
2024-05-17,ETH,0.0503441469102977,0.001808399633018093,0.048535747277279606
2024-05-18,ETH,0.0103285217229649,-0.0017567592163575054,0.012085280939322405
2024-05-19,ETH,-0.0146193367976242,0.0005227138083059486,-0.015142050605930149
2024-05-20,ETH,0.1291988290300623,0.0020048133134458,0.1271940157166165
2024-05-21,ETH,0.0675295733900453,-0.00631353266824178,0.07384310605828708
2024-05-22,ETH,0.0007766016464099,-0.002850228698958341,0.003626830345368241
2024-05-23,ETH,0.0012929973342138,-0.00040965951502093604,0.001702656849234736
2024-05-24,ETH,-0.0050936775850058,-0.001807809507979142,-0.0032858680770266584
2024-05-25,ETH,0.0028264960529486,0.0006566657316289396,0.0021698303213196603
2024-05-26,ETH,0.0300002114040246,-7.125842982653104e-05,0.03007146983385113
2024-05-27,ETH,0.0077826426470613,-0.0015909131307948255,0.009373555777856125
2024-05-28,ETH,-0.0157908861760586,-7.77426885780323e-05,-0.015713143487480565
2024-05-29,ETH,-0.0207510494362619,0.0011167250227190903,-0.021867774458980988
2024-05-30,ETH,-0.0031252529644535,0.0006432951993670113,-0.003768548163820511
2024-05-31,ETH,0.0138739087634752,9.669300907990416e-05,0.013777215754395297
2024-06-01,ETH,0.0036818000748817,0.00041562095406916363,0.0032661791208125363
2024-06-02,ETH,-0.0049015184764621,0.0008526467513810762,-0.005754165227843177
2024-06-03,ETH,-0.0038643299415149,0.0014487247065416466,-0.005313054648056547
2024-06-04,ETH,0.0095016352832155,0.0013365847631760315,0.008165050520039468
2024-06-05,ETH,0.0149137807042577,7.863759766772802e-05,0.014835143106589973
2024-06-06,ETH,-0.0172596747579254,0.002351242076720205,-0.019610916834645605
2024-06-07,ETH,-0.0287755243415728,0.0017425511538769617,-0.030518075495449763
2024-06-08,ETH,-0.0042282098015524,0.00024931612709406603,-0.004477525928646467
2024-06-09,ETH,0.006785773257141,-0.0014485804609233684,0.008234353718064368
2024-06-10,ETH,-0.0080683571174648,-0.0021565891303665726,-0.005911767987098228
2024-06-11,ETH,-0.0510994182347998,0.001017833987281073,-0.05211725222208087
2024-06-12,ETH,0.0196980346675029,0.004915420744285075,0.014782613923217825
2024-06-13,ETH,-0.0226158832750306,0.000597468062610018,-0.023213351337640617
2024-06-14,ETH,-0.0188246590979248,0.003026656207290757,-0.021851315305215557
2024-06-15,ETH,0.0401688109307549,0.00381777652463661,0.036351034406118296
2024-06-16,ETH,0.0130898144899774,0.00019202280396115028,0.01289779168601625
2024-06-17,ETH,-0.024130422611263,0.0017459935328330044,-0.025876416144096005
2024-06-18,ETH,-0.0153031648827657,3.715947071364844e-05,-0.015340324353479349
2024-06-19,ETH,0.0262733866533434,0.0030535962944151945,0.023219790358928204
2024-06-20,ETH,-0.0078835714876904,0.0003216397873017299,-0.008205211274992128
2024-06-21,ETH,-0.0008261518687107,0.001801050613318117,-0.002627202482028817
2024-06-22,ETH,-0.0075063035347057,-0.00029672641948940066,-0.007209577115216299
2024-06-23,ETH,-0.0176447486397785,-0.00013261696682717282,-0.017512131672951327
2024-06-24,ETH,-0.0369800006807593,0.000553332303238468,-0.03753333298399777
2024-06-25,ETH,0.0302146780733878,0.0022565907256884335,0.02795808734769937
2024-06-26,ETH,-0.0060440916050246,-0.0008521009579888013,-0.005191990647035799
2024-06-27,ETH,0.0145117899463646,0.00037372053818245755,0.014138069408182142
2024-06-28,ETH,-0.0162538477862409,0.0006051051657644697,-0.01685895295200537
2024-06-29,ETH,-0.0015674911526047,0.00023206092688220296,-0.001799552079486903
2024-06-30,ETH,0.0109036219359322,-0.0008631430692199857,0.011766765005152186
2024-07-01,ETH,0.0137850201165521,-0.0015393815582275877,0.015324401674779688
2024-07-02,ETH,-0.0138142980638189,-0.0016066028765754532,-0.012207695187243447
2024-07-03,ETH,-0.0479904524034984,0.001546372984885908,-0.049536825388384303
2024-07-04,ETH,-0.0352959426983132,0.004959071703173101,-0.0402550144014863
2024-07-05,ETH,-0.055015768704694,0.004333071964868574,-0.05934884066956257
2024-07-06,ETH,0.029571891503341,0.0055216900371278166,0.024050201466213183
2024-07-07,ETH,-0.0250667522937981,0.00011039385726277116,-0.025177146151060873
2024-07-08,ETH,0.0034047789966367,0.003385818028139212,1.8960968497488094e-05
2024-07-09,ETH,0.0244684505678902,-0.0003479492791630277,0.024816399847053226
2024-07-10,ETH,0.0077363929669738,-0.0007695620253566347,0.008505954992330434
2024-07-11,ETH,0.0064647001981518,0.0008126757627467416,0.005652024435405059
2024-07-12,ETH,-0.0020720069733778,0.00048228372479480514,-0.0025542906981726055
2024-07-13,ETH,0.0170610762690294,0.00032365131910560847,0.016737424949923793
2024-07-14,ETH,0.0076338893021962,-0.0009548767279738219,0.008588766030170022
2024-07-15,ETH,0.0748248132450743,-0.0003220225620573763,0.07514683580713168
2024-07-16,ETH,0.0013963638632531,-0.0042082774765479355,0.005604641339801035
2024-07-17,ETH,-0.006855036105476,0.0030791529962363854,-0.009934189101712385
2024-07-18,ETH,-0.0007027407176062,-0.0019081330700226674,0.0012053923524164673
2024-07-19,ETH,0.0267765414061994,-2.323814356460424e-05,0.026799779549764004
2024-07-20,ETH,0.0048645976677369,-0.0036969024283264903,0.00856150009606339
2024-07-21,ETH,-0.0167987008940002,-0.002542789231373063,-0.014255911662627137
2024-07-22,ETH,0.0071746736621508,-0.0011453974296411784,0.008320071091791979
2024-07-23,ETH,-0.0018642007262992,0.0009167213827202498,-0.0027809221090194496
2024-07-24,ETH,-0.0316096191020777,0.0016597574012298057,-0.0332693765033075
2024-07-25,ETH,-0.0679466805647143,-0.0005425024161059871,-0.06740417814860832
2024-07-26,ETH,0.0317878418054563,0.002160456367364595,0.029627385438091708
2024-07-27,ETH,-0.0038781808868394,0.0018311457568368035,-0.005709326643676203
2024-07-28,ETH,0.0099971988890464,0.003966513754943012,0.006030685134103387
2024-07-29,ETH,0.0139772094894063,0.0029643047523484336,0.011012904737057867
2024-07-30,ETH,-0.0123359244038252,0.0005677774329972337,-0.012903701836822434
2024-07-31,ETH,-0.0184461781757997,0.0016255866969959068,-0.020071764872795606
2024-08-01,ETH,-0.0165300781923328,0.0032792272457518126,-0.019809305438084613
2024-08-02,ETH,-0.049138252587404,0.002241943440236373,-0.05138019602764037
2024-08-03,ETH,-0.0416726964005679,-0.000763271746789052,-0.04090942465377885
2024-08-04,ETH,-0.0501504750454422,-0.0012704124243611355,-0.048880062621081063
2024-08-05,ETH,-0.1212213457856978,-0.0007060478719010506,-0.12051529791379675
2024-08-06,ETH,0.0212918667631311,-0.0021874317861576486,0.02347929854928875
2024-08-07,ETH,-0.0579809630797311,0.0036403232785267277,-0.06162128635825783
2024-08-08,ETH,0.0900047571022441,0.003563770282847459,0.08644098681939665
2024-08-09,ETH,0.0091692606980833,-0.001064013594265252,0.010233274292348552
2024-08-10,ETH,0.004154171679138,0.002528851452562976,0.001625320226575024
2024-08-11,ETH,-0.0184010305355086,0.002628516605970434,-0.021029547141479036
2024-08-12,ETH,0.0472492758323307,0.004105712436282936,0.04314356339604776
2024-08-13,ETH,0.0066162636581811,-0.0008827865563515867,0.007499050214532687
2024-08-14,ETH,-0.0084453048549091,0.0013337911973292133,-0.009779096052238314
2024-08-15,ETH,-0.048533336641713,0.0014138090136819898,-0.04994714565539499
2024-08-16,ETH,0.0229141960608489,0.005110365346116079,0.01780383071473282
2024-08-17,ETH,0.0021633634367088,-0.00013937792944770035,0.0023027413661565
2024-08-18,ETH,0.0195438557843538,0.0008973514332788428,0.018646504351074955
2024-08-19,ETH,-0.0187791836002766,-5.051418957770526e-05,-0.018728669410698895
2024-08-20,ETH,-0.0103920488815949,0.0010069871217838018,-0.011399036003378701
2024-08-21,ETH,0.0160591251608282,-3.7969050094094027e-06,0.016062922065837607
2024-08-22,ETH,-0.0024618230295088,-0.0013359060388311267,-0.0011259169906776734
2024-08-23,ETH,0.0483927911806667,-0.001109537462154714,0.04950232864282141
2024-08-24,ETH,0.0136806957025229,-0.0016189819092774524,0.015299677611800353
2024-08-25,ETH,-0.0080884776377723,0.00036235955619483637,-0.008450837193967137
2024-08-26,ETH,-0.0298584320385396,0.0016044311840839442,-0.031462863222623545
2024-08-27,ETH,-0.0407987519491608,0.0024580574219876653,-0.043256809371148466
2024-08-28,ETH,-0.0171518728791749,0.0023899383862780173,-0.01954181126545292
2024-08-29,ETH,0.0010437489254619,0.0013891336869657474,-0.0003453847615038474
2024-08-30,ETH,-0.008428293204578,0.002164405062554176,-0.010592698267132177
2024-08-31,ETH,-0.0048072232622395,0.0012006797996503753,-0.006007903061889875
2024-09-01,ETH,-0.0019085956457772,0.0007169640571487276,-0.002625559702925928
2024-09-02,ETH,0.0206206738087656,0.0007216152883829823,0.019899058520382616
2024-09-03,ETH,-0.0363792445942904,-0.0022551764414193614,-0.034124068152871036
2024-09-04,ETH,-0.0032534240454302,0.00034390901657405955,-0.0035973330620042597
2024-09-05,ETH,-0.0364619403461785,6.101164281978451e-05,-0.036522951988998284
2024-09-06,ETH,-0.0875626560381808,0.003540369412696229,-0.09110302545087702
2024-09-07,ETH,0.0461384650674769,0.003623004340382858,0.04251546072709404
2024-09-08,ETH,0.0025902136125111,-0.00470502800005999,0.00729524161257109
2024-09-09,ETH,0.0280239796596064,-0.0020898888514807334,0.030113868511087136
2024-09-10,ETH,0.015425341873051,0.002262544627836948,0.013162797245214053
2024-09-11,ETH,-0.0128023755660041,0.0010661475545718656,-0.013868523120575967
2024-09-12,ETH,0.0017235697045925,0.0025573187046466447,-0.0008337490000541448
2024-09-13,ETH,0.0300111523649453,0.0009996954117301455,0.029011456953215154
2024-09-14,ETH,-0.0028181371025452,-0.0003290207868726318,-0.002489116315672568
2024-09-15,ETH,-0.0222092815755511,0.0014882009035156825,-0.02369748247906678
2024-09-16,ETH,-0.0385363838855418,0.0027258646615614373,-0.04126224854710324
2024-09-17,ETH,0.0304438173390186,0.002009157537049006,0.028434659801969592
2024-09-18,ETH,-0.0080725896880914,-0.001976137821848665,-0.006096451866242735
2024-09-19,ETH,0.0584964509925532,-0.0006549178280796437,0.05915136882063284
2024-09-20,ETH,0.0299042527552573,-0.0010458178976038178,0.03095007065286112
2024-09-21,ETH,0.0099285068157046,3.789203448632849e-05,0.009890614781218271
2024-09-22,ETH,0.0028992013458248,0.0010642398303381195,0.0018349615154866804
2024-09-23,ETH,0.0336618918619223,0.0015505940347702411,0.03211129782715205
2024-09-24,ETH,-0.0040849806906377,-0.0009057980589897022,-0.003179182631647998
2024-09-25,ETH,-0.0268992216966307,0.0009447309005408075,-0.027843952597171505
2024-09-26,ETH,0.0196141529573907,0.0028145468905200347,0.016799606066870667
2024-09-27,ETH,0.0235777783977092,-0.001187061893419714,0.024764840291128912
2024-09-28,ETH,-0.0068305157152574,-0.0023948803774473835,-0.004435635337810016
2024-09-29,ETH,-0.0055387893336535,-0.0007192496014030358,-0.0048195397322504645
2024-09-30,ETH,-0.0181145070387765,-0.0007715932964642764,-0.017342913742312224
2024-10-01,ETH,-0.0639341042857795,0.002016662949474651,-0.06595076723525416
2024-10-02,ETH,-0.0271871038995238,0.005848142386278828,-0.03303524628580263
2024-10-03,ETH,-0.018380576476355,0.0024274456032734666,-0.020808022079628466
2024-10-04,ETH,0.0363264741179655,0.0012313790146854123,0.03509509510328009
2024-10-05,ETH,-0.0152668387325213,-0.0012361489596127591,-0.014030689772908542
2024-10-06,ETH,0.0192975697408597,0.0016877658910568775,0.017609803849802822
2024-10-07,ETH,0.0010819540159494,-0.00038559964185782663,0.0014675536578072266
2024-10-08,ETH,0.0002866855079634,-0.0022176966852139367,0.002504382193177337
2024-10-09,ETH,-0.0367006014450664,0.0004388326505998717,-0.03713943409566627
2024-10-10,ETH,0.0052536928381814,0.003776482472936841,0.001477210365244559
2024-10-11,ETH,0.0374890997218683,0.00026768721204926125,0.03722141250981904
2024-10-12,ETH,0.0052773784365205,-0.000281523215524201,0.005558901652044701
2024-10-13,ETH,-0.0040570475754544,0.001547574538183046,-0.005604622113637446
2024-10-14,ETH,0.0635890797686031,0.002104458733479359,0.06148462103512375
2024-10-15,ETH,-0.0191806222958907,-0.0016100485899413655,-0.017570573705949333
2024-10-16,ETH,0.0177681387627132,0.0018772293012285944,0.015890909461484606
2024-10-17,ETH,-0.0080586671254181,0.0015502636497138251,-0.009608930775131926
2024-10-18,ETH,0.0177909190450641,0.0014372448291647764,0.016353674215899325
2024-10-19,ETH,0.0006051322965996,6.28866160996796e-05,0.0005422456804999204
2024-10-20,ETH,0.0246478859221803,0.0008840723295883174,0.02376381359259198
2024-10-21,ETH,-0.0133689348399127,-0.00039998454292755224,-0.012968950296985146
2024-10-22,ETH,-0.0160239184664934,0.0013633465218046,-0.017387264988298002
2024-10-23,ETH,-0.0468100415936157,0.002179745081634671,-0.04898978667525037
2024-10-24,ETH,0.0094892596715976,0.0019361496395904488,0.007553110032007151
2024-10-25,ETH,-0.024429427068196,0.00010815653572588111,-0.024537583603921883
2024-10-26,ETH,0.0048976728187881,0.0016912085205864067,0.0032064642982016934
2024-10-27,ETH,0.0007436364161764,-0.00023609643964295825,0.0009797328558193582
2024-10-28,ETH,0.0108502328313494,-8.788943971385166e-05,0.010938122271063251
2024-10-29,ETH,0.0406475650944432,0.00010167632925203438,0.04054588876519116
2024-10-30,ETH,0.0222226335133625,-0.0008037509468256296,0.02302638446018813
2024-10-31,ETH,-0.0620755544672162,-0.0017575561714967508,-0.060317998295719454
2024-11-01,ETH,0.0002978288300465,0.0006266145342928997,-0.0003287857042463997
2024-11-02,ETH,-0.009638936476346,0.0010269302910244724,-0.010665866767370472
2024-11-03,ETH,-0.0104333213858983,0.0013947148781515337,-0.011828036264049834
2024-11-04,ETH,-0.0410363808570702,0.0015945272778289288,-0.04263090813489913
2024-11-05,ETH,0.0193531505813148,0.002412315200913352,0.016940835380401448
2024-11-06,ETH,0.107389008290603,0.00017166726611577543,0.10721734102448723
2024-11-07,ETH,0.0735965844688797,-0.0023186414324212457,0.07591522590130095
2024-11-08,ETH,0.016835904655538,-0.0020425534064821443,0.018878458062020147
2024-11-09,ETH,0.0447869497730695,0.0010779205451356376,0.04370902922793386
2024-11-10,ETH,0.0296012141015465,-0.0006395226764886666,0.030240736778035168
2024-11-11,ETH,0.0485446324512447,0.0004279682624669124,0.04811666418877779
2024-11-12,ETH,-0.014568982585969,-0.002853843775615435,-0.011715138810353565
2024-11-13,ETH,-0.0394456733061054,0.0010043563656320083,-0.04045002967173741
2024-11-14,ETH,-0.011046665664828,0.004007425827871883,-0.015054091492699883
2024-11-15,ETH,-0.0089195741971618,0.0011785054340557946,-0.010098079631217595
2024-11-16,ETH,0.0206603442812556,-0.0003077618211275683,0.020968106102383168
2024-11-17,ETH,-0.0301008914564609,-0.0021559627994971087,-0.027944928656963793
2024-11-18,ETH,0.0282552230195551,0.0009251936915635285,0.02733002932799157
2024-11-19,ETH,-0.0175669505181872,-1.9447682623851046e-05,-0.017547502835563347
2024-11-20,ETH,-0.0048119828743671,0.0023089274848940035,-0.007120910359261103
2024-11-21,ETH,0.0834452288193763,0.0022478671853728266,0.08119736163400347
2024-11-22,ETH,-0.0085921100789276,-0.0025265282670193963,-0.006065581811908204
2024-11-23,ETH,0.0299814040938189,0.005100845140741024,0.024880558953077878
2024-11-24,ETH,-0.0217327595858445,0.0027911836209711565,-0.024523943206815654
2024-11-25,ETH,0.0268639661795072,0.005807113202508752,0.02105685297699845
2024-11-26,ETH,-0.0342696307034949,-0.0033809531715257805,-0.030888677531969118
2024-11-27,ETH,0.0905948812021113,0.0035985180747509127,0.0869963631273604
2024-11-28,ETH,-0.0182577731777949,-0.006027620344012806,-0.012230152833782093
2024-11-29,ETH,0.0060479131839317,0.0030898526091669735,0.0029580605747647265
2024-11-30,ETH,0.0350366279447527,0.001118528529073742,0.03391809941567896
2024-12-01,ETH,-0.0036471095731819,-0.0005972966155366251,-0.0030498129576452745
2024-12-02,ETH,-0.0250654743287275,0.001707764265136184,-0.026773238593863685
2024-12-03,ETH,-0.0002073928650462,0.00356632354776692,-0.00377371641281312
2024-12-04,ETH,0.061210903890192,0.0003970863995428711,0.06081381749064913
2024-12-05,ETH,0.0041716103261139,-0.001901152060112157,0.006072762386226057
2024-12-06,ETH,0.0432277382071028,-0.00167621832004063,0.044903956527143435
2024-12-07,ETH,-0.0053980901985554,0.00024860352755949394,-0.005646693726114893
2024-12-08,ETH,-0.00391125827419,0.0029156235045201696,-0.006826881778710169
2024-12-09,ETH,-0.0760092349227647,0.002802485232171733,-0.07881172015493644
2024-12-10,ETH,-0.0161682191129941,0.004940301517041114,-0.021108520630035217
2024-12-11,ETH,0.0508957470911806,0.0031434920149322654,0.047752255076248334
2024-12-12,ETH,0.0090276180899199,-0.00022996269348003274,0.009257580783399933
2024-12-13,ETH,0.0095618155848429,-0.0017152970532793399,0.01127711263812224
2024-12-14,ETH,-0.0144746838036231,-0.001658642892422521,-0.01281604091120058
2024-12-15,ETH,0.0021807145287091,-0.00026930221129362086,0.002450016740002721
2024-12-16,ETH,0.0487784326858036,-0.0013168353705361163,0.050095268056339716
2024-12-17,ETH,-0.0292104975441389,-0.002725731326828073,-0.026484766217310825
2024-12-18,ETH,-0.0635836535920672,0.0016694934521867344,-0.06525314704425395
2024-12-19,ETH,-0.0771540084537008,-0.0009508203571393447,-0.07620318809656144
2024-12-20,ETH,0.0064776136860942,0.005800219073120707,0.0006773946129734927
2024-12-21,ETH,-0.0361425367188137,0.003472835878075333,-0.039615372596889034
2024-12-22,ETH,0.0361425367188137,0.005811296624199545,0.030331240094614152
2024-12-23,ETH,-0.005804557840948,0.0013753490981143306,-0.00717990693906233
2024-12-24,ETH,0.020084223818402,0.0018354221114311702,0.01824880170697083
2024-12-25,ETH,-0.0066019182478004,0.001751861851506087,-0.008353780099306487
2024-12-26,ETH,-0.0387821115926772,0.0032776377984937606,-0.042059749391170964
2024-12-27,ETH,-0.0054845596935846,0.0032350118825955993,-0.0087195715761802
2024-12-28,ETH,0.0247840689714987,-0.0016962917295086294,0.02648036070100733
2024-12-29,ETH,-0.0160494708464728,-0.003685040846897944,-0.012364429999574857
2024-12-30,ETH,-0.0092687144392851,-0.001241516458972857,-0.008027197980312244
2024-12-31,ETH,0.0098666485946546,0.0008599775742640216,0.009006671020390579
2025-01-01,ETH,0.0061855314418679,0.0010469284062936829,0.0051386030355742175
2025-01-02,ETH,0.0247838198187996,0.0011488197700918442,0.023635000048707756
2025-01-03,ETH,0.0458206507793258,0.002077054647486161,0.04374359613183964
2025-01-04,ETH,0.0123702368391045,-0.0026552127437010557,0.015025449582805555
2025-01-05,ETH,-0.003195481404284,-0.0007341826091699677,-0.002461298795114032
2025-01-06,ETH,0.0061682009273477,0.00013449784155676828,0.006033703085790931
2025-01-07,ETH,-0.085686070578592,-0.00166665810350669,-0.0840194124750853
2025-01-08,ETH,-0.020566454984424,0.005169886334001507,-0.025736341318425504
2025-01-09,ETH,-0.0275140851260921,0.0037347394420974094,-0.031248824568189507
2025-01-10,ETH,0.0175860339085725,0.002939582978268651,0.014646450930303848
2025-01-11,ETH,0.0123319931425885,-0.0010512532037870712,0.01338324634637557
2025-01-12,ETH,-0.0123993488788733,-0.0009881176853671187,-0.01141123119350618
2025-01-13,ETH,-0.047787644934781,0.0005003203633361733,-0.04828796529811717
2025-01-14,ETH,0.0319407732472747,0.003332098501153617,0.028608674746121082
2025-01-15,ETH,0.065620241654562,-0.002527144194465905,0.06814738584902791
2025-01-16,ETH,-0.0338150675086334,0.0008986967510669949,-0.034713764259700394
2025-01-17,ETH,0.0458461891368405,0.0036755691967697473,0.04217061994007075
2025-01-18,ETH,-0.0600913923947506,-0.0003861693604927722,-0.05970522303425783
2025-01-19,ETH,-0.0129575100877844,0.0060474453824992565,-0.019004955470283656
2025-01-20,ETH,0.0157990583992269,0.003382178483756826,0.012416879915470073
2025-01-21,ETH,0.0155173154951671,0.0004175206362650643,0.015099794858902036
2025-01-22,ETH,-0.0224997959803531,-0.0018863578704451328,-0.020613438109907966
2025-01-23,ETH,-0.0029292048318445,0.002509543571287893,-0.005438748403132392
2025-01-24,ETH,0.0246724916454732,0.00012050145767584354,0.024551990187797357
2025-01-25,ETH,0.0028219845480063,-0.0017984502753375985,0.004620434823343899
2025-01-26,ETH,-0.0125725653943093,-0.0006746884600253828,-0.011897876934283918
2025-01-27,ETH,-0.0424878898327373,0.0002700120322069204,-0.042757901864944214
2025-01-28,ETH,-0.0346268543739882,0.000981588842776027,-0.03560844321676423
2025-01-29,ETH,0.0283165436625385,0.005784033334663304,0.022532510327875194
2025-01-30,ETH,0.0326689172348535,-0.0010076100485007043,0.033676527283354206
2025-01-31,ETH,0.0221610567467905,0.0006366672183152557,0.021524389528475244
2025-02-01,ETH,-0.0520952730783489,-0.0007741457323060611,-0.05132112734604284
2025-02-02,ETH,-0.0802194950659858,0.0035754747893551853,-0.08379496985534099
2025-02-03,ETH,-0.0318259522995257,0.00550564575294737,-0.03733159805247307
2025-02-04,ETH,-0.06418432662805,0.004275222771331626,-0.06845954939938162
2025-02-05,ETH,0.0538479205754496,0.0039049408622308292,0.04994297971321877
2025-02-06,ETH,-0.0282232770145144,-0.0010124754013865248,-0.027210801613127878
2025-02-07,ETH,-0.04523033994893,0.002266216900348242,-0.04749655684927824
2025-02-08,ETH,0.019473124898625,0.003175226879341468,0.01629789801928353
2025-02-09,ETH,-0.0319296837151984,-0.0008991489443868775,-0.031030534770811524
2025-02-10,ETH,0.0416515453398913,0.0022096786663360585,0.039441866673555245
2025-02-11,ETH,-0.0163576919630881,0.0005204778966415632,-0.01687816985972966
2025-02-12,ETH,0.0229309314588085,0.000143408574101325,0.022787522884707173
2025-02-13,ETH,-0.0059769510919874,-0.001979787159883744,-0.003997163932103656
2025-02-14,ETH,0.0288638081389707,0.0019208623113910245,0.026942945827579678
2025-02-15,ETH,-0.0163084113642668,-0.0032206496597365613,-0.013087761704530238
2025-02-16,ETH,-0.0052377033065946,-0.0006508912251623973,-0.004586812081432203
2025-02-17,ETH,0.0326880087066636,-0.001324782371364935,0.034012791078028536
2025-02-18,ETH,-0.0458639629597931,-0.0025699733202783127,-0.043293989639514786
2025-02-19,ETH,0.0218619941899562,0.005109935346166063,0.016752058843790135
2025-02-20,ETH,0.0063663911826465,-0.0004803452500101218,0.006846736432656622
2025-02-21,ETH,-0.0324420844082114,-0.00141413033028449,-0.031027954077926908
2025-02-22,ETH,0.046628113582755,0.002172354784984463,0.04445575879777054
2025-02-23,ETH,0.0149851144063259,-0.002800515969298313,0.017785630375624212
2025-02-24,ETH,-0.0629168312720221,-0.0008222304684603572,-0.06209460080356175
2025-02-25,ETH,-0.0485763173602807,0.004362894131687616,-0.05293921149196832
2025-02-26,ETH,-0.0712679055176736,0.0025282723636778645,-0.07379617788135147
2025-02-27,ETH,-0.0261985893749828,0.0063826725312308,-0.0325812619062136
2025-02-28,ETH,-0.0237753314830406,0.0011376752780187292,-0.02491300676105933
2025-03-01,ETH,0.0018138802694275,0.0038828697864262,-0.0020689895169987
2025-03-02,ETH,0.1252665733334476,0.0020906955858445556,0.12317587774760304
2025-03-03,ETH,-0.1802001654952988,-0.005114960449240826,-0.17508520504605798
2025-03-04,ETH,0.0316345104416376,0.009541937546065915,0.022092572895571684
2025-03-05,ETH,0.0264073448508012,-0.004954525257259771,0.03136187010806097
2025-03-06,ETH,-0.0124688043231715,-0.004102739695022698,-0.008366064628148803
2025-03-07,ETH,-0.031409308039673,-0.0016989661677851394,-0.02971034187188786
2025-03-08,ETH,0.0350611904653412,0.0021373773478009926,0.03292381311754021
2025-03-09,ETH,-0.0790082493764245,-0.002108339082213273,-0.07689991029421123
2025-03-10,ETH,-0.0904931936910384,0.004904926584596618,-0.09539812027563502
2025-03-11,ETH,0.034651849145131,0.0039748012222694746,0.03067704792286153
2025-03-12,ETH,-0.0234005778353903,-0.0033111981912877842,-0.020089379644102515
2025-03-13,ETH,-0.0266443937302821,0.0045897124448862694,-0.03123410617516837
2025-03-14,ETH,0.0442615409526354,0.003691737507212747,0.04056980344542266
2025-03-15,ETH,0.0095554060431579,-0.0003948750456000775,0.009950281088757977
2025-03-16,ETH,-0.0253192586500167,0.0015015447446096954,-0.026820803394626395
2025-03-17,ETH,0.0209533961081235,0.003719017544592876,0.017234378563530623
2025-03-18,ETH,-0.0158128081698688,-0.0007901712675172722,-0.01502263690235153
2025-03-19,ETH,0.0657874457006492,0.001090207789040528,0.06469723791160868
2025-03-20,ETH,-0.0278482926508456,-0.001031397296706525,-0.026816895354139076
2025-03-21,ETH,-0.0025700842340886,0.003405474384788369,-0.005975558618876969
2025-03-22,ETH,0.0097745195972587,0.0006696736520769164,0.009104845945181784
2025-03-23,ETH,-0.0002558718848387,-0.0002193718646346369,-3.6500020204063106e-05
2025-03-24,ETH,0.0456664079270154,0.00045031565463195906,0.04521609227238344
2025-03-25,ETH,-0.0098080145742441,-0.0014054902064698097,-0.008402524367774292
2025-03-26,ETH,-0.0268023647883791,0.0016702633648620635,-0.028472628153241163
2025-03-27,ETH,-0.0019212301778938,0.0013173942004916165,-0.0032386243783854166
2025-03-28,ETH,-0.0671192363900083,0.0003054451668014262,-0.06742468155680972
2025-03-29,ETH,-0.032022007132038,0.0035259782209768405,-0.03554798535301484
2025-03-30,ETH,-0.0014974760421964,0.0012844275895521659,-0.002781903631748566
2025-03-31,ETH,0.0026630734603006,-0.0006233903095785837,0.0032864637698791837
2025-04-01,ETH,0.0499337571080762,0.002226650202149116,0.04770710690592709
2025-04-02,ETH,-0.017193035062846,-0.0013434441438557297,-0.015849590918990273
2025-04-03,ETH,-0.044719627442828,0.00106753025806041,-0.04578715770088841
2025-04-04,ETH,0.0110993350109979,-0.007262289717481055,0.018361624728478958
2025-04-05,ETH,-0.0157369210802363,-0.009369495415553881,-0.00636742566468242
2025-04-06,ETH,-0.1285220752841149,-0.008076443356110507,-0.1204456319280044
2025-04-07,ETH,-0.0026336898310564,-0.0008838571443029489,-0.0017498326867534512
2025-04-08,ETH,-0.0589372121858952,-0.002724283127254391,-0.05621292905864081
2025-04-09,ETH,0.1227062653892785,-0.0008161964308668575,0.12352246182014535
2025-04-10,ETH,-0.0898536729347379,0.007793767229635455,-0.09764744016437335
2025-04-11,ETH,0.0275422763453751,-0.0026579980282820347,0.030200274373657136
2025-04-12,ETH,0.0478519788708521,-0.0002073279459164041,0.0480593068167685
2025-04-13,ETH,-0.0362477293506741,-0.001496597731464965,-0.03475113161920913
2025-04-14,ETH,0.0276125493634372,0.003619485824533923,0.023993063538903278
2025-04-15,ETH,-0.025207411384393,0.0017929026843991442,-0.027000314068792143
2025-04-16,ETH,-0.0135769550600513,0.004534208265076834,-0.018111163325128136
2025-04-17,ETH,0.0072597669615426,0.00016797105016464622,0.007091795911377954
2025-04-18,ETH,0.0057086007239111,0.0002834740773386196,0.00542512664657248
2025-04-19,ETH,0.0128147322016169,0.00023241676217122375,0.012582315439445678
2025-04-20,ETH,-0.01537862670182,-0.00019426207851242524,-0.015184364623307576
2025-04-21,ETH,-0.0074270429375195,0.0015263718329689613,-0.008953414770488461
2025-04-22,ETH,0.0725713901271952,-0.0038509908424145915,0.0764223809696098
2025-04-23,ETH,0.0573251055871773,0.0007615360125477034,0.056563569574629595
2025-04-24,ETH,-0.0186378314999995,-0.0014528919291841717,-0.01718493957081533
2025-04-25,ETH,0.0208843112005317,0.004620770729643443,0.01626354047088826
2025-04-26,ETH,0.0035208082656275,-0.0002411804901861173,0.0037619887558136174
2025-04-27,ETH,-0.0019390695220826,0.0006869801624057516,-0.0026260496844883515
2025-04-28,ETH,-0.0091811229873261,0.00100004837309635,-0.01018117136042245
2025-04-29,ETH,0.0126355873273952,0.001674958677691971,0.010960628649703229
2025-04-30,ETH,-0.0081013438457324,0.0012290623034855164,-0.009330406149217915
2025-05-01,ETH,0.0250936731781764,0.001329957263332942,0.02376371591484346
2025-05-02,ETH,0.0037798822102576,-0.0019317193601524206,0.005711601570410021
2025-05-03,ETH,-0.0043559817066145,0.0007858445138726593,-0.005141826220487159
2025-05-04,ETH,-0.001392704846605,0.0011245248048278892,-0.002517229651432889
2025-05-05,ETH,-0.0152501350967097,0.0009666057362795252,-0.016216740832989227
2025-05-06,ETH,-0.0186238212914564,0.0016271551115499688,-0.020250976403006368
2025-05-07,ETH,0.0127138614151127,0.002224031898579628,0.010489829516533072
2025-05-08,ETH,0.1945206491913532,0.001661677567791658,0.19285897162356155
2025-05-09,ETH,0.0691503264295309,-0.01085156153168622,0.08000188796121711
2025-05-10,ETH,0.0621504631736664,-0.0029989928151128178,0.06514945598877922
2025-05-11,ETH,0.0080642212820209,-0.0026921094070266284,0.010756330689047529
2025-05-12,ETH,-0.0100090279769422,0.000528702571956727,-0.010537730548898927
2025-05-13,ETH,0.0790552574959027,0.004572228430793013,0.07448302906510969
2025-05-14,ETH,-0.0341426328741112,-0.005726777846313719,-0.02841585502779748
2025-05-15,ETH,-0.0244537420001408,0.0006462791857946577,-0.025100021185935458
2025-05-16,ETH,0.0134531264736302,0.00427219442746697,0.00918093204616323
2025-05-17,ETH,-0.0322683195472414,0.00021528027251093047,-0.03248359981975233
2025-05-18,ETH,-0.038772844300549,0.0029346187985049687,-0.041707463099053974
2025-05-19,ETH,0.0511480199396512,0.003415645210992467,0.04773237472865873
2025-05-20,ETH,-0.0028557092843251,-0.0037852536979076272,0.0009295444135825272
2025-05-21,ETH,-0.0025528047906137,0.0008151410960515626,-0.0033679458866652627
2025-05-22,ETH,0.0518055726316128,-0.0033064349661889522,0.05511200759780175
2025-05-23,ETH,-0.0376465486130164,-0.0010507081429578157,-0.03659584047005859
2025-05-24,ETH,0.0033636828879521,0.0014999040624144454,0.0018637788255376547
2025-05-25,ETH,-0.0109924121350472,-0.0012824164970375886,-0.009709995638009611
2025-05-26,ETH,0.0169462291763737,-0.00033952000955950656,0.017285749185933206
2025-05-27,ETH,0.0389273393388503,0.0020394041600341364,0.03688793517881617
2025-05-28,ETH,-0.0129295812173302,0.000585313533823455,-0.013514894751153654
2025-05-29,ETH,0.0034362797761278,0.0012194114489841152,0.002216868327143685
2025-05-30,ETH,-0.0257250021149139,0.00014388620984664757,-0.025868888324760548
2025-05-31,ETH,-0.0132034715378502,0.0021275364526924436,-0.015331007990542643
2025-06-01,ETH,-0.0062086030926388,0.0011958316387714319,-0.007404434731410232
2025-06-02,ETH,0.0053706817964081,0.0007577451187278345,0.004612936677680265
2025-06-03,ETH,0.0292346589646275,0.00015317910208491835,0.029081479862542583
2025-06-04,ETH,-0.0041249649153499,0.0003140259400574334,-0.004438990855407334
2025-06-05,ETH,-0.0826293178353184,0.001294445960550145,-0.08392376379586855
2025-06-06,ETH,0.0419440413391491,0.003889869089895408,0.03805417224925369
2025-06-07,ETH,0.0086685039896773,-0.0015044845803200645,0.010172988569997364
2025-06-08,ETH,0.0036115331292248,0.00034344149131180634,0.0032680916379129936
2025-06-09,ETH,0.0227165828442921,0.0006598655838808862,0.022056717260411213
2025-06-10,ETH,0.0679457877714748,-0.0011528373001020687,0.06909862507157687
2025-06-11,ETH,0.0153703558613087,-0.0025756697648677287,0.017946025626176428
2025-06-12,ETH,-0.0635382651334786,-0.001064995471685494,-0.062473269661793104
2025-06-13,ETH,-0.0366244466340013,0.004421983336825853,-0.04104642997082715
2025-06-14,ETH,-0.0147620645579773,0.002454902092171761,-0.01721696665014906
2025-06-15,ETH,-0.0024171075893218,0.0008303547500298844,-0.0032474623393516843
2025-06-16,ETH,0.0645272894942881,7.856983167439157e-05,0.0644487196626137
2025-06-17,ETH,-0.0614052960613087,-0.004039465728280105,-0.0573658303330286
2025-06-18,ETH,0.0070295712729877,0.0057210432347644955,0.0013085280382232048
2025-06-19,ETH,-0.0086990041134453,0.0012197923129587632,-0.009918796426404064
2025-06-20,ETH,-0.0326106602771593,0.0002022384825416842,-0.03281289875970099
2025-06-21,ETH,-0.0095291249549845,0.0020673148243658497,-0.011596439779350348
2025-06-22,ETH,-0.094130886590875,0.0005692924925789147,-0.09470017908345392
2025-06-23,ETH,0.0705931599229438,0.005850306801664269,0.06474285312127953
2025-06-24,ETH,0.042579486499375,-0.002851851673306425,0.045431338172681426
2025-06-25,ETH,-0.0035443561507497,-0.002957292897210946,-0.0005870632535387539
2025-06-26,ETH,0.0019393013139587,0.0009100360918319423,0.0010292652221267577
2025-06-27,ETH,-0.0080929899299629,-8.181586233137407e-05,-0.008011174067631526
2025-06-28,ETH,0.0016592252385635,0.00018899839747829313,0.001470226841085207
2025-06-29,ETH,0.0011922823750008,-0.0005917112511323521,0.001783993626133152
2025-06-30,ETH,0.0285758609106643,-0.00043446898675234013,0.02901032989741664
2025-07-01,ETH,-0.0357799415102064,-0.0014954177862243746,-0.034284523723982024
2025-07-02,ETH,0.0705204940816883,0.003171500637558164,0.06734899344413013
2025-07-03,ETH,0.0026730259992953,-0.003673112083571126,0.006346138082866426
2025-07-04,ETH,-0.0424295115386731,0.0010658790727220422,-0.043495390611395145
2025-07-05,ETH,0.0062370805193182,0.0017724600886192276,0.004464620430698973
2025-07-06,ETH,0.0156857271339018,-0.0013560952386989969,0.017041822372600796
2025-07-07,ETH,-0.0048803431235173,-0.0018163821145990063,-0.0030639610089182936
2025-07-08,ETH,0.0260061385023931,0.001113196175018466,0.024892942327374636
2025-07-09,ETH,0.0518974041971131,-0.0014239529523781586,0.05332135714949126
2025-07-10,ETH,0.0289460338420129,-0.0005484484817131708,0.02949448232372607
2025-07-11,ETH,0.0536134734426874,-0.0005184404610139512,0.054131913903701354
2025-07-12,ETH,-0.0192446081588782,-0.0024143326071990063,-0.016830275551679194
2025-07-13,ETH,0.0251783693393801,0.0017309566116480248,0.023447412727732073
2025-07-14,ETH,0.0041071652993815,-0.000929171964907058,0.005036337264288558
2025-07-15,ETH,0.0121127827017799,0.0007328435267316636,0.011379939175048237
2025-07-16,ETH,0.1056924320508063,-0.0001617463812838902,0.10585417843209019
2025-07-17,ETH,0.0108558133566067,-0.004856181776494598,0.015711995133101297
2025-07-18,ETH,0.0297731178155573,0.0012612238593872243,0.028511893956170077
2025-07-19,ETH,0.0126292519964958,-0.0008672847620343083,0.013496536758530108
2025-07-20,ETH,0.0479569531159505,-9.010679751989255e-05,0.04804705991347039
2025-07-21,ETH,0.00455427376309,-0.0020526527626174977,0.0066069265257074974
2025-07-22,ETH,-0.0137740715558016,0.000660432641476573,-0.014434504197278172
2025-07-23,ETH,-0.0376050585818033,0.0017174556401130872,-0.039322514221916384
2025-07-24,ETH,0.0463329921725789,0.00173136856592603,0.04460162360665287
2025-07-25,ETH,-0.014335068485566,-0.0024736475574391424,-0.011861420928126858
2025-07-26,ETH,0.0161916575707868,0.0022826001639369244,0.013909057406849877
2025-07-27,ETH,0.0204701459981487,0.00027247971604325096,0.02019766628210545
2025-07-28,ETH,-0.0091015622784621,6.430746564724946e-05,-0.009165869744109349
2025-07-29,ETH,-0.0069746110296181,0.0031631907903520206,-0.010137801819970121
2025-07-30,ETH,0.0019484645419917,0.0026366452700475715,-0.0006881807280558715
2025-07-31,ETH,-0.009151364030403,0.0021634649094347176,-0.011314828939837717
2025-08-01,ETH,-0.0540581513564807,0.0009916498242579794,-0.055049801180738676
2025-08-02,ETH,-0.0336203533834011,0.002408796054941678,-0.03602914943834278
2025-08-03,ETH,0.0208776695316804,0.0010422933250628138,0.019835376206617586
2025-08-04,ETH,0.0574731041586664,-0.0023835727661099025,0.0598566769247763
2025-08-05,ETH,-0.0344997782592543,-0.0009410475946494274,-0.03355873066460487
2025-08-06,ETH,0.0277748908483051,0.0025712475695325375,0.025203643278772562
2025-08-07,ETH,0.052344174072652,-0.0019124145861755433,0.05425658865882754
2025-08-08,ETH,0.046197456997032,-0.0013460101804165917,0.047543467177448596
2025-08-09,ETH,0.0555705838343741,-0.0011092545544434858,0.056679838388817586
2025-08-10,ETH,-0.016344373035649,-0.0016758731584946356,-0.014668499877154365
2025-08-11,ETH,0.0067214362815383,0.0025917272824877444,0.004129708999050556
2025-08-12,ETH,0.083784026745939,-0.0013420914722797488,0.08512611821821875
2025-08-13,ETH,0.0212330113738598,-0.004448439270058906,0.025681450643918705
2025-08-14,ETH,-0.0393957696391154,4.679009007016185e-05,-0.03944255972918556
2025-08-15,ETH,-0.0239882030718733,0.0031662127442666998,-0.027154415816139997
2025-08-16,ETH,0.0014056274784928,0.00044020738458403283,0.0009654200939087673
2025-08-17,ETH,0.0079318442512687,-0.0013186565977058987,0.009250500848974599
2025-08-18,ETH,-0.0297541409837481,-0.0016634885669628981,-0.0280906524167852
2025-08-19,ETH,-0.0425463893626042,0.003354256849278271,-0.04590064621188247
2025-08-20,ETH,0.0470344547993848,0.0031658999102114264,0.04386855488917337
2025-08-21,ETH,-0.0270564529224524,-0.00143479687808273,-0.02562165604436967
2025-08-22,ETH,0.1322306733899645,0.002195132003032502,0.130035541386932
2025-08-23,ETH,-0.0187812843954686,-0.005892396591270208,-0.012888887804198394
2025-08-24,ETH,0.007569512976725,0.002987259614206275,0.004582253362518725
2025-08-25,ETH,-0.0941322240514131,0.0015108891164641455,-0.09564311316787724
2025-08-26,ETH,0.0517865945024247,0.007867473195599052,0.04391912130682565
2025-08-27,ETH,0.001230182516068,-0.0019346840345546058,0.003164866550622606
2025-08-28,ETH,-0.0301027699595744,0.0014016794173143826,-0.03150444937688878
2025-08-29,ETH,-0.0311713194020282,0.00263583600199178,-0.033807155404019976
2025-08-30,ETH,0.0050882474598245,0.0027162896786091044,0.002371957781215396
2025-08-31,ETH,0.0254751766878344,0.0003432798539730243,0.025131896833861377
2025-09-01,ETH,-0.0383670729181826,-0.000876913224100538,-0.037490159694082065
2025-09-02,ETH,0.0058468482665485,0.0032768915513348303,0.00256995671521367
2025-09-03,ETH,0.0348846760745277,0.0025180193929341473,0.03236665668159355
2025-09-04,ETH,-0.0363344811847438,0.0003126849596169444,-0.03664716614436074
2025-09-05,ETH,0.0072626663627668,0.004387969610512304,0.002874696752254496
2025-09-06,ETH,-0.0138421354447119,0.000598402342375541,-0.01444053778708744
2025-09-07,ETH,0.0047136690176971,0.0015926222921390355,0.0031210467255580647
2025-09-08,ETH,-0.000595557992613,0.00046136668409784944,-0.0010569246767108494
2025-09-09,ETH,0.0013743660836907,0.001185959368840782,0.00018840671484991788
2025-09-10,ETH,0.0063703778431359,0.0014638842507085875,0.004906493592427312
2025-09-11,ETH,0.0201913924764079,0.0008782754346258148,0.019313117041782086
2025-09-12,ETH,0.0559355309487482,-0.00024139830718055062,0.05617692925592875
2025-09-13,ETH,-0.0030325166641057,-0.0029075694877807676,-0.00012494717632493234
2025-09-14,ETH,-0.0085294752042645,0.0005774827882922005,-0.0091069579925567
2025-09-15,ETH,-0.0233600628658587,0.0008450421371195251,-0.024205105002978226
2025-09-16,ETH,-0.0030782195503456,0.0021620615566814083,-0.005240281107027008
2025-09-17,ETH,0.001059692788285,-0.001107965614858187,0.002167658403143187
2025-09-18,ETH,0.0224518851736306,0.0012562247824246717,0.02119566039120593
2025-09-19,ETH,-0.0316353170451494,-0.0005237760965251448,-0.031111540948624256
2025-09-20,ETH,0.0054528686618713,0.0040512168024516,0.0014016518594197006
2025-09-21,ETH,-0.0015345225918398,0.0016516945258089224,-0.0031862171176487222
2025-09-22,ETH,-0.0679245743120771,0.002094481285861711,-0.0700190555979388
2025-09-23,ETH,-0.0018675570686672,0.005481022422237624,-0.007348579490904824
2025-09-24,ETH,-0.0023099734464758,0.0013307496358511803,-0.00364072308232698
2025-09-25,ETH,-0.0691309953301054,0.0010729452666864005,-0.0702039405967918
2025-09-26,ETH,0.0316210378254285,0.00637273730104707,0.025248300524381432
2025-09-27,ETH,-0.0013359089780409,-0.0006476786278776599,-0.0006882303501632402
2025-09-28,ETH,0.0111285732722738,0.001073220919508514,0.010055352352765286
2025-09-29,ETH,0.0421435230239931,0.00038058882207907865,0.04176293420191402
2025-09-30,ETH,-0.0081748044430075,-0.001096896130311129,-0.0070779083126963705
2025-10-01,ETH,0.0330441155716006,0.00131692570943707,0.03172718986216353
2025-10-02,ETH,0.0355238266291595,-0.0001278318541771309,0.03565165848333663
2025-10-03,ETH,0.0098682716118382,-0.0013907762423490374,0.011259047854187236
2025-10-04,ETH,-0.0127775153548552,0.00039964091060427063,-0.013177156265459471
2025-10-05,ETH,0.0045662891771205,0.0015089712481292533,0.0030573179289912467
2025-10-06,ETH,0.041848385070901,0.0006881624379290522,0.04116022263297195
2025-10-07,ETH,-0.0392094599716998,0.0004962481662635483,-0.03970570813796335
2025-10-08,ETH,-0.0018480705352263,0.0050565555543214975,-0.006904626089547798
2025-10-09,ETH,-0.037008046678813,0.004062004298152629,-0.04107005097696563
2025-10-10,ETH,-0.1165702462666358,0.0024533520631429147,-0.11902359832977871
2025-10-11,ETH,-0.0425725607265739,0.004488445485447502,-0.0470610062120214
2025-10-12,ETH,0.1127425003460207,-0.00011493041811613514,0.11285743076413683
2025-10-13,ETH,0.0348000416746793,-0.009489686559557235,0.04428972823423653
2025-10-14,ETH,-0.0401633474379033,0.005396244883217413,-0.04555959232112071
2025-10-15,ETH,-0.0387037514460872,0.00270287990456592,-0.041406631350653124
2025-10-16,ETH,-0.0289577120805528,0.0032638156035095624,-0.03222152768406236
2025-10-17,ETH,0.0019248584998494,0.0016326028168732886,0.0002922556829761114
2025-10-18,ETH,0.0080971475313147,0.0012247917954011246,0.006872355735913575
2025-10-19,ETH,0.0280833246932555,0.0005773736101527286,0.027505951083102772
2025-10-20,ETH,-0.0005000375132316,-0.0005273983175936281,2.7360804362028192e-05
2025-10-21,ETH,-0.0097909417506991,0.006041852623836542,-0.015832794374535643
2025-10-22,ETH,-0.0462956393513182,-0.0020877416133382983,-0.0442078977379799
2025-10-23,ETH,0.013311003619243,0.002140527277788084,0.011170476341454917
2025-10-24,ETH,0.0277585400074498,0.0020856387553725617,0.02567290125207724
2025-10-25,ETH,0.002140329271268,-0.00035249263637271276,0.0024928219076407127
2025-10-26,ETH,0.0290357393305303,0.0009411063029173779,0.02809463302761292
2025-10-27,ETH,0.0164758906513517,-0.0004788060581434411,0.01695469670949514
2025-10-28,ETH,-0.0369958309445941,-0.0020680544573499285,-0.03492777648724417
2025-10-29,ETH,-0.0073208319339031,0.0020099573467227063,-0.009330789280625806
2025-10-30,ETH,-0.0504113102201998,0.001729270123120181,-0.052140580343319975
2025-10-31,ETH,0.0269049096426468,0.004153429634786599,0.022751480007860203
2025-11-01,ETH,0.0055409818183038,-0.0006040378695216058,0.006145019687825406
2025-11-02,ETH,-0.0051525005421001,0.00044360947967389997,-0.005596110021774
2025-11-03,ETH,-0.0700441541309016,0.0011379662707276586,-0.07118212040162926
2025-11-04,ETH,-0.1137554723620222,0.005613345922728204,-0.1193688182847504
2025-11-05,ETH,0.0689179770004887,0.006648329454304284,0.062269647546184415
2025-11-06,ETH,-0.0343793229245137,-0.0029461473791618197,-0.03143317554535188
2025-11-07,ETH,0.04140406566405,0.0010073735122688057,0.0403966921517812
2025-11-08,ETH,-0.0172311472271108,-0.0014050943280540479,-0.015826052899056753
2025-11-09,ETH,0.0489515432271819,0.001947121719529066,0.047004421507652834
2025-11-10,ETH,-0.0105420695957766,-0.001982606532678806,-0.008559463063097794
2025-11-11,ETH,-0.0352307056926339,0.004837599691033919,-0.04006830538366782
2025-11-12,ETH,0.0011342907806742,0.0023885836308045697,-0.0012542928501303697
2025-11-13,ETH,-0.0734820097948258,0.0033102101786165817,-0.07679221997344239
2025-11-14,ETH,-0.0043678788200774,0.0016259772335533874,-0.005993856053630787
2025-11-15,ETH,-0.0031918336471624,-0.0008347035801081178,-0.002357130067054282
2025-11-16,ETH,-0.0268385854225605,-0.001173900771285811,-0.025664684651274687
2025-11-17,ETH,-0.0215248839948724,0.0003904131430846143,-0.021915297137957014
2025-11-18,ETH,0.029392775803051,0.000983201760672396,0.028409574042378604
2025-11-19,ETH,-0.0354500446785679,-0.0025870699954876186,-0.03286297468308028
2025-11-20,ETH,-0.03771497877662,0.005658532794028219,-0.04337351157064822
2025-11-21,ETH,-0.0397932883204553,0.0007690755514614105,-0.04056236387191671
2025-11-22,ETH,-0.0071111152773199,0.0060842523588385015,-0.013195367636158402
2025-11-23,ETH,0.034381690972621,0.0037357252739888313,0.030645965698632167
2025-11-24,ETH,0.0407751337585565,0.0013200412080794938,0.03945509255047701
2025-11-25,ETH,-0.009706408739737,0.0008080108399842765,-0.010514419579721277
2025-11-26,ETH,0.0302350526059831,0.0025477091951543293,0.02768734341082877
2025-11-27,ETH,0.0038638265559886,0.00018096631377702144,0.0036828602422115785
2025-11-28,ETH,0.001409712757503,0.0012567550859648652,0.00015295767153813478
2025-11-29,ETH,-0.0142274241189165,0.0015264738030782037,-0.015753897921994706
2025-11-30,ETH,0.0089174872983194,0.0023193739722404067,0.006598113326078994
2025-12-01,ETH,-0.0789673341449662,0.0008912408357148684,-0.07985857498068108
2025-12-02,ETH,0.070683972858718,0.004284297868316263,0.06639967499040174
2025-12-03,ETH,0.0547809662268168,-0.004397243378023003,0.059178209604839806
2025-12-04,ETH,-0.0135437369622067,-0.0030162194912647976,-0.010527517470941904
2025-12-05,ETH,-0.0337450138072728,0.0016611011813007569,-0.03540611498857356
2025-12-06,ETH,0.0079359998532065,0.0026171466042525593,0.00531885324895394
2025-12-07,ETH,0.0138889082413166,-0.00019022372858396025,0.01407913196990056
2025-12-08,ETH,0.0198098062096652,-0.0003553471612812486,0.02016515337094645
2025-12-09,ETH,0.0474109154051095,-0.0019325444973092524,0.04934345990241875
2025-12-10,ETH,0.0122363621001025,-0.0016934343115594067,0.013929796411661907
2025-12-11,ETH,-0.0276408196673252,3.054458741417902e-05,-0.02767136425473938
2025-12-12,ETH,-0.0528698358340786,0.003250631265829977,-0.05612046709990858
2025-12-13,ETH,0.0095741463106872,0.002661478979273935,0.006912667331413266
2025-12-14,ETH,-0.0098433903690755,-0.001386486977265258,-0.008456903391810242
2025-12-15,ETH,-0.0452686377788639,-7.318853120782968e-05,-0.04519544924765607
2025-12-16,ETH,0.0019194905340758,0.002970895327039047,-0.0010514047929632473
2025-12-17,ETH,-0.045863429024493,0.00024038288471653127,-0.046103811909209536
2025-12-18,ETH,0.0030281642196873,0.0036189634327777396,-0.0005907992130904397
2025-12-19,ETH,0.0505102155708176,0.0017470273011689864,0.048763188269648615
2025-12-20,ETH,0.0016091837790383,-0.0006477939757919038,0.002256977754830204
2025-12-21,ETH,-0.001710053952486,0.0018960149844015597,-0.0036060689368875598
2025-12-22,ETH,0.0046462639294153,0.0022163622318722,0.0024299016975431
2025-12-23,ETH,-0.0049153008126314,0.001550596660016952,-0.006465897472648352
2025-12-24,ETH,-0.008023573330463,0.0007570289137067999,-0.0087806022441698
2025-12-25,ETH,-0.001323173365883,0.0016635558787536197,-0.0029867292446366196
2025-12-26,ETH,-0.0073841561550595,0.0012070414033306441,-0.008591197558390145
2025-12-27,ETH,0.0030563675585152,0.002150827682958177,0.0009055398755570231
2025-12-28,ETH,0.0007737076146253,0.0012325891694499103,-0.00045888155482461037
2025-12-29,ETH,-0.0001362927024182,0.0014401949795122696,-0.0015764876819304697
2025-12-30,ETH,0.0105552072599906,-0.0033455067966473052,0.013900714056637906
2025-12-31,ETH,0.0043032236232183,0.0009464452040746614,0.0033567784191436386
