Asset,Window_Start,Window_End,N,Variable,Coefficient,HAC_SE,T_Statistic,P_Value,CI_95_Lower,CI_95_Upper,Sign,Significance,Significant_5pct,R_Squared,Adjusted_R_Squared,HAC_Maxlags
BTC,2021-01-06,2022-01-05,365,const,-0.028767339963748202,0.14038024164072815,-0.20492442260764715,0.8377479606751839,-0.30484350365080626,0.24730882372330987,Negative,,False,0.01795977417381711,-0.0012959165286570151,7
BTC,2021-01-06,2022-01-05,365,BTC_Lagged_Return,-0.1142896693972875,0.09366778048901914,-1.220159897038298,0.2232096498596574,-0.29849964935067247,0.06992031055609745,Negative,,False,0.01795977417381711,-0.0012959165286570151,7
BTC,2021-01-06,2022-01-05,365,Lagged_Log_BTC_Volume,0.0011712088276082404,0.005763059730030503,0.2032269111328543,0.8390734623935366,-0.010162604270093313,0.012505021925309794,Positive,,False,0.01795977417381711,-0.0012959165286570151,7
BTC,2021-01-06,2022-01-05,365,Lagged_SP500_Return_Aligned,0.7076736700210872,0.5328450726744834,1.3281039955368172,0.18499220730059912,-0.34023607699307956,1.755583417035254,Positive,,False,0.01795977417381711,-0.0012959165286570151,7
BTC,2021-01-06,2022-01-05,365,Lagged_VIX_Change_Aligned,0.0015455322575506736,0.002161583906034718,0.7149998911612224,0.47507641634976444,-0.0027055061029119727,0.00579657061801332,Positive,,False,0.01795977417381711,-0.0012959165286570151,7
BTC,2021-01-06,2022-01-05,365,Lagged_Gold_Return_Aligned,0.14876350483517609,0.33126838717003737,0.44907244577737804,0.6536518802470348,-0.502719242393329,0.8002462520636812,Positive,,False,0.01795977417381711,-0.0012959165286570151,7
BTC,2021-01-06,2022-01-05,365,Lagged_DXY_Return_Aligned,0.5999542473785031,0.7181388621493671,0.8354293006548328,0.40403479488902305,-0.8123600479921449,2.012268542749151,Positive,,False,0.01795977417381711,-0.0012959165286570151,7
BTC,2021-01-06,2022-01-05,365,Lagged_US10Y_Change_Aligned,0.02548870690616763,0.051247237299877256,0.49736743381927984,0.6192361494210536,-0.07529570910530657,0.12627312291764184,Positive,,False,0.01795977417381711,-0.0012959165286570151,7
BTC,2021-01-13,2022-01-12,365,const,-0.009213419390656837,0.14457126198192366,-0.06372925894365389,0.9492214746035433,-0.2935317744588415,0.2751049356775278,Negative,,False,0.026061903272928788,0.006965077846907808,7
BTC,2021-01-13,2022-01-12,365,BTC_Lagged_Return,-0.14787188105994706,0.09006486101345247,-1.6418376645011452,0.1015042188593212,-0.3249962471458656,0.02925248502597147,Negative,,False,0.026061903272928788,0.006965077846907808,7
BTC,2021-01-13,2022-01-12,365,Lagged_Log_BTC_Volume,0.000373996798223567,0.005938858494225934,0.06297452592736233,0.9498220331118581,-0.011305547634833654,0.012053541231280787,Positive,,False,0.026061903272928788,0.006965077846907808,7
BTC,2021-01-13,2022-01-12,365,Lagged_SP500_Return_Aligned,0.7597304535673383,0.5050475840285512,1.5042749982235126,0.13339472241901623,-0.233511884872736,1.7529727920074125,Positive,,False,0.026061903272928788,0.006965077846907808,7
BTC,2021-01-13,2022-01-12,365,Lagged_VIX_Change_Aligned,0.0014676119488641042,0.0020969488534245302,0.6998797068737966,0.48445823329207843,-0.0026563131002395254,0.005591536997967734,Positive,,False,0.026061903272928788,0.006965077846907808,7
BTC,2021-01-13,2022-01-12,365,Lagged_Gold_Return_Aligned,-0.03446162996415694,0.3003172403577688,-0.11475075464566305,0.9087071944554641,-0.6250748860607496,0.5561516261324357,Negative,,False,0.026061903272928788,0.006965077846907808,7
BTC,2021-01-13,2022-01-12,365,Lagged_DXY_Return_Aligned,0.49829685764281634,0.6838074842968553,0.7287092772247212,0.46665726508385486,-0.8465002787542113,1.843093994039844,Positive,,False,0.026061903272928788,0.006965077846907808,7
BTC,2021-01-13,2022-01-12,365,Lagged_US10Y_Change_Aligned,0.015643703103314966,0.04881630311729869,0.32046062696975136,0.7488066623400158,-0.08035996188894093,0.11164736809557085,Positive,,False,0.026061903272928788,0.006965077846907808,7
BTC,2021-01-20,2022-01-19,365,const,-0.007529934298038082,0.1416242621980685,-0.05316839206199781,0.957627478339062,-0.2860526276320341,0.270992759035958,Negative,,False,0.029115918673718655,0.010078975902615195,7
BTC,2021-01-20,2022-01-19,365,BTC_Lagged_Return,-0.15582041209762706,0.09034704317786463,-1.7246874564656884,0.08544934316722734,-0.333499726433394,0.021858902238139882,Negative,*,False,0.029115918673718655,0.010078975902615195,7
BTC,2021-01-20,2022-01-19,365,Lagged_Log_BTC_Volume,0.00029073344830002953,0.005824436597209736,0.04991614956188359,0.9602171229934374,-0.011163785311622414,0.011745252208222475,Positive,,False,0.029115918673718655,0.010078975902615195,7
BTC,2021-01-20,2022-01-19,365,Lagged_SP500_Return_Aligned,0.8245085029646888,0.4969625997102286,1.6590956813358737,0.0979747206224661,-0.15283365302816454,1.8018506589575423,Positive,*,False,0.029115918673718655,0.010078975902615195,7
BTC,2021-01-20,2022-01-19,365,Lagged_VIX_Change_Aligned,0.0018136162724342068,0.002050358023254536,0.8845363843117757,0.37700206212399506,-0.002218681796219808,0.005845914341088222,Positive,,False,0.029115918673718655,0.010078975902615195,7
BTC,2021-01-20,2022-01-19,365,Lagged_Gold_Return_Aligned,-0.030271362769732545,0.30390994810254696,-0.09960635694465064,0.9207127553929418,-0.6279501500253724,0.5674074244859073,Negative,,False,0.029115918673718655,0.010078975902615195,7
BTC,2021-01-20,2022-01-19,365,Lagged_DXY_Return_Aligned,0.5117789366432575,0.6756346148166364,0.7574788582763059,0.44926270041120175,-0.8169451796047635,1.8405030528912785,Positive,,False,0.029115918673718655,0.010078975902615195,7
BTC,2021-01-20,2022-01-19,365,Lagged_US10Y_Change_Aligned,0.02097788580672015,0.0482973966063398,0.4343481694822133,0.6642980282739227,-0.07400528144893542,0.11596105306237572,Positive,,False,0.029115918673718655,0.010078975902615195,7
BTC,2021-01-27,2022-01-26,365,const,-0.06385064811118733,0.14391896508803773,-0.44365694314247456,0.6575593935390118,-0.34688617575334507,0.21918487953097038,Negative,,False,0.032109769229095475,0.01313152941005824,7
BTC,2021-01-27,2022-01-26,365,BTC_Lagged_Return,-0.14606733167159047,0.09356209883731363,-1.5611805793879556,0.11936714897389299,-0.33006947479100246,0.03793481144782154,Negative,,False,0.032109769229095475,0.01313152941005824,7
BTC,2021-01-27,2022-01-26,365,Lagged_Log_BTC_Volume,0.0025937994097973865,0.005919593091604281,0.4381719097341597,0.6615266787334537,-0.009047857081299423,0.014235455900894195,Positive,,False,0.032109769229095475,0.01313152941005824,7
BTC,2021-01-27,2022-01-26,365,Lagged_SP500_Return_Aligned,1.0645081925671858,0.468086599126176,2.274169340789524,0.02354875430829475,0.1439544803802134,1.9850619047541582,Positive,**,True,0.032109769229095475,0.01313152941005824,7
BTC,2021-01-27,2022-01-26,365,Lagged_VIX_Change_Aligned,0.002430023163464782,0.00201276780111218,1.2073042713233202,0.22811426663274534,-0.0015283488013450356,0.006388395128274599,Positive,,False,0.032109769229095475,0.01313152941005824,7
BTC,2021-01-27,2022-01-26,365,Lagged_Gold_Return_Aligned,0.04898455378590566,0.2859070112530706,0.17133036916869093,0.8640610714634498,-0.5132890960913281,0.6112582036631395,Positive,,False,0.032109769229095475,0.01313152941005824,7
BTC,2021-01-27,2022-01-26,365,Lagged_DXY_Return_Aligned,0.6733661752622985,0.6525515966381524,1.0318972150729224,0.3028188204597438,-0.6099621571449744,1.9566945076695714,Positive,,False,0.032109769229095475,0.01313152941005824,7
BTC,2021-01-27,2022-01-26,365,Lagged_US10Y_Change_Aligned,0.014719301100741879,0.0462497568729997,0.3182568319474758,0.7504762196903896,-0.07623691396002794,0.10567551616151169,Positive,,False,0.032109769229095475,0.01313152941005824,7
BTC,2021-02-03,2022-02-02,365,const,-0.03967198858886761,0.13947853723104975,-0.284430776063775,0.7762451857300836,-0.31397483224673794,0.23463085506900272,Negative,,False,0.029707651320000195,0.010682311149804224,7
BTC,2021-02-03,2022-02-02,365,BTC_Lagged_Return,-0.15118732019819514,0.09422924881005564,-1.6044627555394588,0.10949633144736605,-0.3365015012719933,0.03412686087560304,Negative,,False,0.029707651320000195,0.010682311149804224,7
BTC,2021-02-03,2022-02-02,365,Lagged_Log_BTC_Volume,0.0015931134347441779,0.005743587878081797,0.27737251846074906,0.7816546262241537,-0.00970240571130826,0.012888632580796616,Positive,,False,0.029707651320000195,0.010682311149804224,7
BTC,2021-02-03,2022-02-02,365,Lagged_SP500_Return_Aligned,0.8518501186535057,0.5173508326375158,1.6465618008396217,0.10052811031638749,-0.16558817241602752,1.869288409723039,Positive,,False,0.029707651320000195,0.010682311149804224,7
BTC,2021-02-03,2022-02-02,365,Lagged_VIX_Change_Aligned,0.0014612635643524111,0.0024840413695316017,0.5882605588923632,0.5567293724803463,-0.003423929705903831,0.006346456834608653,Positive,,False,0.029707651320000195,0.010682311149804224,7
BTC,2021-02-03,2022-02-02,365,Lagged_Gold_Return_Aligned,-0.010649389216827593,0.2872688929276475,-0.03707115346982516,0.970448992573348,-0.5756013580919382,0.5543025796582831,Negative,,False,0.029707651320000195,0.010682311149804224,7
BTC,2021-02-03,2022-02-02,365,Lagged_DXY_Return_Aligned,0.5337909224439206,0.6519026051778949,0.8188200479705963,0.4134353353969039,-0.7482610831062428,1.815842927994084,Positive,,False,0.029707651320000195,0.010682311149804224,7
BTC,2021-02-03,2022-02-02,365,Lagged_US10Y_Change_Aligned,0.008189939130004912,0.04622371711077266,0.1771804528480079,0.8594671289409296,-0.08271506532181493,0.09909494358182476,Positive,,False,0.029707651320000195,0.010682311149804224,7
BTC,2021-02-10,2022-02-09,365,const,0.10022159040642334,0.1310974574178822,0.7644815725674992,0.445085321108265,-0.15759876016459193,0.3580419409774386,Positive,,False,0.026095868229102703,0.006999708782614578,7
BTC,2021-02-10,2022-02-09,365,BTC_Lagged_Return,-0.15266753050710435,0.0985970019665962,-1.5483993170383292,0.12241218248401725,-0.3465714712315221,0.04123641021731342,Negative,,False,0.026095868229102703,0.006999708782614578,7
BTC,2021-02-10,2022-02-09,365,Lagged_Log_BTC_Volume,-0.0041408679554360795,0.005384158851363487,-0.7690835411342748,0.44235222943367053,-0.014729522761789484,0.006447786850917324,Negative,,False,0.026095868229102703,0.006999708782614578,7
BTC,2021-02-10,2022-02-09,365,Lagged_SP500_Return_Aligned,0.5127154920601046,0.5695816521215117,0.9001615310998895,0.3686410961540683,-0.6074415584362488,1.6328725425564579,Positive,,False,0.026095868229102703,0.006999708782614578,7
BTC,2021-02-10,2022-02-09,365,Lagged_VIX_Change_Aligned,0.0005882339031939214,0.0025943505029804035,0.22673648087186185,0.8207584308212854,-0.004513896751029279,0.005690364557417121,Positive,,False,0.026095868229102703,0.006999708782614578,7
BTC,2021-02-10,2022-02-09,365,Lagged_Gold_Return_Aligned,-0.11189704531220296,0.28750624307600103,-0.3891986626621651,0.6973612380338661,-0.6773157943954264,0.4535217037710206,Negative,,False,0.026095868229102703,0.006999708782614578,7
BTC,2021-02-10,2022-02-09,365,Lagged_DXY_Return_Aligned,0.3399376990042141,0.692361348451185,0.49098306796682983,0.6237400980882261,-1.021681733556624,1.701557131565052,Positive,,False,0.026095868229102703,0.006999708782614578,7
BTC,2021-02-10,2022-02-09,365,Lagged_US10Y_Change_Aligned,0.01570355361007759,0.04849969823357854,0.32378662511358286,0.7462891828612153,-0.07967746633839966,0.11108457355855485,Positive,,False,0.026095868229102703,0.006999708782614578,7
BTC,2021-02-17,2022-02-16,365,const,0.11958283177957615,0.1304498206530079,0.9166960228919168,0.3599207814301031,-0.13696385612054282,0.3761295196796951,Positive,,False,0.0239627414773953,0.0048247560161678305,7
BTC,2021-02-17,2022-02-16,365,BTC_Lagged_Return,-0.14571976019730626,0.1014633154320706,-1.4361817330408961,0.15182631316617298,-0.34526068242441965,0.05382116202980716,Negative,,False,0.0239627414773953,0.0048247560161678305,7
BTC,2021-02-17,2022-02-16,365,Lagged_Log_BTC_Volume,-0.004942012254169797,0.005367237981629434,-0.9207738265165311,0.3577903016464054,-0.015497389950099206,0.005613365441759612,Negative,,False,0.0239627414773953,0.0048247560161678305,7
BTC,2021-02-17,2022-02-16,365,Lagged_SP500_Return_Aligned,0.49110094909531743,0.5604071711283228,0.8763288094735397,0.38144057840442813,-0.6110132807959704,1.5932151789866054,Positive,,False,0.0239627414773953,0.0048247560161678305,7
BTC,2021-02-17,2022-02-16,365,Lagged_VIX_Change_Aligned,0.0005636259174066969,0.002596892138806609,0.21703863205720547,0.828302218693833,-0.0045435031971424525,0.005670755031955847,Positive,,False,0.0239627414773953,0.0048247560161678305,7
BTC,2021-02-17,2022-02-16,365,Lagged_Gold_Return_Aligned,-0.07717717123515624,0.28290647046615436,-0.27280101125997175,0.7851639107850842,-0.6335498639708684,0.479195521500556,Negative,,False,0.0239627414773953,0.0048247560161678305,7
BTC,2021-02-17,2022-02-16,365,Lagged_DXY_Return_Aligned,0.3739897110602992,0.6875893123854141,0.5439143749381999,0.586839909673536,-0.9782448864652351,1.7262243085858335,Positive,,False,0.0239627414773953,0.0048247560161678305,7
BTC,2021-02-17,2022-02-16,365,Lagged_US10Y_Change_Aligned,0.016357315783432833,0.0458562271512276,0.3567087132896614,0.7215206201650046,-0.0738249714466546,0.10653960301352026,Positive,,False,0.0239627414773953,0.0048247560161678305,7
BTC,2021-02-24,2022-02-23,365,const,0.059904430422258396,0.1332753392256549,0.4494787315516137,0.6533591104061647,-0.20219901047134314,0.32200787131585995,Positive,,False,0.0261048570178819,0.007008873822154205,7
BTC,2021-02-24,2022-02-23,365,BTC_Lagged_Return,-0.15350366452489037,0.1017904768807764,-1.508035616187198,0.13242982944642281,-0.3536879926658941,0.046680663616113394,Negative,,False,0.0261048570178819,0.007008873822154205,7
BTC,2021-02-24,2022-02-23,365,Lagged_Log_BTC_Volume,-0.0025181823179591884,0.005487167332790639,-0.458922093173802,0.6465693926422138,-0.01330941681820156,0.008273052182283181,Negative,,False,0.0261048570178819,0.007008873822154205,7
BTC,2021-02-24,2022-02-23,365,Lagged_SP500_Return_Aligned,0.5643217560162694,0.5557568125664685,1.0154113152662012,0.31059746717225944,-0.5286469336157862,1.657290445648325,Positive,,False,0.0261048570178819,0.007008873822154205,7
BTC,2021-02-24,2022-02-23,365,Lagged_VIX_Change_Aligned,0.0009150140880000562,0.0025671569272195057,0.35643091324031767,0.721728440147556,-0.004133636831573479,0.005963665007573592,Positive,,False,0.0261048570178819,0.007008873822154205,7
BTC,2021-02-24,2022-02-23,365,Lagged_Gold_Return_Aligned,0.04497403871714507,0.2563405909771301,0.1754464189448542,0.860828337025549,-0.45915336644403243,0.5491014438783226,Positive,,False,0.0261048570178819,0.007008873822154205,7
BTC,2021-02-24,2022-02-23,365,Lagged_DXY_Return_Aligned,0.4889018139857746,0.6918968566685302,0.7066108326316545,0.4802692761348359,-0.8718041345411229,1.8496077625126721,Positive,,False,0.0261048570178819,0.007008873822154205,7
BTC,2021-02-24,2022-02-23,365,Lagged_US10Y_Change_Aligned,0.023156974558417073,0.04275291050443686,0.541646739021753,0.5883997586253593,-0.06092223331706405,0.1072361824338982,Positive,,False,0.0261048570178819,0.007008873822154205,7
BTC,2021-03-03,2022-03-02,365,const,0.09603755055147771,0.14017271939027082,0.6851372433182853,0.4937019254388109,-0.17963049340223075,0.3717055945051862,Positive,,False,0.02082514453395079,0.0016256375640283371,7
BTC,2021-03-03,2022-03-02,365,BTC_Lagged_Return,-0.11853052422718774,0.1066526796030931,-1.1113693970774847,0.2671572826753994,-0.3282770119638515,0.09121596350947606,Negative,,False,0.02082514453395079,0.0016256375640283371,7
BTC,2021-03-03,2022-03-02,365,Lagged_Log_BTC_Volume,-0.0039873003271816,0.00577588729290763,-0.6903355493237748,0.490431747403273,-0.015346340510313274,0.007371739855950074,Negative,,False,0.02082514453395079,0.0016256375640283371,7
BTC,2021-03-03,2022-03-02,365,Lagged_SP500_Return_Aligned,0.7449016170540607,0.5130994150622771,1.451768595299702,0.14744417606183904,-0.26417570354921927,1.7539789376573407,Positive,,False,0.02082514453395079,0.0016256375640283371,7
BTC,2021-03-03,2022-03-02,365,Lagged_VIX_Change_Aligned,0.0023047162999363553,0.002340412913004496,0.9847477285440563,0.32541491347070195,-0.002298012765878794,0.0069074453657515045,Positive,,False,0.02082514453395079,0.0016256375640283371,7
BTC,2021-03-03,2022-03-02,365,Lagged_Gold_Return_Aligned,0.1079428579656515,0.23849437844008153,0.4526012674666488,0.6511107997935277,-0.3610876287404233,0.5769733446717263,Positive,,False,0.02082514453395079,0.0016256375640283371,7
BTC,2021-03-03,2022-03-02,365,Lagged_DXY_Return_Aligned,0.3949683287914919,0.6370829415528065,0.6199637488782985,0.5356771585606206,-0.857938863835369,1.647875521418353,Positive,,False,0.02082514453395079,0.0016256375640283371,7
BTC,2021-03-03,2022-03-02,365,Lagged_US10Y_Change_Aligned,0.041906851904070376,0.042044906927396805,0.9967164864090478,0.31957723269389005,-0.04077997404400122,0.12459367785214198,Positive,,False,0.02082514453395079,0.0016256375640283371,7
BTC,2021-03-10,2022-03-09,365,const,0.08736079309467451,0.13775861697464592,0.6341584650980708,0.5263835393547358,-0.18355960171793131,0.35828118790728036,Positive,,False,0.01500926824767912,-0.004304275512170275,7
BTC,2021-03-10,2022-03-09,365,BTC_Lagged_Return,-0.0946296250357974,0.11135825988710092,-0.8497764344713753,0.39601890785551214,-0.3136302537936392,0.12437100372204436,Negative,,False,0.01500926824767912,-0.004304275512170275,7
BTC,2021-03-10,2022-03-09,365,Lagged_Log_BTC_Volume,-0.003647698585254152,0.005678906811154765,-0.6423240786570362,0.5210750433725392,-0.01481601392675622,0.007520616756247916,Negative,,False,0.01500926824767912,-0.004304275512170275,7
BTC,2021-03-10,2022-03-09,365,Lagged_SP500_Return_Aligned,0.5909079965404065,0.5071003687074951,1.1652683235993726,0.2446883867984988,-0.40637141230512264,1.5881874053859355,Positive,,False,0.01500926824767912,-0.004304275512170275,7
BTC,2021-03-10,2022-03-09,365,Lagged_VIX_Change_Aligned,0.002177878252210619,0.002288510557948939,0.9516575069518257,0.34191455293611145,-0.002322778022572202,0.00667853452699344,Positive,,False,0.01500926824767912,-0.004304275512170275,7
BTC,2021-03-10,2022-03-09,365,Lagged_Gold_Return_Aligned,0.16103508656262755,0.23725125572100816,0.6787533582203426,0.4977339154039431,-0.3055506362132616,0.6276208093385167,Positive,,False,0.01500926824767912,-0.004304275512170275,7
BTC,2021-03-10,2022-03-09,365,Lagged_DXY_Return_Aligned,0.1378627274669605,0.6084884891280259,0.2265658758221048,0.8208909999358059,-1.0588097227495754,1.3345351776834962,Positive,,False,0.01500926824767912,-0.004304275512170275,7
BTC,2021-03-10,2022-03-09,365,Lagged_US10Y_Change_Aligned,0.055702392155286606,0.04375906954774616,1.2729336508060098,0.20386990715015316,-0.030355559491321363,0.14176034380189456,Positive,,False,0.01500926824767912,-0.004304275512170275,7
BTC,2021-03-17,2022-03-16,365,const,0.10574761111728562,0.13715204102543108,0.7710246987697225,0.4412022807803114,-0.16397987250577653,0.3754750947403478,Positive,,False,0.017119830655738855,-0.0021523295274819,7
BTC,2021-03-17,2022-03-16,365,BTC_Lagged_Return,-0.10488138001411718,0.11121493025258125,-0.9430512591782426,0.346292430546034,-0.32360013224020223,0.11383737221196785,Negative,,False,0.017119830655738855,-0.0021523295274819,7
BTC,2021-03-17,2022-03-16,365,Lagged_Log_BTC_Volume,-0.004412845293361994,0.005658918688151926,-0.7798036226604855,0.4360231416271702,-0.015541851368449978,0.006716160781725991,Negative,,False,0.017119830655738855,-0.0021523295274819,7
BTC,2021-03-17,2022-03-16,365,Lagged_SP500_Return_Aligned,0.5734489185752981,0.4976605287857579,1.1522893325987824,0.24997321952925056,-0.40526580651592525,1.5521636436665216,Positive,,False,0.017119830655738855,-0.0021523295274819,7
BTC,2021-03-17,2022-03-16,365,Lagged_VIX_Change_Aligned,0.002172615130029737,0.002239524896794096,0.970123231556773,0.3326418680108266,-0.0022317044149594836,0.006576934675018958,Positive,,False,0.017119830655738855,-0.0021523295274819,7
BTC,2021-03-17,2022-03-16,365,Lagged_Gold_Return_Aligned,0.1655582282458848,0.24699718895317085,0.6702838560534129,0.5031102069008495,-0.3201941509400405,0.65131060743181,Positive,,False,0.017119830655738855,-0.0021523295274819,7
BTC,2021-03-17,2022-03-16,365,Lagged_DXY_Return_Aligned,0.29962356699998766,0.5762380382295796,0.519964922691574,0.6034102886210085,-0.8336241401247988,1.432871274124774,Positive,,False,0.017119830655738855,-0.0021523295274819,7
BTC,2021-03-17,2022-03-16,365,Lagged_US10Y_Change_Aligned,0.05752151894280394,0.04309048001633176,1.334900862580381,0.18275944567799832,-0.02722156366841222,0.1422646015540201,Positive,,False,0.017119830655738855,-0.0021523295274819,7
BTC,2021-03-24,2022-03-23,365,const,0.10870228689477686,0.138548496869142,0.7845793303513451,0.4332205513364364,-0.1637715103660461,0.3811760841555998,Positive,,False,0.01948085236307817,0.00025498672313861714,7
BTC,2021-03-24,2022-03-23,365,BTC_Lagged_Return,-0.10897930845929735,0.11057286269443675,-0.9855881977158978,0.3250027204808013,-0.3264353505902245,0.1084767336716298,Negative,,False,0.01948085236307817,0.00025498672313861714,7
BTC,2021-03-24,2022-03-23,365,Lagged_Log_BTC_Volume,-0.004532522212269309,0.005721958502721572,-0.7921277671121655,0.42881221312349893,-0.01578550435380739,0.006720459929268771,Negative,,False,0.01948085236307817,0.00025498672313861714,7
BTC,2021-03-24,2022-03-23,365,Lagged_SP500_Return_Aligned,0.5692737133843407,0.4909595336513421,1.1595124941368669,0.24702226819151085,-0.3962626255752375,1.534810052343919,Positive,,False,0.01948085236307817,0.00025498672313861714,7
BTC,2021-03-24,2022-03-23,365,Lagged_VIX_Change_Aligned,0.002179616847313357,0.002251741842203801,0.9679692433925489,0.333715027513183,-0.0022487289237406215,0.006607962618367336,Positive,,False,0.01948085236307817,0.00025498672313861714,7
BTC,2021-03-24,2022-03-23,365,Lagged_Gold_Return_Aligned,0.20384930111307634,0.2393975968703996,0.8515093876378061,0.39505726063328594,-0.2669574831424203,0.6746560853685729,Positive,,False,0.01948085236307817,0.00025498672313861714,7
BTC,2021-03-24,2022-03-23,365,Lagged_DXY_Return_Aligned,0.29976015228840835,0.5739594249328427,0.5222671486289862,0.6018082529382865,-0.8290063628243325,1.4285266674011492,Positive,,False,0.01948085236307817,0.00025498672313861714,7
BTC,2021-03-24,2022-03-23,365,Lagged_US10Y_Change_Aligned,0.0652112974535504,0.0412108676201601,1.5823810858485645,0.11444807786006418,-0.015835280767241916,0.1462578756743427,Positive,,False,0.01948085236307817,0.00025498672313861714,7
BTC,2021-03-31,2022-03-30,365,const,0.13382264486694675,0.14070579752841392,0.951081243400243,0.3422065746891947,-0.14289376718759908,0.4105390569214926,Positive,,False,0.019617845322158822,0.00039466581867175776,7
BTC,2021-03-31,2022-03-30,365,BTC_Lagged_Return,-0.10791592014568542,0.11038408340575802,-0.977640225076654,0.32891430773400604,-0.325000703036759,0.10916886274538816,Negative,,False,0.019617845322158822,0.00039466581867175776,7
BTC,2021-03-31,2022-03-30,365,Lagged_Log_BTC_Volume,-0.005561646534780997,0.005812472510405694,-0.956846939890785,0.3392920216081001,-0.016992636348262872,0.0058693432787008774,Negative,,False,0.019617845322158822,0.00039466581867175776,7
BTC,2021-03-31,2022-03-30,365,Lagged_SP500_Return_Aligned,0.45729612197942476,0.5049049805962842,0.905707290586371,0.36570165156577183,-0.5356657681009034,1.450258012059753,Positive,,False,0.019617845322158822,0.00039466581867175776,7
BTC,2021-03-31,2022-03-30,365,Lagged_VIX_Change_Aligned,0.001788780665767299,0.0023355993253351883,0.765876512449577,0.44425585197749795,-0.002804481848332439,0.0063820431798670375,Positive,,False,0.019617845322158822,0.00039466581867175776,7
BTC,2021-03-31,2022-03-30,365,Lagged_Gold_Return_Aligned,0.22269051856679856,0.23466914037692502,0.9489552746863672,0.34328529514558215,-0.23881713560014511,0.6841981727337423,Positive,,False,0.019617845322158822,0.00039466581867175776,7
BTC,2021-03-31,2022-03-30,365,Lagged_DXY_Return_Aligned,0.24148706975235712,0.5812396827269103,0.4154690000163279,0.6780482056603633,-0.9015970275140238,1.3845711670187382,Positive,,False,0.019617845322158822,0.00039466581867175776,7
BTC,2021-03-31,2022-03-30,365,Lagged_US10Y_Change_Aligned,0.06646645002214432,0.03907141797556854,1.7011527470977883,0.0897850502324247,-0.01037261976742504,0.1433055198117137,Positive,*,False,0.019617845322158822,0.00039466581867175776,7
BTC,2021-04-07,2022-04-06,365,const,0.12736243332966768,0.14605181577120943,0.8720359459904372,0.3837748595526333,-0.1598676250202683,0.41459249167960366,Positive,,False,0.018923320699654522,-0.0003134769336854415,7
BTC,2021-04-07,2022-04-06,365,BTC_Lagged_Return,-0.10930897269477127,0.11064920592255773,-0.9878875477088876,0.32387678989877544,-0.3269151538003632,0.1082972084108206,Negative,,False,0.018923320699654522,-0.0003134769336854415,7
BTC,2021-04-07,2022-04-06,365,Lagged_Log_BTC_Volume,-0.005305881161823416,0.00603775345760899,-0.8787840045268422,0.3801094870226104,-0.01717991551582436,0.006568153192177529,Negative,,False,0.018923320699654522,-0.0003134769336854415,7
BTC,2021-04-07,2022-04-06,365,Lagged_SP500_Return_Aligned,0.5045713323952685,0.5174937914039983,0.9750287651303599,0.33020619631646825,-0.5131481058453669,1.522290770635904,Positive,,False,0.018923320699654522,-0.0003134769336854415,7
BTC,2021-04-07,2022-04-06,365,Lagged_VIX_Change_Aligned,0.0018486604214179164,0.0023875523150031688,0.7742910636140188,0.4392711617177384,-0.002846774463322963,0.006544095306158796,Positive,,False,0.018923320699654522,-0.0003134769336854415,7
BTC,2021-04-07,2022-04-06,365,Lagged_Gold_Return_Aligned,0.22450667353483023,0.24057462624253972,0.9332101104814342,0.3513422180903585,-0.24861489341237214,0.6976282404820326,Positive,,False,0.018923320699654522,-0.0003134769336854415,7
BTC,2021-04-07,2022-04-06,365,Lagged_DXY_Return_Aligned,0.24912100484373376,0.5787747779468372,0.430428232770393,0.6671438910077679,-0.8891155337663652,1.3873575434538328,Positive,,False,0.018923320699654522,-0.0003134769336854415,7
BTC,2021-04-07,2022-04-06,365,Lagged_US10Y_Change_Aligned,0.06081663535734565,0.03954661801246122,1.5378466835819489,0.12497192105593365,-0.016956977653092606,0.13859024836778389,Positive,,False,0.018923320699654522,-0.0003134769336854415,7
BTC,2021-04-14,2022-04-13,365,const,0.12683715548884605,0.14882765807475232,0.8522418287677348,0.39465124232611604,-0.16585196095363586,0.41952627193132797,Positive,,False,0.017268892266710134,-0.002000345139824944,7
BTC,2021-04-14,2022-04-13,365,BTC_Lagged_Return,-0.10816820413574056,0.11021604847986563,-0.9814197263250717,0.32705042382035293,-0.3249225242981309,0.10858611602664976,Negative,,False,0.017268892266710134,-0.002000345139824944,7
BTC,2021-04-14,2022-04-13,365,Lagged_Log_BTC_Volume,-0.005306047367192586,0.006155280632425079,-0.8620317551796319,0.3892487030445875,-0.0174112143305478,0.006799119596162628,Negative,,False,0.017268892266710134,-0.002000345139824944,7
BTC,2021-04-14,2022-04-13,365,Lagged_SP500_Return_Aligned,0.5079715605794096,0.52328167747767,0.9707421116442326,0.33233394405377614,-0.5211305150210223,1.5370736361798416,Positive,,False,0.017268892266710134,-0.002000345139824944,7
BTC,2021-04-14,2022-04-13,365,Lagged_VIX_Change_Aligned,0.0017140138210006161,0.0024023788666366745,0.7134652426410294,0.4760240509669508,-0.003010579422835856,0.006438607064837088,Positive,,False,0.017268892266710134,-0.002000345139824944,7
BTC,2021-04-14,2022-04-13,365,Lagged_Gold_Return_Aligned,0.2356939152145399,0.23773339888173659,0.9914211310788046,0.32215146798745314,-0.23184000534620933,0.7032278357752891,Positive,,False,0.017268892266710134,-0.002000345139824944,7
BTC,2021-04-14,2022-04-13,365,Lagged_DXY_Return_Aligned,0.2966385347698811,0.5885360668951265,0.5040277927822225,0.6145527495589602,-0.860794859280754,1.4540719288205164,Positive,,False,0.017268892266710134,-0.002000345139824944,7
BTC,2021-04-14,2022-04-13,365,Lagged_US10Y_Change_Aligned,0.04574671530177732,0.040510284035745046,1.1292617761310142,0.25954563995456437,-0.03392207338063795,0.1254155039841926,Positive,,False,0.017268892266710134,-0.002000345139824944,7
BTC,2021-04-21,2022-04-20,365,const,0.09666585531676998,0.1571971927743193,0.6149337250287202,0.5389902410234807,-0.21248304923190214,0.4058147598654421,Positive,,False,0.02001867648286404,0.0008033564139006133,7
BTC,2021-04-21,2022-04-20,365,BTC_Lagged_Return,-0.11193388557100516,0.11148038990070058,-1.004067941193142,0.3160259293028875,-0.33117469902458163,0.1073069278825713,Negative,,False,0.02001867648286404,0.0008033564139006133,7
BTC,2021-04-21,2022-04-20,365,Lagged_Log_BTC_Volume,-0.004056151664985992,0.00651003003429121,-0.623061897352308,0.5336416668917056,-0.016858979871781216,0.008746676541809235,Negative,,False,0.02001867648286404,0.0008033564139006133,7
BTC,2021-04-21,2022-04-20,365,Lagged_SP500_Return_Aligned,0.5901182955837365,0.5031058090409969,1.1729506695790293,0.24159761752679573,-0.39930528757395645,1.5795418787414295,Positive,,False,0.02001867648286404,0.0008033564139006133,7
BTC,2021-04-21,2022-04-20,365,Lagged_VIX_Change_Aligned,0.002035699200330571,0.0023531426504328798,0.865098084876447,0.3875658965524499,-0.0025920645643346205,0.006663462964995762,Positive,,False,0.02001867648286404,0.0008033564139006133,7
BTC,2021-04-21,2022-04-20,365,Lagged_Gold_Return_Aligned,0.31208484163992295,0.22971577530957563,1.358569481000349,0.17514085247945732,-0.1396813702189562,0.7638510534988021,Positive,,False,0.02001867648286404,0.0008033564139006133,7
BTC,2021-04-21,2022-04-20,365,Lagged_DXY_Return_Aligned,0.4166031760071102,0.5875799916643456,0.7090152522502745,0.47877776235003583,-0.7389499706609499,1.5721563226751705,Positive,,False,0.02001867648286404,0.0008033564139006133,7
BTC,2021-04-21,2022-04-20,365,Lagged_US10Y_Change_Aligned,0.053174156102929304,0.03758776203039999,1.4146667221082077,0.1580378262389527,-0.02074710960832886,0.12709542181418748,Positive,,False,0.02001867648286404,0.0008033564139006133,7
BTC,2021-04-28,2022-04-27,365,const,0.09484157482948419,0.16407525522615438,0.5780370397642142,0.5636035361018586,-0.22783394196254309,0.41751709162151146,Positive,,False,0.02479058734004358,0.0056688341506326845,7
BTC,2021-04-28,2022-04-27,365,BTC_Lagged_Return,-0.11995441305226157,0.11189535473136769,-1.072023171473397,0.2844337764190188,-0.3400113092905423,0.10010248318601916,Negative,,False,0.02479058734004358,0.0056688341506326845,7
BTC,2021-04-28,2022-04-27,365,Lagged_Log_BTC_Volume,-0.0039864923529617236,0.006799244377982158,-0.586314027169121,0.5580350272984352,-0.017358098512809724,0.009385113806886277,Negative,,False,0.02479058734004358,0.0056688341506326845,7
BTC,2021-04-28,2022-04-27,365,Lagged_SP500_Return_Aligned,0.61407872728016,0.4909165023585892,1.250882226060527,0.21179660906487027,-0.3513729849963262,1.5795304395566463,Positive,,False,0.02479058734004358,0.0056688341506326845,7
BTC,2021-04-28,2022-04-27,365,Lagged_VIX_Change_Aligned,0.002307436195374983,0.0022878981461306384,1.0085397373468692,0.3138784917156669,-0.0021920156912160456,0.006806888081966012,Positive,,False,0.02479058734004358,0.0056688341506326845,7
BTC,2021-04-28,2022-04-27,365,Lagged_Gold_Return_Aligned,0.38214777524885507,0.22348541288875573,1.7099450488031478,0.08814491536432505,-0.05736561145873209,0.8216611619564422,Positive,*,False,0.02479058734004358,0.0056688341506326845,7
BTC,2021-04-28,2022-04-27,365,Lagged_DXY_Return_Aligned,0.5226735736838348,0.5822528514576842,0.8976745624779832,0.36996405681649974,-0.6224030528237738,1.6677502001914435,Positive,,False,0.02479058734004358,0.0056688341506326845,7
BTC,2021-04-28,2022-04-27,365,Lagged_US10Y_Change_Aligned,0.05886914810177028,0.03655717050448151,1.6103310866073064,0.10820939411893132,-0.013025324155661697,0.13076362035920225,Positive,,False,0.02479058734004358,0.0056688341506326845,7
BTC,2021-05-05,2022-05-04,365,const,0.10477236346210916,0.17222883743650197,0.6083322922082492,0.5433539428986879,-0.233938242532149,0.44348296945636734,Positive,,False,0.021610087384738796,0.0024259714511063457,7
BTC,2021-05-05,2022-05-04,365,BTC_Lagged_Return,-0.12037640832501477,0.11378790234815311,-1.0579016384070692,0.2908155803527633,-0.34415524776221373,0.10340243111218418,Negative,,False,0.021610087384738796,0.0024259714511063457,7
BTC,2021-05-05,2022-05-04,365,Lagged_Log_BTC_Volume,-0.004387416562771286,0.007139500097424367,-0.6145271381611274,0.539258493915884,-0.018428180237938248,0.009653347112395676,Negative,,False,0.021610087384738796,0.0024259714511063457,7
BTC,2021-05-05,2022-05-04,365,Lagged_SP500_Return_Aligned,0.3534692718487825,0.40939246268260304,0.8633995592703985,0.38849749913233195,-0.4516547200949591,1.158593263792524,Positive,,False,0.021610087384738796,0.0024259714511063457,7
BTC,2021-05-05,2022-05-04,365,Lagged_VIX_Change_Aligned,0.0011473407734273165,0.00218145512196624,0.5259520408529736,0.5992480870873155,-0.003142776940354951,0.0054374584872095835,Positive,,False,0.021610087384738796,0.0024259714511063457,7
BTC,2021-05-05,2022-05-04,365,Lagged_Gold_Return_Aligned,0.35568676214956607,0.21913856166961734,1.6231135197730038,0.10544779686671489,-0.0752779713097283,0.7866514956088604,Positive,,False,0.021610087384738796,0.0024259714511063457,7
BTC,2021-05-05,2022-05-04,365,Lagged_DXY_Return_Aligned,0.2733524639323902,0.5119105640590793,0.5339848073556122,0.5936843826153508,-0.7333868251906593,1.2800917530554399,Positive,,False,0.021610087384738796,0.0024259714511063457,7
BTC,2021-05-05,2022-05-04,365,Lagged_US10Y_Change_Aligned,0.051126484111870804,0.03644938768275385,1.4026705896094234,0.1615841115763768,-0.020556019085056984,0.12280898730879859,Positive,,False,0.021610087384738796,0.0024259714511063457,7
BTC,2021-05-12,2022-05-11,365,const,0.17024962335733398,0.17720013244016206,0.9607759374267106,0.3373151059834052,-0.17823768651722957,0.5187369332318975,Positive,,False,0.022781774104665864,0.003620632420443748,7
BTC,2021-05-12,2022-05-11,365,BTC_Lagged_Return,-0.11514447927525265,0.11535475297401221,-0.9981771561783247,0.3188695406490671,-0.3420047360458461,0.11171577749534078,Negative,,False,0.022781774104665864,0.003620632420443748,7
BTC,2021-05-12,2022-05-11,365,Lagged_Log_BTC_Volume,-0.007139237290531215,0.007350462250667759,-0.9712637174461572,0.3320745625862879,-0.021594885719206817,0.007316411138144387,Negative,,False,0.022781774104665864,0.003620632420443748,7
BTC,2021-05-12,2022-05-11,365,Lagged_SP500_Return_Aligned,0.44061169555421004,0.4201341702932932,1.0487404422416333,0.29500705100035574,-0.3856372737648878,1.2668606648733078,Positive,,False,0.022781774104665864,0.003620632420443748,7
BTC,2021-05-12,2022-05-11,365,Lagged_VIX_Change_Aligned,0.0017473204914454487,0.0022070859826328407,0.7916866425661695,0.4290691099738694,-0.0025932036727185056,0.006087844655609403,Positive,,False,0.022781774104665864,0.003620632420443748,7
BTC,2021-05-12,2022-05-11,365,Lagged_Gold_Return_Aligned,0.36922198931037076,0.2162428188040351,1.7074416221191113,0.08860942053212609,-0.056047885869650094,0.7944918644903916,Positive,*,False,0.022781774104665864,0.003620632420443748,7
BTC,2021-05-12,2022-05-11,365,Lagged_DXY_Return_Aligned,0.3394100886115805,0.5074531927517222,0.6688500406728963,0.5040234076795697,-0.6585631950089761,1.337383372232137,Positive,,False,0.022781774104665864,0.003620632420443748,7
BTC,2021-05-12,2022-05-11,365,Lagged_US10Y_Change_Aligned,0.04997457909802053,0.035206231698311406,1.4194810602356358,0.15663137815481637,-0.019263094748008733,0.11921225294404979,Positive,,False,0.022781774104665864,0.003620632420443748,7
BTC,2021-05-19,2022-05-18,365,const,0.013792477162764036,0.14695863172153145,0.0938527870135528,0.9252787490993202,-0.2752209537316918,0.3028059080572199,Positive,,False,0.021074284352248007,0.0018796624768019354,7
BTC,2021-05-19,2022-05-18,365,BTC_Lagged_Return,-0.11583527390640018,0.11596109434307589,-0.9989149771534281,0.3185124595810321,-0.3438879805338921,0.11221743272109173,Negative,,False,0.021074284352248007,0.0018796624768019354,7
BTC,2021-05-19,2022-05-18,365,Lagged_Log_BTC_Volume,-0.0006359780846443466,0.0060850123349714125,-0.10451549637611941,0.9168189641301547,-0.012602953221549525,0.011330997052260833,Negative,,False,0.021074284352248007,0.0018796624768019354,7
BTC,2021-05-19,2022-05-18,365,Lagged_SP500_Return_Aligned,0.3641576533086427,0.39052786504790926,0.932475466927228,0.3517210558711006,-0.4038666322689062,1.1321819388861916,Positive,,False,0.021074284352248007,0.0018796624768019354,7
BTC,2021-05-19,2022-05-18,365,Lagged_VIX_Change_Aligned,0.0014950703209317207,0.002121989861536942,0.7045605391577375,0.4815431241644438,-0.002678101156114554,0.005668241797977995,Positive,,False,0.021074284352248007,0.0018796624768019354,7
BTC,2021-05-19,2022-05-18,365,Lagged_Gold_Return_Aligned,0.3585085961750808,0.2179783993561258,1.6446978105815038,0.10091234979408063,-0.07017452587637196,0.7871917182265336,Positive,,False,0.021074284352248007,0.0018796624768019354,7
BTC,2021-05-19,2022-05-18,365,Lagged_DXY_Return_Aligned,0.4620691911184535,0.5016528478333787,0.9210935273548518,0.35762360909378815,-0.5244969531896047,1.4486353354265116,Positive,,False,0.021074284352248007,0.0018796624768019354,7
BTC,2021-05-19,2022-05-18,365,Lagged_US10Y_Change_Aligned,0.04631306810721752,0.03419148816905615,1.354520396369632,0.1764270436752044,-0.020928979449750147,0.11355511566418519,Positive,,False,0.021074284352248007,0.0018796624768019354,7
BTC,2021-05-26,2022-05-25,365,const,-0.043334827807461916,0.13850042444582594,-0.31288588450797283,0.7545500613695837,-0.315714084340522,0.2290444287255982,Negative,,False,0.008898871727405666,-0.01053448372891963,7
BTC,2021-05-26,2022-05-25,365,BTC_Lagged_Return,0.02601439225404673,0.04384289350256694,0.593354821632008,0.5533194403450175,-0.06020841019778514,0.11223719470587859,Positive,,False,0.008898871727405666,-0.01053448372891963,7
BTC,2021-05-26,2022-05-25,365,Lagged_Log_BTC_Volume,0.0017578489552026698,0.0057207897375455815,0.3072738268400069,0.7588141210679261,-0.009492834656269732,0.013008532566675071,Positive,,False,0.008898871727405666,-0.01053448372891963,7
BTC,2021-05-26,2022-05-25,365,Lagged_SP500_Return_Aligned,0.19000412201581013,0.3291202397523124,0.5773091383222205,0.5640945299944071,-0.4572540114694193,0.8372622555010396,Positive,,False,0.008898871727405666,-0.01053448372891963,7
BTC,2021-05-26,2022-05-25,365,Lagged_VIX_Change_Aligned,0.00168234007208731,0.0018986102174783322,0.886090286779208,0.3761653531606316,-0.002051526026533192,0.005416206170707811,Positive,,False,0.008898871727405666,-0.01053448372891963,7
BTC,2021-05-26,2022-05-25,365,Lagged_Gold_Return_Aligned,0.3235155845963381,0.22933585415327307,1.4106629152723824,0.15921478645006962,-0.12750346246135774,0.774534631654034,Positive,,False,0.008898871727405666,-0.01053448372891963,7
BTC,2021-05-26,2022-05-25,365,Lagged_DXY_Return_Aligned,0.26294838401492654,0.42892740664368423,0.6130370313067015,0.5402421921347459,-0.5805936382982133,1.1064904063280665,Positive,,False,0.008898871727405666,-0.01053448372891963,7
BTC,2021-05-26,2022-05-25,365,Lagged_US10Y_Change_Aligned,0.03392429716255686,0.032430234641352355,1.0460700496844202,0.2962364334389588,-0.02985401424802929,0.09770260857314302,Positive,,False,0.008898871727405666,-0.01053448372891963,7
BTC,2021-06-02,2022-06-01,365,const,-0.015096086627271275,0.14406418842912092,-0.1047872256934866,0.9166034937245986,-0.29841721502360546,0.26822504176906287,Negative,,False,0.009366765189505188,-0.010057415885210252,7
BTC,2021-06-02,2022-06-01,365,BTC_Lagged_Return,0.01639943483573405,0.04485394150191891,0.3656185897293432,0.7148662385450447,-0.07181172616073495,0.10461059583220303,Positive,,False,0.009366765189505188,-0.010057415885210252,7
BTC,2021-06-02,2022-06-01,365,Lagged_Log_BTC_Volume,0.0005908807040093378,0.005955071180418315,0.09922311356282248,0.921016814828133,-0.01112054810362041,0.012302309511639084,Positive,,False,0.009366765189505188,-0.010057415885210252,7
BTC,2021-06-02,2022-06-01,365,Lagged_SP500_Return_Aligned,0.2994717949165092,0.31425799805417703,0.9529488406684283,0.3412607506598707,-0.31855779027834163,0.9175013801113601,Positive,,False,0.009366765189505188,-0.010057415885210252,7
BTC,2021-06-02,2022-06-01,365,Lagged_VIX_Change_Aligned,0.0020000190566628597,0.0017917193533173695,1.1162568808333868,0.2650629454697389,-0.0015236321330370736,0.005523670246362793,Positive,,False,0.009366765189505188,-0.010057415885210252,7
BTC,2021-06-02,2022-06-01,365,Lagged_Gold_Return_Aligned,0.3298793324218459,0.22864926037807082,1.4427308090845843,0.14997310475032638,-0.11978943789281393,0.7795481027365058,Positive,,False,0.009366765189505188,-0.010057415885210252,7
BTC,2021-06-02,2022-06-01,365,Lagged_DXY_Return_Aligned,0.2817212073276655,0.43238688492851196,0.6515489186824975,0.515111412601498,-0.5686243329312423,1.132066747586573,Positive,,False,0.009366765189505188,-0.010057415885210252,7
BTC,2021-06-02,2022-06-01,365,Lagged_US10Y_Change_Aligned,0.031049725055546533,0.03278946855331662,0.9469420038040198,0.3443088413801301,-0.033435066975974904,0.09553451708706798,Positive,,False,0.009366765189505188,-0.010057415885210252,7
BTC,2021-06-09,2022-06-08,365,const,0.01288355410822449,0.14659400887395485,0.08788595255145855,0.9300165984100027,-0.2754127981163625,0.3011799063328115,Positive,,False,0.006189563121745789,-0.013296916032729644,7
BTC,2021-06-09,2022-06-08,365,BTC_Lagged_Return,0.010214568691092525,0.04568925347265574,0.22356611051230627,0.8232228117616892,-0.07963934289240776,0.10006848027459281,Positive,,False,0.006189563121745789,-0.013296916032729644,7
BTC,2021-06-09,2022-06-08,365,Lagged_Log_BTC_Volume,-0.0005568699042290204,0.00606350978080119,-0.09183953260737372,0.9268770457912475,-0.012481557447129477,0.011367817638671434,Negative,,False,0.006189563121745789,-0.013296916032729644,7
BTC,2021-06-09,2022-06-08,365,Lagged_SP500_Return_Aligned,0.1691934081442278,0.3013972646498257,0.5613634494686037,0.5749020000856425,-0.42354385742659695,0.7619306737150525,Positive,,False,0.006189563121745789,-0.013296916032729644,7
BTC,2021-06-09,2022-06-08,365,Lagged_VIX_Change_Aligned,0.0013164781922499484,0.0018126463885299432,0.7262741374050417,0.46814662374886645,-0.002248328757913893,0.00488128514241379,Positive,,False,0.006189563121745789,-0.013296916032729644,7
BTC,2021-06-09,2022-06-08,365,Lagged_Gold_Return_Aligned,0.2691511742776487,0.22748876718264008,1.183140502324494,0.23754075411736675,-0.178235333906423,0.7165376824617203,Positive,,False,0.006189563121745789,-0.013296916032729644,7
BTC,2021-06-09,2022-06-08,365,Lagged_DXY_Return_Aligned,0.2954318215557052,0.42654031659759306,0.692623440410726,0.4889961838177865,-0.5434156749851611,1.1342793180965713,Positive,,False,0.006189563121745789,-0.013296916032729644,7
BTC,2021-06-09,2022-06-08,365,Lagged_US10Y_Change_Aligned,0.028068055497419118,0.032792371939018294,0.8559324573902534,0.3926092537944186,-0.03642244642302156,0.09255855741785979,Positive,,False,0.006189563121745789,-0.013296916032729644,7
BTC,2021-06-16,2022-06-15,365,const,0.11974518534184171,0.14629984959663928,0.8184915136412583,0.41362258217856207,-0.1679726640689228,0.4074630347526062,Positive,,False,0.011115713350258294,-0.008274174623265962,7
BTC,2021-06-16,2022-06-15,365,BTC_Lagged_Return,0.020773723647382225,0.046945103573207095,0.44251097699651004,0.6583874671692865,-0.07154998193186819,0.11309742922663264,Positive,,False,0.011115713350258294,-0.008274174623265962,7
BTC,2021-06-16,2022-06-15,365,Lagged_Log_BTC_Volume,-0.005019476249394905,0.006057511134720448,-0.8286367350815529,0.40786364132402336,-0.01693236666772903,0.006893414168939218,Negative,,False,0.011115713350258294,-0.008274174623265962,7
BTC,2021-06-16,2022-06-15,365,Lagged_SP500_Return_Aligned,0.3763154559712223,0.32494142755703265,1.1581024272602871,0.24759640392763357,-0.26272449505358597,1.0153554069960307,Positive,,False,0.011115713350258294,-0.008274174623265962,7
BTC,2021-06-16,2022-06-15,365,Lagged_VIX_Change_Aligned,0.0019227164364299012,0.0016850517664861785,1.1410429487512557,0.25461688782611147,-0.0013911589485134203,0.0052365918213732226,Positive,,False,0.011115713350258294,-0.008274174623265962,7
BTC,2021-06-16,2022-06-15,365,Lagged_Gold_Return_Aligned,0.17128040746248963,0.256560347671421,0.66760280385124,0.5048184898041345,-0.3332791780710487,0.6758399929960279,Positive,,False,0.011115713350258294,-0.008274174623265962,7
BTC,2021-06-16,2022-06-15,365,Lagged_DXY_Return_Aligned,-0.1372019772302601,0.5026401512868195,-0.27296262918711617,0.7850397706809487,-1.125709783318033,0.8513058288575128,Negative,,False,0.011115713350258294,-0.008274174623265962,7
BTC,2021-06-16,2022-06-15,365,Lagged_US10Y_Change_Aligned,7.22788766928141e-05,0.03847014397091401,0.0018788304184008708,0.9985019605145118,-0.07558430669294901,0.07572886444633463,Positive,,False,0.011115713350258294,-0.008274174623265962,7
BTC,2021-06-23,2022-06-22,365,const,0.08118190211020786,0.15192770825373156,0.5343455979381162,0.5934350476248795,-0.2176038697493542,0.37996767396976994,Positive,,False,0.006110754435344035,-0.013377269987492335,7
BTC,2021-06-23,2022-06-22,365,BTC_Lagged_Return,-0.027198127238818537,0.06627213045717396,-0.4104006774973738,0.6817582409278552,-0.15753096697569366,0.10313471249805659,Negative,,False,0.006110754435344035,-0.013377269987492335,7
BTC,2021-06-23,2022-06-22,365,Lagged_Log_BTC_Volume,-0.003411689064425538,0.0062954808446686605,-0.5419266849671591,0.5882070868991485,-0.015792578140037677,0.008969200011186602,Negative,,False,0.006110754435344035,-0.013377269987492335,7
BTC,2021-06-23,2022-06-22,365,Lagged_SP500_Return_Aligned,0.33689891813016315,0.3250138464105923,1.0365678934938556,0.30063887896193714,-0.3022834540718399,0.9760812903321662,Positive,,False,0.006110754435344035,-0.013377269987492335,7
BTC,2021-06-23,2022-06-22,365,Lagged_VIX_Change_Aligned,0.0016449434579623133,0.0017050752859237629,0.9647336229327423,0.3353312876635261,-0.0017083108051281857,0.004998197721052812,Positive,,False,0.006110754435344035,-0.013377269987492335,7
BTC,2021-06-23,2022-06-22,365,Lagged_Gold_Return_Aligned,0.048699982966617414,0.2494510310218569,0.19522862971189853,0.8453250294542279,-0.4418781986021712,0.539278164535406,Positive,,False,0.006110754435344035,-0.013377269987492335,7
BTC,2021-06-23,2022-06-22,365,Lagged_DXY_Return_Aligned,-0.07505520704912305,0.4845812180028813,-0.15488674397751168,0.8769981343673494,-1.028047751423144,0.877937337324898,Negative,,False,0.006110754435344035,-0.013377269987492335,7
BTC,2021-06-23,2022-06-22,365,Lagged_US10Y_Change_Aligned,-0.01030000896451846,0.036406984423777426,-0.28291299396363945,0.7774075026746781,-0.08189912058917641,0.061299102660139486,Negative,,False,0.006110754435344035,-0.013377269987492335,7
BTC,2021-06-30,2022-06-29,365,const,0.10359739803715629,0.14878384356294733,0.6962946752570376,0.4866973839362747,-0.18900555141920589,0.39620034749351846,Positive,,False,0.007726380077485939,-0.011729965411190646,7
BTC,2021-06-30,2022-06-29,365,BTC_Lagged_Return,-0.03630702958418368,0.06889690839433875,-0.5269761797782936,0.5985374233991959,-0.17180183951681777,0.09918778034845042,Negative,,False,0.007726380077485939,-0.011729965411190646,7
BTC,2021-06-30,2022-06-29,365,Lagged_Log_BTC_Volume,-0.004349692794816733,0.0061708629284707535,-0.7048759379743121,0.48134704668717965,-0.016485504387811035,0.007786118798177568,Negative,,False,0.007726380077485939,-0.011729965411190646,7
BTC,2021-06-30,2022-06-29,365,Lagged_SP500_Return_Aligned,0.2903275314613528,0.30153324831901573,0.962837541398395,0.33628076876324775,-0.30267716383658516,0.8833322267592908,Positive,,False,0.007726380077485939,-0.011729965411190646,7
BTC,2021-06-30,2022-06-29,365,Lagged_VIX_Change_Aligned,0.0013307366578127048,0.0016716952765113862,0.7960402093076328,0.42653766598808895,-0.001956871437165392,0.004618344752790802,Positive,,False,0.007726380077485939,-0.011729965411190646,7
BTC,2021-06-30,2022-06-29,365,Lagged_Gold_Return_Aligned,-0.006010354571686735,0.24916749370291497,-0.024121744302862173,0.9807689759509484,-0.496030922801442,0.4840102136580685,Negative,,False,0.007726380077485939,-0.011729965411190646,7
BTC,2021-06-30,2022-06-29,365,Lagged_DXY_Return_Aligned,-0.09606588709831164,0.47842789844851863,-0.20079491060166266,0.8409732880542204,-1.0369571212262891,0.8448253470296659,Negative,,False,0.007726380077485939,-0.011729965411190646,7
BTC,2021-06-30,2022-06-29,365,Lagged_US10Y_Change_Aligned,-0.024151794127278862,0.03733286095837485,-0.6469312425374384,0.5180921699496528,-0.0975717634362661,0.04926817518170838,Negative,,False,0.007726380077485939,-0.011729965411190646,7
BTC,2021-07-07,2022-07-06,365,const,0.11251968178247554,0.14717147872147057,0.7645481499538691,0.4450457122458196,-0.1769123406638162,0.40195170422876725,Positive,,False,0.008967258630860897,-0.01046475590578888,7
BTC,2021-07-07,2022-07-06,365,BTC_Lagged_Return,-0.040422489876707046,0.06905145156845482,-0.5853966710118153,0.5586508707879754,-0.17622122923797956,0.09537624948456547,Negative,,False,0.008967258630860897,-0.01046475590578888,7
BTC,2021-07-07,2022-07-06,365,Lagged_Log_BTC_Volume,-0.004711442006618912,0.006105597423086334,-0.7716594593682387,0.4408266198343134,-0.016718900420155516,0.007296016406917691,Negative,,False,0.008967258630860897,-0.01046475590578888,7
BTC,2021-07-07,2022-07-06,365,Lagged_SP500_Return_Aligned,0.30195293807442225,0.3002899892641554,1.0055378096830394,0.31531900569358906,-0.2886067251711172,0.8925126013199617,Positive,,False,0.008967258630860897,-0.01046475590578888,7
BTC,2021-07-07,2022-07-06,365,Lagged_VIX_Change_Aligned,0.0014111323009089556,0.0016322895204813946,0.864511033859229,0.3878877258938333,-0.001798979204628937,0.004621243806446848,Positive,,False,0.008967258630860897,-0.01046475590578888,7
BTC,2021-07-07,2022-07-06,365,Lagged_Gold_Return_Aligned,-0.02606515399732895,0.24364939821345988,-0.10697811769062288,0.9148664307321115,-0.505233663448852,0.4531033554541941,Negative,,False,0.008967258630860897,-0.01046475590578888,7
BTC,2021-07-07,2022-07-06,365,Lagged_DXY_Return_Aligned,-0.155200277032429,0.47705944899918307,-0.3253269112644591,0.7451242444698838,-1.0934002757717463,0.7829997217068881,Negative,,False,0.008967258630860897,-0.01046475590578888,7
BTC,2021-07-07,2022-07-06,365,Lagged_US10Y_Change_Aligned,-0.024769593158079604,0.034818500683783095,-0.7113917219765921,0.4773060863392803,-0.09324474309203712,0.0437055567758779,Negative,,False,0.008967258630860897,-0.01046475590578888,7
BTC,2021-07-14,2022-07-13,365,const,0.1260934488653858,0.14568355303578778,0.8655297474410882,0.3873293575919911,-0.1604123724976649,0.41259927022843645,Positive,,False,0.008926298579890912,-0.0105065190950131,7
BTC,2021-07-14,2022-07-13,365,BTC_Lagged_Return,-0.03441478851892511,0.06910535876332548,-0.4980046285092032,0.6187874137251806,-0.17031954345177008,0.10148996641391984,Negative,,False,0.008926298579890912,-0.0105065190950131,7
BTC,2021-07-14,2022-07-13,365,Lagged_Log_BTC_Volume,-0.005271968763619522,0.006041017040981372,-0.8726955623292006,0.3834156176472579,-0.017152421382518643,0.006608483855279601,Negative,,False,0.008926298579890912,-0.0105065190950131,7
BTC,2021-07-14,2022-07-13,365,Lagged_SP500_Return_Aligned,0.3335708812751361,0.300193421285224,1.111186513838353,0.26723587121119896,-0.25679886836969434,0.9239406309199666,Positive,,False,0.008926298579890912,-0.0105065190950131,7
BTC,2021-07-14,2022-07-13,365,Lagged_VIX_Change_Aligned,0.0015406819437353433,0.0016347354598550217,0.9424656047235803,0.3465916420201546,-0.0016742398224987112,0.004755603709969398,Positive,,False,0.008926298579890912,-0.0105065190950131,7
BTC,2021-07-14,2022-07-13,365,Lagged_Gold_Return_Aligned,-0.02925079592516,0.2458588640560833,-0.11897393261561459,0.9053629253991092,-0.5127645098477664,0.4542629179974465,Negative,,False,0.008926298579890912,-0.0105065190950131,7
BTC,2021-07-14,2022-07-13,365,Lagged_DXY_Return_Aligned,-0.15328396515132425,0.4806542600168117,-0.3189069106470894,0.7499836087655702,-1.0985536314117077,0.7919857011090591,Negative,,False,0.008926298579890912,-0.0105065190950131,7
BTC,2021-07-14,2022-07-13,365,Lagged_US10Y_Change_Aligned,-0.01875214764246717,0.03423304052663803,-0.5477792026061901,0.584185836047161,-0.08607591336247032,0.048571618077535975,Negative,,False,0.008926298579890912,-0.0105065190950131,7
BTC,2021-07-21,2022-07-20,365,const,0.13781361335416525,0.15178052063711778,0.9079795798279998,0.36450151418047017,-0.16068269474566793,0.43630992145399844,Positive,,False,0.009597100279289283,-0.00982256442111673,7
BTC,2021-07-21,2022-07-20,365,BTC_Lagged_Return,-0.02363386014856298,0.0687452638034634,-0.3437889221885902,0.7312074210327894,-0.15883044109680833,0.11156272079968238,Negative,,False,0.009597100279289283,-0.00982256442111673,7
BTC,2021-07-21,2022-07-20,365,Lagged_Log_BTC_Volume,-0.005722220547616265,0.006290283424961238,-0.9096920060722902,0.36359871049716413,-0.018092888215449604,0.0066484471202170724,Negative,,False,0.009597100279289283,-0.00982256442111673,7
BTC,2021-07-21,2022-07-20,365,Lagged_SP500_Return_Aligned,0.26306747484363024,0.28872617308366794,0.9111313741806073,0.36284095259172494,-0.3047504266598131,0.8308853763470736,Positive,,False,0.009597100279289283,-0.00982256442111673,7
BTC,2021-07-21,2022-07-20,365,Lagged_VIX_Change_Aligned,0.001427906018285755,0.0015784035653784432,0.9046520481873059,0.36625983195848966,-0.0016762316864696223,0.004532043723041132,Positive,,False,0.009597100279289283,-0.00982256442111673,7
BTC,2021-07-21,2022-07-20,365,Lagged_Gold_Return_Aligned,-0.06310494302458758,0.2466916072514183,-0.2558049855351322,0.7982487498647759,-0.5482563557003631,0.42204646965118797,Negative,,False,0.009597100279289283,-0.00982256442111673,7
BTC,2021-07-21,2022-07-20,365,Lagged_DXY_Return_Aligned,-0.32836592264744346,0.4863086379577798,-0.6752212422678608,0.49997230076072857,-1.284755665007812,0.628023819712925,Negative,,False,0.009597100279289283,-0.00982256442111673,7
BTC,2021-07-21,2022-07-20,365,Lagged_US10Y_Change_Aligned,-0.024753047427284132,0.03344684805123862,-0.7400711537710193,0.4597432280474415,-0.09053066249252925,0.041024567637960994,Negative,,False,0.009597100279289283,-0.00982256442111673,7
BTC,2021-07-28,2022-07-27,365,const,0.09834152149817023,0.1505764462551613,0.653100295191748,0.5141119941309644,-0.19778681634973,0.39446985934607043,Positive,,False,0.007151314810044274,-0.012316306468190152,7
BTC,2021-07-28,2022-07-27,365,BTC_Lagged_Return,-0.026521119840203562,0.07063610266418148,-0.37546125621186105,0.7075404371016685,-0.16543628349436446,0.11239404381395735,Negative,,False,0.007151314810044274,-0.012316306468190152,7
BTC,2021-07-28,2022-07-27,365,Lagged_Log_BTC_Volume,-0.00411963223228774,0.0062468593355428075,-0.6594725462838957,0.5100175490176769,-0.016404900730849624,0.008165636266274146,Negative,,False,0.007151314810044274,-0.012316306468190152,7
BTC,2021-07-28,2022-07-27,365,Lagged_SP500_Return_Aligned,0.1879527673414077,0.2784909286676711,0.6748972695110496,0.500177878192689,-0.3597361831092262,0.7356417177920416,Positive,,False,0.007151314810044274,-0.012316306468190152,7
BTC,2021-07-28,2022-07-27,365,Lagged_VIX_Change_Aligned,0.0012343410395606966,0.0015347582774537494,0.8042576200393837,0.42178343857593403,-0.0017839624800384509,0.004252644559159844,Positive,,False,0.007151314810044274,-0.012316306468190152,7
BTC,2021-07-28,2022-07-27,365,Lagged_Gold_Return_Aligned,-0.06590018830760658,0.2459204354979722,-0.2679736158329549,0.7888743907871678,-0.5495349905491296,0.4177346139339165,Negative,,False,0.007151314810044274,-0.012316306468190152,7
BTC,2021-07-28,2022-07-27,365,Lagged_DXY_Return_Aligned,-0.2517960241787348,0.49440650116496676,-0.5092894684544591,0.6108639824065567,-1.2241112770110423,0.7205192286535728,Negative,,False,0.007151314810044274,-0.012316306468190152,7
BTC,2021-07-28,2022-07-27,365,Lagged_US10Y_Change_Aligned,-0.02642611642484622,0.032720006672119294,-0.8076439803224095,0.41983335597996896,-0.09077430255329105,0.03792206970359862,Negative,,False,0.007151314810044274,-0.012316306468190152,7
BTC,2021-08-04,2022-08-03,365,const,0.10460030284993259,0.14907011849055885,0.7016852465744656,0.4833326501966943,-0.1885656438120979,0.3977662495119631,Positive,,False,0.0073252381408150935,-0.012138972876031495,7
BTC,2021-08-04,2022-08-03,365,BTC_Lagged_Return,-0.02204338502521764,0.0707609516787835,-0.31151905821282194,0.7555878942217671,-0.1612040806473292,0.11711731059689393,Negative,,False,0.0073252381408150935,-0.012138972876031495,7
BTC,2021-08-04,2022-08-03,365,Lagged_Log_BTC_Volume,-0.0043777951184234,0.006183760617279908,-0.707950289374088,0.47943806837587766,-0.016538971708693985,0.0077833814718471835,Negative,,False,0.0073252381408150935,-0.012138972876031495,7
BTC,2021-08-04,2022-08-03,365,Lagged_SP500_Return_Aligned,0.1966919147431418,0.27750671094813734,0.7087825518565608,0.4789220003408169,-0.3490614424283673,0.7424452719146508,Positive,,False,0.0073252381408150935,-0.012138972876031495,7
BTC,2021-08-04,2022-08-03,365,Lagged_VIX_Change_Aligned,0.0012801453021031983,0.0015301784883346033,0.8365986790838152,0.40337782381112386,-0.001729151461304822,0.004289442065511219,Positive,,False,0.0073252381408150935,-0.012138972876031495,7
BTC,2021-08-04,2022-08-03,365,Lagged_Gold_Return_Aligned,-0.09860806606012062,0.24713757720928745,-0.39900069901799995,0.6901312508216457,-0.5846365371712513,0.38742040505101005,Negative,,False,0.0073252381408150935,-0.012138972876031495,7
BTC,2021-08-04,2022-08-03,365,Lagged_DXY_Return_Aligned,-0.20664469204561303,0.47903708172600074,-0.43137514803876814,0.6664559906691051,-1.1487339650162647,0.7354445809250385,Negative,,False,0.0073252381408150935,-0.012138972876031495,7
BTC,2021-08-04,2022-08-03,365,Lagged_US10Y_Change_Aligned,-0.027086682627443643,0.03204383067986721,-0.8453010159132412,0.3985089580781182,-0.09010507994988257,0.03593171469499529,Negative,,False,0.0073252381408150935,-0.012138972876031495,7
BTC,2021-08-11,2022-08-10,365,const,0.15308988965264206,0.15021759342777943,1.0191209042783897,0.308835703252337,-0.14233271702715408,0.44851249633243817,Positive,,False,0.00866748064011702,-0.010770411896351195,7
BTC,2021-08-11,2022-08-10,365,BTC_Lagged_Return,-0.040486454696010324,0.07098844577500119,-0.5703245683717696,0.5688163412696106,-0.18009454730655255,0.0991216379145319,Negative,,False,0.00866748064011702,-0.010770411896351195,7
BTC,2021-08-11,2022-08-10,365,Lagged_Log_BTC_Volume,-0.006410265915476218,0.006232719138763914,-1.0284862469749465,0.3044174712960319,-0.018667725861816857,0.005847194030864421,Negative,,False,0.00866748064011702,-0.010770411896351195,7
BTC,2021-08-11,2022-08-10,365,Lagged_SP500_Return_Aligned,0.2321480960694606,0.282306635128251,0.8223260355322377,0.4114402530676075,-0.3230449417732496,0.7873411339121709,Positive,,False,0.00866748064011702,-0.010770411896351195,7
BTC,2021-08-11,2022-08-10,365,Lagged_VIX_Change_Aligned,0.0014897245820852147,0.0015311307126579853,0.9729571549767354,0.3312333644052094,-0.0015214448553907242,0.004500894019561153,Positive,,False,0.00866748064011702,-0.010770411896351195,7
BTC,2021-08-11,2022-08-10,365,Lagged_Gold_Return_Aligned,0.0028518355111011306,0.2409467396145083,0.011835958086271655,0.9905631036653704,-0.4710015412049764,0.47670521222717865,Positive,,False,0.00866748064011702,-0.010770411896351195,7
BTC,2021-08-11,2022-08-10,365,Lagged_DXY_Return_Aligned,-0.1968433271470238,0.4651146430020759,-0.4232146420428764,0.6723934985564713,-1.1115522976823349,0.7178656433882874,Negative,,False,0.00866748064011702,-0.010770411896351195,7
BTC,2021-08-11,2022-08-10,365,Lagged_US10Y_Change_Aligned,-0.018944863294522628,0.032146575055732936,-0.5893275803620657,0.5560142925818468,-0.08216532091261217,0.04427559432356692,Negative,,False,0.00866748064011702,-0.010770411896351195,7
BTC,2021-08-18,2022-08-17,365,const,0.14560814693320387,0.1483793935759734,0.981323237843329,0.32709792185529396,-0.14619939855817007,0.4374156924245778,Positive,,False,0.00899340127741377,-0.01043810065832318,7
BTC,2021-08-18,2022-08-17,365,BTC_Lagged_Return,-0.027916362412158523,0.0719897268593723,-0.3877825855165626,0.6984080411847498,-0.16949360564756616,0.1136608808232491,Negative,,False,0.00899340127741377,-0.01043810065832318,7
BTC,2021-08-18,2022-08-17,365,Lagged_Log_BTC_Volume,-0.006098784103454581,0.006156794196880655,-0.990577873553827,0.32256265221479197,-0.01820692768989795,0.006009359482988787,Negative,,False,0.00899340127741377,-0.01043810065832318,7
BTC,2021-08-18,2022-08-17,365,Lagged_SP500_Return_Aligned,0.21146625502259048,0.2710563529131264,0.7801560551888833,0.4358159610340803,-0.32160162675793486,0.7445341368031158,Positive,,False,0.00899340127741377,-0.01043810065832318,7
BTC,2021-08-18,2022-08-17,365,Lagged_VIX_Change_Aligned,0.0014744715860325753,0.0015052039949807472,0.979582562197116,0.3279555704549418,-0.0014857095594325266,0.004434652731497677,Positive,,False,0.00899340127741377,-0.01043810065832318,7
BTC,2021-08-18,2022-08-17,365,Lagged_Gold_Return_Aligned,0.03144339556021308,0.24160821469392516,0.1301420798131649,0.8965273162035311,-0.4437108586879559,0.5065976498083821,Positive,,False,0.00899340127741377,-0.01043810065832318,7
BTC,2021-08-18,2022-08-17,365,Lagged_DXY_Return_Aligned,-0.2560462012402583,0.4464571032633985,-0.5735068372049116,0.5666626662602139,-1.1340626719287927,0.6219702694482763,Negative,,False,0.00899340127741377,-0.01043810065832318,7
BTC,2021-08-18,2022-08-17,365,Lagged_US10Y_Change_Aligned,-0.020407224876814452,0.031695243217898635,-0.6438576519674813,0.5200811579198397,-0.08274007921909532,0.04192562946546642,Negative,,False,0.00899340127741377,-0.01043810065832318,7
BTC,2021-08-25,2022-08-24,365,const,0.14226706441461417,0.149445942134827,0.9519633814229884,0.341759616002905,-0.15163798875357254,0.4361721175828009,Positive,,False,0.009258514448468924,-0.010167789189796217,7
BTC,2021-08-25,2022-08-24,365,BTC_Lagged_Return,-0.02698788807771964,0.07140761817135809,-0.37794130050600966,0.7056988126538531,-0.1674203382029461,0.11344456204750682,Negative,,False,0.009258514448468924,-0.010167789189796217,7
BTC,2021-08-25,2022-08-24,365,Lagged_Log_BTC_Volume,-0.005973428401380611,0.0062015652578520045,-0.9632130201028617,0.3360926063798612,-0.018169620153382797,0.0062227633506215735,Negative,,False,0.009258514448468924,-0.010167789189796217,7
BTC,2021-08-25,2022-08-24,365,Lagged_SP500_Return_Aligned,0.1807869360761153,0.27260807502137147,0.6631752785090547,0.5076462781249931,-0.35533261082298895,0.7169064829752195,Positive,,False,0.009258514448468924,-0.010167789189796217,7
BTC,2021-08-25,2022-08-24,365,Lagged_VIX_Change_Aligned,0.0014121299329105516,0.0015494257347890195,0.9113892335748748,0.36270530698972825,-0.001635019065972841,0.004459278931793945,Positive,,False,0.009258514448468924,-0.010167789189796217,7
BTC,2021-08-25,2022-08-24,365,Lagged_Gold_Return_Aligned,0.03525934202086781,0.2446162928352247,0.14414142906097735,0.8854701232986115,-0.4458106925651514,0.5163293766068869,Positive,,False,0.009258514448468924,-0.010167789189796217,7
BTC,2021-08-25,2022-08-24,365,Lagged_DXY_Return_Aligned,-0.39192888571471446,0.44873037097264873,-0.8734173371532357,0.38302275986717205,-1.2744160356161376,0.4905582641867086,Negative,,False,0.009258514448468924,-0.010167789189796217,7
BTC,2021-08-25,2022-08-24,365,Lagged_US10Y_Change_Aligned,-0.016789940374791996,0.031074251798776077,-0.5403168025900241,0.5893154820007577,-0.07790153361458309,0.04432165286499909,Negative,,False,0.009258514448468924,-0.010167789189796217,7
BTC,2021-09-01,2022-08-31,365,const,0.14936231702584732,0.14847608522774003,1.0059688521336478,0.3151118966300859,-0.14263538528509248,0.44136001933678715,Positive,,False,0.008530201933787618,-0.010910382342020464,7
BTC,2021-09-01,2022-08-31,365,BTC_Lagged_Return,-0.020222623874723386,0.07184742387469539,-0.28146623475314025,0.7785158962644138,-0.16152000961999102,0.12107476187054424,Negative,,False,0.008530201933787618,-0.010910382342020464,7
BTC,2021-09-01,2022-08-31,365,Lagged_Log_BTC_Volume,-0.006270473320145121,0.006161518651475916,-1.0176830867245863,0.30951776490328997,-0.018387908166419137,0.005846961526128897,Negative,,False,0.008530201933787618,-0.010910382342020464,7
BTC,2021-09-01,2022-08-31,365,Lagged_SP500_Return_Aligned,0.1469899690007926,0.2614592786951232,0.5621906773948975,0.5743389211795313,-0.3672040071519938,0.661183945153579,Positive,,False,0.008530201933787618,-0.010910382342020464,7
BTC,2021-09-01,2022-08-31,365,Lagged_VIX_Change_Aligned,0.0012500675363640139,0.0015696697549428382,0.7963888788884366,0.4263353059893684,-0.0018368939842556876,0.0043370290569837155,Positive,,False,0.008530201933787618,-0.010910382342020464,7
BTC,2021-09-01,2022-08-31,365,Lagged_Gold_Return_Aligned,0.0027327055558099,0.24705924658870365,0.011060932118680103,0.9911810114073084,-0.48314171811262335,0.48860712922424315,Positive,,False,0.008530201933787618,-0.010910382342020464,7
BTC,2021-09-01,2022-08-31,365,Lagged_DXY_Return_Aligned,-0.4269088502285951,0.45039171397849276,-0.9478612438437999,0.34384125765106843,-1.3126632491264658,0.45884554866927557,Negative,,False,0.008530201933787618,-0.010910382342020464,7
BTC,2021-09-01,2022-08-31,365,Lagged_US10Y_Change_Aligned,-0.015669128204400765,0.030862895208438216,-0.507701176398923,0.6119764366354697,-0.07636506097838508,0.045026804569583544,Negative,,False,0.008530201933787618,-0.010910382342020464,7
BTC,2021-09-08,2022-09-07,365,const,0.13322572248302747,0.14910341556965526,0.8935122107970065,0.3721848677842426,-0.16000570725376825,0.42645715221982317,Positive,,False,0.00765072891995755,-0.011807099924749043,7
BTC,2021-09-08,2022-09-07,365,BTC_Lagged_Return,-0.015968229397270828,0.07233046252412863,-0.22076769372163224,0.8253995235803844,-0.15821557402342853,0.12627911522888688,Negative,,False,0.00765072891995755,-0.011807099924749043,7
BTC,2021-09-08,2022-09-07,365,Lagged_Log_BTC_Volume,-0.00560765644545696,0.006188333115524171,-0.9061658997298458,0.3654592322485489,-0.017777825453456617,0.006562512562542698,Negative,,False,0.00765072891995755,-0.011807099924749043,7
BTC,2021-09-08,2022-09-07,365,Lagged_SP500_Return_Aligned,0.17374431345502533,0.2549081170758564,0.6815958449974424,0.49593646186920276,-0.3275659438324679,0.6750545707425186,Positive,,False,0.00765072891995755,-0.011807099924749043,7
BTC,2021-09-08,2022-09-07,365,Lagged_VIX_Change_Aligned,0.0014164980160905202,0.0015424406257350096,0.9183484877516924,0.359056476221141,-0.001616913849361359,0.004449909881542399,Positive,,False,0.00765072891995755,-0.011807099924749043,7
BTC,2021-09-08,2022-09-07,365,Lagged_Gold_Return_Aligned,0.030630063752611347,0.25379263637345567,0.12068933200859,0.9040050050070867,-0.4684864543776727,0.5297465818828955,Positive,,False,0.00765072891995755,-0.011807099924749043,7
BTC,2021-09-08,2022-09-07,365,Lagged_DXY_Return_Aligned,-0.37182543139309626,0.4444842182326606,-0.8365323584975252,0.40341506633074253,-1.2459619648175555,0.5023111020313631,Negative,,False,0.00765072891995755,-0.011807099924749043,7
BTC,2021-09-08,2022-09-07,365,Lagged_US10Y_Change_Aligned,-0.009368274787832972,0.031175933269576128,-0.3004970118079915,0.7639729899035254,-0.07067983798100524,0.05194328840533931,Negative,,False,0.00765072891995755,-0.011807099924749043,7
BTC,2021-09-15,2022-09-14,365,const,0.1698293090151788,0.15158927022352123,1.1203253948301373,0.2633282306503347,-0.12829088005342754,0.4679494980837851,Positive,,False,0.008040092347226357,-0.01141010192047509,7
BTC,2021-09-15,2022-09-14,365,BTC_Lagged_Return,-0.024513051224305325,0.07243973423797681,-0.3383923406424407,0.7352664677574231,-0.16697529301267142,0.11794919056406075,Negative,,False,0.008040092347226357,-0.01141010192047509,7
BTC,2021-09-15,2022-09-14,365,Lagged_Log_BTC_Volume,-0.007122955426172368,0.006291987065350595,-1.1320677159999009,0.25836577486629875,-0.01949697352635643,0.005251062674011697,Negative,,False,0.008040092347226357,-0.01141010192047509,7
BTC,2021-09-15,2022-09-14,365,Lagged_SP500_Return_Aligned,0.15411220917269164,0.2534569054663116,0.6080410746322142,0.5435468505292154,-0.3443440500793329,0.6525684684247162,Positive,,False,0.008040092347226357,-0.01141010192047509,7
BTC,2021-09-15,2022-09-14,365,Lagged_VIX_Change_Aligned,0.0011690651953931088,0.001577772619382052,0.7409592364779299,0.459205240836923,-0.0019338316712774958,0.004271962062063713,Positive,,False,0.008040092347226357,-0.01141010192047509,7
BTC,2021-09-15,2022-09-14,365,Lagged_Gold_Return_Aligned,-0.01052354359108748,0.25686782062030245,-0.04096871132271255,0.9673437417534726,-0.5156878150203943,0.4946407278382194,Negative,,False,0.008040092347226357,-0.01141010192047509,7
BTC,2021-09-15,2022-09-14,365,Lagged_DXY_Return_Aligned,-0.3949758642641225,0.43441958230204986,-0.9092036371175775,0.3638560389068891,-1.2493189706068621,0.4593672420786172,Negative,,False,0.008040092347226357,-0.01141010192047509,7
BTC,2021-09-15,2022-09-14,365,Lagged_US10Y_Change_Aligned,-0.011953772844613453,0.03117587817150024,-0.38343018852123695,0.7016290530329756,-0.07326522768019039,0.04935768199096348,Negative,,False,0.008040092347226357,-0.01141010192047509,7
BTC,2021-09-22,2022-09-21,365,const,0.17337894741649715,0.15366430610065157,1.1282968167176852,0.25995225865761484,-0.12882207195825215,0.4755799667912465,Positive,,False,0.010222980136990634,-0.009184412409342757,7
BTC,2021-09-22,2022-09-21,365,BTC_Lagged_Return,-0.03764626524512095,0.07272612028930188,-0.5176443497242182,0.6050270371956429,-0.180671722778518,0.1053791922882761,Negative,,False,0.010222980136990634,-0.009184412409342757,7
BTC,2021-09-22,2022-09-21,365,Lagged_Log_BTC_Volume,-0.007260531039389085,0.006380470962238751,-1.1379302691539155,0.2559127031857329,-0.019808564332277276,0.005287502253499108,Negative,,False,0.010222980136990634,-0.009184412409342757,7
BTC,2021-09-22,2022-09-21,365,Lagged_SP500_Return_Aligned,0.206586632928788,0.24226433230572436,0.8527323480209499,0.39437947172719245,-0.2698579626884793,0.6830312285460552,Positive,,False,0.010222980136990634,-0.009184412409342757,7
BTC,2021-09-22,2022-09-21,365,Lagged_VIX_Change_Aligned,0.001654601554481484,0.001374588212321493,1.2037070736166773,0.2295003547682052,-0.0010487065170232757,0.004357909625986244,Positive,,False,0.010222980136990634,-0.009184412409342757,7
BTC,2021-09-22,2022-09-21,365,Lagged_Gold_Return_Aligned,-0.007765147116268356,0.25696608773908286,-0.03021856768957349,0.9759096265870127,-0.5131226737277319,0.49759237949519514,Negative,,False,0.010222980136990634,-0.009184412409342757,7
BTC,2021-09-22,2022-09-21,365,Lagged_DXY_Return_Aligned,-0.3782167850787757,0.43232466929278573,-0.8748443286789026,0.3822467859403524,-1.2284399701270647,0.4720063999695134,Negative,,False,0.010222980136990634,-0.009184412409342757,7
BTC,2021-09-22,2022-09-21,365,Lagged_US10Y_Change_Aligned,-0.010682402867071247,0.03153428136230224,-0.33875523416371744,0.7349932824363905,-0.07269870460142364,0.051333898867281146,Negative,,False,0.010222980136990634,-0.009184412409342757,7
BTC,2021-09-29,2022-09-28,365,const,0.1755113191286916,0.14814181243470606,1.1847520713036284,0.23690359430929128,-0.1158289918766971,0.4668516301340803,Positive,,False,0.01148013465339881,-0.00790260780437757,7
BTC,2021-09-29,2022-09-28,365,BTC_Lagged_Return,-0.028666337507606426,0.07379200185710312,-0.3884748588758748,0.6978962215688604,-0.17378799099239964,0.1164553159771868,Negative,,False,0.01148013465339881,-0.00790260780437757,7
BTC,2021-09-29,2022-09-28,365,Lagged_Log_BTC_Volume,-0.007346139274120934,0.00615028418357162,-1.1944389974277336,0.23309926759239924,-0.01944148006524992,0.004749201517008051,Negative,,False,0.01148013465339881,-0.00790260780437757,7
BTC,2021-09-29,2022-09-28,365,Lagged_SP500_Return_Aligned,0.22251218142538587,0.2370340349634074,0.9387351544673179,0.3485014111484457,-0.24364634823036962,0.6886707110811414,Positive,,False,0.01148013465339881,-0.00790260780437757,7
BTC,2021-09-29,2022-09-28,365,Lagged_VIX_Change_Aligned,0.002016550030703243,0.0013068152778112493,1.543102583006766,0.12369181412889874,-0.000553473672982236,0.004586573734388722,Positive,,False,0.01148013465339881,-0.00790260780437757,7
BTC,2021-09-29,2022-09-28,365,Lagged_Gold_Return_Aligned,-0.06787528734614762,0.25428557024258835,-0.26692543851935685,0.7896806902013856,-0.5679612246051569,0.43221064991286157,Negative,,False,0.01148013465339881,-0.00790260780437757,7
BTC,2021-09-29,2022-09-28,365,Lagged_DXY_Return_Aligned,-0.37004870004756324,0.40441763246722945,-0.9150162365325375,0.36080072039600625,-1.1653890356533296,0.4252916355582032,Negative,,False,0.01148013465339881,-0.00790260780437757,7
BTC,2021-09-29,2022-09-28,365,Lagged_US10Y_Change_Aligned,-0.010403888318218747,0.030253223541764976,-0.34389354588465726,0.731128802357825,-0.06990082176810579,0.0490930451316683,Negative,,False,0.01148013465339881,-0.00790260780437757,7
BTC,2021-10-06,2022-10-05,365,const,0.20335937991197608,0.144133231092002,1.4109125173373052,0.15914121925001662,-0.08009752993961253,0.4868162897635647,Positive,,False,0.015069507992573006,-0.004242854595807755,7
BTC,2021-10-06,2022-10-05,365,BTC_Lagged_Return,-0.05144843793517036,0.0708333335759368,-0.7263308860088467,0.46811188561099376,-0.19075148205485476,0.08785460618451406,Negative,,False,0.015069507992573006,-0.004242854595807755,7
BTC,2021-10-06,2022-10-05,365,Lagged_Log_BTC_Volume,-0.008525163410439617,0.005980410678384186,-1.425514712769355,0.15488220556002855,-0.020286425665472008,0.003236098844592774,Negative,,False,0.015069507992573006,-0.004242854595807755,7
BTC,2021-10-06,2022-10-05,365,Lagged_SP500_Return_Aligned,0.28453325982424305,0.21428438460481658,1.3278301186014068,0.18508259840408048,-0.13688509754789768,0.7059516171963838,Positive,,False,0.015069507992573006,-0.004242854595807755,7
BTC,2021-10-06,2022-10-05,365,Lagged_VIX_Change_Aligned,0.002221689420120043,0.001232827199824326,1.802109347065531,0.07237162011015608,-0.00020282702064530755,0.004646205860885394,Positive,*,False,0.015069507992573006,-0.004242854595807755,7
BTC,2021-10-06,2022-10-05,365,Lagged_Gold_Return_Aligned,-0.12549756771319687,0.24972643805572342,-0.5025401743214454,0.6155974473900694,-0.6166173733486893,0.3656222379222955,Negative,,False,0.015069507992573006,-0.004242854595807755,7
BTC,2021-10-06,2022-10-05,365,Lagged_DXY_Return_Aligned,-0.34619728704848424,0.39319100292415343,-0.8804812024533168,0.3791910240344004,-1.1194589826749832,0.4270644085780147,Negative,,False,0.015069507992573006,-0.004242854595807755,7
BTC,2021-10-06,2022-10-05,365,Lagged_US10Y_Change_Aligned,-0.009707443800500079,0.029450344515395282,-0.3296207212593209,0.7418798768264251,-0.0676254103037977,0.04821052270279755,Negative,,False,0.015069507992573006,-0.004242854595807755,7
BTC,2021-10-13,2022-10-12,365,const,0.22286462499560414,0.1442892964527854,1.5445679650155497,0.12333674961529728,-0.06089920786442174,0.50662845785563,Positive,,False,0.01761482502106959,-0.0016476293902818462,7
BTC,2021-10-13,2022-10-12,365,BTC_Lagged_Return,-0.06092917703168814,0.0712066136964683,-0.8556673863387229,0.39275570025872225,-0.2009663254843792,0.07910797142100294,Negative,,False,0.01761482502106959,-0.0016476293902818462,7
BTC,2021-10-13,2022-10-12,365,Lagged_Log_BTC_Volume,-0.009349161932012002,0.005988406885365969,-1.561210203478124,0.11936016114479596,-0.021126149777211334,0.002427825913187331,Negative,,False,0.01761482502106959,-0.0016476293902818462,7
BTC,2021-10-13,2022-10-12,365,Lagged_SP500_Return_Aligned,0.3018209053720488,0.2041404862925646,1.4784960634388478,0.14015679310885584,-0.09964814504530423,0.7032899557894019,Positive,,False,0.01761482502106959,-0.0016476293902818462,7
BTC,2021-10-13,2022-10-12,365,Lagged_VIX_Change_Aligned,0.002372480037782574,0.0011798585363279965,2.010817368975693,0.04509620009312996,5.21334235026533e-05,0.004692826652062495,Positive,**,True,0.01761482502106959,-0.0016476293902818462,7
BTC,2021-10-13,2022-10-12,365,Lagged_Gold_Return_Aligned,-0.11037415982308976,0.24447693677360863,-0.45147064291507716,0.6519245135528419,-0.5911701324298172,0.3704218127836377,Negative,,False,0.01761482502106959,-0.0016476293902818462,7
BTC,2021-10-13,2022-10-12,365,Lagged_DXY_Return_Aligned,-0.341570165105962,0.3815647236788401,-0.8951827669306737,0.3712925522122891,-1.091967257177958,0.408826926966034,Negative,,False,0.01761482502106959,-0.0016476293902818462,7
BTC,2021-10-13,2022-10-12,365,Lagged_US10Y_Change_Aligned,-0.010712893912050055,0.029151250287400707,-0.3674934627651361,0.7134687286385599,-0.06804265237352788,0.04661686454942777,Negative,,False,0.01761482502106959,-0.0016476293902818462,7
BTC,2021-10-20,2022-10-19,365,const,0.2629348102680599,0.14223705339893272,1.8485676129032693,0.06534699618322946,-0.016793017363316454,0.5426626378994364,Positive,*,False,0.018462183895088025,-0.0007836556363807201,7
BTC,2021-10-20,2022-10-19,365,BTC_Lagged_Return,-0.051265081514831334,0.07419149725165576,-0.6909832448985551,0.4900251125912332,-0.1971723951085522,0.09464223207888953,Negative,,False,0.018462183895088025,-0.0007836556363807201,7
BTC,2021-10-20,2022-10-19,365,Lagged_Log_BTC_Volume,-0.011032922433670283,0.005902795075278874,-1.8691013821361635,0.0624272985864203,-0.0226415434216901,0.0005756985543495362,Negative,*,False,0.018462183895088025,-0.0007836556363807201,7
BTC,2021-10-20,2022-10-19,365,Lagged_SP500_Return_Aligned,0.23072859645498223,0.19538220147987337,1.1809089809992235,0.2384250277041752,-0.15351613775300976,0.6149733306629742,Positive,,False,0.018462183895088025,-0.0007836556363807201,7
BTC,2021-10-20,2022-10-19,365,Lagged_VIX_Change_Aligned,0.002219269159671534,0.0011524596699687847,1.9256805400675279,0.05493822657788923,-4.7193989062113955e-05,0.0044857323084051826,Positive,*,False,0.018462183895088025,-0.0007836556363807201,7
BTC,2021-10-20,2022-10-19,365,Lagged_Gold_Return_Aligned,-0.15941651047243086,0.25225602676148956,-0.6319631388754119,0.5278154466423605,-0.655511084190894,0.33667806324603233,Negative,,False,0.018462183895088025,-0.0007836556363807201,7
BTC,2021-10-20,2022-10-19,365,Lagged_DXY_Return_Aligned,-0.33463993251857477,0.3784440563155178,-0.8842520497655207,0.37715528856799213,-1.0788998227754154,0.4096199577382659,Negative,,False,0.018462183895088025,-0.0007836556363807201,7
BTC,2021-10-20,2022-10-19,365,Lagged_US10Y_Change_Aligned,-0.010344235986776255,0.02904545205416834,-0.35613961068620187,0.7219463834023929,-0.06746592834141253,0.04677745636786003,Negative,,False,0.018462183895088025,-0.0007836556363807201,7
BTC,2021-10-27,2022-10-26,365,const,0.24235853110621813,0.14094498362897823,1.7195257671901232,0.08638541558391037,-0.03482827179734804,0.5195453340097843,Positive,*,False,0.01841493006309003,-0.0008318360141041925,7
BTC,2021-10-27,2022-10-26,365,BTC_Lagged_Return,-0.051640036914982396,0.07528457274292963,-0.6859311945797313,0.4932017051369813,-0.19969702687856986,0.09641695304860506,Negative,,False,0.01841493006309003,-0.0008318360141041925,7
BTC,2021-10-27,2022-10-26,365,Lagged_Log_BTC_Volume,-0.010169536595488807,0.005853376996725597,-1.7373793967444244,0.08318264543016639,-0.021680970448165953,0.0013418972571883382,Negative,*,False,0.01841493006309003,-0.0008318360141041925,7
BTC,2021-10-27,2022-10-26,365,Lagged_SP500_Return_Aligned,0.23915616662903103,0.18741618375154553,1.2760699841486278,0.20276035345966567,-0.12942234853990078,0.6077346817979629,Positive,,False,0.01841493006309003,-0.0008318360141041925,7
BTC,2021-10-27,2022-10-26,365,Lagged_VIX_Change_Aligned,0.0022112440705940803,0.0011209856366783215,1.9725891200054866,0.049313665173198205,6.678737856703233e-06,0.004415809403331457,Positive,**,True,0.01841493006309003,-0.0008318360141041925,7
BTC,2021-10-27,2022-10-26,365,Lagged_Gold_Return_Aligned,-0.1680608466533617,0.25337751831188976,-0.6632823929015309,0.5075777674774772,-0.6663609806502745,0.330239287343551,Negative,,False,0.01841493006309003,-0.0008318360141041925,7
BTC,2021-10-27,2022-10-26,365,Lagged_DXY_Return_Aligned,-0.35127348124791036,0.3738733887374324,-0.9395519762295953,0.3480826737218447,-1.0865445540209056,0.38399759152508484,Negative,,False,0.01841493006309003,-0.0008318360141041925,7
BTC,2021-10-27,2022-10-26,365,Lagged_US10Y_Change_Aligned,-0.01239020173708913,0.02846925718843355,-0.43521338316206587,0.6636705380965101,-0.06837873128897605,0.04359832781479779,Negative,,False,0.01841493006309003,-0.0008318360141041925,7
BTC,2021-11-03,2022-11-02,365,const,0.24689034274379598,0.13689550984704044,1.8034948189291071,0.07215349296645127,-0.022332638658950438,0.5161133241465424,Positive,*,False,0.019079419349144477,-0.00015431752636252405,7
BTC,2021-11-03,2022-11-02,365,BTC_Lagged_Return,-0.04949935428179514,0.07576790274329304,-0.6533024208087482,0.513981856590937,-0.19850687610610337,0.0995081675425131,Negative,,False,0.019079419349144477,-0.00015431752636252405,7
BTC,2021-11-03,2022-11-02,365,Lagged_Log_BTC_Volume,-0.01036291002985986,0.005683791417452959,-1.8232389735553887,0.06910333160124406,-0.021540831590528997,0.0008150115308092776,Negative,*,False,0.019079419349144477,-0.00015431752636252405,7
BTC,2021-11-03,2022-11-02,365,Lagged_SP500_Return_Aligned,0.2475710371184034,0.1775727052594409,1.3941953339996263,0.16412570604074886,-0.10164898608845252,0.5967910603252593,Positive,,False,0.019079419349144477,-0.00015431752636252405,7
BTC,2021-11-03,2022-11-02,365,Lagged_VIX_Change_Aligned,0.0022359731464743305,0.0010972366043127046,2.0378222324025694,0.04230451162297206,7.811340186066745e-05,0.004393832891087994,Positive,**,True,0.019079419349144477,-0.00015431752636252405,7
BTC,2021-11-03,2022-11-02,365,Lagged_Gold_Return_Aligned,-0.19349278951893625,0.2501085687600053,-0.7736351876236779,0.43965853290378865,-0.6853641053216156,0.2983785262837432,Negative,,False,0.019079419349144477,-0.00015431752636252405,7
BTC,2021-11-03,2022-11-02,365,Lagged_DXY_Return_Aligned,-0.2668835867519591,0.3682109993856528,-0.724811554237231,0.4690424251114562,-0.9910188279344763,0.45725165443055804,Negative,,False,0.019079419349144477,-0.00015431752636252405,7
BTC,2021-11-03,2022-11-02,365,Lagged_US10Y_Change_Aligned,-0.013749246399924085,0.02875689255320676,-0.4781200324230049,0.6328574152072952,-0.07030344863565312,0.04280495583580495,Negative,,False,0.019079419349144477,-0.00015431752636252405,7
BTC,2021-11-10,2022-11-09,365,const,0.3645804105781566,0.17919812268216884,2.0345102120561127,0.04263880151818323,0.012163790747644232,0.716997030408669,Positive,**,True,0.02747237297507621,0.008403203817724858,7
BTC,2021-11-10,2022-11-09,365,BTC_Lagged_Return,-0.006129589417865823,0.09241804780789839,-0.06632459312067361,0.9471565303849735,-0.18788180608344307,0.17562262724771144,Negative,,False,0.02747237297507621,0.008403203817724858,7
BTC,2021-11-10,2022-11-09,365,Lagged_Log_BTC_Volume,-0.015277581682783752,0.007449818161686874,-2.050732158987948,0.041022656280603996,-0.02992862654640773,-0.0006265368191597717,Negative,**,True,0.02747237297507621,0.008403203817724858,7
BTC,2021-11-10,2022-11-09,365,Lagged_SP500_Return_Aligned,0.09824824333037249,0.19971701979865808,0.4919372591751073,0.6230660452249719,-0.29452147984859767,0.4910179665093427,Positive,,False,0.02747237297507621,0.008403203817724858,7
BTC,2021-11-10,2022-11-09,365,Lagged_VIX_Change_Aligned,0.00153892685611812,0.0011991673079197287,1.2833295620673595,0.2002090620387212,-0.0008193929908920719,0.0038972467031283117,Positive,,False,0.02747237297507621,0.008403203817724858,7
BTC,2021-11-10,2022-11-09,365,Lagged_Gold_Return_Aligned,-0.35691537912625193,0.26667998969079737,-1.3383658051737521,0.18162896569827996,-0.8813765684321064,0.16754581017960257,Negative,,False,0.02747237297507621,0.008403203817724858,7
BTC,2021-11-10,2022-11-09,365,Lagged_DXY_Return_Aligned,-0.2413878208376367,0.37151984921118186,-0.6497306169513042,0.5162840765424684,-0.9720303493375995,0.489254707662326,Negative,,False,0.02747237297507621,0.008403203817724858,7
BTC,2021-11-10,2022-11-09,365,Lagged_US10Y_Change_Aligned,-0.014514026480863865,0.027623977959184746,-0.5254140624608366,0.5996215512256327,-0.06884020352410787,0.03981215056238013,Negative,,False,0.02747237297507621,0.008403203817724858,7
BTC,2021-11-17,2022-11-16,365,const,0.27335969949457584,0.14275764306542438,1.914851587801137,0.05631034046831162,-0.00739193601959337,0.554111335008745,Positive,*,False,0.021339353521489746,0.002149929080734747,7
BTC,2021-11-17,2022-11-16,365,BTC_Lagged_Return,-0.060925471598208485,0.0743078983027208,-0.8199057299401197,0.41281691403827364,-0.20706170313117483,0.08521075993475785,Negative,,False,0.021339353521489746,0.002149929080734747,7
BTC,2021-11-17,2022-11-16,365,Lagged_Log_BTC_Volume,-0.011489385961965623,0.005934900934849535,-1.9359018942507265,0.053668892131425325,-0.02316114733526009,0.00018237541132884276,Negative,*,False,0.021339353521489746,0.002149929080734747,7
BTC,2021-11-17,2022-11-16,365,Lagged_SP500_Return_Aligned,0.05786255957270464,0.21565442306206586,0.26831148998066995,0.7886145329866034,-0.3662501581806436,0.4819752773260529,Positive,,False,0.021339353521489746,0.002149929080734747,7
BTC,2021-11-17,2022-11-16,365,Lagged_VIX_Change_Aligned,0.0009777949536889053,0.0014380595906718322,0.679940497620199,0.4969828016521216,-0.0018503379110637354,0.003805927818441546,Positive,,False,0.021339353521489746,0.002149929080734747,7
BTC,2021-11-17,2022-11-16,365,Lagged_Gold_Return_Aligned,-0.34497610652291366,0.25706828664542875,-1.3419629119741834,0.18046088656444711,-0.8505346206926491,0.16058240764682175,Negative,,False,0.021339353521489746,0.002149929080734747,7
BTC,2021-11-17,2022-11-16,365,Lagged_DXY_Return_Aligned,-0.0866553563642802,0.36518383061145976,-0.23729242398050712,0.8125660522189423,-0.8048372729745877,0.6315265602460273,Negative,,False,0.021339353521489746,0.002149929080734747,7
BTC,2021-11-17,2022-11-16,365,Lagged_US10Y_Change_Aligned,-0.010981463605598233,0.02521760261915806,-0.4354681835320661,0.6634857910227018,-0.060575187815729556,0.038612260604533086,Negative,,False,0.021339353521489746,0.002149929080734747,7
BTC,2021-11-24,2022-11-23,365,const,0.25328941766002594,0.14562581538310676,1.7393167344243323,0.08284099229151663,-0.033102855033595446,0.5396816903536473,Positive,*,False,0.019175594155360076,-5.625693963273726e-05,7
BTC,2021-11-24,2022-11-23,365,BTC_Lagged_Return,-0.05518391614293001,0.07523619236292951,-0.733475663902953,0.4637497460122946,-0.20314575974153015,0.09277792745567015,Negative,,False,0.019175594155360076,-5.625693963273726e-05,7
BTC,2021-11-24,2022-11-23,365,Lagged_Log_BTC_Volume,-0.010651901862944554,0.0060558922785177785,-1.7589318589318899,0.07944575022889074,-0.022561608588155126,0.0012578048622660168,Negative,*,False,0.019175594155360076,-5.625693963273726e-05,7
BTC,2021-11-24,2022-11-23,365,Lagged_SP500_Return_Aligned,0.03931711739801985,0.21779739923866637,0.18052151924429288,0.8568455939164623,-0.3890100441744433,0.467644278970483,Positive,,False,0.019175594155360076,-5.625693963273726e-05,7
BTC,2021-11-24,2022-11-23,365,Lagged_VIX_Change_Aligned,0.0008674275371702116,0.0014302990862927701,0.6064658402450077,0.5445909063548976,-0.0019454432775089488,0.003680298351849372,Positive,,False,0.019175594155360076,-5.625693963273726e-05,7
BTC,2021-11-24,2022-11-23,365,Lagged_Gold_Return_Aligned,-0.3252077893859986,0.25911627071401166,-1.2550651045180121,0.21027607156178263,-0.8347939329310531,0.1843783541590559,Negative,,False,0.019175594155360076,-5.625693963273726e-05,7
BTC,2021-11-24,2022-11-23,365,Lagged_DXY_Return_Aligned,-0.05442760435522345,0.36593248630411135,-0.14873673803858706,0.8818453505845081,-0.7740818506120256,0.6652266419015788,Negative,,False,0.019175594155360076,-5.625693963273726e-05,7
BTC,2021-11-24,2022-11-23,365,Lagged_US10Y_Change_Aligned,-0.015560074180857753,0.024841400606371206,-0.6263766857359475,0.5314681966941526,-0.06441394777349724,0.03329379941178174,Negative,,False,0.019175594155360076,-5.625693963273726e-05,7
BTC,2021-12-01,2022-11-30,365,const,0.23292531837242952,0.1430960901053005,1.6277545962368793,0.1044591165629804,-0.048491917651385275,0.5143425543962443,Positive,,False,0.01598934371456795,-0.0033049828792639513,7
BTC,2021-12-01,2022-11-30,365,BTC_Lagged_Return,-0.045232242315300125,0.07751134009847248,-0.583556448099541,0.5598872560521846,-0.19766846244516112,0.10720397781456087,Negative,,False,0.01598934371456795,-0.0033049828792639513,7
BTC,2021-12-01,2022-11-30,365,Lagged_Log_BTC_Volume,-0.009806629400034746,0.005953463388536597,-1.6472141945002006,0.10039390407863195,-0.021514896273979782,0.001901637473910289,Negative,,False,0.01598934371456795,-0.0033049828792639513,7
BTC,2021-12-01,2022-11-30,365,Lagged_SP500_Return_Aligned,-0.05107520001373478,0.24145162957611482,-0.21153387990547362,0.832591403858608,-0.5259215090830787,0.42377110905560916,Negative,,False,0.01598934371456795,-0.0033049828792639513,7
BTC,2021-12-01,2022-11-30,365,Lagged_VIX_Change_Aligned,-0.00024289901702683977,0.0017910682274983984,-0.1356168421155564,0.8922006253553135,-0.003765269682373217,0.003279471648319537,Negative,,False,0.01598934371456795,-0.0033049828792639513,7
BTC,2021-12-01,2022-11-30,365,Lagged_Gold_Return_Aligned,-0.28672871806217315,0.26544244535344186,-1.080191668971359,0.2807860355962528,-0.8087561140573982,0.23529867793305193,Negative,,False,0.01598934371456795,-0.0033049828792639513,7
BTC,2021-12-01,2022-11-30,365,Lagged_DXY_Return_Aligned,0.001530610342394212,0.3843031281649939,0.003982820409770567,0.9968244020956597,-0.754251913442247,0.7573131341270354,Positive,,False,0.01598934371456795,-0.0033049828792639513,7
BTC,2021-12-01,2022-11-30,365,Lagged_US10Y_Change_Aligned,-0.01200054468713175,0.024832492656299176,-0.4832597699002082,0.6292075435876748,-0.06083689962719266,0.03683581025292916,Negative,,False,0.01598934371456795,-0.0033049828792639513,7
BTC,2021-12-08,2022-12-07,365,const,0.23066281821580903,0.14363952145965272,1.605845075727299,0.10919209702628623,-0.05182314686690559,0.5131487832985236,Positive,,False,0.016871615876742685,-0.002405411262929036,7
BTC,2021-12-08,2022-12-07,365,BTC_Lagged_Return,-0.05858176634792477,0.07714547485937658,-0.7593674995806252,0.4481338614736479,-0.21029846448198702,0.09313493178613746,Negative,,False,0.016871615876742685,-0.002405411262929036,7
BTC,2021-12-08,2022-12-07,365,Lagged_Log_BTC_Volume,-0.009706108533619542,0.005982130559367427,-1.6225170008068,0.1055754112248168,-0.02147075316026137,0.0020585360930222858,Negative,,False,0.016871615876742685,-0.002405411262929036,7
BTC,2021-12-08,2022-12-07,365,Lagged_SP500_Return_Aligned,-0.03621628329199114,0.2429244577392194,-0.149084549283504,0.8815710977608567,-0.5139591021855652,0.44152653560158284,Negative,,False,0.016871615876742685,-0.002405411262929036,7
BTC,2021-12-08,2022-12-07,365,Lagged_VIX_Change_Aligned,-0.0002885893354816645,0.001895138031218198,-0.15227879485704732,0.8790530725104542,-0.004015626924255616,0.0034384482532922875,Negative,,False,0.016871615876742685,-0.002405411262929036,7
BTC,2021-12-08,2022-12-07,365,Lagged_Gold_Return_Aligned,-0.2813513285559325,0.2627962575385558,-1.0706062985491884,0.28506976074122736,-0.7981746490217903,0.2354719919099253,Negative,,False,0.016871615876742685,-0.002405411262929036,7
BTC,2021-12-08,2022-12-07,365,Lagged_DXY_Return_Aligned,0.0073807858449913,0.38544380975879833,0.019148798497010556,0.9847331004342139,-0.7506450379562712,0.765406609646254,Positive,,False,0.016871615876742685,-0.002405411262929036,7
BTC,2021-12-08,2022-12-07,365,Lagged_US10Y_Change_Aligned,-0.014072189865878389,0.02492744029298373,-0.564526068480415,0.5727506796581632,-0.06309527179102392,0.034950892059267144,Negative,,False,0.016871615876742685,-0.002405411262929036,7
BTC,2021-12-15,2022-12-14,365,const,0.25461618953067183,0.1385855759351358,1.8372488465166354,0.06700418110305999,-0.017930528578363247,0.5271629076397069,Positive,*,False,0.01801532050310195,-0.0012392810556607348,7
BTC,2021-12-15,2022-12-14,365,BTC_Lagged_Return,-0.0515254536410843,0.07917178839843808,-0.6508057312256041,0.5155905430972203,-0.20722716321089368,0.10417625592872509,Negative,,False,0.01801532050310195,-0.0012392810556607348,7
BTC,2021-12-15,2022-12-14,365,Lagged_Log_BTC_Volume,-0.010688954118982054,0.005774797834601799,-1.8509659429002523,0.06500024914579207,-0.022045851739413626,0.000667943501449518,Negative,*,False,0.01801532050310195,-0.0012392810556607348,7
BTC,2021-12-15,2022-12-14,365,Lagged_SP500_Return_Aligned,-0.03779399557491245,0.23976905069591503,-0.1576266639302182,0.8748401062169586,-0.5093312925146487,0.43374330136482375,Negative,,False,0.01801532050310195,-0.0012392810556607348,7
BTC,2021-12-15,2022-12-14,365,Lagged_VIX_Change_Aligned,-0.0002615826753005748,0.0019313415233533045,-0.13544092131690938,0.8923396057288226,-0.0040598191814144365,0.003536653830813287,Negative,,False,0.01801532050310195,-0.0012392810556607348,7
BTC,2021-12-15,2022-12-14,365,Lagged_Gold_Return_Aligned,-0.2893072224698739,0.26204160938502746,-1.1040507007602143,0.2703147387812059,-0.8046464283286858,0.2260319833889381,Negative,,False,0.01801532050310195,-0.0012392810556607348,7
BTC,2021-12-15,2022-12-14,365,Lagged_DXY_Return_Aligned,-0.04448137773792049,0.3883079641457215,-0.11455180383894427,0.9088647810653953,-0.8081399369306272,0.7191771814547863,Negative,,False,0.01801532050310195,-0.0012392810556607348,7
BTC,2021-12-15,2022-12-14,365,Lagged_US10Y_Change_Aligned,-0.01311079237441967,0.024445947791855306,-0.5363176132932679,0.5920730797756586,-0.06118695612217794,0.0349653713733386,Negative,,False,0.01801532050310195,-0.0012392810556607348,7
BTC,2021-12-22,2022-12-21,365,const,0.2483975473209645,0.13554034073563578,1.8326466199863751,0.06768785781041436,-0.01816031622010092,0.5149554108620299,Positive,*,False,0.016139808353927365,-0.003151567952858203,7
BTC,2021-12-22,2022-12-21,365,BTC_Lagged_Return,-0.05767972710327568,0.07913971281065643,-0.7288341725635995,0.46658094894821944,-0.2133183558212553,0.09795890161470394,Negative,,False,0.016139808353927365,-0.003151567952858203,7
BTC,2021-12-22,2022-12-21,365,Lagged_Log_BTC_Volume,-0.010444660406048592,0.0056521744197169255,-1.8479012908047672,0.06544360350055659,-0.021560402992381687,0.0006710821802845025,Negative,*,False,0.016139808353927365,-0.003151567952858203,7
BTC,2021-12-22,2022-12-21,365,Lagged_SP500_Return_Aligned,-0.0026465589534612477,0.23791479021912887,-0.011123978257188898,0.9911307461821122,-0.4705372093785277,0.4652440914716053,Negative,,False,0.016139808353927365,-0.003151567952858203,7
BTC,2021-12-22,2022-12-21,365,Lagged_VIX_Change_Aligned,-0.0002531205477772382,0.0019299887429404228,-0.13115130785249965,0.8957294895512192,-0.004048696633718472,0.003542455538163996,Negative,,False,0.016139808353927365,-0.003151567952858203,7
BTC,2021-12-22,2022-12-21,365,Lagged_Gold_Return_Aligned,-0.23467203711958634,0.2583590826306036,-0.9083173493657102,0.36432332831323194,-0.7427690709522365,0.2734249967130639,Negative,,False,0.016139808353927365,-0.003151567952858203,7
BTC,2021-12-22,2022-12-21,365,Lagged_DXY_Return_Aligned,-0.020916954121557363,0.39279217807280836,-0.05325196195144236,0.9575609404179319,-0.7933943083503245,0.7515604001072098,Negative,,False,0.016139808353927365,-0.003151567952858203,7
BTC,2021-12-22,2022-12-21,365,Lagged_US10Y_Change_Aligned,-0.009231236878750356,0.02378223540321986,-0.38815682051068023,0.6981313402853098,-0.05600212313229404,0.03753964937479333,Negative,,False,0.016139808353927365,-0.003151567952858203,7
BTC,2021-12-29,2022-12-28,365,const,0.23449599308126617,0.12733452377065296,1.8415743518515513,0.0663668260939456,-0.01592405475915032,0.48491604092168267,Positive,*,False,0.016590819553249037,-0.0026917133966872786,7
BTC,2021-12-29,2022-12-28,365,BTC_Lagged_Return,-0.057083696276817454,0.07918324167631809,-0.7209062810305465,0.4714389818704833,-0.21280793022029793,0.09864053766666303,Negative,,False,0.016590819553249037,-0.0026917133966872786,7
BTC,2021-12-29,2022-12-28,365,Lagged_Log_BTC_Volume,-0.00986825415846206,0.005315607107754982,-1.8564679364780712,0.06421053547668115,-0.0203220929667213,0.0005855846497971797,Negative,*,False,0.016590819553249037,-0.0026917133966872786,7
BTC,2021-12-29,2022-12-28,365,Lagged_SP500_Return_Aligned,0.02822056883957219,0.2359528620568041,0.11960257058792648,0.9048652593582713,-0.43581169244074247,0.49225283011988685,Positive,,False,0.016590819553249037,-0.0026917133966872786,7
BTC,2021-12-29,2022-12-28,365,Lagged_VIX_Change_Aligned,3.3729486790444246e-05,0.0019079761337179103,0.017678149214958194,0.9859054879328791,-0.0037185559149642876,0.0037860148885451757,Positive,,False,0.016590819553249037,-0.0026917133966872786,7
BTC,2021-12-29,2022-12-28,365,Lagged_Gold_Return_Aligned,-0.2578090943315271,0.25534959889082093,-1.0096318750896405,0.3133554955256773,-0.7599875835324895,0.24436939486943532,Negative,,False,0.016590819553249037,-0.0026917133966872786,7
BTC,2021-12-29,2022-12-28,365,Lagged_DXY_Return_Aligned,0.003183747020712613,0.3896654492125788,0.008170462706268181,0.9934855502176855,-0.7631444846639361,0.7695119787053615,Positive,,False,0.016590819553249037,-0.0026917133966872786,7
BTC,2021-12-29,2022-12-28,365,Lagged_US10Y_Change_Aligned,-0.011526604261796802,0.023516258224180346,-0.4901546900835054,0.6243255315084255,-0.057774411495392204,0.0347212029717986,Negative,,False,0.016590819553249037,-0.0026917133966872786,7
BTC,2022-01-05,2023-01-04,365,const,0.2324908897731082,0.11905215979877647,1.9528489879231705,0.05161854003325698,-0.0016408026343014692,0.4666225821805179,Positive,*,False,0.017141231757162423,-0.00213050879661858,7
BTC,2022-01-05,2023-01-04,365,BTC_Lagged_Return,-0.05720692473282268,0.08019397464929737,-0.713356894741766,0.4760909943304534,-0.21491889768024555,0.10050504821460018,Negative,,False,0.017141231757162423,-0.00213050879661858,7
BTC,2022-01-05,2023-01-04,365,Lagged_Log_BTC_Volume,-0.009785304478527613,0.004977246047865836,-1.9660077851130942,0.050072278670295,-0.019573711868066595,3.102911011368392e-06,Negative,*,False,0.017141231757162423,-0.00213050879661858,7
BTC,2022-01-05,2023-01-04,365,Lagged_SP500_Return_Aligned,0.029196707656820753,0.23420363472652117,0.12466376830963215,0.9008599072957348,-0.43139546857223016,0.48978888388587166,Positive,,False,0.017141231757162423,-0.00213050879661858,7
BTC,2022-01-05,2023-01-04,365,Lagged_VIX_Change_Aligned,3.445821841601337e-05,0.0018966440952561485,0.018167993933178944,0.9855149849025635,-0.003695541242890745,0.0037644576797227717,Positive,,False,0.017141231757162423,-0.00213050879661858,7
BTC,2022-01-05,2023-01-04,365,Lagged_Gold_Return_Aligned,-0.24892189520660138,0.25625837197211854,-0.9713707821170604,0.3320213382667112,-0.7528876059069313,0.25504381549372857,Negative,,False,0.017141231757162423,-0.00213050879661858,7
BTC,2022-01-05,2023-01-04,365,Lagged_DXY_Return_Aligned,0.027321191547377444,0.3804197057046767,0.07181854971673611,0.9427865273939228,-0.7208240724470693,0.7754664555418241,Positive,,False,0.017141231757162423,-0.00213050879661858,7
BTC,2022-01-05,2023-01-04,365,Lagged_US10Y_Change_Aligned,-0.012678456061302244,0.023511852354117523,-0.5392368015224426,0.5900595985386091,-0.05891759857334972,0.03356068645074523,Negative,,False,0.017141231757162423,-0.00213050879661858,7
BTC,2022-01-12,2023-01-11,365,const,0.23248553451782789,0.11415653932364998,2.0365503009748607,0.042432626346483475,0.007981722101533778,0.45698934693412196,Positive,**,True,0.017537560784315454,-0.001726408612070518,7
BTC,2022-01-12,2023-01-11,365,BTC_Lagged_Return,-0.05523534687591675,0.0801775199278956,-0.6889131383159572,0.49132540139807634,-0.21291495945477174,0.10244426570293824,Negative,,False,0.017537560784315454,-0.001726408612070518,7
BTC,2022-01-12,2023-01-11,365,Lagged_Log_BTC_Volume,-0.009777221611771249,0.0047797600399559735,-2.0455465400018924,0.04153352119218668,-0.019177246855729076,-0.00037719636781342186,Negative,**,True,0.017537560784315454,-0.001726408612070518,7
BTC,2022-01-12,2023-01-11,365,Lagged_SP500_Return_Aligned,0.03368238343809188,0.22951715902357883,0.14675322569077115,0.8834096418659898,-0.4176932234350508,0.48505799031123453,Positive,,False,0.017537560784315454,-0.001726408612070518,7
BTC,2022-01-12,2023-01-11,365,Lagged_VIX_Change_Aligned,0.0001356210355204729,0.001878035643642085,0.0722143032692725,0.9424718022782093,-0.0035577824641771384,0.0038290245352180846,Positive,,False,0.017537560784315454,-0.001726408612070518,7
BTC,2022-01-12,2023-01-11,365,Lagged_Gold_Return_Aligned,-0.2604709879407819,0.261951086434805,-0.9943497142379994,0.320726118711401,-0.775632168540975,0.25469019265941134,Negative,,False,0.017537560784315454,-0.001726408612070518,7
BTC,2022-01-12,2023-01-11,365,Lagged_DXY_Return_Aligned,0.010017450350916612,0.3727756499065177,0.02687259844742736,0.9785763638997004,-0.7230947749829577,0.7431296756847909,Positive,,False,0.017537560784315454,-0.001726408612070518,7
BTC,2022-01-12,2023-01-11,365,Lagged_US10Y_Change_Aligned,-0.012377129492759145,0.02304894737679196,-0.536993264396174,0.5916067745070633,-0.05770590863174196,0.032951649646223664,Negative,,False,0.017537560784315454,-0.001726408612070518,7
BTC,2022-01-19,2023-01-18,365,const,0.23684235909978738,0.11279564966444205,2.099747284619347,0.03645252153635327,0.015014914752990244,0.4586698034465845,Positive,**,True,0.015120528341162509,-0.004190833848226383,7
BTC,2022-01-19,2023-01-18,365,BTC_Lagged_Return,-0.034093421745489697,0.08293155385091877,-0.4111031346015469,0.6812435751013866,-0.19718920337524387,0.12900235988426445,Negative,,False,0.015120528341162509,-0.004190833848226383,7
BTC,2022-01-19,2023-01-18,365,Lagged_Log_BTC_Volume,-0.009935521105003522,0.00472151176597906,-2.104309296991295,0.03605022939249724,-0.019220993475757907,-0.0006500487342491375,Negative,**,True,0.015120528341162509,-0.004190833848226383,7
BTC,2022-01-19,2023-01-18,365,Lagged_SP500_Return_Aligned,0.024223540248810738,0.22830406323964975,0.1061020986883768,0.9155609395889235,-0.4247663546017725,0.47321343509939395,Positive,,False,0.015120528341162509,-0.004190833848226383,7
BTC,2022-01-19,2023-01-18,365,Lagged_VIX_Change_Aligned,4.938107307188777e-05,0.0019175247942572575,0.02575250824384529,0.979469130937715,-0.00372168302245942,0.0038204451686031956,Positive,,False,0.015120528341162509,-0.004190833848226383,7
BTC,2022-01-19,2023-01-18,365,Lagged_Gold_Return_Aligned,-0.19748104606920738,0.26009125273690553,-0.75927600021585,0.44818851322793446,-0.7089846196841806,0.3140225275457659,Negative,,False,0.015120528341162509,-0.004190833848226383,7
BTC,2022-01-19,2023-01-18,365,Lagged_DXY_Return_Aligned,0.04281649800395543,0.3813303936949513,0.11228189179750217,0.9106630053109607,-0.7071197534096063,0.7927527494175173,Positive,,False,0.015120528341162509,-0.004190833848226383,7
BTC,2022-01-19,2023-01-18,365,Lagged_US10Y_Change_Aligned,-0.01221621855012171,0.022448753418787035,-0.5441824907702062,0.5866556068744082,-0.05636463752262026,0.031932200422376836,Negative,,False,0.015120528341162509,-0.004190833848226383,7
BTC,2022-01-26,2023-01-25,365,const,0.25936844770592593,0.11512551474657667,2.2529188970565572,0.024870866771328926,0.03295901798664072,0.48577787742521117,Positive,**,True,0.01729007392977555,-0.0019787481500326276,7
BTC,2022-01-26,2023-01-25,365,BTC_Lagged_Return,-0.041810184869610426,0.08329067830200461,-0.5019791616777379,0.6159916286169499,-0.2056122318511207,0.12199186211189984,Negative,,False,0.01729007392977555,-0.0019787481500326276,7
BTC,2022-01-26,2023-01-25,365,Lagged_Log_BTC_Volume,-0.010840582996917057,0.004820611349016312,-2.2487983809624423,0.025134569718811835,-0.020320947700012137,-0.0013602182938219787,Negative,**,True,0.01729007392977555,-0.0019787481500326276,7
BTC,2022-01-26,2023-01-25,365,Lagged_SP500_Return_Aligned,0.03946183508808748,0.22395712992760528,0.17620262905156725,0.8602346645117884,-0.4009792450677322,0.47990291524390716,Positive,,False,0.01729007392977555,-0.0019787481500326276,7
BTC,2022-01-26,2023-01-25,365,Lagged_VIX_Change_Aligned,0.00035970651119303387,0.0019102284927255493,0.1883054894023688,0.8507441744362084,-0.0033970084500695554,0.004116421472455623,Positive,,False,0.01729007392977555,-0.0019787481500326276,7
BTC,2022-01-26,2023-01-25,365,Lagged_Gold_Return_Aligned,-0.17402900655458448,0.2635310938009781,-0.6603737116729508,0.5094398973593334,-0.6922974789442213,0.34423946583505244,Negative,,False,0.01729007392977555,-0.0019787481500326276,7
BTC,2022-01-26,2023-01-25,365,Lagged_DXY_Return_Aligned,0.025001345882990522,0.38678137786024747,0.06463947675377497,0.9484972318132175,-0.7356549810845462,0.7856576728505272,Positive,,False,0.01729007392977555,-0.0019787481500326276,7
BTC,2022-01-26,2023-01-25,365,Lagged_US10Y_Change_Aligned,-0.010873186082445653,0.02255450099829462,-0.4820849764429633,0.6300410000370178,-0.05522957154458996,0.03348319937969865,Negative,,False,0.01729007392977555,-0.0019787481500326276,7
BTC,2022-02-02,2023-02-01,365,const,0.2701116102560236,0.11792622126542755,2.2905135716004854,0.022573966964023435,0.0381942237024957,0.5020289968095515,Positive,**,True,0.018155241359944285,-0.001096616652605853,7
BTC,2022-02-02,2023-02-01,365,BTC_Lagged_Return,-0.05018054224261789,0.0828021641619396,-0.6060293562433675,0.5448803822559873,-0.21302186207250243,0.11266077758726664,Negative,,False,0.018155241359944285,-0.001096616652605853,7
BTC,2022-02-02,2023-02-01,365,Lagged_Log_BTC_Volume,-0.011292605156483549,0.0049359034644275495,-2.2878496789631257,0.022730401159352636,-0.0209997069313637,-0.001585503381603395,Negative,**,True,0.018155241359944285,-0.001096616652605853,7
BTC,2022-02-02,2023-02-01,365,Lagged_SP500_Return_Aligned,0.07000491522516088,0.22418073105350317,0.31226999259117166,0.7550176538832325,-0.3708759058821809,0.5108857363325027,Positive,,False,0.018155241359944285,-0.001096616652605853,7
BTC,2022-02-02,2023-02-01,365,Lagged_VIX_Change_Aligned,0.0006350957031108747,0.0019345886451844713,0.3282846225174218,0.742888931594309,-0.003169526694120537,0.004439718100342286,Positive,,False,0.018155241359944285,-0.001096616652605853,7
BTC,2022-02-02,2023-02-01,365,Lagged_Gold_Return_Aligned,-0.15072013712040488,0.26430488811445435,-0.5702510392283671,0.5688661502275755,-0.6705103775526849,0.3690701033118752,Negative,,False,0.018155241359944285,-0.001096616652605853,7
BTC,2022-02-02,2023-02-01,365,Lagged_DXY_Return_Aligned,0.010605768480893618,0.3867209356313215,0.027424862487932578,0.9781361921183436,-0.7499316909131759,0.771143227874963,Positive,,False,0.018155241359944285,-0.001096616652605853,7
BTC,2022-02-02,2023-02-01,365,Lagged_US10Y_Change_Aligned,-0.009033608354306328,0.02286680855023997,-0.39505330769962327,0.6930394795396287,-0.05400418759346544,0.03593697088485279,Negative,,False,0.018155241359944285,-0.001096616652605853,7
BTC,2022-02-09,2023-02-08,365,const,0.2459136163124927,0.11768842015627898,2.0895311194248585,0.03736736811920877,0.014463896840649193,0.4773633357843362,Positive,**,True,0.01724796547258678,-0.0020216822632448395,7
BTC,2022-02-09,2023-02-08,365,BTC_Lagged_Return,-0.06784341263183627,0.08338051122904876,-0.8136603102068826,0.41638192357854126,-0.23182212785085107,0.09613530258717853,Negative,,False,0.01724796547258678,-0.0020216822632448395,7
BTC,2022-02-09,2023-02-08,365,Lagged_Log_BTC_Volume,-0.010307556314458741,0.004930362260038008,-2.090628592954401,0.03726815878507896,-0.020003760583876654,-0.0006113520450408277,Negative,**,True,0.01724796547258678,-0.0020216822632448395,7
BTC,2022-02-09,2023-02-08,365,Lagged_SP500_Return_Aligned,0.11203234742548772,0.2220512694099125,0.5045336949579561,0.6141976524218314,-0.3246606079650687,0.5487253028160441,Positive,,False,0.01724796547258678,-0.0020216822632448395,7
BTC,2022-02-09,2023-02-08,365,Lagged_VIX_Change_Aligned,0.00042197218857251573,0.0018960358014695354,0.22255496876454722,0.8240091584639331,-0.0033068309831920674,0.004150775360337099,Positive,,False,0.01724796547258678,-0.0020216822632448395,7
BTC,2022-02-09,2023-02-08,365,Lagged_Gold_Return_Aligned,-0.09334059055514311,0.2539031792161736,-0.3676227719688093,0.7133723784890691,-0.5926745056893356,0.40599332457904935,Negative,,False,0.01724796547258678,-0.0020216822632448395,7
BTC,2022-02-09,2023-02-08,365,Lagged_DXY_Return_Aligned,0.14323852206990706,0.3659299085109784,0.3914370450143452,0.6957077441739478,-0.5764106546184814,0.8628876987582955,Positive,,False,0.01724796547258678,-0.0020216822632448395,7
BTC,2022-02-09,2023-02-08,365,Lagged_US10Y_Change_Aligned,-0.013678278310170794,0.02248840322005754,-0.6082369733557186,0.5434170800104704,-0.05790467381909482,0.03054811719875323,Negative,,False,0.01724796547258678,-0.0020216822632448395,7
BTC,2022-02-16,2023-02-15,365,const,0.23952761032171174,0.11806394793823735,2.0287955341542157,0.04322087163370046,0.007339366195762642,0.47171585444766084,Positive,**,True,0.015641767244191862,-0.0036593745745494566,7
BTC,2022-02-16,2023-02-15,365,BTC_Lagged_Return,-0.06066563432765962,0.08397784374464085,-0.722400476393883,0.4705212359916698,-0.2258190823112201,0.10448781365590087,Negative,,False,0.015641767244191862,-0.0036593745745494566,7
BTC,2022-02-16,2023-02-15,365,Lagged_Log_BTC_Volume,-0.010034354994042732,0.004945473983578967,-2.028997630431576,0.04320017263441187,-0.019760278450528045,-0.0003084315375574218,Negative,**,True,0.015641767244191862,-0.0036593745745494566,7
BTC,2022-02-16,2023-02-15,365,Lagged_SP500_Return_Aligned,0.1005999409082069,0.2218456581234872,0.45346815330597723,0.6504871820863943,-0.3356886529104957,0.5368885347269094,Positive,,False,0.015641767244191862,-0.0036593745745494566,7
BTC,2022-02-16,2023-02-15,365,Lagged_VIX_Change_Aligned,0.0003621985002678625,0.00196306667215996,0.18450646908967994,0.8537209169756624,-0.0034984296734523143,0.00422282667398804,Positive,,False,0.015641767244191862,-0.0036593745745494566,7
BTC,2022-02-16,2023-02-15,365,Lagged_Gold_Return_Aligned,-0.12173398783971683,0.25903589201340327,-0.4699502717307529,0.638677482897593,-0.6311620561239885,0.38769408044455483,Negative,,False,0.015641767244191862,-0.0036593745745494566,7
BTC,2022-02-16,2023-02-15,365,Lagged_DXY_Return_Aligned,0.10619481608835904,0.36827023155765376,0.28836111905975204,0.7732376742038936,-0.6180569129319176,0.8304465451086356,Positive,,False,0.015641767244191862,-0.0036593745745494566,7
BTC,2022-02-16,2023-02-15,365,Lagged_US10Y_Change_Aligned,-0.013290571769830688,0.022772981272749692,-0.5836114126056161,0.5598503079121113,-0.05807662735725673,0.03149548381759536,Negative,,False,0.015641767244191862,-0.0036593745745494566,7
BTC,2022-02-23,2023-02-22,365,const,0.27188828075567867,0.11342248349191822,2.3971286149368414,0.01703753621302276,0.048828085443814895,0.49494847606754244,Positive,**,True,0.019440171108274895,0.0002135077966725074,7
BTC,2022-02-23,2023-02-22,365,BTC_Lagged_Return,-0.06270195080153462,0.0834091330088747,-0.7517396301777067,0.4527029529670965,-0.22673695450587963,0.10133305290281039,Negative,,False,0.019440171108274895,0.0002135077966725074,7
BTC,2022-02-23,2023-02-22,365,Lagged_Log_BTC_Volume,-0.011361686956380124,0.004754825450063992,-2.389506633987419,0.017389349612446748,-0.02071267505778832,-0.0020106988549719283,Negative,**,True,0.019440171108274895,0.0002135077966725074,7
BTC,2022-02-23,2023-02-22,365,Lagged_SP500_Return_Aligned,0.0661188093319405,0.22331292257673982,0.29608142945341315,0.7673400502666461,-0.3730553525455854,0.5052929712094664,Positive,,False,0.019440171108274895,0.0002135077966725074,7
BTC,2022-02-23,2023-02-22,365,Lagged_VIX_Change_Aligned,-1.5027372743374717e-05,0.001983491849254736,-0.007576221071450837,0.9939593397986413,-0.003915824337092835,0.0038857695916060847,Negative,,False,0.019440171108274895,0.0002135077966725074,7
BTC,2022-02-23,2023-02-22,365,Lagged_Gold_Return_Aligned,-0.09209929480990084,0.25892848601338664,-0.3556939455674232,0.7222798596520714,-0.6013161351030037,0.417117545483202,Negative,,False,0.019440171108274895,0.0002135077966725074,7
BTC,2022-02-23,2023-02-22,365,Lagged_DXY_Return_Aligned,0.13972908665476214,0.3749861594307421,0.3726246506454576,0.7096489436939598,-0.5977303956869996,0.8771885689965239,Positive,,False,0.019440171108274895,0.0002135077966725074,7
BTC,2022-02-23,2023-02-22,365,Lagged_US10Y_Change_Aligned,-0.017144491216924466,0.022336422639272116,-0.767557611789672,0.44325740294793753,-0.061071996973218245,0.026783014539369317,Negative,,False,0.019440171108274895,0.0002135077966725074,7
BTC,2022-03-02,2023-03-01,365,const,0.28533788374336255,0.11546788293855184,2.4711450186993544,0.013934233957887576,0.058255142054356696,0.5124206254323684,Positive,**,True,0.02143225190179754,0.002244648997911325,7
BTC,2022-03-02,2023-03-01,365,BTC_Lagged_Return,-0.07250791791543683,0.08299606805955932,-0.8736307587897293,0.38290664318581924,-0.23573057520102847,0.0907147393701548,Negative,,False,0.02143225190179754,0.002244648997911325,7
BTC,2022-03-02,2023-03-01,365,Lagged_Log_BTC_Volume,-0.011945853508312745,0.004839501421474794,-2.468405826952388,0.014039482477657891,-0.021463368017357404,-0.002428338999268087,Negative,**,True,0.02143225190179754,0.002244648997911325,7
BTC,2022-03-02,2023-03-01,365,Lagged_SP500_Return_Aligned,0.03566095120225912,0.22388043773299374,0.15928569536204587,0.8735338655264261,-0.4046293036905062,0.4759512060950244,Positive,,False,0.02143225190179754,0.002244648997911325,7
BTC,2022-03-02,2023-03-01,365,Lagged_VIX_Change_Aligned,-0.00035907439220380743,0.0019561961578597104,-0.1835574570377817,0.8544648487428096,-0.004206190798111072,0.003488042013703458,Negative,,False,0.02143225190179754,0.002244648997911325,7
BTC,2022-03-02,2023-03-01,365,Lagged_Gold_Return_Aligned,-0.03921796651100237,0.2770616925431114,-0.14154958107353643,0.887515636103141,-0.5840961366006705,0.5056602035786657,Negative,,False,0.02143225190179754,0.002244648997911325,7
BTC,2022-03-02,2023-03-01,365,Lagged_DXY_Return_Aligned,0.14986244939827936,0.385469612011239,0.38877889392201914,0.697671482417017,-0.608214117917776,0.9079390167143349,Positive,,False,0.02143225190179754,0.002244648997911325,7
BTC,2022-03-02,2023-03-01,365,Lagged_US10Y_Change_Aligned,-0.011245012062663796,0.021655218134030325,-0.5192749384035389,0.603890798484295,-0.05383283978239455,0.03134281565706696,Negative,,False,0.02143225190179754,0.002244648997911325,7
BTC,2022-03-09,2023-03-08,365,const,0.283129089292729,0.11445862803882399,2.4736369301639063,0.013839094959145494,0.05803117978268693,0.5082269988027711,Positive,**,True,0.023471471845322056,0.004323853646210796,7
BTC,2022-03-09,2023-03-08,365,BTC_Lagged_Return,-0.08308641932321925,0.08209316103620413,-1.0120991599601954,0.3121760990605563,-0.2445333914820396,0.07836055283560109,Negative,,False,0.023471471845322056,0.004323853646210796,7
BTC,2022-03-09,2023-03-08,365,Lagged_Log_BTC_Volume,-0.011851584486446897,0.004802583289527186,-2.4677519934513588,0.014064708782329759,-0.0212964946451965,-0.0024066743276972957,Negative,**,True,0.023471471845322056,0.004323853646210796,7
BTC,2022-03-09,2023-03-08,365,Lagged_SP500_Return_Aligned,0.03474646328048511,0.22011244075581066,0.15785778923342322,0.874658108772106,-0.3981335311789962,0.4676264577399665,Positive,,False,0.023471471845322056,0.004323853646210796,7
BTC,2022-03-09,2023-03-08,365,Lagged_VIX_Change_Aligned,-0.0006582527123845024,0.002012693581905446,-0.32705063418611646,0.743821264311178,-0.0046164787153863945,0.0032999732906173894,Negative,,False,0.023471471845322056,0.004323853646210796,7
BTC,2022-03-09,2023-03-08,365,Lagged_Gold_Return_Aligned,-0.006535128220013953,0.32556599994843183,-0.020073128708308262,0.9839962500402464,-0.6468033827991331,0.6337331263591053,Negative,,False,0.023471471845322056,0.004323853646210796,7
BTC,2022-03-09,2023-03-08,365,Lagged_DXY_Return_Aligned,0.21871172021167146,0.44851494574275275,0.48763530020048496,0.6261075043928716,-0.6633517677104306,1.1007752081337734,Positive,,False,0.023471471845322056,0.004323853646210796,7
BTC,2022-03-09,2023-03-08,365,Lagged_US10Y_Change_Aligned,-0.012413782394547268,0.020394761474582745,-0.608675046776993,0.5431269401163079,-0.05252275671605782,0.027695191926963285,Negative,,False,0.023471471845322056,0.004323853646210796,7
BTC,2022-03-16,2023-03-15,365,const,0.2568727404984932,0.11108712917911337,2.312353756881409,0.021326475142960717,0.03840532585144152,0.47534015514554484,Positive,**,True,0.02049739788533722,0.0012914645105399636,7
BTC,2022-03-16,2023-03-15,365,BTC_Lagged_Return,-0.032165067586116675,0.09115931504505297,-0.3528445509953643,0.7244132161115919,-0.21144182112232462,0.14711168595009128,Negative,,False,0.02049739788533722,0.0012914645105399636,7
BTC,2022-03-16,2023-03-15,365,Lagged_Log_BTC_Volume,-0.01073063030045128,0.004659061341389796,-2.303174290736069,0.021843258377731756,-0.01989328571748253,-0.0015679748834200313,Negative,**,True,0.02049739788533722,0.0012914645105399636,7
BTC,2022-03-16,2023-03-15,365,Lagged_SP500_Return_Aligned,0.014629937096413992,0.22789218533486172,0.06419674757568786,0.9488494975978202,-0.43354994581422435,0.4628098200070523,Positive,,False,0.02049739788533722,0.0012914645105399636,7
BTC,2022-03-16,2023-03-15,365,Lagged_VIX_Change_Aligned,0.00045738897928416134,0.0020263395188397353,0.2257217879983204,0.8215469761830023,-0.0035276735491055105,0.004442451507673833,Positive,,False,0.02049739788533722,0.0012914645105399636,7
BTC,2022-03-16,2023-03-15,365,Lagged_Gold_Return_Aligned,-0.10872643548691602,0.30286258606950794,-0.35899592913719275,0.7198103583163319,-0.7043454478861133,0.4868925769122813,Negative,,False,0.02049739788533722,0.0012914645105399636,7
BTC,2022-03-16,2023-03-15,365,Lagged_DXY_Return_Aligned,0.06718373920687445,0.4688371000311046,0.143298683492448,0.886135143273719,-0.8548459314786352,0.9892134098923842,Positive,,False,0.02049739788533722,0.0012914645105399636,7
BTC,2022-03-16,2023-03-15,365,Lagged_US10Y_Change_Aligned,-0.036011153083546216,0.02555303456425151,-1.4092710982329093,0.15962548157831186,-0.0862645482238394,0.01424224205674697,Negative,,False,0.02049739788533722,0.0012914645105399636,7
BTC,2022-03-23,2023-03-22,365,const,0.23356616958035797,0.10966535952491818,2.129808087003873,0.03387099021344527,0.01789485150066686,0.4492374876600491,Positive,**,True,0.019751012419076508,0.0005304440351369122,7
BTC,2022-03-23,2023-03-22,365,BTC_Lagged_Return,-0.021221097569620616,0.0890852009189344,-0.23821125563752563,0.8118539144654023,-0.19641883354398804,0.1539766384047468,Negative,,False,0.019751012419076508,0.0005304440351369122,7
BTC,2022-03-23,2023-03-22,365,Lagged_Log_BTC_Volume,-0.009753690338763272,0.00459893727376146,-2.1208574412204912,0.03462270982183855,-0.018798103888263237,-0.000709276789263304,Negative,**,True,0.019751012419076508,0.0005304440351369122,7
BTC,2022-03-23,2023-03-22,365,Lagged_SP500_Return_Aligned,-0.00869708828439281,0.23177608911791725,-0.03752366483312316,0.9700884450625705,-0.46451517756954225,0.44712100100075663,Negative,,False,0.019751012419076508,0.0005304440351369122,7
BTC,2022-03-23,2023-03-22,365,Lagged_VIX_Change_Aligned,0.00034545689170850376,0.0019265810283452995,0.17931085515007356,0.857795348024846,-0.0034434174763743877,0.004134331259791396,Positive,,False,0.019751012419076508,0.0005304440351369122,7
BTC,2022-03-23,2023-03-22,365,Lagged_Gold_Return_Aligned,-0.058373865680482445,0.29120631991790086,-0.20045535308759665,0.8412386172350772,-0.6310693013395372,0.5143215699785724,Negative,,False,0.019751012419076508,0.0005304440351369122,7
BTC,2022-03-23,2023-03-22,365,Lagged_DXY_Return_Aligned,0.12527632165584557,0.4645203537835716,0.2696896285285576,0.7875548564741374,-0.788263901157937,1.0388165444696282,Positive,,False,0.019751012419076508,0.0005304440351369122,7
BTC,2022-03-23,2023-03-22,365,Lagged_US10Y_Change_Aligned,-0.04162838075374968,0.024678704556303926,-1.6868138543810287,0.09251270721649299,-0.0901622912174998,0.006905529710000448,Negative,*,False,0.019751012419076508,0.0005304440351369122,7
BTC,2022-03-30,2023-03-29,365,const,0.23442457622014817,0.10870540701008466,2.1565125660989475,0.031710936724368165,0.020641130710838007,0.44820802172945834,Positive,**,True,0.021791067614802095,0.002610500313131592,7
BTC,2022-03-30,2023-03-29,365,BTC_Lagged_Return,-0.027268209564732068,0.08912382324063872,-0.30595870523986113,0.7598144263170005,-0.20254190140214823,0.14800548227268412,Negative,,False,0.021791067614802095,0.002610500313131592,7
BTC,2022-03-30,2023-03-29,365,Lagged_Log_BTC_Volume,-0.009801384031452132,0.004562530065250982,-2.148234398738798,0.032367483317733335,-0.018774198028631547,-0.000828570034272719,Negative,**,True,0.021791067614802095,0.002610500313131592,7
BTC,2022-03-30,2023-03-29,365,Lagged_SP500_Return_Aligned,-0.035714805450536825,0.23302198733076893,-0.1532679635069825,0.878273558226989,-0.49398311703854386,0.42255350613747017,Negative,,False,0.021791067614802095,0.002610500313131592,7
BTC,2022-03-30,2023-03-29,365,Lagged_VIX_Change_Aligned,0.0003790768272626155,0.0019108210716689677,0.19838426155281957,0.8428573526864023,-0.00337880351824115,0.004136957172766381,Positive,,False,0.021791067614802095,0.002610500313131592,7
BTC,2022-03-30,2023-03-29,365,Lagged_Gold_Return_Aligned,-0.1261246285306432,0.2801690627168176,-0.45017328932611084,0.6528587356518056,-0.6771138497674372,0.42486459270615073,Negative,,False,0.021791067614802095,0.002610500313131592,7
BTC,2022-03-30,2023-03-29,365,Lagged_DXY_Return_Aligned,-0.01864081069391657,0.4607934825603124,-0.04045372037456435,0.9677540163406197,-0.9248516522653848,0.8875700308775517,Negative,,False,0.021791067614802095,0.002610500313131592,7
BTC,2022-03-30,2023-03-29,365,Lagged_US10Y_Change_Aligned,-0.04516719810628127,0.02472800391426865,-1.8265606177868128,0.068600793750684,-0.09379806222576001,0.003463666013197482,Negative,*,False,0.021791067614802095,0.002610500313131592,7
BTC,2022-04-06,2023-04-05,365,const,0.21763597767954054,0.10767131784625947,2.0212994698392768,0.043994596648674854,0.005886204187905475,0.4293857511711756,Positive,**,True,0.020526680974812472,0.001321321778240181,7
BTC,2022-04-06,2023-04-05,365,BTC_Lagged_Return,-0.02711556687974616,0.08816847200333554,-0.3075426653500396,0.7586096874670261,-0.20051043516275247,0.14627930140326018,Negative,,False,0.020526680974812472,0.001321321778240181,7
BTC,2022-04-06,2023-04-05,365,Lagged_Log_BTC_Volume,-0.009106827057887852,0.004522630004159383,-2.013613107752008,0.04480012544050886,-0.018001172349868425,-0.00021248176590727905,Negative,**,True,0.020526680974812472,0.001321321778240181,7
BTC,2022-04-06,2023-04-05,365,Lagged_SP500_Return_Aligned,-0.06324191232698431,0.23217308766707037,-0.2723912274349016,0.785478693815007,-0.5198407513469862,0.3933569266930176,Negative,,False,0.020526680974812472,0.001321321778240181,7
BTC,2022-04-06,2023-04-05,365,Lagged_VIX_Change_Aligned,0.000264016497346172,0.001926349604797491,0.13705533859931254,0.8910643141991822,-0.0035244027459661745,0.004052435740658518,Positive,,False,0.020526680974812472,0.001321321778240181,7
BTC,2022-04-06,2023-04-05,365,Lagged_Gold_Return_Aligned,-0.10997757562654417,0.2941743108502059,-0.3738517320179768,0.7087365539787781,-0.6885099548673446,0.46855480361425617,Negative,,False,0.020526680974812472,0.001321321778240181,7
BTC,2022-04-06,2023-04-05,365,Lagged_DXY_Return_Aligned,-0.07586312202330663,0.4819252077679521,-0.15741679580254467,0.8750053706587969,-1.0236322737902013,0.871906029743588,Negative,,False,0.020526680974812472,0.001321321778240181,7
BTC,2022-04-06,2023-04-05,365,Lagged_US10Y_Change_Aligned,-0.0429397488316445,0.024664519667614477,-1.7409521616602228,0.08255347131505765,-0.09144576285066751,0.005566265187378502,Negative,*,False,0.020526680974812472,0.001321321778240181,7
BTC,2022-04-13,2023-04-12,365,const,0.23307348955185236,0.10348416103784902,2.252262444941757,0.02491271629240955,0.029558309297209706,0.436588669806495,Positive,**,True,0.020623582512619865,0.0014201233462006746,7
BTC,2022-04-13,2023-04-12,365,BTC_Lagged_Return,-0.020565147910913885,0.08923352956787022,-0.23046435583691913,0.8178629655132765,-0.19605459163477987,0.1549242958129521,Negative,,False,0.020623582512619865,0.0014201233462006746,7
BTC,2022-04-13,2023-04-12,365,Lagged_Log_BTC_Volume,-0.009730660484786194,0.0043506535318767175,-2.236597424614672,0.025929704204820943,-0.018286791479958937,-0.0011745294896134493,Negative,**,True,0.020623582512619865,0.0014201233462006746,7
BTC,2022-04-13,2023-04-12,365,Lagged_SP500_Return_Aligned,-0.056423072819532946,0.23252858727223086,-0.2426500478131582,0.8084158528277965,-0.5137210484561832,0.40087490281711724,Negative,,False,0.020623582512619865,0.0014201233462006746,7
BTC,2022-04-13,2023-04-12,365,Lagged_VIX_Change_Aligned,0.00043642098507332356,0.001930223326738879,0.22609870009739172,0.8212540463814,-0.003359616440685993,0.00423245841083264,Positive,,False,0.020623582512619865,0.0014201233462006746,7
BTC,2022-04-13,2023-04-12,365,Lagged_Gold_Return_Aligned,-0.09469728072634642,0.3006109612488531,-0.3150160604022476,0.7529335038161942,-0.6858881774927196,0.49649361604002673,Negative,,False,0.020623582512619865,0.0014201233462006746,7
BTC,2022-04-13,2023-04-12,365,Lagged_DXY_Return_Aligned,-0.05720850763721583,0.48429697534860316,-0.11812691499061378,0.9060335323473678,-1.0096420515377218,0.8952250362632901,Negative,,False,0.020623582512619865,0.0014201233462006746,7
BTC,2022-04-13,2023-04-12,365,Lagged_US10Y_Change_Aligned,-0.0375874552076472,0.024627041545893565,-1.5262675842569777,0.1278286655039084,-0.08601976358301283,0.010844853167718445,Negative,,False,0.020623582512619865,0.0014201233462006746,7
BTC,2022-04-20,2023-04-19,365,const,0.22632303684581342,0.10207186882980356,2.2172910072136376,0.02723252692623625,0.025585314517195562,0.4270607591744313,Positive,**,True,0.01978315324929314,0.0005632150777107325,7
BTC,2022-04-20,2023-04-19,365,BTC_Lagged_Return,-0.024749977650849624,0.08928553798669991,-0.27720029703507426,0.781786750367888,-0.20034170275407584,0.15084174745237658,Negative,,False,0.01978315324929314,0.0005632150777107325,7
BTC,2022-04-20,2023-04-19,365,Lagged_Log_BTC_Volume,-0.009460368594224222,0.0042947061670920855,-2.2027976364748065,0.028247483776398494,-0.017906471756009477,-0.0010142654324389669,Negative,**,True,0.01978315324929314,0.0005632150777107325,7
BTC,2022-04-20,2023-04-19,365,Lagged_SP500_Return_Aligned,-0.04078314148654663,0.23373074835190955,-0.17448770336859035,0.8615811025749986,-0.5004453246151669,0.4188790416420737,Negative,,False,0.01978315324929314,0.0005632150777107325,7
BTC,2022-04-20,2023-04-19,365,Lagged_VIX_Change_Aligned,0.0004912546464737027,0.0019340152287186663,0.2540076412941026,0.7996358866299407,-0.0033122400520429595,0.004294749344990365,Positive,,False,0.01978315324929314,0.0005632150777107325,7
BTC,2022-04-20,2023-04-19,365,Lagged_Gold_Return_Aligned,-0.10786177585155032,0.29522729215806465,-0.36535164165581663,0.7150652969512806,-0.6884649809899996,0.472741429286899,Negative,,False,0.01978315324929314,0.0005632150777107325,7
BTC,2022-04-20,2023-04-19,365,Lagged_DXY_Return_Aligned,-0.09848652990168957,0.4865647484265558,-0.2024119713155824,0.8397099712425503,-1.0553799471017176,0.8584068872983385,Negative,,False,0.01978315324929314,0.0005632150777107325,7
BTC,2022-04-20,2023-04-19,365,Lagged_US10Y_Change_Aligned,-0.036802284445845136,0.02518551538129466,-1.4612480185010737,0.14482697733461924,-0.08633290489273239,0.012728336001042118,Negative,,False,0.01978315324929314,0.0005632150777107325,7
BTC,2022-04-27,2023-04-26,365,const,0.21152286679771604,0.0996933833415223,2.121734258662849,0.03454844345103228,0.015462748249483182,0.4075829853459489,Positive,**,True,0.020006282995316482,0.0007907199167933587,7
BTC,2022-04-27,2023-04-26,365,BTC_Lagged_Return,-0.013644046145120457,0.0893138039318053,-0.15276525625913592,0.878669701876578,-0.1892913599380118,0.16200326764777087,Negative,,False,0.020006282995316482,0.0007907199167933587,7
BTC,2022-04-27,2023-04-26,365,Lagged_Log_BTC_Volume,-0.008838178542460027,0.004195308033881269,-2.106681671782615,0.035842532649265464,-0.017088802233817188,-0.0005875548511028641,Negative,**,True,0.020006282995316482,0.0007907199167933587,7
BTC,2022-04-27,2023-04-26,365,Lagged_SP500_Return_Aligned,-0.0510990609685036,0.23543998736176805,-0.2170364581696428,0.8283039115351548,-0.5141226868696308,0.41192456493262364,Negative,,False,0.020006282995316482,0.0007907199167933587,7
BTC,2022-04-27,2023-04-26,365,Lagged_VIX_Change_Aligned,0.0005137473591998236,0.0020986172863663886,0.24480278635717415,0.8067497838322026,-0.003613458882189657,0.004640953600589305,Positive,,False,0.020006282995316482,0.0007907199167933587,7
BTC,2022-04-27,2023-04-26,365,Lagged_Gold_Return_Aligned,-0.1646138680662921,0.28510307146514646,-0.577383706251709,0.5640442219211399,-0.7253064648701631,0.396078728737579,Negative,,False,0.020006282995316482,0.0007907199167933587,7
BTC,2022-04-27,2023-04-26,365,Lagged_DXY_Return_Aligned,-0.1134598024374479,0.48091878364237034,-0.23592300050775508,0.8136277085985515,-1.0592496891141467,0.832330084239251,Negative,,False,0.020006282995316482,0.0007907199167933587,7
BTC,2022-04-27,2023-04-26,365,Lagged_US10Y_Change_Aligned,-0.04114095386819916,0.02502381955333648,-1.6440717125741,0.1010416757908509,-0.09035357825420809,0.008071670517809777,Negative,,False,0.020006282995316482,0.0007907199167933587,7
BTC,2022-05-04,2023-05-03,365,const,0.19272062629551473,0.09891869705223105,1.9482729962946679,0.052165573760897775,-0.001815970022603669,0.38725722261363316,Positive,*,False,0.015783927905248074,-0.0035144264495510225,7
BTC,2022-05-04,2023-05-03,365,BTC_Lagged_Return,-0.016336951704996217,0.08807486156946458,-0.1854893827123563,0.8529505474159176,-0.1895477227876977,0.15687381937770525,Negative,,False,0.015783927905248074,-0.0035144264495510225,7
BTC,2022-05-04,2023-05-03,365,Lagged_Log_BTC_Volume,-0.008056659950339039,0.004166686472598843,-1.9335891969126116,0.05395392013586181,-0.016250995586160517,0.00013767568548243847,Negative,*,False,0.015783927905248074,-0.0035144264495510225,7
BTC,2022-05-04,2023-05-03,365,Lagged_SP500_Return_Aligned,-0.04554861828199988,0.2432844120881106,-0.187223743153357,0.8515915669063362,-0.5239993346302505,0.4329020980662508,Negative,,False,0.015783927905248074,-0.0035144264495510225,7
BTC,2022-05-04,2023-05-03,365,Lagged_VIX_Change_Aligned,0.0005357973294844672,0.002231277961121667,0.2401302476967599,0.8103671100043974,-0.003852303534470957,0.004923898193439892,Positive,,False,0.015783927905248074,-0.0035144264495510225,7
BTC,2022-05-04,2023-05-03,365,Lagged_Gold_Return_Aligned,-0.18010425743083192,0.28595863792622966,-0.6298262529747201,0.5292111486033836,-0.742479437934478,0.3822709230728142,Negative,,False,0.015783927905248074,-0.0035144264495510225,7
BTC,2022-05-04,2023-05-03,365,Lagged_DXY_Return_Aligned,-0.18747638082100873,0.48316233137473547,-0.38801944739273164,0.6982329061868103,-1.1376784984766608,0.7627257368346434,Negative,,False,0.015783927905248074,-0.0035144264495510225,7
BTC,2022-05-04,2023-05-03,365,Lagged_US10Y_Change_Aligned,-0.032564632423998104,0.02557250606717353,-1.2734235877570133,0.20369628827265215,-0.08285632082953363,0.017727055981537426,Negative,,False,0.015783927905248074,-0.0035144264495510225,7
BTC,2022-05-11,2023-05-10,365,const,0.15844832268234538,0.09755322655997455,1.6242243159936207,0.1052104898169398,-0.033402896757060735,0.3502995421217515,Positive,,False,0.012089454742069794,-0.007281340262987657,7
BTC,2022-05-11,2023-05-10,365,BTC_Lagged_Return,-0.017835692650757136,0.08751364915141882,-0.20380469588117928,0.8386222475486818,-0.18994276587985226,0.154271380578338,Negative,,False,0.012089454742069794,-0.007281340262987657,7
BTC,2022-05-11,2023-05-10,365,Lagged_Log_BTC_Volume,-0.006613600701544115,0.0041110637929037885,-1.6087322004003,0.10855883588665143,-0.014698547039806857,0.0014713456367186264,Negative,,False,0.012089454742069794,-0.007281340262987657,7
BTC,2022-05-11,2023-05-10,365,Lagged_SP500_Return_Aligned,-0.06645511332394628,0.24537933680032525,-0.27082603690474316,0.7866813477293727,-0.5490257739820351,0.4161155473341426,Negative,,False,0.012089454742069794,-0.007281340262987657,7
BTC,2022-05-11,2023-05-10,365,Lagged_VIX_Change_Aligned,0.00036228635457858,0.0022446093845854575,0.16140285123395237,0.8718674230238983,-0.004052032502759349,0.004776605211916508,Positive,,False,0.012089454742069794,-0.007281340262987657,7
BTC,2022-05-11,2023-05-10,365,Lagged_Gold_Return_Aligned,-0.11443194853779243,0.2905949398194551,-0.39378506937831853,0.6939748178012402,-0.6859250250175155,0.4570611279419307,Negative,,False,0.012089454742069794,-0.007281340262987657,7
BTC,2022-05-11,2023-05-10,365,Lagged_DXY_Return_Aligned,-0.18574787245391214,0.4887039873916019,-0.3800825801428771,0.7041101380486597,-1.1468483837561951,0.7753526388483708,Negative,,False,0.012089454742069794,-0.007281340262987657,7
BTC,2022-05-11,2023-05-10,365,Lagged_US10Y_Change_Aligned,-0.028191672905172646,0.02597149550568165,-1.0854851581036333,0.27843927052029255,-0.07926802639069061,0.022884680580345318,Negative,,False,0.012089454742069794,-0.007281340262987657,7
BTC,2022-05-18,2023-05-17,365,const,0.14867701977234254,0.09560102075580794,1.5551823463486412,0.12078867529914644,-0.03933493081524561,0.33668897035993073,Positive,,False,0.01097133302659381,-0.008421385933669034,7
BTC,2022-05-18,2023-05-17,365,BTC_Lagged_Return,-0.007033731646048057,0.08976947714983452,-0.0783532651561291,0.9375909457762795,-0.1835771866085094,0.16950972331641329,Negative,,False,0.01097133302659381,-0.008421385933669034,7
BTC,2022-05-18,2023-05-17,365,Lagged_Log_BTC_Volume,-0.006210606065865085,0.004032380241241873,-1.5401836370352742,0.12440146664309532,-0.014140810876159182,0.0017195987444290125,Negative,,False,0.01097133302659381,-0.008421385933669034,7
BTC,2022-05-18,2023-05-17,365,Lagged_SP500_Return_Aligned,-0.08915096859184776,0.24865199833530646,-0.3585371088457047,0.7201533278516711,-0.5781577475459582,0.3998558103622626,Negative,,False,0.01097133302659381,-0.008421385933669034,7
BTC,2022-05-18,2023-05-17,365,Lagged_VIX_Change_Aligned,0.00023324020998345934,0.002312296361734334,0.10086951389246572,0.9197106686382756,-0.00431419396874464,0.004780674388711559,Positive,,False,0.01097133302659381,-0.008421385933669034,7
BTC,2022-05-18,2023-05-17,365,Lagged_Gold_Return_Aligned,-0.10160217920089981,0.29238038952744233,-0.34749997893194406,0.7284205145656819,-0.6766065767901763,0.47340221838837676,Negative,,False,0.01097133302659381,-0.008421385933669034,7
BTC,2022-05-18,2023-05-17,365,Lagged_DXY_Return_Aligned,-0.18318766248213325,0.48417298214182397,-0.37835168263989155,0.7053942387328669,-1.135377357473058,0.7690020325087913,Negative,,False,0.01097133302659381,-0.008421385933669034,7
BTC,2022-05-18,2023-05-17,365,Lagged_US10Y_Change_Aligned,-0.026049475421581925,0.02571179163860358,-1.013133420950384,0.3116825828293738,-0.07661508717820971,0.02451613633504586,Negative,,False,0.01097133302659381,-0.008421385933669034,7
BTC,2022-05-25,2023-05-24,365,const,0.12933667690943706,0.09396498023900045,1.3764348864914195,0.16954971237233962,-0.055457785346190835,0.31413113916506497,Positive,,False,0.00915553441349004,-0.010272788441147318,7
BTC,2022-05-25,2023-05-24,365,BTC_Lagged_Return,-0.004726115009096421,0.09050374413269463,-0.05222010486292251,0.9583825204428246,-0.18271360233238595,0.1732613723141931,Negative,,False,0.00915553441349004,-0.010272788441147318,7
BTC,2022-05-25,2023-05-24,365,Lagged_Log_BTC_Volume,-0.005409710478663206,0.0039682170479135625,-1.3632597242904247,0.17365979562830403,-0.013213729950786096,0.002394308993459683,Negative,,False,0.00915553441349004,-0.010272788441147318,7
BTC,2022-05-25,2023-05-24,365,Lagged_SP500_Return_Aligned,-0.11730689282770008,0.2553387864909489,-0.4594166614473917,0.6462146079078169,-0.61946411802568,0.3848503323702798,Negative,,False,0.00915553441349004,-0.010272788441147318,7
BTC,2022-05-25,2023-05-24,365,Lagged_VIX_Change_Aligned,-0.00038815562501116267,0.0023250683681998938,-0.16694374682482097,0.8675088287464541,-0.004960707630196793,0.004184396380174467,Negative,,False,0.00915553441349004,-0.010272788441147318,7
BTC,2022-05-25,2023-05-24,365,Lagged_Gold_Return_Aligned,-0.09092234288839796,0.2923847405734316,-0.31096815350239887,0.7560063222223243,-0.6659352973804886,0.4840906116036927,Negative,,False,0.00915553441349004,-0.010272788441147318,7
BTC,2022-05-25,2023-05-24,365,Lagged_DXY_Return_Aligned,-0.22976220715432083,0.4988259702717202,-0.46060594445226033,0.6453617916903182,-1.2107689258387002,0.7512445115300584,Negative,,False,0.00915553441349004,-0.010272788441147318,7
BTC,2022-05-25,2023-05-24,365,Lagged_US10Y_Change_Aligned,-0.02268495030780846,0.025830778209215075,-0.8782139711034975,0.380418276546449,-0.07348456476710127,0.02811466415148435,Negative,,False,0.00915553441349004,-0.010272788441147318,7
BTC,2022-06-01,2023-05-31,365,const,0.1317881110264966,0.09218010027837574,1.4296807079674265,0.1536831933290181,-0.04949615060251966,0.31307237265551285,Positive,,False,0.01012850055408876,-0.009280744533085805,7
BTC,2022-06-01,2023-05-31,365,BTC_Lagged_Return,-0.005402277442405484,0.09202872181801645,-0.05870208056446005,0.9532222463008655,-0.18638883346761034,0.17558427858279937,Negative,,False,0.01012850055408876,-0.009280744533085805,7
BTC,2022-06-01,2023-05-31,365,Lagged_Log_BTC_Volume,-0.005522025066341758,0.0038995907974598083,-1.4160524406660318,0.15763202515540303,-0.013191082012883677,0.00214703188020016,Negative,,False,0.01012850055408876,-0.009280744533085805,7
BTC,2022-06-01,2023-05-31,365,Lagged_SP500_Return_Aligned,-0.16320160392255817,0.26028262966887344,-0.627016885952705,0.531048944318393,-0.6750815453837353,0.34867833753861893,Negative,,False,0.01012850055408876,-0.009280744533085805,7
BTC,2022-06-01,2023-05-31,365,Lagged_VIX_Change_Aligned,-0.0005816565972886858,0.0023984432502776373,-0.24251422134809936,0.8085210023558874,-0.005298509935185063,0.0041351967406076905,Negative,,False,0.01012850055408876,-0.009280744533085805,7
BTC,2022-06-01,2023-05-31,365,Lagged_Gold_Return_Aligned,-0.11178787684470298,0.29406768828898033,-0.38014335235243196,0.7040650683417236,-0.6901105688295077,0.4665348151401018,Negative,,False,0.01012850055408876,-0.009280744533085805,7
BTC,2022-06-01,2023-05-31,365,Lagged_DXY_Return_Aligned,-0.28121288038157805,0.4878351479189379,-0.5764506341562464,0.5646738855128681,-1.2406047048653353,0.678178944102179,Negative,,False,0.01012850055408876,-0.009280744533085805,7
BTC,2022-06-01,2023-05-31,365,Lagged_US10Y_Change_Aligned,-0.021224763977848563,0.025803824785431417,-0.8225433304690495,0.41131679049010156,-0.07197137099286395,0.02952184303716682,Negative,,False,0.01012850055408876,-0.009280744533085805,7
BTC,2022-06-08,2023-06-07,365,const,0.10685583000344627,0.09354493328036524,1.142294149520495,0.25409730384438733,-0.0771125547960307,0.29082421480292325,Positive,,False,0.008465364549431365,-0.010976491047638648,7
BTC,2022-06-08,2023-06-07,365,BTC_Lagged_Return,-0.010068435779801935,0.09228341460691525,-0.10910341606548506,0.9131817640500551,-0.1915558785911821,0.17141900703157822,Negative,,False,0.008465364549431365,-0.010976491047638648,7
BTC,2022-06-08,2023-06-07,365,Lagged_Log_BTC_Volume,-0.004482953726143551,0.003958137148687932,-1.13259181219367,0.25814581299657463,-0.012267149753912455,0.0033012423016253517,Negative,,False,0.008465364549431365,-0.010976491047638648,7
BTC,2022-06-08,2023-06-07,365,Lagged_SP500_Return_Aligned,-0.1640444716742645,0.27033485529310974,-0.6068195368162932,0.5443563913185416,-0.6956934337213895,0.36760449037286047,Negative,,False,0.008465364549431365,-0.010976491047638648,7
BTC,2022-06-08,2023-06-07,365,Lagged_VIX_Change_Aligned,-0.0005555647950719804,0.0024578509393998306,-0.22603681377343443,0.8213021416846266,-0.005389251148175321,0.004278121558031361,Negative,,False,0.008465364549431365,-0.010976491047638648,7
BTC,2022-06-08,2023-06-07,365,Lagged_Gold_Return_Aligned,-0.08281808535465573,0.2919073331159882,-0.2837136171627052,0.7767943232098375,-0.6568921554437414,0.4912559847344299,Negative,,False,0.008465364549431365,-0.010976491047638648,7
BTC,2022-06-08,2023-06-07,365,Lagged_DXY_Return_Aligned,-0.32529188144971166,0.48741461015424187,-0.6673822956328153,0.504959127275426,-1.2838566632428035,0.63327290034338,Negative,,False,0.008465364549431365,-0.010976491047638648,7
BTC,2022-06-08,2023-06-07,365,Lagged_US10Y_Change_Aligned,-0.0187073284381178,0.026080151175539235,-0.7173013803563969,0.4736572139610911,-0.06999736755450896,0.032582710678273355,Negative,,False,0.008465364549431365,-0.010976491047638648,7
BTC,2022-06-15,2023-06-14,365,const,0.0473129387305307,0.0931631837255649,0.5078501704053247,0.6118720416202862,-0.1359046854822232,0.23053056294328458,Positive,,False,0.013162389062424618,-0.0061873680147825905,7
BTC,2022-06-15,2023-06-14,365,BTC_Lagged_Return,-0.03373566600903691,0.09894917442593398,-0.3409393378444903,0.7333498068835952,-0.2283322000813066,0.1608608680632328,Negative,,False,0.013162389062424618,-0.0061873680147825905,7
BTC,2022-06-15,2023-06-14,365,Lagged_Log_BTC_Volume,-0.0019586928429118477,0.0039318029288973435,-0.49816658625389304,0.6186733799207024,-0.009691099172297952,0.005773713486474257,Negative,,False,0.013162389062424618,-0.0061873680147825905,7
BTC,2022-06-15,2023-06-14,365,Lagged_SP500_Return_Aligned,-0.26102962269548313,0.269208791036884,-0.9696177516718604,0.3328935068950165,-0.7904640316381937,0.2684047862472274,Negative,,False,0.013162389062424618,-0.0061873680147825905,7
BTC,2022-06-15,2023-06-14,365,Lagged_VIX_Change_Aligned,-0.00048074496549756814,0.002552116518714926,-0.18837108806444264,0.8506927928832176,-0.0054998169483795895,0.004538327017384453,Negative,,False,0.013162389062424618,-0.0061873680147825905,7
BTC,2022-06-15,2023-06-14,365,Lagged_Gold_Return_Aligned,0.192674178664142,0.18908297363719076,1.0189927467178614,0.3088964571850749,-0.1791822975050209,0.5645306548333049,Positive,,False,0.013162389062424618,-0.0061873680147825905,7
BTC,2022-06-15,2023-06-14,365,Lagged_DXY_Return_Aligned,-0.011556499692505218,0.3941070357019878,-0.029323251415495927,0.9766231683552304,-0.786619693964115,0.7635066945791047,Negative,,False,0.013162389062424618,-0.0061873680147825905,7
BTC,2022-06-15,2023-06-14,365,Lagged_US10Y_Change_Aligned,-0.001109731394666939,0.022913318235651563,-0.0484317191972777,0.9613992637102481,-0.046171778032461724,0.04395231524312784,Negative,,False,0.013162389062424618,-0.0061873680147825905,7
BTC,2022-06-22,2023-06-21,365,const,0.07484113315192667,0.08039885664299423,0.9308731028881883,0.3525482569023765,-0.08327376711751311,0.23295603342136645,Positive,,False,0.01860093577331101,-0.0006421831330944983,7
BTC,2022-06-22,2023-06-21,365,BTC_Lagged_Return,0.0616336977796198,0.07550448215244936,0.816291907746306,0.4148775365768999,-0.0868557728908628,0.2101231684501024,Positive,,False,0.01860093577331101,-0.0006421831330944983,7
BTC,2022-06-22,2023-06-21,365,Lagged_Log_BTC_Volume,-0.003084195681218824,0.003392004210507929,-0.9092546735833761,0.36382914173127284,-0.009755017006943676,0.003586625644506027,Negative,,False,0.01860093577331101,-0.0006421831330944983,7
BTC,2022-06-22,2023-06-21,365,Lagged_SP500_Return_Aligned,-0.37177939158998596,0.25716594324569336,-1.4456789530439194,0.14914453760523919,-0.877529960277114,0.13397117709714212,Negative,,False,0.01860093577331101,-0.0006421831330944983,7
BTC,2022-06-22,2023-06-21,365,Lagged_VIX_Change_Aligned,-0.0007951995026657791,0.0025665197581320734,-0.3098357221471498,0.7568666620461106,-0.005842597345629513,0.0042521983402979534,Negative,,False,0.01860093577331101,-0.0006421831330944983,7
BTC,2022-06-22,2023-06-21,365,Lagged_Gold_Return_Aligned,0.10553355721088598,0.18669226341400796,0.5652808278233534,0.5722378345451448,-0.2616212736327695,0.47268838805454144,Positive,,False,0.01860093577331101,-0.0006421831330944983,7
BTC,2022-06-22,2023-06-21,365,Lagged_DXY_Return_Aligned,-0.07448173207535347,0.4307061216128802,-0.17292935562754283,0.862804957241767,-0.9215218307505866,0.7725583665998796,Negative,,False,0.01860093577331101,-0.0006421831330944983,7
BTC,2022-06-22,2023-06-21,365,Lagged_US10Y_Change_Aligned,-0.00764085202830652,0.02244218814940339,-0.3404682278501282,0.7337042001827777,-0.05177635953717013,0.03649465548055709,Negative,,False,0.01860093577331101,-0.0006421831330944983,7
BTC,2022-06-29,2023-06-28,365,const,0.07302148765828796,0.07996161267347138,0.9132067903192013,0.3617500953143898,-0.08423351497676744,0.23027649029334335,Positive,,False,0.016436543954346794,-0.0028490140073325065,7
BTC,2022-06-29,2023-06-28,365,BTC_Lagged_Return,0.06232668783127719,0.07553178932385235,0.8251716050846277,0.40982520775790515,-0.08621648597458949,0.21086986163714388,Positive,,False,0.016436543954346794,-0.0028490140073325065,7
BTC,2022-06-29,2023-06-28,365,Lagged_Log_BTC_Volume,-0.003009513120047038,0.003376201265430433,-0.8913903181252893,0.3733201842913446,-0.009649255880861608,0.003630229640767532,Negative,,False,0.016436543954346794,-0.0028490140073325065,7
BTC,2022-06-29,2023-06-28,365,Lagged_SP500_Return_Aligned,-0.3378512393256857,0.2653069376297377,-1.2734353739259952,0.2036921129414952,-0.8596121416030417,0.18390966295167022,Negative,,False,0.016436543954346794,-0.0028490140073325065,7
BTC,2022-06-29,2023-06-28,365,Lagged_VIX_Change_Aligned,-0.0003537500308646729,0.0025840853027172786,-0.13689564755957911,0.8911904478594557,-0.005435692821931348,0.004728192760202003,Negative,,False,0.016436543954346794,-0.0028490140073325065,7
BTC,2022-06-29,2023-06-28,365,Lagged_Gold_Return_Aligned,0.08913597447511587,0.18754722921509176,0.47527214797126516,0.6348836573806567,-0.27970025879161653,0.4579722077418482,Positive,,False,0.016436543954346794,-0.0028490140073325065,7
BTC,2022-06-29,2023-06-28,365,Lagged_DXY_Return_Aligned,-0.16200415511001343,0.42654289736560125,-0.37980741470688556,0.70431421848564,-1.0008567270697757,0.6768484168497488,Negative,,False,0.016436543954346794,-0.0028490140073325065,7
BTC,2022-06-29,2023-06-28,365,Lagged_US10Y_Change_Aligned,0.0014955653193281663,0.022143539749359297,0.06753957751363754,0.9461899653313415,-0.042052610926874824,0.045043741565531155,Positive,,False,0.016436543954346794,-0.0028490140073325065,7
BTC,2022-07-06,2023-07-05,365,const,0.06788545681551947,0.07872996639777562,0.862256900663906,0.3891249911848307,-0.08694735182101179,0.22271826545205073,Positive,,False,0.017746145212436892,-0.001513734293201452,7
BTC,2022-07-06,2023-07-05,365,BTC_Lagged_Return,0.06874660295459811,0.07625396587745402,0.9015479019816384,0.3679048911169746,-0.08121682579664291,0.21871003170583914,Positive,,False,0.017746145212436892,-0.001513734293201452,7
BTC,2022-07-06,2023-07-05,365,Lagged_Log_BTC_Volume,-0.0027966602349853206,0.0033252519890759787,-0.8410370835572244,0.40089012746871666,-0.009336204559081367,0.003742884089110726,Negative,,False,0.017746145212436892,-0.001513734293201452,7
BTC,2022-07-06,2023-07-05,365,Lagged_SP500_Return_Aligned,-0.34901508957554733,0.2638214554393732,-1.3229215531173955,0.18670820315334713,-0.8678545962238029,0.16982441707270818,Negative,,False,0.017746145212436892,-0.001513734293201452,7
BTC,2022-07-06,2023-07-05,365,Lagged_VIX_Change_Aligned,-0.00060755583522616,0.0026499760206310243,-0.22926842752391627,0.8187915812137769,-0.005819081368220068,0.004603969697767748,Negative,,False,0.017746145212436892,-0.001513734293201452,7
BTC,2022-07-06,2023-07-05,365,Lagged_Gold_Return_Aligned,0.13696413692990358,0.1797707133210821,0.7618823689333467,0.4466332412964241,-0.21657855751842334,0.4905068313782305,Positive,,False,0.017746145212436892,-0.001513734293201452,7
BTC,2022-07-06,2023-07-05,365,Lagged_DXY_Return_Aligned,-0.05098067177055271,0.4240362388497847,-0.12022715772793341,0.9043708373471724,-0.8849035708744211,0.7829422273333158,Negative,,False,0.017746145212436892,-0.001513734293201452,7
BTC,2022-07-06,2023-07-05,365,Lagged_US10Y_Change_Aligned,0.0005894286685867566,0.022762107568067538,0.02589517103476188,0.9793554202110242,-0.04417524235190431,0.045354099689077824,Positive,,False,0.017746145212436892,-0.001513734293201452,7
BTC,2022-07-13,2023-07-12,365,const,0.05852086908506437,0.07837661413995044,0.7466623778946184,0.4557588156405794,-0.0956170259750948,0.21265876414522356,Positive,,False,0.019936018010870526,0.0007190771875543733,7
BTC,2022-07-13,2023-07-12,365,BTC_Lagged_Return,0.05961687680106454,0.07669354059623579,0.7773389562874166,0.4374736104898883,-0.09121103330878302,0.2104447869109121,Positive,,False,0.019936018010870526,0.0007190771875543733,7
BTC,2022-07-13,2023-07-12,365,Lagged_Log_BTC_Volume,-0.0024017470355274626,0.0033135550495266425,-0.724824848125147,0.4690342785994423,-0.008918287793310204,0.00411479372225528,Negative,,False,0.019936018010870526,0.0007190771875543733,7
BTC,2022-07-13,2023-07-12,365,Lagged_SP500_Return_Aligned,-0.37904421642575414,0.26403188774577335,-1.4356001453533596,0.15199172938609146,-0.8982975658141829,0.14020913296267457,Negative,,False,0.019936018010870526,0.0007190771875543733,7
BTC,2022-07-13,2023-07-12,365,Lagged_VIX_Change_Aligned,-0.0009661409741323435,0.00265248963326677,-0.3642393025839869,0.7158949576799999,-0.006182609856171396,0.00425032790790671,Negative,,False,0.019936018010870526,0.0007190771875543733,7
BTC,2022-07-13,2023-07-12,365,Lagged_Gold_Return_Aligned,0.18054433779224144,0.17910587897680685,1.0080313322133936,0.3141221502294444,-0.1716908726888997,0.5327795482733826,Positive,,False,0.019936018010870526,0.0007190771875543733,7
BTC,2022-07-13,2023-07-12,365,Lagged_DXY_Return_Aligned,0.020009497310910312,0.4170029476240983,0.04798406683913325,0.9617557729127951,-0.8000815117991315,0.840100506420952,Positive,,False,0.019936018010870526,0.0007190771875543733,7
BTC,2022-07-13,2023-07-12,365,Lagged_US10Y_Change_Aligned,-0.0031187071343568816,0.023356740634175432,-0.13352492897890084,0.8938534858462812,-0.0490528020978034,0.04281538782908964,Negative,,False,0.019936018010870526,0.0007190771875543733,7
BTC,2022-07-20,2023-07-19,365,const,0.074512139823734,0.07573409535873582,0.9838651860933483,0.32584810792220126,-0.07442889534316602,0.22345317499063402,Positive,,False,0.020158085962669325,0.0009454994129177718,7
BTC,2022-07-20,2023-07-19,365,BTC_Lagged_Return,0.044397889863149596,0.07825596082713947,0.5673419557293613,0.5708384530840638,-0.10950272462712543,0.19829850435342464,Positive,,False,0.020158085962669325,0.0009454994129177718,7
BTC,2022-07-20,2023-07-19,365,Lagged_Log_BTC_Volume,-0.0030978736303464423,0.0032029116246687704,-0.9672054659537506,0.3340960945738671,-0.009396819576245798,0.0032010723155529133,Negative,,False,0.020158085962669325,0.0009454994129177718,7
BTC,2022-07-20,2023-07-19,365,Lagged_SP500_Return_Aligned,-0.36146259582144,0.26205444006215345,-1.3793416197630888,0.16865287988736996,-0.876827034890261,0.153901843247381,Negative,,False,0.020158085962669325,0.0009454994129177718,7
BTC,2022-07-20,2023-07-19,365,Lagged_VIX_Change_Aligned,-0.0011683149107951422,0.0026475135959150254,-0.44128759625551717,0.6592719450509212,-0.006374997762504166,0.004038367940913881,Negative,,False,0.020158085962669325,0.0009454994129177718,7
BTC,2022-07-20,2023-07-19,365,Lagged_Gold_Return_Aligned,0.23410976989520052,0.17746501343479085,1.3191883028889166,0.1879516442172699,-0.11489846320884348,0.5831180029992445,Positive,,False,0.020158085962669325,0.0009454994129177718,7
BTC,2022-07-20,2023-07-19,365,Lagged_DXY_Return_Aligned,0.13355140429706747,0.39467745839304663,0.3383811298492449,0.7352749077497786,-0.6426336010384569,0.9097364096325918,Positive,,False,0.020158085962669325,0.0009454994129177718,7
BTC,2022-07-20,2023-07-19,365,Lagged_US10Y_Change_Aligned,-0.004524972167122315,0.02293956713425646,-0.1972562141490898,0.8437392993808195,-0.04963864070799372,0.040588696373749095,Negative,,False,0.020158085962669325,0.0009454994129177718,7
BTC,2022-07-27,2023-07-26,365,const,0.05820520317906532,0.07824034279828107,0.7439282740507636,0.45740921595466394,-0.0956646964083061,0.21207510276643676,Positive,,False,0.018880759477435727,-0.0003568726896732155,7
BTC,2022-07-27,2023-07-26,365,BTC_Lagged_Return,0.03474003827612014,0.07888515559873845,0.44038752300661893,0.6599229843072474,-0.12039797028560521,0.18987804683784548,Positive,,False,0.018880759477435727,-0.0003568726896732155,7
BTC,2022-07-27,2023-07-26,365,Lagged_Log_BTC_Volume,-0.002403799294252732,0.0033143981082966105,-0.7252596748216621,0.4687678595633249,-0.008921998037719607,0.004114399449214143,Negative,,False,0.018880759477435727,-0.0003568726896732155,7
BTC,2022-07-27,2023-07-26,365,Lagged_SP500_Return_Aligned,-0.3665586418346044,0.27255751388445254,-1.344885476134782,0.17951598287112877,-0.9025787536241158,0.16946146995490696,Negative,,False,0.018880759477435727,-0.0003568726896732155,7
BTC,2022-07-27,2023-07-26,365,Lagged_VIX_Change_Aligned,-0.00122463176643045,0.0027108777126878753,-0.4517473291763536,0.6517253431378467,-0.006555928467422034,0.0041066649345611345,Negative,,False,0.018880759477435727,-0.0003568726896732155,7
BTC,2022-07-27,2023-07-26,365,Lagged_Gold_Return_Aligned,0.2305681276829357,0.18043112180315102,1.2778733811480913,0.2021243618999294,-0.12427334669385573,0.5854096020597271,Positive,,False,0.018880759477435727,-0.0003568726896732155,7
BTC,2022-07-27,2023-07-26,365,Lagged_DXY_Return_Aligned,0.11394316998905629,0.40111804136316953,0.2840639368945585,0.7765260650266039,-0.6749080867898183,0.9027944267679309,Positive,,False,0.018880759477435727,-0.0003568726896732155,7
BTC,2022-07-27,2023-07-26,365,Lagged_US10Y_Change_Aligned,-0.006227975693001431,0.0236962532696973,-0.26282533454205387,0.792836817565601,-0.052829766799741704,0.04037381541373884,Negative,,False,0.018880759477435727,-0.0003568726896732155,7
BTC,2022-08-03,2023-08-02,365,const,0.026271573175361634,0.12802763637766096,0.2052023603549527,0.8375309769454423,-0.22551157154613607,0.2780547178968593,Positive,,False,0.0710718560015553,0.05285757866825258,7
BTC,2022-08-03,2023-08-02,365,BTC_Lagged_Return,-0.25749428851656714,0.15274024455440222,-1.6858313227648014,0.09270203219564982,-0.557878019619708,0.042889442586573734,Negative,*,False,0.0710718560015553,0.05285757866825258,7
BTC,2022-08-03,2023-08-02,365,Lagged_Log_BTC_Volume,-0.0010756447079721177,0.005408772714498613,-0.198870384234999,0.8424773460132755,-0.011712705905627048,0.009561416489682813,Negative,,False,0.0710718560015553,0.05285757866825258,7
BTC,2022-08-03,2023-08-02,365,Lagged_SP500_Return_Aligned,-0.2027183149945091,0.2782708001380902,-0.7284929460579815,0.4667894686884803,-0.7499743538098981,0.3445377238208799,Negative,,False,0.0710718560015553,0.05285757866825258,7
BTC,2022-08-03,2023-08-02,365,Lagged_VIX_Change_Aligned,-0.001183918166391947,0.0026973794401701635,-0.4389142101258323,0.6609892162537357,-0.006488668743445167,0.004120832410661273,Negative,,False,0.0710718560015553,0.05285757866825258,7
BTC,2022-08-03,2023-08-02,365,Lagged_Gold_Return_Aligned,0.33989451408955473,0.23032664838988118,1.4757064215782993,0.14090414549243896,-0.11307305983096039,0.7928620880100699,Positive,,False,0.0710718560015553,0.05285757866825258,7
BTC,2022-08-03,2023-08-02,365,Lagged_DXY_Return_Aligned,-0.021418869346604447,0.4064851319237835,-0.05269287278783056,0.9580060899968499,-0.8208252138986393,0.7779874752054304,Negative,,False,0.0710718560015553,0.05285757866825258,7
BTC,2022-08-03,2023-08-02,365,Lagged_US10Y_Change_Aligned,0.00010509432954975556,0.026987108319426616,0.0038942419582650733,0.9968950274500327,-0.05296859500703274,0.053178783666132254,Positive,,False,0.0710718560015553,0.05285757866825258,7
BTC,2022-08-10,2023-08-09,365,const,0.02144985679633926,0.12483914750222597,0.17181995572307793,0.8636764306343527,-0.224062706207955,0.2669624198006335,Positive,,False,0.07028152173801006,0.05205174765444165,7
BTC,2022-08-10,2023-08-09,365,BTC_Lagged_Return,-0.256891661429108,0.1533725116018295,-1.674952432780293,0.09481924012223598,-0.5585188286372116,0.04473550577899549,Negative,*,False,0.07028152173801006,0.05205174765444165,7
BTC,2022-08-10,2023-08-09,365,Lagged_Log_BTC_Volume,-0.0008726212443763985,0.005279881934508268,-0.165272870719536,0.8688227582427482,-0.011256201812147277,0.00951095932339448,Negative,,False,0.07028152173801006,0.05205174765444165,7
BTC,2022-08-10,2023-08-09,365,Lagged_SP500_Return_Aligned,-0.20250134397239797,0.2776504683630467,-0.7293391045449771,0.46627248586551295,-0.7485374189619267,0.34353473101713083,Negative,,False,0.07028152173801006,0.05205174765444165,7
BTC,2022-08-10,2023-08-09,365,Lagged_VIX_Change_Aligned,-0.00134555582787546,0.0026998966827360997,-0.49837308089577026,0.6185280012351307,-0.006655256892707807,0.003964145236956887,Negative,,False,0.07028152173801006,0.05205174765444165,7
BTC,2022-08-10,2023-08-09,365,Lagged_Gold_Return_Aligned,0.32145500149226075,0.2327893546053522,1.3808835976938183,0.1681785773964194,-0.1363558073187851,0.7792658103033065,Positive,,False,0.07028152173801006,0.05205174765444165,7
BTC,2022-08-10,2023-08-09,365,Lagged_DXY_Return_Aligned,-0.039430331766167004,0.4178190644169332,-0.09437178703463918,0.9248667705143913,-0.8611263416274046,0.7822656780950707,Negative,,False,0.07028152173801006,0.05205174765444165,7
BTC,2022-08-10,2023-08-09,365,Lagged_US10Y_Change_Aligned,-0.005249746223509754,0.025700559280351,-0.20426583586153213,0.838262163411767,-0.055793268073899394,0.04529377562687989,Negative,,False,0.07028152173801006,0.05205174765444165,7
BTC,2022-08-17,2023-08-16,365,const,0.01980340522912881,0.12121774593505777,0.16337051210091347,0.8703191618005146,-0.21858719644963348,0.25819400690789107,Positive,,False,0.06980794987910477,0.051568890072812734,7
BTC,2022-08-17,2023-08-16,365,BTC_Lagged_Return,-0.2560278248019841,0.15438750808762297,-1.658345470908663,0.09812607447833117,-0.5596511157713706,0.047595466167402456,Negative,*,False,0.06980794987910477,0.051568890072812734,7
BTC,2022-08-17,2023-08-16,365,Lagged_Log_BTC_Volume,-0.000811742330982506,0.0051335240118189325,-0.15812574931248563,0.8744471144647131,-0.01090749084098639,0.009284006179021378,Negative,,False,0.06980794987910477,0.051568890072812734,7
BTC,2022-08-17,2023-08-16,365,Lagged_SP500_Return_Aligned,-0.1992658437181741,0.2810351697672248,-0.7090423731777826,0.4787609531506252,-0.7519583781066201,0.3534266906702719,Negative,,False,0.06980794987910477,0.051568890072812734,7
BTC,2022-08-17,2023-08-16,365,Lagged_VIX_Change_Aligned,-0.0013739827918157355,0.0026260569895613217,-0.5232113382448935,0.6011517830076367,-0.006538468411929773,0.0037905028282983018,Negative,,False,0.06980794987910477,0.051568890072812734,7
BTC,2022-08-17,2023-08-16,365,Lagged_Gold_Return_Aligned,0.3364905837836371,0.23926487317250192,1.4063517946532784,0.16048951807822198,-0.13405518190601506,0.8070363494732893,Positive,,False,0.06980794987910477,0.051568890072812734,7
BTC,2022-08-17,2023-08-16,365,Lagged_DXY_Return_Aligned,0.016928512904967996,0.42082219199464244,0.040227234273765476,0.9679344523127008,-0.810673541361284,0.84453056717122,Positive,,False,0.06980794987910477,0.051568890072812734,7
BTC,2022-08-17,2023-08-16,365,Lagged_US10Y_Change_Aligned,-0.006889350342025825,0.025796337925228847,-0.2670669907486377,0.7895717894025873,-0.05762123346414411,0.04384253278009246,Negative,,False,0.06980794987910477,0.051568890072812734,7
BTC,2022-08-24,2023-08-23,365,const,0.006696506140344921,0.1207938438533529,0.05543747865557343,0.9558209499359229,-0.230860436476941,0.24425344875763083,Positive,,False,0.07154578357560215,0.05334079893982968,7
BTC,2022-08-24,2023-08-23,365,BTC_Lagged_Return,-0.2579900880841234,0.15434542258565448,-1.6715111064660888,0.09549702087068095,-0.5615306123920873,0.04555043622384053,Negative,*,False,0.07154578357560215,0.05334079893982968,7
BTC,2022-08-24,2023-08-23,365,Lagged_Log_BTC_Volume,-0.0002593173440151673,0.005116027230537317,-0.05068724858759834,0.9596030852013008,-0.010320656137974666,0.009802021449944331,Negative,,False,0.07154578357560215,0.05334079893982968,7
BTC,2022-08-24,2023-08-23,365,Lagged_SP500_Return_Aligned,-0.18561668604226622,0.27881470162826716,-0.6657349306125965,0.506010452416238,-0.7339423785003382,0.3627090064158057,Negative,,False,0.07154578357560215,0.05334079893982968,7
BTC,2022-08-24,2023-08-23,365,Lagged_VIX_Change_Aligned,-0.002030212851367579,0.0026355857793334625,-0.77030801550349,0.44162664608307733,-0.00721343808678735,0.003153012384052192,Negative,,False,0.07154578357560215,0.05334079893982968,7
BTC,2022-08-24,2023-08-23,365,Lagged_Gold_Return_Aligned,0.4107130424580497,0.23953219636678605,1.714646501337721,0.08727790059163298,-0.060358449367132416,0.8817845342832318,Positive,*,False,0.07154578357560215,0.05334079893982968,7
BTC,2022-08-24,2023-08-23,365,Lagged_DXY_Return_Aligned,0.2572976532513023,0.3805841278243725,0.6760598628275876,0.49944036193464,-0.49117096841442603,1.0057662749170306,Positive,,False,0.07154578357560215,0.05334079893982968,7
BTC,2022-08-24,2023-08-23,365,Lagged_US10Y_Change_Aligned,-0.011638549563395497,0.02581843139844294,-0.45078453387750717,0.6524185112731526,-0.06241388239934943,0.03913678327255844,Negative,,False,0.07154578357560215,0.05334079893982968,7
BTC,2022-08-31,2023-08-30,365,const,0.0013679231405119494,0.11910379510236081,0.011485134787991614,0.9908428051369377,-0.23286531686617357,0.23560116314719748,Positive,,False,0.07423937458762331,0.0560872054618905,7
BTC,2022-08-31,2023-08-30,365,BTC_Lagged_Return,-0.2636435894583634,0.15179667900896462,-1.736820536388635,0.08328141425884461,-0.5621716751164824,0.03488449619975553,Negative,*,False,0.07423937458762331,0.0560872054618905,7
BTC,2022-08-31,2023-08-30,365,Lagged_Log_BTC_Volume,-2.1807906985362238e-05,0.00505042467175523,-0.004318034304585142,0.9965571296466607,-0.00995413066175777,0.009910514847787046,Negative,,False,0.07423937458762331,0.0560872054618905,7
BTC,2022-08-31,2023-08-30,365,Lagged_SP500_Return_Aligned,-0.17304373082108063,0.27673952516986666,-0.6252946004545752,0.5321772123290651,-0.7172883165014969,0.37120085485933574,Negative,,False,0.07423937458762331,0.0560872054618905,7
BTC,2022-08-31,2023-08-30,365,Lagged_VIX_Change_Aligned,-0.0018410421254798999,0.002701552388903603,-0.6814756334327714,0.49601240744276437,-0.007153999353726521,0.0034719151027667204,Negative,,False,0.07423937458762331,0.0560872054618905,7
BTC,2022-08-31,2023-08-30,365,Lagged_Gold_Return_Aligned,0.3897526999039834,0.24293153988030006,1.6043725738371672,0.10951620286973475,-0.08800404694923358,0.8675094467572004,Positive,,False,0.07423937458762331,0.0560872054618905,7
BTC,2022-08-31,2023-08-30,365,Lagged_DXY_Return_Aligned,0.2486481879942134,0.3990269318440817,0.6231363553459889,0.5335927961328725,-0.5360906275526769,1.0333870035411037,Positive,,False,0.07423937458762331,0.0560872054618905,7
BTC,2022-08-31,2023-08-30,365,Lagged_US10Y_Change_Aligned,-0.01373009752850816,0.025273346951163986,-0.5432639196952823,0.5872871444563506,-0.06343345028142885,0.03597325522441254,Negative,,False,0.07423937458762331,0.0560872054618905,7
BTC,2022-09-07,2023-09-06,365,const,-0.008958423971164593,0.11899796531488696,-0.07528216089627433,0.9400323819120554,-0.24298353581545265,0.22506668787312348,Negative,,False,0.07425854630908979,0.05610675309946411,7
BTC,2022-09-07,2023-09-06,365,BTC_Lagged_Return,-0.25986474677770804,0.15301209807412644,-1.698328106394679,0.09031717100479307,-0.5607831134957553,0.041053619940339126,Negative,*,False,0.07425854630908979,0.05610675309946411,7
BTC,2022-09-07,2023-09-06,365,Lagged_Log_BTC_Volume,0.000412912035447914,0.005049474868475561,0.08177326280516221,0.9348728440708733,-0.00951754280655669,0.010343366877452517,Positive,,False,0.07425854630908979,0.05610675309946411,7
BTC,2022-09-07,2023-09-06,365,Lagged_SP500_Return_Aligned,-0.2016812831919672,0.28064634561797697,-0.7186314247130834,0.4728381169817872,-0.7536091438754915,0.3502465774915571,Negative,,False,0.07425854630908979,0.05610675309946411,7
BTC,2022-09-07,2023-09-06,365,Lagged_VIX_Change_Aligned,-0.0020486463016928134,0.0026802334568157412,-0.7643536784018483,0.4451614148045771,-0.007319677052851691,0.003222384449466064,Negative,,False,0.07425854630908979,0.05610675309946411,7
BTC,2022-09-07,2023-09-06,365,Lagged_Gold_Return_Aligned,0.42707069491394556,0.2400842769102474,1.778836583595188,0.07611739684026297,-0.04508653573533078,0.8992279255632218,Positive,*,False,0.07425854630908979,0.05610675309946411,7
BTC,2022-09-07,2023-09-06,365,Lagged_DXY_Return_Aligned,0.31701963774518127,0.3816432229118324,0.8306701618501411,0.40671516448744666,-0.4335318333679362,1.0675711088582989,Positive,,False,0.07425854630908979,0.05610675309946411,7
BTC,2022-09-07,2023-09-06,365,Lagged_US10Y_Change_Aligned,-0.015928974032617674,0.024972799069216303,-0.6378529690831953,0.5239782962408029,-0.06504125994249403,0.033183311877258675,Negative,,False,0.07425854630908979,0.05610675309946411,7
BTC,2022-09-14,2023-09-13,365,const,-0.0009389529722046361,0.1193769426882626,-0.007865446635340544,0.9937287396258584,-0.2357093735447218,0.2338314676003125,Negative,,False,0.07520630383096316,0.05707309410215855,7
BTC,2022-09-14,2023-09-13,365,BTC_Lagged_Return,-0.2592613375808611,0.1551056149589725,-1.6715148426408626,0.09549628291156223,-0.5642968799315131,0.04577420476979083,Negative,*,False,0.07520630383096316,0.05707309410215855,7
BTC,2022-09-14,2023-09-13,365,Lagged_Log_BTC_Volume,6.895296106534986e-05,0.005072044746810259,0.01359470677160596,0.9891609214411882,-0.009905888507951007,0.010043794430081706,Positive,,False,0.07520630383096316,0.05707309410215855,7
BTC,2022-09-14,2023-09-13,365,Lagged_SP500_Return_Aligned,-0.16420148258002498,0.28584680947993096,-0.5744387452802877,0.566032719755549,-0.7263567377716443,0.39795377261159437,Negative,,False,0.07520630383096316,0.05707309410215855,7
BTC,2022-09-14,2023-09-13,365,Lagged_VIX_Change_Aligned,-0.0009647670992154066,0.002601403242260784,-0.3708641103933441,0.710958714148954,-0.006080767890583659,0.004151233692152845,Negative,,False,0.07520630383096316,0.05707309410215855,7
BTC,2022-09-14,2023-09-13,365,Lagged_Gold_Return_Aligned,0.42182158885097576,0.23697229554076685,1.7800460087048822,0.07591890104312103,-0.04421552212967533,0.8878586998316269,Positive,*,False,0.07520630383096316,0.05707309410215855,7
BTC,2022-09-14,2023-09-13,365,Lagged_DXY_Return_Aligned,0.2517149429567017,0.39354127091138985,0.6396151091695237,0.5228330815412501,-0.5222356006233867,1.02566548653679,Positive,,False,0.07520630383096316,0.05707309410215855,7
BTC,2022-09-14,2023-09-13,365,Lagged_US10Y_Change_Aligned,-0.01343993581102941,0.024995818502478392,-0.5376873659767056,0.5911279120124113,-0.0625974924566658,0.03571762083460698,Negative,,False,0.07520630383096316,0.05707309410215855,7
BTC,2022-09-21,2023-09-20,365,const,-0.01785851046750133,0.12138124762066922,-0.14712742550901511,0.883114495128426,-0.2565706596631535,0.22085363872815084,Negative,,False,0.07886889183708157,0.06080749755937731,7
BTC,2022-09-21,2023-09-20,365,BTC_Lagged_Return,-0.2660644123779844,0.1547921653088278,-1.7188493477506173,0.08650869829544523,-0.5704835148656643,0.0383546901096955,Negative,*,False,0.07886889183708157,0.06080749755937731,7
BTC,2022-09-21,2023-09-20,365,Lagged_Log_BTC_Volume,0.0008009930949603099,0.0051617612618864266,0.15517825298793023,0.8767684907802235,-0.009350287672151786,0.010952273862072407,Positive,,False,0.07886889183708157,0.06080749755937731,7
BTC,2022-09-21,2023-09-20,365,Lagged_SP500_Return_Aligned,-0.19780565336580125,0.2789756576186009,-0.709042699475341,0.47876075091759757,-0.7464478868969932,0.35083658016539065,Negative,,False,0.07886889183708157,0.06080749755937731,7
BTC,2022-09-21,2023-09-20,365,Lagged_VIX_Change_Aligned,-0.0009233921139621221,0.002578071580635534,-0.35817163530210894,0.720426560889311,-0.0059935081315284555,0.004146723903604211,Negative,,False,0.07886889183708157,0.06080749755937731,7
BTC,2022-09-21,2023-09-20,365,Lagged_Gold_Return_Aligned,0.41107176549359814,0.24124596813469523,1.703952893687673,0.08926004829547331,-0.06337008336751515,0.8855136143547114,Positive,*,False,0.07886889183708157,0.06080749755937731,7
BTC,2022-09-21,2023-09-20,365,Lagged_DXY_Return_Aligned,0.26137033846793895,0.38965994056550946,0.6707652269530577,0.502803817454131,-0.5049470597394894,1.0276877366753674,Positive,,False,0.07886889183708157,0.06080749755937731,7
BTC,2022-09-21,2023-09-20,365,Lagged_US10Y_Change_Aligned,-0.01370767034958227,0.024847755048455187,-0.5516663506562735,0.5815221072226282,-0.06257404078631046,0.03515870008714592,Negative,,False,0.07886889183708157,0.06080749755937731,7
BTC,2022-09-28,2023-09-27,365,const,-0.027590186852263332,0.12263083590361226,-0.22498571952937838,0.8221191083448217,-0.26875981535776106,0.21357944165323442,Negative,,False,0.07771169392628674,0.0596276094934689,7
BTC,2022-09-28,2023-09-27,365,BTC_Lagged_Return,-0.26511149847126503,0.15586057090709043,-1.7009529538378236,0.08982260486064718,-0.5716317607474073,0.04140876380487718,Negative,*,False,0.07771169392628674,0.0596276094934689,7
BTC,2022-09-28,2023-09-27,365,Lagged_Log_BTC_Volume,0.0012064886090792839,0.005220183000380887,0.2311199835314688,0.8173539918267981,-0.009059686171969313,0.01147266339012788,Positive,,False,0.07771169392628674,0.0596276094934689,7
BTC,2022-09-28,2023-09-27,365,Lagged_SP500_Return_Aligned,-0.20113926952280903,0.2788374383463468,-0.7213495817336119,0.47116659991242765,-0.7495096767201412,0.3472311376745232,Negative,,False,0.07771169392628674,0.0596276094934689,7
BTC,2022-09-28,2023-09-27,365,Lagged_VIX_Change_Aligned,-0.0010780392972829353,0.002607655438663704,-0.4134132452082618,0.6795520891153741,-0.006206335853192993,0.004050257258627122,Negative,,False,0.07771169392628674,0.0596276094934689,7
BTC,2022-09-28,2023-09-27,365,Lagged_Gold_Return_Aligned,0.42068285386409854,0.2402668943307805,1.7508981211740957,0.08082234056423215,-0.051833517902859005,0.8931992256310561,Positive,*,False,0.07771169392628674,0.0596276094934689,7
BTC,2022-09-28,2023-09-27,365,Lagged_DXY_Return_Aligned,0.24931512034778938,0.37930782458691653,0.6572896844912305,0.51141819972395,-0.49664348354492505,0.9952737242405038,Positive,,False,0.07771169392628674,0.0596276094934689,7
BTC,2022-09-28,2023-09-27,365,Lagged_US10Y_Change_Aligned,-0.010194012579042563,0.02536524582785794,-0.4018889723452537,0.6880062283747531,-0.060078096530515754,0.03969007137243062,Negative,,False,0.07771169392628674,0.0596276094934689,7
BTC,2022-10-05,2023-10-04,365,const,-0.00876345529434526,0.12384165906612017,-0.07076338738054512,0.943625694557396,-0.2523143264141999,0.23478741582550933,Negative,,False,0.07738184160461536,0.05929128947921569,7
BTC,2022-10-05,2023-10-04,365,BTC_Lagged_Return,-0.26386960324452086,0.1555599309725852,-1.6962568805139377,0.09070897658172399,-0.5697986176441866,0.04205941115514489,Negative,*,False,0.07738184160461536,0.05929128947921569,7
BTC,2022-10-05,2023-10-04,365,Lagged_Log_BTC_Volume,0.00041719542494414886,0.005278124813695679,0.07904235683506576,0.9370432185769672,-0.009962929534206851,0.01079732038409515,Positive,,False,0.07738184160461536,0.05929128947921569,7
BTC,2022-10-05,2023-10-04,365,Lagged_SP500_Return_Aligned,-0.24294244769849163,0.2814560126028317,-0.8631631118902855,0.38862729363311715,-0.7964626247395759,0.31057772934259265,Negative,,False,0.07738184160461536,0.05929128947921569,7
BTC,2022-10-05,2023-10-04,365,Lagged_VIX_Change_Aligned,-0.0009996933972822827,0.002589748094634304,-0.3860195512272202,0.6997121298685841,-0.0060927728116368105,0.004093386017072245,Negative,,False,0.07738184160461536,0.05929128947921569,7
BTC,2022-10-05,2023-10-04,365,Lagged_Gold_Return_Aligned,0.33573950548129416,0.24114662018110683,1.392262952842324,0.16470940818890145,-0.1385069625942023,0.8099859735567907,Positive,,False,0.07738184160461536,0.05929128947921569,7
BTC,2022-10-05,2023-10-04,365,Lagged_DXY_Return_Aligned,0.1088061438083627,0.38369199455447073,0.2835767890719338,0.7768991069130601,-0.6457745055477869,0.8633867931645124,Positive,,False,0.07738184160461536,0.05929128947921569,7
BTC,2022-10-05,2023-10-04,365,Lagged_US10Y_Change_Aligned,-0.009431070634488573,0.025764429170015226,-0.36605005188566336,0.7145445461088608,-0.06010020100291128,0.041238059733934136,Negative,,False,0.07738184160461536,0.05929128947921569,7
BTC,2022-10-12,2023-10-11,365,const,-0.026541502369644657,0.12556454118779725,-0.2113773691089156,0.8327134275724687,-0.2734806472314332,0.22039764249214394,Negative,,False,0.07743673749960689,0.05934726176430516,7
BTC,2022-10-12,2023-10-11,365,BTC_Lagged_Return,-0.2615530680971526,0.15755137414682238,-1.660112896593405,0.09776979814212401,-0.5713985167849944,0.04829238059068913,Negative,*,False,0.07743673749960689,0.05934726176430516,7
BTC,2022-10-12,2023-10-11,365,Lagged_Log_BTC_Volume,0.0011783582012696364,0.005353576874720127,0.2201067116144173,0.8259138573654908,-0.00935015313552575,0.011706869538065025,Positive,,False,0.07743673749960689,0.05934726176430516,7
BTC,2022-10-12,2023-10-11,365,Lagged_SP500_Return_Aligned,-0.2786857405735909,0.3030915188451686,-0.9194771982912358,0.3584668691209144,-0.8747549793131046,0.31738349816592276,Negative,,False,0.07743673749960689,0.05934726176430516,7
BTC,2022-10-12,2023-10-11,365,Lagged_VIX_Change_Aligned,-0.0008332440407919,0.0026626229634759695,-0.3129410555763128,0.7545081792399511,-0.006069641446224507,0.004403153364640707,Negative,,False,0.07743673749960689,0.05934726176430516,7
BTC,2022-10-12,2023-10-11,365,Lagged_Gold_Return_Aligned,0.3118539252190299,0.24274279122367953,1.284709315761582,0.1997268376094286,-0.16553162263629506,0.7892394730743548,Positive,,False,0.07743673749960689,0.05934726176430516,7
BTC,2022-10-12,2023-10-11,365,Lagged_DXY_Return_Aligned,0.08620954634521982,0.386119894748977,0.22327144370860788,0.8234519504550277,-0.6731458872945315,0.8455649799849712,Positive,,False,0.07743673749960689,0.05934726176430516,7
BTC,2022-10-12,2023-10-11,365,Lagged_US10Y_Change_Aligned,-0.006317774217395768,0.02515992841109167,-0.25110461819162405,0.8018776928856531,-0.05579807453025664,0.04316252609546511,Negative,,False,0.07743673749960689,0.05934726176430516,7
BTC,2022-10-19,2023-10-18,365,const,-0.021451601540971504,0.12870570072375376,-0.16667172798362634,0.8677227116874876,-0.27456824876406316,0.23166504568212012,Negative,,False,0.07729603913931604,0.05920380461263608,7
BTC,2022-10-19,2023-10-18,365,BTC_Lagged_Return,-0.26069230694464074,0.15822025475317014,-1.6476544507612572,0.1003034184621891,-0.571853197104921,0.05046858321563957,Negative,,False,0.07729603913931604,0.05920380461263608,7
BTC,2022-10-19,2023-10-18,365,Lagged_Log_BTC_Volume,0.0009631230031412253,0.0054867942749501535,0.17553473939023806,0.8607589958388341,-0.009827377829911013,0.011753623836193463,Positive,,False,0.07729603913931604,0.05920380461263608,7
BTC,2022-10-19,2023-10-18,365,Lagged_SP500_Return_Aligned,-0.25401996922828896,0.3424941201109517,-0.7416768765139636,0.45877076409595385,-0.9275795931502725,0.4195396546936946,Negative,,False,0.07729603913931604,0.05920380461263608,7
BTC,2022-10-19,2023-10-18,365,Lagged_VIX_Change_Aligned,-0.0006214876831450911,0.0027997393990437363,-0.22198054695996455,0.8244559550277706,-0.006127542549396672,0.004884567183106489,Negative,,False,0.07729603913931604,0.05920380461263608,7
BTC,2022-10-19,2023-10-18,365,Lagged_Gold_Return_Aligned,0.350852337716784,0.22678867263029093,1.5470452454595942,0.12273831843847888,-0.09515734267463138,0.7968620181081993,Positive,,False,0.07729603913931604,0.05920380461263608,7
BTC,2022-10-19,2023-10-18,365,Lagged_DXY_Return_Aligned,0.10898409620518591,0.40253508025487467,0.2707443439120388,0.7867441326776319,-0.6826539534759158,0.9006221458862876,Positive,,False,0.07729603913931604,0.05920380461263608,7
BTC,2022-10-19,2023-10-18,365,Lagged_US10Y_Change_Aligned,-0.004379834966437747,0.026203104075339875,-0.1671494703011035,0.8673470789839053,-0.055911677092244094,0.0471520071593686,Negative,,False,0.07729603913931604,0.05920380461263608,7
BTC,2022-10-26,2023-10-25,365,const,-0.03348644976855074,0.1317602326340796,-0.25414686282126003,0.7995284168554936,-0.29261023476122006,0.22563733522411855,Negative,,False,0.07286534631167685,0.05468623545504314,7
BTC,2022-10-26,2023-10-25,365,BTC_Lagged_Return,-0.24316995010629763,0.1639794887050896,-1.4829290664738493,0.13897548430339338,-0.5656571294696654,0.0793172292570701,Negative,,False,0.07286534631167685,0.05468623545504314,7
BTC,2022-10-26,2023-10-25,365,Lagged_Log_BTC_Volume,0.001493114268054257,0.005621510007802983,0.26560733076730764,0.790694951767494,-0.009562322728945354,0.012548551265053866,Positive,,False,0.07286534631167685,0.05468623545504314,7
BTC,2022-10-26,2023-10-25,365,Lagged_SP500_Return_Aligned,-0.40133809263217773,0.375021450018718,-1.0701736996967672,0.2852641314207675,-1.1388669785454733,0.33619079328111784,Negative,,False,0.07286534631167685,0.05468623545504314,7
BTC,2022-10-26,2023-10-25,365,Lagged_VIX_Change_Aligned,-0.0017114882281844006,0.002983123841054311,-0.5737234923440246,0.566516182700023,-0.0075781926604891765,0.004155216204120375,Negative,,False,0.07286534631167685,0.05468623545504314,7
BTC,2022-10-26,2023-10-25,365,Lagged_Gold_Return_Aligned,0.35359555183177593,0.22616496767470132,1.5634408611874904,0.11883491018796126,-0.09118753093165932,0.7983786345952112,Positive,,False,0.07286534631167685,0.05468623545504314,7
BTC,2022-10-26,2023-10-25,365,Lagged_DXY_Return_Aligned,0.13130560198090205,0.3962082815210371,0.33140549580847223,0.7405326661638189,-0.6478899678864932,0.9105011718482973,Positive,,False,0.07286534631167685,0.05468623545504314,7
BTC,2022-10-26,2023-10-25,365,Lagged_US10Y_Change_Aligned,-0.009545006826322752,0.02634158817160902,-0.36235502446319334,0.7173011534042985,-0.061349196097160386,0.04225918244451489,Negative,,False,0.07286534631167685,0.05468623545504314,7
BTC,2022-11-02,2023-11-01,365,const,-0.023016676749462554,0.13924665169268466,-0.1652942923199333,0.8688059105945047,-0.2968634870717429,0.2508301335728178,Negative,,False,0.07402041005840776,0.055863947510533474,7
BTC,2022-11-02,2023-11-01,365,BTC_Lagged_Return,-0.24466078143662748,0.1632500694379078,-1.4986871508173187,0.1348385218664735,-0.5657134621080899,0.07639189923483494,Negative,,False,0.07402041005840776,0.055863947510533474,7
BTC,2022-11-02,2023-11-01,365,Lagged_Log_BTC_Volume,0.0010445932984352972,0.0059450808540270125,0.17570716430672634,0.8606236265720943,-0.010647188221571516,0.012736374818442111,Positive,,False,0.07402041005840776,0.055863947510533474,7
BTC,2022-11-02,2023-11-01,365,Lagged_SP500_Return_Aligned,-0.44364815993507056,0.38996652226225875,-1.1376570413311275,0.25602666780775013,-1.2105684912740136,0.32327217140387243,Negative,,False,0.07402041005840776,0.055863947510533474,7
BTC,2022-11-02,2023-11-01,365,Lagged_VIX_Change_Aligned,-0.002030594504563721,0.0030036786953444063,-0.6760358581998365,0.4994555839247254,-0.007937722754716589,0.0038765337455891474,Negative,,False,0.07402041005840776,0.055863947510533474,7
BTC,2022-11-02,2023-11-01,365,Lagged_Gold_Return_Aligned,0.3796833635512967,0.22329575079686712,1.700360898925909,0.08993396648387675,-0.05945702776809697,0.8188237548706905,Positive,*,False,0.07402041005840776,0.055863947510533474,7
BTC,2022-11-02,2023-11-01,365,Lagged_DXY_Return_Aligned,0.13988465764184616,0.3952003398146688,0.3539588495987776,0.7235786780067194,-0.6373286626136234,0.9170979778973158,Positive,,False,0.07402041005840776,0.055863947510533474,7
BTC,2022-11-02,2023-11-01,365,Lagged_US10Y_Change_Aligned,-0.008074952524367402,0.026243101456956314,-0.3076981025894314,0.7584914956333163,-0.05968545474895356,0.04353554970021876,Negative,,False,0.07402041005840776,0.055863947510533474,7
BTC,2022-11-09,2023-11-08,365,const,-0.0577382963506005,0.1343944779314743,-0.42961807091538673,0.6677326679774466,-0.32204267034507994,0.2065660776438789,Negative,,False,0.08058180523323377,0.06255399749270896,7
BTC,2022-11-09,2023-11-08,365,BTC_Lagged_Return,-0.2571708230412356,0.15701401397786374,-1.6378845207886492,0.1023268354897997,-0.56595948245282,0.051617836370348835,Negative,,False,0.08058180523323377,0.06255399749270896,7
BTC,2022-11-09,2023-11-08,365,Lagged_Log_BTC_Volume,0.0025361151248017326,0.005736453737446576,0.4421050427455577,0.658680895741711,-0.008745373797661146,0.013817604047264613,Positive,,False,0.08058180523323377,0.06255399749270896,7
BTC,2022-11-09,2023-11-08,365,Lagged_SP500_Return_Aligned,-0.3949046592447967,0.36970282206600585,-1.068167824735434,0.28616656549738256,-1.1219737654618767,0.3321644469722833,Negative,,False,0.08058180523323377,0.06255399749270896,7
BTC,2022-11-09,2023-11-08,365,Lagged_VIX_Change_Aligned,-0.0013441649436888865,0.0027889782860192705,-0.4819560447734511,0.6301324993563526,-0.006829056669272846,0.004140726781895073,Negative,,False,0.08058180523323377,0.06255399749270896,7
BTC,2022-11-09,2023-11-08,365,Lagged_Gold_Return_Aligned,0.37217323897178,0.23954655618248902,1.553657230155522,0.12115222690277243,-0.09892649331505249,0.8432729712586124,Positive,,False,0.08058180523323377,0.06255399749270896,7
BTC,2022-11-09,2023-11-08,365,Lagged_DXY_Return_Aligned,-0.24084717273294132,0.32731346255631777,-0.7358303286761417,0.46231713656622264,-0.8845520418051913,0.4028576963393087,Negative,,False,0.08058180523323377,0.06255399749270896,7
BTC,2022-11-09,2023-11-08,365,Lagged_US10Y_Change_Aligned,0.009225913120968952,0.023592699023659697,0.39104949847903536,0.6959939212340539,-0.03717222497416921,0.05562405121610711,Positive,,False,0.08058180523323377,0.06255399749270896,7
BTC,2022-11-16,2023-11-15,365,const,-0.1869881277480828,0.1160731503341961,-1.610950742783403,0.10807420686286531,-0.41526120718434784,0.04128495168818225,Negative,,False,0.10468893499576581,0.08713381607411419,7
BTC,2022-11-16,2023-11-15,365,BTC_Lagged_Return,-0.294961419064069,0.15534462787056785,-1.8987551942242182,0.058402738568282576,-0.6004670116649107,0.010544173536772727,Negative,*,False,0.10468893499576581,0.08713381607411419,7
BTC,2022-11-16,2023-11-15,365,Lagged_Log_BTC_Volume,0.008063096491941736,0.004956457303089251,1.6267862303416163,0.1046647931798392,-0.0016844271034200178,0.01781062008730349,Positive,,False,0.10468893499576581,0.08713381607411419,7
BTC,2022-11-16,2023-11-15,365,Lagged_SP500_Return_Aligned,-0.06272944671394454,0.23572692279678895,-0.2661106587643413,0.7903076072939078,-0.5263173687952221,0.40085847536733304,Negative,,False,0.10468893499576581,0.08713381607411419,7
BTC,2022-11-16,2023-11-15,365,Lagged_VIX_Change_Aligned,0.0005857372868176816,0.0021371774209856024,0.2740705011507922,0.7841889527815793,-0.003617302518558488,0.004788777092193852,Positive,,False,0.10468893499576581,0.08713381607411419,7
BTC,2022-11-16,2023-11-15,365,Lagged_Gold_Return_Aligned,0.4147616741525477,0.19738906140573045,2.101239406068257,0.036320521018454274,0.02657018659157412,0.8029531617135213,Positive,**,True,0.10468893499576581,0.08713381607411419,7
BTC,2022-11-16,2023-11-15,365,Lagged_DXY_Return_Aligned,-0.5588659326472986,0.2879283166213788,-1.9409898241519554,0.05304627303820663,-1.1251147447353993,0.007382879440802181,Negative,*,False,0.10468893499576581,0.08713381607411419,7
BTC,2022-11-16,2023-11-15,365,Lagged_US10Y_Change_Aligned,0.001539514488256134,0.02177838462189932,0.07069002200962464,0.9436840441446231,-0.04129053628984992,0.04436956526636219,Positive,,False,0.10468893499576581,0.08713381607411419,7
BTC,2022-11-23,2023-11-22,365,const,-0.18340389693259201,0.11939913833521498,-1.5360571231065558,0.12541013893825306,-0.4182179681570068,0.05141017429182276,Negative,,False,0.107190920455153,0.08968486007192078,7
BTC,2022-11-23,2023-11-22,365,BTC_Lagged_Return,-0.2977253860490245,0.15308667470986626,-1.9448158150490968,0.05258208166406229,-0.5987904175060341,0.0033396454079852034,Negative,*,False,0.107190920455153,0.08968486007192078,7
BTC,2022-11-23,2023-11-22,365,Lagged_Log_BTC_Volume,0.007917391888931204,0.0051006866950374435,1.5522207816908629,0.12149542779533676,-0.0021137777292225615,0.01794856150708497,Positive,,False,0.107190920455153,0.08968486007192078,7
BTC,2022-11-23,2023-11-22,365,Lagged_SP500_Return_Aligned,-0.054739655229606284,0.2362754999267198,-0.23167723799794576,0.8169214475459671,-0.5194064262126074,0.40992711575339474,Negative,,False,0.107190920455153,0.08968486007192078,7
BTC,2022-11-23,2023-11-22,365,Lagged_VIX_Change_Aligned,0.0006276173742627009,0.0021735897907454245,0.28874692774824906,0.7729426355070433,-0.0036470321337080383,0.0049022668822334406,Positive,,False,0.107190920455153,0.08968486007192078,7
BTC,2022-11-23,2023-11-22,365,Lagged_Gold_Return_Aligned,0.3896537233035252,0.1927553282574591,2.021493915763891,0.04397437905525494,0.010575079944645904,0.7687323666624045,Positive,**,True,0.107190920455153,0.08968486007192078,7
BTC,2022-11-23,2023-11-22,365,Lagged_DXY_Return_Aligned,-0.6060150796941601,0.29187732286357493,-2.076266404490132,0.03858443256700503,-1.1800301306843988,-0.03200002870392138,Negative,**,True,0.107190920455153,0.08968486007192078,7
BTC,2022-11-23,2023-11-22,365,Lagged_US10Y_Change_Aligned,0.0008930263101864806,0.022307472476639178,0.040032608406069994,0.9680895073287304,-0.042977545152901905,0.04476359777327486,Positive,,False,0.107190920455153,0.08968486007192078,7
BTC,2022-11-30,2023-11-29,365,const,-0.18322512480423359,0.12093326029277257,-1.5150929062910894,0.1306337444088315,-0.42105624814168374,0.0546059985332166,Negative,,False,0.10804303522770664,0.09055368297726962,7
BTC,2022-11-30,2023-11-29,365,BTC_Lagged_Return,-0.2996128376305409,0.15230261204379986,-1.9672206117146365,0.049931745440118344,-0.5991359069822862,-8.97682787955878e-05,Negative,**,True,0.10804303522770664,0.09055368297726962,7
BTC,2022-11-30,2023-11-29,365,Lagged_Log_BTC_Volume,0.00790975891448577,0.005167973052553274,1.5305340863915489,0.12677017601990553,-0.002253738153986738,0.018073255982958277,Positive,,False,0.10804303522770664,0.09055368297726962,7
BTC,2022-11-30,2023-11-29,365,Lagged_SP500_Return_Aligned,-0.04918139813722559,0.2353023915698114,-0.20901359229336205,0.8345568378197262,-0.5119344238603014,0.41357162758585025,Negative,,False,0.10804303522770664,0.09055368297726962,7
BTC,2022-11-30,2023-11-29,365,Lagged_VIX_Change_Aligned,0.0006771589743029582,0.0021697444541190275,0.3120915797330162,0.7551531239101285,-0.003589928174667018,0.004944246123272935,Positive,,False,0.10804303522770664,0.09055368297726962,7
BTC,2022-11-30,2023-11-29,365,Lagged_Gold_Return_Aligned,0.3889426949447333,0.19355154297814775,2.0095044914658495,0.045235807259869726,0.008298190870772382,0.7695871990186942,Positive,**,True,0.10804303522770664,0.09055368297726962,7
BTC,2022-11-30,2023-11-29,365,Lagged_DXY_Return_Aligned,-0.5647531551780062,0.3010298999562554,-1.8760699693288743,0.06146139874670175,-1.1567679498790733,0.027261639523060932,Negative,*,False,0.10804303522770664,0.09055368297726962,7
BTC,2022-11-30,2023-11-29,365,Lagged_US10Y_Change_Aligned,-0.0015107615806327565,0.022288783341145525,-0.06778124931762702,0.9459977159045398,-0.0453445784066767,0.04232305524541119,Negative,,False,0.10804303522770664,0.09055368297726962,7
BTC,2022-12-07,2023-12-06,365,const,-0.2005822208511331,0.12294754500421545,-1.6314455147864546,0.10367813591766992,-0.4423746993565837,0.04121025765431749,Negative,,False,0.10454600098352718,0.08698807943418463,7
BTC,2022-12-07,2023-12-06,365,BTC_Lagged_Return,-0.2931469764017174,0.1544733852790285,-1.8977183407497664,0.0585397155913667,-0.5969391561354653,0.010645203332030617,Negative,*,False,0.10454600098352718,0.08698807943418463,7
BTC,2022-12-07,2023-12-06,365,Lagged_Log_BTC_Volume,0.008666196017740603,0.0052560090298900556,1.6488168053854888,0.10006483409941903,-0.0016704353508692534,0.01900282738635046,Positive,,False,0.10454600098352718,0.08698807943418463,7
BTC,2022-12-07,2023-12-06,365,Lagged_SP500_Return_Aligned,-0.02968603451409492,0.2432234523952865,-0.12205251681835848,0.9029261005919187,-0.5080168656282291,0.4486447966000393,Negative,,False,0.10454600098352718,0.08698807943418463,7
BTC,2022-12-07,2023-12-06,365,Lagged_VIX_Change_Aligned,0.0007467430857070717,0.002216951572444499,0.33683328719881916,0.7364405014556592,-0.003613183055229962,0.005106669226644106,Positive,,False,0.10454600098352718,0.08698807943418463,7
BTC,2022-12-07,2023-12-06,365,Lagged_Gold_Return_Aligned,0.3625305829329702,0.19506879427280027,1.858475540818577,0.06392436740932703,-0.021097794881918708,0.7461589607478591,Positive,*,False,0.10454600098352718,0.08698807943418463,7
BTC,2022-12-07,2023-12-06,365,Lagged_DXY_Return_Aligned,-0.5330449683297507,0.30614636536799034,-1.7411441997327861,0.08251976286936798,-1.1351219635655938,0.06903202690609234,Negative,*,False,0.10454600098352718,0.08698807943418463,7
BTC,2022-12-07,2023-12-06,365,Lagged_US10Y_Change_Aligned,-0.007436027549460444,0.02120011858911991,-0.35075405442668983,0.7259797506524105,-0.049128842303077735,0.03425678720415684,Negative,,False,0.10454600098352718,0.08698807943418463,7
BTC,2022-12-14,2023-12-13,365,const,-0.19776310848819728,0.11746504232756733,-1.6835911737613631,0.09313485676730694,-0.42877352615173303,0.03324730917533844,Negative,*,False,0.10659647516550497,0.08907875899227968,7
BTC,2022-12-14,2023-12-13,365,BTC_Lagged_Return,-0.29006092306628073,0.1531643480798856,-1.893788774623937,0.05906127846109167,-0.5912787093965187,0.011156863263957262,Negative,*,False,0.10659647516550497,0.08907875899227968,7
BTC,2022-12-14,2023-12-13,365,Lagged_Log_BTC_Volume,0.008536366191602501,0.00501989808115464,1.7005058775294952,0.08990668665204718,-0.001335922017531889,0.01840865440073689,Positive,*,False,0.10659647516550497,0.08907875899227968,7
BTC,2022-12-14,2023-12-13,365,Lagged_SP500_Return_Aligned,-0.13165218740915155,0.2165078201082881,-0.6080712804891051,0.5435268400488977,-0.557443222423314,0.29413884760501086,Negative,,False,0.10659647516550497,0.08907875899227968,7
BTC,2022-12-14,2023-12-13,365,Lagged_VIX_Change_Aligned,-0.00012715566297457606,0.0020465929619700868,-0.062130411536338796,0.9504937483401301,-0.004152049244620244,0.003897737918671092,Negative,,False,0.10659647516550497,0.08907875899227968,7
BTC,2022-12-14,2023-12-13,365,Lagged_Gold_Return_Aligned,0.42498686189736795,0.198842888769927,2.1372997773589124,0.03325261623342159,0.03393623207620461,0.8160374917185313,Positive,**,True,0.10659647516550497,0.08907875899227968,7
BTC,2022-12-14,2023-12-13,365,Lagged_DXY_Return_Aligned,-0.56542427239441,0.30428891603753466,-1.8581822820147142,0.06396610304210264,-1.1638483498164507,0.03299980502763078,Negative,*,False,0.10659647516550497,0.08907875899227968,7
BTC,2022-12-14,2023-12-13,365,Lagged_US10Y_Change_Aligned,-0.007931312210380882,0.021578611341605703,-0.3675543381741403,0.7134233689229599,-0.050368482621663005,0.03450585820090124,Negative,,False,0.10659647516550497,0.08907875899227968,7
BTC,2022-12-21,2023-12-20,365,const,-0.2034997287142573,0.11747924764623763,-1.732218521921855,0.08409837225240593,-0.434538083000758,0.027538625572243375,Negative,*,False,0.10798301944268185,0.09049249041214624,7
BTC,2022-12-21,2023-12-20,365,BTC_Lagged_Return,-0.29315350931383094,0.15177169297960988,-1.9315427241970302,0.05420719442115337,-0.5916324566669476,0.005325438039285757,Negative,*,False,0.10798301944268185,0.09049249041214624,7
BTC,2022-12-21,2023-12-20,365,Lagged_Log_BTC_Volume,0.00879441322138752,0.005021136315073086,1.7514786832190417,0.08072221288032203,-0.0010803101372091894,0.01866913657998423,Positive,*,False,0.10798301944268185,0.09049249041214624,7
BTC,2022-12-21,2023-12-20,365,Lagged_SP500_Return_Aligned,-0.2646380123115642,0.19842679590638124,-1.3336808222031753,0.18315874311771083,-0.6548703409233645,0.12559431630023615,Negative,,False,0.10798301944268185,0.09049249041214624,7
BTC,2022-12-21,2023-12-20,365,Lagged_VIX_Change_Aligned,-0.0009841401639090787,0.002040317196913468,-0.48234664952971873,0.629855315245967,-0.004996691630163132,0.0030284113023449745,Negative,,False,0.10798301944268185,0.09049249041214624,7
BTC,2022-12-21,2023-12-20,365,Lagged_Gold_Return_Aligned,0.4000550544683361,0.20015123711616875,1.9987638359494238,0.04639173274618645,0.006431385963273473,0.7936787229733988,Positive,**,True,0.10798301944268185,0.09049249041214624,7
BTC,2022-12-21,2023-12-20,365,Lagged_DXY_Return_Aligned,-0.5225400949284464,0.29506845717077795,-1.7709114011668614,0.07742865419876387,-1.1028309302245527,0.057750740367659814,Negative,*,False,0.10798301944268185,0.09049249041214624,7
BTC,2022-12-21,2023-12-20,365,Lagged_US10Y_Change_Aligned,-0.011997541397326388,0.02154726085914973,-0.5568012322193522,0.5780121184294146,-0.05437305697153867,0.030377974176885897,Negative,,False,0.10798301944268185,0.09049249041214624,7
BTC,2022-12-28,2023-12-27,365,const,-0.20179706572554462,0.11589285077800325,-1.7412382590544249,0.08250325672371277,-0.42971556242846753,0.026121430977378263,Negative,*,False,0.107262738216794,0.08975808602496649,7
BTC,2022-12-28,2023-12-27,365,BTC_Lagged_Return,-0.2918217323212292,0.15176992348307142,-1.9227902711157348,0.055301679194854236,-0.5902971997272373,0.0066537350847789,Negative,*,False,0.107262738216794,0.08975808602496649,7
BTC,2022-12-28,2023-12-27,365,Lagged_Log_BTC_Volume,0.008718607682628825,0.004951619401636697,1.760758849871821,0.07913538001237476,-0.0010194015447726901,0.018456616910030338,Positive,*,False,0.107262738216794,0.08975808602496649,7
BTC,2022-12-28,2023-12-27,365,Lagged_SP500_Return_Aligned,-0.265516322715478,0.1974978620136051,-1.3444009976026337,0.17967236529652783,-0.6539217809469519,0.1228891355159959,Negative,,False,0.107262738216794,0.08975808602496649,7
BTC,2022-12-28,2023-12-27,365,Lagged_VIX_Change_Aligned,-0.0008939165600513381,0.0020923616554543866,-0.42722851363724273,0.6694704500107932,-0.005008820282486281,0.003220987162383604,Negative,,False,0.107262738216794,0.08975808602496649,7
BTC,2022-12-28,2023-12-27,365,Lagged_Gold_Return_Aligned,0.3845056102776428,0.2087617961776511,1.8418389634396424,0.06632799941677114,-0.02605185236476515,0.7950630729200507,Positive,*,False,0.107262738216794,0.08975808602496649,7
BTC,2022-12-28,2023-12-27,365,Lagged_DXY_Return_Aligned,-0.5433452549462314,0.29829857552919187,-1.8214812255885513,0.06937049094756025,-1.129988541799789,0.04329803190732617,Negative,*,False,0.107262738216794,0.08975808602496649,7
BTC,2022-12-28,2023-12-27,365,Lagged_US10Y_Change_Aligned,-0.011546060356676298,0.021814068290101407,-0.529294224402679,0.5969303210741528,-0.05444628775015481,0.031354167036802216,Negative,,False,0.107262738216794,0.08975808602496649,7
BTC,2023-01-04,2024-01-03,365,const,-0.1838942160132823,0.11634059452343111,-1.5806539133358632,0.1148427362063607,-0.4126932595375232,0.04490482751095862,Negative,,False,0.10546484304569959,0.08792493800738,7
BTC,2023-01-04,2024-01-03,365,BTC_Lagged_Return,-0.29159843445671846,0.1512667044875764,-1.927710631658982,0.054684139158330154,-0.5890842556835565,0.005887386770119574,Negative,*,False,0.10546484304569959,0.08792493800738,7
BTC,2023-01-04,2024-01-03,365,Lagged_Log_BTC_Volume,0.00795988334077989,0.00496895916736152,1.6019216646142271,0.1100573545421543,-0.0018122268109724542,0.01773199349253223,Positive,,False,0.10546484304569959,0.08792493800738,7
BTC,2023-01-04,2024-01-03,365,Lagged_SP500_Return_Aligned,-0.2726987881204497,0.19903186217917768,-1.3701262960347205,0.17150848849092995,-0.6641210589450408,0.1187234827041414,Negative,,False,0.10546484304569959,0.08792493800738,7
BTC,2023-01-04,2024-01-03,365,Lagged_VIX_Change_Aligned,-0.0007474270860418266,0.0021020636471883033,-0.3555682469660596,0.7223739252805893,-0.004881411048165188,0.003386556876081535,Negative,,False,0.10546484304569959,0.08792493800738,7
BTC,2023-01-04,2024-01-03,365,Lagged_Gold_Return_Aligned,0.3434567607185476,0.21486591856313708,1.5984701669549555,0.11082302772940249,-0.07910525948242453,0.7660187809195197,Positive,,False,0.10546484304569959,0.08792493800738,7
BTC,2023-01-04,2024-01-03,365,Lagged_DXY_Return_Aligned,-0.6603926737338771,0.31725135369179536,-2.0816071107310012,0.038090402772200126,-1.284309085531432,-0.03647626193632203,Negative,**,True,0.10546484304569959,0.08792493800738,7
BTC,2023-01-04,2024-01-03,365,Lagged_US10Y_Change_Aligned,-0.009338241010048594,0.02204873523377564,-0.42352728675990853,0.672165639822731,-0.05269997173758999,0.034023489717492805,Negative,,False,0.10546484304569959,0.08792493800738,7
BTC,2023-01-11,2024-01-10,365,const,-0.1786665683103063,0.11138331998108665,-1.604069337676814,0.10958304156648417,-0.39771648103096474,0.04038334441035213,Negative,,False,0.10772307267621961,0.09022744665026317,7
BTC,2023-01-11,2024-01-10,365,BTC_Lagged_Return,-0.2953689016004157,0.14618632034639503,-2.0204961784421815,0.04407820273898621,-0.5828634808450417,-0.00787432235578972,Negative,**,True,0.10772307267621961,0.09022744665026317,7
BTC,2023-01-11,2024-01-10,365,Lagged_Log_BTC_Volume,0.007738916696331009,0.004752252634004909,1.6284733351410912,0.10430666811600625,-0.001607011624732299,0.017084845017394316,Positive,,False,0.10772307267621961,0.09022744665026317,7
BTC,2023-01-11,2024-01-10,365,Lagged_SP500_Return_Aligned,-0.2997479346339825,0.20816732575225413,-1.4399374808259826,0.15076140983080652,-0.7091362931877323,0.1096404239197672,Negative,,False,0.10772307267621961,0.09022744665026317,7
BTC,2023-01-11,2024-01-10,365,Lagged_VIX_Change_Aligned,-0.0010893723381617758,0.002112956060691909,-0.5155679090671909,0.6064753491431941,-0.005244777660572183,0.0030660329842486316,Negative,,False,0.10772307267621961,0.09022744665026317,7
BTC,2023-01-11,2024-01-10,365,Lagged_Gold_Return_Aligned,0.35664666793157845,0.2173151621714479,1.6411494916779292,0.10164704056096538,-0.070732111176591,0.7840254470397479,Positive,,False,0.10772307267621961,0.09022744665026317,7
BTC,2023-01-11,2024-01-10,365,Lagged_DXY_Return_Aligned,-0.6822514323909953,0.3297422661462357,-2.069044530944138,0.03926116419447669,-1.3307328623924533,-0.0337700023895372,Negative,**,True,0.10772307267621961,0.09022744665026317,7
BTC,2023-01-11,2024-01-10,365,Lagged_US10Y_Change_Aligned,-0.008368653898168816,0.022868475532707298,-0.3659471697708784,0.7146212490211972,-0.0533425114770653,0.03660520368072767,Negative,,False,0.10772307267621961,0.09022744665026317,7
BTC,2023-01-18,2024-01-17,365,const,-0.11623909703266884,0.10909157709120784,-1.0655185316047378,0.28736143596738833,-0.3307819966737083,0.09830380260837061,Negative,,False,0.10763192881222372,0.09013451565167918,7
BTC,2023-01-18,2024-01-17,365,BTC_Lagged_Return,-0.2980830385314627,0.14468426407164067,-2.060231224481097,0.04010071031349766,-0.5826236270354433,-0.013542450027482,Negative,**,True,0.10763192881222372,0.09013451565167918,7
BTC,2023-01-18,2024-01-17,365,Lagged_Log_BTC_Volume,0.005053424541691519,0.004654201812821267,1.085776840997845,0.27831034937922705,-0.004099673974818354,0.014206523058201392,Positive,,False,0.10763192881222372,0.09013451565167918,7
BTC,2023-01-18,2024-01-17,365,Lagged_SP500_Return_Aligned,-0.31855731153389755,0.22144823886109485,-1.4385181529202187,0.15116317155365108,-0.7540643282299634,0.1169497051621683,Negative,,False,0.10763192881222372,0.09013451565167918,7
BTC,2023-01-18,2024-01-17,365,Lagged_VIX_Change_Aligned,-0.00046803746976442113,0.002265047090266419,-0.20663476347830353,0.8364129086343838,-0.004922549756840171,0.003986474817311329,Negative,,False,0.10763192881222372,0.09013451565167918,7
BTC,2023-01-18,2024-01-17,365,Lagged_Gold_Return_Aligned,0.2422698319232597,0.19481214551442538,1.24360743157731,0.2144600824864225,-0.14085381243484743,0.6253934762813669,Positive,,False,0.10763192881222372,0.09013451565167918,7
BTC,2023-01-18,2024-01-17,365,Lagged_DXY_Return_Aligned,-0.7799991396622623,0.3312128626482706,-2.354978407014879,0.019064444590048347,-1.4313726906336535,-0.12862558869087126,Negative,**,True,0.10763192881222372,0.09013451565167918,7
BTC,2023-01-18,2024-01-17,365,Lagged_US10Y_Change_Aligned,-0.00781365735226109,0.023593399642075148,-0.3311797990454352,0.7407029859965173,-0.05421317330543743,0.03858585860091525,Negative,,False,0.10763192881222372,0.09013451565167918,7
BTC,2023-01-25,2024-01-24,365,const,-0.10778206812969168,0.10605698538285975,-1.0162656211715284,0.310191149665712,-0.3163570450245843,0.10079290876520089,Negative,,False,0.1078274049801281,0.0903338246856209,7
BTC,2023-01-25,2024-01-24,365,BTC_Lagged_Return,-0.2983433545307515,0.144183549032607,-2.0691913642885944,0.039247304909816545,-0.5818992212144734,-0.014787487847029657,Negative,**,True,0.1078274049801281,0.0903338246856209,7
BTC,2023-01-25,2024-01-24,365,Lagged_Log_BTC_Volume,0.004674213133004678,0.00452555121054329,1.0328494619870938,0.30237352466169354,-0.004225877094604881,0.013574303360614237,Positive,,False,0.1078274049801281,0.0903338246856209,7
BTC,2023-01-25,2024-01-24,365,Lagged_SP500_Return_Aligned,-0.4108303851528796,0.2319783150790245,-1.7709861588266487,0.07741619941379987,-0.8670461783234754,0.04538540801771618,Negative,*,False,0.1078274049801281,0.0903338246856209,7
BTC,2023-01-25,2024-01-24,365,Lagged_VIX_Change_Aligned,-0.0010688334450504723,0.002281756245954571,-0.4684257781458714,0.6397660122551507,-0.005556206479101148,0.0034185395890002036,Negative,,False,0.1078274049801281,0.0903338246856209,7
BTC,2023-01-25,2024-01-24,365,Lagged_Gold_Return_Aligned,0.23036465902145084,0.18759295570515086,1.2280027155365385,0.22025495888070432,-0.13856150138749787,0.5992908194303995,Positive,,False,0.1078274049801281,0.0903338246856209,7
BTC,2023-01-25,2024-01-24,365,Lagged_DXY_Return_Aligned,-0.7051097011751334,0.32759130696178473,-2.152406630428042,0.03203513358246826,-1.3493609877251331,-0.06085841462513364,Negative,**,True,0.1078274049801281,0.0903338246856209,7
BTC,2023-01-25,2024-01-24,365,Lagged_US10Y_Change_Aligned,-0.01602951589657194,0.023329860723100084,-0.6870815084078191,0.49247744639863017,-0.06191074798812711,0.029851716194983228,Negative,,False,0.1078274049801281,0.0903338246856209,7
BTC,2023-02-01,2024-01-31,365,const,-0.1191735404751069,0.10818379234607046,-1.1015840533106955,0.2713846741724395,-0.33193116230951203,0.0935840813592982,Negative,,False,0.1040414060199163,0.08647359045167946,7
BTC,2023-02-01,2024-01-31,365,BTC_Lagged_Return,-0.29372705917428554,0.14720138251763581,-1.9954096500356908,0.04675779320204448,-0.5832178913592448,-0.004236226989326242,Negative,**,True,0.1040414060199163,0.08647359045167946,7
BTC,2023-02-01,2024-01-31,365,Lagged_Log_BTC_Volume,0.005168567701124511,0.0046183796801825185,1.119130097359221,0.26383705810195557,-0.003914081891531072,0.014251217293780094,Positive,,False,0.1040414060199163,0.08647359045167946,7
BTC,2023-02-01,2024-01-31,365,Lagged_SP500_Return_Aligned,-0.3436954018737392,0.235786943764578,-1.4576523890012445,0.14581546490767508,-0.807401363063187,0.12001055931570859,Negative,,False,0.1040414060199163,0.08647359045167946,7
BTC,2023-02-01,2024-01-31,365,Lagged_VIX_Change_Aligned,-0.0005292093618999453,0.002313240304960045,-0.22877405376571372,0.8191755277414919,-0.005078499928830877,0.004020081205030987,Negative,,False,0.1040414060199163,0.08647359045167946,7
BTC,2023-02-01,2024-01-31,365,Lagged_Gold_Return_Aligned,0.2274297142135271,0.18465518471451284,1.2316454291015226,0.21889223232567273,-0.13571893409395247,0.5905783625210066,Positive,,False,0.1040414060199163,0.08647359045167946,7
BTC,2023-02-01,2024-01-31,365,Lagged_DXY_Return_Aligned,-0.6451928203071039,0.32692342971834615,-1.9735288500520012,0.04920613905765476,-1.2881306386294715,-0.0022550019847362712,Negative,**,True,0.1040414060199163,0.08647359045167946,7
BTC,2023-02-01,2024-01-31,365,Lagged_US10Y_Change_Aligned,-0.016069529143989056,0.023075815705427955,-0.6963796794498206,0.4866442268158657,-0.06145114837647657,0.029312090088498458,Negative,,False,0.1040414060199163,0.08647359045167946,7
BTC,2023-02-08,2024-02-07,365,const,-0.1144919391044292,0.10934679469262468,-1.047053454344662,0.29578329846877444,-0.3295367576443184,0.10055287943545999,Negative,,False,0.10389201171701001,0.0863212668487161,7
BTC,2023-02-08,2024-02-07,365,BTC_Lagged_Return,-0.2922093378107084,0.1479264522004403,-1.9753690666140282,0.04899614935580235,-0.5831261146592106,-0.0012925609622062573,Negative,**,True,0.10389201171701001,0.0863212668487161,7
BTC,2023-02-08,2024-02-07,365,Lagged_Log_BTC_Volume,0.004972445697116882,0.004669184740598544,1.0649494447888268,0.2876185430568328,-0.004210118712692543,0.014155010106926307,Positive,,False,0.10389201171701001,0.0863212668487161,7
BTC,2023-02-08,2024-02-07,365,Lagged_SP500_Return_Aligned,-0.36630758668857555,0.2322004421421444,-1.5775490490424466,0.1155548995738699,-0.822960221872837,0.09034504849568592,Negative,,False,0.10389201171701001,0.0863212668487161,7
BTC,2023-02-08,2024-02-07,365,Lagged_VIX_Change_Aligned,-0.0007212588600663727,0.002341244400958111,-0.3080664537932097,0.7582114302736814,-0.005325623156037155,0.0038831054359044093,Negative,,False,0.10389201171701001,0.0863212668487161,7
BTC,2023-02-08,2024-02-07,365,Lagged_Gold_Return_Aligned,0.21854584023944704,0.19303438657877428,1.1321601509079418,0.2583269706914062,-0.1610816079219686,0.5981732884008627,Positive,,False,0.10389201171701001,0.0863212668487161,7
BTC,2023-02-08,2024-02-07,365,Lagged_DXY_Return_Aligned,-0.6445939574744098,0.32286592062638025,-1.9964756770360181,0.046641188209152015,-1.2795521518045199,-0.009635763144299925,Negative,**,True,0.10389201171701001,0.0863212668487161,7
BTC,2023-02-08,2024-02-07,365,Lagged_US10Y_Change_Aligned,-0.015662202834722833,0.022117137932983037,-0.7081478119899939,0.47931556128509073,-0.059158456444988336,0.02783405077554267,Negative,,False,0.10389201171701001,0.0863212668487161,7
BTC,2023-02-15,2024-02-14,365,const,-0.15107533543752227,0.11249120084176413,-1.3429969127099333,0.1801261572585239,-0.3723040412295086,0.07015337035446406,Negative,,False,0.1058566848823842,0.08832446301733299,7
BTC,2023-02-15,2024-02-14,365,BTC_Lagged_Return,-0.2932763591023732,0.14920147800966901,-1.9656397712318066,0.050114987142918864,-0.5867006414936762,0.00014792328892981876,Negative,*,False,0.1058566848823842,0.08832446301733299,7
BTC,2023-02-15,2024-02-14,365,Lagged_Log_BTC_Volume,0.006560924699838196,0.004806709192549186,1.3649514536906446,0.1731279038692187,-0.0028920995885406567,0.01601394898821705,Positive,,False,0.1058566848823842,0.08832446301733299,7
BTC,2023-02-15,2024-02-14,365,Lagged_SP500_Return_Aligned,-0.37184685190451156,0.24434479111931298,-1.5218120681072331,0.12894140255079065,-0.85238294274398,0.1086892389349568,Negative,,False,0.1058566848823842,0.08832446301733299,7
BTC,2023-02-15,2024-02-14,365,Lagged_VIX_Change_Aligned,-9.27618028866541e-08,0.002431205695903724,-3.815465019802564e-05,0.9999695783048328,-0.004781377747598861,0.004781192223993088,Negative,,False,0.1058566848823842,0.08832446301733299,7
BTC,2023-02-15,2024-02-14,365,Lagged_Gold_Return_Aligned,0.17321184194512018,0.19126904649036905,0.9055926461882681,0.3657622679690779,-0.20294383331211996,0.5493675172023603,Positive,,False,0.1058566848823842,0.08832446301733299,7
BTC,2023-02-15,2024-02-14,365,Lagged_DXY_Return_Aligned,-0.7137280900466751,0.32051704839476164,-2.2268022672154992,0.026583770527007125,-1.3440669189510157,-0.08338926114233458,Negative,**,True,0.1058566848823842,0.08832446301733299,7
BTC,2023-02-15,2024-02-14,365,Lagged_US10Y_Change_Aligned,-0.008922653447043965,0.022270589560896264,-0.4006473839700577,0.6889194144932722,-0.05272068981712434,0.03487538292303641,Negative,,False,0.1058566848823842,0.08832446301733299,7
BTC,2023-02-22,2024-02-21,365,const,-0.12948525428008878,0.1100327913030388,-1.1767878715670894,0.24006420683652202,-0.34587917516010747,0.08690866659992993,Negative,,False,0.1126515190596804,0.0952525292373213,7
BTC,2023-02-22,2024-02-21,365,BTC_Lagged_Return,-0.30453010354656074,0.1454225846217692,-2.094104601005515,0.036955419482902464,-0.5905226962832486,-0.018537510809872815,Negative,**,True,0.1126515190596804,0.0952525292373213,7
BTC,2023-02-22,2024-02-21,365,Lagged_Log_BTC_Volume,0.005631714505064927,0.0047006630007189725,1.198068124475962,0.23168527199014277,-0.003612756033356474,0.014876185043486327,Positive,,False,0.1126515190596804,0.0952525292373213,7
BTC,2023-02-22,2024-02-21,365,Lagged_SP500_Return_Aligned,-0.26112174394115667,0.2424037919442654,-1.0772180659665382,0.28211022399731156,-0.7378406052353284,0.21559711735301496,Negative,,False,0.1126515190596804,0.0952525292373213,7
BTC,2023-02-22,2024-02-21,365,Lagged_VIX_Change_Aligned,0.0013486871159312385,0.002295235008134182,0.5876030607548107,0.5571702284005409,-0.0031651936724180845,0.005862567904280561,Positive,,False,0.1126515190596804,0.0952525292373213,7
BTC,2023-02-22,2024-02-21,365,Lagged_Gold_Return_Aligned,0.12139425172028345,0.18805168360238994,0.6455366386240674,0.5189941589890107,-0.24843405728568874,0.49122256072625564,Positive,,False,0.1126515190596804,0.0952525292373213,7
BTC,2023-02-22,2024-02-21,365,Lagged_DXY_Return_Aligned,-0.7452017921518599,0.3193877639832289,-2.333219603838645,0.020191383835839422,-1.3733197350938764,-0.1170838492098435,Negative,**,True,0.1126515190596804,0.0952525292373213,7
BTC,2023-02-22,2024-02-21,365,Lagged_US10Y_Change_Aligned,-0.013154732410062979,0.022017648502263253,-0.5974630946038932,0.5505770047647113,-0.05645532700137037,0.03014586218124441,Negative,,False,0.1126515190596804,0.0952525292373213,7
BTC,2023-03-01,2024-02-28,365,const,-0.17842551497506856,0.11418731596488843,-1.5625686046419796,0.11904008259378669,-0.4029898536943878,0.04613882374425066,Negative,,False,0.11237849068766859,0.09497414736781906,7
BTC,2023-03-01,2024-02-28,365,BTC_Lagged_Return,-0.29990534948470887,0.14810813551445792,-2.024908006862546,0.04362067887659946,-0.5911794304078707,-0.008631268561547056,Negative,**,True,0.11237849068766859,0.09497414736781906,7
BTC,2023-03-01,2024-02-28,365,Lagged_Log_BTC_Volume,0.007741594287602561,0.004880438625953401,1.5862496961715666,0.11356799101948213,-0.001856428605189227,0.017339617180394347,Positive,,False,0.11237849068766859,0.09497414736781906,7
BTC,2023-03-01,2024-02-28,365,Lagged_SP500_Return_Aligned,-0.3939878168547812,0.23296412643672934,-1.6911952191136357,0.09167224966964037,-0.8521423374030574,0.06416670369349509,Negative,*,False,0.11237849068766859,0.09497414736781906,7
BTC,2023-03-01,2024-02-28,365,Lagged_VIX_Change_Aligned,0.0002965248159886003,0.0022537120534028942,0.1315717398506502,0.8953971559701103,-0.004135695633888707,0.004728745265865907,Positive,,False,0.11237849068766859,0.09497414736781906,7
BTC,2023-03-01,2024-02-28,365,Lagged_Gold_Return_Aligned,0.14337046275101245,0.1882438077573504,0.7616211362225499,0.4467889848271643,-0.22683568361321738,0.5135766091152423,Positive,,False,0.11237849068766859,0.09497414736781906,7
BTC,2023-03-01,2024-02-28,365,Lagged_DXY_Return_Aligned,-0.7436407809919914,0.31959114240101294,-2.3268504108255113,0.02053211689714186,-1.3721586942767163,-0.11512286770726632,Negative,**,True,0.11237849068766859,0.09497414736781906,7
BTC,2023-03-01,2024-02-28,365,Lagged_US10Y_Change_Aligned,-0.011883015596247755,0.021892698092483717,-0.5427844273030685,0.5876169313931173,-0.05493787881268443,0.031171847620188917,Negative,,False,0.11237849068766859,0.09497414736781906,7
BTC,2023-03-08,2024-03-06,365,const,-0.1827249690405492,0.1046384160520435,-1.7462512902495404,0.08162741887649541,-0.3885101432239023,0.023060205142803936,Negative,*,False,0.11793219386904596,0.10063674669000766,7
BTC,2023-03-08,2024-03-06,365,BTC_Lagged_Return,-0.3099297954248491,0.14068188115373817,-2.2030541025120045,0.028229243056793796,-0.5865991727906623,-0.0332604180590359,Negative,**,True,0.11793219386904596,0.10063674669000766,7
BTC,2023-03-08,2024-03-06,365,Lagged_Log_BTC_Volume,0.007935268955705524,0.004469729366305918,1.7753354410054043,0.07669441647821254,-0.0008550402911415757,0.016725578202552625,Positive,*,False,0.11793219386904596,0.10063674669000766,7
BTC,2023-03-08,2024-03-06,365,Lagged_SP500_Return_Aligned,-0.3496669777049283,0.23858535142668877,-1.4655844359848391,0.14364170473187052,-0.8188763747252192,0.11954241931536269,Negative,,False,0.11793219386904596,0.10063674669000766,7
BTC,2023-03-08,2024-03-06,365,Lagged_VIX_Change_Aligned,0.0002134490738698073,0.0022628590722125657,0.0943271618152969,0.9249021929077126,-0.00423676018862552,0.004663658336365134,Positive,,False,0.11793219386904596,0.10063674669000766,7
BTC,2023-03-08,2024-03-06,365,Lagged_Gold_Return_Aligned,0.1585635222541048,0.18115738263758102,0.8752804878580249,0.382009803217883,-0.1977062393421854,0.5148332838503951,Positive,,False,0.11793219386904596,0.10063674669000766,7
BTC,2023-03-08,2024-03-06,365,Lagged_DXY_Return_Aligned,-0.6927263973542109,0.32268618292334733,-2.146749486075036,0.03248648147257163,-1.3273311139089352,-0.05812168079948665,Negative,**,True,0.11793219386904596,0.10063674669000766,7
BTC,2023-03-08,2024-03-06,365,Lagged_US10Y_Change_Aligned,-0.014257818103492508,0.02265975433783922,-0.6292132690813673,0.5296118652756541,-0.05882119806754893,0.030305561860563917,Negative,,False,0.11793219386904596,0.10063674669000766,7
BTC,2023-03-15,2024-03-13,365,const,-0.19349050851096677,0.09674287802438505,-2.000049124672469,0.04625210573908005,-0.3837480712338705,-0.0032329457880630463,Negative,**,True,0.12996129127993494,0.11290170875601213,7
BTC,2023-03-15,2024-03-13,365,BTC_Lagged_Return,-0.34079490765394727,0.13060316495354354,-2.609392412313824,0.009451879632844225,-0.5976431672405114,-0.08394664806738322,Negative,***,True,0.12996129127993494,0.11290170875601213,7
BTC,2023-03-15,2024-03-13,365,Lagged_Log_BTC_Volume,0.008393961809661909,0.004130778007290959,2.0320534763297107,0.0428882122235381,0.00027024488221579976,0.016517678737108018,Positive,**,True,0.12996129127993494,0.11290170875601213,7
BTC,2023-03-15,2024-03-13,365,Lagged_SP500_Return_Aligned,-0.31142838260939754,0.23713018563278168,-1.313322391994723,0.18991779500547118,-0.7777760051718652,0.1549192399530701,Negative,,False,0.12996129127993494,0.11290170875601213,7
BTC,2023-03-15,2024-03-13,365,Lagged_VIX_Change_Aligned,-9.942186933430044e-05,0.0023951895873904924,-0.04150897693347875,0.9669133410921188,-0.0048098764522683315,0.004611032713599731,Negative,,False,0.12996129127993494,0.11290170875601213,7
BTC,2023-03-15,2024-03-13,365,Lagged_Gold_Return_Aligned,0.15046451241033115,0.18549743490460466,0.8111406634151582,0.4178253372110074,-0.21434053140286596,0.5152695562235283,Positive,,False,0.12996129127993494,0.11290170875601213,7
BTC,2023-03-15,2024-03-13,365,Lagged_DXY_Return_Aligned,-0.6268009853196442,0.3125523445181567,-2.00542723903078,0.045671703741967044,-1.2414761790467208,-0.012125791592567658,Negative,**,True,0.12996129127993494,0.11290170875601213,7
BTC,2023-03-15,2024-03-13,365,Lagged_US10Y_Change_Aligned,0.0013171805588468883,0.01935436859990341,0.06805598188583956,0.9457791705434203,-0.03674572467051951,0.03938008578821328,Positive,,False,0.12996129127993494,0.11290170875601213,7
BTC,2023-03-22,2024-03-20,365,const,-0.11665090297098729,0.09554944549146943,-1.220843327462343,0.222951048228689,-0.30456142403435393,0.07125961809237935,Negative,,False,0.12476794584964357,0.10760653302316603,7
BTC,2023-03-22,2024-03-20,365,BTC_Lagged_Return,-0.33615764184523655,0.12960888778207796,-2.5936310973553445,0.009887701820204412,-0.591050524920608,-0.08126475876986522,Negative,***,True,0.12476794584964357,0.10760653302316603,7
BTC,2023-03-22,2024-03-20,365,Lagged_Log_BTC_Volume,0.005103369830880805,0.0040810633840302046,1.2505000169443667,0.2119359445472764,-0.0029225767671474164,0.013129316428909027,Positive,,False,0.12476794584964357,0.10760653302316603,7
BTC,2023-03-22,2024-03-20,365,Lagged_SP500_Return_Aligned,-0.2844793455159964,0.23721769619473293,-1.1992332363031897,0.23123261597194722,-0.750999069080309,0.18204037804831613,Negative,,False,0.12476794584964357,0.10760653302316603,7
BTC,2023-03-22,2024-03-20,365,Lagged_VIX_Change_Aligned,0.0005323192250564508,0.0024985892777426525,0.21304791059432301,0.831411198688852,-0.004381484415445893,0.005446122865558794,Positive,,False,0.12476794584964357,0.10760653302316603,7
BTC,2023-03-22,2024-03-20,365,Lagged_Gold_Return_Aligned,0.1021259049465579,0.18524863976307515,0.5512909842532309,0.5817790839673551,-0.26218985057781263,0.4664416604709285,Positive,,False,0.12476794584964357,0.10760653302316603,7
BTC,2023-03-22,2024-03-20,365,Lagged_DXY_Return_Aligned,-0.6419820572047369,0.3308643877370722,-1.9403177887941823,0.053128162230572686,-1.2926702865418265,0.008706172132352807,Negative,*,False,0.12476794584964357,0.10760653302316603,7
BTC,2023-03-22,2024-03-20,365,Lagged_US10Y_Change_Aligned,-0.007672081112334457,0.02062983531042558,-0.3718925040791412,0.7101935266280285,-0.048243358974743474,0.03289919675007456,Negative,,False,0.12476794584964357,0.10760653302316603,7
BTC,2023-03-29,2024-03-27,365,const,-0.11084338124839585,0.09585531063190685,-1.1563614005075271,0.2483065896585148,-0.2993554262412744,0.07766866374448272,Negative,,False,0.11747290406251554,0.10016845120099627,7
BTC,2023-03-29,2024-03-27,365,BTC_Lagged_Return,-0.32967599462845587,0.131040782542148,-2.51582742588109,0.012313462709360687,-0.5873848866203487,-0.07196710263656303,Negative,**,True,0.11747290406251554,0.10016845120099627,7
BTC,2023-03-29,2024-03-27,365,Lagged_Log_BTC_Volume,0.004868489270346773,0.004092087300591051,1.1897325039090882,0.23494217011421636,-0.003179137305984332,0.012916115846677878,Positive,,False,0.11747290406251554,0.10016845120099627,7
BTC,2023-03-29,2024-03-27,365,Lagged_SP500_Return_Aligned,-0.292293705046867,0.24476265786374166,-1.1941923968221726,0.23319557166962682,-0.7736515856651955,0.1890641755714615,Negative,,False,0.11747290406251554,0.10016845120099627,7
BTC,2023-03-29,2024-03-27,365,Lagged_VIX_Change_Aligned,0.0004468010844571027,0.002556402476388204,0.17477728510432464,0.8613537150676454,-0.004580699796525777,0.005474301965439983,Positive,,False,0.11747290406251554,0.10016845120099627,7
BTC,2023-03-29,2024-03-27,365,Lagged_Gold_Return_Aligned,0.006267113630374577,0.2140169627809487,0.029283256564990656,0.9766550435633944,-0.41462532363821913,0.4271595508989683,Positive,,False,0.11747290406251554,0.10016845120099627,7
BTC,2023-03-29,2024-03-27,365,Lagged_DXY_Return_Aligned,-0.5666692248248029,0.3542897335617499,-1.5994514408531029,0.11060491546222814,-1.2634264702337623,0.13008802058415658,Negative,,False,0.11747290406251554,0.10016845120099627,7
BTC,2023-03-29,2024-03-27,365,Lagged_US10Y_Change_Aligned,-0.016467679345757574,0.022900671664394214,-0.7190915439987463,0.4725549386600528,-0.06150485484188942,0.02856949615037427,Negative,,False,0.11747290406251554,0.10016845120099627,7
BTC,2023-04-05,2024-04-03,365,const,-0.08624496257293607,0.09249075241832398,-0.9324711965025542,0.35172325878427735,-0.26814016239407756,0.0956502372482054,Negative,,False,0.11360769697566941,0.09622745573989833,7
BTC,2023-04-05,2024-04-03,365,BTC_Lagged_Return,-0.3244204708443578,0.1313103086311334,-2.4706397709847314,0.013953594421860952,-0.5826594212532401,-0.0661815204354756,Negative,**,True,0.11360769697566941,0.09622745573989833,7
BTC,2023-04-05,2024-04-03,365,Lagged_Log_BTC_Volume,0.003813575311054882,0.003947224289308157,0.9661410225369533,0.3346276409696051,-0.0039491591469289,0.011576309769038664,Positive,,False,0.11360769697566941,0.09622745573989833,7
BTC,2023-04-05,2024-04-03,365,Lagged_SP500_Return_Aligned,-0.2372563235762991,0.25900014132124255,-0.916047081542036,0.3602605621986866,-0.7466140834337898,0.27210143628119154,Negative,,False,0.11360769697566941,0.09622745573989833,7
BTC,2023-04-05,2024-04-03,365,Lagged_VIX_Change_Aligned,0.0007074647193136051,0.0026090963407886508,0.2711531606762209,0.7864299515185165,-0.00442366555967781,0.00583859499830502,Positive,,False,0.11360769697566941,0.09622745573989833,7
BTC,2023-04-05,2024-04-03,365,Lagged_Gold_Return_Aligned,-0.09766223678152489,0.21864371300925659,-0.44667297054816396,0.6553820344871193,-0.5276537854239152,0.33232931186086545,Negative,,False,0.11360769697566941,0.09622745573989833,7
BTC,2023-04-05,2024-04-03,365,Lagged_DXY_Return_Aligned,-0.5238866453178114,0.3595433626608562,-1.4570889069977744,0.14597084274979974,-1.230975841649237,0.18320255101361427,Negative,,False,0.11360769697566941,0.09622745573989833,7
BTC,2023-04-05,2024-04-03,365,Lagged_US10Y_Change_Aligned,-0.030272166093533413,0.024453918276908067,-1.2379270164699756,0.21655661581923885,-0.07836400484591038,0.01781967265884355,Negative,,False,0.11360769697566941,0.09622745573989833,7
BTC,2023-04-12,2024-04-10,365,const,-0.09130680939946809,0.09001109441196468,-1.0143950586976884,0.31108126942621556,-0.268325436409148,0.08571181761021185,Negative,,False,0.11670117522344725,0.09938159042390704,7
BTC,2023-04-12,2024-04-10,365,BTC_Lagged_Return,-0.32932510423276584,0.12836586086756935,-2.565519383479376,0.010709849811242896,-0.581773411790198,-0.07687679667533359,Negative,**,True,0.11670117522344725,0.09938159042390704,7
BTC,2023-04-12,2024-04-10,365,Lagged_Log_BTC_Volume,0.0040175277364596345,0.003839512863986719,1.0463639213564389,0.2961009738746201,-0.003533378071420298,0.011568433544339566,Positive,,False,0.11670117522344725,0.09938159042390704,7
BTC,2023-04-12,2024-04-10,365,Lagged_SP500_Return_Aligned,-0.18742179346200513,0.25893933513529377,-0.7238058032553405,0.46965897850506516,-0.6966599699767905,0.32181638305278015,Negative,,False,0.11670117522344725,0.09938159042390704,7
BTC,2023-04-12,2024-04-10,365,Lagged_VIX_Change_Aligned,0.0007325820448004484,0.0025636467217298466,0.285757799072304,0.7752293640511829,-0.0043091655951233866,0.005774329684724284,Positive,,False,0.11670117522344725,0.09938159042390704,7
BTC,2023-04-12,2024-04-10,365,Lagged_Gold_Return_Aligned,0.012218408664758734,0.20522172233133104,0.059537599265598595,0.9525572319599462,-0.39137703428571724,0.41581385161523465,Positive,,False,0.11670117522344725,0.09938159042390704,7
BTC,2023-04-12,2024-04-10,365,Lagged_DXY_Return_Aligned,-0.5064282309785619,0.3542681608990252,-1.429505348980277,0.15373351999750703,-1.2031430509158456,0.19028658895872186,Negative,,False,0.11670117522344725,0.09938159042390704,7
BTC,2023-04-12,2024-04-10,365,Lagged_US10Y_Change_Aligned,-0.02567775070879575,0.023525361518182027,-1.0914922896700316,0.2757924043133328,-0.07194346076443738,0.020587959346845874,Negative,,False,0.11670117522344725,0.09938159042390704,7
BTC,2023-04-19,2024-04-17,365,const,-0.056661995686264455,0.08682764257761466,-0.6525801461857572,0.5144469685087132,-0.2274199469809163,0.1140959556083874,Negative,,False,0.10595720728608482,0.08842695644855714,7
BTC,2023-04-19,2024-04-17,365,BTC_Lagged_Return,-0.3154263598808757,0.13136372548590125,-2.4011678925376487,0.016853646986406578,-0.5737703615431834,-0.057082358218568,Negative,**,True,0.10595720728608482,0.08842695644855714,7
BTC,2023-04-19,2024-04-17,365,Lagged_Log_BTC_Volume,0.0025271581169002124,0.0037044301496541453,0.6821988847963982,0.4955555759102304,-0.004758089809802858,0.009812406043603283,Positive,,False,0.10595720728608482,0.08842695644855714,7
BTC,2023-04-19,2024-04-17,365,Lagged_SP500_Return_Aligned,-0.20051326624881283,0.2622063210698663,-0.7647156080397657,0.4449460953855612,-0.7161763992467525,0.3151498667491268,Negative,,False,0.10595720728608482,0.08842695644855714,7
BTC,2023-04-19,2024-04-17,365,Lagged_VIX_Change_Aligned,0.00011339815356529678,0.0025297864417030158,0.044825188283070555,0.9642717099712064,-0.004861758803069212,0.005088555110199805,Positive,,False,0.10595720728608482,0.08842695644855714,7
BTC,2023-04-19,2024-04-17,365,Lagged_Gold_Return_Aligned,-0.05578239299454393,0.2164199709155493,-0.2577506722626405,0.7967478475226513,-0.4814006610449879,0.3698358750559,Negative,,False,0.10595720728608482,0.08842695644855714,7
BTC,2023-04-19,2024-04-17,365,Lagged_DXY_Return_Aligned,-0.7218843423218482,0.38775633915679697,-1.8616957852749376,0.06346755654038308,-1.484458058598228,0.04068937395453165,Negative,*,False,0.10595720728608482,0.08842695644855714,7
BTC,2023-04-19,2024-04-17,365,Lagged_US10Y_Change_Aligned,-0.019207534062146057,0.02496168347594625,-0.7694807155396772,0.44211680189243946,-0.0682979596994425,0.029882891575150373,Negative,,False,0.10595720728608482,0.08842695644855714,7
BTC,2023-04-26,2024-04-24,365,const,-0.06608903510326795,0.08527467715455957,-0.7750136067179966,0.4388446437660389,-0.2337928761376386,0.10161480593110271,Negative,,False,0.11213064971553943,0.09472144676878536,7
BTC,2023-04-26,2024-04-24,365,BTC_Lagged_Return,-0.3215836489567119,0.12917900620705014,-2.489442041698885,0.013248970598622787,-0.5756311135124517,-0.06753618440097214,Negative,**,True,0.11213064971553943,0.09472144676878536,7
BTC,2023-04-26,2024-04-24,365,Lagged_Log_BTC_Volume,0.0029498002110204874,0.003634789217820937,0.8115464293109405,0.4175926889872851,-0.004198489686038288,0.010098090108079263,Positive,,False,0.11213064971553943,0.09472144676878536,7
BTC,2023-04-26,2024-04-24,365,Lagged_SP500_Return_Aligned,-0.2913587166555657,0.24957433062619544,-1.1674226108291303,0.24381887338766162,-0.7821793830737325,0.19946194976260112,Negative,,False,0.11213064971553943,0.09472144676878536,7
BTC,2023-04-26,2024-04-24,365,Lagged_VIX_Change_Aligned,-0.0001711185307537368,0.0024778906758919227,-0.06905814385541537,0.9449820015935436,-0.0050442156549696925,0.004701978593462219,Negative,,False,0.11213064971553943,0.09472144676878536,7
BTC,2023-04-26,2024-04-24,365,Lagged_Gold_Return_Aligned,-0.06608787859132573,0.21358666041447733,-0.3094195043036787,0.75718295052341,-0.48613406979870444,0.35395831261605293,Negative,,False,0.11213064971553943,0.09472144676878536,7
BTC,2023-04-26,2024-04-24,365,Lagged_DXY_Return_Aligned,-0.7338622610678668,0.3945518606895597,-1.8599893554811604,0.06370928527934416,-1.509800262040517,0.04207573990478353,Negative,*,False,0.11213064971553943,0.09472144676878536,7
BTC,2023-04-26,2024-04-24,365,Lagged_US10Y_Change_Aligned,-0.022021567109043613,0.02489047342232347,-0.884738780793666,0.3768930151773414,-0.07097194883282093,0.026928814614733704,Negative,,False,0.11213064971553943,0.09472144676878536,7
BTC,2023-05-03,2024-05-01,365,const,-0.04120209469518396,0.08326948848025321,-0.49480422477862046,0.6210426930540114,-0.204962469112023,0.12255827972165509,Negative,,False,0.10482964352038726,0.08727728358941456,7
BTC,2023-05-03,2024-05-01,365,BTC_Lagged_Return,-0.31121466171980267,0.1330183775735026,-2.3396365780197046,0.019853115393817372,-0.5728127538099561,-0.04961656962964922,Negative,**,True,0.10482964352038726,0.08727728358941456,7
BTC,2023-05-03,2024-05-01,365,Lagged_Log_BTC_Volume,0.0018675077467959855,0.0035490621049214604,0.526197539402403,0.5990776973799066,-0.005112188534974495,0.008847204028566466,Positive,,False,0.10482964352038726,0.08727728358941456,7
BTC,2023-05-03,2024-05-01,365,Lagged_SP500_Return_Aligned,-0.21356604274102048,0.24703208669071727,-0.8645275421585371,0.38787867358572165,-0.6993870529065663,0.2722549674245254,Negative,,False,0.10482964352038726,0.08727728358941456,7
BTC,2023-05-03,2024-05-01,365,Lagged_VIX_Change_Aligned,-0.00045296693915217266,0.0024224109988127823,-0.18699012652030172,0.8517745945396956,-0.0052169559992161565,0.004311022120911811,Negative,,False,0.10482964352038726,0.08727728358941456,7
BTC,2023-05-03,2024-05-01,365,Lagged_Gold_Return_Aligned,0.0170202250487837,0.21741776172129432,0.07828350781479279,0.9376463943275194,-0.4105603295356676,0.444600779633235,Positive,,False,0.10482964352038726,0.08727728358941456,7
BTC,2023-05-03,2024-05-01,365,Lagged_DXY_Return_Aligned,-0.5577699823287544,0.37764723058436056,-1.4769603406482739,0.14056783750592314,-1.3004628102382596,0.1849228455807509,Negative,,False,0.10482964352038726,0.08727728358941456,7
BTC,2023-05-03,2024-05-01,365,Lagged_US10Y_Change_Aligned,-0.029223365386284613,0.025295481628694872,-1.1552800541711765,0.24874840361660355,-0.07897024888673612,0.0205235181141669,Negative,,False,0.10482964352038726,0.08727728358941456,7
BTC,2023-05-10,2024-05-08,365,const,-0.04955989558966624,0.08234825371149238,-0.6018329880230325,0.5476673200827812,-0.21150854096371358,0.11238874978438108,Negative,,False,0.10168036830064642,0.08406625787516897,7
BTC,2023-05-10,2024-05-08,365,BTC_Lagged_Return,-0.3061219713535875,0.1342540639265964,-2.2801691241239457,0.023186740381700544,-0.5701502027845441,-0.04209373992263088,Negative,**,True,0.10168036830064642,0.08406625787516897,7
BTC,2023-05-10,2024-05-08,365,Lagged_Log_BTC_Volume,0.002233836407822671,0.0035046877103519438,0.6373852943372085,0.5242824547347674,-0.004658591804912561,0.009126264620557902,Positive,,False,0.10168036830064642,0.08406625787516897,7
BTC,2023-05-10,2024-05-08,365,Lagged_SP500_Return_Aligned,-0.20123253785048156,0.2527147168735616,-0.7962834153072389,0.4263965087522579,-0.6982291858564798,0.29576411015551657,Negative,,False,0.10168036830064642,0.08406625787516897,7
BTC,2023-05-10,2024-05-08,365,Lagged_VIX_Change_Aligned,-0.001373197169544753,0.0024313986904411933,-0.5647766345122023,0.572580400349963,-0.006154861704420387,0.003408467365330881,Negative,,False,0.10168036830064642,0.08406625787516897,7
BTC,2023-05-10,2024-05-08,365,Lagged_Gold_Return_Aligned,-0.04180370427811994,0.21542371215475306,-0.19405340229254606,0.8462444380694256,-0.46546269876195934,0.3818552902057194,Negative,,False,0.10168036830064642,0.08406625787516897,7
BTC,2023-05-10,2024-05-08,365,Lagged_DXY_Return_Aligned,-0.6949117607010211,0.3769628742703093,-1.843448806586507,0.06609219051719006,-1.4362587121284083,0.04643519072636615,Negative,*,False,0.10168036830064642,0.08406625787516897,7
BTC,2023-05-10,2024-05-08,365,Lagged_US10Y_Change_Aligned,-0.026075079768879704,0.02550751694163951,-1.0222508066362854,0.30735441525003326,-0.07623895853219559,0.024088798994436188,Negative,,False,0.10168036830064642,0.08406625787516897,7
BTC,2023-05-17,2024-05-15,365,const,-0.05235391608807442,0.08239426121309056,-0.6354073125636156,0.5255698654884203,-0.21439304125039965,0.10968520907425079,Negative,,False,0.10596517109464076,0.08843507641022197,7
BTC,2023-05-17,2024-05-15,365,BTC_Lagged_Return,-0.31277664917046233,0.1304188325231947,-2.3982475775868926,0.016986418912495437,-0.5692623948475257,-0.056290903493398936,Negative,**,True,0.10596517109464076,0.08843507641022197,7
BTC,2023-05-17,2024-05-15,365,Lagged_Log_BTC_Volume,0.002359805787368601,0.003504800874105088,0.673306664810494,0.5011878518909928,-0.004532844976734767,0.00925245655147197,Positive,,False,0.10596517109464076,0.08843507641022197,7
BTC,2023-05-17,2024-05-15,365,Lagged_SP500_Return_Aligned,-0.20946282460327437,0.251908063753374,-0.8315050399035465,0.406244188107427,-0.7048730834120125,0.28594743420546376,Negative,,False,0.10596517109464076,0.08843507641022197,7
BTC,2023-05-17,2024-05-15,365,Lagged_VIX_Change_Aligned,-0.0017166158747015487,0.002430443215997219,-0.7062974618796908,0.4804638539961017,-0.006496401343720688,0.003063169594317591,Negative,,False,0.10596517109464076,0.08843507641022197,7
BTC,2023-05-17,2024-05-15,365,Lagged_Gold_Return_Aligned,-0.026262388002912626,0.21002815848945927,-0.12504222382271976,0.9005605041147461,-0.43931031828375533,0.38678554227793005,Negative,,False,0.10596517109464076,0.08843507641022197,7
BTC,2023-05-17,2024-05-15,365,Lagged_DXY_Return_Aligned,-0.6692893918466211,0.38436737647137315,-1.7412752299399903,0.0824967695665323,-1.4251982683554152,0.08661948466217317,Negative,*,False,0.10596517109464076,0.08843507641022197,7
BTC,2023-05-17,2024-05-15,365,Lagged_US10Y_Change_Aligned,-0.029960744246306938,0.02511907402378746,-1.192748754111496,0.23375992091692047,-0.07936069904626011,0.01943921055364623,Negative,,False,0.10596517109464076,0.08843507641022197,7
BTC,2023-05-24,2024-05-22,365,const,-0.05725531269182217,0.08325049796421263,-0.6877473900088242,0.4920584569351073,-0.2209783397672288,0.10646771438358445,Negative,,False,0.10575266580850307,0.08821840435376793,7
BTC,2023-05-24,2024-05-22,365,BTC_Lagged_Return,-0.3123879349211803,0.12911291334066205,-2.4194941221483437,0.016041138323496205,-0.5663054191834952,-0.05847045065886536,Negative,**,True,0.10575266580850307,0.08821840435376793,7
BTC,2023-05-24,2024-05-22,365,Lagged_Log_BTC_Volume,0.002569414991344235,0.0035383424206926295,0.726163464654524,0.46821437518338865,-0.00438919962492088,0.009528029607609349,Positive,,False,0.10575266580850307,0.08821840435376793,7
BTC,2023-05-24,2024-05-22,365,Lagged_SP500_Return_Aligned,-0.21383636760731928,0.25221881220119,-0.8478208494485581,0.3971058008047749,-0.7098577540102406,0.2821850187956021,Negative,,False,0.10575266580850307,0.08821840435376793,7
BTC,2023-05-24,2024-05-22,365,Lagged_VIX_Change_Aligned,-0.0020099670370589706,0.0024459777575908523,-0.8217437917500414,0.4117711810365883,-0.006820303220321667,0.0028003691462037262,Negative,,False,0.10575266580850307,0.08821840435376793,7
BTC,2023-05-24,2024-05-22,365,Lagged_Gold_Return_Aligned,0.012855630288001012,0.20918196410599194,0.06145668601470392,0.9510298997381875,-0.39852814771335576,0.4242394082893578,Positive,,False,0.10575266580850307,0.08821840435376793,7
BTC,2023-05-24,2024-05-22,365,Lagged_DXY_Return_Aligned,-0.6320897164476045,0.38899391829377206,-1.624934701344724,0.105058948567419,-1.3970972944726316,0.13291786157742258,Negative,,False,0.10575266580850307,0.08821840435376793,7
BTC,2023-05-24,2024-05-22,365,Lagged_US10Y_Change_Aligned,-0.027742552758955867,0.025264235294313164,-1.09809588280713,0.2729026730526604,-0.07742798624319026,0.02194288072527853,Negative,,False,0.10575266580850307,0.08821840435376793,7
BTC,2023-05-31,2024-05-29,365,const,-0.055824079233469076,0.08215089231509684,-0.6795310149444391,0.4972418164727144,-0.21738458752682774,0.10573642905988959,Negative,,False,0.1061412634095601,0.08861462151562993,7
BTC,2023-05-31,2024-05-29,365,BTC_Lagged_Return,-0.311176684202993,0.1298650631554267,-2.3961539512021544,0.017082171944254047,-0.566573369761382,-0.05577999864460398,Negative,**,True,0.1061412634095601,0.08861462151562993,7
BTC,2023-05-31,2024-05-29,365,Lagged_Log_BTC_Volume,0.002501301938920074,0.003488029778031369,0.717110259400308,0.47377497859227624,-0.004358366264313303,0.009360970142153452,Positive,,False,0.1061412634095601,0.08861462151562993,7
BTC,2023-05-31,2024-05-29,365,Lagged_SP500_Return_Aligned,-0.2807197841527044,0.25100160614439787,-1.1183983579420207,0.2641488888941793,-0.7743473751421953,0.21290780683678656,Negative,,False,0.1061412634095601,0.08861462151562993,7
BTC,2023-05-31,2024-05-29,365,Lagged_VIX_Change_Aligned,-0.0020833111682005507,0.0024549527528492055,-0.8486155856900588,0.3966638772418848,-0.006911297857197359,0.002744675520796258,Negative,,False,0.1061412634095601,0.08861462151562993,7
BTC,2023-05-31,2024-05-29,365,Lagged_Gold_Return_Aligned,0.02154513999790126,0.20183938564977127,0.10674398323469964,0.9150520464252487,-0.3753984940909484,0.4184887740867509,Positive,,False,0.1061412634095601,0.08861462151562993,7
BTC,2023-05-31,2024-05-29,365,Lagged_DXY_Return_Aligned,-0.6361522969606859,0.3911637386698128,-1.6263069248800477,0.10476671493187799,-1.4054271114451033,0.1331225175237315,Negative,,False,0.1061412634095601,0.08861462151562993,7
BTC,2023-05-31,2024-05-29,365,Lagged_US10Y_Change_Aligned,-0.02978045045367647,0.025582969336024143,-1.164073257584753,0.24517168077444307,-0.08009271625023329,0.020531815342880344,Negative,,False,0.1061412634095601,0.08861462151562993,7
BTC,2023-06-07,2024-06-05,365,const,-0.04494200173812368,0.08212854562471389,-0.5472153609475323,0.5845726904596632,-0.20645856233286095,0.11657455885661358,Negative,,False,0.10324428403732566,0.08566083862629292,7
BTC,2023-06-07,2024-06-05,365,BTC_Lagged_Return,-0.30827727663027793,0.13182440487666672,-2.338544800704379,0.019910314879853775,-0.5675272647576732,-0.04902728850288263,Negative,**,True,0.10324428403732566,0.08566083862629292,7
BTC,2023-06-07,2024-06-05,365,Lagged_Log_BTC_Volume,0.0020518120858317285,0.0034857610349450213,0.5886267203236697,0.5564839333709719,-0.004803394336453349,0.008907018508116805,Positive,,False,0.10324428403732566,0.08566083862629292,7
BTC,2023-06-07,2024-06-05,365,Lagged_SP500_Return_Aligned,-0.2325047331827799,0.24979469471436785,-0.9307833116657723,0.35259464708472815,-0.7237587744930681,0.2587493081275084,Negative,,False,0.10324428403732566,0.08566083862629292,7
BTC,2023-06-07,2024-06-05,365,Lagged_VIX_Change_Aligned,-0.0018814613175461266,0.0024068047065655012,-0.7817257928795407,0.43489386948730313,-0.0066147585562921565,0.0028518359211999033,Negative,,False,0.10324428403732566,0.08566083862629292,7
BTC,2023-06-07,2024-06-05,365,Lagged_Gold_Return_Aligned,0.0016316369358242745,0.19778553848093774,0.008249525968156307,0.9934225131526744,-0.38733957481306763,0.39060284868471623,Positive,,False,0.10324428403732566,0.08566083862629292,7
BTC,2023-06-07,2024-06-05,365,Lagged_DXY_Return_Aligned,-0.5499926567267976,0.3912717982841185,-1.405653714729078,0.16069665616075074,-1.3194799846206404,0.21949467116704513,Negative,,False,0.10324428403732566,0.08566083862629292,7
BTC,2023-06-07,2024-06-05,365,Lagged_US10Y_Change_Aligned,-0.033605152772957614,0.024998300972292713,-1.3442974708642978,0.17970579536136733,-0.08276759152119474,0.015557285975279514,Negative,,False,0.10324428403732566,0.08566083862629292,7
BTC,2023-06-14,2024-06-12,365,const,-0.03609807619296427,0.08152946899156202,-0.4427610855247969,0.6582067031327924,-0.1964364739871387,0.12424032160121018,Negative,,False,0.10179049174733001,0.08417854060512087,7
BTC,2023-06-14,2024-06-12,365,BTC_Lagged_Return,-0.30603209075710386,0.13297906692813616,-2.301355377403032,0.021946948227014818,-0.5675528733054158,-0.044511308208791844,Negative,**,True,0.10179049174733001,0.08417854060512087,7
BTC,2023-06-14,2024-06-12,365,Lagged_Log_BTC_Volume,0.0016789648588046227,0.0034575777419523688,0.48558990834333987,0.6275558318698012,-0.005120815420039321,0.008478745137648565,Positive,,False,0.10179049174733001,0.08417854060512087,7
BTC,2023-06-14,2024-06-12,365,Lagged_SP500_Return_Aligned,-0.2448276412593208,0.25718990319551316,-0.9519333310421806,0.3417748356533047,-0.7506253303314195,0.260970047812778,Negative,,False,0.10179049174733001,0.08417854060512087,7
BTC,2023-06-14,2024-06-12,365,Lagged_VIX_Change_Aligned,-0.00199791829162099,0.0025123159412500625,-0.7952496176204965,0.4269967159475908,-0.006938717216908834,0.0029428806336668544,Negative,,False,0.10179049174733001,0.08417854060512087,7
BTC,2023-06-14,2024-06-12,365,Lagged_Gold_Return_Aligned,-0.01883951713919052,0.18829809939387382,-0.10005155229837362,0.9203595588274002,-0.3891524351299434,0.35147340085156237,Negative,,False,0.10179049174733001,0.08417854060512087,7
BTC,2023-06-14,2024-06-12,365,Lagged_DXY_Return_Aligned,-0.558901515262974,0.39383885815113545,-1.4191121665513662,0.1567388074618726,-1.3334373031947673,0.21563427266881918,Negative,,False,0.10179049174733001,0.08417854060512087,7
BTC,2023-06-14,2024-06-12,365,Lagged_US10Y_Change_Aligned,-0.03351236987017432,0.0249036793357253,-1.3456794644034595,0.17925991507862962,-0.08248872275532983,0.015463983014981184,Negative,,False,0.10179049174733001,0.08417854060512087,7
BTC,2023-06-21,2024-06-19,365,const,-0.034667693152957244,0.08083973591568858,-0.428844710590269,0.6682948914580573,-0.19364964035743581,0.12431425405152131,Negative,,False,0.10224991916030379,0.08464697639874119,7
BTC,2023-06-21,2024-06-19,365,BTC_Lagged_Return,-0.30698641024456774,0.13281949299007192,-2.3113053915023944,0.021384949814658327,-0.5681933697068791,-0.04577945078225637,Negative,**,True,0.10224991916030379,0.08464697639874119,7
BTC,2023-06-21,2024-06-19,365,Lagged_Log_BTC_Volume,0.0015997398943181447,0.0034282567774208688,0.4666336269950158,0.6410466527115722,-0.00514237686073605,0.008341856649372339,Positive,,False,0.10224991916030379,0.08464697639874119,7
BTC,2023-06-21,2024-06-19,365,Lagged_SP500_Return_Aligned,-0.2915056585300545,0.2726726351235701,-1.0690682561451377,0.285761226176087,-0.8277521713406997,0.24474085428059067,Negative,,False,0.10224991916030379,0.08464697639874119,7
BTC,2023-06-21,2024-06-19,365,Lagged_VIX_Change_Aligned,-0.0025061255103954,0.0026708052808746188,-0.9383407799668232,0.34870369923744743,-0.007758614516548215,0.002746363495757415,Negative,,False,0.10224991916030379,0.08464697639874119,7
BTC,2023-06-21,2024-06-19,365,Lagged_Gold_Return_Aligned,0.00457317751784056,0.18293858298695612,0.02499843085680092,0.9800701823549723,-0.3551995482667578,0.364345903302439,Positive,,False,0.10224991916030379,0.08464697639874119,7
BTC,2023-06-21,2024-06-19,365,Lagged_DXY_Return_Aligned,-0.5611577865153876,0.3814422966676463,-1.471147251937634,0.1421321769065197,-1.3113141098069128,0.18899853677613743,Negative,,False,0.10224991916030379,0.08464697639874119,7
BTC,2023-06-21,2024-06-19,365,Lagged_US10Y_Change_Aligned,-0.02810446584797946,0.02412869634477497,-1.1647734898891642,0.2448884198745717,-0.07555671300027936,0.01934778130432044,Negative,,False,0.10224991916030379,0.08464697639874119,7
BTC,2023-06-28,2024-06-26,365,const,-0.04332736225187559,0.07904710050045413,-0.5481208289433295,0.583951502839375,-0.19878385671070295,0.11212913220695178,Negative,,False,0.10946160578125375,0.09200006863970978,7
BTC,2023-06-28,2024-06-26,365,BTC_Lagged_Return,-0.3180150257871077,0.12773924019092306,-2.4895640941013313,0.013244501747885353,-0.5692310015685466,-0.06679905000566888,Negative,**,True,0.10946160578125375,0.09200006863970978,7
BTC,2023-06-28,2024-06-26,365,Lagged_Log_BTC_Volume,0.0019344023840861357,0.00334897827461569,0.5776097142069747,0.5638917564262096,-0.004651802793515998,0.00852060756168827,Positive,,False,0.10946160578125375,0.09200006863970978,7
BTC,2023-06-28,2024-06-26,365,Lagged_SP500_Return_Aligned,-0.23193810990422967,0.2793725629551946,-0.8302107674812276,0.406974460261751,-0.7813609098555461,0.3174846900470867,Negative,,False,0.10946160578125375,0.09200006863970978,7
BTC,2023-06-28,2024-06-26,365,Lagged_VIX_Change_Aligned,-0.0022503338531705717,0.002685085801004972,-0.8380863852947711,0.40254294162633086,-0.007530907375826313,0.0030302396694851692,Negative,,False,0.10946160578125375,0.09200006863970978,7
BTC,2023-06-28,2024-06-26,365,Lagged_Gold_Return_Aligned,0.12110919911688638,0.17807708304341238,0.6800942437234434,0.4968855694941934,-0.22910274917871665,0.4713211474124894,Positive,,False,0.10946160578125375,0.09200006863970978,7
BTC,2023-06-28,2024-06-26,365,Lagged_DXY_Return_Aligned,-0.49025557270945047,0.38447336911919794,-1.2751353203801665,0.2030905502834951,-1.2463728976668904,0.2658617522479894,Negative,,False,0.10946160578125375,0.09200006863970978,7
BTC,2023-06-28,2024-06-26,365,Lagged_US10Y_Change_Aligned,-0.02486208922698257,0.024851010831069713,-1.0004457925670776,0.31777243446342335,-0.07373486258739512,0.024010684133429973,Negative,,False,0.10946160578125375,0.09200006863970978,7
BTC,2023-07-05,2024-07-03,365,const,-0.043252343191783366,0.0797809448803389,-0.5421387683068467,0.5880611408485872,-0.20015203890724056,0.11364735252367383,Negative,,False,0.10653756946245452,0.08901869827544384,7
BTC,2023-07-05,2024-07-03,365,BTC_Lagged_Return,-0.31467331030924284,0.1290294812682743,-2.4387706376574774,0.01522400393629631,-0.5684267144545552,-0.06091990616393056,Negative,**,True,0.10653756946245452,0.08901869827544384,7
BTC,2023-07-05,2024-07-03,365,Lagged_Log_BTC_Volume,0.001926995461166636,0.0033781172684628773,0.5704347445710386,0.5687417113555073,-0.004716515370999198,0.00857050629333247,Positive,,False,0.10653756946245452,0.08901869827544384,7
BTC,2023-07-05,2024-07-03,365,Lagged_SP500_Return_Aligned,-0.28983004663784584,0.2941487347690086,-0.9853180122139428,0.32513519087491444,-0.8683121271592783,0.2886520338835866,Negative,,False,0.10653756946245452,0.08901869827544384,7
BTC,2023-07-05,2024-07-03,365,Lagged_VIX_Change_Aligned,-0.002542585041604037,0.0027564053598148246,-0.9224278397771103,0.35692842649604906,-0.00796341783409683,0.002878247750888757,Negative,,False,0.10653756946245452,0.08901869827544384,7
BTC,2023-07-05,2024-07-03,365,Lagged_Gold_Return_Aligned,0.12313199984800441,0.17654491184312887,0.6974542543452901,0.4859725163488279,-0.22406673275469055,0.47033073245069934,Positive,,False,0.10653756946245452,0.08901869827544384,7
BTC,2023-07-05,2024-07-03,365,Lagged_DXY_Return_Aligned,-0.5113961640103577,0.3900955285242698,-1.3109511045793523,0.19071691332987,-1.2785702030897301,0.25577787506901484,Negative,,False,0.10653756946245452,0.08901869827544384,7
BTC,2023-07-05,2024-07-03,365,Lagged_US10Y_Change_Aligned,-0.0211251033053547,0.0250771742670397,-0.8424036568235113,0.40012603935014224,-0.0704426567362324,0.028192450125522996,Negative,,False,0.10653756946245452,0.08901869827544384,7
BTC,2023-07-12,2024-07-10,365,const,-0.03687479919997484,0.0794029987797248,-0.4644005864598486,0.6426438472832268,-0.193031214320396,0.1192816159204463,Negative,,False,0.10348682417463229,0.08590813445256629,7
BTC,2023-07-12,2024-07-10,365,BTC_Lagged_Return,-0.31059719974482985,0.12953272699089782,-2.3978280003836816,0.017005570497372714,-0.5653403026317172,-0.05585409685794257,Negative,**,True,0.10348682417463229,0.08590813445256629,7
BTC,2023-07-12,2024-07-10,365,Lagged_Log_BTC_Volume,0.0016569987434164463,0.003358986669899285,0.493303161416276,0.6221017062160383,-0.004948889256656033,0.008262886743488925,Positive,,False,0.10348682417463229,0.08590813445256629,7
BTC,2023-07-12,2024-07-10,365,Lagged_SP500_Return_Aligned,-0.3418327575058778,0.3067178006344293,-1.1144862045789814,0.265820382440164,-0.9450335551679748,0.2613680401562192,Negative,,False,0.10348682417463229,0.08590813445256629,7
BTC,2023-07-12,2024-07-10,365,Lagged_VIX_Change_Aligned,-0.0028340727050353825,0.0028857845417303123,-0.9820804928617701,0.32672527155044084,-0.008509346633878485,0.0028412012238077213,Negative,,False,0.10348682417463229,0.08590813445256629,7
BTC,2023-07-12,2024-07-10,365,Lagged_Gold_Return_Aligned,0.06765683011984651,0.17948244355907653,0.3769551426771015,0.7064309044281001,-0.2853189440192451,0.42063260425893817,Positive,,False,0.10348682417463229,0.08590813445256629,7
BTC,2023-07-12,2024-07-10,365,Lagged_DXY_Return_Aligned,-0.5599506251027834,0.4148373490417381,-1.3498076448426175,0.1779329366962362,-1.3757827004646255,0.2558814502590586,Negative,,False,0.10348682417463229,0.08590813445256629,7
BTC,2023-07-12,2024-07-10,365,Lagged_US10Y_Change_Aligned,-0.01709196027335612,0.025743593186165467,-0.6639306389653985,0.5071632516285126,-0.06772011394576623,0.03353619339905399,Negative,,False,0.10348682417463229,0.08590813445256629,7
BTC,2023-07-19,2024-07-17,365,const,-0.036202573663803445,0.08042163388419865,-0.4501596388346516,0.6528685682575073,-0.19436226836654522,0.12195712103893833,Negative,,False,0.09789927453651459,0.08021102501762278,7
BTC,2023-07-19,2024-07-17,365,BTC_Lagged_Return,-0.3027272970476678,0.13282405427693939,-2.279160191997141,0.023247275640441337,-0.5639432268790648,-0.0415113672162708,Negative,**,True,0.09789927453651459,0.08021102501762278,7
BTC,2023-07-19,2024-07-17,365,Lagged_Log_BTC_Volume,0.0016499394305675838,0.0034001872868791223,0.4852495734380527,0.6277969606880561,-0.005036974988496564,0.008336853849631731,Positive,,False,0.09789927453651459,0.08021102501762278,7
BTC,2023-07-19,2024-07-17,365,Lagged_SP500_Return_Aligned,-0.2422299351829533,0.30055886065892184,-0.805931772072556,0.42081868903231867,-0.8333183693034018,0.3488584989374951,Negative,,False,0.09789927453651459,0.08021102501762278,7
BTC,2023-07-19,2024-07-17,365,Lagged_VIX_Change_Aligned,-0.0020036132905880298,0.002834635793225076,-0.7068327068249006,0.48013153631270067,-0.007578296494556481,0.0035710699133804213,Negative,,False,0.09789927453651459,0.08021102501762278,7
BTC,2023-07-19,2024-07-17,365,Lagged_Gold_Return_Aligned,0.022402126367190293,0.17942305062351588,0.12485645678936073,0.9007074660901959,-0.3304568437715089,0.3752610965058895,Positive,,False,0.09789927453651459,0.08021102501762278,7
BTC,2023-07-19,2024-07-17,365,Lagged_DXY_Return_Aligned,-0.6806325771920949,0.4241697240651421,-1.604623193445005,0.10946098623672974,-1.5148179924858067,0.1535528381016168,Negative,,False,0.09789927453651459,0.08021102501762278,7
BTC,2023-07-19,2024-07-17,365,Lagged_US10Y_Change_Aligned,-0.014640575064680845,0.026023520638480332,-0.5625900994745573,0.5740671357685956,-0.06581924279977197,0.03653809267041028,Negative,,False,0.09789927453651459,0.08021102501762278,7
BTC,2023-07-26,2024-07-24,365,const,-0.02701767178159935,0.07996476958465706,-0.33786968838816317,0.7356599781396205,-0.18427888289670194,0.13024353933350322,Negative,,False,0.09618306635043294,0.07846116569063755,7
BTC,2023-07-26,2024-07-24,365,BTC_Lagged_Return,-0.3013057001787013,0.1333350048449925,-2.25976442217092,0.024438087559605096,-0.5635264813411199,-0.03908491901628264,Negative,**,True,0.09618306635043294,0.07846116569063755,7
BTC,2023-07-26,2024-07-24,365,Lagged_Log_BTC_Volume,0.0012689721503870652,0.003377557066244657,0.37570709406191444,0.7073578065617717,-0.005373436970615662,0.007911381271389793,Positive,,False,0.09618306635043294,0.07846116569063755,7
BTC,2023-07-26,2024-07-24,365,Lagged_SP500_Return_Aligned,-0.21302988956584343,0.3055646648869452,-0.6971679452683497,0.48615143724134197,-0.8139628944840687,0.38790311535238176,Negative,,False,0.09618306635043294,0.07846116569063755,7
BTC,2023-07-26,2024-07-24,365,Lagged_VIX_Change_Aligned,-0.001322397988684965,0.002876071817564725,-0.4597931041251562,0.6459446161863256,-0.006978570571104628,0.004333774593734698,Negative,,False,0.09618306635043294,0.07846116569063755,7
BTC,2023-07-26,2024-07-24,365,Lagged_Gold_Return_Aligned,-0.0063063892308848485,0.16879221146559137,-0.03736184967379504,0.9702173738371563,-0.33825841935301654,0.32564564089124687,Negative,,False,0.09618306635043294,0.07846116569063755,7
BTC,2023-07-26,2024-07-24,365,Lagged_DXY_Return_Aligned,-0.6150374015367281,0.4209460321281056,-1.4610837366191283,0.14487202798121349,-1.4428830036738016,0.21280820060034533,Negative,,False,0.09618306635043294,0.07846116569063755,7
BTC,2023-07-26,2024-07-24,365,Lagged_US10Y_Change_Aligned,-0.016870834699170452,0.026334855884866518,-0.6406275687601305,0.5221756685022503,-0.06866178404482354,0.03492011464648264,Negative,,False,0.09618306635043294,0.07846116569063755,7
BTC,2023-08-02,2024-07-31,365,const,0.017179148716251556,0.049051897879184576,0.35022393544412916,0.7263771839491495,-0.07928784428631422,0.11364614171881735,Positive,,False,0.017951414030991653,-0.0013044405958515526,7
BTC,2023-08-02,2024-07-31,365,BTC_Lagged_Return,-0.039164086709181346,0.0653155881794809,-0.5996131674044217,0.5491444286265145,-0.16761576055445018,0.0892875871360875,Negative,,False,0.017951414030991653,-0.0013044405958515526,7
BTC,2023-08-02,2024-07-31,365,Lagged_Log_BTC_Volume,-0.0006120555639029341,0.0020721120821161274,-0.29537763385746846,0.7678771325021857,-0.004687135843535763,0.003463024715729895,Negative,,False,0.017951414030991653,-0.0013044405958515526,7
BTC,2023-08-02,2024-07-31,365,Lagged_SP500_Return_Aligned,-0.333425580333551,0.25711753562113654,-1.2967827321776084,0.1955434740680265,-0.8390809490756965,0.17222978840859443,Negative,,False,0.017951414030991653,-0.0013044405958515526,7
BTC,2023-08-02,2024-07-31,365,Lagged_VIX_Change_Aligned,-0.001824042734657802,0.002328970736612778,-0.7831969315813148,0.43403072431697587,-0.006404269259335142,0.0027561837900195374,Negative,,False,0.017951414030991653,-0.0013044405958515526,7
BTC,2023-08-02,2024-07-31,365,Lagged_Gold_Return_Aligned,-0.03715225619949034,0.15883758785239502,-0.23390090910984673,0.8151959793265328,-0.34952721289619415,0.2752227004972134,Negative,,False,0.017951414030991653,-0.0013044405958515526,7
BTC,2023-08-02,2024-07-31,365,Lagged_DXY_Return_Aligned,-0.5135560820111762,0.4175353662622822,-1.2299702576298097,0.21951815109014647,-1.3346941622288564,0.307581998206504,Negative,,False,0.017951414030991653,-0.0013044405958515526,7
BTC,2023-08-02,2024-07-31,365,Lagged_US10Y_Change_Aligned,-0.028753091890472208,0.023708349496122882,-1.212783365420453,0.22601456252431226,-0.0753786718135561,0.017872488032611693,Negative,,False,0.017951414030991653,-0.0013044405958515526,7
BTC,2023-08-09,2024-08-07,365,const,0.028727541338409355,0.048217589461866266,0.5957896622171259,0.5516932761242233,-0.06609867469659325,0.12355375737341195,Positive,,False,0.004406326032835195,-0.015115118554756224,7
BTC,2023-08-09,2024-08-07,365,BTC_Lagged_Return,-0.0374644471064525,0.06565219116718682,-0.5706503688665513,0.5685956677944934,-0.16657809489082656,0.09164920067792157,Negative,,False,0.004406326032835195,-0.015115118554756224,7
BTC,2023-08-09,2024-08-07,365,Lagged_Log_BTC_Volume,-0.001133748018507465,0.002035262556247986,-0.5570524623602047,0.5778406452037939,-0.005136358870701925,0.002868862833686995,Negative,,False,0.004406326032835195,-0.015115118554756224,7
BTC,2023-08-09,2024-08-07,365,Lagged_SP500_Return_Aligned,-0.019205644136107924,0.30544184956684545,-0.06287823414945895,0.9498986567716348,-0.6198971166134507,0.5814858283412349,Negative,,False,0.004406326032835195,-0.015115118554756224,7
BTC,2023-08-09,2024-08-07,365,Lagged_VIX_Change_Aligned,-0.0001929172679479347,0.001504003680767541,-0.12826914615626664,0.8980082072951694,-0.0031507378380263014,0.002764903302130432,Negative,,False,0.004406326032835195,-0.015115118554756224,7
BTC,2023-08-09,2024-08-07,365,Lagged_Gold_Return_Aligned,0.030655320837032533,0.16022691230665773,0.19132441857433677,0.8483801964620943,-0.28445192468441266,0.34576256635847774,Positive,,False,0.004406326032835195,-0.015115118554756224,7
BTC,2023-08-09,2024-08-07,365,Lagged_DXY_Return_Aligned,-0.15465069371339696,0.5082101255503476,-0.3043046290073887,0.7610731194284256,-1.1541125849953382,0.8448111975685444,Negative,,False,0.004406326032835195,-0.015115118554756224,7
BTC,2023-08-09,2024-08-07,365,Lagged_US10Y_Change_Aligned,-0.012175200439065486,0.028227168166650413,-0.43132914953367996,0.666489400447928,-0.06768763016647932,0.043337229288348336,Negative,,False,0.004406326032835195,-0.015115118554756224,7
BTC,2023-08-16,2024-08-14,365,const,0.013741033192116968,0.051310909953422704,0.267799444691009,0.7890083544068281,-0.08716860344668448,0.11465066983091843,Positive,,False,0.0031140875262888335,-0.016432695071234793,7
BTC,2023-08-16,2024-08-14,365,BTC_Lagged_Return,-0.03786828077523123,0.06415742655807577,-0.5902400206303877,0.555403164698224,-0.16404227783614594,0.0883057162856835,Negative,,False,0.0031140875262888335,-0.016432695071234793,7
BTC,2023-08-16,2024-08-14,365,Lagged_Log_BTC_Volume,-0.0004947766594508526,0.0021591856847769744,-0.22914965717826108,0.8188838180976218,-0.0047410986031530475,0.003751545284251342,Negative,,False,0.0031140875262888335,-0.016432695071234793,7
BTC,2023-08-16,2024-08-14,365,Lagged_SP500_Return_Aligned,-0.032685195432549996,0.28402650943580743,-0.11507797457876778,0.9084480152180014,-0.5912605917560876,0.5258902008909876,Negative,,False,0.0031140875262888335,-0.016432695071234793,7
BTC,2023-08-16,2024-08-14,365,Lagged_VIX_Change_Aligned,-6.980943932925667e-05,0.0013266227126172724,-0.05262192382605207,0.9580625808570914,-0.0026787870623827007,0.0025391681837241874,Negative,,False,0.0031140875262888335,-0.016432695071234793,7
BTC,2023-08-16,2024-08-14,365,Lagged_Gold_Return_Aligned,0.05675907105862178,0.16361329265499902,0.34690990039731084,0.7288634082370281,-0.26500793572572234,0.3785260778429659,Positive,,False,0.0031140875262888335,-0.016432695071234793,7
BTC,2023-08-16,2024-08-14,365,Lagged_DXY_Return_Aligned,-0.07026348508581162,0.5135296246607928,-0.1368245992277924,0.8912465670262916,-1.0801868693099501,0.9396598991383268,Negative,,False,0.0031140875262888335,-0.016432695071234793,7
BTC,2023-08-16,2024-08-14,365,Lagged_US10Y_Change_Aligned,-0.008419171981969939,0.0299725941946547,-0.2808956718024565,0.7789531414724481,-0.06736421100096913,0.05052586703702926,Negative,,False,0.0031140875262888335,-0.016432695071234793,7
BTC,2023-08-23,2024-08-21,365,const,0.013032095040653245,0.05272836922805529,0.24715528341656418,0.8049301223600789,-0.09066516123855825,0.11672935131986475,Positive,,False,0.004601314337396301,-0.014916306950105707,7
BTC,2023-08-23,2024-08-21,365,BTC_Lagged_Return,-0.056606693708519035,0.06266642901845522,-0.9033017294131823,0.36697487371513027,-0.17984844848238346,0.06663506106534538,Negative,,False,0.004601314337396301,-0.014916306950105707,7
BTC,2023-08-23,2024-08-21,365,Lagged_Log_BTC_Volume,-0.0004458159868512756,0.0022175812282394756,-0.20103704936445835,0.8407840926587287,-0.0048069804285227205,0.003915348454820169,Negative,,False,0.004601314337396301,-0.014916306950105707,7
BTC,2023-08-23,2024-08-21,365,Lagged_SP500_Return_Aligned,-0.009358589055833394,0.27687719256637566,-0.033800505448240786,0.973055122807536,-0.5538739157340482,0.5351567376223814,Negative,,False,0.004601314337396301,-0.014916306950105707,7
BTC,2023-08-23,2024-08-21,365,Lagged_VIX_Change_Aligned,0.00019749755472289114,0.001259435459355197,0.15681435142695244,0.8754798067368816,-0.002279347519529732,0.0026743426289755146,Positive,,False,0.004601314337396301,-0.014916306950105707,7
BTC,2023-08-23,2024-08-21,365,Lagged_Gold_Return_Aligned,0.06717995535066312,0.16499669574409423,0.4071593982394506,0.6841349364704139,-0.2573076951169116,0.39166760581823784,Positive,,False,0.004601314337396301,-0.014916306950105707,7
BTC,2023-08-23,2024-08-21,365,Lagged_DXY_Return_Aligned,-0.0797520714332293,0.5122521463410772,-0.1556890917937263,0.8763660897379102,-1.0871631269309145,0.9276589840644559,Negative,,False,0.004601314337396301,-0.014916306950105707,7
BTC,2023-08-23,2024-08-21,365,Lagged_US10Y_Change_Aligned,-0.000718560108185419,0.030260385340700174,-0.023745900790594254,0.9810685597012703,-0.06022957817533782,0.05879245795896698,Negative,,False,0.004601314337396301,-0.014916306950105707,7
BTC,2023-08-30,2024-08-28,365,const,0.009095102000958047,0.05464105585614789,0.16645179816624497,0.8678956451869212,-0.09836370348523345,0.11655390748714954,Positive,,False,0.003358343438070621,-0.01618364982784959,7
BTC,2023-08-30,2024-08-28,365,BTC_Lagged_Return,-0.04226919955091131,0.06286112435095728,-0.6724219457946684,0.5017500841219661,-0.16589384824101863,0.08135544913919601,Negative,,False,0.003358343438070621,-0.01618364982784959,7
BTC,2023-08-30,2024-08-28,365,Lagged_Log_BTC_Volume,-0.0002918176674250772,0.00229397808128296,-0.1272103119929862,0.8988455644369593,-0.004803226544207182,0.0042195912093570265,Negative,,False,0.003358343438070621,-0.01618364982784959,7
BTC,2023-08-30,2024-08-28,365,Lagged_SP500_Return_Aligned,-0.0082005645690022,0.27254540911759184,-0.03008880096550811,0.9760130458127668,-0.5441968707462836,0.5277957416082792,Negative,,False,0.003358343438070621,-0.01618364982784959,7
BTC,2023-08-30,2024-08-28,365,Lagged_VIX_Change_Aligned,0.0003977625577034964,0.0012046523643809027,0.33018866642736,0.7414510854213702,-0.001971344372500948,0.002766869487907941,Positive,,False,0.003358343438070621,-0.01618364982784959,7
BTC,2023-08-30,2024-08-28,365,Lagged_Gold_Return_Aligned,0.05651576296470177,0.1658510620499241,0.3407621408398912,0.7334830969425917,-0.2696521109398766,0.3826836368692802,Positive,,False,0.003358343438070621,-0.01618364982784959,7
BTC,2023-08-30,2024-08-28,365,Lagged_DXY_Return_Aligned,0.002090570528249236,0.5008792519788189,0.0041738014102002405,0.9966721292458868,-0.9829541960326635,0.987135337089162,Positive,,False,0.003358343438070621,-0.01618364982784959,7
BTC,2023-08-30,2024-08-28,365,Lagged_US10Y_Change_Aligned,-0.0017815806118346225,0.03076103888702473,-0.05791678942891973,0.9538473128457777,-0.06227719956576526,0.058714038342096014,Negative,,False,0.003358343438070621,-0.01618364982784959,7
BTC,2023-09-06,2024-09-04,365,const,0.015281729103708085,0.054526052416017975,0.28026472533006647,0.7794367427934011,-0.09195090702851452,0.12251436523593068,Positive,,False,0.0038248717300460866,-0.01570797392230583,7
BTC,2023-09-06,2024-09-04,365,BTC_Lagged_Return,-0.047769889372402466,0.06364236085608928,-0.7505989521730927,0.4533884826998675,-0.17293094215149202,0.07739116340668707,Negative,,False,0.0038248717300460866,-0.01570797392230583,7
BTC,2023-09-06,2024-09-04,365,Lagged_Log_BTC_Volume,-0.0005453752549868377,0.002289465880911604,-0.23821069339093354,0.8118543501852348,-0.005047910297718283,0.003957159787744607,Negative,,False,0.0038248717300460866,-0.01570797392230583,7
BTC,2023-09-06,2024-09-04,365,Lagged_SP500_Return_Aligned,-0.010402561239728575,0.26880626996275997,-0.03869910192634171,0.9691519208362278,-0.539045359677652,0.5182402371981948,Negative,,False,0.0038248717300460866,-0.01570797392230583,7
BTC,2023-09-06,2024-09-04,365,Lagged_VIX_Change_Aligned,0.0002907672936085701,0.0012231795954038122,0.23771431006628113,0.8122390512916193,-0.002114775867256021,0.0026963104544731613,Positive,,False,0.0038248717300460866,-0.01570797392230583,7
BTC,2023-09-06,2024-09-04,365,Lagged_Gold_Return_Aligned,0.06327600528319784,0.16483242650966157,0.38388080927443574,0.7012953178766554,-0.2608885881820243,0.38744059874841996,Positive,,False,0.0038248717300460866,-0.01570797392230583,7
BTC,2023-09-06,2024-09-04,365,Lagged_DXY_Return_Aligned,-0.04738246096681312,0.5031529930045932,-0.09417108041804012,0.9250260876288098,-1.0368988375796602,0.942133915646034,Negative,,False,0.0038248717300460866,-0.01570797392230583,7
BTC,2023-09-06,2024-09-04,365,Lagged_US10Y_Change_Aligned,-0.0006839652833001142,0.03100018239803242,-0.02206326641947518,0.982409814843267,-0.06164989132830006,0.06028196076169983,Negative,,False,0.0038248717300460866,-0.01570797392230583,7
BTC,2023-09-13,2024-09-11,365,const,0.032034872317858676,0.0570557325603771,0.5614663221431601,0.5748319622665692,-0.08017271172332499,0.14424245635904234,Positive,,False,0.0037210405201216767,-0.015813841038307297,7
BTC,2023-09-13,2024-09-11,365,BTC_Lagged_Return,-0.02851218445506915,0.06313904017997084,-0.45157773025687953,0.6518474246188996,-0.1526833910867017,0.09565902217656341,Negative,,False,0.0037210405201216767,-0.015813841038307297,7
BTC,2023-09-13,2024-09-11,365,Lagged_Log_BTC_Volume,-0.0012483918524651746,0.0023911688379792133,-0.5220843600154123,0.6019353784998995,-0.005950939104142049,0.0034541553992116997,Negative,,False,0.0037210405201216767,-0.015813841038307297,7
BTC,2023-09-13,2024-09-11,365,Lagged_SP500_Return_Aligned,-0.01696306705484879,0.2544629413281668,-0.0666622297388776,0.9468879200606353,-0.5173978278255087,0.48347169371581117,Negative,,False,0.0037210405201216767,-0.015813841038307297,7
BTC,2023-09-13,2024-09-11,365,Lagged_VIX_Change_Aligned,0.0005858726644520662,0.0011589126514231817,0.5055365162616836,0.613494031917861,-0.0016932811189709924,0.0028650264478751247,Positive,,False,0.0037210405201216767,-0.015813841038307297,7
BTC,2023-09-13,2024-09-11,365,Lagged_Gold_Return_Aligned,0.04447566700119566,0.1632723814433386,0.2724016554914422,0.7854706828733049,-0.276620893156379,0.3655722271587703,Positive,,False,0.0037210405201216767,-0.015813841038307297,7
BTC,2023-09-13,2024-09-11,365,Lagged_DXY_Return_Aligned,0.10903207473742779,0.49945784450359193,0.21830085549220696,0.8273194404146342,-0.873217307528585,1.0912814570034406,Positive,,False,0.0037210405201216767,-0.015813841038307297,7
BTC,2023-09-13,2024-09-11,365,Lagged_US10Y_Change_Aligned,-0.005003773187532735,0.0307469557695202,-0.16274044250237715,0.8708148803645077,-0.06547169584312422,0.05546414946805875,Negative,,False,0.0037210405201216767,-0.015813841038307297,7
BTC,2023-09-20,2024-09-18,365,const,0.01833663259347404,0.05996592613614726,0.305784197376396,0.7599471905154946,-0.09959422894456393,0.136267494131512,Positive,,False,0.003441206784459361,-0.01609916170996284,7
BTC,2023-09-20,2024-09-18,365,BTC_Lagged_Return,-0.03406879878630816,0.06283655457721063,-0.5421812035293248,0.5880319408885145,-0.1576451277926811,0.0895075302200648,Negative,,False,0.003441206784459361,-0.01609916170996284,7
BTC,2023-09-20,2024-09-18,365,Lagged_Log_BTC_Volume,-0.0006741787176872687,0.0025088170932709548,-0.2687237421554257,0.7882975033023414,-0.005608096699360068,0.00425973926398553,Negative,,False,0.003441206784459361,-0.01609916170996284,7
BTC,2023-09-20,2024-09-18,365,Lagged_SP500_Return_Aligned,0.0064846851206026845,0.2622176918686902,0.02473015864944001,0.9802840164691689,-0.5092008100451226,0.5221701802863279,Positive,,False,0.003441206784459361,-0.01609916170996284,7
BTC,2023-09-20,2024-09-18,365,Lagged_VIX_Change_Aligned,0.0006444934139250222,0.0011513397466739927,0.559776917097533,0.5759826566209341,-0.0016197672587105918,0.002908754086560636,Positive,,False,0.003441206784459361,-0.01609916170996284,7
BTC,2023-09-20,2024-09-18,365,Lagged_Gold_Return_Aligned,0.04074092472408617,0.1627898145255657,0.250267038160965,0.8025248041334082,-0.27940660427480163,0.360888453722974,Positive,,False,0.003441206784459361,-0.01609916170996284,7
BTC,2023-09-20,2024-09-18,365,Lagged_DXY_Return_Aligned,0.08055612433507639,0.5092369555532944,0.15818986319944284,0.8743966319105883,-0.9209251628722389,1.0820374115423916,Positive,,False,0.003441206784459361,-0.01609916170996284,7
BTC,2023-09-20,2024-09-18,365,Lagged_US10Y_Change_Aligned,-0.0027182524665288234,0.03069735614630159,-0.08855005146286248,0.9294891572120472,-0.0630886309553738,0.05765212602231616,Negative,,False,0.003441206784459361,-0.01609916170996284,7
BTC,2023-09-27,2024-09-25,365,const,0.026499682983188257,0.0628874929264148,0.42138240451397496,0.6737294593135651,-0.09717682297022848,0.150176188936605,Positive,,False,0.004181789561186422,-0.015344057702319613,7
BTC,2023-09-27,2024-09-25,365,BTC_Lagged_Return,-0.03575985115563784,0.06261976646973558,-0.5710633107027114,0.5683160301978815,-0.15890983790511495,0.08739013559383929,Negative,,False,0.004181789561186422,-0.015344057702319613,7
BTC,2023-09-27,2024-09-25,365,Lagged_Log_BTC_Volume,-0.001001725122758665,0.0026280091469160975,-0.38117261651625683,0.7033019071265203,-0.006170049916442436,0.004166599670925107,Negative,,False,0.004181789561186422,-0.015344057702319613,7
BTC,2023-09-27,2024-09-25,365,Lagged_SP500_Return_Aligned,-0.026640875937434277,0.2625035613680531,-0.10148767429513623,0.9192203166339653,-0.542888570980983,0.4896068191061145,Negative,,False,0.004181789561186422,-0.015344057702319613,7
BTC,2023-09-27,2024-09-25,365,Lagged_VIX_Change_Aligned,0.000626083604845727,0.0011467393717344643,0.5459685263084358,0.5854285741469943,-0.0016291298268820283,0.0028812970365734826,Positive,,False,0.004181789561186422,-0.015344057702319613,7
BTC,2023-09-27,2024-09-25,365,Lagged_Gold_Return_Aligned,0.04284850738316586,0.16022171597140064,0.2674325831762672,0.7892905461911299,-0.27224851886321444,0.3579455336295462,Positive,,False,0.004181789561186422,-0.015344057702319613,7
BTC,2023-09-27,2024-09-25,365,Lagged_DXY_Return_Aligned,0.04565912572855821,0.5165920443664257,0.08838526691706382,0.9296200296408442,-0.9702869086495426,1.061605160106659,Positive,,False,0.004181789561186422,-0.015344057702319613,7
BTC,2023-09-27,2024-09-25,365,Lagged_US10Y_Change_Aligned,0.00045357101534217875,0.03180141588947493,0.014262604436184668,0.9886284410679317,-0.06208808581591151,0.06299522784659586,Positive,,False,0.004181789561186422,-0.015344057702319613,7
BTC,2023-10-04,2024-10-02,365,const,0.013716650965793373,0.06622944833369297,0.20710803594018898,0.8360435666243704,-0.11653224877517544,0.1439655507067622,Positive,,False,0.003515588140040271,-0.01602332189642941,7
BTC,2023-10-04,2024-10-02,365,BTC_Lagged_Return,-0.02627606131196598,0.06294461642600306,-0.4174473180380058,0.6766021859692279,-0.15006490812217557,0.09751278549824362,Negative,,False,0.003515588140040271,-0.01602332189642941,7
BTC,2023-10-04,2024-10-02,365,Lagged_Log_BTC_Volume,-0.0004813283203401004,0.0027613867890660397,-0.17430673683453668,0.8617232083029313,-0.005911957747040675,0.004949301106360474,Negative,,False,0.003515588140040271,-0.01602332189642941,7
BTC,2023-10-04,2024-10-02,365,Lagged_SP500_Return_Aligned,-0.04125430775158179,0.27061009861401514,-0.1524492543437002,0.8789187335062579,-0.5734445719023926,0.49093595639922905,Negative,,False,0.003515588140040271,-0.01602332189642941,7
BTC,2023-10-04,2024-10-02,365,Lagged_VIX_Change_Aligned,0.0005552299590904509,0.0011815991833380817,0.4698970403160708,0.6387154784046715,-0.0017685398659152889,0.002878999784096191,Positive,,False,0.003515588140040271,-0.01602332189642941,7
BTC,2023-10-04,2024-10-02,365,Lagged_Gold_Return_Aligned,0.0762574394256734,0.16094684598797537,0.4738051184387343,0.6359285087854708,-0.240265650138525,0.3927805289898718,Positive,,False,0.003515588140040271,-0.01602332189642941,7
BTC,2023-10-04,2024-10-02,365,Lagged_DXY_Return_Aligned,0.009361292273624144,0.5122310582235241,0.01827552649011596,0.9854292606702235,-0.9980082906740397,1.016730875221288,Positive,,False,0.003515588140040271,-0.01602332189642941,7
BTC,2023-10-04,2024-10-02,365,Lagged_US10Y_Change_Aligned,0.0023734916777782347,0.031645215882357206,0.07500317541210078,0.9402541954303729,-0.05986097734535559,0.06460796070091206,Positive,,False,0.003515588140040271,-0.01602332189642941,7
BTC,2023-10-11,2024-10-09,365,const,0.0235765295832321,0.0684742672049048,0.34431225839454205,0.7308141924397585,-0.11108710099801096,0.15824016016447517,Positive,,False,0.004149557377896906,-0.015376921889203032,7
BTC,2023-10-11,2024-10-09,365,BTC_Lagged_Return,-0.027273354953142776,0.06286299758130515,-0.43385387274713116,0.6646566196559424,-0.15090168759650519,0.09635497769021963,Negative,,False,0.004149557377896906,-0.015376921889203032,7
BTC,2023-10-11,2024-10-09,365,Lagged_Log_BTC_Volume,-0.0008952622131731666,0.0028527655445671333,-0.31382256942850517,0.7538390921706505,-0.006505599951858299,0.0047150755255119655,Negative,,False,0.004149557377896906,-0.015376921889203032,7
BTC,2023-10-11,2024-10-09,365,Lagged_SP500_Return_Aligned,-0.01936905416707624,0.267232321359425,-0.07248020774038422,0.9422603453974588,-0.5449164761676132,0.5061783678334607,Negative,,False,0.004149557377896906,-0.015376921889203032,7
BTC,2023-10-11,2024-10-09,365,Lagged_VIX_Change_Aligned,0.000631457727855968,0.001159905505482114,0.5444044578385745,0.5865030471156419,-0.001649648633340768,0.002912564089052704,Positive,,False,0.004149557377896906,-0.015376921889203032,7
BTC,2023-10-11,2024-10-09,365,Lagged_Gold_Return_Aligned,0.10273797092532846,0.16235833508507974,0.6327853194077856,0.5272789437773643,-0.21656099714185742,0.4220369389925144,Positive,,False,0.004149557377896906,-0.015376921889203032,7
BTC,2023-10-11,2024-10-09,365,Lagged_DXY_Return_Aligned,0.0412321963323915,0.5045319140612222,0.08172366342595366,0.9349122586569121,-0.9509960094587793,1.0334604021235623,Positive,,False,0.004149557377896906,-0.015376921889203032,7
BTC,2023-10-11,2024-10-09,365,Lagged_US10Y_Change_Aligned,0.004076638396650949,0.031830737556802886,0.12807238253201225,0.8981638051471725,-0.05852268334053393,0.06667596013383584,Positive,,False,0.004149557377896906,-0.015376921889203032,7
BTC,2023-10-18,2024-10-16,365,const,0.011287397035317094,0.06961135204329391,0.16214879763141274,0.8712804139912559,-0.12561246007111315,0.14818725414174733,Positive,,False,0.0032728199894174193,-0.01627085020686847,7
BTC,2023-10-18,2024-10-16,365,BTC_Lagged_Return,-0.032595598328082565,0.06133703838913036,-0.531417870574248,0.5954597283219741,-0.1532229320075253,0.08803173535136018,Negative,,False,0.0032728199894174193,-0.01627085020686847,7
BTC,2023-10-18,2024-10-16,365,Lagged_Log_BTC_Volume,-0.0003716939324855603,0.0028971680584961414,-0.12829560625437061,0.8979872833293392,-0.006069355040615764,0.005325967175644643,Negative,,False,0.0032728199894174193,-0.01627085020686847,7
BTC,2023-10-18,2024-10-16,365,Lagged_SP500_Return_Aligned,-0.034074368124474536,0.2719766156823625,-0.12528418312355755,0.9003690930633662,-0.5689520673831956,0.5008033311342466,Negative,,False,0.0032728199894174193,-0.01627085020686847,7
BTC,2023-10-18,2024-10-16,365,Lagged_VIX_Change_Aligned,0.00040121638519611787,0.0012537715321489962,0.32000757307706834,0.7491497919557695,-0.0020644898330735347,0.0028669226034657705,Positive,,False,0.0032728199894174193,-0.01627085020686847,7
BTC,2023-10-18,2024-10-16,365,Lagged_Gold_Return_Aligned,0.09770144978174741,0.1670956136937701,0.584703856803813,0.559116193489302,-0.2309139982210632,0.42631689778455806,Positive,,False,0.0032728199894174193,-0.01627085020686847,7
BTC,2023-10-18,2024-10-16,365,Lagged_DXY_Return_Aligned,0.0065491057919443985,0.5150745314813058,0.012714870162789427,0.9898623771696133,-1.0064125403932525,1.0195107519771414,Positive,,False,0.0032728199894174193,-0.01627085020686847,7
BTC,2023-10-18,2024-10-16,365,Lagged_US10Y_Change_Aligned,0.0035156072714226244,0.03258681627767811,0.10788434321001181,0.9141480427980031,-0.0605706424711924,0.06760185701403765,Positive,,False,0.0032728199894174193,-0.01627085020686847,7
BTC,2023-10-25,2024-10-23,365,const,-0.00637321451963057,0.07126533451350613,-0.08942937773515573,0.9287908258514189,-0.14652584516345407,0.13377941612419292,Negative,,False,0.005424539042351406,-0.014076940584269115,7
BTC,2023-10-25,2024-10-23,365,BTC_Lagged_Return,-0.05233999297394154,0.05864788011922966,-0.8924447544827819,0.3727557403109043,-0.1676787440863194,0.0629987581384363,Negative,,False,0.005424539042351406,-0.014076940584269115,7
BTC,2023-10-25,2024-10-23,365,Lagged_Log_BTC_Volume,0.00033701833951490915,0.002964306886619556,0.11369212176922715,0.9095457665148442,-0.0054926800830273495,0.006166716762057167,Positive,,False,0.005424539042351406,-0.014076940584269115,7
BTC,2023-10-25,2024-10-23,365,Lagged_SP500_Return_Aligned,0.12990972155695615,0.2580718864757455,0.5033857942878467,0.615003504525669,-0.3776225033557764,0.6374419464696887,Positive,,False,0.005424539042351406,-0.014076940584269115,7
BTC,2023-10-25,2024-10-23,365,Lagged_VIX_Change_Aligned,0.0008861349887659879,0.001107264151901074,0.8002923125837436,0.4240736819344017,-0.0012914452438382246,0.0030637152213702007,Positive,,False,0.005424539042351406,-0.014076940584269115,7
BTC,2023-10-25,2024-10-23,365,Lagged_Gold_Return_Aligned,0.09571046852439406,0.16572322723862742,0.5775320099612777,0.5639441736430478,-0.23020600145128406,0.4216269385000722,Positive,,False,0.005424539042351406,-0.014076940584269115,7
BTC,2023-10-25,2024-10-23,365,Lagged_DXY_Return_Aligned,0.120005025936371,0.5115574067353554,0.23458760318263427,0.8146633172007925,-0.886039732973793,1.126049784846535,Positive,,False,0.005424539042351406,-0.014076940584269115,7
BTC,2023-10-25,2024-10-23,365,Lagged_US10Y_Change_Aligned,0.006603607410456035,0.032760515955917745,0.2015721431048824,0.8403660293274887,-0.05782424553957335,0.07103146036048541,Positive,,False,0.005424539042351406,-0.014076940584269115,7
BTC,2023-11-01,2024-10-30,365,const,-0.0031184742052798413,0.07336773666423715,-0.04250470775119237,0.9661201211577463,-0.14740575452285662,0.14116880611229696,Negative,,False,0.00629103367662498,-0.013193455859127345,7
BTC,2023-11-01,2024-10-30,365,BTC_Lagged_Return,-0.05488975759909421,0.059729984872574596,-0.9189648669122163,0.35873442100733305,-0.1723566096857927,0.06257709448760426,Negative,,False,0.00629103367662498,-0.013193455859127345,7
BTC,2023-11-01,2024-10-30,365,Lagged_Log_BTC_Volume,0.00021022967281645244,0.0030476172309315264,0.06898165251290242,0.945042844631728,-0.00578330947249618,0.0062037688181290854,Positive,,False,0.00629103367662498,-0.013193455859127345,7
BTC,2023-11-01,2024-10-30,365,Lagged_SP500_Return_Aligned,0.09498018907953726,0.26362934010091443,0.36027928091455935,0.7188513499367268,-0.42348149754926795,0.6134418757083424,Positive,,False,0.00629103367662498,-0.013193455859127345,7
BTC,2023-11-01,2024-10-30,365,Lagged_VIX_Change_Aligned,0.0009216441330811406,0.0010701696259869235,0.8612131298635851,0.3896987198694715,-0.0011829848473491505,0.0030262731135114315,Positive,,False,0.00629103367662498,-0.013193455859127345,7
BTC,2023-11-01,2024-10-30,365,Lagged_Gold_Return_Aligned,0.09796627729607066,0.16543517336493785,0.5921732078097095,0.5541094575308648,-0.22738369694307115,0.42331625153521246,Positive,,False,0.00629103367662498,-0.013193455859127345,7
BTC,2023-11-01,2024-10-30,365,Lagged_DXY_Return_Aligned,0.06829857640778281,0.5209058036360932,0.13111502296775418,0.8957581720688294,-0.9561310315581679,1.0927281843737335,Positive,,False,0.00629103367662498,-0.013193455859127345,7
BTC,2023-11-01,2024-10-30,365,Lagged_US10Y_Change_Aligned,0.012389871190293326,0.03368456696620011,0.36782040875649713,0.7132251253445387,-0.05385524931098303,0.07863499169156968,Positive,,False,0.00629103367662498,-0.013193455859127345,7
BTC,2023-11-08,2024-11-06,365,const,-0.029032165709458338,0.07790367025119796,-0.37266749584255815,0.709617079325102,-0.18223995456008285,0.12417562314116616,Negative,,False,0.004699016587001781,-0.014816688970115788,7
BTC,2023-11-08,2024-11-06,365,BTC_Lagged_Return,-0.049722681180333184,0.05997127119000966,-0.8291083412721832,0.4075971060400953,-0.16766405446808597,0.0682186921074196,Negative,,False,0.004699016587001781,-0.014816688970115788,7
BTC,2023-11-08,2024-11-06,365,Lagged_Log_BTC_Volume,0.0012859491398577946,0.0032332050085098433,0.39773201404586395,0.6910654522153753,-0.005072572719989244,0.007644470999704832,Positive,,False,0.004699016587001781,-0.014816688970115788,7
BTC,2023-11-08,2024-11-06,365,Lagged_SP500_Return_Aligned,0.16708235322642156,0.2663133219739475,0.6273901432642811,0.5308045844766652,-0.35665773590584254,0.6908224423586857,Positive,,False,0.004699016587001781,-0.014816688970115788,7
BTC,2023-11-08,2024-11-06,365,Lagged_VIX_Change_Aligned,0.0008852408164197433,0.0011108220643391577,0.7969240482690487,0.4260248151051446,-0.0012993365178076061,0.0030698181506470927,Positive,,False,0.004699016587001781,-0.014816688970115788,7
BTC,2023-11-08,2024-11-06,365,Lagged_Gold_Return_Aligned,0.06886963494698352,0.1694789816148182,0.4063609203382302,0.6847209109357661,-0.2644330187808446,0.4021722886748116,Positive,,False,0.004699016587001781,-0.014816688970115788,7
BTC,2023-11-08,2024-11-06,365,Lagged_DXY_Return_Aligned,0.025792979255102322,0.5676609244786873,0.04543729917430791,0.9637841562171462,-1.0905867083237848,1.1421726668339895,Positive,,False,0.004699016587001781,-0.014816688970115788,7
BTC,2023-11-08,2024-11-06,365,Lagged_US10Y_Change_Aligned,0.003746790409249176,0.03443816171858234,0.10879763094983845,0.9134241277157168,-0.06398037304750835,0.0714739538660067,Positive,,False,0.004699016587001781,-0.014816688970115788,7
BTC,2023-11-15,2024-11-13,365,const,-0.05837047185505333,0.07945002816749135,-0.7346815753419309,0.46301574341790147,-0.21461937643697837,0.0978784327268717,Negative,,False,0.005695048241829093,-0.013801127282840886,7
BTC,2023-11-15,2024-11-13,365,BTC_Lagged_Return,-0.03802865613455151,0.05877406647937998,-0.6470312233354367,0.5180275365790407,-0.15361556928036632,0.07755825701126329,Negative,,False,0.005695048241829093,-0.013801127282840886,7
BTC,2023-11-15,2024-11-13,365,Lagged_Log_BTC_Volume,0.002518082803199687,0.00329861363961768,0.7633760962352477,0.4457432967170931,-0.003969073711618871,0.009005239318018245,Positive,,False,0.005695048241829093,-0.013801127282840886,7
BTC,2023-11-15,2024-11-13,365,Lagged_SP500_Return_Aligned,0.24804997633253262,0.2656689429416137,0.9336807441095845,0.35109966028497525,-0.2744228568873048,0.77052280955237,Positive,,False,0.005695048241829093,-0.013801127282840886,7
BTC,2023-11-15,2024-11-13,365,Lagged_VIX_Change_Aligned,0.0010827393266043283,0.001096736621374615,0.9872373234398402,0.32419492836551994,-0.0010741371359616375,0.003239615789170294,Positive,,False,0.005695048241829093,-0.013801127282840886,7
BTC,2023-11-15,2024-11-13,365,Lagged_Gold_Return_Aligned,0.043071655008077636,0.18045280379998477,0.2386865379815244,0.8114856095778161,-0.31181245986026,0.3979557698764153,Positive,,False,0.005695048241829093,-0.013801127282840886,7
BTC,2023-11-15,2024-11-13,365,Lagged_DXY_Return_Aligned,0.18382828662504308,0.5546023180437781,0.3314596435035679,0.7404918060397819,-0.9068699380534204,1.2745265113035067,Positive,,False,0.005695048241829093,-0.013801127282840886,7
BTC,2023-11-15,2024-11-13,365,Lagged_US10Y_Change_Aligned,-0.003119756034097275,0.03607764846082491,-0.08647337526681866,0.9311385991108624,-0.07407118527729295,0.06783167320909841,Negative,,False,0.005695048241829093,-0.013801127282840886,7
BTC,2023-11-22,2024-11-20,365,const,-0.07334495882965635,0.07444409734115429,-0.985235383989399,0.3251757100603094,-0.21974904364161058,0.0730591259822979,Negative,,False,0.007060569002210637,-0.012408831605589032,7
BTC,2023-11-22,2024-11-20,365,BTC_Lagged_Return,-0.01927843416090192,0.055690183662378274,-0.34617293197985166,0.729416680291057,-0.12880048712819386,0.09024361880639001,Negative,,False,0.007060569002210637,-0.012408831605589032,7
BTC,2023-11-22,2024-11-20,365,Lagged_Log_BTC_Volume,0.0031383172110605716,0.0030842217155532562,1.0175394314988835,0.30958596591833515,-0.0029272094559288806,0.009203843878050025,Positive,,False,0.007060569002210637,-0.012408831605589032,7
BTC,2023-11-22,2024-11-20,365,Lagged_SP500_Return_Aligned,0.20040416475217754,0.2525052971917107,0.7936632101623745,0.4279187208597404,-0.29618063197268424,0.6969889614770393,Positive,,False,0.007060569002210637,-0.012408831605589032,7
BTC,2023-11-22,2024-11-20,365,Lagged_VIX_Change_Aligned,0.0011218116893785437,0.0011026023996108592,1.0174217739544773,0.30964183183419325,-0.0010466005957047095,0.003290223974461797,Positive,,False,0.007060569002210637,-0.012408831605589032,7
BTC,2023-11-22,2024-11-20,365,Lagged_Gold_Return_Aligned,0.07765371959867678,0.18035978177193548,0.43054897735943,0.6670561587031592,-0.27704745524660573,0.4323548944439593,Positive,,False,0.007060569002210637,-0.012408831605589032,7
BTC,2023-11-22,2024-11-20,365,Lagged_DXY_Return_Aligned,0.37031969134765697,0.5570925825635025,0.664736352517213,0.5066482934507497,-0.7252759652424212,1.4659153479377351,Positive,,False,0.007060569002210637,-0.012408831605589032,7
BTC,2023-11-22,2024-11-20,365,Lagged_US10Y_Change_Aligned,0.0025799013147639153,0.03566594816806678,0.07233513890074593,0.9423757088952734,-0.06756186528584711,0.07272166791537495,Positive,,False,0.007060569002210637,-0.012408831605589032,7
BTC,2023-11-29,2024-11-27,365,const,-0.08104717608921277,0.07108402042180262,-1.1401602724253663,0.2549838814693899,-0.22084322878250093,0.05874887660407538,Negative,,False,0.009373974425255338,-0.010050065291896448,7
BTC,2023-11-29,2024-11-27,365,BTC_Lagged_Return,-0.00974716299211107,0.055573757198890385,-0.1753914704242039,0.8608714781536702,-0.11904024804329377,0.09954592205907165,Negative,,False,0.009373974425255338,-0.010050065291896448,7
BTC,2023-11-29,2024-11-27,365,Lagged_Log_BTC_Volume,0.0034499419013786017,0.0029395492861926794,1.1736295484424368,0.24132582320975485,-0.002331067451618943,0.009230951254376146,Positive,,False,0.009373974425255338,-0.010050065291896448,7
BTC,2023-11-29,2024-11-27,365,Lagged_SP500_Return_Aligned,0.24719464986715278,0.24512503812978478,1.0084430858355327,0.3139248033551968,-0.2348758990902225,0.729265198824528,Positive,,False,0.009373974425255338,-0.010050065291896448,7
BTC,2023-11-29,2024-11-27,365,Lagged_VIX_Change_Aligned,0.0015301947822855366,0.001039645850229745,1.4718423412620636,0.14194442022614862,-0.0005144051882656248,0.003574794752836698,Positive,,False,0.009373974425255338,-0.010050065291896448,7
BTC,2023-11-29,2024-11-27,365,Lagged_Gold_Return_Aligned,0.08431427265973292,0.1601880079223606,0.526345721838292,0.5989748611645588,-0.23071646228556697,0.3993450076050328,Positive,,False,0.009373974425255338,-0.010050065291896448,7
BTC,2023-11-29,2024-11-27,365,Lagged_DXY_Return_Aligned,0.27745786231552927,0.5342489740817656,0.5193418720034172,0.603844177899301,-0.7732128410140515,1.32812856564511,Positive,,False,0.009373974425255338,-0.010050065291896448,7
BTC,2023-11-29,2024-11-27,365,Lagged_US10Y_Change_Aligned,0.014400000548080626,0.03593595768966398,0.4007128646030881,0.6888712422134008,-0.05627277520317934,0.0850727762993406,Positive,,False,0.009373974425255338,-0.010050065291896448,7
BTC,2023-12-06,2024-12-04,365,const,-0.09962664493825313,0.06880305057955924,-1.447997495736785,0.14849538634448425,-0.23493687116356826,0.035683581287062005,Negative,,False,0.012408517751609671,-0.006956021116005795,7
BTC,2023-12-06,2024-12-04,365,BTC_Lagged_Return,-0.029706836502505232,0.055249380274836835,-0.5376863297783473,0.5911286267549677,-0.13836199177286806,0.07894831876785759,Negative,,False,0.012408517751609671,-0.006956021116005795,7
BTC,2023-12-06,2024-12-04,365,Lagged_Log_BTC_Volume,0.004205657909911111,0.002842274678263062,1.479680321565973,0.1398404546914123,-0.0013840481637396058,0.009795363983561827,Positive,,False,0.012408517751609671,-0.006956021116005795,7
BTC,2023-12-06,2024-12-04,365,Lagged_SP500_Return_Aligned,0.23527894861941046,0.24368978560043192,0.965485475887724,0.3349552705835697,-0.24396898792759464,0.7145268851664155,Positive,,False,0.012408517751609671,-0.006956021116005795,7
BTC,2023-12-06,2024-12-04,365,Lagged_VIX_Change_Aligned,0.0014133620928186638,0.0010296464089379757,1.3726674327708965,0.17071744584119014,-0.0006115726644618808,0.0034382968500992084,Positive,,False,0.012408517751609671,-0.006956021116005795,7
BTC,2023-12-06,2024-12-04,365,Lagged_Gold_Return_Aligned,0.09330503506259265,0.16147101617608317,0.5778438587445568,0.5637338230029068,-0.2242489039499368,0.41085897407512206,Positive,,False,0.012408517751609671,-0.006956021116005795,7
BTC,2023-12-06,2024-12-04,365,Lagged_DXY_Return_Aligned,0.16503716796502343,0.5150267915431695,0.32044385005782755,0.7488193677867893,-0.8478305913681402,1.177904927298187,Positive,,False,0.012408517751609671,-0.006956021116005795,7
BTC,2023-12-06,2024-12-04,365,Lagged_US10Y_Change_Aligned,0.026610348087046765,0.036646303299586326,0.7261400384509493,0.4682287168914776,-0.04545941550657069,0.09868011168066422,Positive,,False,0.012408517751609671,-0.006956021116005795,7
BTC,2023-12-13,2024-12-11,365,const,-0.09091113752200168,0.06270348682508615,-1.4498577690839087,0.1479761109915307,-0.21422577133475185,0.03240349629074847,Negative,,False,0.012804702410048385,-0.00655206813093101,7
BTC,2023-12-13,2024-12-11,365,BTC_Lagged_Return,-0.028760956473162985,0.0567868863726434,-0.5064717985140023,0.6128381216386327,-0.1404398192123748,0.08291790626604882,Negative,,False,0.012804702410048385,-0.00655206813093101,7
BTC,2023-12-13,2024-12-11,365,Lagged_Log_BTC_Volume,0.003855529740949463,0.0025855345410166894,1.4911925096283507,0.13679400977718595,-0.0012292631673793955,0.008940322649278323,Positive,,False,0.012804702410048385,-0.00655206813093101,7
BTC,2023-12-13,2024-12-11,365,Lagged_SP500_Return_Aligned,0.22500376703027464,0.2490679265895561,0.9033831457595211,0.3669317361295437,-0.26482098940742044,0.7148285234679697,Positive,,False,0.012804702410048385,-0.00655206813093101,7
BTC,2023-12-13,2024-12-11,365,Lagged_VIX_Change_Aligned,0.0013477300693554473,0.0010529737579664804,1.27992749976809,0.20140173026766736,-0.0007230809804396857,0.0034185411191505802,Positive,,False,0.012804702410048385,-0.00655206813093101,7
BTC,2023-12-13,2024-12-11,365,Lagged_Gold_Return_Aligned,0.059311539966965254,0.15858501853528764,0.37400468540329057,0.708622855694086,-0.2525667060294498,0.3711897859633803,Positive,,False,0.012804702410048385,-0.00655206813093101,7
BTC,2023-12-13,2024-12-11,365,Lagged_DXY_Return_Aligned,0.18287986605033976,0.5111145022309506,0.35780605960521983,0.7206999061696635,-0.8222938630409075,1.188053595141587,Positive,,False,0.012804702410048385,-0.00655206813093101,7
BTC,2023-12-13,2024-12-11,365,Lagged_US10Y_Change_Aligned,0.02995500224986406,0.037439797395955404,0.8000845179012662,0.42419389898824744,-0.043675271594152805,0.10358527609388093,Positive,,False,0.012804702410048385,-0.00655206813093101,7
BTC,2023-12-20,2024-12-18,365,const,-0.07940163387707595,0.06255179842987192,-1.269374116654611,0.20513454675759998,-0.20241795255845763,0.043614684804305734,Negative,,False,0.011413264943405554,-0.007970788685154995,7
BTC,2023-12-20,2024-12-18,365,BTC_Lagged_Return,-0.03286348743925239,0.056985331078726005,-0.5767008248816005,0.5645050163774867,-0.14493261772978744,0.07920564285128265,Negative,,False,0.011413264943405554,-0.007970788685154995,7
BTC,2023-12-20,2024-12-18,365,Lagged_Log_BTC_Volume,0.0033722595807923923,0.002575821510104116,1.3091976938480043,0.19130940531448437,-0.0016934313778548303,0.008437950539439614,Positive,,False,0.011413264943405554,-0.007970788685154995,7
BTC,2023-12-20,2024-12-18,365,Lagged_SP500_Return_Aligned,0.19956338282332625,0.2510805435369364,0.7948181886660945,0.4272473431855889,-0.2942194489055222,0.6933462145521747,Positive,,False,0.011413264943405554,-0.007970788685154995,7
BTC,2023-12-20,2024-12-18,365,Lagged_VIX_Change_Aligned,0.0012177260272335333,0.0010736103297058163,1.1342346413220583,0.2574571667852978,-0.0008936695484953096,0.003329121602962376,Positive,,False,0.011413264943405554,-0.007970788685154995,7
BTC,2023-12-20,2024-12-18,365,Lagged_Gold_Return_Aligned,0.052315742937105135,0.15819308795021927,0.3307081467021367,0.7410589549735391,-0.2587917201407692,0.3634232060149794,Positive,,False,0.011413264943405554,-0.007970788685154995,7
BTC,2023-12-20,2024-12-18,365,Lagged_DXY_Return_Aligned,0.11265863170808241,0.5305423768262315,0.21234615108791108,0.8319581813876553,-0.9307225617967487,1.1560398252129136,Positive,,False,0.011413264943405554,-0.007970788685154995,7
BTC,2023-12-20,2024-12-18,365,Lagged_US10Y_Change_Aligned,0.03287658376150532,0.03827640579054038,0.8589255726207821,0.39095792530384915,-0.0423989902571367,0.10815215778014733,Positive,,False,0.011413264943405554,-0.007970788685154995,7
BTC,2023-12-27,2024-12-25,365,const,-0.0670827694121848,0.06540824272323682,-1.0256011569678372,0.30577403874571657,-0.19571666057443032,0.06155112175006072,Negative,,False,0.009014000510005116,-0.010417097519210383,7
BTC,2023-12-27,2024-12-25,365,BTC_Lagged_Return,-0.03205158354308073,0.056214665290779044,-0.5701640911190872,0.5689250519508614,-0.14260509844690217,0.07850193136074073,Negative,,False,0.009014000510005116,-0.010417097519210383,7
BTC,2023-12-27,2024-12-25,365,Lagged_Log_BTC_Volume,0.0028582069473405917,0.002692517206493477,1.0615371149523296,0.28916346417491356,-0.002436981409241138,0.008153395303922322,Positive,,False,0.009014000510005116,-0.010417097519210383,7
BTC,2023-12-27,2024-12-25,365,Lagged_SP500_Return_Aligned,0.20739937090030103,0.2678712978334317,0.7742500692600016,0.4392953678919676,-0.3194046821728732,0.7342034239734753,Positive,,False,0.009014000510005116,-0.010417097519210383,7
BTC,2023-12-27,2024-12-25,365,Lagged_VIX_Change_Aligned,0.0006921514957597358,0.0011336770716236064,0.610536733153176,0.5418947936098133,-0.0015373732089692166,0.002921676200488688,Positive,,False,0.009014000510005116,-0.010417097519210383,7
BTC,2023-12-27,2024-12-25,365,Lagged_Gold_Return_Aligned,0.03239124605178219,0.15657312084278194,0.20687616033601872,0.8362245179039839,-0.27553033916255976,0.3403128312661241,Positive,,False,0.009014000510005116,-0.010417097519210383,7
BTC,2023-12-27,2024-12-25,365,Lagged_DXY_Return_Aligned,0.033825150505858735,0.5055618534079807,0.0669060576422928,0.9466939440034974,-0.9604285661432512,1.0280788671549688,Positive,,False,0.009014000510005116,-0.010417097519210383,7
BTC,2023-12-27,2024-12-25,365,Lagged_US10Y_Change_Aligned,0.033505342989196545,0.03878600560532009,0.8638513419025747,0.38824957306915675,-0.04277242592693024,0.10978311190532333,Positive,,False,0.009014000510005116,-0.010417097519210383,7
BTC,2024-01-03,2025-01-01,365,const,-0.07865028629866655,0.06535134275383167,-1.203499162900599,0.22958065140196185,-0.20717227620555245,0.04987170360821935,Negative,,False,0.009165283975197891,-0.010262847711562939,7
BTC,2024-01-03,2025-01-01,365,BTC_Lagged_Return,-0.029263361665592784,0.05764441473002278,-0.5076530276636086,0.6120101745029838,-0.14262866643105537,0.08410194309986982,Negative,,False,0.009165283975197891,-0.010262847711562939,7
BTC,2024-01-03,2025-01-01,365,Lagged_Log_BTC_Volume,0.0033211794824095195,0.0026879791366835664,1.2355674332008384,0.21743183377382935,-0.00196508416447645,0.008607443129295489,Positive,,False,0.009165283975197891,-0.010262847711562939,7
BTC,2024-01-03,2025-01-01,365,Lagged_SP500_Return_Aligned,0.2221227931042014,0.26291050370053587,0.8448608556058564,0.39875436651851776,-0.2949252074287853,0.7391707936371881,Positive,,False,0.009165283975197891,-0.010262847711562939,7
BTC,2024-01-03,2025-01-01,365,Lagged_VIX_Change_Aligned,0.0007808651393546942,0.0011222206035603223,0.6958214248404865,0.48699338728141284,-0.0014261289177891839,0.0029878591964985724,Positive,,False,0.009165283975197891,-0.010262847711562939,7
BTC,2024-01-03,2025-01-01,365,Lagged_Gold_Return_Aligned,0.0534945905402032,0.15324672525596095,0.3490749342333655,0.7272388506656648,-0.24788520131503214,0.35487438239543856,Positive,,False,0.009165283975197891,-0.010262847711562939,7
BTC,2024-01-03,2025-01-01,365,Lagged_DXY_Return_Aligned,0.11126057593483696,0.5008188920109493,0.22215730618325893,0.8243184621402647,-0.873665484829769,1.0961866366994428,Positive,,False,0.009165283975197891,-0.010262847711562939,7
BTC,2024-01-03,2025-01-01,365,Lagged_US10Y_Change_Aligned,0.027421315637519015,0.03872850214185876,0.7080396638392413,0.47938263459450625,-0.04874336517300561,0.10358599644804363,Positive,,False,0.009165283975197891,-0.010262847711562939,7
BTC,2024-01-10,2025-01-08,365,const,-0.07190329283445265,0.06449919098240935,-1.1147937166229356,0.2656887316489557,-0.19874941447680386,0.05494282880789855,Negative,,False,0.010283857004971919,-0.009122341877283446,7
BTC,2024-01-10,2025-01-08,365,BTC_Lagged_Return,-0.0035236355636228886,0.05447053603027549,-0.06468883584447199,0.948457958950865,-0.11064709143929072,0.10359982031204493,Negative,,False,0.010283857004971919,-0.009122341877283446,7
BTC,2024-01-10,2025-01-08,365,Lagged_Log_BTC_Volume,0.0030354774072451486,0.0026518880820317644,1.1446476296690071,0.2531219869815678,-0.0021798084453641185,0.008250763259854415,Positive,,False,0.010283857004971919,-0.009122341877283446,7
BTC,2024-01-10,2025-01-08,365,Lagged_SP500_Return_Aligned,0.2441100040212213,0.257925516999386,0.9464360365004229,0.3445663822078768,-0.26313436611193586,0.7513543741543784,Positive,,False,0.010283857004971919,-0.009122341877283446,7
BTC,2024-01-10,2025-01-08,365,Lagged_VIX_Change_Aligned,0.0009152764885637147,0.0011500246087176667,0.795875567901362,0.4266332397106185,-0.0013463977927289429,0.0031769507698563722,Positive,,False,0.010283857004971919,-0.009122341877283446,7
BTC,2024-01-10,2025-01-08,365,Lagged_Gold_Return_Aligned,0.07243077500531386,0.1476890775212894,0.4904274318787925,0.6241327523777054,-0.21801917339204385,0.3628807234026716,Positive,,False,0.010283857004971919,-0.009122341877283446,7
BTC,2024-01-10,2025-01-08,365,Lagged_DXY_Return_Aligned,0.34067955676502815,0.4769071684714271,0.7143519311252274,0.4754764002209638,-0.5972209623365868,1.278580075866643,Positive,,False,0.010283857004971919,-0.009122341877283446,7
BTC,2024-01-10,2025-01-08,365,Lagged_US10Y_Change_Aligned,0.01958085176074696,0.03823465776775548,0.512123107775274,0.6088815154984943,-0.05561261929356569,0.09477432281505961,Positive,,False,0.010283857004971919,-0.009122341877283446,7
BTC,2024-01-17,2025-01-15,365,const,-0.08585979323779398,0.06424620364417147,-1.3364181596367888,0.1822637659448903,-0.21220838208645715,0.0404887956108692,Negative,,False,0.009957592226794376,-0.009455004004052636,7
BTC,2024-01-17,2025-01-15,365,BTC_Lagged_Return,-0.004744830203709527,0.05497378196789022,-0.08631078368377397,0.9312677533817572,-0.11285798524376077,0.10336832483634172,Negative,,False,0.009957592226794376,-0.009455004004052636,7
BTC,2024-01-17,2025-01-15,365,Lagged_Log_BTC_Volume,0.0036243044709388618,0.0026403526198500614,1.3726592591048223,0.17071998585370304,-0.0015682953817870871,0.00881690432366481,Positive,,False,0.009957592226794376,-0.009455004004052636,7
BTC,2024-01-17,2025-01-15,365,Lagged_SP500_Return_Aligned,0.24991421111951417,0.2527012056133113,0.9889711863976549,0.3233470465633498,-0.2470558652204653,0.7468842874594936,Positive,,False,0.009957592226794376,-0.009455004004052636,7
BTC,2024-01-17,2025-01-15,365,Lagged_VIX_Change_Aligned,0.0008708508577501992,0.0011350689485543728,0.7672228712267368,0.4434561114142066,-0.001361411155583435,0.0031031128710838334,Positive,,False,0.009957592226794376,-0.009455004004052636,7
BTC,2024-01-17,2025-01-15,365,Lagged_Gold_Return_Aligned,0.04584634149016893,0.1475128257050947,0.3107956292683608,0.7561373741321844,-0.24425698458563416,0.335949667565972,Positive,,False,0.009957592226794376,-0.009455004004052636,7
BTC,2024-01-17,2025-01-15,365,Lagged_DXY_Return_Aligned,0.2483020762709084,0.4719070935553809,0.5261672894132259,0.5990986913710576,-0.6797651394766437,1.1763692920184605,Positive,,False,0.009957592226794376,-0.009455004004052636,7
BTC,2024-01-17,2025-01-15,365,Lagged_US10Y_Change_Aligned,0.017884368967546208,0.037999581272406206,0.47064647474242377,0.6381806350005396,-0.05684679331559962,0.09261553125069204,Positive,,False,0.009957592226794376,-0.009455004004052636,7
BTC,2024-01-24,2025-01-22,365,const,-0.06491423582252198,0.06165354093661079,-1.0528873903489775,0.2931047121053458,-0.18616401328810098,0.05633554164305701,Negative,,False,0.009167493626033751,-0.010260594734240014,7
BTC,2024-01-24,2025-01-22,365,BTC_Lagged_Return,-0.014311099629954006,0.055346340252107336,-0.25857354912295405,0.796113307193642,-0.12315693941719158,0.09453474015728358,Negative,,False,0.009167493626033751,-0.010260594734240014,7
BTC,2024-01-24,2025-01-22,365,Lagged_Log_BTC_Volume,0.0027747798063838423,0.002531762207785115,1.095987529101846,0.2738230194548535,-0.0022042627534802498,0.007753822366247934,Positive,,False,0.009167493626033751,-0.010260594734240014,7
BTC,2024-01-24,2025-01-22,365,Lagged_SP500_Return_Aligned,0.2509683564990709,0.24880971924917775,1.0086758558162727,0.31381327670214315,-0.23834860132583985,0.7402853143239816,Positive,,False,0.009167493626033751,-0.010260594734240014,7
BTC,2024-01-24,2025-01-22,365,Lagged_VIX_Change_Aligned,0.0009109848029392989,0.0011241732002685743,0.8103598295366382,0.4182732485161222,-0.0012998492918205695,0.0031218188976991673,Positive,,False,0.009167493626033751,-0.010260594734240014,7
BTC,2024-01-24,2025-01-22,365,Lagged_Gold_Return_Aligned,0.04009649038630159,0.1476356844449813,0.2715907779141578,0.786093675503154,-0.25024845352109154,0.3304414342936947,Positive,,False,0.009167493626033751,-0.010260594734240014,7
BTC,2024-01-24,2025-01-22,365,Lagged_DXY_Return_Aligned,0.3019754781156144,0.46050231549630316,0.6557523555341138,0.5124058481798237,-0.6036627452220897,1.2076137014533186,Positive,,False,0.009167493626033751,-0.010260594734240014,7
BTC,2024-01-24,2025-01-22,365,Lagged_US10Y_Change_Aligned,0.017057009993616028,0.037720314909554555,0.4521969139047534,0.6514017663403135,-0.057124938346016015,0.09123895833324808,Positive,,False,0.009167493626033751,-0.010260594734240014,7
BTC,2024-01-31,2025-01-29,365,const,-0.08466254136540236,0.060248563250993446,-1.4052209180939488,0.16082517977587923,-0.20314924587300873,0.03382416314220402,Negative,,False,0.012326300789117117,-0.007039850175801998,7
BTC,2024-01-31,2025-01-29,365,BTC_Lagged_Return,-0.015161502543801686,0.0556513820760314,-0.2724371251568903,0.7854434348774721,-0.12460724710060499,0.0942842420130016,Negative,,False,0.012326300789117117,-0.007039850175801998,7
BTC,2024-01-31,2025-01-29,365,Lagged_Log_BTC_Volume,0.0035735148451183714,0.002470909995169219,1.4462343234293489,0.14898884588397227,-0.0012858538545606015,0.008432883544797345,Positive,,False,0.012326300789117117,-0.007039850175801998,7
BTC,2024-01-31,2025-01-29,365,Lagged_SP500_Return_Aligned,0.2586990759811044,0.2449493189889018,1.0561330688689345,0.2916215949446058,-0.22302589823060603,0.7404240501928149,Positive,,False,0.012326300789117117,-0.007039850175801998,7
BTC,2024-01-31,2025-01-29,365,Lagged_VIX_Change_Aligned,0.0008542915054816438,0.0011275961242913956,0.757621888793293,0.4491771545715081,-0.0013632742184716779,0.0030718572294349657,Positive,,False,0.012326300789117117,-0.007039850175801998,7
BTC,2024-01-31,2025-01-29,365,Lagged_Gold_Return_Aligned,0.05583719985622373,0.14601358417847357,0.3824109939522714,0.7023840939405612,-0.2313176710504453,0.34299207076289273,Positive,,False,0.012326300789117117,-0.007039850175801998,7
BTC,2024-01-31,2025-01-29,365,Lagged_DXY_Return_Aligned,0.30693402114354873,0.458108907688926,0.6700022985625266,0.5032894623149718,-0.5939972517153949,1.2078652940024923,Positive,,False,0.012326300789117117,-0.007039850175801998,7
BTC,2024-01-31,2025-01-29,365,Lagged_US10Y_Change_Aligned,0.021374203516212602,0.03713148237825429,0.5756356101939578,0.565224164587348,-0.05164972839321868,0.09439813542564388,Positive,,False,0.012326300789117117,-0.007039850175801998,7
BTC,2024-02-07,2025-02-05,365,const,-0.07124464694674554,0.06134518249688595,-1.1613731355410364,0.24626610635195506,-0.19188799708263213,0.04939870318914105,Negative,,False,0.01285555856935483,-0.006500214792030334,7
BTC,2024-02-07,2025-02-05,365,BTC_Lagged_Return,-0.034339307933382836,0.056477376256714756,-0.6080188246935451,0.5435615906862126,-0.14540947842054253,0.07673086255377684,Negative,,False,0.01285555856935483,-0.006500214792030334,7
BTC,2024-02-07,2025-02-05,365,Lagged_Log_BTC_Volume,0.003015257944644679,0.00251383056915831,1.1994674508450498,0.231141697809385,-0.0019285196951505292,0.007959035584439887,Positive,,False,0.01285555856935483,-0.006500214792030334,7
BTC,2024-02-07,2025-02-05,365,Lagged_SP500_Return_Aligned,0.3452109159847707,0.2557400465507411,1.3498508373669111,0.17791909164506678,-0.1577354397678623,0.8481572717374037,Positive,,False,0.01285555856935483,-0.006500214792030334,7
BTC,2024-02-07,2025-02-05,365,Lagged_VIX_Change_Aligned,0.0009368528553492873,0.0011519505686562513,0.8132752227746411,0.41660233462540314,-0.0013286090788569493,0.0032023147895555238,Positive,,False,0.01285555856935483,-0.006500214792030334,7
BTC,2024-02-07,2025-02-05,365,Lagged_Gold_Return_Aligned,0.014546448688276106,0.1463425810954533,0.09939997353735376,0.9208764953870364,-0.27325543782146544,0.3023483351980176,Positive,,False,0.01285555856935483,-0.006500214792030334,7
BTC,2024-02-07,2025-02-05,365,Lagged_DXY_Return_Aligned,0.18289050727674494,0.4522206305905522,0.4044276065820114,0.6861404898281295,-0.7064606961005846,1.0722417106540745,Positive,,False,0.01285555856935483,-0.006500214792030334,7
BTC,2024-02-07,2025-02-05,365,Lagged_US10Y_Change_Aligned,0.03069155124261087,0.03928014694667893,0.7813502145059004,0.4351143878427834,-0.04655801145479935,0.1079411139400211,Positive,,False,0.01285555856935483,-0.006500214792030334,7
BTC,2024-02-14,2025-02-12,365,const,-0.08811542223561025,0.06031622821777051,-1.4608907890836829,0.14492495331123129,-0.20673519877832278,0.03050435430710227,Negative,,False,0.01407051833917683,-0.005261432281623568,7
BTC,2024-02-14,2025-02-12,365,BTC_Lagged_Return,-0.045466912769467474,0.056899254739792994,-0.7990774743429071,0.4247767950505884,-0.1573667626458993,0.06643293710696435,Negative,,False,0.01407051833917683,-0.005261432281623568,7
BTC,2024-02-14,2025-02-12,365,Lagged_Log_BTC_Volume,0.0036950752686224315,0.0024734206822138796,1.4939129826128437,0.13608166397158158,-0.0011692310265429672,0.00855938156378783,Positive,,False,0.01407051833917683,-0.005261432281623568,7
BTC,2024-02-14,2025-02-12,365,Lagged_SP500_Return_Aligned,0.30707288559896767,0.2564248913890955,1.1975159039183119,0.23190003502874568,-0.1972203073829219,0.8113660785808572,Positive,,False,0.01407051833917683,-0.005261432281623568,7
BTC,2024-02-14,2025-02-12,365,Lagged_VIX_Change_Aligned,0.0007907966934658469,0.0011517407444903932,0.6866099834088513,0.4927742579321689,-0.0014742525939883831,0.0030558459809200767,Positive,,False,0.01407051833917683,-0.005261432281623568,7
BTC,2024-02-14,2025-02-12,365,Lagged_Gold_Return_Aligned,0.02771647298202893,0.1450615309518436,0.19106700997957915,0.8485817076473791,-0.2575660603409325,0.3129990063049904,Positive,,False,0.01407051833917683,-0.005261432281623568,7
BTC,2024-02-14,2025-02-12,365,Lagged_DXY_Return_Aligned,0.18969566214895742,0.4480332533427988,0.42339639018672937,0.6722610349329919,-0.6914205144684893,1.070811838766404,Positive,,False,0.01407051833917683,-0.005261432281623568,7
BTC,2024-02-14,2025-02-12,365,Lagged_US10Y_Change_Aligned,0.029824345871182278,0.03920490317278706,0.7607299969531356,0.44732050383939714,-0.047277240072557944,0.1069259318149225,Positive,,False,0.01407051833917683,-0.005261432281623568,7
BTC,2024-02-21,2025-02-19,365,const,-0.0904639075634225,0.05908696574200358,-1.531029837585885,0.12664762919974806,-0.20666617816293592,0.025738363036090908,Negative,,False,0.014198562747673726,-0.005130877198450179,7
BTC,2024-02-21,2025-02-19,365,BTC_Lagged_Return,-0.04629256343666667,0.057258312702863315,-0.8084863358949751,0.4193491015477257,-0.1588985479074486,0.06631342103411525,Negative,,False,0.014198562747673726,-0.005130877198450179,7
BTC,2024-02-21,2025-02-19,365,Lagged_Log_BTC_Volume,0.0037833289814442807,0.002424519831985079,1.5604446420826654,0.11954084766644456,-0.0009848073757411438,0.008551465338629705,Positive,,False,0.014198562747673726,-0.005130877198450179,7
BTC,2024-02-21,2025-02-19,365,Lagged_SP500_Return_Aligned,0.33748128450062176,0.2552557079771803,1.3221302166954574,0.18697126413770102,-0.16451255589976854,0.8394751249010121,Positive,,False,0.014198562747673726,-0.005130877198450179,7
BTC,2024-02-21,2025-02-19,365,Lagged_VIX_Change_Aligned,0.0008010853948836949,0.0011393366664799467,0.7031156096807621,0.48244196723398314,-0.001439569645693804,0.0030417404354611934,Positive,,False,0.014198562747673726,-0.005130877198450179,7
BTC,2024-02-21,2025-02-19,365,Lagged_Gold_Return_Aligned,0.0432240967483587,0.13514818007992996,0.3198274421660351,0.7492862316398737,-0.22256253141007115,0.30901072490678855,Positive,,False,0.014198562747673726,-0.005130877198450179,7
BTC,2024-02-21,2025-02-19,365,Lagged_DXY_Return_Aligned,0.1945864525533912,0.44156215268036564,0.44067738000690204,0.6597132972370441,-0.6738034555747228,1.062976360681505,Positive,,False,0.014198562747673726,-0.005130877198450179,7
BTC,2024-02-21,2025-02-19,365,Lagged_US10Y_Change_Aligned,0.024873359303914842,0.038779964736230355,0.6413971614748993,0.5216762400506686,-0.051392529450558576,0.10113924805838825,Positive,,False,0.014198562747673726,-0.005130877198450179,7
BTC,2024-02-28,2025-02-26,365,const,-0.09557591535413262,0.05912556795538809,-1.6164904399099784,0.10687159581923399,-0.2118541022710456,0.020702271562780344,Negative,,False,0.020934659115019683,0.0017372994898240401,7
BTC,2024-02-28,2025-02-26,365,BTC_Lagged_Return,-0.04521030524780963,0.05573548216688097,-0.8111584127404287,0.4178151589293093,-0.15482144366756767,0.06440083317194842,Negative,,False,0.020934659115019683,0.0017372994898240401,7
BTC,2024-02-28,2025-02-26,365,Lagged_Log_BTC_Volume,0.003967141732656534,0.0024324476103023385,1.63092586901119,0.10378780778688348,-0.0008165856407489069,0.008750869106061975,Positive,,False,0.020934659115019683,0.0017372994898240401,7
BTC,2024-02-28,2025-02-26,365,Lagged_SP500_Return_Aligned,0.4608298050617343,0.23478562604374625,1.9627683893045078,0.05044926876343352,-0.0009069334524413608,0.9225665435759101,Positive,*,False,0.020934659115019683,0.0017372994898240401,7
BTC,2024-02-28,2025-02-26,365,Lagged_VIX_Change_Aligned,0.001221763948437377,0.001105828865029171,1.1048399866150607,0.26997299158642496,-0.0009529936042173347,0.003396521501092089,Positive,,False,0.020934659115019683,0.0017372994898240401,7
BTC,2024-02-28,2025-02-26,365,Lagged_Gold_Return_Aligned,0.050926897759576345,0.13405034125439333,0.37990875131701524,0.7042390582310215,-0.21270068630718894,0.3145544818263416,Positive,,False,0.020934659115019683,0.0017372994898240401,7
BTC,2024-02-28,2025-02-26,365,Lagged_DXY_Return_Aligned,0.2148097867005434,0.43191519555840113,0.4973425082274005,0.6192537058279755,-0.6346081145243367,1.0642276879254235,Positive,,False,0.020934659115019683,0.0017372994898240401,7
BTC,2024-02-28,2025-02-26,365,Lagged_US10Y_Change_Aligned,0.03508191049072115,0.03707518981870246,0.9462368409243908,0.34466780797465457,-0.03783131471452189,0.1079951356959642,Positive,,False,0.020934659115019683,0.0017372994898240401,7
BTC,2024-03-06,2025-03-05,365,const,-0.09948315754527479,0.061864161094850115,-1.608090302764265,0.10869937668187665,-0.22114714718631567,0.022180832095766115,Negative,,False,0.022160073443183825,0.0029867415499129635,7
BTC,2024-03-06,2025-03-05,365,BTC_Lagged_Return,-0.07491451126325968,0.0560864202150939,-1.3356978565570636,0.18249895391742713,-0.1852158153994325,0.03538679287291312,Negative,,False,0.022160073443183825,0.0029867415499129635,7
BTC,2024-03-06,2025-03-05,365,Lagged_Log_BTC_Volume,0.004126602211044141,0.002547425765303543,1.6199106828741794,0.10613442928583519,-0.0008832447898070687,0.009136449211895352,Positive,,False,0.022160073443183825,0.0029867415499129635,7
BTC,2024-03-06,2025-03-05,365,Lagged_SP500_Return_Aligned,0.39268990996059605,0.23869665456929504,1.64514207653713,0.10082066314683955,-0.07673837929308835,0.8621181992142805,Positive,,False,0.022160073443183825,0.0029867415499129635,7
BTC,2024-03-06,2025-03-05,365,Lagged_VIX_Change_Aligned,0.0010321474172016979,0.001097841067731386,0.9401610556749898,0.34777064294617327,-0.0011269010840330418,0.0031911959184364375,Positive,,False,0.022160073443183825,0.0029867415499129635,7
BTC,2024-03-06,2025-03-05,365,Lagged_Gold_Return_Aligned,0.05589197179883141,0.1331585313594005,0.41974007394221413,0.674927830095856,-0.20598175110007885,0.3177656946977417,Positive,,False,0.022160073443183825,0.0029867415499129635,7
BTC,2024-03-06,2025-03-05,365,Lagged_DXY_Return_Aligned,0.03636393002258406,0.43250753675665976,0.08407698579144848,0.9330423484414453,-0.8142188878864229,0.8869467479315911,Positive,,False,0.022160073443183825,0.0029867415499129635,7
BTC,2024-03-06,2025-03-05,365,Lagged_US10Y_Change_Aligned,0.046545577894922,0.03620158262372095,1.2857332337847347,0.19936952896198742,-0.024649584140311986,0.11774073993015599,Positive,,False,0.022160073443183825,0.0029867415499129635,7
BTC,2024-03-13,2025-03-12,365,const,-0.09441332240763618,0.061079863191937506,-1.545735656135174,0.12305438862919761,-0.21453488731929055,0.02570824250401818,Negative,,False,0.020001543044427583,0.0007858870256909345,7
BTC,2024-03-13,2025-03-12,365,BTC_Lagged_Return,-0.05878948487130974,0.05669347003434313,-1.0369710098128924,0.30045122636535637,-0.17028463212462266,0.05270566238200317,Negative,,False,0.020001543044427583,0.0007858870256909345,7
BTC,2024-03-13,2025-03-12,365,Lagged_Log_BTC_Volume,0.0038943279168532057,0.0025125573550047954,1.5499458784875273,0.12204051657033894,-0.0010469457802578597,0.00883560161396427,Positive,,False,0.020001543044427583,0.0007858870256909345,7
BTC,2024-03-13,2025-03-12,365,Lagged_SP500_Return_Aligned,0.3881432677231931,0.2404064918960136,1.6145290614326762,0.10729616729192837,-0.08464764097160538,0.8609341764179915,Positive,,False,0.020001543044427583,0.0007858870256909345,7
BTC,2024-03-13,2025-03-12,365,Lagged_VIX_Change_Aligned,0.0012213395711264132,0.0010996453438320375,1.1106667963238914,0.2674592912143307,-0.0009412572757891589,0.0033839364180419853,Positive,,False,0.020001543044427583,0.0007858870256909345,7
BTC,2024-03-13,2025-03-12,365,Lagged_Gold_Return_Aligned,0.04918993315474224,0.13564813896120803,0.36262888331117704,0.7170967186110502,-0.21757992974050883,0.3159597960499933,Positive,,False,0.020001543044427583,0.0007858870256909345,7
BTC,2024-03-13,2025-03-12,365,Lagged_DXY_Return_Aligned,0.2440258116147881,0.39099923191099206,0.6241081610879958,0.5329551564492446,-0.5249254787444034,1.0129771019739797,Positive,,False,0.020001543044427583,0.0007858870256909345,7
BTC,2024-03-13,2025-03-12,365,Lagged_US10Y_Change_Aligned,0.03571841766199356,0.035219283158851374,1.0141721937068087,0.3111874339336453,-0.03354492359359615,0.10498175891758327,Positive,,False,0.020001543044427583,0.0007858870256909345,7
BTC,2024-03-20,2025-03-19,365,const,-0.10443248936781352,0.05982405571633862,-1.7456604724860176,0.08173024652876393,-0.22208434411127936,0.013219365375652312,Negative,*,False,0.022483778671596566,0.0033167939396671065,7
BTC,2024-03-20,2025-03-19,365,BTC_Lagged_Return,-0.07009796549624743,0.056890208249440716,-1.2321622235745033,0.21869939491845775,-0.18198002426246246,0.04178409326996761,Negative,,False,0.022483778671596566,0.0033167939396671065,7
BTC,2024-03-20,2025-03-19,365,Lagged_Log_BTC_Volume,0.004324540852789542,0.0024618624813428193,1.7566134930618575,0.07984102554003775,-0.0005170347238765026,0.009166116429455588,Positive,*,False,0.022483778671596566,0.0033167939396671065,7
BTC,2024-03-20,2025-03-19,365,Lagged_SP500_Return_Aligned,0.31823788477557235,0.24420741807197274,1.303145855634006,0.1933648192011185,-0.16202804394235787,0.7985038134935025,Positive,,False,0.022483778671596566,0.0033167939396671065,7
BTC,2024-03-20,2025-03-19,365,Lagged_VIX_Change_Aligned,0.001164598011644715,0.00109615345132742,1.0624406740081964,0.28875383536112514,-0.0009911315705089857,0.0033203275937984155,Positive,,False,0.022483778671596566,0.0033167939396671065,7
BTC,2024-03-20,2025-03-19,365,Lagged_Gold_Return_Aligned,0.09031693997735954,0.1367169810097059,0.6606124514331377,0.5092869216046025,-0.1785549410430056,0.35918882099772464,Positive,,False,0.022483778671596566,0.0033167939396671065,7
BTC,2024-03-20,2025-03-19,365,Lagged_DXY_Return_Aligned,0.2973106300265874,0.3950810478901912,0.7525307316417311,0.4522278587601372,-0.47966808700777575,1.0742893470609505,Positive,,False,0.022483778671596566,0.0033167939396671065,7
BTC,2024-03-20,2025-03-19,365,Lagged_US10Y_Change_Aligned,0.036938034541847485,0.03533367596010501,1.0454059346543492,0.29654270931575394,-0.03255027516624243,0.10642634424993741,Positive,,False,0.022483778671596566,0.0033167939396671065,7
BTC,2024-03-27,2025-03-26,365,const,-0.09661351625910564,0.05979882264766545,-1.6156424488213137,0.10705499259857683,-0.2142157468623369,0.020988714344125636,Negative,,False,0.023764421283856585,0.0046225471913832195,7
BTC,2024-03-27,2025-03-26,365,BTC_Lagged_Return,-0.06052124689474143,0.05862958589363373,-1.0322646147380192,0.3026469628192445,-0.1758240200122026,0.05478152622271975,Negative,,False,0.023764421283856585,0.0046225471913832195,7
BTC,2024-03-27,2025-03-26,365,Lagged_Log_BTC_Volume,0.003994657923384914,0.002464245358733988,1.6210471531281199,0.10589038347964756,-0.0008516038943147805,0.00884091974108461,Positive,,False,0.023764421283856585,0.0046225471913832195,7
BTC,2024-03-27,2025-03-26,365,Lagged_SP500_Return_Aligned,0.3083848806987948,0.24138772797251937,1.277549953715554,0.20223831523715205,-0.16633575748290924,0.783105518880499,Positive,,False,0.023764421283856585,0.0046225471913832195,7
BTC,2024-03-27,2025-03-26,365,Lagged_VIX_Change_Aligned,0.0012515194504645285,0.0010806201117903851,1.1581493226060684,0.24757729452161953,-0.0008736617814476314,0.0033767006823766884,Positive,,False,0.023764421283856585,0.0046225471913832195,7
BTC,2024-03-27,2025-03-26,365,Lagged_Gold_Return_Aligned,0.13487037274199104,0.1281440721528735,1.0524901423539375,0.29328658368785826,-0.11714175820834416,0.38688250369232624,Positive,,False,0.023764421283856585,0.0046225471913832195,7
BTC,2024-03-27,2025-03-26,365,Lagged_DXY_Return_Aligned,0.14359393214888644,0.37416648741573955,0.3837701584143692,0.7013772618785121,-0.5922535576308259,0.8794414219285989,Positive,,False,0.023764421283856585,0.0046225471913832195,7
BTC,2024-03-27,2025-03-26,365,Lagged_US10Y_Change_Aligned,0.05014225742376768,0.0332405923980069,1.5084646152929033,0.13232010342089093,-0.0152297288377551,0.11551424368529047,Positive,,False,0.023764421283856585,0.0046225471913832195,7
BTC,2024-04-03,2025-04-02,365,const,-0.09382163151762449,0.05874039531111052,-1.597225061573232,0.11110027378881877,-0.20934232589323312,0.021699062857984147,Negative,,False,0.028309730757098195,0.009256980379786506,7
BTC,2024-04-03,2025-04-02,365,BTC_Lagged_Return,-0.058959012541589514,0.05827317043759606,-1.0117694317786932,0.3123335434411412,-0.1735608479014888,0.05564282281830975,Negative,,False,0.028309730757098195,0.009256980379786506,7
BTC,2024-04-03,2025-04-02,365,Lagged_Log_BTC_Volume,0.0038881407347424388,0.0024225784411364866,1.6049596862252369,0.10938688474570246,-0.0008761776226202736,0.008652459092105151,Positive,,False,0.028309730757098195,0.009256980379786506,7
BTC,2024-04-03,2025-04-02,365,Lagged_SP500_Return_Aligned,0.3188250950177458,0.22752253003190648,1.4012902149648019,0.16199601725401347,-0.12862781223924147,0.7662780022747331,Positive,,False,0.028309730757098195,0.009256980379786506,7
BTC,2024-04-03,2025-04-02,365,Lagged_VIX_Change_Aligned,0.0013859217145680257,0.0010966333482159043,1.2637967984675644,0.2071275703805975,-0.0007707516477814464,0.0035425950769174975,Positive,,False,0.028309730757098195,0.009256980379786506,7
BTC,2024-04-03,2025-04-02,365,Lagged_Gold_Return_Aligned,0.15818437355020384,0.12975189581933927,1.2191295745724802,0.22359991839761367,-0.09698975359372067,0.4133585006941284,Positive,,False,0.028309730757098195,0.009256980379786506,7
BTC,2024-04-03,2025-04-02,365,Lagged_DXY_Return_Aligned,0.21278538397515323,0.377597145183561,0.5635248748284684,0.5734313102209079,-0.5298089444222566,0.955379712372563,Positive,,False,0.028309730757098195,0.009256980379786506,7
BTC,2024-04-03,2025-04-02,365,Lagged_US10Y_Change_Aligned,0.05408339344754265,0.031718948717005715,1.7050815249291826,0.0890491435572696,-0.008296080868997274,0.11646286776408257,Positive,*,False,0.028309730757098195,0.009256980379786506,7
BTC,2024-04-10,2025-04-09,365,const,-0.10488303134482699,0.05931533659109143,-1.7682278711131747,0.07787682266692812,-0.22153442318232405,0.011768360492670077,Negative,*,False,0.027718076258749114,0.008653724812842323,7
BTC,2024-04-10,2025-04-09,365,BTC_Lagged_Return,-0.07004189227801597,0.057524545071436554,-1.2176001077633,0.2241801576523892,-0.18317145763244622,0.043087673076414285,Negative,,False,0.027718076258749114,0.008653724812842323,7
BTC,2024-04-10,2025-04-09,365,Lagged_Log_BTC_Volume,0.004339647380569516,0.0024472854921940277,1.7732493386699064,0.07703992405966047,-0.0004732606343708142,0.009152555395509847,Positive,*,False,0.027718076258749114,0.008653724812842323,7
BTC,2024-04-10,2025-04-09,365,Lagged_SP500_Return_Aligned,0.24041498392259875,0.22404716518961448,1.0730552369146555,0.28397112601081365,-0.20020316238898145,0.681033130234179,Positive,,False,0.027718076258749114,0.008653724812842323,7
BTC,2024-04-10,2025-04-09,365,Lagged_VIX_Change_Aligned,0.0009926838603123843,0.0010323149654774052,0.9616094830644124,0.336896656770946,-0.0010374989635292167,0.003022866684153985,Positive,,False,0.027718076258749114,0.008653724812842323,7
BTC,2024-04-10,2025-04-09,365,Lagged_Gold_Return_Aligned,0.1690441234583336,0.1385487834106488,1.2201054336023924,0.22323026741883364,-0.10343023732395792,0.4415184842406251,Positive,,False,0.027718076258749114,0.008653724812842323,7
BTC,2024-04-10,2025-04-09,365,Lagged_DXY_Return_Aligned,-0.00312403786685575,0.3818334469811552,-0.008181676832019202,0.9934766092031821,-0.7540496095705248,0.7478015338368132,Negative,,False,0.027718076258749114,0.008653724812842323,7
BTC,2024-04-10,2025-04-09,365,Lagged_US10Y_Change_Aligned,0.059033426872408784,0.032609338942811913,1.8103227108018864,0.07108640148986806,-0.005097116646263861,0.12316397039108143,Positive,*,False,0.027718076258749114,0.008653724812842323,7
BTC,2024-04-17,2025-04-16,365,const,-0.09960329347418466,0.05938009843538248,-1.6773851188975903,0.09434245373191323,-0.21638204797551677,0.017175461027147454,Negative,*,False,0.03210257798373084,0.013124197159882445,7
BTC,2024-04-17,2025-04-16,365,BTC_Lagged_Return,-0.07173115320131135,0.0587317850886418,-1.221334462983716,0.2227653416228657,-0.18723491444473644,0.04377260804211376,Negative,,False,0.03210257798373084,0.013124197159882445,7
BTC,2024-04-17,2025-04-16,365,Lagged_Log_BTC_Volume,0.0041324221144738845,0.0024523566554996382,1.685082023125202,0.09284662532189199,-0.0006904590084656935,0.008955303237413462,Positive,*,False,0.03210257798373084,0.013124197159882445,7
BTC,2024-04-17,2025-04-16,365,Lagged_SP500_Return_Aligned,0.12263592085803554,0.20815592697658708,0.589154114606736,0.5561305125303387,-0.28673002050779584,0.5320018622238669,Positive,,False,0.03210257798373084,0.013124197159882445,7
BTC,2024-04-17,2025-04-16,365,Lagged_VIX_Change_Aligned,0.0011155349146635166,0.0009690349711471628,1.151181276092569,0.2504280837287636,-0.0007901994977161429,0.0030212693270431764,Positive,,False,0.03210257798373084,0.013124197159882445,7
BTC,2024-04-17,2025-04-16,365,Lagged_Gold_Return_Aligned,0.2050874457307872,0.1312582133342052,1.5624732389782001,0.11906253142708391,-0.05304905244155533,0.4632239439031297,Positive,,False,0.03210257798373084,0.013124197159882445,7
BTC,2024-04-17,2025-04-16,365,Lagged_DXY_Return_Aligned,-0.03277784974552937,0.3932741806034002,-0.08334605057275397,0.9336230979889273,-0.8062031251915417,0.740647425700483,Negative,,False,0.03210257798373084,0.013124197159882445,7
BTC,2024-04-17,2025-04-16,365,Lagged_US10Y_Change_Aligned,0.060895597559579316,0.03214251439945575,1.894549903681786,0.05895995405310819,-0.002316874245165308,0.12410806936432395,Positive,*,False,0.03210257798373084,0.013124197159882445,7
BTC,2024-04-24,2025-04-23,365,const,-0.09765175967264524,0.05742591409070682,-1.700482460207771,0.08991109250854341,-0.21058735426265518,0.015283834917364722,Negative,*,False,0.03765122976260282,0.0187816460324578,7
BTC,2024-04-24,2025-04-23,365,BTC_Lagged_Return,-0.060464589776673336,0.05986437435687469,-1.0100262539489768,0.31316677944572957,-0.178195736416735,0.05726655686338833,Negative,,False,0.03765122976260282,0.0187816460324578,7
BTC,2024-04-24,2025-04-23,365,Lagged_Log_BTC_Volume,0.004055815759614464,0.0023722211007779505,1.7097123696793661,0.088188005172819,-0.0006094682808302854,0.008721099800059213,Positive,*,False,0.03765122976260282,0.0187816460324578,7
BTC,2024-04-24,2025-04-23,365,Lagged_SP500_Return_Aligned,0.1084927658098101,0.2027384088589083,0.5351367134646571,0.5928884924802309,-0.2902189153755774,0.5072044469951976,Positive,,False,0.03765122976260282,0.0187816460324578,7
BTC,2024-04-24,2025-04-23,365,Lagged_VIX_Change_Aligned,0.0011244631151509563,0.000934918351458846,1.2027393765416463,0.2298742571209037,-0.0007141764883621812,0.002963102718664094,Positive,,False,0.03765122976260282,0.0187816460324578,7
BTC,2024-04-24,2025-04-23,365,Lagged_Gold_Return_Aligned,0.24441510017743762,0.12718337309351976,1.921753561274992,0.05543253535160795,-0.005707690024767731,0.49453789037964296,Positive,*,False,0.03765122976260282,0.0187816460324578,7
BTC,2024-04-24,2025-04-23,365,Lagged_DXY_Return_Aligned,-0.06363604004496876,0.371452811272182,-0.1713166198070297,0.8640718740369495,-0.794146729642218,0.6668746495522804,Negative,,False,0.03765122976260282,0.0187816460324578,7
BTC,2024-04-24,2025-04-23,365,Lagged_US10Y_Change_Aligned,0.07072225548017447,0.030974556339136296,2.283237077097922,0.023003508878592108,0.009806726442244555,0.13163778451810437,Positive,**,True,0.03765122976260282,0.0187816460324578,7
BTC,2024-05-01,2025-04-30,365,const,-0.08677849212569753,0.05715587782944844,-1.5182776543935192,0.1298294635220328,-0.1991830249780065,0.02562604072661144,Negative,,False,0.035804940234587246,0.016899154748990952,7
BTC,2024-05-01,2025-04-30,365,BTC_Lagged_Return,-0.06538591234229243,0.059244751988086784,-1.1036574573802005,0.27048511752444593,-0.1818984902969728,0.05112666561238792,Negative,,False,0.035804940234587246,0.016899154748990952,7
BTC,2024-05-01,2025-04-30,365,Lagged_Log_BTC_Volume,0.003624489151225917,0.0023613935239177024,1.534894169275377,0.12569556086305217,-0.0010195010386978,0.008268479341149635,Positive,,False,0.035804940234587246,0.016899154748990952,7
BTC,2024-05-01,2025-04-30,365,Lagged_SP500_Return_Aligned,0.1556450954230456,0.204990378088707,0.7592800055995417,0.44818612076842496,-0.24749537872093552,0.5587855695670267,Positive,,False,0.035804940234587246,0.016899154748990952,7
BTC,2024-05-01,2025-04-30,365,Lagged_VIX_Change_Aligned,0.0012163238318433226,0.0009288365736450811,1.3095132839892818,0.19120266454964235,-0.0006103551576432456,0.0030430028213298908,Positive,,False,0.035804940234587246,0.016899154748990952,7
BTC,2024-05-01,2025-04-30,365,Lagged_Gold_Return_Aligned,0.2267382954602348,0.11795364943751208,1.9222660472269086,0.055367815720112644,-0.005233032192393211,0.4587096231128628,Positive,*,False,0.035804940234587246,0.016899154748990952,7
BTC,2024-05-01,2025-04-30,365,Lagged_DXY_Return_Aligned,-0.10001518211902538,0.3746454328684802,-0.26695956588408715,0.7896544345165856,-0.8368045809712865,0.6367742167332358,Negative,,False,0.035804940234587246,0.016899154748990952,7
BTC,2024-05-01,2025-04-30,365,Lagged_US10Y_Change_Aligned,0.06792542281495795,0.03071251070245749,2.211653207808987,0.027623518301879257,0.007525240903088461,0.12832560472682744,Positive,**,True,0.035804940234587246,0.016899154748990952,7
BTC,2024-05-08,2025-05-07,365,const,-0.09254819787248997,0.05762191632254391,-1.6061284278440693,0.1091298171233718,-0.20586925656775606,0.020772860822776143,Negative,,False,0.040052462877259276,0.021229962149362458,7
BTC,2024-05-08,2025-05-07,365,BTC_Lagged_Return,-0.07954830140174356,0.05881810287222309,-1.3524458885482062,0.17708874371740937,-0.19522181789185133,0.03612521508836421,Negative,,False,0.040052462877259276,0.021229962149362458,7
BTC,2024-05-08,2025-05-07,365,Lagged_Log_BTC_Volume,0.003857093352879481,0.002380515989055473,1.6202761798755552,0.10605589359035557,-0.0008245036736885714,0.008538690379447534,Positive,,False,0.040052462877259276,0.021229962149362458,7
BTC,2024-05-08,2025-05-07,365,Lagged_SP500_Return_Aligned,0.06428012412166266,0.1991787712599101,0.32272577903286176,0.7470918534575506,-0.3274310626853015,0.4559913109286268,Positive,,False,0.040052462877259276,0.021229962149362458,7
BTC,2024-05-08,2025-05-07,365,Lagged_VIX_Change_Aligned,0.0008929230360345308,0.0009315539191034882,0.9585307062997115,0.33844390506768357,-0.0009390999698235823,0.002724946041892644,Positive,,False,0.040052462877259276,0.021229962149362458,7
BTC,2024-05-08,2025-05-07,365,Lagged_Gold_Return_Aligned,0.22580366751774042,0.11475075885238044,1.9677749391463502,0.049867624806689624,0.00013124443400150398,0.4514760906014793,Positive,**,True,0.040052462877259276,0.021229962149362458,7
BTC,2024-05-08,2025-05-07,365,Lagged_DXY_Return_Aligned,0.025444504120262362,0.3676674529029792,0.06920521226276917,0.9448650207805334,-0.6976217815884056,0.7485107898289303,Positive,,False,0.040052462877259276,0.021229962149362458,7
BTC,2024-05-08,2025-05-07,365,Lagged_US10Y_Change_Aligned,0.0690461814629787,0.030550567576257126,2.260062150748357,0.02441941457531069,0.008964481956427385,0.12912788096953,Positive,**,True,0.040052462877259276,0.021229962149362458,7
BTC,2024-05-15,2025-05-14,365,const,-0.10358028876411297,0.05796943001909212,-1.7868088185445157,0.07481676316521658,-0.21758477873895526,0.01042420121072933,Negative,*,False,0.03464204240412683,0.015713455000286203,7
BTC,2024-05-15,2025-05-14,365,BTC_Lagged_Return,-0.07396226914992866,0.058568729070731976,-1.2628286514567577,0.2074749648512191,-0.18914535934047272,0.04122082104061538,Negative,,False,0.03464204240412683,0.015713455000286203,7
BTC,2024-05-15,2025-05-14,365,Lagged_Log_BTC_Volume,0.00432205991116565,0.0023925158451552934,1.8064916560187354,0.07168352358579139,-0.00038313640685620765,0.009027256229187508,Positive,*,False,0.03464204240412683,0.015713455000286203,7
BTC,2024-05-15,2025-05-14,365,Lagged_SP500_Return_Aligned,0.08470166073313795,0.19275423357305407,0.43942827694643566,0.6606171090806655,-0.2943748297852315,0.4637781512515074,Positive,,False,0.03464204240412683,0.015713455000286203,7
BTC,2024-05-15,2025-05-14,365,Lagged_VIX_Change_Aligned,0.0008842424679579813,0.0009398567362692249,0.9408268663030439,0.34742975327000775,-0.0009641091172224131,0.0027325940531383757,Positive,,False,0.03464204240412683,0.015713455000286203,7
BTC,2024-05-15,2025-05-14,365,Lagged_Gold_Return_Aligned,0.18628248090282895,0.11450424692872345,1.6268608885641245,0.10464892462558517,-0.03890514413959792,0.4114701059452558,Positive,,False,0.03464204240412683,0.015713455000286203,7
BTC,2024-05-15,2025-05-14,365,Lagged_DXY_Return_Aligned,0.11215030881107536,0.3740310640224092,0.29984223129754844,0.7644720053444534,-0.6234308530975124,0.8477314707196631,Positive,,False,0.03464204240412683,0.015713455000286203,7
BTC,2024-05-15,2025-05-14,365,Lagged_US10Y_Change_Aligned,0.06064420233666521,0.031720966808446494,1.9118018282001792,0.05670190017296813,-0.0017392408214754115,0.12302764549480583,Positive,*,False,0.03464204240412683,0.015713455000286203,7
BTC,2024-05-22,2025-05-21,365,const,-0.11330710697484558,0.057161366160649735,-1.9822323115301423,0.0482196247126863,-0.22572243335055492,-0.0008917805991362493,Negative,**,True,0.03450821792920977,0.01557700651605709,7
BTC,2024-05-22,2025-05-21,365,BTC_Lagged_Return,-0.058826131766304454,0.05989178693530528,-0.9822069899141272,0.3266630485036796,-0.17661118883849986,0.05895892530589093,Negative,,False,0.03450821792920977,0.01557700651605709,7
BTC,2024-05-22,2025-05-21,365,Lagged_Log_BTC_Volume,0.004713300619062917,0.0023583388371828753,1.998568036429037,0.04641303462215192,7.531787139147296e-05,0.009351283366734362,Positive,**,True,0.03450821792920977,0.01557700651605709,7
BTC,2024-05-22,2025-05-21,365,Lagged_SP500_Return_Aligned,0.06814578541930605,0.19062876368467185,0.35747902940832815,0.7209444608986931,-0.30675068969263114,0.44304226053124324,Positive,,False,0.03450821792920977,0.01557700651605709,7
BTC,2024-05-22,2025-05-21,365,Lagged_VIX_Change_Aligned,0.0008582727719070268,0.0009409165564448209,0.9121667229982039,0.3622965057352102,-0.000992163088701711,0.0027087086325157644,Positive,,False,0.03450821792920977,0.01557700651605709,7
BTC,2024-05-22,2025-05-21,365,Lagged_Gold_Return_Aligned,0.17193197458700388,0.11230246896947316,1.5309723478451718,0.1266618355813281,-0.04892556521567665,0.3927895143896844,Positive,,False,0.03450821792920977,0.01557700651605709,7
BTC,2024-05-22,2025-05-21,365,Lagged_DXY_Return_Aligned,0.10012449450944189,0.3737460378428225,0.2678944640787038,0.7889352695302194,-0.6348961260203096,0.8351451150391933,Positive,,False,0.03450821792920977,0.01557700651605709,7
BTC,2024-05-22,2025-05-21,365,Lagged_US10Y_Change_Aligned,0.059658880856174365,0.03160335080012722,1.8877390955624305,0.0598718075272705,-0.0024932549898726217,0.12181101670222136,Positive,*,False,0.03450821792920977,0.01557700651605709,7
BTC,2024-05-29,2025-05-28,365,const,-0.11035190801563188,0.057105248761546275,-1.932430212788794,0.054097235527045893,-0.2226568721631565,0.0019530561318927414,Negative,*,False,0.037514753010542745,0.018642493265651483,7
BTC,2024-05-29,2025-05-28,365,BTC_Lagged_Return,-0.057938001929979416,0.05967085087220762,-0.9709598754350041,0.33222563961200285,-0.17528855924631725,0.05941255538635841,Negative,,False,0.037514753010542745,0.018642493265651483,7
BTC,2024-05-29,2025-05-28,365,Lagged_Log_BTC_Volume,0.004588637530852522,0.0023530914716004938,1.9500463905601957,0.051952999483205635,-3.902558392389604e-05,0.00921630064562894,Positive,*,False,0.037514753010542745,0.018642493265651483,7
BTC,2024-05-29,2025-05-28,365,Lagged_SP500_Return_Aligned,0.06506006577581695,0.18679641968021962,0.3482939656295047,0.727824717763832,-0.30229960203110057,0.4324197335827345,Positive,,False,0.037514753010542745,0.018642493265651483,7
BTC,2024-05-29,2025-05-28,365,Lagged_VIX_Change_Aligned,0.0009078268381330652,0.0009266190183839406,0.9797196259972629,0.3278879846311983,-0.0009144910379795387,0.002730144714245669,Positive,,False,0.037514753010542745,0.018642493265651483,7
BTC,2024-05-29,2025-05-28,365,Lagged_Gold_Return_Aligned,0.1820252642185482,0.11069281876271844,1.6444180051891015,0.1009701296574452,-0.03566668725941474,0.39971721569651114,Positive,,False,0.037514753010542745,0.018642493265651483,7
BTC,2024-05-29,2025-05-28,365,Lagged_DXY_Return_Aligned,0.07626784132029935,0.3656138614888873,0.20860216024008016,0.8348777900039085,-0.642759787432398,0.7952954700729966,Positive,,False,0.037514753010542745,0.018642493265651483,7
BTC,2024-05-29,2025-05-28,365,Lagged_US10Y_Change_Aligned,0.06399349268565818,0.03060254464778246,2.091116716671315,0.03722410580660793,0.003809573448333603,0.12417741192298276,Positive,**,True,0.037514753010542745,0.018642493265651483,7
BTC,2024-06-05,2025-06-04,365,const,-0.11576008710057525,0.05775271243453224,-2.0044095285013577,0.04578105912226852,-0.22933837351108732,-0.002181800690063171,Negative,**,True,0.040703905302728605,0.02189417795572335,7
BTC,2024-06-05,2025-06-04,365,BTC_Lagged_Return,-0.057834248918800436,0.05993073925371468,-0.965018113225021,0.3351889761406345,-0.17569591083586214,0.06002741299826126,Negative,,False,0.040703905302728605,0.02189417795572335,7
BTC,2024-06-05,2025-06-04,365,Lagged_Log_BTC_Volume,0.00480070242915514,0.0023782134291950646,2.0186171561481747,0.04427429639546527,0.00012363368865848674,0.009477771169651792,Positive,**,True,0.040703905302728605,0.02189417795572335,7
BTC,2024-06-05,2025-06-04,365,Lagged_SP500_Return_Aligned,0.05639283255850061,0.1873364458502928,0.30102435381722853,0.7635711682950925,-0.31202886756565695,0.4248145326826581,Positive,,False,0.040703905302728605,0.02189417795572335,7
BTC,2024-06-05,2025-06-04,365,Lagged_VIX_Change_Aligned,0.000919059164199773,0.0009273219246113856,0.9910896526952329,0.32231306051850406,-0.0009046410692334671,0.0027427593976330133,Positive,,False,0.040703905302728605,0.02189417795572335,7
BTC,2024-06-05,2025-06-04,365,Lagged_Gold_Return_Aligned,0.19451808515356692,0.10979502465873599,1.7716475382938932,0.07730608356658258,-0.02140823642440856,0.41044440673154237,Positive,*,False,0.040703905302728605,0.02189417795572335,7
BTC,2024-06-05,2025-06-04,365,Lagged_DXY_Return_Aligned,0.07537421633413363,0.36109879296465425,0.2087357194282052,0.8347735993858271,-0.6347739377689574,0.7855223704372247,Positive,,False,0.040703905302728605,0.02189417795572335,7
BTC,2024-06-05,2025-06-04,365,Lagged_US10Y_Change_Aligned,0.06830376560184853,0.030466739277210286,2.2419125650555287,0.025580671294073078,0.008386925444011636,0.1282206057596854,Positive,**,True,0.040703905302728605,0.02189417795572335,7
BTC,2024-06-12,2025-06-11,365,const,-0.11065253847077418,0.059057034257695935,-1.8736555240471569,0.06179464305930684,-0.2267959448792552,0.005490867937706825,Negative,*,False,0.04602174434104145,0.02731628834772859,7
BTC,2024-06-12,2025-06-11,365,BTC_Lagged_Return,-0.065488192658957,0.059310871180864005,-1.1041515889937903,0.2702710393158079,-0.1821308026813605,0.05115441736344652,Negative,,False,0.04602174434104145,0.02731628834772859,7
BTC,2024-06-12,2025-06-11,365,Lagged_Log_BTC_Volume,0.004598876805897614,0.0024300672000510232,1.8924895598776252,0.05923457021860646,-0.00018016917842839791,0.009377922790223626,Positive,*,False,0.04602174434104145,0.02731628834772859,7
BTC,2024-06-12,2025-06-11,365,Lagged_SP500_Return_Aligned,0.07139453951785198,0.18797095778750625,0.37981686297816647,0.7043072106836519,-0.2982750115815721,0.44106409061727603,Positive,,False,0.04602174434104145,0.02731628834772859,7
BTC,2024-06-12,2025-06-11,365,Lagged_VIX_Change_Aligned,0.0009897617745666023,0.000930181860194961,1.0640518987966006,0.28802436100237316,-0.0008395628974277732,0.0028190864465609776,Positive,,False,0.04602174434104145,0.02731628834772859,7
BTC,2024-06-12,2025-06-11,365,Lagged_Gold_Return_Aligned,0.19406730583903814,0.11228453980559232,1.728352862959079,0.08478963439169102,-0.026754973910486146,0.4148895855885624,Positive,*,False,0.04602174434104145,0.02731628834772859,7
BTC,2024-06-12,2025-06-11,365,Lagged_DXY_Return_Aligned,0.08367489770910391,0.3609524775694933,0.23181693687916075,0.8168130212031139,-0.6261855079721845,0.7935353033903922,Positive,,False,0.04602174434104145,0.02731628834772859,7
BTC,2024-06-12,2025-06-11,365,Lagged_US10Y_Change_Aligned,0.07710409690701911,0.031179186623653342,2.4729348407224303,0.013865841668065738,0.01578613556619974,0.1384220582478385,Positive,**,True,0.04602174434104145,0.02731628834772859,7
BTC,2024-06-19,2025-06-18,365,const,-0.1023348242419396,0.05979460791481667,-1.7114390044621692,0.08786865592739385,-0.21992876602003242,0.015259117536153208,Negative,*,False,0.046605339614873564,0.027911326666145708,7
BTC,2024-06-19,2025-06-18,365,BTC_Lagged_Return,-0.06796607749930281,0.0592559258852294,-1.1469920768927613,0.25215302003011125,-0.1845006303887782,0.04856847539017259,Negative,,False,0.046605339614873564,0.027911326666145708,7
BTC,2024-06-19,2025-06-18,365,Lagged_Log_BTC_Volume,0.004251062348519783,0.0024586152749064647,1.7290473999359295,0.0846650973830388,-0.000584127170641509,0.009086251867681076,Positive,*,False,0.046605339614873564,0.027911326666145708,7
BTC,2024-06-19,2025-06-18,365,Lagged_SP500_Return_Aligned,0.08429875725185162,0.18880291298087487,0.4464907660635025,0.6555134900517056,-0.2870069428914853,0.4556044573951885,Positive,,False,0.046605339614873564,0.027911326666145708,7
BTC,2024-06-19,2025-06-18,365,Lagged_VIX_Change_Aligned,0.0010510232389441742,0.0009233289878631592,1.138297673699745,0.2557595128081787,-0.0007648243604829452,0.002866870838371294,Positive,,False,0.046605339614873564,0.027911326666145708,7
BTC,2024-06-19,2025-06-18,365,Lagged_Gold_Return_Aligned,0.1951387083871064,0.10944714069410004,1.7829493502485418,0.07544412344232189,-0.020103453730517556,0.4103808705047304,Positive,*,False,0.046605339614873564,0.027911326666145708,7
BTC,2024-06-19,2025-06-18,365,Lagged_DXY_Return_Aligned,0.09300630178244257,0.3616040033289987,0.25720484542816996,0.7971688223195188,-0.6181354147879372,0.8041480183528225,Positive,,False,0.046605339614873564,0.027911326666145708,7
BTC,2024-06-19,2025-06-18,365,Lagged_US10Y_Change_Aligned,0.07858109898723105,0.03149043053170956,2.495396146080097,0.013032519477782013,0.01665103566465958,0.1405111623098025,Positive,**,True,0.046605339614873564,0.027911326666145708,7
BTC,2024-06-26,2025-06-25,365,const,-0.08941926878017047,0.057917039065121946,-1.5439198934121512,0.12349367976455859,-0.20332072507010854,0.024482187509767606,Negative,,False,0.04119677438907865,0.022396711141805747,7
BTC,2024-06-26,2025-06-25,365,BTC_Lagged_Return,-0.059872559087131946,0.059155843839892544,-1.0121157133550358,0.3121681962407694,-0.17621028750325113,0.05646516932898725,Negative,,False,0.04119677438907865,0.022396711141805747,7
BTC,2024-06-26,2025-06-25,365,Lagged_Log_BTC_Volume,0.003730009056101923,0.0023815879880097223,1.566185702514845,0.1181910838856636,-0.0009536961970606044,0.00841371430926445,Positive,,False,0.04119677438907865,0.022396711141805747,7
BTC,2024-06-26,2025-06-25,365,Lagged_SP500_Return_Aligned,0.08853071556670741,0.18538451440223447,0.47755183787691996,0.6332614598795423,-0.2760522552629159,0.45311368639633065,Positive,,False,0.04119677438907865,0.022396711141805747,7
BTC,2024-06-26,2025-06-25,365,Lagged_VIX_Change_Aligned,0.0010411717572386657,0.0009051133874996734,1.1503219062032064,0.25078125987825506,-0.000738852474107367,0.0028211959885846983,Positive,,False,0.04119677438907865,0.022396711141805747,7
BTC,2024-06-26,2025-06-25,365,Lagged_Gold_Return_Aligned,0.15763350486177366,0.10836646091876258,1.4546336894765286,0.14664934447904998,-0.055483358687744705,0.37075036841129205,Positive,,False,0.04119677438907865,0.022396711141805747,7
BTC,2024-06-26,2025-06-25,365,Lagged_DXY_Return_Aligned,0.0734489811317256,0.3630081605589788,0.20233424234492428,0.8397706869714301,-0.6404541948629687,0.7873521571264199,Positive,,False,0.04119677438907865,0.022396711141805747,7
BTC,2024-06-26,2025-06-25,365,Lagged_US10Y_Change_Aligned,0.07698373153320245,0.03185451183048127,2.416729282899808,0.016161460999845993,0.014337654567540534,0.13962980849886436,Positive,**,True,0.04119677438907865,0.022396711141805747,7
BTC,2024-07-03,2025-07-02,365,const,-0.09094931585460614,0.05962102485153401,-1.5254571031122768,0.12803051813806976,-0.20820188376389787,0.02630325205468559,Negative,,False,0.04203582350484614,0.023252212201019695,7
BTC,2024-07-03,2025-07-02,365,BTC_Lagged_Return,-0.05842076411883562,0.05999425290480048,-0.973772674718332,0.3308287572253745,-0.17640733396402586,0.059565805726354615,Negative,,False,0.04203582350484614,0.023252212201019695,7
BTC,2024-07-03,2025-07-02,365,Lagged_Log_BTC_Volume,0.0037950600396741514,0.0024492107385441783,1.5495032664808386,0.12214679342732039,-0.0010216342248144765,0.00861175430416278,Positive,,False,0.04203582350484614,0.023252212201019695,7
BTC,2024-07-03,2025-07-02,365,Lagged_SP500_Return_Aligned,0.08900475414012504,0.18281606290396893,0.4868541239009078,0.6266604792660231,-0.27052701982610927,0.44853652810635936,Positive,,False,0.04203582350484614,0.023252212201019695,7
BTC,2024-07-03,2025-07-02,365,Lagged_VIX_Change_Aligned,0.0010449903473665088,0.0009018940359647278,1.1586619998531373,0.24736845105938657,-0.0007287026067930771,0.0028186833015260947,Positive,,False,0.04203582350484614,0.023252212201019695,7
BTC,2024-07-03,2025-07-02,365,Lagged_Gold_Return_Aligned,0.16700190522304081,0.10597779886106667,1.5758197190146843,0.11595306560938468,-0.04141734098712832,0.37542115143321,Positive,,False,0.04203582350484614,0.023252212201019695,7
BTC,2024-07-03,2025-07-02,365,Lagged_DXY_Return_Aligned,0.09556194168836396,0.3623776414956042,0.2637081617231155,0.7921569558540826,-0.6171012358413505,0.8082251192180784,Positive,,False,0.04203582350484614,0.023252212201019695,7
BTC,2024-07-03,2025-07-02,365,Lagged_US10Y_Change_Aligned,0.07756186187166522,0.03289826725753013,2.3576275693946154,0.018931081389276804,0.012863102913442934,0.1422606208298875,Positive,**,True,0.04203582350484614,0.023252212201019695,7
BTC,2024-07-10,2025-07-09,365,const,-0.0775693905252349,0.05936068631813037,-1.306746861205732,0.19213983945474036,-0.19430996855103622,0.03917118750056642,Negative,,False,0.038569162530740275,0.0197175774823235,7
BTC,2024-07-10,2025-07-09,365,BTC_Lagged_Return,-0.061224977641090486,0.06034868657939424,-1.0145204661669547,0.3110215405705923,-0.1799085878106148,0.05745863252843385,Negative,,False,0.038569162530740275,0.0197175774823235,7
BTC,2024-07-10,2025-07-09,365,Lagged_Log_BTC_Volume,0.0032493293516898817,0.0024393548540689895,1.3320445552518965,0.1836952827893565,-0.0015479820228432159,0.008046640726222978,Positive,,False,0.038569162530740275,0.0197175774823235,7
BTC,2024-07-10,2025-07-09,365,Lagged_SP500_Return_Aligned,0.09303958633961244,0.17564185115802694,0.5297119435156925,0.5966409258454987,-0.25238315894032515,0.43846233161955006,Positive,,False,0.038569162530740275,0.0197175774823235,7
BTC,2024-07-10,2025-07-09,365,Lagged_VIX_Change_Aligned,0.001032274615656679,0.0008685928506288518,1.188444752808319,0.2354482097959103,-0.0006759271882790065,0.0027404764195923647,Positive,,False,0.038569162530740275,0.0197175774823235,7
BTC,2024-07-10,2025-07-09,365,Lagged_Gold_Return_Aligned,0.18859246352412856,0.10517002804207413,1.7932149209723571,0.07378489486320534,-0.018238195387433764,0.3954231224356909,Positive,*,False,0.038569162530740275,0.0197175774823235,7
BTC,2024-07-10,2025-07-09,365,Lagged_DXY_Return_Aligned,0.11502764747908084,0.35990168536973716,0.31960852687008035,0.7494520590619642,-0.5927662374728631,0.8228215324310246,Positive,,False,0.038569162530740275,0.0197175774823235,7
BTC,2024-07-10,2025-07-09,365,Lagged_US10Y_Change_Aligned,0.07125875984174526,0.0330606953143341,2.1553920498111743,0.031799129038201444,0.0062405647985477875,0.13627695488494274,Positive,**,True,0.038569162530740275,0.0197175774823235,7
BTC,2024-07-17,2025-07-16,365,const,-0.09258260558807717,0.05505635451890445,-1.6815970907824547,0.09352150705484853,-0.20085815038357707,0.015692939207422735,Negative,*,False,0.0432821807806788,0.024523007854809875,7
BTC,2024-07-17,2025-07-16,365,BTC_Lagged_Return,-0.0742317072095852,0.05961551782385588,-1.245174241862921,0.21388439694796485,-0.19147344482640183,0.043010030407231406,Negative,,False,0.0432821807806788,0.024523007854809875,7
BTC,2024-07-17,2025-07-16,365,Lagged_Log_BTC_Volume,0.003856370597027903,0.0022641159397481735,1.7032566792744845,0.08939034965030462,-0.0005963104603827047,0.00830905165443851,Positive,*,False,0.0432821807806788,0.024523007854809875,7
BTC,2024-07-17,2025-07-16,365,Lagged_SP500_Return_Aligned,0.05869422264389042,0.17838631580904699,0.3290287283398994,0.7423269096413003,-0.29212587245802196,0.40951431774580277,Positive,,False,0.0432821807806788,0.024523007854809875,7
BTC,2024-07-17,2025-07-16,365,Lagged_VIX_Change_Aligned,0.0008413416141372153,0.0008780710775580627,0.9581702844341565,0.33862533522023336,-0.0008855003666395161,0.0025681835949139466,Positive,,False,0.0432821807806788,0.024523007854809875,7
BTC,2024-07-17,2025-07-16,365,Lagged_Gold_Return_Aligned,0.19801068049162762,0.10337975156411397,1.9153719901215425,0.05624375213553202,-0.005299164833936276,0.4013205258171915,Positive,*,False,0.0432821807806788,0.024523007854809875,7
BTC,2024-07-17,2025-07-16,365,Lagged_DXY_Return_Aligned,0.18567477523054776,0.35729386111858313,0.5196696485331543,0.6036158984702846,-0.5169904811735749,0.8883400316346705,Positive,,False,0.0432821807806788,0.024523007854809875,7
BTC,2024-07-17,2025-07-16,365,Lagged_US10Y_Change_Aligned,0.0703701606471433,0.03245628733983767,2.168151887192876,0.03080723086369337,0.006540613186757999,0.1341997081075286,Positive,**,True,0.0432821807806788,0.024523007854809875,7
BTC,2024-07-24,2025-07-23,365,const,-0.09427327297430863,0.05464706258349671,-1.7251297419740717,0.08536951915915816,-0.20174389147794042,0.013197345529323182,Negative,*,False,0.04193823407772579,0.02315270925572044,7
BTC,2024-07-24,2025-07-23,365,BTC_Lagged_Return,-0.07463870473605597,0.06001233261652101,-1.243722773000635,0.2144176649262293,-0.19266083070648174,0.04338342123436981,Negative,,False,0.04193823407772579,0.02315270925572044,7
BTC,2024-07-24,2025-07-23,365,Lagged_Log_BTC_Volume,0.0039190504874385525,0.002245066943815633,1.7456274514370957,0.08173599672117522,-0.0004961682201592849,0.00833426919503639,Positive,*,False,0.04193823407772579,0.02315270925572044,7
BTC,2024-07-24,2025-07-23,365,Lagged_SP500_Return_Aligned,0.0837886723461024,0.17983830342995383,0.46591115879125106,0.6415632199562465,-0.26988694691943815,0.4374642916116429,Positive,,False,0.04193823407772579,0.02315270925572044,7
BTC,2024-07-24,2025-07-23,365,Lagged_VIX_Change_Aligned,0.000901644387025749,0.0008673237955387743,1.0395706789822998,0.2992429509885211,-0.0008040616535697309,0.002607350427621229,Positive,,False,0.04193823407772579,0.02315270925572044,7
BTC,2024-07-24,2025-07-23,365,Lagged_Gold_Return_Aligned,0.2072740342904807,0.10752984812604097,1.9275953412258586,0.05469854256833488,-0.004197520434899793,0.4187455890158612,Positive,*,False,0.04193823407772579,0.02315270925572044,7
BTC,2024-07-24,2025-07-23,365,Lagged_DXY_Return_Aligned,0.1474543849743849,0.359076606788235,0.41064882029852184,0.6815764183481564,-0.558716874693123,0.8536256446418928,Positive,,False,0.04193823407772579,0.02315270925572044,7
BTC,2024-07-24,2025-07-23,365,Lagged_US10Y_Change_Aligned,0.06825039762583865,0.03242782774701205,2.10468607883016,0.036017174212500995,0.004476819688767758,0.13202397556290954,Positive,**,True,0.04193823407772579,0.02315270925572044,7
BTC,2024-07-31,2025-07-30,365,const,-0.09084655739064587,0.05396249172242945,-1.6835130197089399,0.09314998645017253,-0.1969708774773033,0.01527776269601154,Negative,*,False,0.04349803446934153,0.024743093968740415,7
BTC,2024-07-31,2025-07-30,365,BTC_Lagged_Return,-0.07463029389177463,0.06060275865404412,-1.2314669422527094,0.2189588616393149,-0.19381357013146336,0.044552982347914105,Negative,,False,0.04349803446934153,0.024743093968740415,7
BTC,2024-07-31,2025-07-30,365,Lagged_Log_BTC_Volume,0.003774060879136614,0.0022143698397587065,1.704349838664648,0.08918582608247258,-0.0005807879457392097,0.008128909704012437,Positive,*,False,0.04349803446934153,0.024743093968740415,7
BTC,2024-07-31,2025-07-30,365,Lagged_SP500_Return_Aligned,0.08672000324653231,0.1822028886035171,0.47595295503376744,0.6343990191210898,-0.2716058830067183,0.44504588949978297,Positive,,False,0.04349803446934153,0.024743093968740415,7
BTC,2024-07-31,2025-07-30,365,Lagged_VIX_Change_Aligned,0.0009478331606120104,0.0008681421692822034,1.091794862811119,0.2756595418371523,-0.0007594823193241306,0.0026551486405481514,Positive,,False,0.04349803446934153,0.024743093968740415,7
BTC,2024-07-31,2025-07-30,365,Lagged_Gold_Return_Aligned,0.23075863303008717,0.10484382500017082,2.2009749551746247,0.028377412996170595,0.024569495199690927,0.4369477708604834,Positive,**,True,0.04349803446934153,0.024743093968740415,7
BTC,2024-07-31,2025-07-30,365,Lagged_DXY_Return_Aligned,0.1606556264428714,0.3528527560395047,0.45530500667220153,0.649166604231607,-0.5332756141308685,0.8545868670166112,Positive,,False,0.04349803446934153,0.024743093968740415,7
BTC,2024-07-31,2025-07-30,365,Lagged_US10Y_Change_Aligned,0.06881254750547611,0.03232308680250295,2.128897772849702,0.03394679730784019,0.00524495637825155,0.13238013863270065,Positive,**,True,0.04349803446934153,0.024743093968740415,7
BTC,2024-08-07,2025-08-06,365,const,-0.07533861401932195,0.05269398676842818,-1.4297383561127963,0.15366665150609352,-0.17896825268054795,0.028291024641904056,Negative,,False,0.029049899178854255,0.01001166190785141,7
BTC,2024-08-07,2025-08-06,365,BTC_Lagged_Return,-0.06882106264461034,0.06223864234075454,-1.1057609879697772,0.2695745902108972,-0.19122151878929664,0.053579393500075956,Negative,,False,0.029049899178854255,0.01001166190785141,7
BTC,2024-08-07,2025-08-06,365,Lagged_Log_BTC_Volume,0.003155877204821852,0.002164584548473463,1.4579597766451218,0.14573075764255122,-0.0011010623126939748,0.007412816722337678,Positive,,False,0.029049899178854255,0.01001166190785141,7
BTC,2024-08-07,2025-08-06,365,Lagged_SP500_Return_Aligned,0.04019822773798354,0.1747566963713147,0.23002396230111985,0.8182048929793684,-0.3034837445177121,0.38388019999367917,Positive,,False,0.029049899178854255,0.01001166190785141,7
BTC,2024-08-07,2025-08-06,365,Lagged_VIX_Change_Aligned,0.0008616309954348228,0.0009460612921049568,0.9107559971275443,0.3630384747491559,-0.0009989226628613513,0.002722184653730997,Positive,,False,0.029049899178854255,0.01001166190785141,7
BTC,2024-08-07,2025-08-06,365,Lagged_Gold_Return_Aligned,0.20696389210680488,0.10082777074685344,2.052647703839705,0.04083530203875181,0.008672851889408334,0.4052549323242014,Positive,**,True,0.029049899178854255,0.01001166190785141,7
BTC,2024-08-07,2025-08-06,365,Lagged_DXY_Return_Aligned,0.058503904009624026,0.3451492519185968,0.16950320385866613,0.8654968582245351,-0.6202773849769784,0.7372851929962264,Positive,,False,0.029049899178854255,0.01001166190785141,7
BTC,2024-08-07,2025-08-06,365,Lagged_US10Y_Change_Aligned,0.048070206207986424,0.027660420402556042,1.7378696891947585,0.08309607327764597,-0.006327639681554899,0.10246805209752774,Positive,*,False,0.029049899178854255,0.01001166190785141,7
BTC,2024-08-14,2025-08-13,365,const,-0.0749419651334178,0.05143696963266133,-1.4569669572025357,0.1460044866484032,-0.17609951467102228,0.02621558440418667,Negative,,False,0.024274856333638906,0.005142990771553446,7
BTC,2024-08-14,2025-08-13,365,BTC_Lagged_Return,-0.06285916895409711,0.06402589488260761,-0.9817772804167797,0.32687445118277075,-0.18877449171767363,0.06305615380947942,Negative,,False,0.024274856333638906,0.005142990771553446,7
BTC,2024-08-14,2025-08-13,365,Lagged_Log_BTC_Volume,0.003137291580303651,0.002110393086713737,1.486591100044296,0.13800544367910092,-0.0010130733175053057,0.007287656478112608,Positive,,False,0.024274856333638906,0.005142990771553446,7
BTC,2024-08-14,2025-08-13,365,Lagged_SP500_Return_Aligned,-0.00792561840150767,0.18717761094960517,-0.04234276931572509,0.9662491224209868,-0.3760349488536306,0.3601837120506152,Negative,,False,0.024274856333638906,0.005142990771553446,7
BTC,2024-08-14,2025-08-13,365,Lagged_VIX_Change_Aligned,0.0005405456944049592,0.0010533799266399194,0.5131535932426552,0.6081612823301046,-0.0015310641393775945,0.002612155528187513,Positive,,False,0.024274856333638906,0.005142990771553446,7
BTC,2024-08-14,2025-08-13,365,Lagged_Gold_Return_Aligned,0.1653759347384687,0.09609467622869215,1.720968749037633,0.0861228971077784,-0.02360685410629948,0.3543587235832369,Positive,*,False,0.024274856333638906,0.005142990771553446,7
BTC,2024-08-14,2025-08-13,365,Lagged_DXY_Return_Aligned,-0.013922858101638885,0.34284674122465747,-0.040609568146706236,0.9676298571705177,-0.6881759577091543,0.6603302415058766,Negative,,False,0.024274856333638906,0.005142990771553446,7
BTC,2024-08-14,2025-08-13,365,Lagged_US10Y_Change_Aligned,0.047073431552355,0.028104991099257855,1.6749135904760357,0.09482686858960764,-0.008198720941866723,0.10234558404657673,Positive,*,False,0.024274856333638906,0.005142990771553446,7
BTC,2024-08-21,2025-08-20,365,const,-0.05621856395880514,0.05142472494885074,-1.0932205085145825,0.27503411865709054,-0.1573520327191401,0.04491490480152983,Negative,,False,0.018764610934535297,-0.00047529865498363577,7
BTC,2024-08-21,2025-08-20,365,BTC_Lagged_Return,-0.054011588263060135,0.06529525180957847,-0.8271901365902523,0.4086818584485323,-0.18242326796869535,0.07440009144257509,Negative,,False,0.018764610934535297,-0.00047529865498363577,7
BTC,2024-08-21,2025-08-20,365,Lagged_Log_BTC_Volume,0.002364924468906469,0.002108175758917277,1.1217871464953442,0.26270690088275495,-0.0017810797628676624,0.0065109287006805995,Positive,,False,0.018764610934535297,-0.00047529865498363577,7
BTC,2024-08-21,2025-08-20,365,Lagged_SP500_Return_Aligned,-0.0661817248877201,0.17849957741472164,-0.37076684352005534,0.7110311017820992,-0.4172245637976088,0.28486111402216857,Negative,,False,0.018764610934535297,-0.00047529865498363577,7
BTC,2024-08-21,2025-08-20,365,Lagged_VIX_Change_Aligned,0.00024993831806748463,0.0010021970331952504,0.24939039908212446,0.8032022379301202,-0.0017210136403370568,0.002220890276472026,Positive,,False,0.018764610934535297,-0.00047529865498363577,7
BTC,2024-08-21,2025-08-20,365,Lagged_Gold_Return_Aligned,0.14150160420444385,0.09402438746147272,1.5049457701856905,0.1332222176948306,-0.04340969014866272,0.3264128985575504,Positive,,False,0.018764610934535297,-0.00047529865498363577,7
BTC,2024-08-21,2025-08-20,365,Lagged_DXY_Return_Aligned,-0.03596742817442669,0.33909305428374426,-0.10606949248901477,0.9155867910735492,-0.702838409912522,0.6309035535636687,Negative,,False,0.018764610934535297,-0.00047529865498363577,7
BTC,2024-08-21,2025-08-20,365,Lagged_US10Y_Change_Aligned,0.042536640055969334,0.02793149038065633,1.5228918856914149,0.12867103354128862,-0.012394300511070752,0.09746758062300942,Positive,,False,0.018764610934535297,-0.00047529865498363577,7
BTC,2024-08-28,2025-08-27,365,const,-0.05418881416559322,0.05114455505240042,-1.0595226434187137,0.29007814024892703,-0.15477129206504509,0.04639366373385863,Negative,,False,0.021013652843652753,0.001817842115096946,7
BTC,2024-08-28,2025-08-27,365,BTC_Lagged_Return,-0.055588683929327726,0.06499552722985641,-0.8552693746561756,0.3929756562020798,-0.18341091592376613,0.07223354806511068,Negative,,False,0.021013652843652753,0.001817842115096946,7
BTC,2024-08-28,2025-08-27,365,Lagged_Log_BTC_Volume,0.0022737628544929737,0.002095132031063858,1.0852599362620652,0.2785388444085355,-0.0018465891750633688,0.006394114884049316,Positive,,False,0.021013652843652753,0.001817842115096946,7
BTC,2024-08-28,2025-08-27,365,Lagged_SP500_Return_Aligned,-0.09227758737097104,0.1825672684061746,-0.5054443119873624,0.6135587113033143,-0.4513200743143685,0.26676489957242644,Negative,,False,0.021013652843652753,0.001817842115096946,7
BTC,2024-08-28,2025-08-27,365,Lagged_VIX_Change_Aligned,0.00017744392742718404,0.0010196124503653915,0.17403075782724572,0.8619399321505744,-0.0018277577338212034,0.0021826455886755714,Positive,,False,0.021013652843652753,0.001817842115096946,7
BTC,2024-08-28,2025-08-27,365,Lagged_Gold_Return_Aligned,0.15285959273030103,0.09324001486311598,1.6394205101180164,0.10200657818005969,-0.03050912999502775,0.3362283154556298,Positive,,False,0.021013652843652753,0.001817842115096946,7
BTC,2024-08-28,2025-08-27,365,Lagged_DXY_Return_Aligned,0.06845087600041275,0.3478233817527941,0.19679779908833825,0.8440977605171702,-0.6155894401626474,0.7524911921634729,Positive,,False,0.021013652843652753,0.001817842115096946,7
BTC,2024-08-28,2025-08-27,365,Lagged_US10Y_Change_Aligned,0.04476962774513843,0.028293562700020508,1.582325570653779,0.11446074636967658,-0.01087337554340033,0.10041263103367719,Positive,,False,0.021013652843652753,0.001817842115096946,7
BTC,2024-09-04,2025-09-03,365,const,-0.04815137931346688,0.05155431414848013,-0.9339932090801838,0.3509386792126728,-0.1495397022375418,0.053236943610608024,Negative,,False,0.02191608151748825,0.002737965468811665,7
BTC,2024-09-04,2025-09-03,365,BTC_Lagged_Return,-0.06081250881222866,0.06462838756506963,-0.9409566152490029,0.34736334771596655,-0.187912712485537,0.06628769486107969,Negative,,False,0.02191608151748825,0.002737965468811665,7
BTC,2024-09-04,2025-09-03,365,Lagged_Log_BTC_Volume,0.0020316113371847363,0.002110606099572242,0.962572475080255,0.33641364153517794,-0.002119172478358687,0.00618239515272816,Positive,,False,0.02191608151748825,0.002737965468811665,7
BTC,2024-09-04,2025-09-03,365,Lagged_SP500_Return_Aligned,-0.10017563115076131,0.18933770454660193,-0.5290844282212419,0.5970756917722426,-0.47253306907508863,0.27218180677356607,Negative,,False,0.02191608151748825,0.002737965468811665,7
BTC,2024-09-04,2025-09-03,365,Lagged_VIX_Change_Aligned,0.00012074306822784197,0.0010424401479922985,0.11582733882649157,0.9078545074391831,-0.0019293522554974464,0.00217083839195313,Positive,,False,0.02191608151748825,0.002737965468811665,7
BTC,2024-09-04,2025-09-03,365,Lagged_Gold_Return_Aligned,0.14425283726940238,0.09165621478971013,1.5738467664234925,0.11640864554813264,-0.03600113481008971,0.3245068093488945,Positive,,False,0.02191608151748825,0.002737965468811665,7
BTC,2024-09-04,2025-09-03,365,Lagged_DXY_Return_Aligned,0.06384553166017001,0.3463616074351199,0.18433201108217367,0.853857665053537,-0.6173200135160116,0.7450110768363517,Positive,,False,0.02191608151748825,0.002737965468811665,7
BTC,2024-09-04,2025-09-03,365,Lagged_US10Y_Change_Aligned,0.046918223957886265,0.02838372588989772,1.6529973598210834,0.09921048957512765,-0.00890209707335017,0.1027385449891227,Positive,*,False,0.02191608151748825,0.002737965468811665,7
BTC,2024-09-11,2025-09-10,365,const,-0.0485366807283149,0.05124521269529668,-0.9471456585986544,0.3442052145230431,-0.14931711508924445,0.05224375363261464,Negative,,False,0.022790917329378213,0.003629954924071921,7
BTC,2024-09-11,2025-09-10,365,BTC_Lagged_Return,-0.07931483786293954,0.06524474485544395,-1.2156509775410915,0.22492117152286653,-0.20762718901653632,0.048997513290657255,Negative,,False,0.022790917329378213,0.003629954924071921,7
BTC,2024-09-11,2025-09-10,365,Lagged_Log_BTC_Volume,0.00205070102608692,0.0020993293516558477,0.9768362570024699,0.3293116795570242,-0.0020779055851203564,0.006179307637294197,Positive,,False,0.022790917329378213,0.003629954924071921,7
BTC,2024-09-11,2025-09-10,365,Lagged_SP500_Return_Aligned,-0.07997323574116304,0.18826129304025155,-0.4247991419248577,0.6712390104125124,-0.4502137692083634,0.2902672977260373,Negative,,False,0.022790917329378213,0.003629954924071921,7
BTC,2024-09-11,2025-09-10,365,Lagged_VIX_Change_Aligned,6.372819479050153e-05,0.0010262885880005668,0.06209578430045481,0.9505213041801857,-0.001954602967055862,0.0020820593566368657,Positive,,False,0.022790917329378213,0.003629954924071921,7
BTC,2024-09-11,2025-09-10,365,Lagged_Gold_Return_Aligned,0.15452588634547182,0.09041282741123496,1.709114633066657,0.08829877810433401,-0.023282801316396512,0.3323345740073401,Positive,*,False,0.022790917329378213,0.003629954924071921,7
BTC,2024-09-11,2025-09-10,365,Lagged_DXY_Return_Aligned,0.05595318161355019,0.3475368381635738,0.1609992825773909,0.8721850336463659,-0.6275236089855383,0.7394299722126387,Positive,,False,0.022790917329378213,0.003629954924071921,7
BTC,2024-09-11,2025-09-10,365,Lagged_US10Y_Change_Aligned,0.044007359211467964,0.02790852962589376,1.5768426284499626,0.1157174173189037,-0.010878426018780259,0.09889314444171618,Positive,,False,0.022790917329378213,0.003629954924071921,7
BTC,2024-09-18,2025-09-17,365,const,-0.045757633846623236,0.05175618718963326,-0.8840997826785135,0.37723736037975586,-0.1475429665927501,0.056027698899503625,Negative,,False,0.021591104624063107,0.0024066164794369627,7
BTC,2024-09-18,2025-09-17,365,BTC_Lagged_Return,-0.07370563525384306,0.06569885518443411,-1.121870922209098,0.2626713221400439,-0.20291105395065667,0.05549978344297056,Negative,,False,0.021591104624063107,0.0024066164794369627,7
BTC,2024-09-18,2025-09-17,365,Lagged_Log_BTC_Volume,0.0019333371184179474,0.002117859984774139,0.9128729624796843,0.3619254187679503,-0.002231712414116414,0.006098386650952309,Positive,,False,0.021591104624063107,0.0024066164794369627,7
BTC,2024-09-18,2025-09-17,365,Lagged_SP500_Return_Aligned,-0.0816806958166634,0.1878778359999353,-0.43475429329881965,0.6640034603511825,-0.4511671107028441,0.28780571906951735,Negative,,False,0.021591104624063107,0.0024066164794369627,7
BTC,2024-09-18,2025-09-17,365,Lagged_VIX_Change_Aligned,5.471511013267847e-05,0.0010209003378779656,0.0535949574141672,0.9572878522895889,-0.0019530193508856502,0.002062449571151007,Positive,,False,0.021591104624063107,0.0024066164794369627,7
BTC,2024-09-18,2025-09-17,365,Lagged_Gold_Return_Aligned,0.16102566481600666,0.08970487043059877,1.7950604470309788,0.07348980266514399,-0.015390732556393977,0.33744206218840733,Positive,*,False,0.021591104624063107,0.0024066164794369627,7
BTC,2024-09-18,2025-09-17,365,Lagged_DXY_Return_Aligned,0.09030411511804007,0.34753449782727935,0.2598421615195168,0.795135314696611,-0.5931680729026632,0.7737763031387432,Positive,,False,0.021591104624063107,0.0024066164794369627,7
BTC,2024-09-18,2025-09-17,365,Lagged_US10Y_Change_Aligned,0.04096139787795593,0.02799343165621496,1.4632503217540278,0.14427875618735977,-0.014091358334435977,0.09601415409034783,Positive,,False,0.021591104624063107,0.0024066164794369627,7
BTC,2024-09-25,2025-09-24,365,const,-0.052981702481972336,0.052549415170782085,-1.0082263010879444,0.3140286945787399,-0.1563270221280025,0.05036361716405784,Negative,,False,0.02058910215234766,0.0013849669004329934,7
BTC,2024-09-25,2025-09-24,365,BTC_Lagged_Return,-0.07297440046685377,0.06636677402155605,-1.099562266551506,0.2722638159917745,-0.2034933691907351,0.057544568257027556,Negative,,False,0.02058910215234766,0.0013849669004329934,7
BTC,2024-09-25,2025-09-24,365,Lagged_Log_BTC_Volume,0.002218278995292649,0.002148669461317393,1.0323965762200469,0.30258525142388903,-0.00200736141520185,0.006443919405787148,Positive,,False,0.02058910215234766,0.0013849669004329934,7
BTC,2024-09-25,2025-09-24,365,Lagged_SP500_Return_Aligned,-0.11848078712721842,0.18548602055123672,-0.6387585801620588,0.5233895784080768,-0.48326338311690453,0.24630180886246766,Negative,,False,0.02058910215234766,0.0013849669004329934,7
BTC,2024-09-25,2025-09-24,365,Lagged_VIX_Change_Aligned,-0.00013297652882109567,0.0010069224797931069,-0.13206233001016965,0.8950093886602931,-0.0021132216979595454,0.0018472686403173538,Negative,,False,0.02058910215234766,0.0013849669004329934,7
BTC,2024-09-25,2025-09-24,365,Lagged_Gold_Return_Aligned,0.15429618285435653,0.08978058017338267,1.718591955591983,0.08655564748105944,-0.022269107660677412,0.3308614733693905,Positive,*,False,0.02058910215234766,0.0013849669004329934,7
BTC,2024-09-25,2025-09-24,365,Lagged_DXY_Return_Aligned,0.0985782714519986,0.34953442118767636,0.2820273640491296,0.7780859491007752,-0.5888270282556013,0.7859835711595985,Positive,,False,0.02058910215234766,0.0013849669004329934,7
BTC,2024-09-25,2025-09-24,365,Lagged_US10Y_Change_Aligned,0.03688981520074341,0.02815220360960255,1.3103704318251133,0.19091297703501078,-0.018475186889558633,0.09225481729104545,Positive,,False,0.02058910215234766,0.0013849669004329934,7
BTC,2024-10-02,2025-10-01,365,const,-0.04153767425839429,0.053316377052524,-0.7790790851650318,0.43644924649237543,-0.14639132507361718,0.0633159765568286,Negative,,False,0.02107027205050105,0.0018755715024717512,7
BTC,2024-10-02,2025-10-01,365,BTC_Lagged_Return,-0.08402871185757732,0.06543032682040671,-1.2842471670395212,0.19988826378153368,-0.2127060342944374,0.044648610579282766,Negative,,False,0.02107027205050105,0.0018755715024717512,7
BTC,2024-10-02,2025-10-01,365,Lagged_Log_BTC_Volume,0.0017583459957583325,0.002179146760283732,0.8068965467609855,0.42026331774745473,-0.0025272320219081523,0.006043924013424817,Positive,,False,0.02107027205050105,0.0018755715024717512,7
BTC,2024-10-02,2025-10-01,365,Lagged_SP500_Return_Aligned,-0.04681601319879881,0.18798858192186252,-0.24903647189730857,0.8034757816925093,-0.41652022447079784,0.32288819807320024,Negative,,False,0.02107027205050105,0.0018755715024717512,7
BTC,2024-10-02,2025-10-01,365,Lagged_VIX_Change_Aligned,0.00014702278218661893,0.001017002640814496,0.14456479883756396,0.8851360680000371,-0.0018530463461615258,0.0021470919105347637,Positive,,False,0.02107027205050105,0.0018755715024717512,7
BTC,2024-10-02,2025-10-01,365,Lagged_Gold_Return_Aligned,0.16229151283977705,0.09014784989681149,1.8002815710584936,0.07266021227025905,-0.014996061773770775,0.3395790874533249,Positive,*,False,0.02107027205050105,0.0018755715024717512,7
BTC,2024-10-02,2025-10-01,365,Lagged_DXY_Return_Aligned,0.05561277138629542,0.34621188022496535,0.160632186712249,0.872473957967165,-0.6252583155862537,0.7364838583588444,Positive,,False,0.02107027205050105,0.0018755715024717512,7
BTC,2024-10-02,2025-10-01,365,Lagged_US10Y_Change_Aligned,0.03823779056304638,0.027878394615051826,1.3715922703239667,0.17105180272068476,-0.016588730214536204,0.09306431134062897,Positive,,False,0.02107027205050105,0.0018755715024717512,7
BTC,2024-10-09,2025-10-08,365,const,-0.0465724976045671,0.05472488318965353,-0.851029639353753,0.3953233396640745,-0.15419616054060956,0.06105116533147536,Negative,,False,0.018897065308925654,-0.0003402471359972292,7
BTC,2024-10-09,2025-10-08,365,BTC_Lagged_Return,-0.07896262335652635,0.06561809504531955,-1.2033665912122304,0.22963186203240038,-0.20800921664368838,0.050083969930635686,Negative,,False,0.018897065308925654,-0.0003402471359972292,7
BTC,2024-10-09,2025-10-08,365,Lagged_Log_BTC_Volume,0.0019667546994257276,0.002233599282070885,0.8805315775362571,0.37916378380419785,-0.002425911346743777,0.006359420745595232,Positive,,False,0.018897065308925654,-0.0003402471359972292,7
BTC,2024-10-09,2025-10-08,365,Lagged_SP500_Return_Aligned,-0.05191487654959055,0.18888178482745907,-0.27485380126524156,0.7835875541473273,-0.4233756885275659,0.31954593542838483,Negative,,False,0.018897065308925654,-0.0003402471359972292,7
BTC,2024-10-09,2025-10-08,365,Lagged_VIX_Change_Aligned,0.00014757742788065048,0.0010342602943907563,0.1426888653475601,0.8866164078573499,-0.0018864311405047017,0.0021815859962660026,Positive,,False,0.018897065308925654,-0.0003402471359972292,7
BTC,2024-10-09,2025-10-08,365,Lagged_Gold_Return_Aligned,0.14608401820081907,0.09074519389467368,1.6098265035432748,0.10831957570616611,-0.03237831175866515,0.32454634816030326,Positive,,False,0.018897065308925654,-0.0003402471359972292,7
BTC,2024-10-09,2025-10-08,365,Lagged_DXY_Return_Aligned,0.02799991491062387,0.34584983255773727,0.08095974690388053,0.9355193318650695,-0.6521591578220867,0.7081589876433343,Positive,,False,0.018897065308925654,-0.0003402471359972292,7
BTC,2024-10-09,2025-10-08,365,Lagged_US10Y_Change_Aligned,0.035229611379957095,0.028587169118954696,1.2323574689526755,0.21862657269129995,-0.020990807453859714,0.0914500302137739,Positive,,False,0.018897065308925654,-0.0003402471359972292,7
BTC,2024-10-16,2025-10-15,365,const,-0.038930656914547196,0.05442962992037962,-0.7152475034552959,0.4749236149797939,-0.14597366555804459,0.0681123517289502,Negative,,False,0.01675407091835246,-0.002525261024424852,7
BTC,2024-10-16,2025-10-15,365,BTC_Lagged_Return,-0.06571235668892796,0.0678689492283911,-0.968224164894526,0.33358790369696845,-0.19918555004899563,0.0677608366711397,Negative,,False,0.01675407091835246,-0.002525261024424852,7
BTC,2024-10-16,2025-10-15,365,Lagged_Log_BTC_Volume,0.001635334820056769,0.0022231777859400143,0.7355843650467698,0.46246666803226505,-0.002736835986625588,0.006007505626739126,Positive,,False,0.01675407091835246,-0.002525261024424852,7
BTC,2024-10-16,2025-10-15,365,Lagged_SP500_Return_Aligned,-0.06206224187633483,0.18957908916509272,-0.32736860457372835,0.7435809874971842,-0.4348943943236401,0.3107699105709705,Negative,,False,0.01675407091835246,-0.002525261024424852,7
BTC,2024-10-16,2025-10-15,365,Lagged_VIX_Change_Aligned,0.00016065658136910015,0.0010245547767351916,0.15680623917546163,0.8754861955918941,-0.0018542648131402962,0.0021755779758784967,Positive,,False,0.01675407091835246,-0.002525261024424852,7
BTC,2024-10-16,2025-10-15,365,Lagged_Gold_Return_Aligned,0.10881769263754137,0.08599779600417402,1.2653544357376294,0.20656954254550539,-0.06030825649094615,0.2779436417660289,Positive,,False,0.01675407091835246,-0.002525261024424852,7
BTC,2024-10-16,2025-10-15,365,Lagged_DXY_Return_Aligned,-0.09262447939005555,0.3417509606299562,-0.2710291705378649,0.7865252359138799,-0.7647225826868931,0.5794736239067819,Negative,,False,0.01675407091835246,-0.002525261024424852,7
BTC,2024-10-16,2025-10-15,365,Lagged_US10Y_Change_Aligned,0.040043021957290675,0.028076058859063276,1.4262337231268598,0.1546747598232647,-0.01517223149055219,0.09525827540513354,Positive,,False,0.01675407091835246,-0.002525261024424852,7
BTC,2024-10-23,2025-10-22,365,const,-0.026806692310298866,0.05516241146266325,-0.4859593987917481,0.6272940914276274,-0.1352908120008345,0.08167742738023677,Negative,,False,0.015673429644728176,-0.003627091342629951,7
BTC,2024-10-23,2025-10-22,365,BTC_Lagged_Return,-0.05744662673564152,0.0690657219923653,-0.8317675552858452,0.4060961639624905,-0.1932734307578759,0.07838017728659286,Negative,,False,0.015673429644728176,-0.003627091342629951,7
BTC,2024-10-23,2025-10-22,365,Lagged_Log_BTC_Volume,0.001137844308326206,0.002251252766246551,0.5054271672137914,0.6135707383393375,-0.00328953963068894,0.0055652282473413524,Positive,,False,0.015673429644728176,-0.003627091342629951,7
BTC,2024-10-23,2025-10-22,365,Lagged_SP500_Return_Aligned,-0.13027510112815843,0.19048576362785202,-0.6839099082631399,0.4944757307713264,-0.5048903478661277,0.24434014560981082,Negative,,False,0.015673429644728176,-0.003627091342629951,7
BTC,2024-10-23,2025-10-22,365,Lagged_VIX_Change_Aligned,-0.00020404148583105363,0.000959546909437827,-0.2126435756544681,0.8317263454034822,-0.002091116379984186,0.0016830334083220786,Negative,,False,0.015673429644728176,-0.003627091342629951,7
BTC,2024-10-23,2025-10-22,365,Lagged_Gold_Return_Aligned,0.10809063122072486,0.07919171184795112,1.3649235342741417,0.17313667199661426,-0.04765026042659547,0.2638315228680452,Positive,,False,0.015673429644728176,-0.003627091342629951,7
BTC,2024-10-23,2025-10-22,365,Lagged_DXY_Return_Aligned,-0.0736882861320376,0.34250087707234544,-0.21514772972821508,0.8297749966190187,-0.7472611985051447,0.5998846262410695,Negative,,False,0.015673429644728176,-0.003627091342629951,7
BTC,2024-10-23,2025-10-22,365,Lagged_US10Y_Change_Aligned,0.041022847260054465,0.02870398583156295,1.4291690185739179,0.1538300794192572,-0.015427306965969154,0.09747300148607808,Positive,,False,0.015673429644728176,-0.003627091342629951,7
BTC,2024-10-30,2025-10-29,365,const,-0.034765925007626944,0.05582005736278408,-0.6228213772995119,0.533799548567768,-0.1445433916467634,0.0750115416315095,Negative,,False,0.0163915623443025,-0.0028948776097306173,7
BTC,2024-10-30,2025-10-29,365,BTC_Lagged_Return,-0.0606427470826961,0.06892989509299155,-0.8797742547103042,0.3795734322105495,-0.1962024296862298,0.07491693552083761,Negative,,False,0.0163915623443025,-0.0028948776097306173,7
BTC,2024-10-30,2025-10-29,365,Lagged_Log_BTC_Volume,0.0014579986807190545,0.0022761451562506828,0.6405561072039458,0.5222220561159502,-0.0030183394092294594,0.005934336770667568,Positive,,False,0.0163915623443025,-0.0028948776097306173,7
BTC,2024-10-30,2025-10-29,365,Lagged_SP500_Return_Aligned,-0.14170372123646066,0.18770850801581992,-0.7549136836382397,0.4507984934874406,-0.5108571304253078,0.22744968795238643,Negative,,False,0.0163915623443025,-0.0028948776097306173,7
BTC,2024-10-30,2025-10-29,365,Lagged_VIX_Change_Aligned,-0.0003071606274599718,0.0009527384412305307,-0.32239764259249537,0.7473401879784977,-0.002180845775582703,0.0015665245206627596,Negative,,False,0.0163915623443025,-0.0028948776097306173,7
BTC,2024-10-30,2025-10-29,365,Lagged_Gold_Return_Aligned,0.12061170523743013,0.07706186117989484,1.565128370775676,0.11843876410531602,-0.03094055562545152,0.2721639661003118,Positive,,False,0.0163915623443025,-0.0028948776097306173,7
BTC,2024-10-30,2025-10-29,365,Lagged_DXY_Return_Aligned,-0.07316934359542684,0.34125872013593705,-0.214410179954612,0.8303496194093559,-0.7442993913766739,0.5979607041858203,Negative,,False,0.0163915623443025,-0.0028948776097306173,7
BTC,2024-10-30,2025-10-29,365,Lagged_US10Y_Change_Aligned,0.038370542270605115,0.02884978245067322,1.3300114944093704,0.18436356062886167,-0.01836634013605179,0.09510742467726202,Positive,,False,0.0163915623443025,-0.0028948776097306173,7
BTC,2024-11-06,2025-11-05,365,const,-0.030084747900407362,0.05527505900532331,-0.5442734651356957,0.5865930772248432,-0.13879040376343338,0.07862090796261867,Negative,,False,0.01607563788556099,-0.0032169966657025206,7
BTC,2024-11-06,2025-11-05,365,BTC_Lagged_Return,-0.05270649069438438,0.06956014773141726,-0.7577110229537246,0.4491238485679567,-0.18950564780327994,0.08409266641451119,Negative,,False,0.01607563788556099,-0.0032169966657025206,7
BTC,2024-11-06,2025-11-05,365,Lagged_Log_BTC_Volume,0.0012654104614355378,0.002252736399070965,0.5617214965574298,0.5746582518071884,-0.003164891236187922,0.005695712159058998,Positive,,False,0.01607563788556099,-0.0032169966657025206,7
BTC,2024-11-06,2025-11-05,365,Lagged_SP500_Return_Aligned,-0.1888005912508907,0.18606859565584896,-1.0146827334586586,0.31094426745774595,-0.5547288976201938,0.17712771511841244,Negative,,False,0.01607563788556099,-0.0032169966657025206,7
BTC,2024-11-06,2025-11-05,365,Lagged_VIX_Change_Aligned,-0.0004522023739914805,0.0009432612663894079,-0.47940309870075504,0.6319454280833837,-0.0023072494143424297,0.0014028446663594688,Negative,,False,0.01607563788556099,-0.0032169966657025206,7
BTC,2024-11-06,2025-11-05,365,Lagged_Gold_Return_Aligned,0.10340054519064443,0.07732953050346959,1.3371417687063947,0.18202772587563057,-0.04867812251643078,0.25547921289771963,Positive,,False,0.01607563788556099,-0.0032169966657025206,7
BTC,2024-11-06,2025-11-05,365,Lagged_DXY_Return_Aligned,-0.10647057136516871,0.33876628365377887,-0.3142891618871442,0.7534850140016592,-0.7726989157857039,0.5597577730553666,Negative,,False,0.01607563788556099,-0.0032169966657025206,7
BTC,2024-11-06,2025-11-05,365,Lagged_US10Y_Change_Aligned,0.039478962764738085,0.027974466164639847,1.411249906696704,0.15904181885974983,-0.01553649532011607,0.09449442084959224,Positive,,False,0.01607563788556099,-0.0032169966657025206,7
BTC,2024-11-13,2025-11-12,365,const,-0.014333503537358336,0.05616917254355383,-0.255184523614694,0.7987275318598791,-0.12479755098491435,0.09613054391019768,Negative,,False,0.03196717740768973,0.01298614167058565,7
BTC,2024-11-13,2025-11-12,365,BTC_Lagged_Return,-0.10821453315577029,0.06345580976828175,-1.7053526469984643,0.08899853969737169,-0.23300870874436916,0.016579642432828584,Negative,*,False,0.03196717740768973,0.01298614167058565,7
BTC,2024-11-13,2025-11-12,365,Lagged_Log_BTC_Volume,0.0005925807991053564,0.0022878774759620556,0.25900897462010086,0.795777594753927,-0.0039068304368871385,0.005091992035097851,Positive,,False,0.03196717740768973,0.01298614167058565,7
BTC,2024-11-13,2025-11-12,365,Lagged_SP500_Return_Aligned,-0.26113819271462435,0.18176444387959764,-1.4366846845338166,0.1516833738281922,-0.6186018198924255,0.0963254344631767,Negative,,False,0.03196717740768973,0.01298614167058565,7
BTC,2024-11-13,2025-11-12,365,Lagged_VIX_Change_Aligned,-0.000748900890973635,0.0009054347353542805,-0.8271174737741902,0.4087229834607783,-0.002529557095037994,0.0010317553130907238,Negative,,False,0.03196717740768973,0.01298614167058565,7
BTC,2024-11-13,2025-11-12,365,Lagged_Gold_Return_Aligned,0.10053514770393579,0.08023556482061872,1.252999812847339,0.21102584088816476,-0.057258617772202564,0.2583289131800741,Positive,,False,0.03196717740768973,0.01298614167058565,7
BTC,2024-11-13,2025-11-12,365,Lagged_DXY_Return_Aligned,-0.19748151432530814,0.3198401049438208,-0.6174382489025112,0.5373393194532344,-0.8264890451154374,0.43152601646482114,Negative,,False,0.03196717740768973,0.01298614167058565,7
BTC,2024-11-13,2025-11-12,365,Lagged_US10Y_Change_Aligned,0.047762462718641145,0.02635679418056506,1.8121499295942514,0.07080305017866016,-0.0040716311639033,0.09959655660118559,Positive,*,False,0.03196717740768973,0.01298614167058565,7
BTC,2024-11-20,2025-11-19,365,const,0.008547836365504068,0.05740805005861634,0.14889612792589751,0.8817196682145286,-0.10435262626156097,0.12144829899256909,Positive,,False,0.02828718157420662,0.009233989056053882,7
BTC,2024-11-20,2025-11-19,365,BTC_Lagged_Return,-0.1002870187573059,0.06484770134971986,-1.5465007497561691,0.12286965537530936,-0.22781853176305494,0.02724449424844312,Negative,,False,0.02828718157420662,0.009233989056053882,7
BTC,2024-11-20,2025-11-19,365,Lagged_Log_BTC_Volume,-0.00035602961464827076,0.0023407070532153354,-0.1521034484683622,0.8791912665272216,-0.0049593371457805156,0.0042472779164839745,Negative,,False,0.02828718157420662,0.009233989056053882,7
BTC,2024-11-20,2025-11-19,365,Lagged_SP500_Return_Aligned,-0.2224608155486889,0.18716657166314354,-1.1885713008040069,0.2353984467087417,-0.5905484357955825,0.14562680469820466,Negative,,False,0.02828718157420662,0.009233989056053882,7
BTC,2024-11-20,2025-11-19,365,Lagged_VIX_Change_Aligned,-0.00062067215753938,0.0009177334656094675,-0.6763098228385854,0.4992818701666803,-0.002425515428297667,0.0011841711132189066,Negative,,False,0.02828718157420662,0.009233989056053882,7
BTC,2024-11-20,2025-11-19,365,Lagged_Gold_Return_Aligned,0.11403090890053216,0.0789333133899935,1.4446487041172156,0.14943368627762327,-0.04120180827620873,0.26926362607727305,Positive,,False,0.02828718157420662,0.009233989056053882,7
BTC,2024-11-20,2025-11-19,365,Lagged_DXY_Return_Aligned,-0.16687793488571012,0.32342019190803767,-0.5159787145669641,0.6061886898824169,-0.8029261764140112,0.46917030664259096,Negative,,False,0.02828718157420662,0.009233989056053882,7
BTC,2024-11-20,2025-11-19,365,Lagged_US10Y_Change_Aligned,0.045816542374241494,0.026660159411175135,1.7185397006679781,0.08656518147567008,-0.006614159037140334,0.09824724378562333,Positive,*,False,0.02828718157420662,0.009233989056053882,7
BTC,2024-11-27,2025-11-26,365,const,0.02992066791885191,0.05843879073530246,0.5120001208508417,0.6089674997264887,-0.0850068814865931,0.14484821732429692,Positive,,False,0.029267307330706926,0.010233332964642461,7
BTC,2024-11-27,2025-11-26,365,BTC_Lagged_Return,-0.11328930949583886,0.06391989886789592,-1.7723637161875887,0.07718698865224674,-0.23899617718934496,0.012417558197667253,Negative,*,False,0.029267307330706926,0.010233332964642461,7
BTC,2024-11-27,2025-11-26,365,Lagged_Log_BTC_Volume,-0.0012253730091173504,0.002385031165471128,-0.5137765186708979,0.6077260884975297,-0.0059158497225176455,0.003465103704282945,Negative,,False,0.029267307330706926,0.010233332964642461,7
BTC,2024-11-27,2025-11-26,365,Lagged_SP500_Return_Aligned,-0.2564101896025176,0.18193892663671418,-1.409320118253218,0.1596110031723075,-0.6142169600150879,0.10139658081005265,Negative,,False,0.029267307330706926,0.010233332964642461,7
BTC,2024-11-27,2025-11-26,365,Lagged_VIX_Change_Aligned,-0.0009685364209692531,0.000871837143014964,-1.1109143820368632,0.2673528411616889,-0.002683118551547553,0.0007460457096090466,Negative,,False,0.029267307330706926,0.010233332964642461,7
BTC,2024-11-27,2025-11-26,365,Lagged_Gold_Return_Aligned,0.110091370599309,0.08201522396024168,1.3423284761458156,0.180342492235487,-0.05120232807394655,0.27138506927256456,Positive,,False,0.029267307330706926,0.010233332964642461,7
BTC,2024-11-27,2025-11-26,365,Lagged_DXY_Return_Aligned,-0.18764933065225858,0.33477081025450917,-0.5605307419413251,0.5754690735068501,-0.8460200524095767,0.47072139110505956,Negative,,False,0.029267307330706926,0.010233332964642461,7
BTC,2024-11-27,2025-11-26,365,Lagged_US10Y_Change_Aligned,0.03891107303093772,0.026822857600696935,1.4506684414537063,0.14775025683320323,-0.013839595716851491,0.09166174177872694,Positive,,False,0.029267307330706926,0.010233332964642461,7
BTC,2024-12-04,2025-12-03,365,const,0.018666624008154366,0.06026664413330087,0.3097339212528005,0.7569440178801802,-0.09985563892680027,0.137188886943109,Positive,,False,0.02774219698836622,0.008678318497942095,7
BTC,2024-12-04,2025-12-03,365,BTC_Lagged_Return,-0.0970116545239044,0.06265617796643988,-1.5483174632175316,0.12243187811821687,-0.22023324925899784,0.026209940211189067,Negative,,False,0.02774219698836622,0.008678318497942095,7
BTC,2024-12-04,2025-12-03,365,Lagged_Log_BTC_Volume,-0.0007694636551851467,0.002458942582092944,-0.3129246127130845,0.7545206614696159,-0.005605296866872782,0.004066369556502489,Negative,,False,0.02774219698836622,0.008678318497942095,7
BTC,2024-12-04,2025-12-03,365,Lagged_SP500_Return_Aligned,-0.29267825468371106,0.18171462027621416,-1.6106478071980523,0.10814028000619041,-0.6500438972083842,0.06468738784096212,Negative,,False,0.02774219698836622,0.008678318497942095,7
BTC,2024-12-04,2025-12-03,365,Lagged_VIX_Change_Aligned,-0.0010391079874809287,0.000866913268608798,-1.1986296958500413,0.23146701783430046,-0.002744006673005685,0.0006657906980438275,Negative,,False,0.02774219698836622,0.008678318497942095,7
BTC,2024-12-04,2025-12-03,365,Lagged_Gold_Return_Aligned,0.0856919206056738,0.08283902667054839,1.0344390083972304,0.3016311858244646,-0.07722189418391198,0.24860573539525957,Positive,,False,0.02774219698836622,0.008678318497942095,7
BTC,2024-12-04,2025-12-03,365,Lagged_DXY_Return_Aligned,-0.2566454984616055,0.33684358358319566,-0.7619129797026923,0.44661499358649753,-0.9190926009266955,0.4058016040034846,Negative,,False,0.02774219698836622,0.008678318497942095,7
BTC,2024-12-04,2025-12-03,365,Lagged_US10Y_Change_Aligned,0.041189486181978464,0.027166492432659325,1.5161871295707212,0.13035697111834438,-0.01223698554925496,0.0946159579132119,Positive,,False,0.02774219698836622,0.008678318497942095,7
BTC,2024-12-11,2025-12-10,365,const,0.03329854430746295,0.059676152694030246,0.5579874506687827,0.5772026947699739,-0.08406243973711122,0.15065952835203714,Positive,,False,0.02773497347387177,0.008670953345908505,7
BTC,2024-12-11,2025-12-10,365,BTC_Lagged_Return,-0.09824754390390542,0.06239042294772567,-1.5747215560026404,0.11620647150858197,-0.22094649652647871,0.024451408718667883,Negative,,False,0.02773497347387177,0.008670953345908505,7
BTC,2024-12-11,2025-12-10,365,Lagged_Log_BTC_Volume,-0.001367072213390223,0.0024348051522386496,-0.5614708890086283,0.5748288531451862,-0.006155436002333214,0.003421291575552768,Negative,,False,0.02773497347387177,0.008670953345908505,7
BTC,2024-12-11,2025-12-10,365,Lagged_SP500_Return_Aligned,-0.29625117726888545,0.18362552777528446,-1.6133441839929192,0.10755330218462895,-0.6573748701098867,0.06487251557211587,Negative,,False,0.02773497347387177,0.008670953345908505,7
BTC,2024-12-11,2025-12-10,365,Lagged_VIX_Change_Aligned,-0.0010585044132953672,0.0008791401073437306,-1.2040224356201596,0.22937859796819055,-0.002787448781406989,0.000670439954816255,Negative,,False,0.02773497347387177,0.008670953345908505,7
BTC,2024-12-11,2025-12-10,365,Lagged_Gold_Return_Aligned,0.09479481167580717,0.08360046182536711,1.1339029666346092,0.25759609598964656,-0.06961646524934617,0.2592060886009605,Positive,,False,0.02773497347387177,0.008670953345908505,7
BTC,2024-12-11,2025-12-10,365,Lagged_DXY_Return_Aligned,-0.20100125951597747,0.34303999813223274,-0.5859411748203686,0.5582852921459442,-0.8756344241883897,0.4736319051564347,Negative,,False,0.02773497347387177,0.008670953345908505,7
BTC,2024-12-11,2025-12-10,365,Lagged_US10Y_Change_Aligned,0.03940059348927629,0.02744174435177691,1.4357904142024784,0.1519375976173285,-0.014567197255155331,0.09336838423370791,Positive,,False,0.02773497347387177,0.008670953345908505,7
BTC,2024-12-18,2025-12-17,365,const,0.052830754189524334,0.05956871479946736,0.8868875947277736,0.3757364846210161,-0.06431893913907112,0.1699804475181198,Positive,,False,0.0242398230235773,0.005107270533843633,7
BTC,2024-12-18,2025-12-17,365,BTC_Lagged_Return,-0.10487758120670793,0.06275947137091456,-1.6711036424585424,0.09557752958204131,-0.22830231597424647,0.018547153560830615,Negative,*,False,0.0242398230235773,0.005107270533843633,7
BTC,2024-12-18,2025-12-17,365,Lagged_Log_BTC_Volume,-0.0021817262623507025,0.0024315001199617823,-0.8972758193345244,0.3701764463003756,-0.006963590271686571,0.0026001377469851658,Negative,,False,0.0242398230235773,0.005107270533843633,7
BTC,2024-12-18,2025-12-17,365,Lagged_SP500_Return_Aligned,-0.2055199997223155,0.18822898231072227,-1.0918616102543113,0.2756302383641371,-0.5756969899005877,0.16465699045595678,Negative,,False,0.0242398230235773,0.005107270533843633,7
BTC,2024-12-18,2025-12-17,365,Lagged_VIX_Change_Aligned,-0.0007390806381048403,0.0009115197242523489,-0.8108224303221222,0.418007851633036,-0.0025317037712143595,0.001053542495004679,Negative,,False,0.0242398230235773,0.005107270533843633,7
BTC,2024-12-18,2025-12-17,365,Lagged_Gold_Return_Aligned,0.09077997291004669,0.08557267062168696,1.0608523989087706,0.2894741421458528,-0.07750991137547383,0.2590698571955672,Positive,,False,0.0242398230235773,0.005107270533843633,7
BTC,2024-12-18,2025-12-17,365,Lagged_DXY_Return_Aligned,-0.19299105282045306,0.350194551115602,-0.5510966752784945,0.5819121292931076,-0.8816945846432472,0.49571247900234117,Negative,,False,0.0242398230235773,0.005107270533843633,7
BTC,2024-12-18,2025-12-17,365,Lagged_US10Y_Change_Aligned,0.029330063800250834,0.02845116427650897,1.0308915134438816,0.3032895883317248,-0.02662288366646736,0.08528301126696902,Positive,,False,0.0242398230235773,0.005107270533843633,7
BTC,2024-12-25,2025-12-24,365,const,0.04181597092895387,0.05923759516283904,0.7059025744378274,0.48070910854027127,-0.07468253218987009,0.15831447404777782,Positive,,False,0.025405176060972923,0.006295473630795967,7
BTC,2024-12-25,2025-12-24,365,BTC_Lagged_Return,-0.10989079555477882,0.06314335504012858,-1.7403382427959604,0.08266130770226915,-0.23407048792504007,0.014288896815482427,Negative,*,False,0.025405176060972923,0.006295473630795967,7
BTC,2024-12-25,2025-12-24,365,Lagged_Log_BTC_Volume,-0.0017223714846031177,0.002418522314201219,-0.7121586079605705,0.4768317080571395,-0.006478712936166064,0.003033969966959829,Negative,,False,0.025405176060972923,0.006295473630795967,7
BTC,2024-12-25,2025-12-24,365,Lagged_SP500_Return_Aligned,-0.17434371023082731,0.2057700761303364,-0.8472743632577393,0.39740985462741235,-0.5790175628734597,0.23033014241180508,Negative,,False,0.025405176060972923,0.006295473630795967,7
BTC,2024-12-25,2025-12-24,365,Lagged_VIX_Change_Aligned,-0.00047654642372722,0.0010735443285626988,-0.443900089682592,0.6573837503874633,-0.002587812199548484,0.0016347193520940442,Negative,,False,0.025405176060972923,0.006295473630795967,7
BTC,2024-12-25,2025-12-24,365,Lagged_Gold_Return_Aligned,0.09270179120110308,0.08607817831987608,1.0769488041047166,0.28223033984141627,-0.07658224029772326,0.2619858226999294,Positive,,False,0.025405176060972923,0.006295473630795967,7
BTC,2024-12-25,2025-12-24,365,Lagged_DXY_Return_Aligned,-0.17989952420981675,0.3450673655870181,-0.5213460968810457,0.6024489483559439,-0.8585197729815255,0.4987207245618919,Negative,,False,0.025405176060972923,0.006295473630795967,7
BTC,2024-12-25,2025-12-24,365,Lagged_US10Y_Change_Aligned,0.02950799329812559,0.028682384888553458,1.0287845105203095,0.30427745718615473,-0.026899679839331843,0.08591566643558302,Positive,,False,0.025405176060972923,0.006295473630795967,7
BTC,2025-01-01,2025-12-31,365,const,0.04815271781367089,0.05688778095827434,0.8464509777414172,0.3978682357340611,-0.06372456736599427,0.16003000299333606,Positive,,False,0.027004896494607356,0.007926561131756604,7
BTC,2025-01-01,2025-12-31,365,BTC_Lagged_Return,-0.1153944185201022,0.06371835534982244,-1.8110074857797434,0.07098010256941843,-0.24070492444192737,0.009916087401722964,Negative,*,False,0.027004896494607356,0.007926561131756604,7
BTC,2025-01-01,2025-12-31,365,Lagged_Log_BTC_Volume,-0.0019731685603796983,0.0023252316121901108,-0.8485901146515,0.3966780361239337,-0.006546041606290414,0.0025997044855310177,Negative,,False,0.027004896494607356,0.007926561131756604,7
BTC,2025-01-01,2025-12-31,365,Lagged_SP500_Return_Aligned,-0.181682305292087,0.20685538349711688,-0.8783059073471939,0.38036846382802136,-0.5884905572685579,0.22512594668438385,Negative,,False,0.027004896494607356,0.007926561131756604,7
BTC,2025-01-01,2025-12-31,365,Lagged_VIX_Change_Aligned,-0.0005242985016897852,0.0010708985047676316,-0.48958748131182594,0.6247265282422488,-0.0026303609178744167,0.0015817639144948465,Negative,,False,0.027004896494607356,0.007926561131756604,7
BTC,2025-01-01,2025-12-31,365,Lagged_Gold_Return_Aligned,0.0691750640843286,0.0833561377420953,0.8298736716707883,0.40716479008614553,-0.09475571747468435,0.23310584564334152,Positive,,False,0.027004896494607356,0.007926561131756604,7
BTC,2025-01-01,2025-12-31,365,Lagged_DXY_Return_Aligned,-0.2234677586437466,0.34191699860897606,-0.6535731173146772,0.5138075969964936,-0.8958923974112344,0.44895688012374124,Negative,,False,0.027004896494607356,0.007926561131756604,7
BTC,2025-01-01,2025-12-31,365,Lagged_US10Y_Change_Aligned,0.03287498261388316,0.028769029515247787,1.142721293273351,0.25392009437537805,-0.023703088550121966,0.08945305377788829,Positive,,False,0.027004896494607356,0.007926561131756604,7
ETH,2021-01-06,2022-01-05,365,const,-0.060433781852271856,0.19478382131388394,-0.31026078780375693,0.7565436922214533,-0.44350172295375545,0.3226341592492118,Negative,,False,0.02857292701051184,0.009525337344051366,7
ETH,2021-01-06,2022-01-05,365,ETH_Lagged_Return,-0.14072597217993427,0.0823939047203611,-1.7079658095771522,0.08851199510025647,-0.3027643962525336,0.021312451892665063,Negative,*,False,0.02857292701051184,0.009525337344051366,7
ETH,2021-01-06,2022-01-05,365,Lagged_Log_ETH_Volume,0.002637591839160662,0.008181357022874862,0.3223905070743183,0.7473455884501078,-0.013452120176081786,0.01872730385440311,Positive,,False,0.02857292701051184,0.009525337344051366,7
ETH,2021-01-06,2022-01-05,365,Lagged_SP500_Return_Aligned,0.6190094715472314,0.6407844880753555,0.9660181903068112,0.3346890143615902,-0.6411772979752857,1.8791962410697485,Positive,,False,0.02857292701051184,0.009525337344051366,7
ETH,2021-01-06,2022-01-05,365,Lagged_VIX_Change_Aligned,0.0002692250321573096,0.0023238727703732464,0.11585188121726143,0.9078350703675597,-0.004300975673034564,0.004839425737349183,Positive,,False,0.02857292701051184,0.009525337344051366,7
ETH,2021-01-06,2022-01-05,365,Lagged_Gold_Return_Aligned,0.11809887526002819,0.410734818031734,0.2875307134320025,0.7738728202131919,-0.6896650346006618,0.9258627851207181,Positive,,False,0.02857292701051184,0.009525337344051366,7
ETH,2021-01-06,2022-01-05,365,Lagged_DXY_Return_Aligned,1.5596267770420167,1.1558289609076584,1.349357759488273,0.17807719207653414,-0.713462524388607,3.8327160784726404,Positive,,False,0.02857292701051184,0.009525337344051366,7
ETH,2021-01-06,2022-01-05,365,Lagged_US10Y_Change_Aligned,-0.04676672991386522,0.05603199596905389,-0.8346432980844406,0.4044767419100787,-0.15696100162950166,0.06342754180177121,Negative,,False,0.02857292701051184,0.009525337344051366,7
ETH,2021-01-13,2022-01-12,365,const,-0.05714965666203982,0.19928634253739833,-0.2867715666532193,0.7744535960678541,-0.4490723965000058,0.3347730831759262,Negative,,False,0.03379626076602682,0.014851089408497997,7
ETH,2021-01-13,2022-01-12,365,ETH_Lagged_Return,-0.1424344570178047,0.08633000080998074,-1.6498836520494695,0.099846253800627,-0.312213730483632,0.027344816448022585,Negative,*,False,0.03379626076602682,0.014851089408497997,7
ETH,2021-01-13,2022-01-12,365,Lagged_Log_ETH_Volume,0.0024934778798883653,0.008377409345890369,0.29764307519622024,0.7661487243160969,-0.013981796751484771,0.0189687525112615,Positive,,False,0.03379626076602682,0.014851089408497997,7
ETH,2021-01-13,2022-01-12,365,Lagged_SP500_Return_Aligned,0.8286499567980796,0.5950966311591467,1.3924628596603057,0.16464895090371148,-0.3416856476524244,1.9989855612485836,Positive,,False,0.03379626076602682,0.014851089408497997,7
ETH,2021-01-13,2022-01-12,365,Lagged_VIX_Change_Aligned,0.0007173405779171153,0.0022157236886547493,0.3237500152163108,0.7463168784991826,-0.003640170768443662,0.005074851924277893,Positive,,False,0.03379626076602682,0.014851089408497997,7
ETH,2021-01-13,2022-01-12,365,Lagged_Gold_Return_Aligned,0.017304829543860895,0.4100704319027802,0.042199652053829466,0.9663631313473557,-0.7891524778238806,0.8237621369116025,Positive,,False,0.03379626076602682,0.014851089408497997,7
ETH,2021-01-13,2022-01-12,365,Lagged_DXY_Return_Aligned,1.7687730085687992,1.1160023211382537,1.5849187542591843,0.1138701667447622,-0.42599198032628016,3.9635379974638782,Positive,,False,0.03379626076602682,0.014851089408497997,7
ETH,2021-01-13,2022-01-12,365,Lagged_US10Y_Change_Aligned,-0.05716828399310314,0.05453687572203052,-1.0482500736654712,0.295232546856861,-0.16442220557666443,0.05008563759045813,Negative,,False,0.03379626076602682,0.014851089408497997,7
ETH,2021-01-20,2022-01-19,365,const,-0.063347829607662,0.1934969830873478,-0.327384068717318,0.7435693025351153,-0.443885034497869,0.317189375282545,Negative,,False,0.03665629393044301,0.017767201654569353,7
ETH,2021-01-20,2022-01-19,365,ETH_Lagged_Return,-0.14771730507770514,0.08724331882063234,-1.6931646695078637,0.09129647152671928,-0.3192927382427891,0.023858128087378805,Negative,*,False,0.03665629393044301,0.017767201654569353,7
ETH,2021-01-20,2022-01-19,365,Lagged_Log_ETH_Volume,0.00270850864965499,0.008150324292385209,0.3323191265144543,0.7398433343400063,-0.013320173429449836,0.018737190728759817,Positive,,False,0.03665629393044301,0.017767201654569353,7
ETH,2021-01-20,2022-01-19,365,Lagged_SP500_Return_Aligned,0.9936768019676308,0.5492437318600889,1.809172766710343,0.07126520431170297,-0.08648305991070648,2.073836663845968,Positive,*,False,0.03665629393044301,0.017767201654569353,7
ETH,2021-01-20,2022-01-19,365,Lagged_VIX_Change_Aligned,0.001302500060055513,0.0021316360051402356,0.6110330548530138,0.541566542548176,-0.002889641824002792,0.005494641944113818,Positive,,False,0.03665629393044301,0.017767201654569353,7
ETH,2021-01-20,2022-01-19,365,Lagged_Gold_Return_Aligned,0.10894923644477053,0.3819387419356809,0.2852531688527103,0.775615607586576,-0.6421834116021311,0.8600818844916721,Positive,,False,0.03665629393044301,0.017767201654569353,7
ETH,2021-01-20,2022-01-19,365,Lagged_DXY_Return_Aligned,1.8619969101082936,1.080496162330346,1.7232795219674415,0.085703851711431,-0.26294055892798873,3.986934379144576,Positive,*,False,0.03665629393044301,0.017767201654569353,7
ETH,2021-01-20,2022-01-19,365,Lagged_US10Y_Change_Aligned,-0.046799255614561844,0.05272161589282001,-0.8876673224451621,0.37531736578954666,-0.15048323057396612,0.05688471934484243,Negative,,False,0.03665629393044301,0.017767201654569353,7
ETH,2021-01-27,2022-01-26,365,const,-0.16102410989324226,0.20550964166811314,-0.7835355489222613,0.43383219190079314,-0.5651857839957741,0.24313756420928964,Negative,,False,0.04259269427572143,0.023820002006618046,7
ETH,2021-01-27,2022-01-26,365,ETH_Lagged_Return,-0.13725119887197565,0.09236055280763693,-1.4860370006428425,0.13815188235943598,-0.3188903440759437,0.04438794633199239,Negative,,False,0.04259269427572143,0.023820002006618046,7
ETH,2021-01-27,2022-01-26,365,Lagged_Log_ETH_Volume,0.006761967653701608,0.00865409075221582,0.7813608439419535,0.43510814594880276,-0.01025743726501896,0.023781372572422174,Positive,,False,0.04259269427572143,0.023820002006618046,7
ETH,2021-01-27,2022-01-26,365,Lagged_SP500_Return_Aligned,1.3812818278008416,0.5170250321665023,2.671595651786575,0.007895005906946008,0.36448426610400064,2.3980793894976826,Positive,***,True,0.04259269427572143,0.023820002006618046,7
ETH,2021-01-27,2022-01-26,365,Lagged_VIX_Change_Aligned,0.002236798463822555,0.002166851926934203,1.0322802569104557,0.3026396473646236,-0.0020246001509262694,0.006498197078571379,Positive,,False,0.04259269427572143,0.023820002006618046,7
ETH,2021-01-27,2022-01-26,365,Lagged_Gold_Return_Aligned,0.25692081026563934,0.3564234240973848,0.7208303183671829,0.47148566516624746,-0.4440326175311596,0.9578742380624383,Positive,,False,0.04259269427572143,0.023820002006618046,7
ETH,2021-01-27,2022-01-26,365,Lagged_DXY_Return_Aligned,2.1248902136272116,1.0473476598503497,2.028829867181664,0.04321735460099996,0.06514362394608453,4.184636803308338,Positive,**,True,0.04259269427572143,0.023820002006618046,7
ETH,2021-01-27,2022-01-26,365,Lagged_US10Y_Change_Aligned,-0.037662948653999474,0.05101068836207543,-0.7383344523145171,0.46079631908236995,-0.13798216014303305,0.06265626283503409,Negative,,False,0.04259269427572143,0.023820002006618046,7
ETH,2021-02-03,2022-02-02,365,const,-0.12531250880269673,0.20105385571406814,-0.6232783169347016,0.5334996254521652,-0.5207112952080292,0.2700862776026357,Negative,,False,0.039389697302286364,0.02055420117095874,7
ETH,2021-02-03,2022-02-02,365,ETH_Lagged_Return,-0.14115757335622298,0.09248282116359344,-1.5263112822491485,0.12781778945984054,-0.3230371753243216,0.04072202861187563,Negative,,False,0.039389697302286364,0.02055420117095874,7
ETH,2021-02-03,2022-02-02,365,Lagged_Log_ETH_Volume,0.005263755654319732,0.00847473578288451,0.6211114764132658,0.5349226407968394,-0.011402924185055816,0.02193043549369528,Positive,,False,0.039389697302286364,0.02055420117095874,7
ETH,2021-02-03,2022-02-02,365,Lagged_SP500_Return_Aligned,1.16612524626623,0.5706267280415238,2.0435867949413202,0.04172799039118233,0.043912916854649486,2.2883375756778106,Positive,**,True,0.039389697302286364,0.02055420117095874,7
ETH,2021-02-03,2022-02-02,365,Lagged_VIX_Change_Aligned,0.0011160148433253868,0.0027430532908123933,0.4068513167656555,0.6843610038770859,-0.004278559353624383,0.006510589040275155,Positive,,False,0.039389697302286364,0.02055420117095874,7
ETH,2021-02-03,2022-02-02,365,Lagged_Gold_Return_Aligned,0.13224600282763335,0.36690723633078987,0.3604344360992796,0.7187354374352758,-0.5893252172480912,0.8538172229033578,Positive,,False,0.039389697302286364,0.02055420117095874,7
ETH,2021-02-03,2022-02-02,365,Lagged_DXY_Return_Aligned,1.7841039475613683,1.0255578807332553,1.7396423752170538,0.08278367719050321,-0.23279018257184414,3.8009980776945804,Positive,*,False,0.039389697302286364,0.02055420117095874,7
ETH,2021-02-03,2022-02-02,365,Lagged_US10Y_Change_Aligned,-0.04922718010288198,0.05018006797558915,-0.9810106300937911,0.3272518390321637,-0.1479128676208693,0.049458507415105345,Negative,,False,0.039389697302286364,0.02055420117095874,7
ETH,2021-02-10,2022-02-09,365,const,-0.017840083541020346,0.21315065459911783,-0.08369706194228212,0.9333442046762925,-0.43702881210662814,0.40134864502458745,Negative,,False,0.02952446356641214,0.010495531479479125,7
ETH,2021-02-10,2022-02-09,365,ETH_Lagged_Return,-0.14133119343421569,0.0948485145170279,-1.4900728193148758,0.13708803447200407,-0.3278632417711391,0.045200854902707754,Negative,,False,0.02952446356641214,0.010495531479479125,7
ETH,2021-02-10,2022-02-09,365,Lagged_Log_ETH_Volume,0.000784517126456503,0.008977408232538259,0.08738793047341346,0.930412158193621,-0.016870734037983073,0.01843976829089608,Positive,,False,0.02952446356641214,0.010495531479479125,7
ETH,2021-02-10,2022-02-09,365,Lagged_SP500_Return_Aligned,0.7637870068220656,0.6319413925138343,1.2086358258378287,0.22760270788968956,-0.4790086550259758,2.0065826686701067,Positive,,False,0.02952446356641214,0.010495531479479125,7
ETH,2021-02-10,2022-02-09,365,Lagged_VIX_Change_Aligned,0.00024538513352737935,0.002873642397040011,0.08539167357084436,0.931997880581503,-0.005406009674679854,0.005896779941734613,Positive,,False,0.02952446356641214,0.010495531479479125,7
ETH,2021-02-10,2022-02-09,365,Lagged_Gold_Return_Aligned,0.14925502697253035,0.3750052217243561,0.398007863160473,0.6908622893328187,-0.5882419438706794,0.8867519978157401,Positive,,False,0.02952446356641214,0.010495531479479125,7
ETH,2021-02-10,2022-02-09,365,Lagged_DXY_Return_Aligned,1.3454319152820537,1.0942703142608214,1.229524275444584,0.2196850071742746,-0.8065942307543765,3.497458061318484,Positive,,False,0.02952446356641214,0.010495531479479125,7
ETH,2021-02-10,2022-02-09,365,Lagged_US10Y_Change_Aligned,-0.027041023267912998,0.05340632433255752,-0.5063262376854546,0.6129401825135643,-0.13207156721079763,0.07798952067497164,Negative,,False,0.02952446356641214,0.010495531479479125,7
ETH,2021-02-17,2022-02-16,365,const,-0.014677108479382535,0.21417652906410176,-0.06852809009240113,0.9454036256007274,-0.4358833537795897,0.40652913682082464,Negative,,False,0.029603038471676224,0.010575647069160143,7
ETH,2021-02-17,2022-02-16,365,ETH_Lagged_Return,-0.13876631590586788,0.09582476356848854,-1.4481258365608995,0.14845951655803055,-0.3272182860906263,0.04968565427889052,Negative,,False,0.029603038471676224,0.010575647069160143,7
ETH,2021-02-17,2022-02-16,365,Lagged_Log_ETH_Volume,0.0006483110740326701,0.00903627421476045,0.07174539623572687,0.9428447040722131,-0.017122707767920704,0.018419329915986046,Positive,,False,0.029603038471676224,0.010575647069160143,7
ETH,2021-02-17,2022-02-16,365,Lagged_SP500_Return_Aligned,0.7623830386623152,0.634496292021875,1.2015563341322586,0.23033195623711392,-0.4854371682822576,2.010203245606888,Positive,,False,0.029603038471676224,0.010575647069160143,7
ETH,2021-02-17,2022-02-16,365,Lagged_VIX_Change_Aligned,0.00012857691364224848,0.002941308472812514,0.043714188712516,0.9651566687577081,-0.005655892110656166,0.005913045937940663,Positive,,False,0.029603038471676224,0.010575647069160143,7
ETH,2021-02-17,2022-02-16,365,Lagged_Gold_Return_Aligned,0.1925731318321745,0.3680623053382712,0.5232079706048364,0.6011541238611521,-0.5312696829968586,0.9164159466612076,Positive,,False,0.029603038471676224,0.010575647069160143,7
ETH,2021-02-17,2022-02-16,365,Lagged_DXY_Return_Aligned,1.414366587135972,1.0810542164228358,1.308321604642599,0.1916059521481453,-0.7116683684923251,3.540401542764269,Positive,,False,0.029603038471676224,0.010575647069160143,7
ETH,2021-02-17,2022-02-16,365,Lagged_US10Y_Change_Aligned,-0.022355442580367157,0.050317752926546964,-0.4442853919371413,0.6571054563140863,-0.12131190561927968,0.07660102045854536,Negative,,False,0.029603038471676224,0.010575647069160143,7
ETH,2021-02-24,2022-02-23,365,const,-0.08370295648438959,0.21645894389897247,-0.38669206721925126,0.6992145752096909,-0.5093978700201608,0.34199195705138163,Negative,,False,0.032893440968769005,0.013930567262274374,7
ETH,2021-02-24,2022-02-23,365,ETH_Lagged_Return,-0.14937406335297448,0.09414538114552594,-1.586631882896925,0.11348133703956792,-0.3345233076606713,0.03577518095472232,Negative,,False,0.032893440968769005,0.013930567262274374,7
ETH,2021-02-24,2022-02-23,365,Lagged_Log_ETH_Volume,0.0035367370422999247,0.009140436996887475,0.38693303651721067,0.6990363278794548,-0.014439131577318007,0.021512605661917858,Positive,,False,0.032893440968769005,0.013930567262274374,7
ETH,2021-02-24,2022-02-23,365,Lagged_SP500_Return_Aligned,0.7791092106755417,0.6248451267563161,1.2468837113606668,0.21325757276807902,-0.4497307134992923,2.0079491348503757,Positive,,False,0.032893440968769005,0.013930567262274374,7
ETH,2021-02-24,2022-02-23,365,Lagged_VIX_Change_Aligned,0.00040658957336050486,0.0029519107230173633,0.13773776089843937,0.8905253269430914,-0.005398730167027259,0.0062119093137482685,Positive,,False,0.032893440968769005,0.013930567262274374,7
ETH,2021-02-24,2022-02-23,365,Lagged_Gold_Return_Aligned,0.3198670667280015,0.34609671030050043,0.9242129647816506,0.3559997064397863,-0.36077752347729036,1.0005116569332935,Positive,,False,0.032893440968769005,0.013930567262274374,7
ETH,2021-02-24,2022-02-23,365,Lagged_DXY_Return_Aligned,1.2865395841500162,1.0846169170502005,1.18616957187887,0.23634416611932135,-0.8465018897038696,3.419581058003902,Positive,,False,0.032893440968769005,0.013930567262274374,7
ETH,2021-02-24,2022-02-23,365,Lagged_US10Y_Change_Aligned,0.0005642420343687235,0.046919525711721755,0.012025740367357566,0.9904117961153066,-0.09170916132434369,0.09283764539308113,Positive,,False,0.032893440968769005,0.013930567262274374,7
ETH,2021-03-03,2022-03-02,365,const,-0.07180908891566036,0.21058620255101018,-0.34099617185634984,0.7333070572565275,-0.48595448606136005,0.34233630823003935,Negative,,False,0.025061880054132457,0.00594544632970373,7
ETH,2021-03-03,2022-03-02,365,ETH_Lagged_Return,-0.11406890460294161,0.09940525160148576,-1.1475138663723947,0.25193771666386994,-0.30956237428025046,0.08142456507436721,Negative,,False,0.025061880054132457,0.00594544632970373,7
ETH,2021-03-03,2022-03-02,365,Lagged_Log_ETH_Volume,0.0030541639963538123,0.00889587915709357,0.3433234582462177,0.7315572246969831,-0.01444074954425315,0.020549077536960773,Positive,,False,0.025061880054132457,0.00594544632970373,7
ETH,2021-03-03,2022-03-02,365,Lagged_SP500_Return_Aligned,0.9416336655092084,0.5838218570648581,1.6128784047984008,0.10765451683975574,-0.2065286163852933,2.0897959474037098,Positive,,False,0.025061880054132457,0.00594544632970373,7
ETH,2021-03-03,2022-03-02,365,Lagged_VIX_Change_Aligned,0.0015955903270160443,0.002828391467915927,0.564133481915691,0.5730175216047579,-0.003966812591949222,0.007157993245981311,Positive,,False,0.025061880054132457,0.00594544632970373,7
ETH,2021-03-03,2022-03-02,365,Lagged_Gold_Return_Aligned,0.3412443561995252,0.3233485440632999,1.055345268951395,0.29198111481950045,-0.294662980441589,0.9771516928406394,Positive,,False,0.025061880054132457,0.00594544632970373,7
ETH,2021-03-03,2022-03-02,365,Lagged_DXY_Return_Aligned,1.1865099316284176,0.9908925549521745,1.1974153259085538,0.23193916590447086,-0.7622102871142173,3.1352301503710525,Positive,,False,0.025061880054132457,0.00594544632970373,7
ETH,2021-03-03,2022-03-02,365,Lagged_US10Y_Change_Aligned,0.01989557250227508,0.046323303420484546,0.42949381916223817,0.6678229848650319,-0.0712052814937518,0.11099642649830196,Positive,,False,0.025061880054132457,0.00594544632970373,7
ETH,2021-03-10,2022-03-09,365,const,-0.10505632343086344,0.20163479619920044,-0.521022786796558,0.6026739201377291,-0.5015976055221364,0.2914849586604096,Negative,,False,0.018463230623883997,-0.0007825883834906566,7
ETH,2021-03-10,2022-03-09,365,ETH_Lagged_Return,-0.10038367929293576,0.10333001472847882,-0.9714861606931426,0.3319639871103343,-0.30359571060553314,0.10282835201966162,Negative,,False,0.018463230623883997,-0.0007825883834906566,7
ETH,2021-03-10,2022-03-09,365,Lagged_Log_ETH_Volume,0.00442164210594419,0.008522843998596848,0.518798901713107,0.604222414347788,-0.012339648851637602,0.021182933063525984,Positive,,False,0.018463230623883997,-0.0007825883834906566,7
ETH,2021-03-10,2022-03-09,365,Lagged_SP500_Return_Aligned,0.7666536617330475,0.5707873759524523,1.3431510471894375,0.1800763001586321,-0.35587460287308104,1.889181926339176,Positive,,False,0.018463230623883997,-0.0007825883834906566,7
ETH,2021-03-10,2022-03-09,365,Lagged_VIX_Change_Aligned,0.001690748732229601,0.002682227114267988,0.6303525615842663,0.528867216471791,-0.0035842028078856814,0.006965700272344883,Positive,,False,0.018463230623883997,-0.0007825883834906566,7
ETH,2021-03-10,2022-03-09,365,Lagged_Gold_Return_Aligned,0.35057721393122243,0.30595913314846057,1.145830197398003,0.2526329031928687,-0.2511315645792307,0.9522859924416756,Positive,,False,0.018463230623883997,-0.0007825883834906566,7
ETH,2021-03-10,2022-03-09,365,Lagged_DXY_Return_Aligned,0.8200362986168429,0.9146704305920166,0.8965374534804605,0.3705699357021391,-0.9787831118960596,2.6188557091297455,Positive,,False,0.018463230623883997,-0.0007825883834906566,7
ETH,2021-03-10,2022-03-09,365,Lagged_US10Y_Change_Aligned,0.037898672221535465,0.04760075984767395,0.7961778833534191,0.426457756343457,-0.055714467446419655,0.13151181188949057,Positive,,False,0.018463230623883997,-0.0007825883834906566,7
ETH,2021-03-17,2022-03-16,365,const,-0.09218452025756019,0.193580841490551,-0.4762068371422999,0.6342183312683785,-0.47288664370025485,0.2885176031851345,Negative,,False,0.018253364747061407,-0.0009965692775060209,7
ETH,2021-03-17,2022-03-16,365,ETH_Lagged_Return,-0.09460212464738853,0.1059769522953071,-0.8926669676608329,0.3726368564775037,-0.30301970597491834,0.11381545668014127,Negative,,False,0.018253364747061407,-0.0009965692775060209,7
ETH,2021-03-17,2022-03-16,365,Lagged_Log_ETH_Volume,0.003891285261300054,0.008190834759752285,0.4750779835555782,0.6350219037738566,-0.012217065967032302,0.019999636489632412,Positive,,False,0.018253364747061407,-0.0009965692775060209,7
ETH,2021-03-17,2022-03-16,365,Lagged_SP500_Return_Aligned,0.8447377412427852,0.5611889435038121,1.5052644051905613,0.13314033400715874,-0.25891394659685085,1.9483894290824213,Positive,,False,0.018253364747061407,-0.0009965692775060209,7
ETH,2021-03-17,2022-03-16,365,Lagged_VIX_Change_Aligned,0.0020887490166200742,0.0025833208805062526,0.80855190401695,0.4193114215048462,-0.0029916904378730876,0.007169188471113236,Positive,,False,0.018253364747061407,-0.0009965692775060209,7
ETH,2021-03-17,2022-03-16,365,Lagged_Gold_Return_Aligned,0.351919224812134,0.3009183501622972,1.169484096341516,0.2429888595050415,-0.2398761925832943,0.9437146422075623,Positive,,False,0.018253364747061407,-0.0009965692775060209,7
ETH,2021-03-17,2022-03-16,365,Lagged_DXY_Return_Aligned,0.848838849141775,0.871163674671218,0.9743735578301419,0.33053084414184125,-0.8644188175765616,2.5620965158601114,Positive,,False,0.018253364747061407,-0.0009965692775060209,7
ETH,2021-03-17,2022-03-16,365,Lagged_US10Y_Change_Aligned,0.04222176079281556,0.047630214368612776,0.886449102791331,0.37597231002575826,-0.0514493050551275,0.13589282664075863,Positive,,False,0.018253364747061407,-0.0009965692775060209,7
ETH,2021-03-24,2022-03-23,365,const,-0.08736871337926869,0.19225683229101298,-0.4544374956049493,0.6497901504876927,-0.46546699901528454,0.2907295722567472,Negative,,False,0.019508269724690774,0.0002829416800769202,7
ETH,2021-03-24,2022-03-23,365,ETH_Lagged_Return,-0.09721401389595659,0.10529896144213416,-0.923219114078152,0.3565165731951575,-0.3042982372553619,0.10987020946344876,Negative,,False,0.019508269724690774,0.0002829416800769202,7
ETH,2021-03-24,2022-03-23,365,Lagged_Log_ETH_Volume,0.0037041746116491946,0.008138776835566986,0.4551266961224087,0.6492947494629105,-0.01230179787854585,0.01971014710184424,Positive,,False,0.019508269724690774,0.0002829416800769202,7
ETH,2021-03-24,2022-03-23,365,Lagged_SP500_Return_Aligned,0.846297087602484,0.560904409266733,1.5088080493231335,0.13223231353773893,-0.25679502632780205,1.94938920153277,Positive,,False,0.019508269724690774,0.0002829416800769202,7
ETH,2021-03-24,2022-03-23,365,Lagged_VIX_Change_Aligned,0.002059767641104128,0.0026146222778286004,0.787787841697245,0.4313435503797649,-0.0030822301181034134,0.007201765400311669,Positive,,False,0.019508269724690774,0.0002829416800769202,7
ETH,2021-03-24,2022-03-23,365,Lagged_Gold_Return_Aligned,0.3927597202304854,0.2946378923802225,1.333025148454562,0.1833736014481891,-0.18668435291301327,0.972203793373984,Positive,,False,0.019508269724690774,0.0002829416800769202,7
ETH,2021-03-24,2022-03-23,365,Lagged_DXY_Return_Aligned,0.7604274627477384,0.8688187257659621,0.8752429479202759,0.38203019660736653,-0.9482185542808784,2.4690734797763554,Positive,,False,0.019508269724690774,0.0002829416800769202,7
ETH,2021-03-24,2022-03-23,365,Lagged_US10Y_Change_Aligned,0.051003095755786126,0.046115896326546724,1.1059764597143062,0.26948144120686157,-0.039689864977295805,0.14169605648886807,Positive,,False,0.019508269724690774,0.0002829416800769202,7
ETH,2021-03-31,2022-03-30,365,const,-0.07002842095033324,0.19159787340169218,-0.36549685916145846,0.7149570084386271,-0.44683077747221667,0.3067739355715502,Negative,,False,0.01741430043328185,-0.0018520858327322198,7
ETH,2021-03-31,2022-03-30,365,ETH_Lagged_Return,-0.09693295573108204,0.10562869973640975,-0.9176763130945716,0.35940789226836656,-0.3046656527092841,0.11079974124712,Negative,,False,0.01741430043328185,-0.0018520858327322198,7
ETH,2021-03-31,2022-03-30,365,Lagged_Log_ETH_Volume,0.0029869108296981563,0.00811200725570406,0.3682085993695176,0.7129359275951629,-0.012966415769410697,0.01894023742880701,Positive,,False,0.01741430043328185,-0.0018520858327322198,7
ETH,2021-03-31,2022-03-30,365,Lagged_SP500_Return_Aligned,0.7314262923202219,0.591024924388946,1.237555747883958,0.2166941579232673,-0.4309017665409782,1.893754351181422,Positive,,False,0.01741430043328185,-0.0018520858327322198,7
ETH,2021-03-31,2022-03-30,365,Lagged_VIX_Change_Aligned,0.0016797030003416957,0.0027374141718262204,0.6136093754570978,0.539864250941069,-0.0037037811292447344,0.007063187129928126,Positive,,False,0.01741430043328185,-0.0018520858327322198,7
ETH,2021-03-31,2022-03-30,365,Lagged_Gold_Return_Aligned,0.3809062298841601,0.29285707595752225,1.3006557162354822,0.19421527027527552,-0.19503563411320923,0.9568480938815295,Positive,,False,0.01741430043328185,-0.0018520858327322198,7
ETH,2021-03-31,2022-03-30,365,Lagged_DXY_Return_Aligned,0.7032825118576127,0.8808560039703741,0.7984080356921383,0.42516453886308053,-1.0290363921034325,2.435601415818658,Positive,,False,0.01741430043328185,-0.0018520858327322198,7
ETH,2021-03-31,2022-03-30,365,Lagged_US10Y_Change_Aligned,0.0516151091266592,0.044501965428501156,1.159838866208872,0.2468895131086948,-0.035903844740636306,0.1391340629939547,Positive,,False,0.01741430043328185,-0.0018520858327322198,7
ETH,2021-04-07,2022-04-06,365,const,-0.07149066434970057,0.19437099395818777,-0.3678052105093383,0.7132364487143192,-0.4537467262914563,0.3107653975920551,Negative,,False,0.017622938226790064,-0.0016393571020962838,7
ETH,2021-04-07,2022-04-06,365,ETH_Lagged_Return,-0.09793412603283753,0.1060931085440008,-0.9230960179870739,0.35658062417514375,-0.3065801438636304,0.11071189179795536,Negative,,False,0.017622938226790064,-0.0016393571020962838,7
ETH,2021-04-07,2022-04-06,365,Lagged_Log_ETH_Volume,0.003028898608068496,0.008232225252999407,0.3679319400261695,0.7131420315319732,-0.013160852455847742,0.019218649671984736,Positive,,False,0.017622938226790064,-0.0016393571020962838,7
ETH,2021-04-07,2022-04-06,365,Lagged_SP500_Return_Aligned,0.7571715152321865,0.5917511530165871,1.2795437936577414,0.20153657279986062,-0.40658476750963635,1.9209277979740094,Positive,,False,0.017622938226790064,-0.0016393571020962838,7
ETH,2021-04-07,2022-04-06,365,Lagged_VIX_Change_Aligned,0.0017441119081487188,0.0027669634397432153,0.6303342802066727,0.528879161070346,-0.0036974847337894363,0.007185708550086874,Positive,,False,0.017622938226790064,-0.0016393571020962838,7
ETH,2021-04-07,2022-04-06,365,Lagged_Gold_Return_Aligned,0.3976960553215766,0.2954979993263865,1.3458502467974724,0.1792048720004144,-0.18343953098133992,0.9788316416244931,Positive,,False,0.017622938226790064,-0.0016393571020962838,7
ETH,2021-04-07,2022-04-06,365,Lagged_DXY_Return_Aligned,0.7405727211704242,0.8667654671636059,0.8544095827835255,0.39345106471786295,-0.9640352934201667,2.445180735761015,Positive,,False,0.017622938226790064,-0.0016393571020962838,7
ETH,2021-04-07,2022-04-06,365,Lagged_US10Y_Change_Aligned,0.04866098840357457,0.044979470579883434,1.0818488474014556,0.2800499120978999,-0.039797041994674716,0.13711901880182387,Positive,,False,0.017622938226790064,-0.0016393571020962838,7
ETH,2021-04-14,2022-04-13,365,const,-0.08775226274300939,0.19516398378318026,-0.4496334879108576,0.6532476069439498,-0.47156784321933987,0.29606331773332106,Negative,,False,0.017732140853648493,-0.0015280132472603736,7
ETH,2021-04-14,2022-04-13,365,ETH_Lagged_Return,-0.09682895418132251,0.10610616751555253,-0.9125666909713781,0.3620863169021827,-0.30550065419306593,0.11184274583042095,Negative,,False,0.017732140853648493,-0.0015280132472603736,7
ETH,2021-04-14,2022-04-13,365,Lagged_Log_ETH_Volume,0.0036986728393507144,0.008269266160160875,0.4472794523376133,0.6549445516847061,-0.012563924028427282,0.01996126970712871,Positive,,False,0.017732140853648493,-0.0015280132472603736,7
ETH,2021-04-14,2022-04-13,365,Lagged_SP500_Return_Aligned,0.7611557070611769,0.5945024133368747,1.2803239986678878,0.20126246150669544,-0.40801129007785686,1.9303227042002105,Positive,,False,0.017732140853648493,-0.0015280132472603736,7
ETH,2021-04-14,2022-04-13,365,Lagged_VIX_Change_Aligned,0.001644635868598227,0.002774478556415627,0.5927729608128406,0.5537083983774791,-0.003811740236292342,0.007101011973488796,Positive,,False,0.017732140853648493,-0.0015280132472603736,7
ETH,2021-04-14,2022-04-13,365,Lagged_Gold_Return_Aligned,0.42489114725373545,0.2899193230988273,1.4655495974267958,0.143651197291968,-0.14527324030100974,0.9950555348084806,Positive,,False,0.017732140853648493,-0.0015280132472603736,7
ETH,2021-04-14,2022-04-13,365,Lagged_DXY_Return_Aligned,0.7778325686346088,0.8730323582675147,0.8909550273464952,0.37355335205939116,-0.9391001095552911,2.4947652468245085,Positive,,False,0.017732140853648493,-0.0015280132472603736,7
ETH,2021-04-14,2022-04-13,365,Lagged_US10Y_Change_Aligned,0.035310002988965895,0.045141950572939855,0.7821993188334294,0.4346159342195688,-0.05346756563371328,0.12408757161164508,Positive,,False,0.017732140853648493,-0.0015280132472603736,7
ETH,2021-04-21,2022-04-20,365,const,-0.09222385337043915,0.20240954676729303,-0.4556299583856458,0.6489331002074984,-0.4902887841045231,0.3058410773636448,Negative,,False,0.023712334469078722,0.004569439066511749,7
ETH,2021-04-21,2022-04-20,365,ETH_Lagged_Return,-0.10739283318052531,0.10518133757934704,-1.021025551224902,0.3079337279473766,-0.3142457337809955,0.09946006741994487,Negative,,False,0.023712334469078722,0.004569439066511749,7
ETH,2021-04-21,2022-04-20,365,Lagged_Log_ETH_Volume,0.003883069014372394,0.008585189796453693,0.4522985637401265,0.6513286156773381,-0.013000833134735747,0.020766971163480537,Positive,,False,0.023712334469078722,0.004569439066511749,7
ETH,2021-04-21,2022-04-20,365,Lagged_SP500_Return_Aligned,0.8959232767566289,0.5706117098088923,1.570110219183355,0.11727533076952852,-0.22625951733002403,2.018106070843282,Positive,,False,0.023712334469078722,0.004569439066511749,7
ETH,2021-04-21,2022-04-20,365,Lagged_VIX_Change_Aligned,0.002096902300769938,0.0027442252499851193,0.7641144985388165,0.4453037405787796,-0.0032999767076591566,0.007493781309199032,Positive,,False,0.023712334469078722,0.004569439066511749,7
ETH,2021-04-21,2022-04-20,365,Lagged_Gold_Return_Aligned,0.5452081268818286,0.2804925374486896,1.9437526995938825,0.05271072159881896,-0.006417249856488727,1.096833503620146,Positive,*,False,0.023712334469078722,0.004569439066511749,7
ETH,2021-04-21,2022-04-20,365,Lagged_DXY_Return_Aligned,0.9935556380839349,0.8746450958943067,1.1359529056388804,0.256738269960705,-0.7265487002472689,2.713659976415139,Positive,,False,0.023712334469078722,0.004569439066511749,7
ETH,2021-04-21,2022-04-20,365,Lagged_US10Y_Change_Aligned,0.04703495744959414,0.04172232109565906,1.127333192747223,0.2603587563213382,-0.03501746113569572,0.12908737603488402,Positive,,False,0.023712334469078722,0.004569439066511749,7
ETH,2021-04-28,2022-04-27,365,const,-0.06594582825950655,0.211700617234512,-0.3115051298431259,0.7555984723333674,-0.48228286809638427,0.35039121157737113,Negative,,False,0.025660902239965755,0.006556214048592635,7
ETH,2021-04-28,2022-04-27,365,ETH_Lagged_Return,-0.11385418136557594,0.1048700529966993,-1.0856691506502758,0.2783579427652404,-0.3200948999923731,0.09238653726122122,Negative,,False,0.025660902239965755,0.006556214048592635,7
ETH,2021-04-28,2022-04-27,365,Lagged_Log_ETH_Volume,0.0027566642597844798,0.008984237938259306,0.3068333985284658,0.7591490737528186,-0.014912018417042745,0.020425346936611705,Positive,,False,0.025660902239965755,0.006556214048592635,7
ETH,2021-04-28,2022-04-27,365,Lagged_SP500_Return_Aligned,0.8672008296723761,0.556461654305021,1.558419745481735,0.12001979774431866,-0.22715402371685656,1.9615556830616088,Positive,,False,0.025660902239965755,0.006556214048592635,7
ETH,2021-04-28,2022-04-27,365,Lagged_VIX_Change_Aligned,0.0022398235013192003,0.002654344884796858,0.8438328847724768,0.3993278605709159,-0.002980293976270872,0.007459940978909273,Positive,,False,0.025660902239965755,0.006556214048592635,7
ETH,2021-04-28,2022-04-27,365,Lagged_Gold_Return_Aligned,0.5743913882439166,0.27580050115639937,2.0826335914385954,0.03799607196746166,0.03199351649003368,1.1167892599977995,Positive,**,True,0.025660902239965755,0.006556214048592635,7
ETH,2021-04-28,2022-04-27,365,Lagged_DXY_Return_Aligned,1.0380230385821465,0.8753787822155025,1.1857987189899744,0.23649043555097543,-0.6835241901625373,2.75957026732683,Positive,,False,0.025660902239965755,0.006556214048592635,7
ETH,2021-04-28,2022-04-27,365,Lagged_US10Y_Change_Aligned,0.05522251383506872,0.040777433406156374,1.354242021194289,0.17651572857584072,-0.024971659135424124,0.13541668680556157,Positive,,False,0.025660902239965755,0.006556214048592635,7
ETH,2021-05-05,2022-05-04,365,const,0.009762162954637027,0.21052089925907547,0.04637146710371647,0.9630401063967968,-0.40425480669939606,0.42377913260867006,Positive,,False,0.023237659627030283,0.004085456874619142,7
ETH,2021-05-05,2022-05-04,365,ETH_Lagged_Return,-0.1295744780906493,0.1061946662004128,-1.220159945190784,0.22320963163176302,-0.3384202223775843,0.07927126619628572,Negative,,False,0.023237659627030283,0.004085456874619142,7
ETH,2021-05-05,2022-05-04,365,Lagged_Log_ETH_Volume,-0.0004470478829268188,0.008932864109731601,-0.05004530209295335,0.9601142752213679,-0.018014697185483722,0.017120601419630087,Negative,,False,0.023237659627030283,0.004085456874619142,7
ETH,2021-05-05,2022-05-04,365,Lagged_SP500_Return_Aligned,0.5268433259060237,0.49958771731891766,1.0545562023289436,0.29234151242283996,-0.45566146829120746,1.5093481201032548,Positive,,False,0.023237659627030283,0.004085456874619142,7
ETH,2021-05-05,2022-05-04,365,Lagged_VIX_Change_Aligned,0.0007931809328748094,0.0025910013567464773,0.30612910750105027,0.7596847924856851,-0.0043023631858567675,0.005888725051606387,Positive,,False,0.023237659627030283,0.004085456874619142,7
ETH,2021-05-05,2022-05-04,365,Lagged_Gold_Return_Aligned,0.4744674460727878,0.2691128125875912,1.7630801057395122,0.07874247296103683,-0.05477820865659688,1.0037131008021725,Positive,*,False,0.023237659627030283,0.004085456874619142,7
ETH,2021-05-05,2022-05-04,365,Lagged_DXY_Return_Aligned,0.42048546184206836,0.7632856122513775,0.5508887565714882,0.582054509150745,-1.0806158410548952,1.921586764739032,Positive,,False,0.023237659627030283,0.004085456874619142,7
ETH,2021-05-05,2022-05-04,365,Lagged_US10Y_Change_Aligned,0.04544662612557058,0.040488575860282754,1.1224555361590631,0.2624231352092794,-0.0341794705815907,0.12507272283273185,Positive,,False,0.023237659627030283,0.004085456874619142,7
ETH,2021-05-12,2022-05-11,365,const,0.1301181750759102,0.2241410541045588,0.5805191538682235,0.5619308239570608,-0.31068461610554354,0.570920966257364,Positive,,False,0.025467150513196146,0.006358663268356879,7
ETH,2021-05-12,2022-05-11,365,ETH_Lagged_Return,-0.13907696612822046,0.10866904905306067,-1.27982132299982,0.20143903644027328,-0.35278890894472026,0.07463497668827934,Negative,,False,0.025467150513196146,0.006358663268356879,7
ETH,2021-05-12,2022-05-11,365,Lagged_Log_ETH_Volume,-0.005598644403987364,0.009513262219591789,-0.588509417143723,0.5565625562776897,-0.024307722740350205,0.013110433932375477,Negative,,False,0.025467150513196146,0.006358663268356879,7
ETH,2021-05-12,2022-05-11,365,Lagged_SP500_Return_Aligned,0.6843301237149658,0.5143751650231524,1.3304105062773854,0.18423226097829623,-0.32725612657033987,1.6959163740002716,Positive,,False,0.025467150513196146,0.006358663268356879,7
ETH,2021-05-12,2022-05-11,365,Lagged_VIX_Change_Aligned,0.0016643117209208037,0.002633466857157917,0.6319850642498527,0.5278011359079473,-0.0035147463760289164,0.006843369817870524,Positive,,False,0.025467150513196146,0.006358663268356879,7
ETH,2021-05-12,2022-05-11,365,Lagged_Gold_Return_Aligned,0.4599207926332327,0.2660899161157844,1.7284412703302374,0.08477377385892507,-0.06337993956712973,0.9832215248335952,Positive,*,False,0.025467150513196146,0.006358663268356879,7
ETH,2021-05-12,2022-05-11,365,Lagged_DXY_Return_Aligned,0.6584309275707352,0.7549519158115064,0.8721494889684203,0.38371300675246034,-0.8262810678598664,2.143142923001337,Positive,,False,0.025467150513196146,0.006358663268356879,7
ETH,2021-05-12,2022-05-11,365,Lagged_US10Y_Change_Aligned,0.037054908354510314,0.040331375996192964,0.9187613226488497,0.358840751752199,-0.042262034194609936,0.11637185090363056,Positive,,False,0.025467150513196146,0.006358663268356879,7
ETH,2021-05-19,2022-05-18,365,const,0.06649901450973719,0.23899026133991924,0.27824989243036435,0.7809816242825294,-0.4035066909808699,0.5365047200003442,Positive,,False,0.02343658511829072,0.0042882828657082595,7
ETH,2021-05-19,2022-05-18,365,ETH_Lagged_Return,-0.13211095850387802,0.11334985283121621,-1.16551504218182,0.24458869556855806,-0.3550283160920115,0.09080639908425547,Negative,,False,0.02343658511829072,0.0042882828657082595,7
ETH,2021-05-19,2022-05-18,365,Lagged_Log_ETH_Volume,-0.0028999533128406356,0.01014073967027439,-0.28597059062084845,0.7750665103146661,-0.022843048383751743,0.017043141758070472,Negative,,False,0.02343658511829072,0.0042882828657082595,7
ETH,2021-05-19,2022-05-18,365,Lagged_SP500_Return_Aligned,0.6736772637550194,0.5070186426630114,1.3287031423867723,0.18479457757902001,-0.3234414201012189,1.6707959476112575,Positive,,False,0.02343658511829072,0.0042882828657082595,7
ETH,2021-05-19,2022-05-18,365,Lagged_VIX_Change_Aligned,0.0017321603078684347,0.002652814677479487,0.652951871298529,0.5142075670496581,-0.003484947816262146,0.006949268431999015,Positive,,False,0.02343658511829072,0.0042882828657082595,7
ETH,2021-05-19,2022-05-18,365,Lagged_Gold_Return_Aligned,0.44616877098593655,0.26288776766267985,1.6971834595150532,0.09053352992934993,-0.07083451614553893,0.963172058117412,Positive,*,False,0.02343658511829072,0.0042882828657082595,7
ETH,2021-05-19,2022-05-18,365,Lagged_DXY_Return_Aligned,0.8137565628088206,0.7276968865787973,1.1182630815347105,0.26420656488281596,-0.6173548416568349,2.244867967274476,Positive,,False,0.02343658511829072,0.0042882828657082595,7
ETH,2021-05-19,2022-05-18,365,Lagged_US10Y_Change_Aligned,0.03477333015495279,0.0386219138339056,0.9003523311790367,0.36853972092832255,-0.0411817307631306,0.11072839107303618,Positive,,False,0.02343658511829072,0.0042882828657082595,7
ETH,2021-05-26,2022-05-25,365,const,-0.11490904406544852,0.15177922476210318,-0.757080188316652,0.4495011919063693,-0.41340280365704096,0.18358471552614394,Negative,,False,0.008824795399547392,-0.010610012533794677,7
ETH,2021-05-26,2022-05-25,365,ETH_Lagged_Return,0.04197731345815364,0.045624317861379576,0.9200644618006864,0.3581603409239778,-0.04774889372593637,0.13170352064224367,Positive,,False,0.008824795399547392,-0.010610012533794677,7
ETH,2021-05-26,2022-05-25,365,Lagged_Log_ETH_Volume,0.004821738953089207,0.006414773248012502,0.7516616358314977,0.45274980762261013,-0.007793754285382716,0.017437232191561132,Positive,,False,0.008824795399547392,-0.010610012533794677,7
ETH,2021-05-26,2022-05-25,365,Lagged_SP500_Return_Aligned,0.3555130130606544,0.39835278698126275,0.8924577025172831,0.3727488124777864,-0.4279000081627533,1.1389260342840621,Positive,,False,0.008824795399547392,-0.010610012533794677,7
ETH,2021-05-26,2022-05-25,365,Lagged_VIX_Change_Aligned,0.001914794105934004,0.0023036195472115684,0.8312110861586408,0.4064099777377936,-0.0026155759785991307,0.006445164190467138,Positive,,False,0.008824795399547392,-0.010610012533794677,7
ETH,2021-05-26,2022-05-25,365,Lagged_Gold_Return_Aligned,0.37952923337478894,0.26324836082269537,1.4417154666744982,0.15025927848327694,-0.13818320751725388,0.8972416742668318,Positive,,False,0.008824795399547392,-0.010610012533794677,7
ETH,2021-05-26,2022-05-25,365,Lagged_DXY_Return_Aligned,0.39604138396900845,0.5079612317336373,0.7796685243425882,0.4361025754894706,-0.6029310249664166,1.3950137929044335,Positive,,False,0.008824795399547392,-0.010610012533794677,7
ETH,2021-05-26,2022-05-25,365,Lagged_US10Y_Change_Aligned,0.026777509679824455,0.03721372243342003,0.719560095814998,0.47226666697601977,-0.04640815808834453,0.09996317744799343,Positive,,False,0.008824795399547392,-0.010610012533794677,7
ETH,2021-06-02,2022-06-01,365,const,-0.09669584823389402,0.16220643758435507,-0.5961283021434187,0.5514672945917684,-0.4156960899362896,0.22230439346850153,Negative,,False,0.009406616258920253,-0.010016783422277298,7
ETH,2021-06-02,2022-06-01,365,ETH_Lagged_Return,0.0328451655135201,0.0471095882993973,0.6972076534564049,0.4861266205773641,-0.05980202086089753,0.12549235188793773,Positive,,False,0.009406616258920253,-0.010016783422277298,7
ETH,2021-06-02,2022-06-01,365,Lagged_Log_ETH_Volume,0.004038565405688354,0.006863113130353709,0.5884451165210816,0.5566056563242672,-0.009458647035557448,0.017535777846934157,Positive,,False,0.009406616258920253,-0.010016783422277298,7
ETH,2021-06-02,2022-06-01,365,Lagged_SP500_Return_Aligned,0.40405175617822175,0.37020887470781527,1.0914156406896425,0.2758260685047786,-0.3240125689552923,1.132116081311736,Positive,,False,0.009406616258920253,-0.010016783422277298,7
ETH,2021-06-02,2022-06-01,365,Lagged_VIX_Change_Aligned,0.001925112626938869,0.0021846162961570745,0.8812131587250839,0.3787953389236387,-0.002371221950649529,0.006221447204527266,Positive,,False,0.009406616258920253,-0.010016783422277298,7
ETH,2021-06-02,2022-06-01,365,Lagged_Gold_Return_Aligned,0.39088796487683664,0.2620392889291001,1.4917151030073168,0.13665694689914173,-0.12444667750094018,0.9062226072546135,Positive,,False,0.009406616258920253,-0.010016783422277298,7
ETH,2021-06-02,2022-06-01,365,Lagged_DXY_Return_Aligned,0.43165375794968797,0.5117219438515508,0.8435318499354986,0.39949589901723886,-0.5747145847874622,1.4380221006868381,Positive,,False,0.009406616258920253,-0.010016783422277298,7
ETH,2021-06-02,2022-06-01,365,Lagged_US10Y_Change_Aligned,0.026526335514641182,0.037309898421095056,0.7109731368135584,0.4775651230011865,-0.04684847495200021,0.09990114598128258,Positive,,False,0.009406616258920253,-0.010016783422277298,7
ETH,2021-06-09,2022-06-08,365,const,-0.07666307067646648,0.16818311434318214,-0.4558309612464033,0.6487886807769022,-0.40741723139117886,0.25409109003824587,Negative,,False,0.0060739908521388886,-0.01341475442527007,7
ETH,2021-06-09,2022-06-08,365,ETH_Lagged_Return,0.03306987393866401,0.04760440196319637,0.6946810079502898,0.48770708343572416,-0.0605504284273274,0.1266901763046554,Positive,,False,0.0060739908521388886,-0.01341475442527007,7
ETH,2021-06-09,2022-06-08,365,Lagged_Log_ETH_Volume,0.003194277093812857,0.007121641565069784,0.44853101137245405,0.6540421215061224,-0.010811365434361408,0.017199919621987123,Positive,,False,0.0060739908521388886,-0.01341475442527007,7
ETH,2021-06-09,2022-06-08,365,Lagged_SP500_Return_Aligned,0.23885282981829692,0.3571690325466338,0.6687389108603952,0.5040942232053978,-0.4635669348210337,0.9412725944576276,Positive,,False,0.0060739908521388886,-0.01341475442527007,7
ETH,2021-06-09,2022-06-08,365,Lagged_VIX_Change_Aligned,0.0011731119860740576,0.0022291387688919426,0.5262624303363521,0.59903266313163,-0.003210781875690254,0.005557005847838369,Positive,,False,0.0060739908521388886,-0.01341475442527007,7
ETH,2021-06-09,2022-06-08,365,Lagged_Gold_Return_Aligned,0.30896593066986866,0.2624579695248698,1.177201558135928,0.239899302970092,-0.2071921020322114,0.8251239633719487,Positive,,False,0.0060739908521388886,-0.01341475442527007,7
ETH,2021-06-09,2022-06-08,365,Lagged_DXY_Return_Aligned,0.4824989200538205,0.5096095110396778,0.9468012460549495,0.3443804756506116,-0.519715046398374,1.484712886506015,Positive,,False,0.0060739908521388886,-0.01341475442527007,7
ETH,2021-06-09,2022-06-08,365,Lagged_US10Y_Change_Aligned,0.025125616511263577,0.037358184855051046,0.6725598850359146,0.501662402723826,-0.04834415556314321,0.09859538858567037,Positive,,False,0.0060739908521388886,-0.01341475442527007,7
ETH,2021-06-16,2022-06-15,365,const,-0.003832644567280219,0.17910411245644403,-0.021398975795222302,0.9829393456311329,-0.3560643809543527,0.3483990918197923,Negative,,False,0.011474900674320776,-0.00790794441049636,7
ETH,2021-06-16,2022-06-15,365,ETH_Lagged_Return,0.020557895923211583,0.04961467395461459,0.41435112406497077,0.6788658263584256,-0.07701587007036534,0.1181316619167885,Positive,,False,0.011474900674320776,-0.00790794441049636,7
ETH,2021-06-16,2022-06-15,365,Lagged_Log_ETH_Volume,9.226602626601164e-05,0.007597437583527058,0.012144361207529365,0.9903172235593237,-0.0148490917987193,0.015033623851251326,Positive,,False,0.011474900674320776,-0.00790794441049636,7
ETH,2021-06-16,2022-06-15,365,Lagged_SP500_Return_Aligned,0.5290598698100466,0.40859885118010886,1.2948148735172018,0.1962208893350009,-0.2745033809887464,1.3326231206088397,Positive,,False,0.011474900674320776,-0.00790794441049636,7
ETH,2021-06-16,2022-06-15,365,Lagged_VIX_Change_Aligned,0.0019343173542194945,0.0021212718708029242,0.911866781831852,0.3624541794141156,-0.0022374420998448157,0.006106076808283805,Positive,,False,0.011474900674320776,-0.00790794441049636,7
ETH,2021-06-16,2022-06-15,365,Lagged_Gold_Return_Aligned,0.14425457861998503,0.3068652518218458,0.47009095283207136,0.6385770721585833,-0.459236201148406,0.7477453583883761,Positive,,False,0.011474900674320776,-0.00790794441049636,7
ETH,2021-06-16,2022-06-15,365,Lagged_DXY_Return_Aligned,-0.05085964879090482,0.6314369158933592,-0.08054589066739694,0.9358482330670088,-1.2926631911752466,1.190943893593437,Negative,,False,0.011474900674320776,-0.00790794441049636,7
ETH,2021-06-16,2022-06-15,365,Lagged_US10Y_Change_Aligned,-0.012363858209128477,0.043227771075397096,-0.2860165560598454,0.7750313333260539,-0.09737694170118294,0.07264922528292597,Negative,,False,0.011474900674320776,-0.00790794441049636,7
ETH,2021-06-23,2022-06-22,365,const,-0.033388486729228534,0.19019107452032125,-0.1755523323764654,0.8607451835537138,-0.4074241886727411,0.340647215214284,Negative,,False,0.008456971441143324,-0.010985048726677382,7
ETH,2021-06-23,2022-06-22,365,ETH_Lagged_Return,-0.044795664349181974,0.08099382267231384,-0.5530750725325932,0.5805581685080038,-0.20408064337741927,0.11448931467905532,Negative,,False,0.008456971441143324,-0.010985048726677382,7
ETH,2021-06-23,2022-06-22,365,Lagged_Log_ETH_Volume,0.0013564408024759299,0.008073564025985129,0.16801016231619198,0.8666704217813336,-0.014521282141471074,0.017234163746422934,Positive,,False,0.008456971441143324,-0.010985048726677382,7
ETH,2021-06-23,2022-06-22,365,Lagged_SP500_Return_Aligned,0.49287076408001534,0.41684260880796925,1.18239055620888,0.23783767152600668,-0.32690491771095603,1.3126464458709868,Positive,,False,0.008456971441143324,-0.010985048726677382,7
ETH,2021-06-23,2022-06-22,365,Lagged_VIX_Change_Aligned,0.001533021565938227,0.002238555678119874,0.6848261943726976,0.49389797274514646,-0.002869391883362415,0.0059354350152388685,Positive,,False,0.008456971441143324,-0.010985048726677382,7
ETH,2021-06-23,2022-06-22,365,Lagged_Gold_Return_Aligned,0.013158755669204186,0.30199604379833944,0.04357260944117223,0.9652694458358831,-0.5807560876596112,0.6070735989980196,Positive,,False,0.008456971441143324,-0.010985048726677382,7
ETH,2021-06-23,2022-06-22,365,Lagged_DXY_Return_Aligned,0.06202925714342461,0.6217421474575314,0.09976685254020287,0.9205854240983113,-1.1607082511159186,1.284766765402768,Positive,,False,0.008456971441143324,-0.010985048726677382,7
ETH,2021-06-23,2022-06-22,365,Lagged_US10Y_Change_Aligned,-0.023742632746004785,0.04152348999644522,-0.5717879867043296,0.5678254509240226,-0.10540402388718238,0.05791875839517281,Negative,,False,0.008456971441143324,-0.010985048726677382,7
ETH,2021-06-30,2022-06-29,365,const,0.0040162721114808675,0.19184296567657833,0.02093520654935958,0.9833090378514544,-0.3732680905261426,0.38130063474910436,Positive,,False,0.013162232663906037,-0.006187527479938781,7
ETH,2021-06-30,2022-06-29,365,ETH_Lagged_Return,-0.06395912170872625,0.08238273396749218,-0.776365612410535,0.4380471955798118,-0.2259755770301573,0.0980573336127048,Negative,,False,0.013162232663906037,-0.006187527479938781,7
ETH,2021-06-30,2022-06-29,365,Lagged_Log_ETH_Volume,-0.0002324635332815496,0.008149252344817323,-0.028525749779903346,0.9772587704577218,-0.01625903748684993,0.01579411042028683,Negative,,False,0.013162232663906037,-0.006187527479938781,7
ETH,2021-06-30,2022-06-29,365,Lagged_SP500_Return_Aligned,0.4752594759182152,0.38755168301987225,1.226312506798856,0.22088933167334235,-0.2869117572131235,1.237430709049554,Positive,,False,0.013162232663906037,-0.006187527479938781,7
ETH,2021-06-30,2022-06-29,365,Lagged_VIX_Change_Aligned,0.001167922952608774,0.0021781972346024327,0.5361878777804733,0.5921626370189614,-0.0031157876982235207,0.005451633603441069,Positive,,False,0.013162232663906037,-0.006187527479938781,7
ETH,2021-06-30,2022-06-29,365,Lagged_Gold_Return_Aligned,-0.06664518167963487,0.30464053708813865,-0.218766623498806,0.8269568578376019,-0.6657607680319052,0.5324704046726355,Negative,,False,0.013162232663906037,-0.006187527479938781,7
ETH,2021-06-30,2022-06-29,365,Lagged_DXY_Return_Aligned,0.019714680700324644,0.6141851188570225,0.03209892277594252,0.9744111004308698,-1.1881609393009736,1.2275903007016227,Positive,,False,0.013162232663906037,-0.006187527479938781,7
ETH,2021-06-30,2022-06-29,365,Lagged_US10Y_Change_Aligned,-0.04803545425301626,0.044787415053189734,-1.072521247229141,0.28421043698455445,-0.13611578225949883,0.040044873753466305,Negative,,False,0.013162232663906037,-0.006187527479938781,7
ETH,2021-07-07,2022-07-06,365,const,0.02880745156864173,0.1901480788563982,0.15150009267460132,0.8796668115798221,-0.3451436937605473,0.4027585968978308,Positive,,False,0.012690859895011397,-0.00666814285214512,7
ETH,2021-07-07,2022-07-06,365,ETH_Lagged_Return,-0.059272440334018295,0.08224301844136042,-0.7206987469250021,0.47156652921613534,-0.22101412674202425,0.10246924607398766,Negative,,False,0.012690859895011397,-0.00666814285214512,7
ETH,2021-07-07,2022-07-06,365,Lagged_Log_ETH_Volume,-0.0012866743962026105,0.008082695905735102,-0.1591887671153936,0.8736101726302338,-0.017182356379820428,0.014609007587415207,Negative,,False,0.012690859895011397,-0.00666814285214512,7
ETH,2021-07-07,2022-07-06,365,Lagged_SP500_Return_Aligned,0.45232437333134895,0.3830827335994753,1.1807485267771631,0.23848869988026783,-0.30105808441910503,1.2057068310818029,Positive,,False,0.012690859895011397,-0.00666814285214512,7
ETH,2021-07-07,2022-07-06,365,Lagged_VIX_Change_Aligned,0.0011267610186591176,0.002126768076017786,0.5297996670934112,0.5965801592213094,-0.0030558074440863374,0.005309329481404572,Positive,,False,0.012690859895011397,-0.00666814285214512,7
ETH,2021-07-07,2022-07-06,365,Lagged_Gold_Return_Aligned,-0.08223193572847617,0.29793557035876317,-0.27600576738606764,0.7827033386945039,-0.6681613252865226,0.5036974538295702,Negative,,False,0.012690859895011397,-0.00666814285214512,7
ETH,2021-07-07,2022-07-06,365,Lagged_DXY_Return_Aligned,-0.014859465388111004,0.6095298876723801,-0.024378567300210728,0.9805642646643659,-1.2135799624781547,1.183861031701933,Negative,,False,0.012690859895011397,-0.00666814285214512,7
ETH,2021-07-07,2022-07-06,365,Lagged_US10Y_Change_Aligned,-0.0485408063584843,0.040987829044152796,-1.1842736609981295,0.23709261481267407,-0.12914874995592335,0.03206713723895475,Negative,,False,0.012690859895011397,-0.00666814285214512,7
ETH,2021-07-14,2022-07-13,365,const,-0.01806934267801194,0.18969672399152515,-0.0952538467602593,0.9241666441515394,-0.39113283944569943,0.3549941540896755,Negative,,False,0.013215024831785382,-0.006133700171512935,7
ETH,2021-07-14,2022-07-13,365,ETH_Lagged_Return,-0.05888915189485533,0.08214371782060814,-0.7169039027848977,0.4739021492570172,-0.22043555060347697,0.10265724681376631,Negative,,False,0.013215024831785382,-0.006133700171512935,7
ETH,2021-07-14,2022-07-13,365,Lagged_Log_ETH_Volume,0.0007150043237605045,0.00806595232903887,0.08864474950916348,0.9294139485781182,-0.01514774921945381,0.016577757866974817,Positive,,False,0.013215024831785382,-0.006133700171512935,7
ETH,2021-07-14,2022-07-13,365,Lagged_SP500_Return_Aligned,0.5064032371797055,0.38607866270224234,1.3116581829083411,0.19047836991733444,-0.25287110823031755,1.2656775825897286,Positive,,False,0.013215024831785382,-0.006133700171512935,7
ETH,2021-07-14,2022-07-13,365,Lagged_VIX_Change_Aligned,0.001299318109532594,0.002140362862819109,0.6070550615988728,0.5442002568888121,-0.0029099862851530416,0.005508622504218229,Positive,,False,0.013215024831785382,-0.006133700171512935,7
ETH,2021-07-14,2022-07-13,365,Lagged_Gold_Return_Aligned,-0.0689125104236605,0.3011483183391879,-0.22883245971190613,0.8191301655391999,-0.6611601904117733,0.5233351695644523,Negative,,False,0.013215024831785382,-0.006133700171512935,7
ETH,2021-07-14,2022-07-13,365,Lagged_DXY_Return_Aligned,-0.06297525544678914,0.6161817779787171,-0.10220239821659301,0.9186534046650722,-1.2747775675812931,1.148827056687715,Negative,,False,0.013215024831785382,-0.006133700171512935,7
ETH,2021-07-14,2022-07-13,365,Lagged_US10Y_Change_Aligned,-0.0399390127012643,0.04056848596554078,-0.9844836885258385,0.32554447760719085,-0.11972226311497017,0.03984423771244156,Negative,,False,0.013215024831785382,-0.006133700171512935,7
ETH,2021-07-21,2022-07-20,365,const,-0.020466092949825404,0.18738301327100468,-0.1092206416823178,0.9130888537947629,-0.3889793740166617,0.34804718811701096,Negative,,False,0.01320669993930601,-0.006142188297178164,7
ETH,2021-07-21,2022-07-20,365,ETH_Lagged_Return,-0.0325655941849992,0.08377539686353316,-0.3887250362782199,0.6977112914176389,-0.19732090381494682,0.1321897154449484,Negative,,False,0.01320669993930601,-0.006142188297178164,7
ETH,2021-07-21,2022-07-20,365,Lagged_Log_ETH_Volume,0.0008740717790456081,0.007967456997233517,0.10970523962025848,0.9127047855862728,-0.014794977771155944,0.016543121329247158,Positive,,False,0.01320669993930601,-0.006142188297178164,7
ETH,2021-07-21,2022-07-20,365,Lagged_SP500_Return_Aligned,0.3851284197468881,0.37255649400061763,1.0337450184031678,0.30195513819380454,-0.3475528067438221,1.1178096462375984,Positive,,False,0.01320669993930601,-0.006142188297178164,7
ETH,2021-07-21,2022-07-20,365,Lagged_VIX_Change_Aligned,0.000816640562986157,0.002120283644135471,0.3851562809744429,0.7003510020495344,-0.003353175413676952,0.0049864565396492665,Positive,,False,0.01320669993930601,-0.006142188297178164,7
ETH,2021-07-21,2022-07-20,365,Lagged_Gold_Return_Aligned,-0.13851732498372601,0.30504715389547815,-0.45408496101290563,0.6500436143769265,-0.7384325766375298,0.46139792667007773,Negative,,False,0.01320669993930601,-0.006142188297178164,7
ETH,2021-07-21,2022-07-20,365,Lagged_DXY_Return_Aligned,-0.2746186494631304,0.6265738329090337,-0.43828617640819945,0.6614439325490514,-1.5068583011010779,0.957621002174817,Negative,,False,0.01320669993930601,-0.006142188297178164,7
ETH,2021-07-21,2022-07-20,365,Lagged_US10Y_Change_Aligned,-0.053779776601793804,0.03952270376570763,-1.360731212130697,0.1744570622786077,-0.13150635910833755,0.023946805904749936,Negative,,False,0.01320669993930601,-0.006142188297178164,7
ETH,2021-07-28,2022-07-27,365,const,-0.013036373855152744,0.19390639675120744,-0.0672302413616562,0.9464360461989855,-0.3943787444321998,0.36830599672189435,Negative,,False,0.01132192113620567,-0.008063923547398044,7
ETH,2021-07-28,2022-07-27,365,ETH_Lagged_Return,-0.04948700032047215,0.08329775909683663,-0.5940976186759327,0.5528230963204943,-0.21330297261405082,0.11432897197310651,Negative,,False,0.01132192113620567,-0.008063923547398044,7
ETH,2021-07-28,2022-07-27,365,Lagged_Log_ETH_Volume,0.0005312882082368162,0.008246498717868795,0.06442591291327103,0.9486671566356447,-0.01568653349708598,0.016749109913559608,Positive,,False,0.01132192113620567,-0.008063923547398044,7
ETH,2021-07-28,2022-07-27,365,Lagged_SP500_Return_Aligned,0.3392806927186448,0.3642346277547546,0.9314893941031007,0.3522299578297037,-0.3770344919343933,1.055595877371683,Positive,,False,0.01132192113620567,-0.008063923547398044,7
ETH,2021-07-28,2022-07-27,365,Lagged_VIX_Change_Aligned,0.0007115850205471487,0.0020798049505717673,0.34214026673584175,0.7324466643477082,-0.0033786242942416226,0.00480179433533592,Positive,,False,0.01132192113620567,-0.008063923547398044,7
ETH,2021-07-28,2022-07-27,365,Lagged_Gold_Return_Aligned,-0.1373347011449318,0.30334107101096897,-0.452740213144318,0.6510108289577329,-0.7338947169608254,0.4592253146709619,Negative,,False,0.01132192113620567,-0.008063923547398044,7
ETH,2021-07-28,2022-07-27,365,Lagged_DXY_Return_Aligned,-0.10120565311739735,0.6530097082139656,-0.15498338209121423,0.8769220040989801,-1.3854349220447455,1.183023615809951,Negative,,False,0.01132192113620567,-0.008063923547398044,7
ETH,2021-07-28,2022-07-27,365,Lagged_US10Y_Change_Aligned,-0.05619735639428358,0.03852098583204601,-1.4588763807683347,0.14547839228146306,-0.13195392915451562,0.019559216365948456,Negative,,False,0.01132192113620567,-0.008063923547398044,7
ETH,2021-08-04,2022-08-03,365,const,-0.03459552566033039,0.19038135770494397,-0.18171698152267135,0.8559079696838979,-0.40900544445238807,0.33981439313172723,Negative,,False,0.012015690303667115,-0.007356551062927652,7
ETH,2021-08-04,2022-08-03,365,ETH_Lagged_Return,-0.038990223245211675,0.08098933678437666,-0.4814241577137242,0.6305100254464766,-0.19826638018625242,0.12028593369582907,Negative,,False,0.012015690303667115,-0.007356551062927652,7
ETH,2021-08-04,2022-08-03,365,Lagged_Log_ETH_Volume,0.0014364341644802318,0.008098204467084905,0.1773768704307984,0.8593129684668833,-0.014489747439822925,0.01736261576878339,Positive,,False,0.012015690303667115,-0.007356551062927652,7
ETH,2021-08-04,2022-08-03,365,Lagged_SP500_Return_Aligned,0.37078267303488255,0.3648977640609935,1.0161275555881601,0.3102567913251371,-0.34683665617075277,1.0884020022405179,Positive,,False,0.012015690303667115,-0.007356551062927652,7
ETH,2021-08-04,2022-08-03,365,Lagged_VIX_Change_Aligned,0.0009710239699893025,0.0020591174802450448,0.4715728846484981,0.6375197520754975,-0.0030785007201155463,0.005020548660094151,Positive,,False,0.012015690303667115,-0.007356551062927652,7
ETH,2021-08-04,2022-08-03,365,Lagged_Gold_Return_Aligned,-0.15677528073893046,0.30007972133283023,-0.5224454356415669,0.6016842698582012,-0.7469214245094483,0.43337086303158745,Negative,,False,0.012015690303667115,-0.007356551062927652,7
ETH,2021-08-04,2022-08-03,365,Lagged_DXY_Return_Aligned,-0.12367955527834101,0.6241565048457075,-0.19815471651443384,0.843036802980205,-1.3511652141157622,1.1038061035590803,Negative,,False,0.012015690303667115,-0.007356551062927652,7
ETH,2021-08-04,2022-08-03,365,Lagged_US10Y_Change_Aligned,-0.0548878078216386,0.03761290299102204,-1.4592813491354275,0.14536700086806317,-0.1288585165305638,0.019082900887286605,Negative,,False,0.012015690303667115,-0.007356551062927652,7
ETH,2021-08-11,2022-08-10,365,const,0.06923787623025887,0.19125953838988016,0.36201005614223714,0.7175587001441419,-0.30689910009986565,0.44537485256038334,Positive,,False,0.010276340995855837,-0.009130005259127216,7
ETH,2021-08-11,2022-08-10,365,ETH_Lagged_Return,-0.05563834265428845,0.08204374449074579,-0.6781545991061418,0.49811298575584917,-0.21698813069279843,0.10571144538422154,Negative,,False,0.010276340995855837,-0.009130005259127216,7
ETH,2021-08-11,2022-08-10,365,Lagged_Log_ETH_Volume,-0.002986422982817122,0.008131977634043929,-0.36724436750965483,0.7136543460355046,-0.01897902395113215,0.013006177985497906,Negative,,False,0.010276340995855837,-0.009130005259127216,7
ETH,2021-08-11,2022-08-10,365,Lagged_SP500_Return_Aligned,0.41156026560997616,0.37072336962718455,1.1101546309957717,0.2676795907498167,-0.31751588128645714,1.1406364125064095,Positive,,False,0.010276340995855837,-0.009130005259127216,7
ETH,2021-08-11,2022-08-10,365,Lagged_VIX_Change_Aligned,0.0012428496468933521,0.0020606518394504707,0.6031342234041788,0.5468023728168545,-0.002809692561903593,0.005295391855690297,Positive,,False,0.010276340995855837,-0.009130005259127216,7
ETH,2021-08-11,2022-08-10,365,Lagged_Gold_Return_Aligned,-0.028203728008456275,0.295754548914809,-0.09536194155573327,0.9240808490010186,-0.6098438527374317,0.5534363967205191,Negative,,False,0.010276340995855837,-0.009130005259127216,7
ETH,2021-08-11,2022-08-10,365,Lagged_DXY_Return_Aligned,-0.11301273412020249,0.6099342475610731,-0.18528674946865722,0.8531093519906721,-1.3125284579851437,1.0865029897447387,Negative,,False,0.010276340995855837,-0.009130005259127216,7
ETH,2021-08-11,2022-08-10,365,Lagged_US10Y_Change_Aligned,-0.04200425038422905,0.037872080008409297,-1.1091086197246687,0.2681299043989906,-0.11648466470300248,0.03247616393454438,Negative,,False,0.010276340995855837,-0.009130005259127216,7
ETH,2021-08-18,2022-08-17,365,const,0.04852868055819762,0.19357202245121546,0.2507009016265661,0.8021895858103166,-0.3321560990865473,0.4292134602029425,Positive,,False,0.010147048307136752,-0.00926183309860562,7
ETH,2021-08-18,2022-08-17,365,ETH_Lagged_Return,-0.04346482159440922,0.08305075259282271,-0.5233525312829672,0.601053643156458,-0.20679502318951282,0.11986538000069437,Negative,,False,0.010147048307136752,-0.00926183309860562,7
ETH,2021-08-18,2022-08-17,365,Lagged_Log_ETH_Volume,-0.0021014448952058843,0.008233624423468972,-0.2552271985124758,0.7986945991631539,-0.018293947611427795,0.014091057821016028,Negative,,False,0.010147048307136752,-0.00926183309860562,7
ETH,2021-08-18,2022-08-17,365,Lagged_SP500_Return_Aligned,0.37471005230209276,0.3591463382432427,1.0433352992960465,0.297499007990959,-0.3315983434207591,1.0810184480249445,Positive,,False,0.010147048307136752,-0.00926183309860562,7
ETH,2021-08-18,2022-08-17,365,Lagged_VIX_Change_Aligned,0.0011746762048050615,0.002038248128347029,0.5763165870083227,0.5647643722318877,-0.002833806166642261,0.005183158576252384,Positive,,False,0.010147048307136752,-0.00926183309860562,7
ETH,2021-08-18,2022-08-17,365,Lagged_Gold_Return_Aligned,-0.00014307110843647664,0.2977717108090467,-0.00048047246680267905,0.999616906817779,-0.5857502093628771,0.5854640671460042,Negative,,False,0.010147048307136752,-0.00926183309860562,7
ETH,2021-08-18,2022-08-17,365,Lagged_DXY_Return_Aligned,-0.24566734084828173,0.584689376031815,-0.42016727328890974,0.6746160327616963,-1.39553571261358,0.9042010309170165,Negative,,False,0.010147048307136752,-0.00926183309860562,7
ETH,2021-08-18,2022-08-17,365,Lagged_US10Y_Change_Aligned,-0.042145483757583264,0.037650183577600374,-1.1193965009683864,0.2637235935294505,-0.11618950963139049,0.031898542116223956,Negative,,False,0.010147048307136752,-0.00926183309860562,7
ETH,2021-08-25,2022-08-24,365,const,0.050508028113043224,0.19338939259716026,0.2611726911943612,0.7941099364758518,-0.32981758596186794,0.4308336421879544,Positive,,False,0.010166692489288143,-0.009241803736411924,7
ETH,2021-08-25,2022-08-24,365,ETH_Lagged_Return,-0.03758775030969841,0.08210376541761658,-0.45780787420053454,0.6473689871983784,-0.19905557737590746,0.12388007675651064,Negative,,False,0.010166692489288143,-0.009241803736411924,7
ETH,2021-08-25,2022-08-24,365,Lagged_Log_ETH_Volume,-0.0021935209953321405,0.008226907109557716,-0.2666276604465108,0.7899097941597262,-0.018372813232406655,0.013985771241742374,Negative,,False,0.010166692489288143,-0.009241803736411924,7
ETH,2021-08-25,2022-08-24,365,Lagged_SP500_Return_Aligned,0.33525577532999506,0.35734916294935254,0.9381742287095023,0.34878915153405243,-0.36751823938017725,1.0380297900401674,Positive,,False,0.010166692489288143,-0.009241803736411924,7
ETH,2021-08-25,2022-08-24,365,Lagged_VIX_Change_Aligned,0.001136904196821046,0.0020842598794026195,0.5454714203618889,0.5857699730299587,-0.002962066320019709,0.0052358747136618,Positive,,False,0.010166692489288143,-0.009241803736411924,7
ETH,2021-08-25,2022-08-24,365,Lagged_Gold_Return_Aligned,0.00045850330140939644,0.3012764790600563,0.0015218688921215075,0.9987865748114622,-0.5920412215595371,0.5929582281623559,Positive,,False,0.010166692489288143,-0.009241803736411924,7
ETH,2021-08-25,2022-08-24,365,Lagged_DXY_Return_Aligned,-0.41025097796213006,0.5952455968842004,-0.6892129569871319,0.49113696218746544,-1.5808795430559055,0.7603775871316455,Negative,,False,0.010166692489288143,-0.009241803736411924,7
ETH,2021-08-25,2022-08-24,365,Lagged_US10Y_Change_Aligned,-0.03996624905335749,0.03700971662944031,-1.0798853029197562,0.2809222686649504,-0.11275071264154823,0.032818214534833266,Negative,,False,0.010166692489288143,-0.009241803736411924,7
ETH,2021-09-01,2022-08-31,365,const,0.0486480232879936,0.19291167894553982,0.252177698902964,0.8010488341193046,-0.3307381042128893,0.4280341507888765,Positive,,False,0.007286523272759027,-0.012178446859147485,7
ETH,2021-09-01,2022-08-31,365,ETH_Lagged_Return,-0.025540457608873843,0.0832743877131318,-0.3067024364905212,0.7592486812067559,-0.18931046700996934,0.13822955179222168,Negative,,False,0.007286523272759027,-0.012178446859147485,7
ETH,2021-09-01,2022-08-31,365,Lagged_Log_ETH_Volume,-0.002126667873023769,0.008204832407857146,-0.25919699115209477,0.7956326460051937,-0.018262547312906878,0.014009211566859338,Negative,,False,0.007286523272759027,-0.012178446859147485,7
ETH,2021-09-01,2022-08-31,365,Lagged_SP500_Return_Aligned,0.2535751599677649,0.3456632157865566,0.7335902357754633,0.46367998153800283,-0.42621690639948373,0.9333672263350136,Positive,,False,0.007286523272759027,-0.012178446859147485,7
ETH,2021-09-01,2022-08-31,365,Lagged_VIX_Change_Aligned,0.0009424495563205973,0.0020896424348507206,0.4510099625670761,0.6522561859727946,-0.0031671064620236214,0.005052005574664816,Positive,,False,0.007286523272759027,-0.012178446859147485,7
ETH,2021-09-01,2022-08-31,365,Lagged_Gold_Return_Aligned,-0.05148553251426119,0.3047701414438906,-0.16893233789353962,0.8659455364322414,-0.6508560028367749,0.5478849378082526,Negative,,False,0.007286523272759027,-0.012178446859147485,7
ETH,2021-09-01,2022-08-31,365,Lagged_DXY_Return_Aligned,-0.43950013135863925,0.5957850583312908,-0.7376823658344447,0.4611920769703031,-1.6111896181678151,0.7321893554505365,Negative,,False,0.007286523272759027,-0.012178446859147485,7
ETH,2021-09-01,2022-08-31,365,Lagged_US10Y_Change_Aligned,-0.03399339283181339,0.03709104661393041,-0.9164851341521967,0.36003117900227494,-0.10693780250535295,0.038951016841726166,Negative,,False,0.007286523272759027,-0.012178446859147485,7
ETH,2021-09-08,2022-09-07,365,const,0.08952625314703383,0.19250735565935,0.46505367465259023,0.6421765502316029,-0.2890647195625765,0.46811722585664417,Positive,,False,0.0070636908071306515,-0.012405648588807994,7
ETH,2021-09-08,2022-09-07,365,ETH_Lagged_Return,-0.033075459042085684,0.08422935762676594,-0.3926832635795283,0.6947877906659965,-0.19872354207456455,0.13257262399039316,Negative,,False,0.0070636908071306515,-0.012405648588807994,7
ETH,2021-09-08,2022-09-07,365,Lagged_Log_ETH_Volume,-0.0038605903666008605,0.008189188769583076,-0.4714252504399662,0.6376250521012924,-0.019965704539304373,0.01224452380610265,Negative,,False,0.0070636908071306515,-0.012405648588807994,7
ETH,2021-09-08,2022-09-07,365,Lagged_SP500_Return_Aligned,0.272803240193272,0.3414229702535758,0.7990184139944078,0.4248109948931572,-0.3986498269946442,0.9442563073811883,Positive,,False,0.0070636908071306515,-0.012405648588807994,7
ETH,2021-09-08,2022-09-07,365,Lagged_VIX_Change_Aligned,0.0009907072992279766,0.0020642864177730885,0.47992724783643737,0.6315730311937958,-0.0030689827847129405,0.005050397383168894,Positive,,False,0.0070636908071306515,-0.012405648588807994,7
ETH,2021-09-08,2022-09-07,365,Lagged_Gold_Return_Aligned,0.010107197591872952,0.3040941969348313,0.03323706171886919,0.9735041181421961,-0.5879339391667052,0.6081483343504511,Positive,,False,0.0070636908071306515,-0.012405648588807994,7
ETH,2021-09-08,2022-09-07,365,Lagged_DXY_Return_Aligned,-0.39266055210039474,0.59122065690752,-0.6641522881732049,0.5070215607641458,-1.5553735446403316,0.7700524404395421,Negative,,False,0.0070636908071306515,-0.012405648588807994,7
ETH,2021-09-08,2022-09-07,365,Lagged_US10Y_Change_Aligned,-0.026714682422279482,0.03707416215676369,-0.720574137571056,0.4716431214335902,-0.0996258865954862,0.04619652175092724,Negative,,False,0.0070636908071306515,-0.012405648588807994,7
ETH,2021-09-15,2022-09-14,365,const,0.0822563673359602,0.19389014716914996,0.42424212130903005,0.6716447745789266,-0.2990540463059547,0.4635667809778751,Positive,,False,0.006290109444731629,-0.013194398213214775,7
ETH,2021-09-15,2022-09-14,365,ETH_Lagged_Return,-0.02065382588736457,0.08829481153435921,-0.23391890790012393,0.8151820167385421,-0.194297157434427,0.15298950565969782,Negative,,False,0.006290109444731629,-0.013194398213214775,7
ETH,2021-09-15,2022-09-14,365,Lagged_Log_ETH_Volume,-0.0035555271729802774,0.008250798873355501,-0.43093126223961475,0.6667784229209937,-0.019781805698266854,0.012670751352306298,Negative,,False,0.006290109444731629,-0.013194398213214775,7
ETH,2021-09-15,2022-09-14,365,Lagged_SP500_Return_Aligned,0.18838025182199267,0.3360737237727103,0.560532521576712,0.5754678612930783,-0.4725528203168097,0.8493133239607951,Positive,,False,0.006290109444731629,-0.013194398213214775,7
ETH,2021-09-15,2022-09-14,365,Lagged_VIX_Change_Aligned,0.0005694592430758868,0.0020750899765828294,0.2744262897041449,0.7839157709814867,-0.0035114774567384668,0.004650395942890241,Positive,,False,0.006290109444731629,-0.013194398213214775,7
ETH,2021-09-15,2022-09-14,365,Lagged_Gold_Return_Aligned,-0.01471607662017027,0.3079012281352119,-0.047794796757705184,0.9619065094395346,-0.6202442397334109,0.5908120864930704,Negative,,False,0.006290109444731629,-0.013194398213214775,7
ETH,2021-09-15,2022-09-14,365,Lagged_DXY_Return_Aligned,-0.3595752298749638,0.577055929037851,-0.6231202415240726,0.5336033723024259,-1.4944314265850607,0.7752809668351329,Negative,,False,0.006290109444731629,-0.013194398213214775,7
ETH,2021-09-15,2022-09-14,365,Lagged_US10Y_Change_Aligned,-0.03306921995418534,0.03684486302574559,-0.8975259300347515,0.3700432166051567,-0.10552947730119791,0.03939103739282723,Negative,,False,0.006290109444731629,-0.013194398213214775,7
ETH,2021-09-22,2022-09-21,365,const,0.07255741724618886,0.19642141672859056,0.36939666994891196,0.7120510856600981,-0.31373107009798307,0.4588459045903608,Positive,,False,0.00742396798061995,-0.012038307157014927,7
ETH,2021-09-22,2022-09-21,365,ETH_Lagged_Return,-0.03164271924607381,0.08760211338008421,-0.3612095419294711,0.7181564728992473,-0.20392376898773246,0.14063833049558483,Negative,,False,0.00742396798061995,-0.012038307157014927,7
ETH,2021-09-22,2022-09-21,365,Lagged_Log_ETH_Volume,-0.0031457261390654455,0.008361600701086689,-0.37621099733411345,0.7069835145960031,-0.01958991099626893,0.013298458718138041,Negative,,False,0.00742396798061995,-0.012038307157014927,7
ETH,2021-09-22,2022-09-21,365,Lagged_SP500_Return_Aligned,0.31071915676007966,0.32278076716964754,0.9626321899060717,0.3363837046539438,-0.32407157212486004,0.9455098856450194,Positive,,False,0.00742396798061995,-0.012038307157014927,7
ETH,2021-09-22,2022-09-21,365,Lagged_VIX_Change_Aligned,0.0015311131736035512,0.0017845447479629608,0.8579853070937565,0.39147622130885085,-0.001978428213327392,0.005040654560534495,Positive,,False,0.00742396798061995,-0.012038307157014927,7
ETH,2021-09-22,2022-09-21,365,Lagged_Gold_Return_Aligned,0.005978561139835303,0.3078093177301537,0.01942293749884632,0.984514563036701,-0.5993688481028119,0.6113259703824825,Positive,,False,0.00742396798061995,-0.012038307157014927,7
ETH,2021-09-22,2022-09-21,365,Lagged_DXY_Return_Aligned,-0.27116019447562356,0.5869069097240573,-0.4620156791187096,0.6443514993678132,-1.425389637196818,0.8830692482455708,Negative,,False,0.00742396798061995,-0.012038307157014927,7
ETH,2021-09-22,2022-09-21,365,Lagged_US10Y_Change_Aligned,-0.02926103667053849,0.03716496727921045,-0.7873284658293429,0.43161199760805385,-0.10235082103106524,0.04382874768998826,Negative,,False,0.00742396798061995,-0.012038307157014927,7
ETH,2021-09-29,2022-09-28,365,const,0.11473734006089963,0.1928589072351669,0.5949289130887382,0.5522678776683363,-0.26454500494765615,0.4940196850694554,Positive,,False,0.00873137633482457,-0.010705263344884752,7
ETH,2021-09-29,2022-09-28,365,ETH_Lagged_Return,-0.02487189819940975,0.08981881988870884,-0.27691187916104437,0.7820080317993657,-0.20151239213185018,0.1517685957330307,Negative,,False,0.00873137633482457,-0.010705263344884752,7
ETH,2021-09-29,2022-09-28,365,Lagged_Log_ETH_Volume,-0.004936064830924028,0.008211433033820116,-0.6011209992937951,0.5481408752002321,-0.02108492526779426,0.011212795605946204,Negative,,False,0.00873137633482457,-0.010705263344884752,7
ETH,2021-09-29,2022-09-28,365,Lagged_SP500_Return_Aligned,0.341527629882113,0.31784769800723406,1.0745008758073182,0.2833239410792243,-0.28356157125472997,0.966616831018956,Positive,,False,0.00873137633482457,-0.010705263344884752,7
ETH,2021-09-29,2022-09-28,365,Lagged_VIX_Change_Aligned,0.0020320985480807843,0.0017115388285247946,1.187293279131906,0.23590135296105455,-0.0013338671195796512,0.005398064215741219,Positive,,False,0.00873137633482457,-0.010705263344884752,7
ETH,2021-09-29,2022-09-28,365,Lagged_Gold_Return_Aligned,-0.09453984682017225,0.29774766384916024,-0.31751667031740805,0.7510372172614707,-0.6800996935729301,0.4910199999325856,Negative,,False,0.00873137633482457,-0.010705263344884752,7
ETH,2021-09-29,2022-09-28,365,Lagged_DXY_Return_Aligned,-0.3011285331469611,0.5496990969779738,-0.5478061266653803,0.5841673663172671,-1.3821839302755103,0.7799268639815882,Negative,,False,0.00873137633482457,-0.010705263344884752,7
ETH,2021-09-29,2022-09-28,365,Lagged_US10Y_Change_Aligned,-0.028332521474292886,0.03532741280542176,-0.8019981998213196,0.42308751848748266,-0.09780851386694495,0.04114347091835918,Negative,,False,0.00873137633482457,-0.010705263344884752,7
ETH,2021-10-06,2022-10-05,365,const,0.15250047448822782,0.18410978917578888,0.8283126887002171,0.408046841415783,-0.20957558193407536,0.514576530910531,Positive,,False,0.011277799402269362,-0.00810891041337225,7
ETH,2021-10-06,2022-10-05,365,ETH_Lagged_Return,-0.0445999110597544,0.08751770671708271,-0.5096101432814267,0.6106394881322716,-0.2167149640240979,0.12751514190458912,Negative,,False,0.011277799402269362,-0.00810891041337225,7
ETH,2021-10-06,2022-10-05,365,Lagged_Log_ETH_Volume,-0.006572617519497865,0.007844199523609737,-0.837895249823182,0.4026501461922825,-0.021999265075899603,0.008854030036903875,Negative,,False,0.011277799402269362,-0.00810891041337225,7
ETH,2021-10-06,2022-10-05,365,Lagged_SP500_Return_Aligned,0.4047792132697662,0.2966334951189334,1.3645768934741251,0.1732455627333413,-0.178589474491199,0.9881479010307314,Positive,,False,0.011277799402269362,-0.00810891041337225,7
ETH,2021-10-06,2022-10-05,365,Lagged_VIX_Change_Aligned,0.002280011852315952,0.0016439325035993058,1.3869254652024843,0.1663298244644409,-0.0009529971071335279,0.005513020811765431,Positive,,False,0.011277799402269362,-0.00810891041337225,7
ETH,2021-10-06,2022-10-05,365,Lagged_Gold_Return_Aligned,-0.17016303193600046,0.2990917903110871,-0.5689324730679264,0.5697597076500044,-0.7583662797313975,0.41804021585939655,Negative,,False,0.011277799402269362,-0.00810891041337225,7
ETH,2021-10-06,2022-10-05,365,Lagged_DXY_Return_Aligned,-0.25181121738886914,0.5344586858700052,-0.4711518851620206,0.6378200491398532,-1.3028943464651253,0.799271911687387,Negative,,False,0.011277799402269362,-0.00810891041337225,7
ETH,2021-10-06,2022-10-05,365,Lagged_US10Y_Change_Aligned,-0.025464210426108764,0.034493735534579566,-0.7382271021525398,0.46086145786928023,-0.09330066708355211,0.04237224623133459,Negative,,False,0.011277799402269362,-0.00810891041337225,7
ETH,2021-10-13,2022-10-12,365,const,0.15479235448920903,0.17571018126275265,0.8809526765995215,0.378936122583812,-0.1907647709068797,0.5003494798852978,Positive,,False,0.011191885822513625,-0.008196508573123262,7
ETH,2021-10-13,2022-10-12,365,ETH_Lagged_Return,-0.046871057807154004,0.0871945734812102,-0.5375455826646641,0.5912257141446162,-0.21835062686666296,0.12460851125235495,Negative,,False,0.011191885822513625,-0.008196508573123262,7
ETH,2021-10-13,2022-10-12,365,Lagged_Log_ETH_Volume,-0.0066725103044399875,0.0074940550347525215,-0.8903738061032715,0.3738648300004119,-0.021410552783018434,0.00806553217413846,Negative,,False,0.011191885822513625,-0.008196508573123262,7
ETH,2021-10-13,2022-10-12,365,Lagged_SP500_Return_Aligned,0.3978955423427742,0.2887434401243317,1.3780245264496471,0.1690588069557518,-0.16995631706164555,0.9657474017471939,Positive,,False,0.011191885822513625,-0.008196508573123262,7
ETH,2021-10-13,2022-10-12,365,Lagged_VIX_Change_Aligned,0.002203015738871054,0.0016330606886505428,1.3490103302232361,0.1781886548003567,-0.0010086123700520986,0.005414643847794207,Positive,,False,0.011191885822513625,-0.008196508573123262,7
ETH,2021-10-13,2022-10-12,365,Lagged_Gold_Return_Aligned,-0.15548639475648046,0.29325684938962326,-0.5302055010142322,0.5962990725758465,-0.7322144656600962,0.4212416761471352,Negative,,False,0.011191885822513625,-0.008196508573123262,7
ETH,2021-10-13,2022-10-12,365,Lagged_DXY_Return_Aligned,-0.27035914927545596,0.5265578123038034,-0.5134462787525205,0.6079567863432118,-1.3059041738546713,0.7651858753037593,Negative,,False,0.011191885822513625,-0.008196508573123262,7
ETH,2021-10-13,2022-10-12,365,Lagged_US10Y_Change_Aligned,-0.024347428073870803,0.03419882364299136,-0.7119375896679568,0.47696839836451943,-0.09160390180277825,0.04290904565503664,Negative,,False,0.011191885822513625,-0.008196508573123262,7
ETH,2021-10-20,2022-10-19,365,const,0.16662143305577798,0.16912099014192472,0.9852203024352617,0.3251831061009381,-0.16597718347056095,0.4992200495821169,Positive,,False,0.011276670657081933,-0.00811006129081826,7
ETH,2021-10-20,2022-10-19,365,ETH_Lagged_Return,-0.047241011376775464,0.08686569770829736,-0.543839658496901,0.5868912745474342,-0.21807380307891414,0.12359178032536319,Negative,,False,0.011276670657081933,-0.00811006129081826,7
ETH,2021-10-20,2022-10-19,365,Lagged_Log_ETH_Volume,-0.007191771798276645,0.007220267469483001,-0.9960533773399953,0.31989884821430253,-0.021391375107628733,0.007007831511075444,Negative,,False,0.011276670657081933,-0.00811006129081826,7
ETH,2021-10-20,2022-10-19,365,Lagged_SP500_Return_Aligned,0.36062476194905174,0.2750921665889454,1.3109234131261644,0.19072625994620424,-0.18038007694134522,0.9016296008394487,Positive,,False,0.011276670657081933,-0.00811006129081826,7
ETH,2021-10-20,2022-10-19,365,Lagged_VIX_Change_Aligned,0.002111950389283514,0.0015793051508092566,1.3372655615042621,0.18198736769107535,-0.0009939604015135025,0.00521786118008053,Positive,,False,0.011276670657081933,-0.00811006129081826,7
ETH,2021-10-20,2022-10-19,365,Lagged_Gold_Return_Aligned,-0.24873549743853618,0.29329136568073366,-0.8480832596664323,0.3969598511760441,-0.8255314491573085,0.3280604542802361,Negative,,False,0.011276670657081933,-0.00811006129081826,7
ETH,2021-10-20,2022-10-19,365,Lagged_DXY_Return_Aligned,-0.2579944726704393,0.5207238969241046,-0.49545349117719084,0.6205848740106786,-1.2820663372203098,0.7660773918794312,Negative,,False,0.011276670657081933,-0.00811006129081826,7
ETH,2021-10-20,2022-10-19,365,Lagged_US10Y_Change_Aligned,-0.02429456565327532,0.03404161565119422,-0.7136725207818695,0.47589599743237904,-0.09124186923993885,0.04265273793338822,Negative,,False,0.011276670657081933,-0.00811006129081826,7
ETH,2021-10-27,2022-10-26,365,const,0.1678684331291702,0.16047168360209757,1.0460937989870753,0.2962254846985331,-0.14772018725982006,0.4834570535181605,Positive,,False,0.01337830302259635,-0.005967220447548716,7
ETH,2021-10-27,2022-10-26,365,ETH_Lagged_Return,-0.0415989483933474,0.08792418947133455,-0.47312291012827223,0.6364146409990405,-0.2145134030262391,0.1313155062395443,Negative,,False,0.01337830302259635,-0.005967220447548716,7
ETH,2021-10-27,2022-10-26,365,Lagged_Log_ETH_Volume,-0.0072395733167073435,0.006858152629135685,-1.0556156603968332,0.2918576854578018,-0.020727030281468484,0.006247883648053797,Negative,,False,0.01337830302259635,-0.005967220447548716,7
ETH,2021-10-27,2022-10-26,365,Lagged_SP500_Return_Aligned,0.37493990178529946,0.261631853007727,1.4330820099883863,0.15270953226623452,-0.1395934643957255,0.8894732679663244,Positive,,False,0.01337830302259635,-0.005967220447548716,7
ETH,2021-10-27,2022-10-26,365,Lagged_VIX_Change_Aligned,0.0022151541857599022,0.0015212784257133834,1.4561135873080793,0.14624008385523574,-0.0007766394367764175,0.005206947808296222,Positive,,False,0.01337830302259635,-0.005967220447548716,7
ETH,2021-10-27,2022-10-26,365,Lagged_Gold_Return_Aligned,-0.28982301484568673,0.2951627254273416,-0.9819092652233646,0.32680950958609034,-0.8702992410367322,0.2906532113453587,Negative,,False,0.01337830302259635,-0.005967220447548716,7
ETH,2021-10-27,2022-10-26,365,Lagged_DXY_Return_Aligned,-0.30220316597133057,0.5144347930518554,-0.5874469807505192,0.55727490592549,-1.3139066825985384,0.7095003506558771,Negative,,False,0.01337830302259635,-0.005967220447548716,7
ETH,2021-10-27,2022-10-26,365,Lagged_US10Y_Change_Aligned,-0.02834762084200363,0.03348634700974737,-0.8465426471795227,0.3978171872683487,-0.09420291579159201,0.03750767410758476,Negative,,False,0.01337830302259635,-0.005967220447548716,7
ETH,2021-11-03,2022-11-02,365,const,0.18442489916278715,0.15576201108623375,1.1840171931311603,0.23719398963985003,-0.12190153229416162,0.4907513306197359,Positive,,False,0.014395605557524505,-0.0049299708040926316,7
ETH,2021-11-03,2022-11-02,365,ETH_Lagged_Return,-0.03832742875323789,0.08843305523062879,-0.4334061358988668,0.6649815003451677,-0.2122426346671909,0.13558777716071513,Negative,,False,0.014395605557524505,-0.0049299708040926316,7
ETH,2021-11-03,2022-11-02,365,Lagged_Log_ETH_Volume,-0.007956667841409817,0.006655697857394076,-1.195467103809474,0.23269806999954626,-0.02104597093459117,0.005132635251771534,Negative,,False,0.014395605557524505,-0.0049299708040926316,7
ETH,2021-11-03,2022-11-02,365,Lagged_SP500_Return_Aligned,0.3872428562056131,0.2455651173060373,1.576945701628334,0.11569369326760694,-0.09569316619217194,0.8701788786033982,Positive,,False,0.014395605557524505,-0.0049299708040926316,7
ETH,2021-11-03,2022-11-02,365,Lagged_VIX_Change_Aligned,0.0022738864762213463,0.0014739147645251268,1.5427530349449743,0.12377662844812681,-0.0006247602922691419,0.005172533244711834,Positive,,False,0.014395605557524505,-0.0049299708040926316,7
ETH,2021-11-03,2022-11-02,365,Lagged_Gold_Return_Aligned,-0.3265927626128324,0.290938130060777,-1.122550566144792,0.2623828073768802,-0.898760767730173,0.2455752425045083,Negative,,False,0.014395605557524505,-0.0049299708040926316,7
ETH,2021-11-03,2022-11-02,365,Lagged_DXY_Return_Aligned,-0.19178740860173865,0.5060026803637339,-0.3790244914589674,0.7048950017863687,-1.1869080692977585,0.8033332520942811,Negative,,False,0.014395605557524505,-0.0049299708040926316,7
ETH,2021-11-03,2022-11-02,365,Lagged_US10Y_Change_Aligned,-0.02963554693736916,0.03387370751020732,-0.8748834749913026,0.38222551248646836,-0.0962526371345008,0.03698154325976249,Negative,,False,0.014395605557524505,-0.0049299708040926316,7
ETH,2021-11-10,2022-11-09,365,const,0.22909370659926784,0.15901842686420475,1.440673959093461,0.15055326111148565,-0.08363689374102765,0.5418243069395633,Positive,,False,0.015691935951236302,-0.0036082221673667814,7
ETH,2021-11-10,2022-11-09,365,ETH_Lagged_Return,0.019292690943681905,0.10756498473048132,0.17935846866917113,0.8577579917713883,-0.1922479645244064,0.23083334641177022,Positive,,False,0.015691935951236302,-0.0036082221673667814,7
ETH,2021-11-10,2022-11-09,365,Lagged_Log_ETH_Volume,-0.009902369745566847,0.006799697682632919,-1.456295589561055,0.14618981242686657,-0.02327486738848612,0.003470127897352425,Negative,,False,0.015691935951236302,-0.0036082221673667814,7
ETH,2021-11-10,2022-11-09,365,Lagged_SP500_Return_Aligned,0.18577170376348026,0.27452210798168836,0.6767094465698621,0.49902853709021844,-0.3541120400815677,0.7256554476085283,Positive,,False,0.015691935951236302,-0.0036082221673667814,7
ETH,2021-11-10,2022-11-09,365,Lagged_VIX_Change_Aligned,0.001413487359556752,0.0015737093760685601,0.8981883065905887,0.369690524484668,-0.0016814186060226091,0.004508393325136113,Positive,,False,0.015691935951236302,-0.0036082221673667814,7
ETH,2021-11-10,2022-11-09,365,Lagged_Gold_Return_Aligned,-0.5021363921242943,0.31616475018681617,-1.5882111836553277,0.11312381340675005,-1.1239158555621842,0.11964307131359564,Negative,,False,0.015691935951236302,-0.0036082221673667814,7
ETH,2021-11-10,2022-11-09,365,Lagged_DXY_Return_Aligned,-0.0605747797402007,0.5008202084470676,-0.12095114917193468,0.9037977736750588,-1.0455034294491556,0.9243538699687541,Negative,,False,0.015691935951236302,-0.0036082221673667814,7
ETH,2021-11-10,2022-11-09,365,Lagged_US10Y_Change_Aligned,-0.033904986527102256,0.032724947771277955,-1.0360593014256847,0.30087574290137054,-0.09826288997533639,0.03045291692113187,Negative,,False,0.015691935951236302,-0.0036082221673667814,7
ETH,2021-11-17,2022-11-16,365,const,0.1555151313792746,0.1609030235191919,0.9665146619244565,0.33444099601368166,-0.16092177555036183,0.4719520383089111,Positive,,False,0.011332236975149068,-0.008053405437102867,7
ETH,2021-11-17,2022-11-16,365,ETH_Lagged_Return,-0.02294377387243763,0.08630201539277298,-0.26585443883340604,0.7905047791309225,-0.1926680103435169,0.14678046259864166,Negative,,False,0.011332236975149068,-0.008053405437102867,7
ETH,2021-11-17,2022-11-16,365,Lagged_Log_ETH_Volume,-0.0067649063691143894,0.006879843494789488,-0.9832936423972221,0.32612884994755853,-0.020295021267120003,0.006765208528891226,Negative,,False,0.011332236975149068,-0.008053405437102867,7
ETH,2021-11-17,2022-11-16,365,Lagged_SP500_Return_Aligned,0.1257540209351899,0.3031292263076255,0.4148528416971928,0.6784988202738226,-0.47038937447662893,0.7218974163470087,Positive,,False,0.011332236975149068,-0.008053405437102867,7
ETH,2021-11-17,2022-11-16,365,Lagged_VIX_Change_Aligned,0.0007106230601124949,0.001883335694666908,0.377321505733038,0.706158896422045,-0.002993203685315264,0.004414449805540253,Positive,,False,0.011332236975149068,-0.008053405437102867,7
ETH,2021-11-17,2022-11-16,365,Lagged_Gold_Return_Aligned,-0.4845081352757844,0.3034807506176619,-1.5965036803477153,0.11126115422430898,-1.0813428493648138,0.11232657881324515,Negative,,False,0.011332236975149068,-0.008053405437102867,7
ETH,2021-11-17,2022-11-16,365,Lagged_DXY_Return_Aligned,0.11056146003424355,0.5061210101093196,0.21844866706948762,0.8272043707478764,-0.8847919116318499,1.1059148317003369,Positive,,False,0.011332236975149068,-0.008053405437102867,7
ETH,2021-11-17,2022-11-16,365,Lagged_US10Y_Change_Aligned,-0.02870278175869264,0.02978913701161414,-0.963531832006481,0.3359328946627527,-0.08728702815685924,0.029881464639473956,Negative,,False,0.011332236975149068,-0.008053405437102867,7
ETH,2021-11-24,2022-11-23,365,const,0.1307396539235115,0.15996129320944047,0.8173205611205675,0.4142903716532164,-0.1838452167928708,0.4453245246398938,Positive,,False,0.009303817588963037,-0.010121597752429823,7
ETH,2021-11-24,2022-11-23,365,ETH_Lagged_Return,-0.008569865819256502,0.08849937626748326,-0.09683532450392277,0.9229115095559044,-0.18261550075379343,0.16547576911528042,Negative,,False,0.009303817588963037,-0.010121597752429823,7
ETH,2021-11-24,2022-11-23,365,Lagged_Log_ETH_Volume,-0.0057166840305307946,0.006841855760021457,-0.8355458271913154,0.4039693000239823,-0.01917209106395843,0.007738723002896842,Negative,,False,0.009303817588963037,-0.010121597752429823,7
ETH,2021-11-24,2022-11-23,365,Lagged_SP500_Return_Aligned,0.08418548674498832,0.30512882613491044,0.2759014538592507,0.7827833951143028,-0.5158903840834135,0.68426135757339,Positive,,False,0.009303817588963037,-0.010121597752429823,7
ETH,2021-11-24,2022-11-23,365,Lagged_VIX_Change_Aligned,0.0005044662258552927,0.0018810808485703293,0.2681789175827824,0.7887164911305494,-0.003194926068877892,0.004203858520588477,Positive,,False,0.009303817588963037,-0.010121597752429823,7
ETH,2021-11-24,2022-11-23,365,Lagged_Gold_Return_Aligned,-0.40639553782346083,0.2996965105413818,-1.3560235889611605,0.17594873205827505,-0.9957880472936665,0.1829969716467449,Negative,,False,0.009303817588963037,-0.010121597752429823,7
ETH,2021-11-24,2022-11-23,365,Lagged_DXY_Return_Aligned,0.18163225475077321,0.5057276101117392,0.3591503630000388,0.7196949312777619,-0.812947444204281,1.1762119537058275,Positive,,False,0.009303817588963037,-0.010121597752429823,7
ETH,2021-11-24,2022-11-23,365,Lagged_US10Y_Change_Aligned,-0.03441152463483946,0.0291954257675285,-1.178661510499784,0.2393179771990368,-0.09182815997400443,0.023005110704325517,Negative,,False,0.009303817588963037,-0.010121597752429823,7
ETH,2021-12-01,2022-11-30,365,const,0.14201054870796975,0.1509500503859497,0.9407784120964293,0.34745455422886756,-0.1548525306816188,0.4388736280975583,Positive,,False,0.009410222681792035,-0.010013106285231554,7
ETH,2021-12-01,2022-11-30,365,ETH_Lagged_Return,-0.002209158416418125,0.09097256445943246,-0.024283787420362968,0.980639812699783,-0.18111864242351122,0.17670032559067494,Negative,,False,0.009410222681792035,-0.010013106285231554,7
ETH,2021-12-01,2022-11-30,365,Lagged_Log_ETH_Volume,-0.0061993041456928875,0.006463356925653379,-0.9591461862623657,0.33813422798439036,-0.018910343560636207,0.00651173526925043,Negative,,False,0.009410222681792035,-0.010013106285231554,7
ETH,2021-12-01,2022-11-30,365,Lagged_SP500_Return_Aligned,-0.0018417335573308602,0.3396504636072149,-0.005422437931545746,0.9956765704217176,-0.669808933864568,0.6661254667499062,Negative,,False,0.009410222681792035,-0.010013106285231554,7
ETH,2021-12-01,2022-11-30,365,Lagged_VIX_Change_Aligned,-0.0004950692478075122,0.0024495412642868055,-0.2021069230493873,0.8399482563330692,-0.005312413534535437,0.0043222750389204125,Negative,,False,0.009410222681792035,-0.010013106285231554,7
ETH,2021-12-01,2022-11-30,365,Lagged_Gold_Return_Aligned,-0.376856894234196,0.309228304133722,-1.2187011641444985,0.22376233712083513,-0.9849949264166713,0.23128113794827931,Negative,,False,0.009410222681792035,-0.010013106285231554,7
ETH,2021-12-01,2022-11-30,365,Lagged_DXY_Return_Aligned,0.1979740106939848,0.534649823452301,0.37028724598774154,0.7113880645346877,-0.8534850155159414,1.2494330369039108,Positive,,False,0.009410222681792035,-0.010013106285231554,7
ETH,2021-12-01,2022-11-30,365,Lagged_US10Y_Change_Aligned,-0.028941254817335692,0.02884099722848821,-1.0034762178316237,0.31631080952487656,-0.08566085993190628,0.02777835029723489,Negative,,False,0.009410222681792035,-0.010013106285231554,7
ETH,2021-12-08,2022-12-07,365,const,0.12298319199380014,0.14661767234512002,0.838801967230204,0.4021417367697986,-0.16535969755158392,0.4113260815391842,Positive,,False,0.010192081897526184,-0.009215916496639887,7
ETH,2021-12-08,2022-12-07,365,ETH_Lagged_Return,-0.011259628951153913,0.09147652472675398,-0.12308763351895056,0.9021069686409012,-0.191160216945722,0.16864095904341414,Negative,,False,0.010192081897526184,-0.009215916496639887,7
ETH,2021-12-08,2022-12-07,365,Lagged_Log_ETH_Volume,-0.005397791050389894,0.006294013823227332,-0.8576071171737769,0.391684806351142,-0.017775795035858043,0.006980212935078256,Negative,,False,0.010192081897526184,-0.009215916496639887,7
ETH,2021-12-08,2022-12-07,365,Lagged_SP500_Return_Aligned,-0.02840137634472978,0.3425235141803903,-0.08291803385437699,0.9339631863614903,-0.7020188075608944,0.645216054871435,Negative,,False,0.010192081897526184,-0.009215916496639887,7
ETH,2021-12-08,2022-12-07,365,Lagged_VIX_Change_Aligned,-0.0011449414217935855,0.0025675386527120483,-0.44592957562068364,0.6559184409776051,-0.006194343054632257,0.003904460211045086,Negative,,False,0.010192081897526184,-0.009215916496639887,7
ETH,2021-12-08,2022-12-07,365,Lagged_Gold_Return_Aligned,-0.39080420867710153,0.305705524957908,-1.2783681574970247,0.20195012807094187,-0.9920142334063312,0.21040581605212816,Negative,,False,0.010192081897526184,-0.009215916496639887,7
ETH,2021-12-08,2022-12-07,365,Lagged_DXY_Return_Aligned,0.1988830185284759,0.5332148431198509,0.372988526284841,0.7093783422501205,-0.8497539305820027,1.2475199676389543,Positive,,False,0.010192081897526184,-0.009215916496639887,7
ETH,2021-12-08,2022-12-07,365,Lagged_US10Y_Change_Aligned,-0.026734011817736617,0.028567190075878764,-0.935829241403409,0.3499937098754732,-0.08291513924200694,0.0294471156065337,Negative,,False,0.010192081897526184,-0.009215916496639887,7
ETH,2021-12-15,2022-12-14,365,const,0.15708336363858422,0.1320500319976899,1.189574597311209,0.23500418007297783,-0.10261034982556644,0.41677707710273487,Positive,,False,0.011522783279773963,-0.007859122930426565,7
ETH,2021-12-15,2022-12-14,365,ETH_Lagged_Return,-0.00957836410396179,0.092537239111198,-0.10350821135318164,0.917617753998564,-0.19156498610589706,0.17240825789797348,Negative,,False,0.011522783279773963,-0.007859122930426565,7
ETH,2021-12-15,2022-12-14,365,Lagged_Log_ETH_Volume,-0.00683485340272083,0.005683727696406188,-1.2025300591093582,0.22995519116254032,-0.018012649647591014,0.004342942842149355,Negative,,False,0.011522783279773963,-0.007859122930426565,7
ETH,2021-12-15,2022-12-14,365,Lagged_SP500_Return_Aligned,-0.015843532383903763,0.334105719278071,-0.047420715868432765,0.9622044351011864,-0.6729062654732165,0.6412192007054089,Negative,,False,0.011522783279773963,-0.007859122930426565,7
ETH,2021-12-15,2022-12-14,365,Lagged_VIX_Change_Aligned,-0.0009250239402601636,0.002583760409875891,-0.35801459637064276,0.7205439763654444,-0.006006327786926891,0.004156279906406564,Negative,,False,0.011522783279773963,-0.007859122930426565,7
ETH,2021-12-15,2022-12-14,365,Lagged_Gold_Return_Aligned,-0.41216152244139237,0.30498907617498233,-1.3513976553210112,0.17742380102801333,-1.0119625566377906,0.18763951175500593,Negative,,False,0.011522783279773963,-0.007859122930426565,7
ETH,2021-12-15,2022-12-14,365,Lagged_DXY_Return_Aligned,0.15234817132113343,0.5366982127222045,0.2838618942820832,0.776680776381923,-0.9031392811456729,1.2078356237879397,Positive,,False,0.011522783279773963,-0.007859122930426565,7
ETH,2021-12-15,2022-12-14,365,Lagged_US10Y_Change_Aligned,-0.027775132640842456,0.02832096061520992,-0.9807270670729182,0.3273914964333482,-0.08347201752432729,0.027921752242642366,Negative,,False,0.011522783279773963,-0.007859122930426565,7
ETH,2021-12-22,2022-12-21,365,const,0.14933734576980118,0.13009225881772607,1.1479341440218949,0.25176439323804645,-0.1065061498675623,0.40518084140716465,Positive,,False,0.00927524661141288,-0.010150728945226062,7
ETH,2021-12-22,2022-12-21,365,ETH_Lagged_Return,-0.011241007300810388,0.09298400396467475,-0.12089183968761898,0.9038447172461976,-0.19410625100460693,0.17162423640298619,Negative,,False,0.00927524661141288,-0.010150728945226062,7
ETH,2021-12-22,2022-12-21,365,Lagged_Log_ETH_Volume,-0.006526255844085499,0.0056062279027947704,-1.1641081948937688,0.2451575423190577,-0.017551638576507565,0.004499126888336567,Negative,,False,0.00927524661141288,-0.010150728945226062,7
ETH,2021-12-22,2022-12-21,365,Lagged_SP500_Return_Aligned,0.020412263251075702,0.3382384581377511,0.060348735514761,0.9519116560725341,-0.6447780430391788,0.6856025695413303,Positive,,False,0.00927524661141288,-0.010150728945226062,7
ETH,2021-12-22,2022-12-21,365,Lagged_VIX_Change_Aligned,-0.0009287440764713307,0.0026055565024950215,-0.3564474904236337,0.721716038311142,-0.006052912799016086,0.0041954246460734245,Negative,,False,0.00927524661141288,-0.010150728945226062,7
ETH,2021-12-22,2022-12-21,365,Lagged_Gold_Return_Aligned,-0.3244669937091229,0.304892856249197,-1.0642000527684632,0.28795734770887393,-0.92407879879699,0.27514481137874414,Negative,,False,0.00927524661141288,-0.010150728945226062,7
ETH,2021-12-22,2022-12-21,365,Lagged_DXY_Return_Aligned,0.1729574518297048,0.5435705649595582,0.3181876705236474,0.7505286342436664,-0.8960453829944739,1.2419602866538835,Positive,,False,0.00927524661141288,-0.010150728945226062,7
ETH,2021-12-22,2022-12-21,365,Lagged_US10Y_Change_Aligned,-0.02079071302354792,0.02799611020716446,-0.7426286319671432,0.45819490527634493,-0.0758487369578196,0.034267310910723756,Negative,,False,0.00927524661141288,-0.010150728945226062,7
ETH,2021-12-29,2022-12-28,365,const,0.13723282687997668,0.11625138193599649,1.1804834023868358,0.2385939341571291,-0.09139076838599311,0.3658564221459465,Positive,,False,0.009792641458950424,-0.009623189100677942,7
ETH,2021-12-29,2022-12-28,365,ETH_Lagged_Return,-0.01050813558092666,0.09245810660221379,-0.11365293933755567,0.9095768059389134,-0.19233913312141385,0.1713228619595605,Negative,,False,0.009792641458950424,-0.009623189100677942,7
ETH,2021-12-29,2022-12-28,365,Lagged_Log_ETH_Volume,-0.006007760508948882,0.005022535489525903,-1.1961608875591994,0.23242761316603008,-0.01588523552768485,0.003869714509787089,Negative,,False,0.009792641458950424,-0.009623189100677942,7
ETH,2021-12-29,2022-12-28,365,Lagged_SP500_Return_Aligned,0.047120222388945476,0.3349946442324847,0.14065962904244003,0.8882181695681435,-0.6116906982540566,0.7059311430319477,Positive,,False,0.009792641458950424,-0.009623189100677942,7
ETH,2021-12-29,2022-12-28,365,Lagged_VIX_Change_Aligned,-0.0006946366831881254,0.0025947214495588952,-0.2677114660250773,0.7890760255218213,-0.00579749685252774,0.00440822348615149,Negative,,False,0.009792641458950424,-0.009623189100677942,7
ETH,2021-12-29,2022-12-28,365,Lagged_Gold_Return_Aligned,-0.3468607685325482,0.3023495831321811,-1.1472176178953346,0.252059940380623,-0.9414708933472673,0.24774935628217087,Negative,,False,0.009792641458950424,-0.009623189100677942,7
ETH,2021-12-29,2022-12-28,365,Lagged_DXY_Return_Aligned,0.1911880135060094,0.5407701995059204,0.3535476135347141,0.7238866290528123,-0.8723075352334175,1.2546835622454362,Positive,,False,0.009792641458950424,-0.009623189100677942,7
ETH,2021-12-29,2022-12-28,365,Lagged_US10Y_Change_Aligned,-0.023117632998181717,0.027860425335850876,-0.829765975196146,0.40722560851669015,-0.07790881483056775,0.03167354883420432,Negative,,False,0.009792641458950424,-0.009623189100677942,7
ETH,2022-01-05,2023-01-04,365,const,0.1463966430453152,0.10248986976225785,1.4284011032983683,0.1540507190445263,-0.05516313296052125,0.3479564190511516,Positive,,False,0.010592048639789575,-0.008808107269234089,7
ETH,2022-01-05,2023-01-04,365,ETH_Lagged_Return,-0.012684862366357963,0.09261251015212019,-0.13696705062331763,0.8911340490508203,-0.19481951474615591,0.16944979001344,Negative,,False,0.010592048639789575,-0.008808107269234089,7
ETH,2022-01-05,2023-01-04,365,Lagged_Log_ETH_Volume,-0.00640000666457074,0.004442662981995231,-1.4405789254120853,0.1505801078362929,-0.015137086315443088,0.002337072986301607,Negative,,False,0.010592048639789575,-0.008808107269234089,7
ETH,2022-01-05,2023-01-04,365,Lagged_SP500_Return_Aligned,0.05706945847725134,0.3305186760103139,0.1726663653810306,0.8630115303877746,-0.5929388833902804,0.7070778003447831,Positive,,False,0.010592048639789575,-0.008808107269234089,7
ETH,2022-01-05,2023-01-04,365,Lagged_VIX_Change_Aligned,-0.0006451558190508928,0.0025565580678870064,-0.2523532819984463,0.8009132332817144,-0.005672962691130452,0.004382651053028666,Negative,,False,0.010592048639789575,-0.008808107269234089,7
ETH,2022-01-05,2023-01-04,365,Lagged_Gold_Return_Aligned,-0.32288106788117,0.3020889025773517,-1.0688279679472645,0.28586935647183553,-0.9169785301823903,0.2712163944200503,Negative,,False,0.010592048639789575,-0.008808107269234089,7
ETH,2022-01-05,2023-01-04,365,Lagged_DXY_Return_Aligned,0.24455700895482063,0.5302630308914222,0.4611994325602847,0.6449363856745931,-0.7982748141178018,1.287388832027443,Positive,,False,0.010592048639789575,-0.008808107269234089,7
ETH,2022-01-05,2023-01-04,365,Lagged_US10Y_Change_Aligned,-0.025928783046508502,0.02780329402209951,-0.9325795362915974,0.35166737404619247,-0.08060760865452468,0.028750042561507684,Negative,,False,0.010592048639789575,-0.008808107269234089,7
ETH,2022-01-12,2023-01-11,365,const,0.1490627642394531,0.0956234812376417,1.5588510511242015,0.11991765446844703,-0.038993357832574405,0.3371188863114806,Positive,,False,0.01092344581777882,-0.008470212107362762,7
ETH,2022-01-12,2023-01-11,365,ETH_Lagged_Return,-0.012496492152946945,0.09257402591658036,-0.13498918329648635,0.8926965015221415,-0.19455546023425607,0.1695624759283622,Negative,,False,0.01092344581777882,-0.008470212107362762,7
ETH,2022-01-12,2023-01-11,365,Lagged_Log_ETH_Volume,-0.0064927776037987635,0.00415577224106935,-1.562351646616722,0.11909115879026413,-0.014665648971322668,0.0016800937637251401,Negative,,False,0.01092344581777882,-0.008470212107362762,7
ETH,2022-01-12,2023-01-11,365,Lagged_SP500_Return_Aligned,0.05079133449677148,0.32209405899900334,0.1576910007425149,0.8747894441314091,-0.5826488926714863,0.6842315616650294,Positive,,False,0.01092344581777882,-0.008470212107362762,7
ETH,2022-01-12,2023-01-11,365,Lagged_VIX_Change_Aligned,-0.0005599559413425229,0.002535624217708899,-0.220835539206389,0.8253467348401579,-0.005546593650434298,0.004426681767749252,Negative,,False,0.01092344581777882,-0.008470212107362762,7
ETH,2022-01-12,2023-01-11,365,Lagged_Gold_Return_Aligned,-0.3507302517815015,0.30541469339496613,-1.1483738646717063,0.2515831408873272,-0.9513683180838354,0.24990781452083233,Negative,,False,0.01092344581777882,-0.008470212107362762,7
ETH,2022-01-12,2023-01-11,365,Lagged_DXY_Return_Aligned,0.15508777663767126,0.5213371925123271,0.29748074540836483,0.7662725343380845,-0.8701902141534974,1.18036576742884,Positive,,False,0.01092344581777882,-0.008470212107362762,7
ETH,2022-01-12,2023-01-11,365,Lagged_US10Y_Change_Aligned,-0.026020089685690414,0.027331512264829796,-0.952017928373948,0.3417319906595826,-0.07977109456820948,0.027730915196828656,Negative,,False,0.01092344581777882,-0.008470212107362762,7
ETH,2022-01-19,2023-01-18,365,const,0.16795159301592505,0.09657556845399651,1.73906916319036,0.0828845881986013,-0.02197693348506355,0.3578801195169137,Positive,*,False,0.01154464837371505,-0.007836829109153287,7
ETH,2022-01-19,2023-01-18,365,ETH_Lagged_Return,-0.011096994834947468,0.09301498456258388,-0.11930330244242533,0.9051021725987115,-0.194023165949322,0.17182917627942706,Negative,,False,0.01154464837371505,-0.007836829109153287,7
ETH,2022-01-19,2023-01-18,365,Lagged_Log_ETH_Volume,-0.00728710932688323,0.004193208684935558,-1.7378360760013591,0.08310200610098566,-0.015533604373094905,0.000959385719328445,Negative,*,False,0.01154464837371505,-0.007836829109153287,7
ETH,2022-01-19,2023-01-18,365,Lagged_SP500_Return_Aligned,0.06702200066831254,0.3177488534164026,0.21092759249230633,0.8330641186371635,-0.5578728096118185,0.6919168109484436,Positive,,False,0.01154464837371505,-0.007836829109153287,7
ETH,2022-01-19,2023-01-18,365,Lagged_VIX_Change_Aligned,-0.0006191433687594552,0.0025457853986591296,-0.2432032837825055,0.8079876032782253,-0.005625764373381161,0.004387477635862251,Negative,,False,0.01154464837371505,-0.007836829109153287,7
ETH,2022-01-19,2023-01-18,365,Lagged_Gold_Return_Aligned,-0.29536853063910623,0.3021958354939585,-0.9774076805403602,0.3290292138419303,-0.8896762905508993,0.29893922927268685,Negative,,False,0.01154464837371505,-0.007836829109153287,7
ETH,2022-01-19,2023-01-18,365,Lagged_DXY_Return_Aligned,0.20771997399914455,0.530782330919798,0.3913468137478965,0.6957743700128799,-0.8361331207137096,1.2515730687119988,Positive,,False,0.01154464837371505,-0.007836829109153287,7
ETH,2022-01-19,2023-01-18,365,Lagged_US10Y_Change_Aligned,-0.02324966566122377,0.02686741507848345,-0.8653480654282619,0.38742890345652914,-0.07608796253521577,0.029588631212768234,Negative,,False,0.01154464837371505,-0.007836829109153287,7
ETH,2022-01-26,2023-01-25,365,const,0.17817536015429042,0.09895421125337069,1.8005839053991874,0.07261241075069506,-0.01643107949998729,0.3727817998085681,Positive,*,False,0.012048160922395246,-0.007323443765400839,7
ETH,2022-01-26,2023-01-25,365,ETH_Lagged_Return,-0.019959292100511592,0.09338447216259463,-0.21373245078432143,0.8308777164901426,-0.20361210905869348,0.1636935248576703,Negative,,False,0.012048160922395246,-0.007323443765400839,7
ETH,2022-01-26,2023-01-25,365,Lagged_Log_ETH_Volume,-0.007688788657985996,0.004301150472398354,-1.7876121068832704,0.07468672732807034,-0.01614756539167702,0.0007699880757050283,Negative,*,False,0.012048160922395246,-0.007323443765400839,7
ETH,2022-01-26,2023-01-25,365,Lagged_SP500_Return_Aligned,0.06552619618892142,0.30969590993657103,0.2115823751186829,0.8325535953653894,-0.5435314441567793,0.6745838365346222,Positive,,False,0.012048160922395246,-0.007323443765400839,7
ETH,2022-01-26,2023-01-25,365,Lagged_VIX_Change_Aligned,-9.428951514730199e-05,0.002461676598259533,-0.03830296604109859,0.9694675356161943,-0.004935499528341393,0.004746920498046788,Negative,,False,0.012048160922395246,-0.007323443765400839,7
ETH,2022-01-26,2023-01-25,365,Lagged_Gold_Return_Aligned,-0.3179706714108772,0.30649652163380675,-1.0374364763290183,0.30023464698927643,-0.920736294885479,0.2847949520637246,Negative,,False,0.012048160922395246,-0.007323443765400839,7
ETH,2022-01-26,2023-01-25,365,Lagged_DXY_Return_Aligned,0.14109184877594338,0.5373407479253556,0.2625742591096834,0.7930301986717548,-0.9156592334712832,1.19784293102317,Positive,,False,0.012048160922395246,-0.007323443765400839,7
ETH,2022-01-26,2023-01-25,365,Lagged_US10Y_Change_Aligned,-0.027055841832310953,0.026901842665434068,-1.0057244839616417,0.3152293006404889,-0.07996184507309106,0.02585016140846915,Negative,,False,0.012048160922395246,-0.007323443765400839,7
ETH,2022-02-02,2023-02-01,365,const,0.18304311553173552,0.09858696476587817,1.8566665072448645,0.0641821835411097,-0.010841085720545707,0.37692731678401675,Positive,*,False,0.011580484000996316,-0.007800290822513434,7
ETH,2022-02-02,2023-02-01,365,ETH_Lagged_Return,-0.024544755749688514,0.09331493010937995,-0.26303138973493473,0.7926781211093681,-0.20806080913600275,0.15897129763662574,Negative,,False,0.011580484000996316,-0.007800290822513434,7
ETH,2022-02-02,2023-02-01,365,Lagged_Log_ETH_Volume,-0.007914979132227357,0.00428945069155673,-1.8452197498871,0.06583358549313369,-0.016350746711831003,0.0005207884473762883,Negative,*,False,0.011580484000996316,-0.007800290822513434,7
ETH,2022-02-02,2023-02-01,365,Lagged_SP500_Return_Aligned,0.09809026665666701,0.30824742893339574,0.3182192532670297,0.7505046988586381,-0.5081187457492583,0.7042992790625923,Positive,,False,0.011580484000996316,-0.007800290822513434,7
ETH,2022-02-02,2023-02-01,365,Lagged_VIX_Change_Aligned,0.00048558107590297305,0.002466098539370113,0.19690254389713047,0.8440158516580558,-0.0043643252646630515,0.005335487416468997,Positive,,False,0.011580484000996316,-0.007800290822513434,7
ETH,2022-02-02,2023-02-01,365,Lagged_Gold_Return_Aligned,-0.28637504023308064,0.3057670627568634,-0.9365790993021289,0.3496082396355638,-0.887706087117984,0.3149560066518227,Negative,,False,0.011580484000996316,-0.007800290822513434,7
ETH,2022-02-02,2023-02-01,365,Lagged_DXY_Return_Aligned,0.11297380407562352,0.5358386217574456,0.21083550063093923,0.833135926826763,-0.940823149976897,1.166770758128144,Positive,,False,0.011580484000996316,-0.007800290822513434,7
ETH,2022-02-02,2023-02-01,365,Lagged_US10Y_Change_Aligned,-0.023783642998651693,0.027239593642822652,-0.8731276725531636,0.38318039284109845,-0.07735387785086921,0.029786591853565827,Negative,,False,0.011580484000996316,-0.007800290822513434,7
ETH,2022-02-09,2023-02-08,365,const,0.17796230532436202,0.09762947896524503,1.822833709762136,0.069164852064356,-0.01403887447465696,0.369963485123381,Positive,*,False,0.012544086442382363,-0.006817794215610018,7
ETH,2022-02-09,2023-02-08,365,ETH_Lagged_Return,-0.03327851429220918,0.09571657471210838,-0.34767765553983376,0.7282871741335805,-0.2215177168960457,0.15496068831162735,Negative,,False,0.012544086442382363,-0.006817794215610018,7
ETH,2022-02-09,2023-02-08,365,Lagged_Log_ETH_Volume,-0.007717691913975392,0.004253411839123906,-1.8144708779399643,0.07044447670825746,-0.016082584361815117,0.00064720053386433,Negative,*,False,0.012544086442382363,-0.006817794215610018,7
ETH,2022-02-09,2023-02-08,365,Lagged_SP500_Return_Aligned,0.14553307971352344,0.30966558721575294,0.4699685264418043,0.6386644532734244,-0.4634649270232152,0.7545310864502621,Positive,,False,0.012544086442382363,-0.006817794215610018,7
ETH,2022-02-09,2023-02-08,365,Lagged_VIX_Change_Aligned,0.0002865559686180562,0.0024434635611934774,0.11727450049555546,0.9067084800748909,-0.004518835717555659,0.0050919476547917715,Positive,,False,0.012544086442382363,-0.006817794215610018,7
ETH,2022-02-09,2023-02-08,365,Lagged_Gold_Return_Aligned,-0.21773696036983725,0.29543235563529363,-0.7370112183603543,0.46159960227004815,-0.7987434497414808,0.3632695290018063,Negative,,False,0.012544086442382363,-0.006817794215610018,7
ETH,2022-02-09,2023-02-08,365,Lagged_DXY_Return_Aligned,0.27705461860964536,0.5205237670052274,0.5322612264251577,0.594876178000689,-0.746623664196834,1.3007329014161249,Positive,,False,0.012544086442382363,-0.006817794215610018,7
ETH,2022-02-09,2023-02-08,365,Lagged_US10Y_Change_Aligned,-0.028809617939817345,0.027050173254976013,-1.065043749193646,0.2875759266063102,-0.08200733274655261,0.024388096866917917,Negative,,False,0.012544086442382363,-0.006817794215610018,7
ETH,2022-02-16,2023-02-15,365,const,0.1660571842280343,0.0977706427123338,1.6984360501405005,0.09029678926399352,-0.02622161260093464,0.35833598105700326,Positive,*,False,0.011867778294903708,-0.007507363307156956,7
ETH,2022-02-16,2023-02-15,365,ETH_Lagged_Return,-0.029694794681136994,0.09497827589367261,-0.31264828090141444,0.7547304421782689,-0.21648203579049138,0.15709244642821737,Negative,,False,0.011867778294903708,-0.007507363307156956,7
ETH,2022-02-16,2023-02-15,365,Lagged_Log_ETH_Volume,-0.007205197559704837,0.0042603272820482254,-1.6912309976901152,0.09166541187504726,-0.015583690133391535,0.0011732950139818612,Negative,*,False,0.011867778294903708,-0.007507363307156956,7
ETH,2022-02-16,2023-02-15,365,Lagged_SP500_Return_Aligned,0.15037989680807445,0.3058019188969905,0.49175589659635194,0.6231941376825877,-0.4510196992496666,0.7517794928658155,Positive,,False,0.011867778294903708,-0.007507363307156956,7
ETH,2022-02-16,2023-02-15,365,Lagged_VIX_Change_Aligned,0.00047745368908756855,0.002461946116021032,0.19393344394524095,0.8463382962106808,-0.004364286366146416,0.005319193744321553,Positive,,False,0.011867778294903708,-0.007507363307156956,7
ETH,2022-02-16,2023-02-15,365,Lagged_Gold_Return_Aligned,-0.27873710947518443,0.300118726183395,-0.928756139344851,0.353643007625364,-0.8689599614019448,0.31148574245157584,Negative,,False,0.011867778294903708,-0.007507363307156956,7
ETH,2022-02-16,2023-02-15,365,Lagged_DXY_Return_Aligned,0.18149032174240942,0.518769980257525,0.34984738641259655,0.7266595298973971,-0.8387389093202352,1.201719552805054,Positive,,False,0.011867778294903708,-0.007507363307156956,7
ETH,2022-02-16,2023-02-15,365,Lagged_US10Y_Change_Aligned,-0.028791226018973617,0.027566420467196782,-1.044431069795018,0.29699268167331505,-0.08300420870242906,0.025421756664481827,Negative,,False,0.011867778294903708,-0.007507363307156956,7
ETH,2022-02-23,2023-02-22,365,const,0.16243905481031218,0.0982854973950668,1.6527265885156461,0.09926564719871489,-0.03085227130343332,0.3557303809240577,Positive,*,False,0.011433788378854337,-0.007949862829403243,7
ETH,2022-02-23,2023-02-22,365,ETH_Lagged_Return,-0.03319754868805086,0.09456163631211308,-0.35106783239746403,0.7257445443671681,-0.21916541339533638,0.15277031601923466,Negative,,False,0.011433788378854337,-0.007949862829403243,7
ETH,2022-02-23,2023-02-22,365,Lagged_Log_ETH_Volume,-0.0070356527665217106,0.004286014774144804,-1.6415372175019034,0.10156655314460107,-0.015464663163727438,0.0013933576306840167,Negative,,False,0.011433788378854337,-0.007949862829403243,7
ETH,2022-02-23,2023-02-22,365,Lagged_SP500_Return_Aligned,0.1191646448161186,0.30939391122223703,0.3851551064640147,0.700351871403424,-0.4892990754342946,0.7276283650665318,Positive,,False,0.011433788378854337,-0.007949862829403243,7
ETH,2022-02-23,2023-02-22,365,Lagged_VIX_Change_Aligned,0.00019751255859967102,0.0025101151101085584,0.07868665377307295,0.9373259468191492,-0.004738958143489751,0.0051339832606890935,Positive,,False,0.011433788378854337,-0.007949862829403243,7
ETH,2022-02-23,2023-02-22,365,Lagged_Gold_Return_Aligned,-0.2285490871160892,0.30066794191220797,-0.7601378639257232,0.4476738804863425,-0.8198520438330615,0.36275386960088307,Negative,,False,0.011433788378854337,-0.007949862829403243,7
ETH,2022-02-23,2023-02-22,365,Lagged_DXY_Return_Aligned,0.22182079760257023,0.5236044540475024,0.42364192261520794,0.6720820995901183,-0.8079160604721324,1.251557655677273,Positive,,False,0.011433788378854337,-0.007949862829403243,7
ETH,2022-02-23,2023-02-22,365,Lagged_US10Y_Change_Aligned,-0.03156181057758371,0.027213813463173784,-1.159771695366903,0.24691683141359153,-0.08508134532404962,0.02195772416888219,Negative,,False,0.011433788378854337,-0.007949862829403243,7
ETH,2022-03-02,2023-03-01,365,const,0.18119969810584383,0.09894204856037601,1.8313720075774749,0.06787822168843638,-0.013382822016861445,0.37578221822854907,Positive,*,False,0.012402088131335143,-0.006962576807266085,7
ETH,2022-03-02,2023-03-01,365,ETH_Lagged_Return,-0.03737981418254658,0.09457368503174327,-0.3952454022490527,0.6928978488369375,-0.22337137427782947,0.14861174591273632,Negative,,False,0.012402088131335143,-0.006962576807266085,7
ETH,2022-03-02,2023-03-01,365,Lagged_Log_ETH_Volume,-0.00786274429276886,0.004315750069176257,-1.821872019171308,0.0693110208819645,-0.016350233049054464,0.0006247444635167458,Negative,*,False,0.012402088131335143,-0.006962576807266085,7
ETH,2022-03-02,2023-03-01,365,Lagged_SP500_Return_Aligned,0.08504310221024898,0.3090547156444583,0.27517166995142694,0.7833435393637035,-0.5227535454325216,0.6928397498530197,Positive,,False,0.012402088131335143,-0.006962576807266085,7
ETH,2022-03-02,2023-03-01,365,Lagged_VIX_Change_Aligned,-0.0001332921834008826,0.002483972560320653,-0.05366089204450636,0.9572353566468615,-0.005018350131315725,0.004751765764513961,Negative,,False,0.012402088131335143,-0.006962576807266085,7
ETH,2022-03-02,2023-03-01,365,Lagged_Gold_Return_Aligned,-0.20411602927558015,0.327632793155282,-0.6230024391326392,0.5336806941285038,-0.848448903868262,0.4402168453171017,Negative,,False,0.012402088131335143,-0.006962576807266085,7
ETH,2022-03-02,2023-03-01,365,Lagged_DXY_Return_Aligned,0.2126246264647935,0.5414602136207428,0.39268744243085424,0.6947847066131057,-0.8522279255642959,1.277477178493883,Positive,,False,0.012402088131335143,-0.006962576807266085,7
ETH,2022-03-02,2023-03-01,365,Lagged_US10Y_Change_Aligned,-0.02689306560112468,0.026704665613101475,-1.0070549465307954,0.3145904436132834,-0.07941129429800264,0.025625163095753294,Negative,,False,0.012402088131335143,-0.006962576807266085,7
ETH,2022-03-09,2023-03-08,365,const,0.17303390057116472,0.09796859233625912,1.7662180954612245,0.07821385680126869,-0.01963419016510823,0.36570199130743763,Positive,*,False,0.012845959688118191,-0.006510001886624428,7
ETH,2022-03-09,2023-03-08,365,ETH_Lagged_Return,-0.0414217604529671,0.09449106810011157,-0.4383669407682163,0.6613854495624477,-0.22725084351249417,0.14440732260655995,Negative,,False,0.012845959688118191,-0.006510001886624428,7
ETH,2022-03-09,2023-03-08,365,Lagged_Log_ETH_Volume,-0.007509747777378761,0.004281053923053945,-1.7541820104012111,0.0802573099896541,-0.015929002010028993,0.0009095064552714707,Negative,*,False,0.012845959688118191,-0.006510001886624428,7
ETH,2022-03-09,2023-03-08,365,Lagged_SP500_Return_Aligned,0.07727020318017883,0.30393498306280065,0.25423267305893793,0.7994621789489031,-0.5204578186094959,0.6749982249698536,Positive,,False,0.012845959688118191,-0.006510001886624428,7
ETH,2022-03-09,2023-03-08,365,Lagged_VIX_Change_Aligned,-0.0005593285920250613,0.0025200404370778347,-0.22195222893869213,0.8244779828197014,-0.005515318751845796,0.004396661567795673,Negative,,False,0.012845959688118191,-0.006510001886624428,7
ETH,2022-03-09,2023-03-08,365,Lagged_Gold_Return_Aligned,-0.18989824162141894,0.37917180647566195,-0.5008237384168699,0.6168038077253971,-0.9355893480521813,0.5557928648093433,Negative,,False,0.012845959688118191,-0.006510001886624428,7
ETH,2022-03-09,2023-03-08,365,Lagged_DXY_Return_Aligned,0.26282980503726044,0.6087732839288672,0.4317367597687994,0.6661933668485016,-0.9344027315214509,1.4600623415959717,Positive,,False,0.012845959688118191,-0.006510001886624428,7
ETH,2022-03-09,2023-03-08,365,Lagged_US10Y_Change_Aligned,-0.02742582173543081,0.02517629807219848,-1.0893508512165424,0.2767339822985136,-0.07693831513462923,0.022086671663767606,Negative,,False,0.012845959688118191,-0.006510001886624428,7
ETH,2022-03-16,2023-03-15,365,const,0.1657800754071113,0.09706802598948326,1.7078752114014615,0.08852882746830414,-0.02511693344999061,0.3566770842642132,Positive,*,False,0.014503582346666155,-0.004819876823006997,7
ETH,2022-03-16,2023-03-15,365,ETH_Lagged_Return,-0.021157016150032522,0.09613220430695599,-0.22008250307541977,0.8259326963199989,-0.21021360888455423,0.1678995765844892,Negative,,False,0.014503582346666155,-0.004819876823006997,7
ETH,2022-03-16,2023-03-15,365,Lagged_Log_ETH_Volume,-0.007179145880427981,0.004239902838881326,-1.693233584173867,0.0912833449146414,-0.01551747110685086,0.0011591793459948983,Negative,*,False,0.014503582346666155,-0.004819876823006997,7
ETH,2022-03-16,2023-03-15,365,Lagged_SP500_Return_Aligned,0.07065869700221522,0.310421424493122,0.22762184381310577,0.8200705398164689,-0.5398257629096201,0.6811431569140507,Positive,,False,0.014503582346666155,-0.004819876823006997,7
ETH,2022-03-16,2023-03-15,365,Lagged_VIX_Change_Aligned,0.0003872067505299999,0.002545403825754852,0.15211996878930273,0.8791782463721455,-0.004618663840911414,0.005393077341971413,Positive,,False,0.014503582346666155,-0.004819876823006997,7
ETH,2022-03-16,2023-03-15,365,Lagged_Gold_Return_Aligned,-0.23726453086584348,0.39465961624764256,-0.6011877605358127,0.5480964625970748,-1.0134144472814635,0.5388853855497764,Negative,,False,0.014503582346666155,-0.004819876823006997,7
ETH,2022-03-16,2023-03-15,365,Lagged_DXY_Return_Aligned,0.17926143597069838,0.6569857355858696,0.2728543806371097,0.7851229167056804,-1.1127872124556484,1.471310084397045,Positive,,False,0.014503582346666155,-0.004819876823006997,7
ETH,2022-03-16,2023-03-15,365,Lagged_US10Y_Change_Aligned,-0.04955437641729014,0.028575690257962704,-1.734144511294234,0.08375567792737866,-0.10575222056488952,0.006643467730309244,Negative,*,False,0.014503582346666155,-0.004819876823006997,7
ETH,2022-03-23,2023-03-22,365,const,0.17328669413013917,0.09751808939238972,1.7769697418175874,0.07642462494703706,-0.018495423459061605,0.3650688117193399,Positive,*,False,0.01625538071719812,-0.003033729464817503,7
ETH,2022-03-23,2023-03-22,365,ETH_Lagged_Return,-0.025231557334432945,0.09556140059269633,-0.26403503064982675,0.7919052756136198,-0.21316558967292373,0.16270247500405785,Negative,,False,0.01625538071719812,-0.003033729464817503,7
ETH,2022-03-23,2023-03-22,365,Lagged_Log_ETH_Volume,-0.007513743960244423,0.004258173273781868,-1.7645463153196537,0.07849511757167268,-0.01588800039406004,0.0008605124735711961,Negative,*,False,0.01625538071719812,-0.003033729464817503,7
ETH,2022-03-23,2023-03-22,365,Lagged_SP500_Return_Aligned,0.05255084057134131,0.31186668560984737,0.1685041814215567,0.8662820790709866,-0.5607759149511028,0.6658775960937854,Positive,,False,0.01625538071719812,-0.003033729464817503,7
ETH,2022-03-23,2023-03-22,365,Lagged_VIX_Change_Aligned,0.00030273098751230475,0.0024632821286136295,0.12289740748563223,0.9022574947836303,-0.004541636511775708,0.005147098486800317,Positive,,False,0.01625538071719812,-0.003033729464817503,7
ETH,2022-03-23,2023-03-22,365,Lagged_Gold_Return_Aligned,-0.21086938208418793,0.38040792282814123,-0.554324369788306,0.5797039477244691,-0.9589914735059627,0.5372527093375868,Negative,,False,0.01625538071719812,-0.003033729464817503,7
ETH,2022-03-23,2023-03-22,365,Lagged_DXY_Return_Aligned,0.2219421175571174,0.6411191362581704,0.34617921226382514,0.7294119648291704,-1.0389027815242078,1.4827870166384427,Positive,,False,0.01625538071719812,-0.003033729464817503,7
ETH,2022-03-23,2023-03-22,365,Lagged_US10Y_Change_Aligned,-0.05438857341412893,0.028339451755152175,-1.9191822722625875,0.055758208683086036,-0.11012182355042849,0.001344676722170625,Negative,*,False,0.01625538071719812,-0.003033729464817503,7
ETH,2022-03-30,2023-03-29,365,const,0.1838358151564244,0.0987027097641599,1.8625204474697947,0.06335100990466103,-0.010276013821226948,0.3779476441340757,Positive,*,False,0.018790682381928492,-0.0004487160027395465,7
ETH,2022-03-30,2023-03-29,365,ETH_Lagged_Return,-0.03317602612274307,0.09438985425953116,-0.3514787302406823,0.7254365768232974,-0.218806058885071,0.15245400663958486,Negative,,False,0.018790682381928492,-0.0004487160027395465,7
ETH,2022-03-30,2023-03-29,365,Lagged_Log_ETH_Volume,-0.007982610567290709,0.004311539600622742,-1.8514524524227334,0.06493009658769026,-0.01646181888473397,0.0004965977501525526,Negative,*,False,0.018790682381928492,-0.0004487160027395465,7
ETH,2022-03-30,2023-03-29,365,Lagged_SP500_Return_Aligned,0.0221631811028803,0.3109795854805224,0.0712689261214172,0.9432236333481073,-0.5894189756238364,0.633745337829597,Positive,,False,0.018790682381928492,-0.0004487160027395465,7
ETH,2022-03-30,2023-03-29,365,Lagged_VIX_Change_Aligned,0.0003455498869698217,0.002452637026549517,0.1408891259608672,0.8880369948651454,-0.004477882622425249,0.005168982396364893,Positive,,False,0.018790682381928492,-0.0004487160027395465,7
ETH,2022-03-30,2023-03-29,365,Lagged_Gold_Return_Aligned,-0.32503577483524865,0.36943988483439283,-0.8798069406635697,0.37955574619778937,-1.0515877804878488,0.4015162308173516,Negative,,False,0.018790682381928492,-0.0004487160027395465,7
ETH,2022-03-30,2023-03-29,365,Lagged_DXY_Return_Aligned,0.012464722783418564,0.6396704422215103,0.019486163437738114,0.9844641609165491,-1.2455311293998323,1.2704605749666693,Positive,,False,0.018790682381928492,-0.0004487160027395465,7
ETH,2022-03-30,2023-03-29,365,Lagged_US10Y_Change_Aligned,-0.05808824328582323,0.02861916792150129,-2.0296971402226593,0.04312859274488549,-0.11437159196323052,-0.001804894608415951,Negative,**,True,0.018790682381928492,-0.0004487160027395465,7
ETH,2022-04-06,2023-04-05,365,const,0.1846976171593941,0.09885591686998711,1.868351667834955,0.06253196190253706,-0.009715513693307615,0.37911074801209577,Positive,*,False,0.018385387734763836,-0.0008619576037700583,7
ETH,2022-04-06,2023-04-05,365,ETH_Lagged_Return,-0.0310943668173595,0.09410156187175124,-0.33043412031499825,0.7412657957844737,-0.21615743477389832,0.15396870113917932,Negative,,False,0.018385387734763836,-0.0008619576037700583,7
ETH,2022-04-06,2023-04-05,365,Lagged_Log_ETH_Volume,-0.00802229125425938,0.004323129715317034,-1.8556674868755516,0.06432492898691777,-0.016524293052922613,0.00047971054440385484,Negative,*,False,0.018385387734763836,-0.0008619576037700583,7
ETH,2022-04-06,2023-04-05,365,Lagged_SP500_Return_Aligned,-0.00162934908261185,0.3062873820628037,-0.005319674194994278,0.995758505437015,-0.6039836721508114,0.6007249739855878,Negative,,False,0.018385387734763836,-0.0008619576037700583,7
ETH,2022-04-06,2023-04-05,365,Lagged_VIX_Change_Aligned,0.00027550021964821116,0.0024640996684516994,0.11180563155601571,0.9110403573021508,-0.004570475078996162,0.005121475518292584,Positive,,False,0.018385387734763836,-0.0008619576037700583,7
ETH,2022-04-06,2023-04-05,365,Lagged_Gold_Return_Aligned,-0.28874262558133534,0.3862987132528657,-0.7474594547570458,0.4552783064694761,-1.0484497292707522,0.4709644781080815,Negative,,False,0.018385387734763836,-0.0008619576037700583,7
ETH,2022-04-06,2023-04-05,365,Lagged_DXY_Return_Aligned,-0.054267135829884405,0.6698044918781743,-0.08101936682705116,0.9354719514311508,-1.371525550381837,1.2629912787220685,Negative,,False,0.018385387734763836,-0.0008619576037700583,7
ETH,2022-04-06,2023-04-05,365,Lagged_US10Y_Change_Aligned,-0.05615689207030426,0.028330513550104644,-1.98220522797748,0.04822266848912816,-0.11187256405364632,-0.00044122008696220044,Negative,**,True,0.018385387734763836,-0.0008619576037700583,7
ETH,2022-04-13,2023-04-12,365,const,0.18475029771686824,0.1005629054086134,1.8371614957441755,0.06701710401576055,-0.013019850061390587,0.3825204454951271,Positive,*,False,0.016777539236208394,-0.0025013325434737332,7
ETH,2022-04-13,2023-04-12,365,ETH_Lagged_Return,-0.026063437408128252,0.09520028594971304,-0.2737747806965155,0.7844160333812387,-0.21328729042137473,0.16116041560511823,Negative,,False,0.016777539236208394,-0.0025013325434737332,7
ETH,2022-04-13,2023-04-12,365,Lagged_Log_ETH_Volume,-0.008014873977194178,0.004400518761897912,-1.8213475298847315,0.06939084610959953,-0.01666907148973948,0.0006393235353511235,Negative,*,False,0.016777539236208394,-0.0025013325434737332,7
ETH,2022-04-13,2023-04-12,365,Lagged_SP500_Return_Aligned,-0.002027882839206789,0.30743436636276567,-0.006596148840477817,0.9947407571788067,-0.606637901022629,0.6025821353442156,Negative,,False,0.016777539236208394,-0.0025013325434737332,7
ETH,2022-04-13,2023-04-12,365,Lagged_VIX_Change_Aligned,0.00040331114053082683,0.0024727727662010837,0.16310076932399778,0.8705313805190906,-0.004459720942786,0.005266343223847653,Positive,,False,0.016777539236208394,-0.0025013325434737332,7
ETH,2022-04-13,2023-04-12,365,Lagged_Gold_Return_Aligned,-0.26981103867128514,0.3932765816888767,-0.6860592550734032,0.4931210475646224,-1.04324103616692,0.5036189588243496,Negative,,False,0.016777539236208394,-0.0025013325434737332,7
ETH,2022-04-13,2023-04-12,365,Lagged_DXY_Return_Aligned,-0.0536243872856957,0.6718442165009658,-0.07981669852719289,0.9364277657819605,-1.3748941879291434,1.2676454133577522,Negative,,False,0.016777539236208394,-0.0025013325434737332,7
ETH,2022-04-13,2023-04-12,365,Lagged_US10Y_Change_Aligned,-0.050842086623764125,0.028653881762901855,-1.7743524959186965,0.07685705691832448,-0.10719370462489317,0.005509531377364908,Negative,*,False,0.016777539236208394,-0.0025013325434737332,7
ETH,2022-04-20,2023-04-19,365,const,0.1883601369402432,0.10094224479078287,1.8660189034892807,0.06285855835837625,-0.010156031504034907,0.38687630538452134,Positive,*,False,0.01652384069152313,-0.0027600055694272374,7
ETH,2022-04-20,2023-04-19,365,ETH_Lagged_Return,-0.02260718053888911,0.09496201137210279,-0.23806551917170612,0.8119668566690985,-0.2093624353326002,0.164148074254822,Negative,,False,0.01652384069152313,-0.0027600055694272374,7
ETH,2022-04-20,2023-04-19,365,Lagged_Log_ETH_Volume,-0.00817349004822036,0.004418378858110935,-1.8498843830958651,0.06515643033015815,-0.016862811783291166,0.0005158316868504476,Negative,*,False,0.01652384069152313,-0.0027600055694272374,7
ETH,2022-04-20,2023-04-19,365,Lagged_SP500_Return_Aligned,-0.004508837125506364,0.3076813050557107,-0.014654244672714081,0.9883162088496238,-0.6096044926480396,0.600586818397027,Negative,,False,0.01652384069152313,-0.0027600055694272374,7
ETH,2022-04-20,2023-04-19,365,Lagged_VIX_Change_Aligned,0.0004140471591840965,0.002502448097525073,0.16545684187959386,0.8686780706577896,-0.00450734535671438,0.005335439675082572,Positive,,False,0.01652384069152313,-0.0027600055694272374,7
ETH,2022-04-20,2023-04-19,365,Lagged_Gold_Return_Aligned,-0.3025724152511323,0.38807673107484053,-0.7796716242509817,0.43610075274003957,-1.0657762242711633,0.4606313937688986,Negative,,False,0.01652384069152313,-0.0027600055694272374,7
ETH,2022-04-20,2023-04-19,365,Lagged_DXY_Return_Aligned,-0.17097221934990675,0.6804358549755349,-0.25126868036084615,0.8017509550249149,-1.5091386043140713,1.1671941656142577,Negative,,False,0.01652384069152313,-0.0027600055694272374,7
ETH,2022-04-20,2023-04-19,365,Lagged_US10Y_Change_Aligned,-0.04825946822645485,0.029442578797648694,-1.6391046639674405,0.10207236731331107,-0.10616216242690774,0.009643225973998047,Negative,,False,0.01652384069152313,-0.0027600055694272374,7
ETH,2022-04-27,2023-04-26,365,const,0.1761325461900212,0.10070916513382396,1.7489227118105233,0.08116379188263473,-0.021925240527778667,0.37419033290782105,Positive,*,False,0.016864454643081173,-0.0024127129129367653,7
ETH,2022-04-27,2023-04-26,365,ETH_Lagged_Return,-0.019409410959017097,0.09487046450410506,-0.20458855198476705,0.8380101886620928,-0.20598462682546193,0.16716580490742772,Negative,,False,0.016864454643081173,-0.0024127129129367653,7
ETH,2022-04-27,2023-04-26,365,Lagged_Log_ETH_Volume,-0.007643653417135304,0.004409329841844511,-1.73351817425793,0.08386699826152545,-0.016315179074447746,0.0010278722401771394,Negative,*,False,0.016864454643081173,-0.0024127129129367653,7
ETH,2022-04-27,2023-04-26,365,Lagged_SP500_Return_Aligned,-0.012288775722757564,0.3103193845849907,-0.03960041277857038,0.9684338343302501,-0.6225725607671714,0.5979950093216563,Negative,,False,0.016864454643081173,-0.0024127129129367653,7
ETH,2022-04-27,2023-04-26,365,Lagged_VIX_Change_Aligned,0.0002552193931767587,0.0027060547197470105,0.0943142026339435,0.9249124796127666,-0.005066592259398885,0.005577031045752402,Positive,,False,0.016864454643081173,-0.0024127129129367653,7
ETH,2022-04-27,2023-04-26,365,Lagged_Gold_Return_Aligned,-0.3611674486055257,0.37737760596121006,-0.9570452589140899,0.3391920568461724,-1.1033300243176778,0.3809951271066265,Negative,,False,0.016864454643081173,-0.0024127129129367653,7
ETH,2022-04-27,2023-04-26,365,Lagged_DXY_Return_Aligned,-0.19122291283131992,0.6705838010739992,-0.2851588608687826,0.7756877970214875,-1.510013941165631,1.1275681155029913,Negative,,False,0.016864454643081173,-0.0024127129129367653,7
ETH,2022-04-27,2023-04-26,365,Lagged_US10Y_Change_Aligned,-0.05235508272469102,0.029301824638773035,-1.7867516228123637,0.07482602905358762,-0.10998096540415478,0.005270799954772747,Negative,*,False,0.016864454643081173,-0.0024127129129367653,7
ETH,2022-05-04,2023-05-03,365,const,0.16746846743308286,0.10239450364816226,1.6355220394301753,0.10282098596848471,-0.03390375859693409,0.3688406934630998,Positive,,False,0.014898056035432261,-0.004417668356029747,7
ETH,2022-05-04,2023-05-03,365,ETH_Lagged_Return,-0.021134963813983998,0.09481330139971636,-0.2229113795424407,0.8237319639400227,-0.20759776093559956,0.16532783330763157,Negative,,False,0.014898056035432261,-0.004417668356029747,7
ETH,2022-05-04,2023-05-03,365,Lagged_Log_ETH_Volume,-0.007273318856507665,0.004486541706580081,-1.62114147871186,0.10587014809231568,-0.016096691776356347,0.0015500540633410177,Negative,,False,0.014898056035432261,-0.004417668356029747,7
ETH,2022-05-04,2023-05-03,365,Lagged_SP500_Return_Aligned,0.02807020614900886,0.31607011390450734,0.08881006116728128,0.929282660544728,-0.5935231426230273,0.6496635549210451,Positive,,False,0.014898056035432261,-0.004417668356029747,7
ETH,2022-05-04,2023-05-03,365,Lagged_VIX_Change_Aligned,0.0003607977941884782,0.0028698046532185605,0.12572207442197647,0.9000226973994654,-0.005283049587265129,0.006004645175642085,Positive,,False,0.014898056035432261,-0.004417668356029747,7
ETH,2022-05-04,2023-05-03,365,Lagged_Gold_Return_Aligned,-0.3620547971735691,0.3787635489956177,-0.9558860617227928,0.3397766309133064,-1.1069430117046606,0.38283341735752247,Negative,,False,0.014898056035432261,-0.004417668356029747,7
ETH,2022-05-04,2023-05-03,365,Lagged_DXY_Return_Aligned,-0.17922825141175378,0.6770237099500895,-0.2647296524149303,0.7913705079671775,-1.5106842054950562,1.1522277026715486,Negative,,False,0.014898056035432261,-0.004417668356029747,7
ETH,2022-05-04,2023-05-03,365,Lagged_US10Y_Change_Aligned,-0.0465434870364779,0.029732839857711486,-1.565389894110852,0.11837746418571726,-0.10501701769506255,0.011930043622106756,Negative,,False,0.014898056035432261,-0.004417668356029747,7
ETH,2022-05-11,2023-05-10,365,const,0.15028882643124442,0.10286469874412141,1.4610340405029694,0.14488565815783874,-0.05200809994662553,0.35258575280911436,Positive,,False,0.011240172952466154,-0.008147274636701063,7
ETH,2022-05-11,2023-05-10,365,ETH_Lagged_Return,-0.024574634462043714,0.09373213946140023,-0.26217938268830165,0.7933343627641898,-0.20891118477879425,0.1597619158547068,Negative,,False,0.011240172952466154,-0.008147274636701063,7
ETH,2022-05-11,2023-05-10,365,Lagged_Log_ETH_Volume,-0.006517662429068833,0.0045108432037914295,-1.444887825759637,0.1493665363765349,-0.01538882743164616,0.0023535025735084945,Negative,,False,0.011240172952466154,-0.008147274636701063,7
ETH,2022-05-11,2023-05-10,365,Lagged_SP500_Return_Aligned,0.020428063918204842,0.31589789998031714,0.06466666577865085,0.9484755986837594,-0.6008266035766926,0.6416827314131023,Positive,,False,0.011240172952466154,-0.008147274636701063,7
ETH,2022-05-11,2023-05-10,365,Lagged_VIX_Change_Aligned,0.0004031757743188756,0.0028649764552751405,0.14072568504935803,0.8881660215238171,-0.0052311763223983464,0.006037527871036098,Positive,,False,0.011240172952466154,-0.008147274636701063,7
ETH,2022-05-11,2023-05-10,365,Lagged_Gold_Return_Aligned,-0.24220747395252565,0.38923099934474575,-0.6222717983929129,0.5341603909294299,-1.0076813029703615,0.5232663550653102,Negative,,False,0.011240172952466154,-0.008147274636701063,7
ETH,2022-05-11,2023-05-10,365,Lagged_DXY_Return_Aligned,-0.12407335535855035,0.6861956354518737,-0.18081338462149435,0.8566166594723247,-1.4735671043377794,1.2254203936206784,Negative,,False,0.011240172952466154,-0.008147274636701063,7
ETH,2022-05-11,2023-05-10,365,Lagged_US10Y_Change_Aligned,-0.04036274169044425,0.030697246295231857,-1.314865226094033,0.18939919530350657,-0.10073290414274766,0.020007420761859157,Negative,,False,0.011240172952466154,-0.008147274636701063,7
ETH,2022-05-18,2023-05-17,365,const,0.11604337642008913,0.1026227554900675,1.1307762675630024,0.2589083493380943,-0.0857777368046726,0.31786448964485087,Positive,,False,0.009049677313128224,-0.01038072117092792,7
ETH,2022-05-18,2023-05-17,365,ETH_Lagged_Return,-0.01463127801260097,0.09737716495743982,-0.15025368646741558,0.8806493255118176,-0.20613624921057166,0.17687369318536972,Negative,,False,0.009049677313128224,-0.01038072117092792,7
ETH,2022-05-18,2023-05-17,365,Lagged_Log_ETH_Volume,-0.005030886683374694,0.004504290754830474,-1.116909843792719,0.2647840066571571,-0.013889165435360394,0.0038273920686110064,Negative,,False,0.009049677313128224,-0.01038072117092792,7
ETH,2022-05-18,2023-05-17,365,Lagged_SP500_Return_Aligned,-0.053525868920945005,0.316982858585384,-0.16886045245417278,0.8660020386405654,-0.676914249864012,0.569862512022122,Negative,,False,0.009049677313128224,-0.01038072117092792,7
ETH,2022-05-18,2023-05-17,365,Lagged_VIX_Change_Aligned,-0.00028392892045254656,0.0028998185754994803,-0.09791264972624748,0.9220566041221216,-0.005986802618029218,0.005418944777124125,Negative,,False,0.009049677313128224,-0.01038072117092792,7
ETH,2022-05-18,2023-05-17,365,Lagged_Gold_Return_Aligned,-0.2153707895228709,0.39304969886515845,-0.5479479825190174,0.5840700586298537,-0.9883545921776468,0.5576130131319049,Negative,,False,0.009049677313128224,-0.01038072117092792,7
ETH,2022-05-18,2023-05-17,365,Lagged_DXY_Return_Aligned,-0.11308477199215664,0.6857880264242318,-0.16489755964651656,0.8691179423813791,-1.4617769043384437,1.2356073603541304,Negative,,False,0.009049677313128224,-0.01038072117092792,7
ETH,2022-05-18,2023-05-17,365,Lagged_US10Y_Change_Aligned,-0.04069133307179786,0.030187041878717586,-1.347973519077601,0.17852159592237446,-0.10005811159797909,0.01867544545438337,Negative,,False,0.009049677313128224,-0.01038072117092792,7
ETH,2022-05-25,2023-05-24,365,const,0.10715037560478187,0.10207289754998007,1.0497436457343206,0.29454608924799996,-0.09358936983703568,0.3078901210465994,Positive,,False,0.007745196374718266,-0.011710780166953816,7
ETH,2022-05-25,2023-05-24,365,ETH_Lagged_Return,-0.016112140798320688,0.09717805301380744,-0.16580020178045152,0.868408040610895,-0.20722553223478202,0.17500125063814065,Negative,,False,0.007745196374718266,-0.011710780166953816,7
ETH,2022-05-25,2023-05-24,365,Lagged_Log_ETH_Volume,-0.004646680663301832,0.00448632684463645,-1.0357427856280892,0.3010232151685858,-0.01346963102894754,0.004176269702343876,Negative,,False,0.007745196374718266,-0.011710780166953816,7
ETH,2022-05-25,2023-05-24,365,Lagged_SP500_Return_Aligned,-0.06106925587061801,0.3240214592520864,-0.1884728746410174,0.8506130676337422,-0.6982999685198916,0.5761614567786555,Negative,,False,0.007745196374718266,-0.011710780166953816,7
ETH,2022-05-25,2023-05-24,365,Lagged_VIX_Change_Aligned,-0.000655090544790823,0.0029363066286316806,-0.22310018252286387,0.8235851334632823,-0.006429722786243835,0.005119541696662189,Negative,,False,0.007745196374718266,-0.011710780166953816,7
ETH,2022-05-25,2023-05-24,365,Lagged_Gold_Return_Aligned,-0.2109901932412784,0.39200002308264464,-0.5382402571869128,0.5907465990205221,-0.9819096707476956,0.5599292842651388,Negative,,False,0.007745196374718266,-0.011710780166953816,7
ETH,2022-05-25,2023-05-24,365,Lagged_DXY_Return_Aligned,-0.20344905968924898,0.7042593500385048,-0.28888371830366977,0.7728380358530024,-1.5884674734413031,1.1815693540628054,Negative,,False,0.007745196374718266,-0.011710780166953816,7
ETH,2022-05-25,2023-05-24,365,Lagged_US10Y_Change_Aligned,-0.03473334967355671,0.030493209602778754,-1.139051943892176,0.2554452182505259,-0.09470224719964626,0.025235547852532854,Negative,,False,0.007745196374718266,-0.011710780166953816,7
ETH,2022-06-01,2023-05-31,365,const,0.10630511437056543,0.10291849790545621,1.0329058092960146,0.3023471888878314,-0.09609761511675423,0.3087078438578851,Positive,,False,0.0084181216437893,-0.011024660284763677,7
ETH,2022-06-01,2023-05-31,365,ETH_Lagged_Return,-0.017949898948615185,0.09966843253461775,-0.1800961296585121,0.8571792842288517,-0.21396094846141545,0.1780611505641851,Negative,,False,0.0084181216437893,-0.011024660284763677,7
ETH,2022-06-01,2023-05-31,365,Lagged_Log_ETH_Volume,-0.004608128524599478,0.004529413903593943,-1.017378544483002,0.30966235964378264,-0.013515815244895337,0.004299558195696381,Negative,,False,0.0084181216437893,-0.011024660284763677,7
ETH,2022-06-01,2023-05-31,365,Lagged_SP500_Return_Aligned,-0.07914758888939556,0.3338288654136759,-0.23709030910588577,0.812722721664532,-0.7356658525299397,0.5773706747511486,Negative,,False,0.0084181216437893,-0.011024660284763677,7
ETH,2022-06-01,2023-05-31,365,Lagged_VIX_Change_Aligned,-0.0006293096817994949,0.0030092179598373114,-0.20912731819316854,0.8344681267724535,-0.006547331622353346,0.005288712258754356,Negative,,False,0.0084181216437893,-0.011024660284763677,7
ETH,2022-06-01,2023-05-31,365,Lagged_Gold_Return_Aligned,-0.26237127805352756,0.38990780925142976,-0.6729059327055924,0.5014424725769981,-1.029176142553272,0.5044335864462168,Negative,,False,0.0084181216437893,-0.011024660284763677,7
ETH,2022-06-01,2023-05-31,365,Lagged_DXY_Return_Aligned,-0.25612444951240365,0.6943986118984699,-0.36884355055400425,0.7124629852552983,-1.6217504279401855,1.1095015289153785,Negative,,False,0.0084181216437893,-0.011024660284763677,7
ETH,2022-06-01,2023-05-31,365,Lagged_US10Y_Change_Aligned,-0.03508452691843991,0.030376985256978427,-1.154970666826789,0.2488749138849018,-0.09482485401937156,0.024655800182491736,Negative,,False,0.0084181216437893,-0.011024660284763677,7
ETH,2022-06-08,2023-06-07,365,const,0.08353008180673407,0.10409385442859356,0.802449695664158,0.42282673720673414,-0.12118414049524234,0.2882443041087105,Positive,,False,0.006735620334581416,-0.012740151815720857,7
ETH,2022-06-08,2023-06-07,365,ETH_Lagged_Return,-0.01940883041546135,0.10032966885149114,-0.1934505579221085,0.8467161393582999,-0.21672028790248468,0.177902627071562,Negative,,False,0.006735620334581416,-0.012740151815720857,7
ETH,2022-06-08,2023-06-07,365,Lagged_Log_ETH_Volume,-0.0036184966455567137,0.004584833936651013,-0.7892317792866105,0.43050038431712634,-0.012635174132209586,0.0053981808410961596,Negative,,False,0.006735620334581416,-0.012740151815720857,7
ETH,2022-06-08,2023-06-07,365,Lagged_SP500_Return_Aligned,-0.0851510621747703,0.3451740319514119,-0.24669023244122984,0.8052897564782964,-0.7639810843471521,0.5936789599976114,Negative,,False,0.006735620334581416,-0.012740151815720857,7
ETH,2022-06-08,2023-06-07,365,Lagged_VIX_Change_Aligned,-0.0006458748086914778,0.0030841710053553712,-0.2094160173252317,0.834242938652982,-0.00671130174742339,0.005419552130040434,Negative,,False,0.006735620334581416,-0.012740151815720857,7
ETH,2022-06-08,2023-06-07,365,Lagged_Gold_Return_Aligned,-0.22230945296193694,0.3899874665152722,-0.5700425579016168,0.5690073877517712,-0.9892709739224084,0.5446520679985345,Negative,,False,0.006735620334581416,-0.012740151815720857,7
ETH,2022-06-08,2023-06-07,365,Lagged_DXY_Return_Aligned,-0.3099403268967271,0.6994776251533525,-0.4431025607556442,0.6579599369017114,-1.6855548512789487,1.0656741974854944,Negative,,False,0.006735620334581416,-0.012740151815720857,7
ETH,2022-06-08,2023-06-07,365,Lagged_US10Y_Change_Aligned,-0.03135925234966077,0.03072474352071943,-1.0206513954628604,0.3081107769547338,-0.09178349170364153,0.02906498700431999,Negative,,False,0.006735620334581416,-0.012740151815720857,7
ETH,2022-06-15,2023-06-14,365,const,-0.011943024766655277,0.09014195544473726,-0.13249129894876877,0.8946703480128837,-0.18921900716682127,0.16533295763351075,Negative,,False,0.006771183749401999,-0.01270389107904113,7
ETH,2022-06-15,2023-06-14,365,ETH_Lagged_Return,-0.02500422689102231,0.10612522698946891,-0.23561058572344484,0.813869958885134,-0.2337134098589085,0.1837049560768639,Negative,,False,0.006771183749401999,-0.01270389107904113,7
ETH,2022-06-15,2023-06-14,365,Lagged_Log_ETH_Volume,0.0005618105339560359,0.003967291824311238,0.14161058949919117,0.8874674789302965,-0.007240389364559506,0.008364010432471577,Positive,,False,0.006771183749401999,-0.01270389107904113,7
ETH,2022-06-15,2023-06-14,365,Lagged_SP500_Return_Aligned,-0.25126808736939343,0.3267420417318979,-0.7690105810612727,0.44239548478923657,-0.893849182417515,0.3913130076787281,Negative,,False,0.006771183749401999,-0.01270389107904113,7
ETH,2022-06-15,2023-06-14,365,Lagged_VIX_Change_Aligned,-0.0009639509391505411,0.0031279396111932316,-0.30817440838725707,0.758129356104339,-0.007115454583894774,0.005187552705593692,Negative,,False,0.006771183749401999,-0.01270389107904113,7
ETH,2022-06-15,2023-06-14,365,Lagged_Gold_Return_Aligned,0.17620210055066352,0.2526376817515444,0.6974497997648222,0.48597529984100135,-0.3206430477805434,0.6730472488818704,Positive,,False,0.006771183749401999,-0.01270389107904113,7
ETH,2022-06-15,2023-06-14,365,Lagged_DXY_Return_Aligned,0.13966519069177585,0.590357448609608,0.23657733297125508,0.8131203891540444,-1.0213501894736199,1.3006805708571716,Positive,,False,0.006771183749401999,-0.01270389107904113,7
ETH,2022-06-15,2023-06-14,365,Lagged_US10Y_Change_Aligned,-0.010682517135549886,0.02744251962809733,-0.3892688164323101,0.6973093934542095,-0.06465183256258525,0.043286798291485476,Negative,,False,0.006771183749401999,-0.01270389107904113,7
ETH,2022-06-22,2023-06-21,365,const,-0.004056631322208543,0.08141188119242629,-0.049828492632669065,0.9602869270362595,-0.16416377728134995,0.15605051463693287,Negative,,False,0.013392434921928875,-0.005952811452150986,7
ETH,2022-06-22,2023-06-21,365,ETH_Lagged_Return,0.0811900321065547,0.06548383252217548,1.239848508852326,0.21584577793909898,-0.04759251631301531,0.20997258052612472,Positive,,False,0.013392434921928875,-0.005952811452150986,7
ETH,2022-06-22,2023-06-21,365,Lagged_Log_ETH_Volume,0.00024481680681041277,0.003581823344191695,0.06834977141109125,0.9455454702121289,-0.006799308750402603,0.007288942364023429,Positive,,False,0.013392434921928875,-0.005952811452150986,7
ETH,2022-06-22,2023-06-21,365,Lagged_SP500_Return_Aligned,-0.37752585693649876,0.31649773248701274,-1.1928232596484407,0.2337307714200156,-0.9999601737564567,0.24490845988345922,Negative,,False,0.013392434921928875,-0.005952811452150986,7
ETH,2022-06-22,2023-06-21,365,Lagged_VIX_Change_Aligned,-0.0011266154518246915,0.003123254917702686,-0.36071837922643046,0.718523327558427,-0.0072689060321675285,0.005015675128518146,Negative,,False,0.013392434921928875,-0.005952811452150986,7
ETH,2022-06-22,2023-06-21,365,Lagged_Gold_Return_Aligned,0.07304615960183546,0.2430813821332005,0.3005008403391774,0.763970072426973,-0.40500527170166795,0.5510975909053388,Positive,,False,0.013392434921928875,-0.005952811452150986,7
ETH,2022-06-22,2023-06-21,365,Lagged_DXY_Return_Aligned,0.05979299212621125,0.6283323534266023,0.09516140908570273,0.9242400129027961,-1.175905020835104,1.2954910050875266,Positive,,False,0.013392434921928875,-0.005952811452150986,7
ETH,2022-06-22,2023-06-21,365,Lagged_US10Y_Change_Aligned,-0.018984509704681417,0.026672025055603687,-0.7117760899333306,0.4770682926240547,-0.07143854646265635,0.03346952705329351,Negative,,False,0.013392434921928875,-0.005952811452150986,7
ETH,2022-06-29,2023-06-28,365,const,-0.005698343087883074,0.08355149093194371,-0.06820157275858332,0.9456633569942623,-0.1700133123259243,0.15861662615015812,Negative,,False,0.0108502512885853,-0.008544841823403093,7
ETH,2022-06-29,2023-06-28,365,ETH_Lagged_Return,0.07741167992009892,0.06739597741962179,1.1486097966666056,0.2514859276741417,-0.055131352322057736,0.20995471216225559,Positive,,False,0.0108502512885853,-0.008544841823403093,7
ETH,2022-06-29,2023-06-28,365,Lagged_Log_ETH_Volume,0.0003044801686091774,0.003679099308871684,0.08275943187370938,0.9340892094911611,-0.006930951336178285,0.0075399116733966395,Positive,,False,0.0108502512885853,-0.008544841823403093,7
ETH,2022-06-29,2023-06-28,365,Lagged_SP500_Return_Aligned,-0.3345906466927464,0.32611030336350544,-1.0260045243642246,0.30558413397961043,-0.9759293453525921,0.3067480519670993,Negative,,False,0.0108502512885853,-0.008544841823403093,7
ETH,2022-06-29,2023-06-28,365,Lagged_VIX_Change_Aligned,-0.0005757775125669056,0.003120964310580087,-0.1844870544065552,0.8537361348643371,-0.006713563313465497,0.005562008288331685,Negative,,False,0.0108502512885853,-0.008544841823403093,7
ETH,2022-06-29,2023-06-28,365,Lagged_Gold_Return_Aligned,0.0878914868100228,0.23713026849781788,0.3706464272435621,0.7111207212132725,-0.37845629871741077,0.5542392723374564,Positive,,False,0.0108502512885853,-0.008544841823403093,7
ETH,2022-06-29,2023-06-28,365,Lagged_DXY_Return_Aligned,-0.04588703267012967,0.6161142452877041,-0.07447812320700685,0.9406716622922752,-1.2575565329071727,1.1657824675669133,Negative,,False,0.0108502512885853,-0.008544841823403093,7
ETH,2022-06-29,2023-06-28,365,Lagged_US10Y_Change_Aligned,-0.00424986956900238,0.025191357159766812,-0.16870347802419547,0.8661254234851499,-0.05379197863972196,0.045292239501717194,Negative,,False,0.0108502512885853,-0.008544841823403093,7
ETH,2022-07-06,2023-07-05,365,const,-0.010789409507290557,0.0845173475820709,-0.12765911160207033,0.898490626666075,-0.17700386257241607,0.15542504355783493,Negative,,False,0.012010679489687481,-0.00736166012816164,7
ETH,2022-07-06,2023-07-05,365,ETH_Lagged_Return,0.0765847439861384,0.06941425395966368,1.1032999653160787,0.2706400706018272,-0.05992749387870394,0.21309698185098075,Positive,,False,0.012010679489687481,-0.00736166012816164,7
ETH,2022-07-06,2023-07-05,365,Lagged_Log_ETH_Volume,0.0005309639307342393,0.003722425184494076,0.14263924845178694,0.8866555670442163,-0.006789673593008687,0.007851601454477166,Positive,,False,0.012010679489687481,-0.00736166012816164,7
ETH,2022-07-06,2023-07-05,365,Lagged_SP500_Return_Aligned,-0.32967281811149135,0.3227648773591331,-1.021402393001615,0.3077554762742643,-0.9644322975992419,0.3050866613762592,Negative,,False,0.012010679489687481,-0.00736166012816164,7
ETH,2022-07-06,2023-07-05,365,Lagged_VIX_Change_Aligned,-0.0005603162390729435,0.0031909778203942124,-0.17559389961655145,0.8607125492087155,-0.00683579279309916,0.005715160314953273,Negative,,False,0.012010679489687481,-0.00736166012816164,7
ETH,2022-07-06,2023-07-05,365,Lagged_Gold_Return_Aligned,0.16877671571394937,0.22621543306046496,0.7460884230159361,0.4561049955162122,-0.27610561385186905,0.6136590452797678,Positive,,False,0.012010679489687481,-0.00736166012816164,7
ETH,2022-07-06,2023-07-05,365,Lagged_DXY_Return_Aligned,0.10260454799512725,0.613802709984215,0.16716209675543123,0.8673371516354571,-1.1045190147840813,1.3097281107743357,Positive,,False,0.012010679489687481,-0.00736166012816164,7
ETH,2022-07-06,2023-07-05,365,Lagged_US10Y_Change_Aligned,-0.0008659162530547312,0.02559348283791949,-0.03383346684538704,0.9730288568931837,-0.0511988582305061,0.04946702572439664,Negative,,False,0.012010679489687481,-0.00736166012816164,7
ETH,2022-07-13,2023-07-12,365,const,-0.011745779511401405,0.08723199022324694,-0.1346499086096881,0.8929645599706683,-0.1832989335033655,0.1598073744805627,Negative,,False,0.013927072649716377,-0.005407690631661577,7
ETH,2022-07-13,2023-07-12,365,ETH_Lagged_Return,0.06686099210332584,0.06935208799522988,0.9640804485644993,0.3356581750765402,-0.06952898823601149,0.20325097244266316,Positive,,False,0.013927072649716377,-0.005407690631661577,7
ETH,2022-07-13,2023-07-12,365,Lagged_Log_ETH_Volume,0.0005818912010487007,0.0038486752229878064,0.1511925967598187,0.8799091864543205,-0.0069870335879483715,0.008150815990045773,Positive,,False,0.013927072649716377,-0.005407690631661577,7
ETH,2022-07-13,2023-07-12,365,Lagged_SP500_Return_Aligned,-0.3685197756589645,0.32554513310830957,-1.1320082476439823,0.2583907418273868,-1.0087469928591628,0.2717074415412338,Negative,,False,0.013927072649716377,-0.005407690631661577,7
ETH,2022-07-13,2023-07-12,365,Lagged_VIX_Change_Aligned,-0.0010404202971424734,0.0031995751767748513,-0.3251745121335794,0.7452394798695372,-0.0073328046805019075,0.005251964086216961,Negative,,False,0.013927072649716377,-0.005407690631661577,7
ETH,2022-07-13,2023-07-12,365,Lagged_Gold_Return_Aligned,0.22681036225088475,0.22385810243194285,1.0131880856081117,0.3116565129848332,-0.21343596734187498,0.6670566918436445,Positive,,False,0.013927072649716377,-0.005407690631661577,7
ETH,2022-07-13,2023-07-12,365,Lagged_DXY_Return_Aligned,0.2048574942691024,0.6012570108755352,0.340715352276382,0.7335182932994871,-0.9775933051623928,1.3873082937005976,Positive,,False,0.013927072649716377,-0.005407690631661577,7
ETH,2022-07-13,2023-07-12,365,Lagged_US10Y_Change_Aligned,-0.006417822467588322,0.026328120248857455,-0.24376303385604722,0.8075543700764112,-0.058195525301284745,0.045359880366108093,Negative,,False,0.013927072649716377,-0.005407690631661577,7
ETH,2022-07-20,2023-07-19,365,const,0.04747369189993723,0.07760312309723519,0.6117497596128139,0.5410927132449871,-0.10514303153932078,0.20009041533919522,Positive,,False,0.015244120609252398,-0.004064818202330844,7
ETH,2022-07-20,2023-07-19,365,ETH_Lagged_Return,0.02922514235332683,0.0723366054126677,0.40401594996893336,0.6864429017826007,-0.11303428306911678,0.17148456777577042,Positive,,False,0.015244120609252398,-0.004064818202330844,7
ETH,2022-07-20,2023-07-19,365,Lagged_Log_ETH_Volume,-0.0020452229153436335,0.0034203708489608563,-0.597953556984908,0.5502500510773355,-0.008771830957412973,0.004681385126725705,Negative,,False,0.015244120609252398,-0.004064818202330844,7
ETH,2022-07-20,2023-07-19,365,Lagged_SP500_Return_Aligned,-0.3342029876195233,0.319351417191967,-1.0465054157521674,0.29603576716329416,-0.9622494498276656,0.29384347458861904,Negative,,False,0.015244120609252398,-0.004064818202330844,7
ETH,2022-07-20,2023-07-19,365,Lagged_VIX_Change_Aligned,-0.0005834736919417594,0.003094940702590227,-0.18852499870302422,0.8505722415881374,-0.00667008065331731,0.005503133269433792,Negative,,False,0.015244120609252398,-0.004064818202330844,7
ETH,2022-07-20,2023-07-19,365,Lagged_Gold_Return_Aligned,0.30479874960510245,0.2171752989018005,1.4034687699125596,0.1613462961141968,-0.12230497003263391,0.7319024692428389,Positive,,False,0.015244120609252398,-0.004064818202330844,7
ETH,2022-07-20,2023-07-19,365,Lagged_DXY_Return_Aligned,0.24196336520398568,0.5867315667378792,0.4123919334172831,0.680299704633902,-0.9119212425291241,1.3958479729370954,Positive,,False,0.015244120609252398,-0.004064818202330844,7
ETH,2022-07-20,2023-07-19,365,Lagged_US10Y_Change_Aligned,-0.004596703877749016,0.026464239605500782,-0.17369491609324603,0.8622036797399354,-0.05664210328573839,0.047448695530240365,Negative,,False,0.015244120609252398,-0.004064818202330844,7
ETH,2022-07-27,2023-07-26,365,const,0.022557829255360692,0.0868944198223002,0.25960043581039655,0.7953216398267602,-0.14833144825243133,0.1934471067631527,Positive,,False,0.013894637371944851,-0.005440761895271873,7
ETH,2022-07-27,2023-07-26,365,ETH_Lagged_Return,0.03179610550341062,0.07398129861453315,0.4297857174564989,0.6676108156746867,-0.11369782489142977,0.17729003589825099,Positive,,False,0.013894637371944851,-0.005440761895271873,7
ETH,2022-07-27,2023-07-26,365,Lagged_Log_ETH_Volume,-0.0009452340128203141,0.003836818242561058,-0.24635881948616228,0.8055460706343976,-0.00849084049412059,0.006600372468479961,Negative,,False,0.013894637371944851,-0.005440761895271873,7
ETH,2022-07-27,2023-07-26,365,Lagged_SP500_Return_Aligned,-0.31925648795186723,0.333334542236577,-0.9577659903163646,0.33882892449841745,-0.9748026002072875,0.336289624303553,Negative,,False,0.013894637371944851,-0.005440761895271873,7
ETH,2022-07-27,2023-07-26,365,Lagged_VIX_Change_Aligned,-0.0002650315492277168,0.0031971289412912125,-0.08289673456857186,0.9339801104083061,-0.0065526050895518,0.006022541991096367,Negative,,False,0.013894637371944851,-0.005440761895271873,7
ETH,2022-07-27,2023-07-26,365,Lagged_Gold_Return_Aligned,0.2785827489961421,0.21737501163367898,1.281576695050904,0.2008229200943719,-0.14891373193201557,0.7060792299242997,Positive,,False,0.013894637371944851,-0.005440761895271873,7
ETH,2022-07-27,2023-07-26,365,Lagged_DXY_Return_Aligned,0.1578105682468896,0.5965222991742087,0.2645509957722511,0.7915080407403652,-1.0153287994091016,1.3309499359028807,Positive,,False,0.013894637371944851,-0.005440761895271873,7
ETH,2022-07-27,2023-07-26,365,Lagged_US10Y_Change_Aligned,-0.0035105180562958384,0.02754558753490986,-0.127443934599209,0.8986607990640443,-0.05768253004503738,0.0506614939324457,Negative,,False,0.013894637371944851,-0.005440761895271873,7
ETH,2022-08-03,2023-08-02,365,const,0.05301356309790183,0.08072542115974972,0.6567146053408859,0.5117875392402865,-0.1057435691404279,0.21177069533623158,Positive,,False,0.017405055523306734,-0.0018615120154519271,7
ETH,2022-08-03,2023-08-02,365,ETH_Lagged_Return,0.03876598688470361,0.07770571939051225,0.49888202810251414,0.6181697505059306,-0.11405250562636532,0.19158447939577256,Positive,,False,0.017405055523306734,-0.0018615120154519271,7
ETH,2022-08-03,2023-08-02,365,Lagged_Log_ETH_Volume,-0.0023040689173526208,0.003566209474089405,-0.6460834491336045,0.5186404009035323,-0.009317487750401561,0.004709349915696319,Negative,,False,0.017405055523306734,-0.0018615120154519271,7
ETH,2022-08-03,2023-08-02,365,Lagged_SP500_Return_Aligned,-0.3659474690808713,0.3369368384056949,-1.0861010948296654,0.2781670800765327,-1.028577969389846,0.29668303122810336,Negative,,False,0.017405055523306734,-0.0018615120154519271,7
ETH,2022-08-03,2023-08-02,365,Lagged_VIX_Change_Aligned,-0.0007257353692055578,0.0032206373553681834,-0.22533905222079612,0.8218444576213471,-0.007059541290218563,0.0056080705518074475,Negative,,False,0.017405055523306734,-0.0018615120154519271,7
ETH,2022-08-03,2023-08-02,365,Lagged_Gold_Return_Aligned,0.3005780743953236,0.2162873654961314,1.389716286505417,0.16548105939035063,-0.12477940769942514,0.7259355564900722,Positive,,False,0.017405055523306734,-0.0018615120154519271,7
ETH,2022-08-03,2023-08-02,365,Lagged_DXY_Return_Aligned,0.12202579788684585,0.5930745717931246,0.2057511882829647,0.8371025479209737,-1.0443331615173592,1.2883847572910507,Positive,,False,0.017405055523306734,-0.0018615120154519271,7
ETH,2022-08-03,2023-08-02,365,Lagged_US10Y_Change_Aligned,-0.00015147137531034902,0.027837668158140073,-0.005441237910081809,0.9956615809315128,-0.054897898231887024,0.05459495548126632,Negative,,False,0.017405055523306734,-0.0018615120154519271,7
ETH,2022-08-10,2023-08-09,365,const,0.04459092627701931,0.081250899411099,0.5488053252359213,0.5834821156868041,-0.11519962788762948,0.2043814804416681,Positive,,False,0.016716205782251636,-0.0025638686141746803,7
ETH,2022-08-10,2023-08-09,365,ETH_Lagged_Return,0.04684137346714081,0.07759318147830559,0.6036789905339462,0.5464404611742967,-0.10575579847410832,0.19943854540838996,Positive,,False,0.016716205782251636,-0.0025638686141746803,7
ETH,2022-08-10,2023-08-09,365,Lagged_Log_ETH_Volume,-0.0019394153649276414,0.0035941838416619193,-0.5395982649654539,0.5898105032428657,-0.009007849462167084,0.005129018732311802,Negative,,False,0.016716205782251636,-0.0025638686141746803,7
ETH,2022-08-10,2023-08-09,365,Lagged_SP500_Return_Aligned,-0.35248528460331896,0.33551459031409525,-1.0505810917889933,0.2941616628002816,-1.0123187474350042,0.30734817822836624,Negative,,False,0.016716205782251636,-0.0025638686141746803,7
ETH,2022-08-10,2023-08-09,365,Lagged_VIX_Change_Aligned,-0.0006980783963230825,0.0031948708275534215,-0.2184997247158375,0.8271646238043576,-0.006981211059707419,0.005585054267061254,Negative,,False,0.016716205782251636,-0.0025638686141746803,7
ETH,2022-08-10,2023-08-09,365,Lagged_Gold_Return_Aligned,0.27724863009824136,0.21448962468158603,1.292596928685116,0.19698646206815534,-0.14457335881326056,0.6990706190097433,Positive,,False,0.016716205782251636,-0.0025638686141746803,7
ETH,2022-08-10,2023-08-09,365,Lagged_DXY_Return_Aligned,0.13947696206191992,0.5963541386379336,0.23388277707015465,0.8152100453425463,-1.0333316958360899,1.3122856199599295,Positive,,False,0.016716205782251636,-0.0025638686141746803,7
ETH,2022-08-10,2023-08-09,365,Lagged_US10Y_Change_Aligned,-0.0051535119392410456,0.02602145424168049,-0.19804857527855932,0.843119783259051,-0.056328115833905,0.04602109195542291,Negative,,False,0.016716205782251636,-0.0025638686141746803,7
ETH,2022-08-17,2023-08-16,365,const,0.06278354623785565,0.07891298964862714,0.7956047099141669,0.42679049904023747,-0.09240920163492469,0.217976294110636,Positive,,False,0.01895815704565096,-0.00027795752208126245,7
ETH,2022-08-17,2023-08-16,365,ETH_Lagged_Return,0.05125883652940445,0.07850575830207815,0.6529309140887257,0.5142210625362191,-0.10313303746985676,0.20565071052866568,Positive,,False,0.01895815704565096,-0.00027795752208126245,7
ETH,2022-08-17,2023-08-16,365,Lagged_Log_ETH_Volume,-0.002755761140862978,0.00349525335171589,-0.7884295825108414,0.43096869665362786,-0.00962963544951137,0.004118113167785414,Negative,,False,0.01895815704565096,-0.00027795752208126245,7
ETH,2022-08-17,2023-08-16,365,Lagged_SP500_Return_Aligned,-0.35535362917340174,0.33772486074100144,-1.0521986104123962,0.29342010378836325,-1.0195338787967274,0.3088266204499239,Negative,,False,0.01895815704565096,-0.00027795752208126245,7
ETH,2022-08-17,2023-08-16,365,Lagged_VIX_Change_Aligned,-0.0007878198091500191,0.0031261332375623137,-0.25201095067987017,0.8011776174582785,-0.006935770983144945,0.005360131364844907,Negative,,False,0.01895815704565096,-0.00027795752208126245,7
ETH,2022-08-17,2023-08-16,365,Lagged_Gold_Return_Aligned,0.28132658930243404,0.22057352361823862,1.275432267153445,0.2029856027109382,-0.15246018510209636,0.7151133637069644,Positive,,False,0.01895815704565096,-0.00027795752208126245,7
ETH,2022-08-17,2023-08-16,365,Lagged_DXY_Return_Aligned,0.22290816531201424,0.600076783692643,0.37146607129228143,0.7105107830327051,-0.9572215625133647,1.403037893137393,Positive,,False,0.01895815704565096,-0.00027795752208126245,7
ETH,2022-08-17,2023-08-16,365,Lagged_US10Y_Change_Aligned,-0.009948419917830827,0.02588014002486294,-0.38440363569414315,0.7009081788525942,-0.060845110864080884,0.040948271028419234,Negative,,False,0.01895815704565096,-0.00027795752208126245,7
ETH,2022-08-24,2023-08-23,365,const,0.027081984793431123,0.0770208393387447,0.35161892581203996,0.725331510573974,-0.12438960123658413,0.1785535708234464,Positive,,False,0.020737563684725346,0.0015363394432494903,7
ETH,2022-08-24,2023-08-23,365,ETH_Lagged_Return,0.05409541612998285,0.08310804502028367,0.6509046881896947,0.5155267324674991,-0.10934745854073931,0.21753829080070503,Positive,,False,0.020737563684725346,0.0015363394432494903,7
ETH,2022-08-24,2023-08-23,365,Lagged_Log_ETH_Volume,-0.0011855820673217017,0.003410969325209072,-0.3475792228794179,0.7283610435777622,-0.007893700779412196,0.005522536644768792,Negative,,False,0.020737563684725346,0.0015363394432494903,7
ETH,2022-08-24,2023-08-23,365,Lagged_SP500_Return_Aligned,-0.3469870443931081,0.3389564690515332,-1.0236920551008986,0.3066739069727881,-1.0135894133514816,0.3196153245652654,Negative,,False,0.020737563684725346,0.0015363394432494903,7
ETH,2022-08-24,2023-08-23,365,Lagged_VIX_Change_Aligned,-0.0015964784796982173,0.003116055012679344,-0.5123396323884164,0.6087301491652092,-0.00772460950215368,0.004531652542757246,Negative,,False,0.020737563684725346,0.0015363394432494903,7
ETH,2022-08-24,2023-08-23,365,Lagged_Gold_Return_Aligned,0.3725690256457088,0.21491574441025257,1.733558547178898,0.08385981906351665,-0.050090983620984575,0.7952290349124023,Positive,*,False,0.020737563684725346,0.0015363394432494903,7
ETH,2022-08-24,2023-08-23,365,Lagged_DXY_Return_Aligned,0.519200942398406,0.5515266743038422,0.94138863374788,0.3471422989577328,-0.5654486253275873,1.6038505101243992,Positive,,False,0.020737563684725346,0.0015363394432494903,7
ETH,2022-08-24,2023-08-23,365,Lagged_US10Y_Change_Aligned,-0.015919960172717275,0.025592373086247046,-0.6220587719265636,0.5343002930393985,-0.06625071967790051,0.03441079933246596,Negative,,False,0.020737563684725346,0.0015363394432494903,7
ETH,2022-08-31,2023-08-30,365,const,0.0188128950548472,0.07865429285747998,0.23918459338177248,0.8110997023868163,-0.13587109163599384,0.17349688174568825,Positive,,False,0.019058171185444284,-0.00017598232072346676,7
ETH,2022-08-31,2023-08-30,365,ETH_Lagged_Return,0.03002920650975875,0.08490836215554887,0.3536660671271269,0.723797921362911,-0.1369542280169303,0.19701264103644778,Positive,,False,0.019058171185444284,-0.00017598232072346676,7
ETH,2022-08-31,2023-08-30,365,Lagged_Log_ETH_Volume,-0.0008166645514388224,0.0034882821885020357,-0.23411653854458392,0.8150287083535477,-0.007676829152980121,0.006043500050102476,Negative,,False,0.019058171185444284,-0.00017598232072346676,7
ETH,2022-08-31,2023-08-30,365,Lagged_SP500_Return_Aligned,-0.30520723384847703,0.3352455382952454,-0.9103990925590959,0.36322633941260407,-0.9645115705842945,0.3540971028873404,Negative,,False,0.019058171185444284,-0.00017598232072346676,7
ETH,2022-08-31,2023-08-30,365,Lagged_VIX_Change_Aligned,-0.001721052647940216,0.0031424783204371753,-0.5476736742294491,0.5842582304600876,-0.00790114857195479,0.004459043276074356,Negative,,False,0.019058171185444284,-0.00017598232072346676,7
ETH,2022-08-31,2023-08-30,365,Lagged_Gold_Return_Aligned,0.37928384024235484,0.21851281678347184,1.7357509999891394,0.08347070216140831,-0.050450283797873474,0.8090179642825832,Positive,*,False,0.019058171185444284,-0.00017598232072346676,7
ETH,2022-08-31,2023-08-30,365,Lagged_DXY_Return_Aligned,0.5723083372975518,0.5612790258434055,1.019650318195256,0.30858481518900094,-0.531520509282091,1.6761371838771946,Positive,,False,0.019058171185444284,-0.00017598232072346676,7
ETH,2022-08-31,2023-08-30,365,Lagged_US10Y_Change_Aligned,-0.020275684015588973,0.024875618682739423,-0.815082602534737,0.4155684506030937,-0.06919685194496757,0.028645483913789623,Negative,,False,0.019058171185444284,-0.00017598232072346676,7
ETH,2022-09-07,2023-09-06,365,const,0.009785522463508448,0.08014751376707277,0.12209389915634117,0.9028933509872756,-0.14783507906314916,0.16740612399016605,Positive,,False,0.019207645111726124,-2.357753314186084e-05,7
ETH,2022-09-07,2023-09-06,365,ETH_Lagged_Return,0.03398594237474822,0.08488641304486852,0.40036963697340144,0.6891237593112508,-0.13295432634596877,0.2009262110954652,Positive,,False,0.019207645111726124,-2.357753314186084e-05,7
ETH,2022-09-07,2023-09-06,365,Lagged_Log_ETH_Volume,-0.0004248402573121203,0.003557198956739927,-0.11943112051890245,0.9050009853989825,-0.007420538725774098,0.006570858211149857,Negative,,False,0.019207645111726124,-2.357753314186084e-05,7
ETH,2022-09-07,2023-09-06,365,Lagged_SP500_Return_Aligned,-0.30180245655214305,0.3426749606352857,-0.8807251512997359,0.3790591204093413,-0.9757177270922957,0.3721128139880095,Negative,,False,0.019207645111726124,-2.357753314186084e-05,7
ETH,2022-09-07,2023-09-06,365,Lagged_VIX_Change_Aligned,-0.0016473985661261783,0.003145334329784896,-0.5237594460232916,0.6007708472566993,-0.00783311120724394,0.004538314074991582,Negative,,False,0.019207645111726124,-2.357753314186084e-05,7
ETH,2022-09-07,2023-09-06,365,Lagged_Gold_Return_Aligned,0.3921670771297245,0.21861974118149327,1.7938319522762405,0.07368612596565921,-0.037777327768160784,0.8221114820276098,Positive,*,False,0.019207645111726124,-2.357753314186084e-05,7
ETH,2022-09-07,2023-09-06,365,Lagged_DXY_Return_Aligned,0.6033733551050143,0.5526315804985225,1.091818449030217,0.27564918676767874,-0.4834491556213344,1.6901958658313632,Positive,,False,0.019207645111726124,-2.357753314186084e-05,7
ETH,2022-09-07,2023-09-06,365,Lagged_US10Y_Change_Aligned,-0.020241436994502884,0.024828740575298828,-0.8152421961603772,0.41547723068493597,-0.0690704129749872,0.02858753898598143,Negative,,False,0.019207645111726124,-2.357753314186084e-05,7
ETH,2022-09-14,2023-09-13,365,const,0.01491502455326315,0.08306324229201413,0.17956227257332946,0.8575980964670054,-0.14843973967400342,0.17826978878052974,Positive,,False,0.01709900317662527,-0.002173565388538856,7
ETH,2022-09-14,2023-09-13,365,ETH_Lagged_Return,0.02031584521719968,0.08459560712358148,0.24015248436625417,0.8103498854025247,-0.1460525155042999,0.18668420593869925,Positive,,False,0.01709900317662527,-0.002173565388538856,7
ETH,2022-09-14,2023-09-13,365,Lagged_Log_ETH_Volume,-0.0006562705736357771,0.003690122256323207,-0.17784521163525815,0.858945407524277,-0.007913380150845488,0.0066008390035739335,Negative,,False,0.01709900317662527,-0.002173565388538856,7
ETH,2022-09-14,2023-09-13,365,Lagged_SP500_Return_Aligned,-0.25095862105107314,0.35424206417871223,-0.708438230318313,0.4791354697582835,-0.9476221183638578,0.4457048762617115,Negative,,False,0.01709900317662527,-0.002173565388538856,7
ETH,2022-09-14,2023-09-13,365,Lagged_VIX_Change_Aligned,-0.0008654486141905823,0.0032450341369603,-0.26669938671316057,0.7898546078654983,-0.007247234007168739,0.005516336778787574,Negative,,False,0.01709900317662527,-0.002173565388538856,7
ETH,2022-09-14,2023-09-13,365,Lagged_Gold_Return_Aligned,0.3840095866747387,0.21760923060455248,1.7646750811438467,0.07847342463169764,-0.04394751659019319,0.8119666899396707,Positive,*,False,0.01709900317662527,-0.002173565388538856,7
ETH,2022-09-14,2023-09-13,365,Lagged_DXY_Return_Aligned,0.5022603160787691,0.5668292070581191,0.8860875724550843,0.37616681370200844,-0.612483690067614,1.6170043222251522,Positive,,False,0.01709900317662527,-0.002173565388538856,7
ETH,2022-09-14,2023-09-13,365,Lagged_US10Y_Change_Aligned,-0.017274368394154534,0.026117601159807834,-0.6614071594269507,0.5087778757398747,-0.06863805781821132,0.03408932102990225,Negative,,False,0.01709900317662527,-0.002173565388538856,7
ETH,2022-09-21,2023-09-20,365,const,-0.023407884421084917,0.0812250583388616,-0.28818550456966024,0.7733719824189901,-0.18314761872671734,0.13633184988454752,Negative,,False,0.017441032139416945,-0.0018248299754963782,7
ETH,2022-09-21,2023-09-20,365,ETH_Lagged_Return,0.015766244079974984,0.0885638819303965,0.178021149664215,0.8588073367452497,-0.1584062497041054,0.18993873786405538,Positive,,False,0.017441032139416945,-0.0018248299754963782,7
ETH,2022-09-21,2023-09-20,365,Lagged_Log_ETH_Volume,0.0010537391144422024,0.003608571115136162,0.2920100729128742,0.7704485390394492,-0.0060429894437574305,0.008150467672641834,Positive,,False,0.017441032139416945,-0.0018248299754963782,7
ETH,2022-09-21,2023-09-20,365,Lagged_SP500_Return_Aligned,-0.30538043930685715,0.3560867123819005,-0.857601333293613,0.391687996890206,-1.005671679337109,0.39491080072339474,Negative,,False,0.017441032139416945,-0.0018248299754963782,7
ETH,2022-09-21,2023-09-20,365,Lagged_VIX_Change_Aligned,-0.001270620511192068,0.0032056691108743344,-0.3963667076186509,0.6920713291665941,-0.007574989415508894,0.005033748393124758,Negative,,False,0.017441032139416945,-0.0018248299754963782,7
ETH,2022-09-21,2023-09-20,365,Lagged_Gold_Return_Aligned,0.3397676000679254,0.21550897660450605,1.5765821239616116,0.1157773939920081,-0.08405907814342123,0.763594278279272,Positive,,False,0.017441032139416945,-0.0018248299754963782,7
ETH,2022-09-21,2023-09-20,365,Lagged_DXY_Return_Aligned,0.4530169937732741,0.5646092261608989,0.802354925819395,0.42288146785821346,-0.6573611286675399,1.563395116214088,Positive,,False,0.017441032139416945,-0.0018248299754963782,7
ETH,2022-09-21,2023-09-20,365,Lagged_US10Y_Change_Aligned,-0.018050307920732502,0.026166114443953673,-0.6898352431881024,0.49074597317996693,-0.06950940508321676,0.03340878924175175,Negative,,False,0.017441032139416945,-0.0018248299754963782,7
ETH,2022-09-28,2023-09-27,365,const,-0.038599659408722176,0.07971647056253527,-0.4842118465147282,0.6285324411857938,-0.19537255791890654,0.11817323910146219,Negative,,False,0.017708035167356084,-0.0015525915940681756,7
ETH,2022-09-28,2023-09-27,365,ETH_Lagged_Return,0.027886950850069005,0.08864808604778003,0.31458040543637167,0.753264027417313,-0.1464511413787939,0.2022250430789319,Positive,,False,0.017708035167356084,-0.0015525915940681756,7
ETH,2022-09-28,2023-09-27,365,Lagged_Log_ETH_Volume,0.0017256710794329904,0.003544907628050357,0.486802833952004,0.6266967934962308,-0.005245854878484962,0.008697197037350942,Positive,,False,0.017708035167356084,-0.0015525915940681756,7
ETH,2022-09-28,2023-09-27,365,Lagged_SP500_Return_Aligned,-0.31650033328136007,0.3552628858351763,-0.8908905092557289,0.37358791950747017,-1.0151714103178393,0.38217074375511917,Negative,,False,0.017708035167356084,-0.0015525915940681756,7
ETH,2022-09-28,2023-09-27,365,Lagged_VIX_Change_Aligned,-0.0012262401795138035,0.00318030432148268,-0.38557322053448073,0.7000424149520741,-0.007480725897520836,0.00502824553849323,Negative,,False,0.017708035167356084,-0.0015525915940681756,7
ETH,2022-09-28,2023-09-27,365,Lagged_Gold_Return_Aligned,0.3469868623417137,0.21359294355084713,1.6245239967822782,0.10514653990167304,-0.07307168547771115,0.7670454101611386,Positive,,False,0.017708035167356084,-0.0015525915940681756,7
ETH,2022-09-28,2023-09-27,365,Lagged_DXY_Return_Aligned,0.46440161679084485,0.5765896799479842,0.8054282498305205,0.421108712694915,-0.6695376399101127,1.5983408734918025,Positive,,False,0.017708035167356084,-0.0015525915940681756,7
ETH,2022-09-28,2023-09-27,365,Lagged_US10Y_Change_Aligned,-0.01332025354858524,0.026582083064993867,-0.5010989363029558,0.616610320715126,-0.06559740758124413,0.038956900484073645,Negative,,False,0.017708035167356084,-0.0015525915940681756,7
ETH,2022-10-05,2023-10-04,365,const,-0.037463899677175505,0.08155360794481062,-0.45937758759279257,0.6462426350878719,-0.19784976989004935,0.12292197053569834,Negative,,False,0.017534119948983684,-0.0017299169147617643,7
ETH,2022-10-05,2023-10-04,365,ETH_Lagged_Return,0.030682609948503265,0.08743312442001155,0.35092660993229563,0.7258504007572997,-0.14126610083108315,0.2026313207280897,Positive,,False,0.017534119948983684,-0.0017299169147617643,7
ETH,2022-10-05,2023-10-04,365,Lagged_Log_ETH_Volume,0.0016813397607818854,0.0036294982620364165,0.4632430268305266,0.6434724522091547,-0.005456544777530133,0.008819224299093903,Positive,,False,0.017534119948983684,-0.0017299169147617643,7
ETH,2022-10-05,2023-10-04,365,Lagged_SP500_Return_Aligned,-0.365801083831462,0.36465773130506657,-1.003135412822055,0.31647496401320574,-1.0829483571292216,0.35134618946629753,Negative,,False,0.017534119948983684,-0.0017299169147617643,7
ETH,2022-10-05,2023-10-04,365,Lagged_VIX_Change_Aligned,-0.0015151671234860144,0.0031824979611880526,-0.4760936666618916,0.6342988719760411,-0.007773966921788769,0.00474363267481674,Negative,,False,0.017534119948983684,-0.0017299169147617643,7
ETH,2022-10-05,2023-10-04,365,Lagged_Gold_Return_Aligned,0.2951089673124732,0.21318240156865423,1.3843026682361255,0.1671304812420175,-0.12414219583406894,0.7143601304590154,Positive,,False,0.017534119948983684,-0.0017299169147617643,7
ETH,2022-10-05,2023-10-04,365,Lagged_DXY_Return_Aligned,0.3782949802405686,0.5716880437444621,0.6617157458161956,0.5085802846184564,-0.7460045657500938,1.502594526231231,Positive,,False,0.017534119948983684,-0.0017299169147617643,7
ETH,2022-10-05,2023-10-04,365,Lagged_US10Y_Change_Aligned,-0.013626889845124801,0.026489159326663972,-0.5144327034723213,0.6072678096221693,-0.0657212971543578,0.038467517464108196,Negative,,False,0.017534119948983684,-0.0017299169147617643,7
ETH,2022-10-12,2023-10-11,365,const,-0.04898117720964287,0.0817900731402414,-0.5988645727906033,0.5496430015714668,-0.20983208725459734,0.1118697328353116,Negative,,False,0.020527795233654444,0.0013224578852948365,7
ETH,2022-10-12,2023-10-11,365,ETH_Lagged_Return,0.03885514890428612,0.08634255110706024,0.45001159226935245,0.6529752117875123,-0.13094880636740175,0.208659104175974,Positive,,False,0.020527795233654444,0.0013224578852948365,7
ETH,2022-10-12,2023-10-11,365,Lagged_Log_ETH_Volume,0.0022003571768921767,0.003638397941668446,0.6047599004201194,0.5457227204205328,-0.004955029749093049,0.009355744102877402,Positive,,False,0.020527795233654444,0.0013224578852948365,7
ETH,2022-10-12,2023-10-11,365,Lagged_SP500_Return_Aligned,-0.4160409225944203,0.39629331514813115,-1.0498307861663214,0.29450607200679274,-1.195403722246279,0.3633218770574384,Negative,,False,0.020527795233654444,0.0013224578852948365,7
ETH,2022-10-12,2023-10-11,365,Lagged_VIX_Change_Aligned,-0.0012621801556335279,0.003314094791964802,-0.38085215869315214,0.7035394825844651,-0.007779782387737475,0.0052554220764704195,Negative,,False,0.020527795233654444,0.0013224578852948365,7
ETH,2022-10-12,2023-10-11,365,Lagged_Gold_Return_Aligned,0.258101566045886,0.21301075576008444,1.2116832557346902,0.22643503244181729,-0.16081203309742415,0.6770151651891962,Positive,,False,0.020527795233654444,0.0013224578852948365,7
ETH,2022-10-12,2023-10-11,365,Lagged_DXY_Return_Aligned,0.34979051661279476,0.5832246951924963,0.5997525816312435,0.5490516018413121,-0.7971973681094626,1.4967784013350522,Positive,,False,0.020527795233654444,0.0013224578852948365,7
ETH,2022-10-12,2023-10-11,365,Lagged_US10Y_Change_Aligned,-0.013331799181485877,0.025765769012510053,-0.517422910025037,0.6051814166215607,-0.06400356452596785,0.03733996616299609,Negative,,False,0.020527795233654444,0.0013224578852948365,7
ETH,2022-10-19,2023-10-18,365,const,-0.04883796527273804,0.0834993137827868,-0.584890618380218,0.558990738081673,-0.21305032130109242,0.11537439075561634,Negative,,False,0.02090676375420386,0.0017088571611491021,7
ETH,2022-10-19,2023-10-18,365,ETH_Lagged_Return,0.041886940467645156,0.08915285751509433,0.4698328425485784,0.6387613027395833,-0.13344385107991152,0.21721773201520184,Positive,,False,0.02090676375420386,0.0017088571611491021,7
ETH,2022-10-19,2023-10-18,365,Lagged_Log_ETH_Volume,0.0021922023223926155,0.0037125888057427266,0.5904780833798942,0.5552437708981482,-0.005109090671959948,0.009493495316745178,Positive,,False,0.02090676375420386,0.0017088571611491021,7
ETH,2022-10-19,2023-10-18,365,Lagged_SP500_Return_Aligned,-0.429978223226746,0.45072084521311384,-0.9539790045065253,0.340739755413335,-1.3163799018809539,0.45642345542746193,Negative,,False,0.02090676375420386,0.0017088571611491021,7
ETH,2022-10-19,2023-10-18,365,Lagged_VIX_Change_Aligned,-0.001175858123814386,0.003496802954969136,-0.3362666238151713,0.7368673764595276,-0.008052779930574998,0.005701063682946226,Negative,,False,0.02090676375420386,0.0017088571611491021,7
ETH,2022-10-19,2023-10-18,365,Lagged_Gold_Return_Aligned,0.24904986893370196,0.19718321208071046,1.2630378940767106,0.20739984762519098,-0.1387367889212897,0.6368365267886936,Positive,,False,0.02090676375420386,0.0017088571611491021,7
ETH,2022-10-19,2023-10-18,365,Lagged_DXY_Return_Aligned,0.36494597601273293,0.6081577476007669,0.6000843982543597,0.5488306982032546,-0.8310760275957156,1.5609679796211815,Positive,,False,0.02090676375420386,0.0017088571611491021,7
ETH,2022-10-19,2023-10-18,365,Lagged_US10Y_Change_Aligned,-0.013546004207473199,0.02723918048122679,-0.49729852250177237,0.619284687822811,-0.06711542652320385,0.04002341810825745,Negative,,False,0.02090676375420386,0.0017088571611491021,7
ETH,2022-10-26,2023-10-25,365,const,-0.03195704038981563,0.07937128679875682,-0.4026272179615988,0.6874634663853422,-0.18805108973891288,0.12413700895928163,Negative,,False,0.030691259571492213,0.011685205837600021,7
ETH,2022-10-26,2023-10-25,365,ETH_Lagged_Return,0.0475507960703541,0.0865135256964339,0.5496342414387828,0.5829139303730076,-0.12258940316394965,0.21769099530465782,Positive,,False,0.030691259571492213,0.011685205837600021,7
ETH,2022-10-26,2023-10-25,365,Lagged_Log_ETH_Volume,0.0014431429978540467,0.0035283830666264166,0.40900972785641304,0.6827777798806163,-0.005495885241929127,0.00838217123763722,Positive,,False,0.030691259571492213,0.011685205837600021,7
ETH,2022-10-26,2023-10-25,365,Lagged_SP500_Return_Aligned,-0.6004952239840331,0.4586078045017857,-1.3093872762073655,0.19124527836807653,-1.5024076428829052,0.301417194914839,Negative,,False,0.030691259571492213,0.011685205837600021,7
ETH,2022-10-26,2023-10-25,365,Lagged_VIX_Change_Aligned,-0.0022335189090420173,0.003508018686075801,-0.6366895700719638,0.5247350963220806,-0.009132497922576772,0.004665460104492737,Negative,,False,0.030691259571492213,0.011685205837600021,7
ETH,2022-10-26,2023-10-25,365,Lagged_Gold_Return_Aligned,0.23341392786905832,0.1936013535209535,1.2056420248311739,0.22875402474507756,-0.14732853517269082,0.6141563909108074,Positive,,False,0.030691259571492213,0.011685205837600021,7
ETH,2022-10-26,2023-10-25,365,Lagged_DXY_Return_Aligned,0.3546729109165969,0.5841457608046658,0.607165085693735,0.544127327219181,-0.7941263701798214,1.5034721920130152,Positive,,False,0.030691259571492213,0.011685205837600021,7
ETH,2022-10-26,2023-10-25,365,Lagged_US10Y_Change_Aligned,-0.01971150873996328,0.026935551964144613,-0.7318026660898707,0.4647691271471881,-0.07268380573946483,0.033260788259538265,Negative,,False,0.030691259571492213,0.011685205837600021,7
ETH,2022-11-02,2023-11-01,365,const,-0.004861177506864399,0.08419232189333382,-0.057738964760031125,0.9539888595486213,-0.17043642491029912,0.1607140698965703,Negative,,False,0.03338867058718098,0.014435507265361025,7
ETH,2022-11-02,2023-11-01,365,ETH_Lagged_Return,0.036817363121686236,0.08740297258161589,0.42123696751053413,0.6738355478489084,-0.1350720501116423,0.20870677635501478,Positive,,False,0.03338867058718098,0.014435507265361025,7
ETH,2022-11-02,2023-11-01,365,Lagged_Log_ETH_Volume,0.00023531488811934275,0.0037453183606252277,0.06282907498417846,0.9499377750900891,-0.007130345070170147,0.007600974846408834,Positive,,False,0.03338867058718098,0.014435507265361025,7
ETH,2022-11-02,2023-11-01,365,Lagged_SP500_Return_Aligned,-0.6705147285588199,0.4734786775218555,-1.416145563445926,0.15760478304740858,-1.6016726703751218,0.2606432132574821,Negative,,False,0.03338867058718098,0.014435507265361025,7
ETH,2022-11-02,2023-11-01,365,Lagged_VIX_Change_Aligned,-0.0026538813344510587,0.0035650702171273283,-0.7444120796558981,0.4571169288807568,-0.009665059669208588,0.00435729700030647,Negative,,False,0.03338867058718098,0.014435507265361025,7
ETH,2022-11-02,2023-11-01,365,Lagged_Gold_Return_Aligned,0.27219950391930037,0.19139238135676723,1.4222065789123741,0.15583938879435222,-0.10419872553478471,0.6485977333733854,Positive,,False,0.03338867058718098,0.014435507265361025,7
ETH,2022-11-02,2023-11-01,365,Lagged_DXY_Return_Aligned,0.3076819876417423,0.5781273744457438,0.5322044954828855,0.5949154240906636,-0.829281347041291,1.4446453223247755,Positive,,False,0.03338867058718098,0.014435507265361025,7
ETH,2022-11-02,2023-11-01,365,Lagged_US10Y_Change_Aligned,-0.016310422094705707,0.027038705737645472,-0.6032249565849973,0.5467420866897913,-0.06948558452402212,0.03686474033461071,Negative,,False,0.03338867058718098,0.014435507265361025,7
ETH,2022-11-09,2023-11-08,365,const,-0.04179412181377204,0.0755936652575928,-0.5528786264213342,0.5806925445530945,-0.19045898276173195,0.10687073913418788,Negative,,False,0.02830506258298382,0.009252220672846367,7
ETH,2022-11-09,2023-11-08,365,ETH_Lagged_Return,-0.002049646607747672,0.07812324465422209,-0.02623606606227793,0.9790837083157119,-0.1556892573310394,0.15158996411554404,Negative,,False,0.02830506258298382,0.009252220672846367,7
ETH,2022-11-09,2023-11-08,365,Lagged_Log_ETH_Volume,0.0018934300870894075,0.0033589578342332407,0.5636956998365019,0.5733151528754828,-0.00471240120386243,0.008499261378041245,Positive,,False,0.02830506258298382,0.009252220672846367,7
ETH,2022-11-09,2023-11-08,365,Lagged_SP500_Return_Aligned,-0.5466453205100538,0.43134764226999617,-1.2672964146350627,0.20587535948762958,-1.3949470537278164,0.3016564127077088,Negative,,False,0.02830506258298382,0.009252220672846367,7
ETH,2022-11-09,2023-11-08,365,Lagged_VIX_Change_Aligned,-0.0015264754002013204,0.003173518994504629,-0.4810040219846221,0.630808300483136,-0.007767616882441494,0.004714666082038853,Negative,,False,0.02830506258298382,0.009252220672846367,7
ETH,2022-11-09,2023-11-08,365,Lagged_Gold_Return_Aligned,0.2502725886678683,0.2023959366902514,1.236549472091862,0.21706726551620562,-0.1477655760640118,0.6483107533997483,Positive,,False,0.02830506258298382,0.009252220672846367,7
ETH,2022-11-09,2023-11-08,365,Lagged_DXY_Return_Aligned,-0.2517351799694908,0.44365245959360117,-0.567415269601092,0.5707887075434169,-1.124235950899875,0.6207655909608935,Negative,,False,0.02830506258298382,0.009252220672846367,7
ETH,2022-11-09,2023-11-08,365,Lagged_US10Y_Change_Aligned,0.004415487240385889,0.022050172523711734,0.20024728766351732,0.8414012078573319,-0.03894907010639355,0.047780044587165324,Positive,,False,0.02830506258298382,0.009252220672846367,7
ETH,2022-11-16,2023-11-15,365,const,-0.07467167710442915,0.05405158894591747,-1.3814890285490695,0.16799262593821548,-0.18097121857102044,0.03162786436216214,Negative,,False,0.043522170607198096,0.024767703364202087,7
ETH,2022-11-16,2023-11-15,365,ETH_Lagged_Return,-0.027875401261667612,0.0628968988175043,-0.4431919822080298,0.6578953228917731,-0.15157040513400583,0.0958196026106706,Negative,,False,0.043522170607198096,0.024767703364202087,7
ETH,2022-11-16,2023-11-15,365,Lagged_Log_ETH_Volume,0.0033706708379579457,0.0024071539386870872,1.4002722400863075,0.16230029186973904,-0.0013633132115759626,0.008104654887491854,Positive,,False,0.043522170607198096,0.024767703364202087,7
ETH,2022-11-16,2023-11-15,365,Lagged_SP500_Return_Aligned,-0.14945890736311204,0.24227308965904185,-0.6169026348466932,0.5376921686918298,-0.6259207254646811,0.327002910738457,Negative,,False,0.043522170607198096,0.024767703364202087,7
ETH,2022-11-16,2023-11-15,365,Lagged_VIX_Change_Aligned,0.0009279553444563229,0.002011199613845016,0.46139395516403053,0.6447969793075056,-0.003027332574339601,0.004883243263252247,Positive,,False,0.043522170607198096,0.024767703364202087,7
ETH,2022-11-16,2023-11-15,365,Lagged_Gold_Return_Aligned,0.22305476124551393,0.17424921256731352,1.280090497736663,0.20134446929714095,-0.11962917752552277,0.5657387000165506,Positive,,False,0.043522170607198096,0.024767703364202087,7
ETH,2022-11-16,2023-11-15,365,Lagged_DXY_Return_Aligned,-0.6799015249358304,0.3353947222825977,-2.0271682282554147,0.043387849622709716,-1.3394992515563666,-0.020303798315294275,Negative,**,True,0.043522170607198096,0.024767703364202087,7
ETH,2022-11-16,2023-11-15,365,Lagged_US10Y_Change_Aligned,-0.002759168997076138,0.021229882350038313,-0.1299662876874661,0.8966662962019109,-0.04451051809167483,0.03899218009752256,Negative,,False,0.043522170607198096,0.024767703364202087,7
ETH,2022-11-23,2023-11-22,365,const,-0.07034287214516646,0.056469005597175964,-1.245689939131571,0.21369516188190044,-0.18139658063207603,0.040710836341743106,Negative,,False,0.04610924440463515,0.02740550409884379,7
ETH,2022-11-23,2023-11-22,365,ETH_Lagged_Return,-0.04346425833645193,0.06384718103327651,-0.6807545397156813,0.4964681006753726,-0.16902811686728159,0.08209960019437773,Negative,,False,0.04610924440463515,0.02740550409884379,7
ETH,2022-11-23,2023-11-22,365,Lagged_Log_ETH_Volume,0.0031896961863692257,0.0025153117456196334,1.2681116732047308,0.2055844435412634,-0.0017569943812739924,0.008136386754012443,Positive,,False,0.04610924440463515,0.02740550409884379,7
ETH,2022-11-23,2023-11-22,365,Lagged_SP500_Return_Aligned,-0.12855624089681328,0.24569795420877952,-0.5232287802753695,0.6011396590825929,-0.6117535044926224,0.3546410226989959,Negative,,False,0.04610924440463515,0.02740550409884379,7
ETH,2022-11-23,2023-11-22,365,Lagged_VIX_Change_Aligned,0.0009720856086355137,0.0020724014648329553,0.46906240182274145,0.6393113509730353,-0.003103563780078234,0.005047734997349261,Positive,,False,0.04610924440463515,0.02740550409884379,7
ETH,2022-11-23,2023-11-22,365,Lagged_Gold_Return_Aligned,0.21668789650521517,0.17538024582417816,1.2355319465252015,0.21744501598079582,-0.1282203675619469,0.5615961605723773,Positive,,False,0.04610924440463515,0.02740550409884379,7
ETH,2022-11-23,2023-11-22,365,Lagged_DXY_Return_Aligned,-0.7266677594269362,0.33798153034701056,-2.1500220993758323,0.03222471798383684,-1.3913527835066515,-0.06198273534722076,Negative,**,True,0.04610924440463515,0.02740550409884379,7
ETH,2022-11-23,2023-11-22,365,Lagged_US10Y_Change_Aligned,-0.003765321891771546,0.021741999757298094,-0.17318194893768443,0.8626065595328057,-0.046523817059786206,0.03899317327624311,Negative,,False,0.04610924440463515,0.02740550409884379,7
ETH,2022-11-30,2023-11-29,365,const,-0.05198175058882104,0.053552751258690176,-0.9706644265150765,0.3323725861594214,-0.1573002622937975,0.05333676111615543,Negative,,False,0.04325737286630682,0.024497713510744257,7
ETH,2022-11-30,2023-11-29,365,ETH_Lagged_Return,-0.04468584828037939,0.06426068995287358,-0.6953838857495981,0.4872671411664481,-0.17106292635577222,0.08169122979501345,Negative,,False,0.04325737286630682,0.024497713510744257,7
ETH,2022-11-30,2023-11-29,365,Lagged_Log_ETH_Volume,0.002363262875996225,0.0023839684090672117,0.9913146780837215,0.32220335701295955,-0.00232512378749749,0.00705164953948994,Positive,,False,0.04325737286630682,0.024497713510744257,7
ETH,2022-11-30,2023-11-29,365,Lagged_SP500_Return_Aligned,-0.11484093407038234,0.24396491592770025,-0.4707272504068405,0.6381229997015996,-0.5946299505042607,0.36494808236349596,Negative,,False,0.04325737286630682,0.024497713510744257,7
ETH,2022-11-30,2023-11-29,365,Lagged_VIX_Change_Aligned,0.0009472830426616668,0.0020589650064218377,0.4600772911181711,0.6457408229856522,-0.0031019417876646145,0.004996507872987948,Positive,,False,0.04325737286630682,0.024497713510744257,7
ETH,2022-11-30,2023-11-29,365,Lagged_Gold_Return_Aligned,0.22162207941705486,0.17683203323843058,1.2532914730343674,0.210919840997181,-0.12614131508108145,0.5693854739151911,Positive,,False,0.04325737286630682,0.024497713510744257,7
ETH,2022-11-30,2023-11-29,365,Lagged_DXY_Return_Aligned,-0.6575005331304922,0.3437712364708618,-1.9126106648140768,0.056597832298224834,-1.3335717739374808,0.01857070767649649,Negative,*,False,0.04325737286630682,0.024497713510744257,7
ETH,2022-11-30,2023-11-29,365,Lagged_US10Y_Change_Aligned,-0.006265781835375938,0.021940883925173696,-0.2855756339053845,0.7753687866777287,-0.04941540881398907,0.03688384514323719,Negative,,False,0.04325737286630682,0.024497713510744257,7
ETH,2022-12-07,2023-12-06,365,const,-0.05809113079887253,0.05292655640815153,-1.0975800192042264,0.2731276631663319,-0.16217814817076656,0.045995886573021505,Negative,,False,0.04467738004413724,0.025945563966571328,7
ETH,2022-12-07,2023-12-06,365,ETH_Lagged_Return,-0.04475036613849023,0.06495624408409542,-0.6889309375793695,0.49131421328394287,-0.17249534267266944,0.08299461039568898,Negative,,False,0.04467738004413724,0.025945563966571328,7
ETH,2022-12-07,2023-12-06,365,Lagged_Log_ETH_Volume,0.0026433931532275252,0.002355134428665417,1.1223958688105358,0.2624484584120952,-0.0019882877046619504,0.007275074011117001,Positive,,False,0.04467738004413724,0.025945563966571328,7
ETH,2022-12-07,2023-12-06,365,Lagged_SP500_Return_Aligned,-0.07389598089206419,0.25195091364250777,-0.29329514953422603,0.7694669778532581,-0.5693905096298765,0.4215985478457481,Negative,,False,0.04467738004413724,0.025945563966571328,7
ETH,2022-12-07,2023-12-06,365,Lagged_VIX_Change_Aligned,0.0011413021449123136,0.002112234594804383,0.5403292549604374,0.589306904901194,-0.0030126843201707994,0.005295288609995426,Positive,,False,0.04467738004413724,0.025945563966571328,7
ETH,2022-12-07,2023-12-06,365,Lagged_Gold_Return_Aligned,0.19666134910025665,0.17260264249951815,1.139387823108245,0.25530534854760306,-0.14278439359527903,0.5361070917957923,Positive,,False,0.04467738004413724,0.025945563966571328,7
ETH,2022-12-07,2023-12-06,365,Lagged_DXY_Return_Aligned,-0.6551971670706694,0.34531353586499997,-1.8973978689524011,0.058582106766484655,-1.3343015419926445,0.023907207851305734,Negative,*,False,0.04467738004413724,0.025945563966571328,7
ETH,2022-12-07,2023-12-06,365,Lagged_US10Y_Change_Aligned,-0.011060531111652585,0.020987675823738585,-0.5270012365610451,0.5985200409756903,-0.0523355492937292,0.030214487070424036,Negative,,False,0.04467738004413724,0.025945563966571328,7
ETH,2022-12-14,2023-12-13,365,const,-0.0707982814716854,0.0520839171811542,-1.3593117665370744,0.17490582961502116,-0.17322813824574387,0.031631575302373066,Negative,,False,0.051510207872227154,0.03291236881089832,7
ETH,2022-12-14,2023-12-13,365,ETH_Lagged_Return,-0.04773316793639796,0.06203630732755508,-0.7694392202354056,0.4421413951171239,-0.16973570573039046,0.07426936985759452,Negative,,False,0.051510207872227154,0.03291236881089832,7
ETH,2022-12-14,2023-12-13,365,Lagged_Log_ETH_Volume,0.0031990843579596806,0.002315283484665495,1.381724691230143,0.16792028665761313,-0.0013542243899361166,0.007752393105855478,Positive,,False,0.051510207872227154,0.03291236881089832,7
ETH,2022-12-14,2023-12-13,365,Lagged_SP500_Return_Aligned,-0.2046399760504411,0.22735136198237257,-0.9001044650276061,0.3686714196831387,-0.6517562588800245,0.24247630677914234,Negative,,False,0.051510207872227154,0.03291236881089832,7
ETH,2022-12-14,2023-12-13,365,Lagged_VIX_Change_Aligned,-0.00010363900049354812,0.001870606292960425,-0.05540396227873736,0.9558476322919764,-0.003782431707312431,0.0035751537063253343,Negative,,False,0.051510207872227154,0.03291236881089832,7
ETH,2022-12-14,2023-12-13,365,Lagged_Gold_Return_Aligned,0.283740725950525,0.17868088079066416,1.587974744107877,0.1131772820216692,-0.06765866983594909,0.6351401217369992,Positive,,False,0.051510207872227154,0.03291236881089832,7
ETH,2022-12-14,2023-12-13,365,Lagged_DXY_Return_Aligned,-0.5892652314826737,0.3446961704563269,-1.7095206793350024,0.08822351708773417,-1.2671554763274564,0.08862501336210893,Negative,*,False,0.051510207872227154,0.03291236881089832,7
ETH,2022-12-14,2023-12-13,365,Lagged_US10Y_Change_Aligned,-0.014924526213363595,0.021392456826767308,-0.6976536792487192,0.4858479124412603,-0.056995599346930964,0.02714654692020378,Negative,,False,0.051510207872227154,0.03291236881089832,7
ETH,2022-12-21,2023-12-20,365,const,-0.06402487271457312,0.05258620151150491,-1.2175222943335362,0.2242097068779425,-0.16744253752616323,0.03939279209701699,Negative,,False,0.05417812560828661,0.03563259865942958,7
ETH,2022-12-21,2023-12-20,365,ETH_Lagged_Return,-0.05987081841440882,0.06087630738326447,-0.9834830821369419,0.32603577973879555,-0.1795920641208969,0.05985042729207925,Negative,,False,0.05417812560828661,0.03563259865942958,7
ETH,2022-12-21,2023-12-20,365,Lagged_Log_ETH_Volume,0.0029126188039112983,0.0023366145431551622,1.24651231519699,0.21339364207957787,-0.0016826402692324289,0.0075078778770550254,Positive,,False,0.05417812560828661,0.03563259865942958,7
ETH,2022-12-21,2023-12-20,365,Lagged_SP500_Return_Aligned,-0.35587750531481643,0.19410704496577247,-1.8334084956966372,0.06757428211210476,-0.7376144769317273,0.025859466302094458,Negative,*,False,0.05417812560828661,0.03563259865942958,7
ETH,2022-12-21,2023-12-20,365,Lagged_VIX_Change_Aligned,-0.0010707375850968013,0.0017404355550858545,-0.6152124288474344,0.538806400044356,-0.004493532456916241,0.0023520572867226385,Negative,,False,0.05417812560828661,0.03563259865942958,7
ETH,2022-12-21,2023-12-20,365,Lagged_Gold_Return_Aligned,0.2291416181653378,0.17836528489584583,1.2846760977010867,0.1997384373167211,-0.12163711688641687,0.5799203532170925,Positive,,False,0.05417812560828661,0.03563259865942958,7
ETH,2022-12-21,2023-12-20,365,Lagged_DXY_Return_Aligned,-0.5775875235339427,0.3333832963438622,-1.7325028874218114,0.08404770305175661,-1.2332295171380911,0.0780544700702056,Negative,*,False,0.05417812560828661,0.03563259865942958,7
ETH,2022-12-21,2023-12-20,365,Lagged_US10Y_Change_Aligned,-0.023802304530289684,0.020898489708951674,-1.1389485489994133,0.25548828560296355,-0.06490192651603022,0.017297317455450857,Negative,,False,0.05417812560828661,0.03563259865942958,7
ETH,2022-12-28,2023-12-27,365,const,-0.07291676454872686,0.0515407081048213,-1.4147412255266623,0.15801598807577052,-0.17427832940277438,0.028444800305320636,Negative,,False,0.05441857134663741,0.03587775902010093,7
ETH,2022-12-28,2023-12-27,365,ETH_Lagged_Return,-0.060707141734995494,0.06081636763155464,-0.9982040049280669,0.31885654212538755,-0.18031050805538906,0.05889622458539808,Negative,,False,0.05441857134663741,0.03587775902010093,7
ETH,2022-12-28,2023-12-27,365,Lagged_Log_ETH_Volume,0.0033121187414290633,0.0022872064673669047,1.4481065827179416,0.14846489736230423,-0.00118597286812181,0.007810210350979937,Positive,,False,0.05441857134663741,0.03587775902010093,7
ETH,2022-12-28,2023-12-27,365,Lagged_SP500_Return_Aligned,-0.32567475356630327,0.1946597487220228,-1.6730462034622884,0.09519419858363312,-0.7084986896370262,0.05714918250441969,Negative,*,False,0.05441857134663741,0.03587775902010093,7
ETH,2022-12-28,2023-12-27,365,Lagged_VIX_Change_Aligned,-0.000605486606367907,0.001827161962532147,-0.33138091684483284,0.7405512138164136,-0.0041988403373137625,0.0029878671245779486,Negative,,False,0.05441857134663741,0.03587775902010093,7
ETH,2022-12-28,2023-12-27,365,Lagged_Gold_Return_Aligned,0.19215911754618156,0.18779102296655897,1.0232604014325033,0.3068776138522881,-0.17715656811961564,0.5614748032119787,Positive,,False,0.05441857134663741,0.03587775902010093,7
ETH,2022-12-28,2023-12-27,365,Lagged_DXY_Return_Aligned,-0.6509901576823061,0.3389154630118454,-1.9208039429571657,0.055552625874739005,-1.317511882883462,0.015531567518849987,Negative,*,False,0.05441857134663741,0.03587775902010093,7
ETH,2022-12-28,2023-12-27,365,Lagged_US10Y_Change_Aligned,-0.022907836626653015,0.02133630117226041,-1.073655477662444,0.28370228777311235,-0.06486847229776554,0.019052799044459508,Negative,,False,0.05441857134663741,0.03587775902010093,7
ETH,2023-01-04,2024-01-03,365,const,-0.04904609695979248,0.05410462685241145,-0.9065046709144153,0.36528022360461765,-0.15544994442830906,0.05735775050872412,Negative,,False,0.055404797683418994,0.03688332312819198,7
ETH,2023-01-04,2024-01-03,365,ETH_Lagged_Return,-0.06616335321869748,0.06019440102432547,-1.0991612524221293,0.27243842297520005,-0.18454354060124067,0.05221683416384572,Negative,,False,0.055404797683418994,0.03688332312819198,7
ETH,2023-01-04,2024-01-03,365,Lagged_Log_ETH_Volume,0.00225302931420852,0.002397085420783363,0.9399036407606343,0.3479024945428304,-0.002461153673834209,0.006967212302251249,Positive,,False,0.055404797683418994,0.03688332312819198,7
ETH,2023-01-04,2024-01-03,365,Lagged_SP500_Return_Aligned,-0.3295846486706577,0.19622359768274217,-1.6796381911391516,0.09390259342531015,-0.7154840989064463,0.05631480156513091,Negative,*,False,0.055404797683418994,0.03688332312819198,7
ETH,2023-01-04,2024-01-03,365,Lagged_VIX_Change_Aligned,-0.0005844960356650464,0.001834784802554945,-0.31856380914597365,0.7502435884612283,-0.004192841081665624,0.0030238490103355314,Negative,,False,0.055404797683418994,0.03688332312819198,7
ETH,2023-01-04,2024-01-03,365,Lagged_Gold_Return_Aligned,0.15962466639942655,0.19244379243835116,0.8294612384058159,0.4073977291689248,-0.21884130089631745,0.5380906336951705,Positive,,False,0.055404797683418994,0.03688332312819198,7
ETH,2023-01-04,2024-01-03,365,Lagged_DXY_Return_Aligned,-0.7785778918891129,0.3644951625411275,-2.1360445128027252,0.03335554582342556,-1.4954054523828546,-0.061750331395371116,Negative,**,True,0.055404797683418994,0.03688332312819198,7
ETH,2023-01-04,2024-01-03,365,Lagged_US10Y_Change_Aligned,-0.022590747529820758,0.021618124600588276,-1.0449910872104982,0.29673413613521615,-0.06510562594920419,0.01992413088956268,Negative,,False,0.055404797683418994,0.03688332312819198,7
ETH,2023-01-11,2024-01-10,365,const,-0.08876703298042644,0.05651192326431431,-1.5707664480865462,0.11712275254078665,-0.19990514469074888,0.02237107872989598,Negative,,False,0.05561974766490041,0.03710248781519265,7
ETH,2023-01-11,2024-01-10,365,ETH_Lagged_Return,-0.08067150578457277,0.05983380698706245,-1.3482596185466846,0.17842967717201658,-0.19834253768132631,0.036999526112180756,Negative,,False,0.05561974766490041,0.03710248781519265,7
ETH,2023-01-11,2024-01-10,365,Lagged_Log_ETH_Volume,0.004009969512728753,0.002506154492337598,1.6000488098355352,0.11047230230439571,-0.0009187121148637326,0.00893865114032124,Positive,,False,0.05561974766490041,0.03710248781519265,7
ETH,2023-01-11,2024-01-10,365,Lagged_SP500_Return_Aligned,-0.39413049215832985,0.19780855417498028,-1.9924845707617092,0.04707901250833635,-0.783146967289316,-0.005114017027343709,Negative,**,True,0.05561974766490041,0.03710248781519265,7
ETH,2023-01-11,2024-01-10,365,Lagged_VIX_Change_Aligned,-0.0012408135367529838,0.001881836785612018,-0.6593629937728324,0.5100877961945584,-0.0049416924808608894,0.0024600654073549215,Negative,,False,0.05561974766490041,0.03710248781519265,7
ETH,2023-01-11,2024-01-10,365,Lagged_Gold_Return_Aligned,0.1769622609962892,0.19530190785887314,0.9060959154795543,0.36549621918254904,-0.2071245652711322,0.5610490872637106,Positive,,False,0.05561974766490041,0.03710248781519265,7
ETH,2023-01-11,2024-01-10,365,Lagged_DXY_Return_Aligned,-0.7777267422355725,0.3705107621490827,-2.0990665364873746,0.03651288015466885,-1.5063847686312892,-0.049068715839855725,Negative,**,True,0.05561974766490041,0.03710248781519265,7
ETH,2023-01-11,2024-01-10,365,Lagged_US10Y_Change_Aligned,-0.01880777094084524,0.021532055058989627,-0.8734777469832357,0.3829898903878273,-0.061153382313975324,0.02353784043228484,Negative,,False,0.05561974766490041,0.03710248781519265,7
ETH,2023-01-18,2024-01-17,365,const,-0.08439120506826919,0.05326465595985935,-1.5843752962915416,0.11399373555127869,-0.1891431395687339,0.02036072943219551,Negative,,False,0.06054527117122677,0.042124590213799884,7
ETH,2023-01-18,2024-01-17,365,ETH_Lagged_Return,-0.08831761577370462,0.05737185328205416,-1.5393892775175568,0.12459514191661274,-0.20114689269048502,0.024511661143075777,Negative,,False,0.06054527117122677,0.042124590213799884,7
ETH,2023-01-18,2024-01-17,365,Lagged_Log_ETH_Volume,0.0037985757025519925,0.0023613980515361918,1.6086130417871964,0.10858491424669454,-0.0008454233915275271,0.008442574796631512,Positive,,False,0.06054527117122677,0.042124590213799884,7
ETH,2023-01-18,2024-01-17,365,Lagged_SP500_Return_Aligned,-0.44982505844863807,0.18972731543874233,-2.3709029846778917,0.018275041279772305,-0.8229487173110095,-0.0767013995862666,Negative,**,True,0.06054527117122677,0.042124590213799884,7
ETH,2023-01-18,2024-01-17,365,Lagged_VIX_Change_Aligned,-0.0013842953905578445,0.001926310222037623,-0.718625367150654,0.4728418457065199,-0.0051726371825057205,0.0024040464013900314,Negative,,False,0.06054527117122677,0.042124590213799884,7
ETH,2023-01-18,2024-01-17,365,Lagged_Gold_Return_Aligned,0.1281899686709202,0.1765376441568284,0.7261339035262178,0.46823247278154106,-0.21899447107311276,0.47537440841495315,Positive,,False,0.06054527117122677,0.042124590213799884,7
ETH,2023-01-18,2024-01-17,365,Lagged_DXY_Return_Aligned,-0.8759896070148883,0.3525809726739131,-2.484506184129945,0.013430818444909648,-1.569386349941028,-0.18259286408874842,Negative,**,True,0.06054527117122677,0.042124590213799884,7
ETH,2023-01-18,2024-01-17,365,Lagged_US10Y_Change_Aligned,-0.019554826876296047,0.021779169335194613,-0.8978683518795144,0.36986086286418896,-0.0623864208960551,0.02327676714346301,Negative,,False,0.06054527117122677,0.042124590213799884,7
ETH,2023-01-25,2024-01-24,365,const,-0.07886038584771013,0.05174374618892992,-1.5240563673099794,0.12837996203046612,-0.18062125173364027,0.02290048003822001,Negative,,False,0.05401297906023672,0.03546421394377086,7
ETH,2023-01-25,2024-01-24,365,ETH_Lagged_Return,-0.07409768337227934,0.05827771297776557,-1.2714583257676824,0.20439337096529242,-0.18870845223342306,0.04051308548886437,Negative,,False,0.05401297906023672,0.03546421394377086,7
ETH,2023-01-25,2024-01-24,365,Lagged_Log_ETH_Volume,0.003534757753776479,0.002295538430861202,1.539838194932928,0.12448566096268628,-0.0009797197551759153,0.008049235262728873,Positive,,False,0.05401297906023672,0.03546421394377086,7
ETH,2023-01-25,2024-01-24,365,Lagged_SP500_Return_Aligned,-0.47854010249032347,0.2135346852651593,-2.2410415520836366,0.025637587544242033,-0.8984840777472018,-0.05859612723344515,Negative,**,True,0.05401297906023672,0.03546421394377086,7
ETH,2023-01-25,2024-01-24,365,Lagged_VIX_Change_Aligned,-0.0015201631227427677,0.0019704380110056236,-0.7714848750643742,0.44092992311386153,-0.00539528800145478,0.0023549617559692447,Negative,,False,0.05401297906023672,0.03546421394377086,7
ETH,2023-01-25,2024-01-24,365,Lagged_Gold_Return_Aligned,0.12382383964904015,0.17666902446872385,0.700880304407641,0.48383427925604866,-0.22361897671600567,0.47126665601408596,Positive,,False,0.05401297906023672,0.03546421394377086,7
ETH,2023-01-25,2024-01-24,365,Lagged_DXY_Return_Aligned,-0.8048894769486232,0.3524880657076557,-2.283451711571357,0.02299073737175302,-1.4981035061358183,-0.11167544776142813,Negative,**,True,0.05401297906023672,0.03546421394377086,7
ETH,2023-01-25,2024-01-24,365,Lagged_US10Y_Change_Aligned,-0.021841532962751976,0.022716605072488294,-0.9614787461883508,0.33696226596874534,-0.06651671735556039,0.022833651430056435,Negative,,False,0.05401297906023672,0.03546421394377086,7
ETH,2023-02-01,2024-01-31,365,const,-0.08425092261613829,0.05077582452266268,-1.659272368458236,0.09793910151788565,-0.1841082435498056,0.015606398317529024,Negative,*,False,0.050032234146784815,0.0314054152084865,7
ETH,2023-02-01,2024-01-31,365,ETH_Lagged_Return,-0.05884705744997997,0.0573046046635116,-1.0269167337515988,0.30515495690532174,-0.17154408113508407,0.053849966235124135,Negative,,False,0.050032234146784815,0.0314054152084865,7
ETH,2023-02-01,2024-01-31,365,Lagged_Log_ETH_Volume,0.0037754838691838404,0.0022520931759336562,1.676433244205639,0.09452878296875723,-0.0006535528457464177,0.008204520584114099,Positive,*,False,0.050032234146784815,0.0314054152084865,7
ETH,2023-02-01,2024-01-31,365,Lagged_SP500_Return_Aligned,-0.417082831195244,0.21885235493339408,-1.9057726444030256,0.057482686263200466,-0.8474847015561819,0.013319039165694047,Negative,*,False,0.050032234146784815,0.0314054152084865,7
ETH,2023-02-01,2024-01-31,365,Lagged_VIX_Change_Aligned,-0.0010873086228054708,0.001999612208609731,-0.5437597440762992,0.5869462151602884,-0.005019808388888053,0.002845191143277111,Negative,,False,0.050032234146784815,0.0314054152084865,7
ETH,2023-02-01,2024-01-31,365,Lagged_Gold_Return_Aligned,0.12433569084590793,0.1769158362782418,0.702795710443698,0.48264108975760156,-0.22359251332534189,0.4722638950171577,Positive,,False,0.050032234146784815,0.0314054152084865,7
ETH,2023-02-01,2024-01-31,365,Lagged_DXY_Return_Aligned,-0.7356095824193081,0.3548055341154064,-2.073275390851257,0.03886349070315167,-1.4333812172923175,-0.037837947546298656,Negative,**,True,0.050032234146784815,0.0314054152084865,7
ETH,2023-02-01,2024-01-31,365,Lagged_US10Y_Change_Aligned,-0.022478734243917803,0.022635175965239864,-0.9930885573161744,0.3213394190472351,-0.06699377761346781,0.022036309125632203,Negative,,False,0.050032234146784815,0.0314054152084865,7
ETH,2023-02-08,2024-02-07,365,const,-0.08206412932320042,0.05041777263902417,-1.627682561678289,0.10447440527813155,-0.18121729424972233,0.017089035603321465,Negative,,False,0.05046185022311667,0.0318434551294523,7
ETH,2023-02-08,2024-02-07,365,ETH_Lagged_Return,-0.05520499052339871,0.05689666090411844,-0.9702676685443717,0.3325699868016498,-0.16709973928165395,0.056689758234856544,Negative,,False,0.05046185022311667,0.0318434551294523,7
ETH,2023-02-08,2024-02-07,365,Lagged_Log_ETH_Volume,0.003678921120180245,0.0022358194693666124,1.6454464104038107,0.1007578938614592,-0.0007181112156045737,0.008075953455965065,Positive,,False,0.05046185022311667,0.0318434551294523,7
ETH,2023-02-08,2024-02-07,365,Lagged_SP500_Return_Aligned,-0.4611246312698002,0.20483762632150682,-2.251171523272942,0.0249823991583106,-0.8639646990218834,-0.058284563517716936,Negative,**,True,0.05046185022311667,0.0318434551294523,7
ETH,2023-02-08,2024-02-07,365,Lagged_VIX_Change_Aligned,-0.0014733434936554355,0.0019745992044136527,-0.7461481248256339,0.4560689795558413,-0.005356651905171078,0.0024099649178602077,Negative,,False,0.05046185022311667,0.0318434551294523,7
ETH,2023-02-08,2024-02-07,365,Lagged_Gold_Return_Aligned,0.14392732276770387,0.18447529034912935,0.7801983804731447,0.4357910835745263,-0.21886753966732297,0.5067221852027307,Positive,,False,0.05046185022311667,0.0318434551294523,7
ETH,2023-02-08,2024-02-07,365,Lagged_DXY_Return_Aligned,-0.7443285694235451,0.3508748549956479,-2.121350557972521,0.03458092603749566,-1.4343700080852886,-0.05428713076180158,Negative,**,True,0.05046185022311667,0.0318434551294523,7
ETH,2023-02-08,2024-02-07,365,Lagged_US10Y_Change_Aligned,-0.017640561810564646,0.02243033675554259,-0.7864599628093244,0.4321197936493151,-0.06175276199844637,0.026471638377317083,Negative,,False,0.05046185022311667,0.0318434551294523,7
ETH,2023-02-15,2024-02-14,365,const,-0.10116764621425879,0.05173192760136345,-1.9556133108713392,0.05129042262902982,-0.20290526929708919,0.0005699768685715895,Negative,*,False,0.055952294850053264,0.03744155553338768,7
ETH,2023-02-15,2024-02-14,365,ETH_Lagged_Return,-0.059580276658229125,0.05718958155598424,-1.0418029829419992,0.29820802154834686,-0.1720510923108468,0.05289053899438856,Negative,,False,0.055952294850053264,0.03744155553338768,7
ETH,2023-02-15,2024-02-14,365,Lagged_Log_ETH_Volume,0.004552088803894575,0.002296796428430845,1.9819295900788778,0.04825365518664727,3.513727766670492e-05,0.009069040330122445,Positive,**,True,0.055952294850053264,0.03744155553338768,7
ETH,2023-02-15,2024-02-14,365,Lagged_SP500_Return_Aligned,-0.5262146190643178,0.20723565440565003,-2.5392089048262303,0.011534059945483597,-0.9337707236756224,-0.11865851445301312,Negative,**,True,0.055952294850053264,0.03744155553338768,7
ETH,2023-02-15,2024-02-14,365,Lagged_VIX_Change_Aligned,-0.0009675658163440499,0.002090120650640407,-0.4629234279119679,0.6437013061743893,-0.005078062308782686,0.003142930676094587,Negative,,False,0.055952294850053264,0.03744155553338768,7
ETH,2023-02-15,2024-02-14,365,Lagged_Gold_Return_Aligned,0.10869008242521117,0.18813705530220848,0.5777175700481759,0.5638190036515286,-0.2613061212295939,0.47868628608001623,Positive,,False,0.055952294850053264,0.03744155553338768,7
ETH,2023-02-15,2024-02-14,365,Lagged_DXY_Return_Aligned,-0.7723485857477185,0.34973521604197183,-2.2083809416979863,0.02785267834360787,-1.460148774881452,-0.08454839661398506,Negative,**,True,0.055952294850053264,0.03744155553338768,7
ETH,2023-02-15,2024-02-14,365,Lagged_US10Y_Change_Aligned,-0.012250839309088088,0.0228957314601751,-0.5350708856101511,0.5929339618957414,-0.05727829924544668,0.032776620627270506,Negative,,False,0.055952294850053264,0.03744155553338768,7
ETH,2023-02-22,2024-02-21,365,const,-0.0971681351177697,0.04794895001054265,-2.0264914058890784,0.0434574594013758,-0.1914660364250756,-0.002870233810463807,Negative,**,True,0.05889221574090775,0.04043912193190602,7
ETH,2023-02-22,2024-02-21,365,ETH_Lagged_Return,-0.07336123401292277,0.055513081121882336,-1.3215125611899246,0.1871767799710367,-0.18253499159770295,0.03581252357185741,Negative,,False,0.05889221574090775,0.04043912193190602,7
ETH,2023-02-22,2024-02-21,365,Lagged_Log_ETH_Volume,0.0043734137200549476,0.0021273590137456046,2.0557948572839866,0.04052906857331348,0.00018968310073412802,0.008557144339375766,Positive,**,True,0.05889221574090775,0.04043912193190602,7
ETH,2023-02-22,2024-02-21,365,Lagged_SP500_Return_Aligned,-0.4517553129394083,0.20023442606708666,-2.256132083840827,0.024666903561747992,-0.8455425834312046,-0.057968042447612,Negative,**,True,0.05889221574090775,0.04043912193190602,7
ETH,2023-02-22,2024-02-21,365,Lagged_VIX_Change_Aligned,-5.013135003030739e-05,0.0019622664039016476,-0.025547677894616833,0.9796323936366477,-0.003909185691221824,0.003808922991161209,Negative,,False,0.05889221574090775,0.04043912193190602,7
ETH,2023-02-22,2024-02-21,365,Lagged_Gold_Return_Aligned,0.08110351091739329,0.18177800561085003,0.44616789938283025,0.6557464558758019,-0.276386787184274,0.43859380901906053,Positive,,False,0.05889221574090775,0.04043912193190602,7
ETH,2023-02-22,2024-02-21,365,Lagged_DXY_Return_Aligned,-0.7854575887147921,0.35157860669623925,-2.2340881207070153,0.02609591627794462,-1.476883047431044,-0.09403212999854016,Negative,**,True,0.05889221574090775,0.04043912193190602,7
ETH,2023-02-22,2024-02-21,365,Lagged_US10Y_Change_Aligned,-0.01343176331754551,0.022544633493002474,-0.5957853926396512,0.5516961255945468,-0.057768743035873045,0.030905216400782025,Negative,,False,0.05889221574090775,0.04043912193190602,7
ETH,2023-03-01,2024-02-28,365,const,-0.1184396195810687,0.04602271009017112,-2.573503806034303,0.010470346278558645,-0.20894931735387698,-0.027929921808260427,Negative,**,True,0.06671700922584278,0.04841734274007503,7
ETH,2023-03-01,2024-02-28,365,ETH_Lagged_Return,-0.07101123638619662,0.055647131490723305,-1.276098776053436,0.20275018813117984,-0.1804486216092962,0.03842614883690294,Negative,,False,0.06671700922584278,0.04841734274007503,7
ETH,2023-03-01,2024-02-28,365,Lagged_Log_ETH_Volume,0.005327011625562222,0.002041686558799484,2.609123130386143,0.009459178806505486,0.0013117671294930605,0.009342256121631384,Positive,***,True,0.06671700922584278,0.04841734274007503,7
ETH,2023-03-01,2024-02-28,365,Lagged_SP500_Return_Aligned,-0.5377335517865094,0.20064174270859034,-2.680068187842184,0.007701835562126244,-0.9323218638955442,-0.14314523967747456,Negative,***,True,0.06671700922584278,0.04841734274007503,7
ETH,2023-03-01,2024-02-28,365,Lagged_VIX_Change_Aligned,-0.000751652385858988,0.002001757621518802,-0.375496202826336,0.7075144745722118,-0.004688371387914798,0.0031850666161968213,Negative,,False,0.06671700922584278,0.04841734274007503,7
ETH,2023-03-01,2024-02-28,365,Lagged_Gold_Return_Aligned,0.10262711989351696,0.18168883988887194,0.5648509834521909,0.5725298790469102,-0.25468782211694835,0.4599420619039823,Positive,,False,0.06671700922584278,0.04841734274007503,7
ETH,2023-03-01,2024-02-28,365,Lagged_DXY_Return_Aligned,-0.7945305396398811,0.34964024540198063,-2.272423012191892,0.023655045222255755,-1.4821439565495091,-0.10691712273025289,Negative,**,True,0.06671700922584278,0.04841734274007503,7
ETH,2023-03-01,2024-02-28,365,Lagged_US10Y_Change_Aligned,-0.013744857768731331,0.02257830463384117,-0.6087639436014184,0.5430680724214886,-0.05814805620331884,0.03065834066585618,Negative,,False,0.06671700922584278,0.04841734274007503,7
ETH,2023-03-08,2024-03-06,365,const,-0.1505338403527913,0.04771803937587988,-3.154652670597399,0.0017432765621298886,-0.2443776256005495,-0.05669005510503311,Negative,***,True,0.07725138594680014,0.059158275867325694,7
ETH,2023-03-08,2024-03-06,365,ETH_Lagged_Return,-0.08670665881601122,0.05808994510189226,-1.4926276598114185,0.13641786178170565,-0.20094815751328501,0.02753483988126257,Negative,,False,0.07725138594680014,0.059158275867325694,7
ETH,2023-03-08,2024-03-06,365,Lagged_Log_ETH_Volume,0.006752916077018606,0.002115797375730942,3.191664832595647,0.0015400505900936908,0.002591922935791003,0.010913909218246209,Positive,***,True,0.07725138594680014,0.059158275867325694,7
ETH,2023-03-08,2024-03-06,365,Lagged_SP500_Return_Aligned,-0.5520641419109124,0.20376483843781204,-2.7093199501119987,0.0070671721723504655,-0.9527944315352559,-0.15133385228656876,Negative,***,True,0.07725138594680014,0.059158275867325694,7
ETH,2023-03-08,2024-03-06,365,Lagged_VIX_Change_Aligned,-0.0009603075943821809,0.00201093069686975,-0.4775438536380257,0.6332671382764697,-0.004915066652663163,0.002994451463898801,Negative,,False,0.07725138594680014,0.059158275867325694,7
ETH,2023-03-08,2024-03-06,365,Lagged_Gold_Return_Aligned,0.1322313269436317,0.17092692576898433,0.773613205460376,0.4396715193415859,-0.20391889893995846,0.4683815528272219,Positive,,False,0.07725138594680014,0.059158275867325694,7
ETH,2023-03-08,2024-03-06,365,Lagged_DXY_Return_Aligned,-0.7360704593291019,0.34838282925727837,-2.112820717652301,0.03530982251434172,-1.4212110024116853,-0.050929916246518436,Negative,**,True,0.07725138594680014,0.059158275867325694,7
ETH,2023-03-08,2024-03-06,365,Lagged_US10Y_Change_Aligned,-0.01518410198734271,0.022766360519755828,-0.6669534190221793,0.5052327189496012,-0.05995713699533463,0.029588933020649206,Negative,,False,0.07725138594680014,0.059158275867325694,7
ETH,2023-03-15,2024-03-13,365,const,-0.13841227914579504,0.04525581066540041,-3.058442156061429,0.002392907048356471,-0.22741376857923912,-0.04941078971235098,Negative,***,True,0.06487633250601299,0.046540574319856476,7
ETH,2023-03-15,2024-03-13,365,ETH_Lagged_Return,-0.12311378386581805,0.05368689475607553,-2.293181314083839,0.022418249211627345,-0.22869610635861531,-0.017531461373020793,Negative,**,True,0.06487633250601299,0.046540574319856476,7
ETH,2023-03-15,2024-03-13,365,Lagged_Log_ETH_Volume,0.006214060281896368,0.0020073705284762884,3.095621956058707,0.0021192067268550555,0.002266302761870764,0.010161817801921972,Positive,***,True,0.06487633250601299,0.046540574319856476,7
ETH,2023-03-15,2024-03-13,365,Lagged_SP500_Return_Aligned,-0.5022993741941879,0.19943523788174744,-2.5186089455867364,0.01221835022902593,-0.8945149362625356,-0.11008381212584017,Negative,**,True,0.06487633250601299,0.046540574319856476,7
ETH,2023-03-15,2024-03-13,365,Lagged_VIX_Change_Aligned,-0.0013422991413627088,0.0020511401599259977,-0.6544160987083092,0.5132651295410436,-0.005376135384400899,0.0026915371016754813,Negative,,False,0.06487633250601299,0.046540574319856476,7
ETH,2023-03-15,2024-03-13,365,Lagged_Gold_Return_Aligned,0.14166399966561305,0.16989796474717755,0.8338181088656417,0.4049410348148414,-0.19246263936441588,0.475790638695642,Positive,,False,0.06487633250601299,0.046540574319856476,7
ETH,2023-03-15,2024-03-13,365,Lagged_DXY_Return_Aligned,-0.7144668849795,0.34785931141673226,-2.053896105496441,0.040713591601830044,-1.398577861540823,-0.030355908418176702,Negative,**,True,0.06487633250601299,0.046540574319856476,7
ETH,2023-03-15,2024-03-13,365,Lagged_US10Y_Change_Aligned,-0.004676145997621202,0.021202433598986055,-0.22054760722584343,0.8255707723975908,-0.04637351352187966,0.03702122152663726,Negative,,False,0.06487633250601299,0.046540574319856476,7
ETH,2023-03-22,2024-03-20,365,const,-0.088252950383393,0.061219315701294456,-1.4415866850587309,0.15029560537628545,-0.20864876695147583,0.03214286618468985,Negative,,False,0.053773855108069535,0.03522040128665915,7
ETH,2023-03-22,2024-03-20,365,ETH_Lagged_Return,-0.09972282204516518,0.05286353562704369,-1.886419832920699,0.06004978577842093,-0.20368590078240903,0.00424025669207867,Negative,*,False,0.053773855108069535,0.03522040128665915,7
ETH,2023-03-22,2024-03-20,365,Lagged_Log_ETH_Volume,0.003987331525612748,0.0027154202738568817,1.4684030917797086,0.14287529721727776,-0.0013528987179215442,0.00932756176914704,Positive,,False,0.053773855108069535,0.03522040128665915,7
ETH,2023-03-22,2024-03-20,365,Lagged_SP500_Return_Aligned,-0.4638259068147297,0.1972745368286503,-2.351169665741514,0.01925762813414473,-0.8517921667687507,-0.07585964686070873,Negative,**,True,0.053773855108069535,0.03522040128665915,7
ETH,2023-03-22,2024-03-20,365,Lagged_VIX_Change_Aligned,-0.0006646861648048175,0.0021388434754690978,-0.3107689610896078,0.7561576322962119,-0.004871002484916403,0.003541630155306768,Negative,,False,0.053773855108069535,0.03522040128665915,7
ETH,2023-03-22,2024-03-20,365,Lagged_Gold_Return_Aligned,0.11134174458470879,0.17575243384514938,0.6335146669024733,0.526803251816813,-0.23429847605838644,0.45698196522780404,Positive,,False,0.053773855108069535,0.03522040128665915,7
ETH,2023-03-22,2024-03-20,365,Lagged_DXY_Return_Aligned,-0.7188727751960282,0.37038766942284596,-1.9408658401512306,0.05306137282764177,-1.4472887235952974,0.00954317320324094,Negative,*,False,0.053773855108069535,0.03522040128665915,7
ETH,2023-03-22,2024-03-20,365,Lagged_US10Y_Change_Aligned,-0.017815251871173957,0.023306253709915507,-0.7643979205287105,0.4451350910492257,-0.06365005767395845,0.028019553931610548,Negative,,False,0.053773855108069535,0.03522040128665915,7
ETH,2023-03-29,2024-03-27,365,const,-0.07870447301291376,0.05890006927490275,-1.3362373590017091,0.18232277838694663,-0.19453918718824098,0.03713024116241344,Negative,,False,0.04152303907728472,0.02272937317683943,7
ETH,2023-03-29,2024-03-27,365,ETH_Lagged_Return,-0.07753789523563472,0.050285306617488715,-1.541959280977474,0.12396939412932818,-0.17643054835068678,0.02135475787941736,Negative,,False,0.04152303907728472,0.02272937317683943,7
ETH,2023-03-29,2024-03-27,365,Lagged_Log_ETH_Volume,0.003568461875657624,0.002610388705853506,1.367023182277699,0.1724782045965276,-0.0015652100087977672,0.008702133760113015,Positive,,False,0.04152303907728472,0.02272937317683943,7
ETH,2023-03-29,2024-03-27,365,Lagged_SP500_Return_Aligned,-0.4071264748681905,0.1951012348657062,-2.0867447361285403,0.03762026601588385,-0.7908186513653763,-0.023434298371004636,Negative,**,True,0.04152303907728472,0.02272937317683943,7
ETH,2023-03-29,2024-03-27,365,Lagged_VIX_Change_Aligned,-0.00047516255574981173,0.0021807739910411897,-0.21788711608897623,0.8276415517197477,-0.0047639407362006165,0.0038136156247009926,Negative,,False,0.04152303907728472,0.02272937317683943,7
ETH,2023-03-29,2024-03-27,365,Lagged_Gold_Return_Aligned,0.06280502535917637,0.195947472036228,0.3205197020738526,0.7487619242828206,-0.3225513875638518,0.44816143828220456,Positive,,False,0.04152303907728472,0.02272937317683943,7
ETH,2023-03-29,2024-03-27,365,Lagged_DXY_Return_Aligned,-0.5265550551611835,0.34645125531519666,-1.5198532176831943,0.12943299837229982,-1.2078969046557293,0.1547867943333623,Negative,,False,0.04152303907728472,0.02272937317683943,7
ETH,2023-03-29,2024-03-27,365,Lagged_US10Y_Change_Aligned,-0.02908879747063103,0.02434207184588871,-1.1950008879603249,0.23287994024285702,-0.07696067554166838,0.018783080600406326,Negative,,False,0.04152303907728472,0.02272937317683943,7
ETH,2023-04-05,2024-04-03,365,const,-0.06130639466576873,0.05743749285337603,-1.06735847301464,0.2865312370027767,-0.1742647604117519,0.05165197108021444,Negative,,False,0.03858526361429104,0.01973399427339484,7
ETH,2023-04-05,2024-04-03,365,ETH_Lagged_Return,-0.07015210339881546,0.048136697355776095,-1.4573518178932077,0.14589833032429564,-0.16481923449379426,0.024515027696163358,Negative,,False,0.03858526361429104,0.01973399427339484,7
ETH,2023-04-05,2024-04-03,365,Lagged_Log_ETH_Volume,0.0027917249748153046,0.0025442762299790413,1.0972570281169123,0.2732685981826519,-0.002211928051587488,0.007795378001218097,Positive,,False,0.03858526361429104,0.01973399427339484,7
ETH,2023-04-05,2024-04-03,365,Lagged_SP500_Return_Aligned,-0.40697736818732433,0.20909761659302942,-1.9463510623338762,0.05239677763679787,-0.8181952657376783,0.00424052936302971,Negative,*,False,0.03858526361429104,0.01973399427339484,7
ETH,2023-04-05,2024-04-03,365,Lagged_VIX_Change_Aligned,-0.0004881005336301691,0.0022687798806968564,-0.21513789759112678,0.8297826562066305,-0.004949953842845776,0.003973752775585437,Negative,,False,0.03858526361429104,0.01973399427339484,7
ETH,2023-04-05,2024-04-03,365,Lagged_Gold_Return_Aligned,-0.030741739818259964,0.19964748453313144,-0.1539801009271338,0.8777124317036632,-0.4233747127742416,0.3618912331377217,Negative,,False,0.03858526361429104,0.01973399427339484,7
ETH,2023-04-05,2024-04-03,365,Lagged_DXY_Return_Aligned,-0.5347201408403215,0.35172906616566824,-1.5202614520019861,0.1293304269411284,-1.226441497844145,0.15700121616350182,Negative,,False,0.03858526361429104,0.01973399427339484,7
ETH,2023-04-05,2024-04-03,365,Lagged_US10Y_Change_Aligned,-0.038461207774269854,0.02552495114534287,-1.5068082816404236,0.13274413832516782,-0.08865937318661204,0.01173695763807233,Negative,,False,0.03858526361429104,0.01973399427339484,7
ETH,2023-04-12,2024-04-10,365,const,-0.060408532190613456,0.05601332410297695,-1.078467188977326,0.28155345432294904,-0.17056608323177924,0.04974901885055233,Negative,,False,0.03318821456890275,0.014231120736920566,7
ETH,2023-04-12,2024-04-10,365,ETH_Lagged_Return,-0.0848289922114004,0.04821890087060584,-1.7592477364641055,0.07939201782864824,-0.17965778730375193,0.00999980288095112,Negative,*,False,0.03318821456890275,0.014231120736920566,7
ETH,2023-04-12,2024-04-10,365,Lagged_Log_ETH_Volume,0.0027468372376286696,0.0024811940865990625,1.107062624590453,0.269012226970788,-0.002132756477164784,0.007626430952422123,Positive,,False,0.03318821456890275,0.014231120736920566,7
ETH,2023-04-12,2024-04-10,365,Lagged_SP500_Return_Aligned,-0.26405283363643667,0.24138808857317595,-1.0938933863606528,0.27473926889860495,-0.7387741809866444,0.210668513713771,Negative,,False,0.03318821456890275,0.014231120736920566,7
ETH,2023-04-12,2024-04-10,365,Lagged_VIX_Change_Aligned,2.6636489191756243e-05,0.0022493110054167985,0.011842065916011685,0.990558234076061,-0.004396928722384183,0.0044502017007676965,Positive,,False,0.03318821456890275,0.014231120736920566,7
ETH,2023-04-12,2024-04-10,365,Lagged_Gold_Return_Aligned,0.07947028264214313,0.20263493651803532,0.3921845068166217,0.6951559168122728,-0.31903790660889486,0.4779784718931811,Positive,,False,0.03318821456890275,0.014231120736920566,7
ETH,2023-04-12,2024-04-10,365,Lagged_DXY_Return_Aligned,-0.3892044522970251,0.3575301159828481,-1.0885920790955035,0.2770681372895555,-1.0923343348893946,0.3139254302953443,Negative,,False,0.03318821456890275,0.014231120736920566,7
ETH,2023-04-12,2024-04-10,365,Lagged_US10Y_Change_Aligned,-0.03325181766430692,0.02461954744414006,-1.350626681491723,0.17767053755817538,-0.08166938790531543,0.015165752576701594,Negative,,False,0.03318821456890275,0.014231120736920566,7
ETH,2023-04-19,2024-04-17,365,const,-0.027247788852009135,0.056228634092960125,-0.484589200707982,0.6282649515836567,-0.1378287752380875,0.08333319753406923,Negative,,False,0.023671855276256704,0.004528166164026515,7
ETH,2023-04-19,2024-04-17,365,ETH_Lagged_Return,-0.058930318006584374,0.049401576509420946,-1.1928833484766683,0.2337072641915318,-0.15608499991487287,0.03822436390170412,Negative,,False,0.023671855276256704,0.004528166164026515,7
ETH,2023-04-19,2024-04-17,365,Lagged_Log_ETH_Volume,0.0012620265744284192,0.0024928210963884086,0.506264399100617,0.6129835433011612,-0.003640433180630228,0.006164486329487066,Positive,,False,0.023671855276256704,0.004528166164026515,7
ETH,2023-04-19,2024-04-17,365,Lagged_SP500_Return_Aligned,-0.23915923438676095,0.2443516706877929,-0.9787501501978012,0.3283662257073211,-0.7197088548002745,0.24139038602675256,Negative,,False,0.023671855276256704,0.004528166164026515,7
ETH,2023-04-19,2024-04-17,365,Lagged_VIX_Change_Aligned,0.0004002631890186639,0.002207590073738942,0.18131227974800038,0.8562253623289143,-0.0039412523364443924,0.004741778714481721,Positive,,False,0.023671855276256704,0.004528166164026515,7
ETH,2023-04-19,2024-04-17,365,Lagged_Gold_Return_Aligned,-0.035275902237109795,0.20758702072822494,-0.16993308210388244,0.865159019547357,-0.4435230148225535,0.3729712103483339,Negative,,False,0.023671855276256704,0.004528166164026515,7
ETH,2023-04-19,2024-04-17,365,Lagged_DXY_Return_Aligned,-0.4433490941186965,0.35375162219747497,-1.2532779111079397,0.2109247690356886,-1.139048072927249,0.252349884689856,Negative,,False,0.023671855276256704,0.004528166164026515,7
ETH,2023-04-19,2024-04-17,365,Lagged_US10Y_Change_Aligned,-0.03535111217175459,0.024660121143568536,-1.4335335972578669,0.152580615552344,-0.0838484759161357,0.01314625157262652,Negative,,False,0.023671855276256704,0.004528166164026515,7
ETH,2023-04-26,2024-04-24,365,const,-0.037024901019487806,0.05566343371428282,-0.6651566126792408,0.5063798008605468,-0.14649434670414005,0.07244454466516445,Negative,,False,0.03214830969060045,0.013170825566886757,7
ETH,2023-04-26,2024-04-24,365,ETH_Lagged_Return,-0.07002174550848507,0.049857442708238636,-1.4044391710631081,0.1610575256056461,-0.16807294810838402,0.028029457091413884,Negative,,False,0.03214830969060045,0.013170825566886757,7
ETH,2023-04-26,2024-04-24,365,Lagged_Log_ETH_Volume,0.0017159667285322716,0.002465158961526266,0.6960876581645902,0.48682685464287195,-0.0031320918089271124,0.006564025265991655,Positive,,False,0.03214830969060045,0.013170825566886757,7
ETH,2023-04-26,2024-04-24,365,Lagged_SP500_Return_Aligned,-0.31887864489078965,0.23432215418498747,-1.3608557244614967,0.17441773808705702,-0.7797039051851848,0.1419466154036056,Negative,,False,0.03214830969060045,0.013170825566886757,7
ETH,2023-04-26,2024-04-24,365,Lagged_VIX_Change_Aligned,0.00016531373810211919,0.002153774185632993,0.07675537166563892,0.9388611513047646,-0.004070365782521124,0.004400993258725361,Positive,,False,0.03214830969060045,0.013170825566886757,7
ETH,2023-04-26,2024-04-24,365,Lagged_Gold_Return_Aligned,-0.04478763981172012,0.20534675839339092,-0.21810736221079596,0.8274700784055857,-0.448628982583514,0.3590537029600738,Negative,,False,0.03214830969060045,0.013170825566886757,7
ETH,2023-04-26,2024-04-24,365,Lagged_DXY_Return_Aligned,-0.5077144133662792,0.3570873550760388,-1.4218213166864049,0.1559511538892132,-1.209973548543244,0.1945447218106856,Negative,,False,0.03214830969060045,0.013170825566886757,7
ETH,2023-04-26,2024-04-24,365,Lagged_US10Y_Change_Aligned,-0.038573867790591444,0.0245777058323682,-1.5694657611122784,0.11742532464864686,-0.08690915101224846,0.009761415431065568,Negative,,False,0.03214830969060045,0.013170825566886757,7
ETH,2023-05-03,2024-05-01,365,const,-0.0203030854396042,0.05435861931161826,-0.37350259621595555,0.7089961093712434,-0.1272064424040705,0.0866002715248621,Negative,,False,0.028070239530555763,0.009012793246841233,7
ETH,2023-05-03,2024-05-01,365,ETH_Lagged_Return,-0.04587048120999804,0.050473230007037906,-0.9088081187513051,0.36406452684723906,-0.14513271032696773,0.053391747906971654,Negative,,False,0.028070239530555763,0.009012793246841233,7
ETH,2023-05-03,2024-05-01,365,Lagged_Log_ETH_Volume,0.0009709008998519636,0.002406717081466786,0.4034129758451887,0.686885950764687,-0.0037622240126406474,0.005704025812344575,Positive,,False,0.028070239530555763,0.009012793246841233,7
ETH,2023-05-03,2024-05-01,365,Lagged_SP500_Return_Aligned,-0.2692325428136154,0.23028300618340336,-1.1691376939868139,0.2431281915465339,-0.7221142886090439,0.18364920298181303,Negative,,False,0.028070239530555763,0.009012793246841233,7
ETH,2023-05-03,2024-05-01,365,Lagged_VIX_Change_Aligned,0.00015264884337553463,0.0020884236177700966,0.07309285437909606,0.9417731621469946,-0.003954510211265515,0.004259807898016584,Positive,,False,0.028070239530555763,0.009012793246841233,7
ETH,2023-05-03,2024-05-01,365,Lagged_Gold_Return_Aligned,-0.0264103982236083,0.20208440654341747,-0.13068993632585932,0.8960942052301589,-0.4238358980476241,0.3710151016004075,Negative,,False,0.028070239530555763,0.009012793246841233,7
ETH,2023-05-03,2024-05-01,365,Lagged_DXY_Return_Aligned,-0.28472649809088724,0.35581692010187216,-0.8002050549180422,0.4241241613450166,-0.9844871562045384,0.41503416002276394,Negative,,False,0.028070239530555763,0.009012793246841233,7
ETH,2023-05-03,2024-05-01,365,Lagged_US10Y_Change_Aligned,-0.049434016423528,0.0245816199105505,-2.0110154092127503,0.04507517282909479,-0.09777699719347466,-0.0010910356535813528,Negative,**,True,0.028070239530555763,0.009012793246841233,7
ETH,2023-05-10,2024-05-08,365,const,-0.025080266360021957,0.052687671785810596,-0.47601773830470084,0.6343529107985695,-0.12869748577937717,0.07853695305933327,Negative,,False,0.02460525700384686,0.005479869886275246,7
ETH,2023-05-10,2024-05-08,365,ETH_Lagged_Return,-0.030944517017535922,0.05059532682642547,-0.6116082049177294,0.5411862816876273,-0.130446865549467,0.06855783151439516,Negative,,False,0.02460525700384686,0.005479869886275246,7
ETH,2023-05-10,2024-05-08,365,Lagged_Log_ETH_Volume,0.001181323564562387,0.00233068779971208,0.5068562012931638,0.6125686315034491,-0.003402279789985905,0.005764926919110679,Positive,,False,0.02460525700384686,0.005479869886275246,7
ETH,2023-05-10,2024-05-08,365,Lagged_SP500_Return_Aligned,-0.3037563572149115,0.2302375698420087,-1.3193170750688177,0.18790865187444933,-0.756548746483541,0.14903603205371796,Negative,,False,0.02460525700384686,0.005479869886275246,7
ETH,2023-05-10,2024-05-08,365,Lagged_VIX_Change_Aligned,-0.0008507482318127581,0.001991332108977671,-0.42722568876244527,0.6694725054276283,-0.004766964095583673,0.0030654676319581565,Negative,,False,0.02460525700384686,0.005479869886275246,7
ETH,2023-05-10,2024-05-08,365,Lagged_Gold_Return_Aligned,-0.08477892429542039,0.1991006115523429,-0.42580946203237696,0.6705032838093136,-0.4763363997825588,0.30677855119171804,Negative,,False,0.02460525700384686,0.005479869886275246,7
ETH,2023-05-10,2024-05-08,365,Lagged_DXY_Return_Aligned,-0.41230266640599716,0.35353580085752123,-1.1662260665141508,0.2443015531301374,-1.1075772042328287,0.2829718714208343,Negative,,False,0.02460525700384686,0.005479869886275246,7
ETH,2023-05-10,2024-05-08,365,Lagged_US10Y_Change_Aligned,-0.04561609898460373,0.025024728979284806,-1.8228408796100943,0.06916376326388976,-0.0948305118760607,0.003598313906853244,Negative,*,False,0.02460525700384686,0.005479869886275246,7
ETH,2023-05-17,2024-05-15,365,const,-0.028768205469731613,0.05288557102214325,-0.543970782837654,0.5868011326511043,-0.13277461970257878,0.07523820876311557,Negative,,False,0.027140072762897982,0.00806438791511177,7
ETH,2023-05-17,2024-05-15,365,ETH_Lagged_Return,-0.048556714804211684,0.0511200848893246,-0.9498559110247443,0.3428280445460624,-0.14909106891738272,0.05197763930895935,Negative,,False,0.027140072762897982,0.00806438791511177,7
ETH,2023-05-17,2024-05-15,365,Lagged_Log_ETH_Volume,0.0013457420351198157,0.002338995650569655,0.5753503794639655,0.5654168047159056,-0.0032541997981662,0.005945683868405831,Positive,,False,0.027140072762897982,0.00806438791511177,7
ETH,2023-05-17,2024-05-15,365,Lagged_SP500_Return_Aligned,-0.32220721970938127,0.230797131125539,-1.39606249929563,0.16356319117778953,-0.7761000596589565,0.13168562024019387,Negative,,False,0.027140072762897982,0.00806438791511177,7
ETH,2023-05-17,2024-05-15,365,Lagged_VIX_Change_Aligned,-0.0013742039039065308,0.0019915135698785895,-0.6900298972054244,0.49062370450193465,-0.005290776634347565,0.0025423688265345033,Negative,,False,0.027140072762897982,0.00806438791511177,7
ETH,2023-05-17,2024-05-15,365,Lagged_Gold_Return_Aligned,-0.059203866707054215,0.19196423661532644,-0.30841091940313725,0.7579495544729178,-0.43672672455700245,0.3183189911428941,Negative,,False,0.027140072762897982,0.00806438791511177,7
ETH,2023-05-17,2024-05-15,365,Lagged_DXY_Return_Aligned,-0.39422798545248616,0.3584739257728636,-1.0997396382527334,0.27218661048932863,-1.0992139938288858,0.3107580229239135,Negative,,False,0.027140072762897982,0.00806438791511177,7
ETH,2023-05-17,2024-05-15,365,Lagged_US10Y_Change_Aligned,-0.04808490141364149,0.02496768625758966,-1.925885359081868,0.05491254655906544,-0.09718713230863085,0.0010173294813478687,Negative,*,False,0.027140072762897982,0.00806438791511177,7
ETH,2023-05-24,2024-05-22,365,const,-0.04920286485791718,0.05408960120124786,-0.9096547906657899,0.36361831578875103,-0.15557716241198954,0.05717143269615518,Negative,,False,0.02235628409017376,0.0031867994644909636,7
ETH,2023-05-24,2024-05-22,365,ETH_Lagged_Return,-0.031309128714882416,0.05293657497108428,-0.5914460603464524,0.5545958976858544,-0.1354158489052629,0.07279759147549808,Negative,,False,0.02235628409017376,0.0031867994644909636,7
ETH,2023-05-24,2024-05-22,365,Lagged_Log_ETH_Volume,0.0022520457517159784,0.0023918730223906563,0.9415406798915598,0.34706452365281687,-0.0024518863709980672,0.0069559778744300235,Positive,,False,0.02235628409017376,0.0031867994644909636,7
ETH,2023-05-24,2024-05-22,365,Lagged_SP500_Return_Aligned,-0.3833666912064294,0.2311112652318869,-1.6587970769048237,0.09803494117625575,-0.8378773170919038,0.07114393467904506,Negative,*,False,0.02235628409017376,0.0031867994644909636,7
ETH,2023-05-24,2024-05-22,365,Lagged_VIX_Change_Aligned,-0.002042814060803551,0.002063967839991249,-0.9897509162798835,0.32296622193986685,-0.006101877619737685,0.002016249498130583,Negative,,False,0.02235628409017376,0.0031867994644909636,7
ETH,2023-05-24,2024-05-22,365,Lagged_Gold_Return_Aligned,0.04062477243928427,0.2116879080609213,0.19190880013606132,0.8479227528874885,-0.3756872731402283,0.4569368180187968,Positive,,False,0.02235628409017376,0.0031867994644909636,7
ETH,2023-05-24,2024-05-22,365,Lagged_DXY_Return_Aligned,-0.2972004838110265,0.37354349489052774,-0.7956248412199638,0.42677880969772153,-1.0318227770505706,0.4374218094285177,Negative,,False,0.02235628409017376,0.0031867994644909636,7
ETH,2023-05-24,2024-05-22,365,Lagged_US10Y_Change_Aligned,-0.04040142548079846,0.026130090258951896,-1.546164788579609,0.12295074700962746,-0.09178967635694638,0.010986825395349453,Negative,,False,0.02235628409017376,0.0031867994644909636,7
ETH,2023-05-31,2024-05-29,365,const,-0.04508681392601163,0.05184070237058778,-0.8697184232517648,0.38503867433685246,-0.14703835686424627,0.056864729012223,Negative,,False,0.024916015553768656,0.005796721741097466,7
ETH,2023-05-31,2024-05-29,365,ETH_Lagged_Return,-0.026252747947318165,0.052629432407168934,-0.49882255510971724,0.6182116091700897,-0.12975543198731382,0.0772499360926775,Negative,,False,0.024916015553768656,0.005796721741097466,7
ETH,2023-05-31,2024-05-29,365,Lagged_Log_ETH_Volume,0.002068505008967058,0.0022886610034031883,0.9038057649827723,0.3667078668319826,-0.002432447136540645,0.006569457154474761,Positive,,False,0.024916015553768656,0.005796721741097466,7
ETH,2023-05-31,2024-05-29,365,Lagged_SP500_Return_Aligned,-0.44750495051348055,0.2320892644726,-1.9281587691287294,0.0546281828265913,-0.9039389402235873,0.008929039196626298,Negative,*,False,0.024916015553768656,0.005796721741097466,7
ETH,2023-05-31,2024-05-29,365,Lagged_VIX_Change_Aligned,-0.002165530628844418,0.0020865977531199656,-1.0378285060483885,0.30005231850748104,-0.006269098881089572,0.0019380376234007356,Negative,,False,0.024916015553768656,0.005796721741097466,7
ETH,2023-05-31,2024-05-29,365,Lagged_Gold_Return_Aligned,0.04275599443655825,0.2096576613751655,0.20393242086226385,0.8385225092699483,-0.3695633046581868,0.4550752935313033,Positive,,False,0.024916015553768656,0.005796721741097466,7
ETH,2023-05-31,2024-05-29,365,Lagged_DXY_Return_Aligned,-0.31980422802087505,0.37687722420341124,-0.8485634245922691,0.3966928729657802,-1.0609827373540446,0.4213742813122946,Negative,,False,0.024916015553768656,0.005796721741097466,7
ETH,2023-05-31,2024-05-29,365,Lagged_US10Y_Change_Aligned,-0.04304699166255115,0.02627968657877317,-1.638032916926848,0.10229585953437985,-0.09472944332931786,0.008635460004215556,Negative,,False,0.024916015553768656,0.005796721741097466,7
ETH,2023-06-07,2024-06-05,365,const,-0.03742460029346232,0.05112146013318024,-0.7320722099088087,0.4646048057656583,-0.13796165900411345,0.06311245841718882,Negative,,False,0.022478850070296374,0.00331176869912575,7
ETH,2023-06-07,2024-06-05,365,ETH_Lagged_Return,-0.01690035525570028,0.05208754653225604,-0.32446057418416635,0.7457793946058426,-0.11933734962488723,0.08553663911348666,Negative,,False,0.022478850070296374,0.00331176869912575,7
ETH,2023-06-07,2024-06-05,365,Lagged_Log_ETH_Volume,0.0017346148609454497,0.0022547899069444693,0.7693022110854116,0.4422226025821607,-0.0026997253293404547,0.0061689550512313545,Positive,,False,0.022478850070296374,0.00331176869912575,7
ETH,2023-06-07,2024-06-05,365,Lagged_SP500_Return_Aligned,-0.4074723776869792,0.2362767338433093,-1.72455565581502,0.08547314235855367,-0.8721415753288486,0.05719681995489029,Negative,*,False,0.022478850070296374,0.00331176869912575,7
ETH,2023-06-07,2024-06-05,365,Lagged_VIX_Change_Aligned,-0.0017891234031739423,0.002071417573923305,-0.8637193319670973,0.3883220065333466,-0.00586283784132308,0.0022845910349751954,Negative,,False,0.022478850070296374,0.00331176869912575,7
ETH,2023-06-07,2024-06-05,365,Lagged_Gold_Return_Aligned,0.026785220677005,0.20861991932069063,0.1283924409721909,0.8979107095295473,-0.38349322251132717,0.4370636638653372,Positive,,False,0.022478850070296374,0.00331176869912575,7
ETH,2023-06-07,2024-06-05,365,Lagged_DXY_Return_Aligned,-0.25591140922476274,0.3732699059339374,-0.6855934677735709,0.4934144528902278,-0.9899956538851065,0.478172835435581,Negative,,False,0.022478850070296374,0.00331176869912575,7
ETH,2023-06-07,2024-06-05,365,Lagged_US10Y_Change_Aligned,-0.0459008990575127,0.02600354174004097,-1.7651787405110753,0.07838862112804769,-0.09704027566750412,0.005238477552478728,Negative,*,False,0.022478850070296374,0.00331176869912575,7
ETH,2023-06-14,2024-06-12,365,const,-0.025857289994434034,0.05036820451043928,-0.5133653312790785,0.6080133403285357,-0.12491297269253887,0.07319839270367079,Negative,,False,0.02291706884624578,0.0037585800000937697,7
ETH,2023-06-14,2024-06-12,365,ETH_Lagged_Return,-0.012177851528105566,0.051722536553264774,-0.235445752270185,0.8139977799895566,-0.11389700588270339,0.08954130282649227,Negative,,False,0.02291706884624578,0.0037585800000937697,7
ETH,2023-06-14,2024-06-12,365,Lagged_Log_ETH_Volume,0.0012323240088779395,0.0022211605865866445,0.5548108571346956,0.5793714668688574,-0.0031358797106106544,0.005600527728366533,Positive,,False,0.02291706884624578,0.0037585800000937697,7
ETH,2023-06-14,2024-06-12,365,Lagged_SP500_Return_Aligned,-0.43394977990885963,0.24528733617499807,-1.7691487325675144,0.07772279383220919,-0.9163395092663589,0.04843994944863961,Negative,*,False,0.02291706884624578,0.0037585800000937697,7
ETH,2023-06-14,2024-06-12,365,Lagged_VIX_Change_Aligned,-0.001994039252269555,0.002183070519805559,-0.9134103704754162,0.36164320304567815,-0.006287333857850092,0.0022992553533109816,Negative,,False,0.02291706884624578,0.0037585800000937697,7
ETH,2023-06-14,2024-06-12,365,Lagged_Gold_Return_Aligned,0.001932651333883869,0.20364820057852365,0.009490146872860131,0.9924333729144756,-0.39856825463677276,0.4024335573045405,Positive,,False,0.02291706884624578,0.0037585800000937697,7
ETH,2023-06-14,2024-06-12,365,Lagged_DXY_Return_Aligned,-0.25495022259062744,0.3753413104725379,-0.6792490340848881,0.4974202230669646,-0.9931081560534478,0.4832077108721929,Negative,,False,0.02291706884624578,0.0037585800000937697,7
ETH,2023-06-14,2024-06-12,365,Lagged_US10Y_Change_Aligned,-0.04767605554554089,0.025891529941760964,-1.841376529420273,0.06639586502314906,-0.09859514625777774,0.003243035166695954,Negative,*,False,0.02291706884624578,0.0037585800000937697,7
ETH,2023-06-21,2024-06-19,365,const,-0.029571150837421126,0.04961601761562557,-0.5960000874416871,0.5515528495794615,-0.12714755931667035,0.06800525764182809,Negative,,False,0.020923326839859202,0.0017257450131898944,7
ETH,2023-06-21,2024-06-19,365,ETH_Lagged_Return,-0.013452758285420826,0.05203349312189939,-0.2585403646436904,0.7961388939349816,-0.115783449531098,0.08887793296025635,Negative,,False,0.020923326839859202,0.0017257450131898944,7
ETH,2023-06-21,2024-06-19,365,Lagged_Log_ETH_Volume,0.001387526897121703,0.0021872721966095716,0.6343640719579707,0.5262495338711469,-0.0029140308571722648,0.00568908465141567,Positive,,False,0.020923326839859202,0.0017257450131898944,7
ETH,2023-06-21,2024-06-19,365,Lagged_SP500_Return_Aligned,-0.47658953478012145,0.2558930171163271,-1.8624561941972309,0.06336008421190312,-0.9798367272203854,0.026657657660142497,Negative,*,False,0.020923326839859202,0.0017257450131898944,7
ETH,2023-06-21,2024-06-19,365,Lagged_VIX_Change_Aligned,-0.002515961452626776,0.002290635847631521,-1.0983681475290967,0.27278397813868477,-0.00702079738841768,0.0019888744831641275,Negative,,False,0.020923326839859202,0.0017257450131898944,7
ETH,2023-06-21,2024-06-19,365,Lagged_Gold_Return_Aligned,0.0344844333546579,0.19959032649362157,0.17277607567699402,0.8629253541807698,-0.3580361308172433,0.42700499752655907,Positive,,False,0.020923326839859202,0.0017257450131898944,7
ETH,2023-06-21,2024-06-19,365,Lagged_DXY_Return_Aligned,-0.24884954316042457,0.3648292859137997,-0.682098594516948,0.4956189093774429,-0.9663342011049714,0.4686351147841223,Negative,,False,0.020923326839859202,0.0017257450131898944,7
ETH,2023-06-21,2024-06-19,365,Lagged_US10Y_Change_Aligned,-0.04065088987375408,0.02479814702557152,-1.6392712661891802,0.10203766069994814,-0.08941969962469236,0.008117919877184201,Negative,,False,0.020923326839859202,0.0017257450131898944,7
ETH,2023-06-28,2024-06-26,365,const,-0.0344152018085576,0.04850416431190606,-0.7095308680560009,0.47845824578191615,-0.1298050048860349,0.060974601268919695,Negative,,False,0.022241354092785826,0.0030696159377424648,7
ETH,2023-06-28,2024-06-26,365,ETH_Lagged_Return,-0.020618817582045885,0.051930611131973274,-0.3970455408207403,0.6915711367309149,-0.1227471778959671,0.08150954273187534,Negative,,False,0.022241354092785826,0.0030696159377424648,7
ETH,2023-06-28,2024-06-26,365,Lagged_Log_ETH_Volume,0.001581668632120144,0.002137470486730692,0.7399721502304066,0.4598032248550701,-0.00262194752549525,0.005785284789735538,Positive,,False,0.022241354092785826,0.0030696159377424648,7
ETH,2023-06-28,2024-06-26,365,Lagged_SP500_Return_Aligned,-0.4770792111728227,0.25980480395105127,-1.8362986515934756,0.06714486627402536,-0.9880194456670822,0.03386102332143681,Negative,*,False,0.022241354092785826,0.0030696159377424648,7
ETH,2023-06-28,2024-06-26,365,Lagged_VIX_Change_Aligned,-0.002634763049664313,0.002275513607886961,-1.1578762001388119,0.24768860388744782,-0.0071098591168936645,0.0018403330175650388,Negative,,False,0.022241354092785826,0.0030696159377424648,7
ETH,2023-06-28,2024-06-26,365,Lagged_Gold_Return_Aligned,0.12667521112590416,0.19639409954576412,0.6450051779502982,0.5193381064055023,-0.25955955339410586,0.5129099756459142,Positive,,False,0.022241354092785826,0.0030696159377424648,7
ETH,2023-06-28,2024-06-26,365,Lagged_DXY_Return_Aligned,-0.18302555145705995,0.3726934980519511,-0.4910886624363577,0.6236654892208752,-0.9159762143902472,0.5499251114761272,Negative,,False,0.022241354092785826,0.0030696159377424648,7
ETH,2023-06-28,2024-06-26,365,Lagged_US10Y_Change_Aligned,-0.039167034739831845,0.02493400270517002,-1.5708282060830383,0.11710840139661494,-0.08820302250955885,0.009868953029895156,Negative,,False,0.022241354092785826,0.0030696159377424648,7
ETH,2023-07-05,2024-07-03,365,const,-0.038361464126420775,0.048281607125627346,-0.7945357748056181,0.4274114506458493,-0.13331357929660653,0.05659065104376497,Negative,,False,0.02330595941091973,0.004155095869957437,7
ETH,2023-07-05,2024-07-03,365,ETH_Lagged_Return,-0.015795439261240274,0.05238505294129079,-0.3015256905236425,0.763189221376068,-0.11881751901793375,0.0872266404954532,Negative,,False,0.02330595941091973,0.004155095869957437,7
ETH,2023-07-05,2024-07-03,365,Lagged_Log_ETH_Volume,0.001745383441631147,0.002126113746247837,0.82092665301252,0.41223588280563034,-0.0024358981957707804,0.005926665079033075,Positive,,False,0.02330595941091973,0.004155095869957437,7
ETH,2023-07-05,2024-07-03,365,Lagged_SP500_Return_Aligned,-0.5437297214164345,0.2722963446224775,-1.9968307770355238,0.04660240099310339,-1.0792362095857246,-0.008223233247144468,Negative,**,True,0.02330595941091973,0.004155095869957437,7
ETH,2023-07-05,2024-07-03,365,Lagged_VIX_Change_Aligned,-0.003029146389591001,0.002370973835659777,-1.2775958739114777,0.20222213328989785,-0.007691977519534233,0.0016336847403522316,Negative,,False,0.02330595941091973,0.004155095869957437,7
ETH,2023-07-05,2024-07-03,365,Lagged_Gold_Return_Aligned,0.11794647213453895,0.19568474823210474,0.6027371739500147,0.5470662244824289,-0.2668932599571707,0.5027862042262486,Positive,,False,0.02330595941091973,0.004155095869957437,7
ETH,2023-07-05,2024-07-03,365,Lagged_DXY_Return_Aligned,-0.20887584583945157,0.37849936940501355,-0.5518525596695084,0.5813946478646094,-0.9532445165441044,0.5354928248652013,Negative,,False,0.02330595941091973,0.004155095869957437,7
ETH,2023-07-05,2024-07-03,365,Lagged_US10Y_Change_Aligned,-0.03864641862917001,0.02498127156927985,-1.547015672200392,0.12274544892746425,-0.08777536682205032,0.010482529563710305,Negative,,False,0.02330595941091973,0.004155095869957437,7
ETH,2023-07-12,2024-07-10,365,const,-0.03214324552249623,0.0476500765259411,-0.6745686023189738,0.5003864804918796,-0.1258533729088272,0.061566881863834744,Negative,,False,0.019720480087369596,0.0004993130302592963,7
ETH,2023-07-12,2024-07-10,365,ETH_Lagged_Return,-0.004652066585808967,0.05188165313785728,-0.08966689194439763,0.9286022094753784,-0.10668414458079853,0.0973800114091806,Negative,,False,0.019720480087369596,0.0004993130302592963,7
ETH,2023-07-12,2024-07-10,365,Lagged_Log_ETH_Volume,0.0014769217768185099,0.0020964428739576857,0.7044893973334757,0.481587357722656,-0.0026460081972768555,0.005599851750913875,Positive,,False,0.019720480087369596,0.0004993130302592963,7
ETH,2023-07-12,2024-07-10,365,Lagged_SP500_Return_Aligned,-0.5819539403167254,0.2880533738443756,-2.020298990252873,0.04409874654497386,-1.1484486938419032,-0.015459186791547785,Negative,**,True,0.019720480087369596,0.0004993130302592963,7
ETH,2023-07-12,2024-07-10,365,Lagged_VIX_Change_Aligned,-0.003095717456027244,0.002490182963935146,-1.2431686750981517,0.21462149355668758,-0.007992988977482057,0.0018015540654275674,Negative,,False,0.019720480087369596,0.0004993130302592963,7
ETH,2023-07-12,2024-07-10,365,Lagged_Gold_Return_Aligned,0.05268143603203121,0.19888323247491396,0.26488626203657545,0.7912499527112197,-0.3384485349782592,0.4438114070423216,Positive,,False,0.019720480087369596,0.0004993130302592963,7
ETH,2023-07-12,2024-07-10,365,Lagged_DXY_Return_Aligned,-0.2565449885205117,0.4083078634381494,-0.6283126324344552,0.5302009056905839,-1.0595359737458794,0.5464459967048558,Negative,,False,0.019720480087369596,0.0004993130302592963,7
ETH,2023-07-12,2024-07-10,365,Lagged_US10Y_Change_Aligned,-0.03480042756924801,0.025597665024033506,-1.3595157033492735,0.17484130043818444,-0.08514159436441367,0.015540739225917644,Negative,,False,0.019720480087369596,0.0004993130302592963,7
ETH,2023-07-19,2024-07-17,365,const,-0.031289168143061256,0.04683115367815317,-0.6681272120284689,0.5044841119143827,-0.12338877630296444,0.06081044001684192,Negative,,False,0.016144693136532662,-0.003146587390201905,7
ETH,2023-07-19,2024-07-17,365,ETH_Lagged_Return,0.010562157355079444,0.049703847178253165,0.2125018072987454,0.8318368489225348,-0.087186979482699,0.10831129419285788,Positive,,False,0.016144693136532662,-0.003146587390201905,7
ETH,2023-07-19,2024-07-17,365,Lagged_Log_ETH_Volume,0.0014496383600294948,0.0020584216148738506,0.7042475407149935,0.481737752515922,-0.0025985178195223266,0.005497794539581316,Positive,,False,0.016144693136532662,-0.003146587390201905,7
ETH,2023-07-19,2024-07-17,365,Lagged_SP500_Return_Aligned,-0.47743163422916834,0.27678475326609964,-1.7249202804540598,0.08540731537629928,-1.0217651668949506,0.06690189843661387,Negative,*,False,0.016144693136532662,-0.003146587390201905,7
ETH,2023-07-19,2024-07-17,365,Lagged_VIX_Change_Aligned,-0.002126558158992648,0.0023746439312169647,-0.8955271697945986,0.37110875775564245,-0.00679660701338165,0.002543490695396354,Negative,,False,0.016144693136532662,-0.003146587390201905,7
ETH,2023-07-19,2024-07-17,365,Lagged_Gold_Return_Aligned,-0.003246064817023199,0.1994697160529249,-0.016273471889647284,0.9870253117959497,-0.39552943273267804,0.3890373030986316,Negative,,False,0.016144693136532662,-0.003146587390201905,7
ETH,2023-07-19,2024-07-17,365,Lagged_DXY_Return_Aligned,-0.27634556742748984,0.40989284410642784,-0.6741897825270091,0.5006269716902938,-1.0824536250934105,0.5297624902384307,Negative,,False,0.016144693136532662,-0.003146587390201905,7
ETH,2023-07-19,2024-07-17,365,Lagged_US10Y_Change_Aligned,-0.03358816270141815,0.02578847951097141,-1.3024483543951653,0.1936027576403212,-0.08430459122084093,0.017128265818004626,Negative,,False,0.016144693136532662,-0.003146587390201905,7
ETH,2023-07-26,2024-07-24,365,const,-0.023372564268845836,0.046686447245030044,-0.5006284617498697,0.6169411196800646,-0.1151875882418966,0.06844245970420493,Negative,,False,0.015165911583640113,-0.004144560738249314,7
ETH,2023-07-26,2024-07-24,365,ETH_Lagged_Return,0.012884686409791898,0.049486244429562204,0.2603690491835912,0.7947292239216964,-0.08443650607225514,0.11020587889183894,Positive,,False,0.015165911583640113,-0.004144560738249314,7
ETH,2023-07-26,2024-07-24,365,Lagged_Log_ETH_Volume,0.0011028731397957146,0.002049258728323027,0.5381815017073176,0.5907871155692886,-0.0029272630211431934,0.005133009300734623,Positive,,False,0.015165911583640113,-0.004144560738249314,7
ETH,2023-07-26,2024-07-24,365,Lagged_SP500_Return_Aligned,-0.45338108177641095,0.27716141273278877,-1.6358015977264322,0.10276241267494797,-0.9984553647028038,0.09169320114998186,Negative,,False,0.015165911583640113,-0.004144560738249314,7
ETH,2023-07-26,2024-07-24,365,Lagged_VIX_Change_Aligned,-0.00189376211833362,0.0023413283536477224,-0.8088408938384029,0.4191453715071495,-0.006498291518283483,0.0027107672816162427,Negative,,False,0.015165911583640113,-0.004144560738249314,7
ETH,2023-07-26,2024-07-24,365,Lagged_Gold_Return_Aligned,-0.0035812848363853678,0.18885377095789663,-0.01896326887316317,0.9848810010981216,-0.3749870038643242,0.3678244341915535,Negative,,False,0.015165911583640113,-0.004144560738249314,7
ETH,2023-07-26,2024-07-24,365,Lagged_DXY_Return_Aligned,-0.23693122653814896,0.4022632123709884,-0.5889955115250223,0.5562367850822161,-1.0280346123553352,0.5541721592790372,Negative,,False,0.015165911583640113,-0.004144560738249314,7
ETH,2023-07-26,2024-07-24,365,Lagged_US10Y_Change_Aligned,-0.034971069037869465,0.025933961834986172,-1.3484661256303616,0.17836335204008805,-0.08597360763538331,0.016031469559644386,Negative,,False,0.015165911583640113,-0.004144560738249314,7
ETH,2023-08-02,2024-07-31,365,const,-0.019293842316371688,0.04808517721661496,-0.40124303232691527,0.6884812592404941,-0.11385965229802295,0.07527196766527958,Negative,,False,0.016009584406942334,-0.003284345310568426,7
ETH,2023-08-02,2024-07-31,365,ETH_Lagged_Return,0.009130226628747448,0.04859193789367371,0.18789591492987423,0.8510649967716334,-0.08643219471355307,0.10469264797104796,Positive,,False,0.016009584406942334,-0.003284345310568426,7
ETH,2023-08-02,2024-07-31,365,Lagged_Log_ETH_Volume,0.0009165826222427326,0.0021064070717434374,0.4351403081286148,0.6637235261050113,-0.0032259432541445637,0.005059108498630029,Positive,,False,0.016009584406942334,-0.003284345310568426,7
ETH,2023-08-02,2024-07-31,365,Lagged_SP500_Return_Aligned,-0.450507675734365,0.2825187677104924,-1.5946114992120353,0.11168402063155528,-1.0061179001327738,0.1051025486640439,Negative,,False,0.016009584406942334,-0.003284345310568426,7
ETH,2023-08-02,2024-07-31,365,Lagged_VIX_Change_Aligned,-0.003196476718080565,0.002354459397920597,-1.357626604605549,0.17543972764809163,-0.00782683003944337,0.0014338766032822407,Negative,,False,0.016009584406942334,-0.003284345310568426,7
ETH,2023-08-02,2024-07-31,365,Lagged_Gold_Return_Aligned,-0.01900332671127171,0.18183961529575057,-0.10450597731613107,0.9168265124727131,-0.3766147883417555,0.3386081349192121,Negative,,False,0.016009584406942334,-0.003284345310568426,7
ETH,2023-08-02,2024-07-31,365,Lagged_DXY_Return_Aligned,-0.19691011597674787,0.39644330292059066,-0.4966917451401363,0.6197121496941864,-0.9765678862621988,0.582747654308703,Negative,,False,0.016009584406942334,-0.003284345310568426,7
ETH,2023-08-02,2024-07-31,365,Lagged_US10Y_Change_Aligned,-0.03932906737547135,0.025930239855982612,-1.516725938283111,0.1302208526184131,-0.09032428621293481,0.011666151461992104,Negative,,False,0.016009584406942334,-0.003284345310568426,7
ETH,2023-08-09,2024-08-07,365,const,0.010592889722895838,0.05136580404108617,0.20622454803633292,0.8367330702261747,-0.09042470334163978,0.11161048278743145,Positive,,False,0.004212904976867771,-0.015312332180448474,7
ETH,2023-08-09,2024-08-07,365,ETH_Lagged_Return,0.03488151064402682,0.050178517303795384,0.6951482929008042,0.4874145784544412,-0.06380112727442315,0.13356414856247678,Positive,,False,0.004212904976867771,-0.015312332180448474,7
ETH,2023-08-09,2024-08-07,365,Lagged_Log_ETH_Volume,-0.0004378737324094009,0.0022553625642367696,-0.19414782321598942,0.8461705625305865,-0.00487334012839575,0.003997592663576949,Negative,,False,0.004212904976867771,-0.015312332180448474,7
ETH,2023-08-09,2024-08-07,365,Lagged_SP500_Return_Aligned,0.030397008110595813,0.40352694506941766,0.07532832313184612,0.9399956800658008,-0.7631916738652986,0.8239856900864904,Positive,,False,0.004212904976867771,-0.015312332180448474,7
ETH,2023-08-09,2024-08-07,365,Lagged_VIX_Change_Aligned,-0.00026529007825426456,0.0021582560128719473,-0.12291872543019049,0.9022406256867654,-0.00450978370017821,0.003979203543669681,Negative,,False,0.004212904976867771,-0.015312332180448474,7
ETH,2023-08-09,2024-08-07,365,Lagged_Gold_Return_Aligned,0.055519281518293134,0.18754807895863473,0.29602692721016016,0.7673816381487262,-0.3133186228806065,0.42435718591719285,Positive,,False,0.004212904976867771,-0.015312332180448474,7
ETH,2023-08-09,2024-08-07,365,Lagged_DXY_Return_Aligned,0.330531911377971,0.591918206621129,0.5584080835505295,0.5769158021003963,-0.8335529041953458,1.4946167269512878,Positive,,False,0.004212904976867771,-0.015312332180448474,7
ETH,2023-08-09,2024-08-07,365,Lagged_US10Y_Change_Aligned,-0.02062237776183881,0.03129433856455297,-0.6589811035404893,0.5103327112913134,-0.08216680050287467,0.040922044979197054,Negative,,False,0.004212904976867771,-0.015312332180448474,7
ETH,2023-08-16,2024-08-14,365,const,-0.003962162024532735,0.05028061586188282,-0.07880098436774333,0.9372350710299114,-0.10284559015323821,0.09492126610417273,Negative,,False,0.003592730102747854,-0.0159446673462178,7
ETH,2023-08-16,2024-08-14,365,ETH_Lagged_Return,0.012106168232658532,0.04813818848829694,0.2514878231365459,0.8015816756229684,-0.08256389537006563,0.10677623183538269,Positive,,False,0.003592730102747854,-0.0159446673462178,7
ETH,2023-08-16,2024-08-14,365,Lagged_Log_ETH_Volume,0.00021030440223273537,0.0021970893303304003,0.0957195501018202,0.9237970203934739,-0.004110560033574045,0.004531168838039516,Positive,,False,0.003592730102747854,-0.0159446673462178,7
ETH,2023-08-16,2024-08-14,365,Lagged_SP500_Return_Aligned,-0.04235374804163425,0.373571928175489,-0.11337508213876865,0.9097969220154252,-0.7770319590666259,0.6923244629833574,Negative,,False,0.003592730102747854,-0.0159446673462178,7
ETH,2023-08-16,2024-08-14,365,Lagged_VIX_Change_Aligned,-0.000784685733925575,0.0018632863855987884,-0.4211299669177839,0.673913603232748,-0.004449082882513997,0.0028797114146628467,Negative,,False,0.003592730102747854,-0.0159446673462178,7
ETH,2023-08-16,2024-08-14,365,Lagged_Gold_Return_Aligned,0.08153701331823661,0.1917839509890884,0.4251503470323003,0.6709832229299885,-0.29563128919345333,0.4587053158299265,Positive,,False,0.003592730102747854,-0.0159446673462178,7
ETH,2023-08-16,2024-08-14,365,Lagged_DXY_Return_Aligned,0.3565336900991955,0.5894375026377136,0.6048710652167854,0.5456489319263018,-0.8026724956115419,1.515739875809933,Positive,,False,0.003592730102747854,-0.0159446673462178,7
ETH,2023-08-16,2024-08-14,365,Lagged_US10Y_Change_Aligned,-0.017585995757341495,0.03279638212899496,-0.5362175525389397,0.5921421517952318,-0.0820843842425257,0.04691239272784272,Negative,,False,0.003592730102747854,-0.0159446673462178,7
ETH,2023-08-23,2024-08-21,365,const,0.009403194496489128,0.051125869877978666,0.18392243533325867,0.8541787263737524,-0.09114253655588589,0.10994892554886415,Positive,,False,0.0026477585166332362,-0.016908167786962025,7
ETH,2023-08-23,2024-08-21,365,ETH_Lagged_Return,0.001955965030142892,0.04811999780871514,0.04064765418149379,0.9675995153070955,-0.09267832421448707,0.09659025427477286,Positive,,False,0.0026477585166332362,-0.016908167786962025,7
ETH,2023-08-23,2024-08-21,365,Lagged_Log_ETH_Volume,-0.00035657570743891635,0.0022332703880904507,-0.15966526460049696,0.8732350596830573,-0.00474859494044357,0.004035443525565738,Negative,,False,0.0026477585166332362,-0.016908167786962025,7
ETH,2023-08-23,2024-08-21,365,Lagged_SP500_Return_Aligned,-0.033312461698437906,0.3569725717281707,-0.09331938736123639,0.9257021789784435,-0.7353458603617439,0.668720936964868,Negative,,False,0.0026477585166332362,-0.016908167786962025,7
ETH,2023-08-23,2024-08-21,365,Lagged_VIX_Change_Aligned,-0.0005365666424039797,0.0017038360394183519,-0.314916828844136,0.7530087850207213,-0.003887383764647036,0.0028142504798390772,Negative,,False,0.0026477585166332362,-0.016908167786962025,7
ETH,2023-08-23,2024-08-21,365,Lagged_Gold_Return_Aligned,0.10357469872011775,0.1916510756965866,0.5404336935947731,0.5892349706276725,-0.2733322870950489,0.48048168453528445,Positive,,False,0.0026477585166332362,-0.016908167786962025,7
ETH,2023-08-23,2024-08-21,365,Lagged_DXY_Return_Aligned,0.3467987748756931,0.5788214319696415,0.5991463959715339,0.5494552776738469,-0.7915295149914621,1.4851270647428483,Positive,,False,0.0026477585166332362,-0.016908167786962025,7
ETH,2023-08-23,2024-08-21,365,Lagged_US10Y_Change_Aligned,-0.010437519919816562,0.03286279185427446,-0.3176090444810749,0.7509671960296016,-0.07506651184300879,0.054191472003375665,Negative,,False,0.0026477585166332362,-0.016908167786962025,7
ETH,2023-08-30,2024-08-28,365,const,0.005082385955511359,0.05308467572526613,0.095741113345303,0.9237799062775035,-0.09931559379943325,0.10948036571045597,Positive,,False,0.00289876114632015,-0.016652243537085276,7
ETH,2023-08-30,2024-08-28,365,ETH_Lagged_Return,0.022383681186485198,0.048296617803225646,0.46346270618126456,0.643315166952906,-0.07259795445066403,0.11736531682363444,Positive,,False,0.00289876114632015,-0.016652243537085276,7
ETH,2023-08-30,2024-08-28,365,Lagged_Log_ETH_Volume,-0.00017792906558934207,0.0023122329982052433,-0.07695118343499584,0.9387054871639267,-0.004725238631623913,0.004369380500445229,Negative,,False,0.00289876114632015,-0.016652243537085276,7
ETH,2023-08-30,2024-08-28,365,Lagged_SP500_Return_Aligned,-0.033090950941142866,0.35104042091133575,-0.09426535797568689,0.9249512515110454,-0.7234579966990575,0.6572760948167717,Negative,,False,0.00289876114632015,-0.016652243537085276,7
ETH,2023-08-30,2024-08-28,365,Lagged_VIX_Change_Aligned,-0.00028263054801446646,0.0016098842212879886,-0.1755595491136299,0.8607395176927616,-0.0034486790930154565,0.0028834179969865234,Negative,,False,0.00289876114632015,-0.016652243537085276,7
ETH,2023-08-30,2024-08-28,365,Lagged_Gold_Return_Aligned,0.07719916766079851,0.19422238627154526,0.3974782163002837,0.6912523939999339,-0.3047646377671974,0.4591629730887945,Positive,,False,0.00289876114632015,-0.016652243537085276,7
ETH,2023-08-30,2024-08-28,365,Lagged_DXY_Return_Aligned,0.41626122690794376,0.5632229901447705,0.7390700205631666,0.4603501241958642,-0.6913906805269365,1.523913134342824,Positive,,False,0.00289876114632015,-0.016652243537085276,7
ETH,2023-08-30,2024-08-28,365,Lagged_US10Y_Change_Aligned,-0.011721381615954977,0.03347706989647807,-0.3501316468914777,0.7264463807789693,-0.07755843190510153,0.05411566867319157,Negative,,False,0.00289876114632015,-0.016652243537085276,7
ETH,2023-09-06,2024-09-04,365,const,0.01531239316340688,0.05407575809826061,0.28316557551690463,0.7772140410380061,-0.09103468011236551,0.12165946643917927,Positive,,False,0.003264751426575563,-0.016279076976824847,7
ETH,2023-09-06,2024-09-04,365,ETH_Lagged_Return,0.017730930362075466,0.048702644149935415,0.36406504557512775,0.7160249613729935,-0.07804920935830781,0.11351107008245875,Positive,,False,0.003264751426575563,-0.016279076976824847,7
ETH,2023-09-06,2024-09-04,365,Lagged_Log_ETH_Volume,-0.0006161933016578868,0.0023550935977848125,-0.26164280784316796,0.7937477244382802,-0.0052477938602634635,0.004015407256947689,Negative,,False,0.003264751426575563,-0.016279076976824847,7
ETH,2023-09-06,2024-09-04,365,Lagged_SP500_Return_Aligned,-0.043607478121768295,0.348237250659507,-0.12522347347729898,0.9004171191776121,-0.7284617217912868,0.6412467655477501,Negative,,False,0.003264751426575563,-0.016279076976824847,7
ETH,2023-09-06,2024-09-04,365,Lagged_VIX_Change_Aligned,-0.0004300761839312427,0.0016519702765567653,-0.2603413572474555,0.7947505656770352,-0.0036788924784924696,0.002818740110629984,Negative,,False,0.003264751426575563,-0.016279076976824847,7
ETH,2023-09-06,2024-09-04,365,Lagged_Gold_Return_Aligned,0.08699526355674013,0.1934550335202215,0.44969242709131513,0.6532051427356519,-0.29345944200574664,0.4674499691192269,Positive,,False,0.003264751426575563,-0.016279076976824847,7
ETH,2023-09-06,2024-09-04,365,Lagged_DXY_Return_Aligned,0.4219628713703947,0.5664728552977849,0.7448951303210746,0.4568252030305777,-0.6920803222843845,1.536006065025174,Positive,,False,0.003264751426575563,-0.016279076976824847,7
ETH,2023-09-06,2024-09-04,365,Lagged_US10Y_Change_Aligned,-0.013368813342204813,0.03376371263464654,-0.3959521124607145,0.6923768864379756,-0.0797695841847383,0.05303195750032867,Negative,,False,0.003264751426575563,-0.016279076976824847,7
ETH,2023-09-13,2024-09-11,365,const,0.02838502054666015,0.05559160087085877,0.5105990851495632,0.6099473928622644,-0.08094315642661606,0.13771319751993635,Positive,,False,0.004776894881257765,-0.014737283650482214,7
ETH,2023-09-13,2024-09-11,365,ETH_Lagged_Return,0.028377526154352555,0.04719459268390139,0.6012876590421863,0.548030008919422,-0.06443683249513871,0.12119188480384382,Positive,,False,0.004776894881257765,-0.014737283650482214,7
ETH,2023-09-13,2024-09-11,365,Lagged_Log_ETH_Volume,-0.0011805073240377766,0.002415310366302001,-0.4887600949791024,0.6253116615136154,-0.005930532058635324,0.0035695174105597706,Negative,,False,0.004776894881257765,-0.014737283650482214,7
ETH,2023-09-13,2024-09-11,365,Lagged_SP500_Return_Aligned,-0.04274370373724168,0.32542124491939795,-0.13134884216864412,0.8955733447985309,-0.682727278559274,0.5972398710847906,Negative,,False,0.004776894881257765,-0.014737283650482214,7
ETH,2023-09-13,2024-09-11,365,Lagged_VIX_Change_Aligned,-7.28089164273401e-05,0.0015133201346464872,-0.04811203839850338,0.9616538559005188,-0.0030489515154180765,0.0029033336825633966,Negative,,False,0.004776894881257765,-0.014737283650482214,7
ETH,2023-09-13,2024-09-11,365,Lagged_Gold_Return_Aligned,0.05700872680873688,0.19327746711788837,0.29495795686294235,0.7681974507447474,-0.3230967711260746,0.43711422474354833,Positive,,False,0.004776894881257765,-0.014737283650482214,7
ETH,2023-09-13,2024-09-11,365,Lagged_DXY_Return_Aligned,0.5761883215458045,0.5642475584032145,1.021162277026739,0.30786904671465865,-0.5334785337971345,1.6858551768887433,Positive,,False,0.004776894881257765,-0.014737283650482214,7
ETH,2023-09-13,2024-09-11,365,Lagged_US10Y_Change_Aligned,-0.017076463066259595,0.03343907658737247,-0.5106738824453109,0.6098950613971912,-0.08283879452816195,0.04868586839564276,Negative,,False,0.004776894881257765,-0.014737283650482214,7
ETH,2023-09-20,2024-09-18,365,const,0.021185399639110827,0.05795973311977549,0.3655192751721368,0.7149402933607077,-0.09280002011094979,0.13517081938917144,Positive,,False,0.004121986863629967,-0.01540503300178897,7
ETH,2023-09-20,2024-09-18,365,ETH_Lagged_Return,0.0274957000958206,0.04678441709916781,0.5877106481318047,0.5570980788229652,-0.06451199444946465,0.11950339464110585,Positive,,False,0.004121986863629967,-0.01540503300178897,7
ETH,2023-09-20,2024-09-18,365,Lagged_Log_ETH_Volume,-0.0008726050027377302,0.002511355665931096,-0.34746372828645444,0.7284477204929415,-0.005811515420618514,0.004066305415143053,Negative,,False,0.004121986863629967,-0.01540503300178897,7
ETH,2023-09-20,2024-09-18,365,Lagged_SP500_Return_Aligned,-0.028763401999302052,0.3328129440838193,-0.08642513012371886,0.9311769223456691,-0.6832837230513694,0.6257569190527653,Negative,,False,0.004121986863629967,-0.01540503300178897,7
ETH,2023-09-20,2024-09-18,365,Lagged_VIX_Change_Aligned,2.6860115745030826e-07,0.0014932918104485831,0.00017987184793414275,0.999856583497153,-0.002936485670494535,0.002937022872809436,Positive,,False,0.004121986863629967,-0.01540503300178897,7
ETH,2023-09-20,2024-09-18,365,Lagged_Gold_Return_Aligned,0.05221937848878422,0.19247180460334287,0.2713092371965907,0.786310013829029,-0.3263016784047343,0.4307404353823027,Positive,,False,0.004121986863629967,-0.01540503300178897,7
ETH,2023-09-20,2024-09-18,365,Lagged_DXY_Return_Aligned,0.5578183218700307,0.5763617825097203,0.967826699822213,0.33378612457392653,-0.575672744617442,1.6913093883575034,Positive,,False,0.004121986863629967,-0.01540503300178897,7
ETH,2023-09-20,2024-09-18,365,Lagged_US10Y_Change_Aligned,-0.015295891471274692,0.033415602542998975,-0.45774698964628996,0.6474126914383834,-0.08101205814501947,0.05042027520247008,Negative,,False,0.004121986863629967,-0.01540503300178897,7
ETH,2023-09-27,2024-09-25,365,const,0.0285941217106132,0.0629025476803294,0.4545781175021473,0.6496890580791334,-0.09511199139162604,0.15230023481285243,Positive,,False,0.0044117541948651695,-0.01510958395817652,7
ETH,2023-09-27,2024-09-25,365,ETH_Lagged_Return,0.030231535051187402,0.046265097127480774,0.6534415126782545,0.5138923130021049,-0.0607548486327278,0.12121791873510261,Positive,,False,0.0044117541948651695,-0.01510958395817652,7
ETH,2023-09-27,2024-09-25,365,Lagged_Log_ETH_Volume,-0.001173783986535722,0.0027182967587451637,-0.4318086252943078,0.6661411787481997,-0.006519671215010197,0.004172103241938752,Negative,,False,0.0044117541948651695,-0.01510958395817652,7
ETH,2023-09-27,2024-09-25,365,Lagged_SP500_Return_Aligned,-0.05420514725307174,0.3338914534120153,-0.16234362005721567,0.8711271137168719,-0.7108464984041689,0.6024362038980255,Negative,,False,0.0044117541948651695,-0.01510958395817652,7
ETH,2023-09-27,2024-09-25,365,Lagged_VIX_Change_Aligned,-3.304047967307732e-05,0.0015190941940127069,-0.02175011911921042,0.9826594352593143,-0.003020538523989282,0.002954457564643127,Negative,,False,0.0044117541948651695,-0.01510958395817652,7
ETH,2023-09-27,2024-09-25,365,Lagged_Gold_Return_Aligned,0.07271730601002302,0.18862347465541135,0.38551567424397915,0.7000850034029347,-0.29823550512319824,0.4436701171432443,Positive,,False,0.0044117541948651695,-0.01510958395817652,7
ETH,2023-09-27,2024-09-25,365,Lagged_DXY_Return_Aligned,0.5374328362812321,0.5759580319745787,0.933111106096968,0.3513932570971233,-0.5952642018050519,1.670129874367516,Positive,,False,0.0044117541948651695,-0.01510958395817652,7
ETH,2023-09-27,2024-09-25,365,Lagged_US10Y_Change_Aligned,-0.01168639613652149,0.034742153415183774,-0.33637512323614477,0.7367856360979174,-0.08001139914968347,0.05663860687664049,Negative,,False,0.0044117541948651695,-0.01510958395817652,7
ETH,2023-10-04,2024-10-02,365,const,0.02945322894367782,0.06693648582551437,0.4400175566499646,0.660190662707418,-0.10218615279136342,0.16109261067871908,Positive,,False,0.004159554826276501,-0.015366728412423925,7
ETH,2023-10-04,2024-10-02,365,ETH_Lagged_Return,0.03627618991433264,0.0464766071621819,0.7805257769300045,0.43559867810753017,-0.05512615600386228,0.12767853583252756,Positive,,False,0.004159554826276501,-0.015366728412423925,7
ETH,2023-10-04,2024-10-02,365,Lagged_Log_ETH_Volume,-0.0012248295163661605,0.0028853555104403866,-0.42449864910380386,0.6714578938098454,-0.006899259698886847,0.004449600666154525,Negative,,False,0.004159554826276501,-0.015366728412423925,7
ETH,2023-10-04,2024-10-02,365,Lagged_SP500_Return_Aligned,-0.08277355269437581,0.34423945303370773,-0.2404534168437418,0.8101167911268868,-0.7597656028042582,0.5942184974155066,Negative,,False,0.004159554826276501,-0.015366728412423925,7
ETH,2023-10-04,2024-10-02,365,Lagged_VIX_Change_Aligned,-0.00018026191212983187,0.0015905000709382038,-0.11333662627471561,0.9098273869674242,-0.003308188982182818,0.002947665157923154,Negative,,False,0.004159554826276501,-0.015366728412423925,7
ETH,2023-10-04,2024-10-02,365,Lagged_Gold_Return_Aligned,0.09102757737378703,0.18878040314878547,0.48218764159564015,0.6299681454302603,-0.2802338542313578,0.4622890089789319,Positive,,False,0.004159554826276501,-0.015366728412423925,7
ETH,2023-10-04,2024-10-02,365,Lagged_DXY_Return_Aligned,0.4261233856668984,0.5743769152431691,0.741888077947029,0.45864294169179204,-0.7034641789176508,1.5557109502514477,Positive,,False,0.004159554826276501,-0.015366728412423925,7
ETH,2023-10-04,2024-10-02,365,Lagged_US10Y_Change_Aligned,-0.008798872006211843,0.034835876385712075,-0.2525807563670394,0.8007375663592006,-0.07730819353778062,0.059710449525356944,Negative,,False,0.004159554826276501,-0.015366728412423925,7
ETH,2023-10-11,2024-10-09,365,const,0.0531737609615204,0.06970604334444185,0.7628285642145878,0.446069391804131,-0.08391231901252935,0.19025984093557016,Positive,,False,0.0051221945684417625,-0.014385213381196582,7
ETH,2023-10-11,2024-10-09,365,ETH_Lagged_Return,0.030275665915814095,0.04663024033373436,0.6492710674259886,0.5165806703203397,-0.06142881979158156,0.12198015162320976,Positive,,False,0.0051221945684417625,-0.014385213381196582,7
ETH,2023-10-11,2024-10-09,365,Lagged_Log_ETH_Volume,-0.0022409679682198237,0.003003102837215113,-0.746217525570305,0.4560271145948623,-0.008146963717806335,0.003665027781366688,Negative,,False,0.0051221945684417625,-0.014385213381196582,7
ETH,2023-10-11,2024-10-09,365,Lagged_SP500_Return_Aligned,-0.05257595106659618,0.3341843168050879,-0.15732620719380125,0.8750767079844318,-0.7097932565051265,0.6046413543719341,Negative,,False,0.0051221945684417625,-0.014385213381196582,7
ETH,2023-10-11,2024-10-09,365,Lagged_VIX_Change_Aligned,4.414402705175263e-05,0.0014942965164285729,0.02954167835260607,0.9764490865048459,-0.0028945861307316935,0.0029828741848351987,Positive,,False,0.0051221945684417625,-0.014385213381196582,7
ETH,2023-10-11,2024-10-09,365,Lagged_Gold_Return_Aligned,0.1249532984306,0.19064386403393213,0.6554278526811644,0.5126144508121523,-0.2499728734993893,0.4998794703605893,Positive,,False,0.0051221945684417625,-0.014385213381196582,7
ETH,2023-10-11,2024-10-09,365,Lagged_DXY_Return_Aligned,0.3992220322896079,0.5659035024503889,0.7054595537241909,0.48098433893241443,-0.713701454289188,1.5121455188684036,Positive,,False,0.0051221945684417625,-0.014385213381196582,7
ETH,2023-10-11,2024-10-09,365,Lagged_US10Y_Change_Aligned,-0.003000571891589962,0.03477592932525912,-0.08628301097364288,0.9312898147555737,-0.07139199966346198,0.06539085588028205,Negative,,False,0.0051221945684417625,-0.014385213381196582,7
ETH,2023-10-18,2024-10-16,365,const,0.0665217338543927,0.07432523820187185,0.8950086870050201,0.3713854734945207,-0.07964859886532466,0.21269206657411005,Positive,,False,0.005423937702432546,-0.014077553715166724,7
ETH,2023-10-18,2024-10-16,365,ETH_Lagged_Return,0.02268947742783109,0.0464581574637059,0.4883852194430352,0.6255768541488126,-0.06867658473762979,0.11405553959329197,Positive,,False,0.005423937702432546,-0.014077553715166724,7
ETH,2023-10-18,2024-10-16,365,Lagged_Log_ETH_Volume,-0.0028003919699872886,0.003196857912518522,-0.8759826200036231,0.3816284968868192,-0.009087432496669719,0.0034866485566951407,Negative,,False,0.005423937702432546,-0.014077553715166724,7
ETH,2023-10-18,2024-10-16,365,Lagged_SP500_Return_Aligned,-0.058417391542574804,0.33108633810610416,-0.17644156468894714,0.8600471014765314,-0.7095421154012231,0.5927073323160736,Negative,,False,0.005423937702432546,-0.014077553715166724,7
ETH,2023-10-18,2024-10-16,365,Lagged_VIX_Change_Aligned,-1.2206369702543384e-05,0.001572617546470212,-0.007761817060950994,0.9938113636520277,-0.003104965109123943,0.0030805523697188565,Negative,,False,0.005423937702432546,-0.014077553715166724,7
ETH,2023-10-18,2024-10-16,365,Lagged_Gold_Return_Aligned,0.1656574736196224,0.20207422940141767,0.8197852547072992,0.412885511444739,-0.23174801151936536,0.5630629587586102,Positive,,False,0.005423937702432546,-0.014077553715166724,7
ETH,2023-10-18,2024-10-16,365,Lagged_DXY_Return_Aligned,0.3761904426664693,0.5792573563468694,0.6494357620919016,0.5164743660042868,-0.762995149683686,1.5153760350166245,Positive,,False,0.005423937702432546,-0.014077553715166724,7
ETH,2023-10-18,2024-10-16,365,Lagged_US10Y_Change_Aligned,-0.0020571828911359197,0.03542153325242439,-0.058077183629399155,0.9537196418796761,-0.07171827549183221,0.06760390970956037,Negative,,False,0.005423937702432546,-0.014077553715166724,7
ETH,2023-10-25,2024-10-23,365,const,0.05205019853992981,0.07813113804964422,0.6661902007219876,0.5057197898460553,-0.10160493558110748,0.2057053326609671,Positive,,False,0.0045013179331456765,-0.015018264068165088,7
ETH,2023-10-25,2024-10-23,365,ETH_Lagged_Return,0.015436049260301659,0.04662983228287818,0.33103377182785965,0.7408131907944917,-0.07626763396154727,0.1071397324821506,Positive,,False,0.0045013179331456765,-0.015018264068165088,7
ETH,2023-10-25,2024-10-23,365,Lagged_Log_ETH_Volume,-0.0022025464856224976,0.0033539311623354768,-0.656705930746884,0.5117931114917966,-0.008798492166766085,0.004393399195521089,Negative,,False,0.0045013179331456765,-0.015018264068165088,7
ETH,2023-10-25,2024-10-23,365,Lagged_SP500_Return_Aligned,0.05014753862790183,0.3378269717253919,0.14844148876503876,0.8820781689067672,-0.6142335256436346,0.7145286028994382,Positive,,False,0.0045013179331456765,-0.015018264068165088,7
ETH,2023-10-25,2024-10-23,365,Lagged_VIX_Change_Aligned,0.0002851866112098145,0.0015276031664284196,0.1866889369420391,0.8520105742238788,-0.002719045443776218,0.0032894186661958473,Positive,,False,0.0045013179331456765,-0.015018264068165088,7
ETH,2023-10-25,2024-10-23,365,Lagged_Gold_Return_Aligned,0.16016554174820077,0.20435262657791242,0.7837704091713024,0.4336945235608804,-0.24172071037402035,0.5620517938704219,Positive,,False,0.0045013179331456765,-0.015018264068165088,7
ETH,2023-10-25,2024-10-23,365,Lagged_DXY_Return_Aligned,0.4235168329311986,0.5739876435399925,0.7378500873628825,0.46109026686018556,-0.705305177774907,1.5523388436373042,Positive,,False,0.0045013179331456765,-0.015018264068165088,7
ETH,2023-10-25,2024-10-23,365,Lagged_US10Y_Change_Aligned,-0.0003250787058904567,0.03644450936498356,-0.008919826650288157,0.9928880847396705,-0.07199798805086635,0.07134783063908545,Negative,,False,0.0045013179331456765,-0.015018264068165088,7
ETH,2023-11-01,2024-10-30,365,const,0.041985162838421373,0.08216556399308611,0.5109824700035437,0.609679181202618,-0.1196041992346914,0.20357452491153416,Positive,,False,0.0043434880497184025,-0.01517918865518908,7
ETH,2023-11-01,2024-10-30,365,ETH_Lagged_Return,0.017091090555776157,0.046496901553769523,0.36757482723901147,0.7134081022620754,-0.0743511669461886,0.1085333480577409,Positive,,False,0.0043434880497184025,-0.01517918865518908,7
ETH,2023-11-01,2024-10-30,365,Lagged_Log_ETH_Volume,-0.0017646117010379,0.003519106723381503,-0.501437392993381,0.6163723941646538,-0.008685396794733218,0.005156173392657419,Negative,,False,0.0043434880497184025,-0.01517918865518908,7
ETH,2023-11-01,2024-10-30,365,Lagged_SP500_Return_Aligned,0.03899181255739603,0.3500826341573456,0.11137888244942495,0.9113784975963105,-0.6494916198829933,0.7274752449977854,Positive,,False,0.0043434880497184025,-0.01517918865518908,7
ETH,2023-11-01,2024-10-30,365,Lagged_VIX_Change_Aligned,0.00025226544868207435,0.0015274171965972347,0.1651581828750317,0.8689129588913583,-0.0027516008722308794,0.003256131769595028,Positive,,False,0.0043434880497184025,-0.01517918865518908,7
ETH,2023-11-01,2024-10-30,365,Lagged_Gold_Return_Aligned,0.15957856821766497,0.20426777087122105,0.7812224490287799,0.4351894192671802,-0.24214080402390842,0.5612979404592384,Positive,,False,0.0043434880497184025,-0.01517918865518908,7
ETH,2023-11-01,2024-10-30,365,Lagged_DXY_Return_Aligned,0.45094921021584794,0.5809348621144164,0.7762474584061587,0.43811685250018795,-0.6915354173222688,1.5934338377539645,Positive,,False,0.0043434880497184025,-0.01517918865518908,7
ETH,2023-11-01,2024-10-30,365,Lagged_US10Y_Change_Aligned,-0.00012084043926718913,0.037418144713061305,-0.003229461005986439,0.9974250712156936,-0.07370853144144629,0.07346685056291191,Negative,,False,0.0043434880497184025,-0.01517918865518908,7
ETH,2023-11-08,2024-11-06,365,const,0.024074358303578618,0.08311260281668591,0.28965954004204747,0.7722448665844048,-0.13937747987177132,0.18752619647892857,Positive,,False,0.0037991023993353412,-0.015734248534011064,7
ETH,2023-11-08,2024-11-06,365,ETH_Lagged_Return,0.018986432656635088,0.04626947681821965,0.4103446583419926,0.6817992906162369,-0.07200856426375266,0.10998142957702284,Positive,,False,0.0037991023993353412,-0.015734248534011064,7
ETH,2023-11-08,2024-11-06,365,Lagged_Log_ETH_Volume,-0.0010028909968116053,0.0035557093426742824,-0.2820508934111362,0.7780679219778099,-0.007995659943769624,0.005989877950146412,Negative,,False,0.0037991023993353412,-0.015734248534011064,7
ETH,2023-11-08,2024-11-06,365,Lagged_SP500_Return_Aligned,0.08552001586833391,0.3515003792545207,0.2432999248811878,0.8079128011464202,-0.6057515983199966,0.7767916300566644,Positive,,False,0.0037991023993353412,-0.015734248534011064,7
ETH,2023-11-08,2024-11-06,365,Lagged_VIX_Change_Aligned,0.00019766748581404145,0.0015670530772573365,0.12613962391114408,0.8996924110144437,-0.0028841479948175843,0.0032794829664456676,Positive,,False,0.0037991023993353412,-0.015734248534011064,7
ETH,2023-11-08,2024-11-06,365,Lagged_Gold_Return_Aligned,0.12551696420090658,0.20831934849487002,0.602521873785514,0.5472093245683243,-0.28417036702224485,0.535204295424058,Positive,,False,0.0037991023993353412,-0.015734248534011064,7
ETH,2023-11-08,2024-11-06,365,Lagged_DXY_Return_Aligned,0.5385696831256999,0.6235832391470175,0.863669273507727,0.38834947562444083,-0.6877885735002851,1.7649279397516848,Positive,,False,0.0037991023993353412,-0.015734248534011064,7
ETH,2023-11-08,2024-11-06,365,Lagged_US10Y_Change_Aligned,-0.012131781409700441,0.03838322995767414,-0.31606984151876666,0.7521342071305169,-0.08761743916880807,0.0633538763494072,Negative,,False,0.0037991023993353412,-0.015734248534011064,7
ETH,2023-11-15,2024-11-13,365,const,-0.04537471525574107,0.08597809013135854,-0.5277474201440965,0.5980025029855627,-0.2144619101998404,0.12371247968835825,Negative,,False,0.010940112969096139,-0.008453218149156783,7
ETH,2023-11-15,2024-11-13,365,ETH_Lagged_Return,0.041634294298521266,0.049232464843803544,0.845667476341303,0.39830471021104685,-0.055187807331141786,0.13845639592818432,Positive,,False,0.010940112969096139,-0.008453218149156783,7
ETH,2023-11-15,2024-11-13,365,Lagged_Log_ETH_Volume,0.001969280567940138,0.0036836820009246616,0.534595702735963,0.5932622335784481,-0.005275163402038708,0.009213724537918983,Positive,,False,0.010940112969096139,-0.008453218149156783,7
ETH,2023-11-15,2024-11-13,365,Lagged_SP500_Return_Aligned,0.26181057525542734,0.3693717306590113,0.708799709139409,0.47891136468484785,-0.46460739626915976,0.9882285467800145,Positive,,False,0.010940112969096139,-0.008453218149156783,7
ETH,2023-11-15,2024-11-13,365,Lagged_VIX_Change_Aligned,0.0004871543300943623,0.0016345789413576678,0.29803046996906485,0.76585327995415,-0.0027274596219787357,0.0037017682821674598,Positive,,False,0.010940112969096139,-0.008453218149156783,7
ETH,2023-11-15,2024-11-13,365,Lagged_Gold_Return_Aligned,0.11308019478480305,0.22076426297419954,0.5122214676476808,0.6088127527628401,-0.3210816935890607,0.5472420831586668,Positive,,False,0.010940112969096139,-0.008453218149156783,7
ETH,2023-11-15,2024-11-13,365,Lagged_DXY_Return_Aligned,0.8001796690257877,0.5936827309203466,1.3478237235995103,0.17856973669598722,-0.3673753150952318,1.9677346531468074,Positive,,False,0.010940112969096139,-0.008453218149156783,7
ETH,2023-11-15,2024-11-13,365,Lagged_US10Y_Change_Aligned,-0.013045626121486478,0.03893055068895641,-0.3350999636690777,0.737746493592413,-0.0896076619095301,0.06351640966655714,Negative,,False,0.010940112969096139,-0.008453218149156783,7
ETH,2023-11-22,2024-11-20,365,const,-0.03736815144982432,0.08203496526185931,-0.45551492989048625,0.6490157535016479,-0.1987006739828559,0.12396437108320725,Negative,,False,0.013418658920420379,-0.00592607325761052,7
ETH,2023-11-22,2024-11-20,365,ETH_Lagged_Return,0.051562456349821165,0.04864186672862047,1.0600427125359941,0.28984181444284124,-0.044098156597283264,0.14722306929692558,Positive,,False,0.013418658920420379,-0.00592607325761052,7
ETH,2023-11-22,2024-11-20,365,Lagged_Log_ETH_Volume,0.001620980344615269,0.003508571214729301,0.4620058267052543,0.6443585578558847,-0.005279085289010765,0.008521045978241304,Positive,,False,0.013418658920420379,-0.00592607325761052,7
ETH,2023-11-22,2024-11-20,365,Lagged_SP500_Return_Aligned,0.21940834013405794,0.35451624997267156,0.6188950158165426,0.5363802289794388,-0.47779437951692094,0.9166110597850369,Positive,,False,0.013418658920420379,-0.00592607325761052,7
ETH,2023-11-22,2024-11-20,365,Lagged_VIX_Change_Aligned,0.0006019628195524471,0.0016102863698372165,0.37382345825438457,0.7087575720660342,-0.0025648766033342443,0.003768802242439139,Positive,,False,0.013418658920420379,-0.00592607325761052,7
ETH,2023-11-22,2024-11-20,365,Lagged_Gold_Return_Aligned,0.13667764325840426,0.22276004109206807,0.6135644552243307,0.5398939087185771,-0.3014092046390501,0.5747644911558586,Positive,,False,0.013418658920420379,-0.00592607325761052,7
ETH,2023-11-22,2024-11-20,365,Lagged_DXY_Return_Aligned,0.9756206685098624,0.60066978148978,1.6242213252182087,0.1052111281849842,-0.2056752672874863,2.156916604307211,Positive,,False,0.013418658920420379,-0.00592607325761052,7
ETH,2023-11-22,2024-11-20,365,Lagged_US10Y_Change_Aligned,-0.009012452039851787,0.03881988433081943,-0.23216071338720415,0.8165462163847708,-0.08535684791470972,0.06733194383500614,Negative,,False,0.013418658920420379,-0.00592607325761052,7
ETH,2023-11-29,2024-11-27,365,const,-0.07029977629752471,0.07935647716785856,-0.8858731990940489,0.37628217623098553,-0.2263647005643723,0.08576514796932289,Negative,,False,0.01830702178220489,-0.0009418601436341767,7
ETH,2023-11-29,2024-11-27,365,ETH_Lagged_Return,0.029937559306866847,0.05290888035168238,0.5658324105116864,0.5718631828423701,-0.07411469578080482,0.13398981439453853,Positive,,False,0.01830702178220489,-0.0009418601436341767,7
ETH,2023-11-29,2024-11-27,365,Lagged_Log_ETH_Volume,0.003028326857688962,0.0033880224879916545,0.893833163275161,0.3720133298050495,-0.003634663888288258,0.009691317603666181,Positive,,False,0.01830702178220489,-0.0009418601436341767,7
ETH,2023-11-29,2024-11-27,365,Lagged_SP500_Return_Aligned,0.3067367270405186,0.3507606171350728,0.8744902137129003,0.38243925732914363,-0.3830800478798979,0.9965535019609351,Positive,,False,0.01830702178220489,-0.0009418601436341767,7
ETH,2023-11-29,2024-11-27,365,Lagged_VIX_Change_Aligned,0.0008183789843678887,0.0015268332755360037,0.5359976085670467,0.592293992348609,-0.002184338979165162,0.003821096947900939,Positive,,False,0.01830702178220489,-0.0009418601436341767,7
ETH,2023-11-29,2024-11-27,365,Lagged_Gold_Return_Aligned,0.20315455719320252,0.20360016869963976,0.9978113401905151,0.31904668110140383,-0.19725188778563674,0.6035610021720418,Positive,,False,0.01830702178220489,-0.0009418601436341767,7
ETH,2023-11-29,2024-11-27,365,Lagged_DXY_Return_Aligned,1.0818196456581142,0.5761343617605983,1.877721096780622,0.061234369750150675,-0.051224168087615096,2.214863459403843,Positive,*,False,0.01830702178220489,-0.0009418601436341767,7
ETH,2023-11-29,2024-11-27,365,Lagged_US10Y_Change_Aligned,0.0004364554521032078,0.03819181907903122,0.011427982814854678,0.9908883708931004,-0.07467276770021021,0.07554567860441662,Positive,,False,0.01830702178220489,-0.0009418601436341767,7
ETH,2023-12-06,2024-12-04,365,const,-0.0958329505903589,0.07621550158396674,-1.2573944748599415,0.20943275817515733,-0.24572073426177396,0.05405483308105616,Negative,,False,0.018791373315030002,-0.00044801152193008065,7
ETH,2023-12-06,2024-12-04,365,ETH_Lagged_Return,0.0198649675423401,0.05356032096697821,0.3708896284357135,0.7109397236286319,-0.08546843098716356,0.12519836607184376,Positive,,False,0.018791373315030002,-0.00044801152193008065,7
ETH,2023-12-06,2024-12-04,365,Lagged_Log_ETH_Volume,0.004112163375579233,0.0032489351656141284,1.2656957328977456,0.20644741843496606,-0.0022772939020786675,0.010501620653237134,Positive,,False,0.018791373315030002,-0.00044801152193008065,7
ETH,2023-12-06,2024-12-04,365,Lagged_SP500_Return_Aligned,0.30915721383568256,0.34786563315804303,0.888725945788458,0.3747487995373561,-0.3749661952593684,0.9932806229307336,Positive,,False,0.018791373315030002,-0.00044801152193008065,7
ETH,2023-12-06,2024-12-04,365,Lagged_VIX_Change_Aligned,0.0007615681687478666,0.0015224949892991637,0.5002106240746529,0.617234974199397,-0.002232617985698344,0.003755754323194077,Positive,,False,0.018791373315030002,-0.00044801152193008065,7
ETH,2023-12-06,2024-12-04,365,Lagged_Gold_Return_Aligned,0.20905712828224204,0.20598818552702602,1.0148986348288085,0.31084147304728627,-0.1960456651058855,0.6141599216703696,Positive,,False,0.018791373315030002,-0.00044801152193008065,7
ETH,2023-12-06,2024-12-04,365,Lagged_DXY_Return_Aligned,0.9262821385618079,0.5599593751025588,1.6541952501324861,0.09896676725589407,-0.17495144169202148,2.0275157188156374,Positive,*,False,0.018791373315030002,-0.00044801152193008065,7
ETH,2023-12-06,2024-12-04,365,Lagged_US10Y_Change_Aligned,0.014562590317966754,0.03941834726712374,0.36943685688497796,0.7120211623461521,-0.06295876144208357,0.09208394207801707,Positive,,False,0.018791373315030002,-0.00044801152193008065,7
ETH,2023-12-13,2024-12-11,365,const,-0.09981931805170066,0.07058311263873474,-1.4142096362710084,0.1581718557732255,-0.23863026986829786,0.03899163376489653,Negative,,False,0.01772954104648261,-0.0015306640310372988,7
ETH,2023-12-13,2024-12-11,365,ETH_Lagged_Return,0.019714736303019995,0.052886211601483706,0.37277648948609704,0.7095360220446173,-0.08429293771314698,0.12372241031918697,Positive,,False,0.01772954104648261,-0.0015306640310372988,7
ETH,2023-12-13,2024-12-11,365,Lagged_Log_ETH_Volume,0.004288683793876208,0.0030039767790998903,1.4276687568674438,0.15426136385713263,-0.0016190306770917087,0.010196398264844125,Positive,,False,0.01772954104648261,-0.0015306640310372988,7
ETH,2023-12-13,2024-12-11,365,Lagged_SP500_Return_Aligned,0.3388928093871434,0.34953980657481243,0.969539958003638,0.33293224523136145,-0.34852308139084587,1.0263087001651328,Positive,,False,0.01772954104648261,-0.0015306640310372988,7
ETH,2023-12-13,2024-12-11,365,Lagged_VIX_Change_Aligned,0.0008219478858752196,0.0014956257092505962,0.5495679037819348,0.5829593923539567,-0.0021193963039886363,0.0037632920757390753,Positive,,False,0.01772954104648261,-0.0015306640310372988,7
ETH,2023-12-13,2024-12-11,365,Lagged_Gold_Return_Aligned,0.12680986641892622,0.2045552852614398,0.6199295523303247,0.535699647677966,-0.2754749405941555,0.5290946734320079,Positive,,False,0.01772954104648261,-0.0015306640310372988,7
ETH,2023-12-13,2024-12-11,365,Lagged_DXY_Return_Aligned,0.6963389857586277,0.6000786320511601,1.1604129001868224,0.2466561408634933,-0.4837943771062876,1.876472348623543,Positive,,False,0.01772954104648261,-0.0015306640310372988,7
ETH,2023-12-13,2024-12-11,365,Lagged_US10Y_Change_Aligned,0.02722063509013212,0.040856870538521835,0.6662437609965058,0.5056856006367887,-0.05312976142365598,0.10757103160392022,Positive,,False,0.01772954104648261,-0.0015306640310372988,7
ETH,2023-12-20,2024-12-18,365,const,-0.07628139614644293,0.07177308092542627,-1.0628134554471877,0.28858494925733147,-0.21743257672785332,0.06486978443496745,Negative,,False,0.01727808719102253,-0.001990969922878838,7
ETH,2023-12-20,2024-12-18,365,ETH_Lagged_Return,0.02174151497073509,0.05260472061318063,0.41329969472906086,0.6796351941479939,-0.08171257008408732,0.1251956000255575,Positive,,False,0.01727808719102253,-0.001990969922878838,7
ETH,2023-12-20,2024-12-18,365,Lagged_Log_ETH_Volume,0.0032767708028679783,0.0030501739282765,1.0742898208167153,0.2834183637692083,-0.002721796423223399,0.009275338028959355,Positive,,False,0.01727808719102253,-0.001990969922878838,7
ETH,2023-12-20,2024-12-18,365,Lagged_SP500_Return_Aligned,0.2779256292764254,0.3554098316659581,0.7819863282162707,0.43474093595814944,-0.4210344360162207,0.9768856945690715,Positive,,False,0.01727808719102253,-0.001990969922878838,7
ETH,2023-12-20,2024-12-18,365,Lagged_VIX_Change_Aligned,0.0005865493190942218,0.0016102038056544105,0.36427023525499586,0.7158718813579967,-0.0025801277304942005,0.0037532263686826444,Positive,,False,0.01727808719102253,-0.001990969922878838,7
ETH,2023-12-20,2024-12-18,365,Lagged_Gold_Return_Aligned,0.14471688876436598,0.2012471737944364,0.7191002290158212,0.4725495944077317,-0.25106208301018684,0.5404958605389187,Positive,,False,0.01727808719102253,-0.001990969922878838,7
ETH,2023-12-20,2024-12-18,365,Lagged_DXY_Return_Aligned,0.7523947501707058,0.6113420898008033,1.2307262377695316,0.21923552364068274,-0.4498896801737131,1.9546791805151247,Positive,,False,0.01727808719102253,-0.001990969922878838,7
ETH,2023-12-20,2024-12-18,365,Lagged_US10Y_Change_Aligned,0.028563831032984606,0.041366650958095406,0.6905038327110379,0.4903260785809542,-0.05278911556131153,0.10991677762728075,Positive,,False,0.01727808719102253,-0.001990969922878838,7
ETH,2023-12-27,2024-12-25,365,const,-0.05192765190779546,0.08017439966560304,-0.6476837010863683,0.5176058400822972,-0.20960112808146011,0.10574582426586918,Negative,,False,0.016910133774533653,-0.0023661381122401792,7
ETH,2023-12-27,2024-12-25,365,ETH_Lagged_Return,0.011907628258764999,0.05215613613251996,0.22830733144245427,0.8195380392359075,-0.09066425655859593,0.11447951307612593,Positive,,False,0.016910133774533653,-0.0023661381122401792,7
ETH,2023-12-27,2024-12-25,365,Lagged_Log_ETH_Volume,0.0022316377365748166,0.0034042798876267634,0.6555388541012606,0.5125430899249237,-0.004463325318826652,0.008926600791976286,Positive,,False,0.016910133774533653,-0.0023661381122401792,7
ETH,2023-12-27,2024-12-25,365,Lagged_SP500_Return_Aligned,0.21761335171298773,0.38881239369799864,0.5596872816816998,0.5760437399485365,-0.5470372343776315,0.9822639378036069,Positive,,False,0.016910133774533653,-0.0023661381122401792,7
ETH,2023-12-27,2024-12-25,365,Lagged_VIX_Change_Aligned,-0.0006934623381926765,0.001965587052522167,-0.3528016412719303,0.7244453593233422,-0.004559047170580041,0.0031721224941946872,Negative,,False,0.016910133774533653,-0.0023661381122401792,7
ETH,2023-12-27,2024-12-25,365,Lagged_Gold_Return_Aligned,0.11949396770130305,0.20058764897762194,0.5957194688225002,0.55174012336637,-0.27498796198844877,0.5139758973910549,Positive,,False,0.016910133774533653,-0.0023661381122401792,7
ETH,2023-12-27,2024-12-25,365,Lagged_DXY_Return_Aligned,0.6034816416378304,0.5660896508339182,1.0660531255938512,0.28712005427167786,-0.5098079301606562,1.716771213436317,Positive,,False,0.016910133774533653,-0.0023661381122401792,7
ETH,2023-12-27,2024-12-25,365,Lagged_US10Y_Change_Aligned,0.025428165473468697,0.042292437771807995,0.6012461521056852,0.5480576193429824,-0.05774546235726494,0.10860179330420233,Positive,,False,0.016910133774533653,-0.0023661381122401792,7
ETH,2024-01-03,2025-01-01,365,const,-0.06717366069336145,0.08226392677490438,-0.8165627794205127,0.4147228726096048,-0.22895646608254624,0.09460914469582335,Negative,,False,0.01731650834666809,-0.0019517954112402425,7
ETH,2024-01-03,2025-01-01,365,ETH_Lagged_Return,0.02020715010937522,0.0519500406012788,0.38897274911615376,0.6975282008235654,-0.08195942080516651,0.12237372102391696,Positive,,False,0.01731650834666809,-0.0019517954112402425,7
ETH,2024-01-03,2025-01-01,365,Lagged_Log_ETH_Volume,0.0028691767233596376,0.0034896946561586567,0.822185608215343,0.41152005276912007,-0.003993765681150329,0.009732119127869605,Positive,,False,0.01731650834666809,-0.0019517954112402425,7
ETH,2024-01-03,2025-01-01,365,Lagged_SP500_Return_Aligned,0.18639124507701402,0.3828587826949138,0.48684071908973914,0.6266699700319613,-0.5665507838362834,0.9393332739903114,Positive,,False,0.01731650834666809,-0.0019517954112402425,7
ETH,2024-01-03,2025-01-01,365,Lagged_VIX_Change_Aligned,-0.0006313737530507598,0.0019513059360550256,-0.3235647170362298,0.7464570628886126,-0.004468872896160662,0.003206125390059142,Negative,,False,0.01731650834666809,-0.0019517954112402425,7
ETH,2024-01-03,2025-01-01,365,Lagged_Gold_Return_Aligned,0.12690551220402513,0.19843158206697153,0.6395429138956014,0.522879975872528,-0.2633362290205412,0.5171472534285915,Positive,,False,0.01731650834666809,-0.0019517954112402425,7
ETH,2024-01-03,2025-01-01,365,Lagged_DXY_Return_Aligned,0.6337209231165553,0.5553251709362261,1.1411708964104064,0.25456372118190723,-0.45839888661636263,1.7258407328494731,Positive,,False,0.01731650834666809,-0.0019517954112402425,7
ETH,2024-01-03,2025-01-01,365,Lagged_US10Y_Change_Aligned,0.02499188920453342,0.042155345576701725,0.5928521961481881,0.5536554238163163,-0.05791212883742923,0.10789590724649607,Positive,,False,0.01731650834666809,-0.0019517954112402425,7
ETH,2024-01-10,2025-01-08,365,const,-0.053844350763863895,0.08289294655016785,-0.6495649268695813,0.5163910028848568,-0.21686420607124496,0.10917550454351715,Negative,,False,0.024148021177342605,0.005013668651408176,7
ETH,2024-01-10,2025-01-08,365,ETH_Lagged_Return,0.04183968230666388,0.05040252001243825,0.8301109209686093,0.4070308296849378,-0.057283486328465597,0.14096285094179334,Positive,,False,0.024148021177342605,0.005013668651408176,7
ETH,2024-01-10,2025-01-08,365,Lagged_Log_ETH_Volume,0.0022972217872130347,0.0035143081652928366,0.6536768203483982,0.5137408468391448,-0.004614126312409151,0.00920856988683522,Positive,,False,0.024148021177342605,0.005013668651408176,7
ETH,2024-01-10,2025-01-08,365,Lagged_SP500_Return_Aligned,0.12631542594365813,0.3899311024999341,0.32394293538992436,0.7461709367697293,-0.640535247785446,0.8931660996727622,Positive,,False,0.024148021177342605,0.005013668651408176,7
ETH,2024-01-10,2025-01-08,365,Lagged_VIX_Change_Aligned,-0.0006812352797109847,0.002085322056723969,-0.3266810886665641,0.744100545751304,-0.004782294707616474,0.0034198241481945045,Negative,,False,0.024148021177342605,0.005013668651408176,7
ETH,2024-01-10,2025-01-08,365,Lagged_Gold_Return_Aligned,0.18279818204523204,0.19023678836171046,0.9608981712709801,0.33725372224805567,-0.19132742216522794,0.556923786255692,Positive,,False,0.024148021177342605,0.005013668651408176,7
ETH,2024-01-10,2025-01-08,365,Lagged_DXY_Return_Aligned,1.0739033717544886,0.5703635129214887,1.8828402368408739,0.06053492021027713,-0.04779131058856989,2.1955980540975473,Positive,*,False,0.024148021177342605,0.005013668651408176,7
ETH,2024-01-10,2025-01-08,365,Lagged_US10Y_Change_Aligned,0.012863070144917575,0.04314357693518488,0.29814565825735595,0.7657654388722528,-0.07198443452377079,0.09771057481360593,Positive,,False,0.024148021177342605,0.005013668651408176,7
ETH,2024-01-17,2025-01-15,365,const,-0.07526779978821492,0.08416660095320141,-0.8942715867790071,0.37177908719044284,-0.24079246358817963,0.09025686401174977,Negative,,False,0.020759014571168466,0.0015582109353090567,7
ETH,2024-01-17,2025-01-15,365,ETH_Lagged_Return,0.04298915917858975,0.05112734615764737,0.8408251632313533,0.4010086966337536,-0.057559475171448105,0.1435377935286276,Positive,,False,0.020759014571168466,0.0015582109353090567,7
ETH,2024-01-17,2025-01-15,365,Lagged_Log_ETH_Volume,0.0032008808407643255,0.003568028316683561,0.8971007393067736,0.37026972624091986,-0.0038161149848861104,0.010217876666414761,Positive,,False,0.020759014571168466,0.0015582109353090567,7
ETH,2024-01-17,2025-01-15,365,Lagged_SP500_Return_Aligned,0.19491972123699602,0.38096582577305727,0.5116462108942822,0.609214960154182,-0.5542995595252582,0.9441390019992502,Positive,,False,0.020759014571168466,0.0015582109353090567,7
ETH,2024-01-17,2025-01-15,365,Lagged_VIX_Change_Aligned,-0.0005898631037542841,0.0020110562142471155,-0.2933101022116941,0.7694555589490875,-0.004544869008426284,0.0033651428009177156,Negative,,False,0.020759014571168466,0.0015582109353090567,7
ETH,2024-01-17,2025-01-15,365,Lagged_Gold_Return_Aligned,0.11906968140654303,0.1960341055109384,0.6073926835139365,0.5439764790841111,-0.26645710761119323,0.5045964704242792,Positive,,False,0.020759014571168466,0.0015582109353090567,7
ETH,2024-01-17,2025-01-15,365,Lagged_DXY_Return_Aligned,0.8135872786908991,0.5805832438243074,1.401327522530261,0.16198487417107582,-0.3282058453458634,1.9553804027276616,Positive,,False,0.020759014571168466,0.0015582109353090567,7
ETH,2024-01-17,2025-01-15,365,Lagged_US10Y_Change_Aligned,0.013900934195654841,0.04313868308731658,0.32223826043827297,0.747460818316984,-0.0709369460791063,0.09873881447041599,Positive,,False,0.020759014571168466,0.0015582109353090567,7
ETH,2024-01-24,2025-01-22,365,const,-0.035436718702119244,0.07817496554987663,-0.4533000872192283,0.6506080657745402,-0.18917804535272292,0.11830460794848445,Negative,,False,0.01682860920634799,-0.0024492612013706783,7
ETH,2024-01-24,2025-01-22,365,ETH_Lagged_Return,0.022889864873907657,0.051626257579511906,0.443376412451628,0.657762065687178,-0.07863994424658347,0.1244196739943988,Positive,,False,0.01682860920634799,-0.0024492612013706783,7
ETH,2024-01-24,2025-01-22,365,Lagged_Log_ETH_Volume,0.0015248202474508108,0.0033133929936464126,0.46019903174019067,0.6456535297943671,-0.004991401806181021,0.008041042301082641,Positive,,False,0.01682860920634799,-0.0024492612013706783,7
ETH,2024-01-24,2025-01-22,365,Lagged_SP500_Return_Aligned,0.14709393905785528,0.37214463066885783,0.39526014064339027,0.6928869827106334,-0.584777304152682,0.8789651822683926,Positive,,False,0.01682860920634799,-0.0024492612013706783,7
ETH,2024-01-24,2025-01-22,365,Lagged_VIX_Change_Aligned,-0.0006679788328266195,0.0019875002121848774,-0.336089942899832,0.7370004892073979,-0.004576658768792918,0.003240701103139679,Negative,,False,0.01682860920634799,-0.0024492612013706783,7
ETH,2024-01-24,2025-01-22,365,Lagged_Gold_Return_Aligned,0.10647598017618348,0.19462366046454663,0.5470865151854419,0.5846611089355546,-0.27627698360127567,0.48922894395364264,Positive,,False,0.01682860920634799,-0.0024492612013706783,7
ETH,2024-01-24,2025-01-22,365,Lagged_DXY_Return_Aligned,0.785911359996958,0.5930719552093087,1.325153470997616,0.18596773454293192,-0.38044245355186557,1.9522651735457817,Positive,,False,0.01682860920634799,-0.0024492612013706783,7
ETH,2024-01-24,2025-01-22,365,Lagged_US10Y_Change_Aligned,0.017781786379478297,0.043450264001515235,0.4092446107774672,0.6826055744266311,-0.06766885864383074,0.10323243140278732,Positive,,False,0.01682860920634799,-0.0024492612013706783,7
ETH,2024-01-31,2025-01-29,365,const,-0.05507689113751252,0.08000369258700783,-0.6884293631523791,0.4916295414074663,-0.21241464944360572,0.10226086716858068,Negative,,False,0.020891098787071405,0.0016928850377984084,7
ETH,2024-01-31,2025-01-29,365,ETH_Lagged_Return,0.021518343134661843,0.051500722511550474,0.4178260436994016,0.6763254988512648,-0.07976458480393415,0.12280127107325785,Positive,,False,0.020891098787071405,0.0016928850377984084,7
ETH,2024-01-31,2025-01-29,365,Lagged_Log_ETH_Volume,0.0023412673355919585,0.0033864553772769658,0.6913622282761516,0.4897872645757034,-0.004318641481553059,0.009001176152736975,Positive,,False,0.020891098787071405,0.0016928850377984084,7
ETH,2024-01-31,2025-01-29,365,Lagged_SP500_Return_Aligned,0.17447013545453138,0.3686324902894218,0.47329017395496226,0.6362954365479303,-0.5504940228916941,0.8994342938007569,Positive,,False,0.020891098787071405,0.0016928850377984084,7
ETH,2024-01-31,2025-01-29,365,Lagged_VIX_Change_Aligned,-0.0006924875074917943,0.002006341995711765,-0.3451492860997156,0.7301854074723466,-0.004638222282887974,0.0032532472679043852,Negative,,False,0.020891098787071405,0.0016928850377984084,7
ETH,2024-01-31,2025-01-29,365,Lagged_Gold_Return_Aligned,0.12940079566752052,0.19218337490949478,0.6733194051174273,0.501179757971084,-0.24855302638981067,0.5073546177248517,Positive,,False,0.020891098787071405,0.0016928850377984084,7
ETH,2024-01-31,2025-01-29,365,Lagged_DXY_Return_Aligned,0.7942510963046163,0.5876281197536675,1.3516220031089812,0.17735205064514953,-0.3613967005657108,1.9498988931749435,Positive,,False,0.020891098787071405,0.0016928850377984084,7
ETH,2024-01-31,2025-01-29,365,Lagged_US10Y_Change_Aligned,0.024901397023292485,0.04293926864785429,0.5799213122959612,0.5623334927708122,-0.05954430859222101,0.10934710263880598,Positive,,False,0.020891098787071405,0.0016928850377984084,7
ETH,2024-02-07,2025-02-05,365,const,-0.031194479981088038,0.08052378252492635,-0.38739461812330667,0.6986949380059612,-0.18955506338816844,0.12716610342599236,Negative,,False,0.017312484283204643,-0.0019558983779088823,7
ETH,2024-02-07,2025-02-05,365,ETH_Lagged_Return,0.03255361308464336,0.05146846847636621,0.6324962457274523,0.5274675430748121,-0.06866588306189256,0.13377310923117927,Positive,,False,0.017312484283204643,-0.0019558983779088823,7
ETH,2024-02-07,2025-02-05,365,Lagged_Log_ETH_Volume,0.0013169643388550286,0.0034085524329823813,0.38637056778461354,0.6994524173882642,-0.005386401237564867,0.008020329915274925,Positive,,False,0.017312484283204643,-0.0019558983779088823,7
ETH,2024-02-07,2025-02-05,365,Lagged_SP500_Return_Aligned,0.2574515926184901,0.393251547827391,0.654674073225753,0.5130991800791085,-0.5159291725039812,1.0308323577409613,Positive,,False,0.017312484283204643,-0.0019558983779088823,7
ETH,2024-02-07,2025-02-05,365,Lagged_VIX_Change_Aligned,-0.0006088049960374369,0.002025998334687324,-0.30049629637597647,0.7639735350884685,-0.004593196541026541,0.003375586548951668,Negative,,False,0.017312484283204643,-0.0019558983779088823,7
ETH,2024-02-07,2025-02-05,365,Lagged_Gold_Return_Aligned,0.10432954970853532,0.19324971649414638,0.5398690958063864,0.5896238974882637,-0.27572137298368454,0.48438047240075516,Positive,,False,0.017312484283204643,-0.0019558983779088823,7
ETH,2024-02-07,2025-02-05,365,Lagged_DXY_Return_Aligned,0.39934913310903536,0.6765053982803471,0.5903118203109197,0.5553550891944949,-0.9310874930709645,1.729785759289035,Positive,,False,0.017312484283204643,-0.0019558983779088823,7
ETH,2024-02-07,2025-02-05,365,Lagged_US10Y_Change_Aligned,0.03062711686465265,0.046131359409686025,0.6639109979972104,0.5071758082673511,-0.06009625405024674,0.12135048777955204,Positive,,False,0.017312484283204643,-0.0019558983779088823,7
ETH,2024-02-14,2025-02-12,365,const,-0.044680004581822017,0.08212558368306988,-0.5440448953671517,0.5867501865775007,-0.20619074012969668,0.11683073096605263,Negative,,False,0.016161522370000125,-0.0031294281717644257,7
ETH,2024-02-14,2025-02-12,365,ETH_Lagged_Return,0.0206075269311065,0.0527143520693335,0.3909282030821905,0.6960834986642804,-0.0830621627663662,0.1242772166285792,Positive,,False,0.016161522370000125,-0.0031294281717644257,7
ETH,2024-02-14,2025-02-12,365,Lagged_Log_ETH_Volume,0.0018705109429595485,0.0034792239800595075,0.5376230313656196,0.591172289103013,-0.004971839503203025,0.008712861389122122,Positive,,False,0.016161522370000125,-0.0031294281717644257,7
ETH,2024-02-14,2025-02-12,365,Lagged_SP500_Return_Aligned,0.21984089483459135,0.3931512222380631,0.5591764247434339,0.5763919292721614,-0.5533425668533113,0.993024356522494,Positive,,False,0.016161522370000125,-0.0031294281717644257,7
ETH,2024-02-14,2025-02-12,365,Lagged_VIX_Change_Aligned,-0.0007103221356678123,0.002013878056105391,-0.3527135784186922,0.724511327786166,-0.004670877562592082,0.0032502332912564573,Negative,,False,0.016161522370000125,-0.0031294281717644257,7
ETH,2024-02-14,2025-02-12,365,Lagged_Gold_Return_Aligned,0.12529940058193068,0.1906388772010329,0.6572604833892286,0.5114369505057519,-0.249616964086868,0.5002157652507293,Positive,,False,0.016161522370000125,-0.0031294281717644257,7
ETH,2024-02-14,2025-02-12,365,Lagged_DXY_Return_Aligned,0.3794891047301745,0.6699077312091345,0.5664796613784773,0.5714236997851246,-0.9379723435115626,1.6969505529719116,Positive,,False,0.016161522370000125,-0.0031294281717644257,7
ETH,2024-02-14,2025-02-12,365,Lagged_US10Y_Change_Aligned,0.03370962147338901,0.0463187327943349,0.7277751233624408,0.4672282916338889,-0.05738224378662848,0.12480148673340649,Positive,,False,0.016161522370000125,-0.0031294281717644257,7
ETH,2024-02-21,2025-02-19,365,const,-0.037207423082614724,0.081413913553792,-0.45701553283064994,0.6479378422342742,-0.1973185659470365,0.12290371978180704,Negative,,False,0.016363320891206956,-0.002923672816808498,7
ETH,2024-02-21,2025-02-19,365,ETH_Lagged_Return,0.0006157982408980869,0.053451789354976895,0.011520629118859423,0.9908145064610675,-0.10450415863378368,0.10573575511557984,Positive,,False,0.016363320891206956,-0.002923672816808498,7
ETH,2024-02-21,2025-02-19,365,Lagged_Log_ETH_Volume,0.001539137672523356,0.00345085076381462,0.44601687463933415,0.6558554399687756,-0.005247413121203806,0.008325688466250519,Positive,,False,0.016363320891206956,-0.002923672816808498,7
ETH,2024-02-21,2025-02-19,365,Lagged_SP500_Return_Aligned,0.30488089343712277,0.38802552492247366,0.7857238090149793,0.4325504797711069,-0.4582222119658079,1.0679839988400535,Positive,,False,0.016363320891206956,-0.002923672816808498,7
ETH,2024-02-21,2025-02-19,365,Lagged_VIX_Change_Aligned,-0.0007054122487752522,0.0019631646091060177,-0.35932404521925526,0.7195651252899796,-0.004566233028349606,0.003155408530799102,Negative,,False,0.016363320891206956,-0.002923672816808498,7
ETH,2024-02-21,2025-02-19,365,Lagged_Gold_Return_Aligned,0.13831686996756787,0.17918511282210484,0.7719216612871684,0.44067149850965825,-0.2140741642661782,0.49070790420131394,Positive,,False,0.016363320891206956,-0.002923672816808498,7
ETH,2024-02-21,2025-02-19,365,Lagged_DXY_Return_Aligned,0.36153207345249894,0.6618072750065787,0.5462799928406727,0.5852147146770736,-0.9399987648516936,1.6630629117566915,Positive,,False,0.016363320891206956,-0.002923672816808498,7
ETH,2024-02-21,2025-02-19,365,Lagged_US10Y_Change_Aligned,0.02361397813809596,0.04575310120978417,0.5161175420617429,0.6060918300942439,-0.06636549839756922,0.11359345467376114,Positive,,False,0.016363320891206956,-0.002923672816808498,7
ETH,2024-02-28,2025-02-26,365,const,-0.03798864783577107,0.08145590050295932,-0.466370730680105,0.6412346042937423,-0.19818236354460142,0.12220506787305926,Negative,,False,0.02007650594273236,0.0008623197847468234,7
ETH,2024-02-28,2025-02-26,365,ETH_Lagged_Return,0.008669488418262788,0.05267997353757073,0.16456895924747975,0.869376403370584,-0.09493259138588496,0.11227156822241054,Positive,,False,0.02007650594273236,0.0008623197847468234,7
ETH,2024-02-28,2025-02-26,365,Lagged_Log_ETH_Volume,0.0015474197311661241,0.0034540619715604836,0.4479999907086286,0.6544249492860919,-0.005245446323917753,0.008340285786250002,Positive,,False,0.02007650594273236,0.0008623197847468234,7
ETH,2024-02-28,2025-02-26,365,Lagged_SP500_Return_Aligned,0.3891079282259462,0.378583079590331,1.027800631362089,0.3047394832570705,-0.35542536954127524,1.1336412259931676,Positive,,False,0.02007650594273236,0.0008623197847468234,7
ETH,2024-02-28,2025-02-26,365,Lagged_VIX_Change_Aligned,-0.0003048517535928101,0.0019638455344178104,-0.1552320425665171,0.8767261178186192,-0.004167011662133178,0.003557308154947558,Negative,,False,0.02007650594273236,0.0008623197847468234,7
ETH,2024-02-28,2025-02-26,365,Lagged_Gold_Return_Aligned,0.15387581368066097,0.1774400384116235,0.8671989425729355,0.38641551766975923,-0.19508330276349237,0.5028349301248143,Positive,,False,0.02007650594273236,0.0008623197847468234,7
ETH,2024-02-28,2025-02-26,365,Lagged_DXY_Return_Aligned,0.41236097973694374,0.649976452904935,0.6344244901395764,0.5262101592927755,-0.8659029946488567,1.690624954122744,Positive,,False,0.02007650594273236,0.0008623197847468234,7
ETH,2024-02-28,2025-02-26,365,Lagged_US10Y_Change_Aligned,0.03195048843941165,0.04447653835146211,0.7183672476246415,0.4730007459488176,-0.05551845974474307,0.11941943662356638,Positive,,False,0.02007650594273236,0.0008623197847468234,7
ETH,2024-03-06,2025-03-05,365,const,-0.012062198938560066,0.09240172375320613,-0.13054084327232623,0.8962120684877923,-0.19378231220879774,0.16965791433167762,Negative,,False,0.017851771206294775,-0.001406037201424848,7
ETH,2024-03-06,2025-03-05,365,ETH_Lagged_Return,-0.057026585929323345,0.07434073186083724,-0.7670974511802593,0.44353057633699405,-0.2032273889622318,0.08917421710358513,Negative,,False,0.017851771206294775,-0.001406037201424848,7
ETH,2024-03-06,2025-03-05,365,Lagged_Log_ETH_Volume,0.0004370699372297387,0.003925263511743027,0.11134792248270135,0.9114030297628607,-0.007282475770322323,0.008156615644781802,Positive,,False,0.017851771206294775,-0.001406037201424848,7
ETH,2024-03-06,2025-03-05,365,Lagged_SP500_Return_Aligned,0.32270554387494405,0.3807122471777191,0.847636361234008,0.39720843054324056,-0.4260150413089589,1.071426129058847,Positive,,False,0.017851771206294775,-0.001406037201424848,7
ETH,2024-03-06,2025-03-05,365,Lagged_VIX_Change_Aligned,-0.0006402954500103656,0.001907350694047039,-0.3356988581118133,0.737295163644242,-0.004391350842591913,0.0031107599425711824,Negative,,False,0.017851771206294775,-0.001406037201424848,7
ETH,2024-03-06,2025-03-05,365,Lagged_Gold_Return_Aligned,0.199494819463786,0.18612243431284048,1.0718472504419794,0.2845126887033547,-0.1665393676883578,0.5655290066159298,Positive,,False,0.017851771206294775,-0.001406037201424848,7
ETH,2024-03-06,2025-03-05,365,Lagged_DXY_Return_Aligned,0.11440187860360773,0.6568470933401702,0.17416820408210423,0.8618319955294986,-1.1773741116561034,1.4061778688633186,Positive,,False,0.017851771206294775,-0.001406037201424848,7
ETH,2024-03-06,2025-03-05,365,Lagged_US10Y_Change_Aligned,0.047122738118411854,0.044679238335761935,1.0546898262742788,0.2922804600442934,-0.040744846179991336,0.13499032241681505,Positive,,False,0.017851771206294775,-0.001406037201424848,7
ETH,2024-03-13,2025-03-12,365,const,-0.006234965573232894,0.09215001140424631,-0.06766103962680121,0.9460933420741992,-0.18746005348348196,0.1749901223370162,Negative,,False,0.01688485515767424,-0.0023919123882536475,7
ETH,2024-03-13,2025-03-12,365,ETH_Lagged_Return,-0.05446990282701768,0.07542185879616321,-0.7222031344285645,0.47064238808972325,-0.20279688382681849,0.09385707817278315,Negative,,False,0.01688485515767424,-0.0023919123882536475,7
ETH,2024-03-13,2025-03-12,365,Lagged_Log_ETH_Volume,0.00015561752027753095,0.003910618775534313,0.0397935797912873,0.9682799388917417,-0.0075351273920667705,0.007846362432621832,Positive,,False,0.01688485515767424,-0.0023919123882536475,7
ETH,2024-03-13,2025-03-12,365,Lagged_SP500_Return_Aligned,0.3739492136665154,0.36593994226900356,1.0218868466444262,0.3075264233790968,-0.3457196957235024,1.0936181230565332,Positive,,False,0.01688485515767424,-0.0023919123882536475,7
ETH,2024-03-13,2025-03-12,365,Lagged_VIX_Change_Aligned,-0.00024062315045780228,0.0018701231759044436,-0.12866700630103162,0.8976935972364425,-0.003918465744199031,0.003437219443283426,Negative,,False,0.01688485515767424,-0.0023919123882536475,7
ETH,2024-03-13,2025-03-12,365,Lagged_Gold_Return_Aligned,0.1942409512330902,0.19013401610816355,1.0216002123606873,0.30766193227641014,-0.17968253785660143,0.5681644403227819,Positive,,False,0.01688485515767424,-0.0023919123882536475,7
ETH,2024-03-13,2025-03-12,365,Lagged_DXY_Return_Aligned,0.362849275280887,0.6122179637335484,0.5926798898027884,0.5537706262729791,-0.8411576760707591,1.566856226632533,Positive,,False,0.01688485515767424,-0.0023919123882536475,7
ETH,2024-03-13,2025-03-12,365,Lagged_US10Y_Change_Aligned,0.037263743029354375,0.04333869100342057,0.8598262237872686,0.3904618582774241,-0.04796747905433705,0.1224949651130458,Positive,,False,0.01688485515767424,-0.0023919123882536475,7
ETH,2024-03-20,2025-03-19,365,const,-0.00611799952753761,0.09137858845907351,-0.06695222185750581,0.946657218652152,-0.18582598300204617,0.17358998394697095,Negative,,False,0.017547541852533266,-0.001716231836632609,7
ETH,2024-03-20,2025-03-19,365,ETH_Lagged_Return,-0.06185190673351004,0.07484887106343825,-0.8263572429981928,0.40915340000174133,-0.2090520321784152,0.08534821871139511,Negative,,False,0.017547541852533266,-0.001716231836632609,7
ETH,2024-03-20,2025-03-19,365,Lagged_Log_ETH_Volume,0.00017842542715684967,0.0038812382357343313,0.04597126389050208,0.9633588579383188,-0.007454538798815698,0.007811389653129396,Positive,,False,0.017547541852533266,-0.001716231836632609,7
ETH,2024-03-20,2025-03-19,365,Lagged_SP500_Return_Aligned,0.28493928108625616,0.36937314556484613,0.7714130940692141,0.440972400688288,-0.441481473036297,1.0113600352088092,Positive,,False,0.017547541852533266,-0.001716231836632609,7
ETH,2024-03-20,2025-03-19,365,Lagged_VIX_Change_Aligned,-0.0003357719796764911,0.0018649164105426004,-0.18004666470750702,0.8572180879130797,-0.004003374786183308,0.0033318308268303256,Negative,,False,0.017547541852533266,-0.001716231836632609,7
ETH,2024-03-20,2025-03-19,365,Lagged_Gold_Return_Aligned,0.23760191400611327,0.18919216914580128,1.2558760496212977,0.20998220154835578,-0.13446930945765964,0.6096731374698862,Positive,,False,0.017547541852533266,-0.001716231836632609,7
ETH,2024-03-20,2025-03-19,365,Lagged_DXY_Return_Aligned,0.4123458319134935,0.615325045843519,0.6701268454760017,0.5032101645316386,-0.7977716040701471,1.622463267897134,Positive,,False,0.017547541852533266,-0.001716231836632609,7
ETH,2024-03-20,2025-03-19,365,Lagged_US10Y_Change_Aligned,0.04008145268610864,0.043427824144330544,0.9229440681370454,0.356659698764859,-0.04532506141383947,0.12548796678605675,Positive,,False,0.017547541852533266,-0.001716231836632609,7
ETH,2024-03-27,2025-03-26,365,const,-7.08091710047154e-06,0.09089140146638085,-7.790524720966755e-05,0.9999378841198017,-0.17875694724941854,0.1787427854152176,Negative,,False,0.019720349470878085,0.0004991798526601254,7
ETH,2024-03-27,2025-03-26,365,ETH_Lagged_Return,-0.055255637885026215,0.07587003432346713,-0.7282933028532355,0.46691149251130987,-0.204464014861856,0.09395273909180357,Negative,,False,0.019720349470878085,0.0004991798526601254,7
ETH,2024-03-27,2025-03-26,365,Lagged_Log_ETH_Volume,-9.330774323535818e-05,0.0038646534566367592,-0.024143883606205632,0.9807513288623619,-0.007693655825117107,0.00750704033864639,Negative,,False,0.019720349470878085,0.0004991798526601254,7
ETH,2024-03-27,2025-03-26,365,Lagged_SP500_Return_Aligned,0.24459514677881644,0.3679003143617791,0.664840820272556,0.5065815448740704,-0.4789290915410216,0.9681193850986545,Positive,,False,0.019720349470878085,0.0004991798526601254,7
ETH,2024-03-27,2025-03-26,365,Lagged_VIX_Change_Aligned,-0.00030460316092511706,0.0018673772205282946,-0.16311817321994676,0.8705176878122985,-0.003977045473137815,0.0033678391512875806,Negative,,False,0.019720349470878085,0.0004991798526601254,7
ETH,2024-03-27,2025-03-26,365,Lagged_Gold_Return_Aligned,0.2866733597256045,0.18219580217058076,1.5734355913272176,0.11650376871212874,-0.0716385901275059,0.6449853095787148,Positive,,False,0.019720349470878085,0.0004991798526601254,7
ETH,2024-03-27,2025-03-26,365,Lagged_DXY_Return_Aligned,0.3125663177049278,0.621284940432179,0.503096562243244,0.6152066255816101,-0.909272032951502,1.5344046683613577,Positive,,False,0.019720349470878085,0.0004991798526601254,7
ETH,2024-03-27,2025-03-26,365,Lagged_US10Y_Change_Aligned,0.05255714323653241,0.04239429482962884,1.2397220769385433,0.21589249830227136,-0.030816799862496587,0.13593108633556142,Positive,,False,0.019720349470878085,0.0004991798526601254,7
ETH,2024-04-03,2025-04-02,365,const,-0.0011655938517789177,0.08957364644998138,-0.013012687302283651,0.9896249395186826,-0.1773239220491363,0.17499273434557847,Negative,,False,0.023293837562606168,0.004142736338343611,7
ETH,2024-04-03,2025-04-02,365,ETH_Lagged_Return,-0.05593479861618912,0.0755337704810697,-0.740527028638237,0.45946702162700287,-0.2044818686276602,0.09261227139528196,Negative,,False,0.023293837562606168,0.004142736338343611,7
ETH,2024-04-03,2025-04-02,365,Lagged_Log_ETH_Volume,-3.7609007600258176e-05,0.003810264797089314,-0.009870444602429716,0.9921301658898989,-0.007530994654452377,0.0074557766392518605,Negative,,False,0.023293837562606168,0.004142736338343611,7
ETH,2024-04-03,2025-04-02,365,Lagged_SP500_Return_Aligned,0.285573195446606,0.34971042835456745,0.8165990267727062,0.41470217847171126,-0.40217824544759395,0.9733246363408059,Positive,,False,0.023293837562606168,0.004142736338343611,7
ETH,2024-04-03,2025-04-02,365,Lagged_VIX_Change_Aligned,-8.186625574968672e-05,0.0018703319738719911,-0.04377097589804119,0.9651114342754724,-0.003760119478089302,0.003596386966589929,Negative,,False,0.023293837562606168,0.004142736338343611,7
ETH,2024-04-03,2025-04-02,365,Lagged_Gold_Return_Aligned,0.3136639604408682,0.18407105270768606,1.7040374128732891,0.0892442404062493,-0.04833591563451706,0.6756638365162535,Positive,*,False,0.023293837562606168,0.004142736338343611,7
ETH,2024-04-03,2025-04-02,365,Lagged_DXY_Return_Aligned,0.4087342954894198,0.6223685008650428,0.6567400100122541,0.5117712203633754,-0.8152350189260962,1.6327036099049357,Positive,,False,0.023293837562606168,0.004142736338343611,7
ETH,2024-04-03,2025-04-02,365,Lagged_US10Y_Change_Aligned,0.05664382498592364,0.041124849940175755,1.3773624722843563,0.16926312926253,-0.024233588181284314,0.13752123815313158,Positive,,False,0.023293837562606168,0.004142736338343611,7
ETH,2024-04-10,2025-04-09,365,const,-0.032459064090853224,0.09322427247193407,-0.3481825412005794,0.7279083191833714,-0.21579682733845232,0.15087869915674587,Negative,,False,0.027950171636246912,0.008890371080094939,7
ETH,2024-04-10,2025-04-09,365,ETH_Lagged_Return,-0.06739654973400894,0.0761753921755268,-0.8847548769911253,0.3768843437249917,-0.21720545299119737,0.0824123535231795,Negative,,False,0.027950171636246912,0.008890371080094939,7
ETH,2024-04-10,2025-04-09,365,Lagged_Log_ETH_Volume,0.0012807100777854148,0.003963432282787253,0.3231315653726182,0.7467847897497014,-0.006513899525934513,0.009075319681505344,Positive,,False,0.027950171636246912,0.008890371080094939,7
ETH,2024-04-10,2025-04-09,365,Lagged_SP500_Return_Aligned,0.19245713826919694,0.3409362827873494,0.5644959131241463,0.5727711742195295,-0.4780387941608646,0.8629530706992585,Positive,,False,0.027950171636246912,0.008890371080094939,7
ETH,2024-04-10,2025-04-09,365,Lagged_VIX_Change_Aligned,-0.000457304014837571,0.001674839558284298,-0.2730434760604964,0.7849776735701083,-0.0037510957524655945,0.002836487722790453,Negative,,False,0.027950171636246912,0.008890371080094939,7
ETH,2024-04-10,2025-04-09,365,Lagged_Gold_Return_Aligned,0.34378761695510723,0.20595492002864957,1.6692372141791239,0.09594700528872555,-0.0612497554658844,0.7488249893760989,Positive,*,False,0.027950171636246912,0.008890371080094939,7
ETH,2024-04-10,2025-04-09,365,Lagged_DXY_Return_Aligned,0.04109125657980728,0.6244406948072562,0.06580489856204962,0.9475699905748761,-1.1869532991039629,1.2691358122635776,Positive,,False,0.027950171636246912,0.008890371080094939,7
ETH,2024-04-10,2025-04-09,365,Lagged_US10Y_Change_Aligned,0.06727278807838385,0.043218793491299604,1.5565633060054436,0.12046022730283483,-0.017722639816644653,0.15226821597341236,Positive,,False,0.027950171636246912,0.008890371080094939,7
ETH,2024-04-17,2025-04-16,365,const,0.0005998477949360412,0.09500907875388488,0.006313583952223236,0.9949660488076092,-0.1862479711804955,0.1874476667703676,Positive,,False,0.025544848271650045,0.006437884512270675,7
ETH,2024-04-17,2025-04-16,365,ETH_Lagged_Return,-0.0830285154681523,0.07771315903644432,-1.0683971221555322,0.28606330768611377,-0.23586163901906065,0.06980460808275606,Negative,,False,0.025544848271650045,0.006437884512270675,7
ETH,2024-04-17,2025-04-16,365,Lagged_Log_ETH_Volume,-0.00011962325862383601,0.004045051567304208,-0.02957274008339972,0.9764243310250317,-0.008074747894152814,0.00783550137690514,Negative,,False,0.025544848271650045,0.006437884512270675,7
ETH,2024-04-17,2025-04-16,365,Lagged_SP500_Return_Aligned,0.07528393753599966,0.30892259105797165,0.24369838825374884,0.8076044012056255,-0.5322528697721225,0.6828207448441217,Positive,,False,0.025544848271650045,0.006437884512270675,7
ETH,2024-04-17,2025-04-16,365,Lagged_VIX_Change_Aligned,4.249960077669899e-05,0.0015397427478219317,0.027601754148098765,0.977995205317959,-0.002985606533785752,0.00307060573533915,Positive,,False,0.025544848271650045,0.006437884512270675,7
ETH,2024-04-17,2025-04-16,365,Lagged_Gold_Return_Aligned,0.3578898199044978,0.19055696002279254,1.8781251540835378,0.06117891846734817,-0.016865443885399845,0.7326450836943954,Positive,*,False,0.025544848271650045,0.006437884512270675,7
ETH,2024-04-17,2025-04-16,365,Lagged_DXY_Return_Aligned,-0.012024728662694217,0.6026912272466929,-0.019951723401761528,0.9840930302130667,-1.1972961027635205,1.173246645438132,Negative,,False,0.025544848271650045,0.006437884512270675,7
ETH,2024-04-17,2025-04-16,365,Lagged_US10Y_Change_Aligned,0.07103342980301616,0.03960725664026528,1.7934448338136757,0.07374807975722943,-0.006859437025051485,0.1489262966310838,Positive,*,False,0.025544848271650045,0.006437884512270675,7
ETH,2024-04-24,2025-04-23,365,const,-0.010781138958457642,0.09186011409040012,-0.11736474600769442,0.9066370198395668,-0.19143610576523504,0.16987382784831975,Negative,,False,0.03119397296347637,0.012197776354917145,7
ETH,2024-04-24,2025-04-23,365,ETH_Lagged_Return,-0.06936689394375364,0.07894806149404053,-0.8786396097767375,0.3801876916378512,-0.22462861520211866,0.08589482731461137,Negative,,False,0.03119397296347637,0.012197776354917145,7
ETH,2024-04-24,2025-04-23,365,Lagged_Log_ETH_Volume,0.0003662757422811789,0.003914227596266412,0.09357548412119704,0.9254988784502466,-0.007331566389525829,0.008064117874088188,Positive,,False,0.03119397296347637,0.012197776354917145,7
ETH,2024-04-24,2025-04-23,365,Lagged_SP500_Return_Aligned,0.10299275253873755,0.2901109833393587,0.35501155920822647,0.7227905691374712,-0.467548560025673,0.6735340651031481,Positive,,False,0.03119397296347637,0.012197776354917145,7
ETH,2024-04-24,2025-04-23,365,Lagged_VIX_Change_Aligned,0.000344880609744499,0.0014685420837281706,0.23484557478186438,0.8144632332771004,-0.002543200077039599,0.0032329612965285967,Positive,,False,0.03119397296347637,0.012197776354917145,7
ETH,2024-04-24,2025-04-23,365,Lagged_Gold_Return_Aligned,0.4317741666403272,0.18950968186070447,2.2783752386735294,0.02329446757831938,0.05907851276364279,0.8044698205170115,Positive,**,True,0.03119397296347637,0.012197776354917145,7
ETH,2024-04-24,2025-04-23,365,Lagged_DXY_Return_Aligned,-0.042624083751887865,0.5750055858925712,-0.07412812118289815,0.9409499565716446,-1.17344801165282,1.0881998441490444,Negative,,False,0.03119397296347637,0.012197776354917145,7
ETH,2024-04-24,2025-04-23,365,Lagged_US10Y_Change_Aligned,0.08295569244375167,0.03820691576810654,2.1712219051452317,0.03057260045421969,0.00781677967162013,0.1580946052158832,Positive,**,True,0.03119397296347637,0.012197776354917145,7
ETH,2024-05-01,2025-04-30,365,const,-0.005419641222446481,0.09198078222018283,-0.05892145176014038,0.9530476390151127,-0.186311917738627,0.17547263529373403,Negative,,False,0.032513050213292094,0.013542717864533205,7
ETH,2024-05-01,2025-04-30,365,ETH_Lagged_Return,-0.07681392903461265,0.07777722453570723,-0.9876146840306401,0.3240102703914486,-0.22977304579549473,0.07614518772626944,Negative,,False,0.032513050213292094,0.013542717864533205,7
ETH,2024-05-01,2025-04-30,365,Lagged_Log_ETH_Volume,0.00015325808041452994,0.003918301134702135,0.03911340020735299,0.9688218406563308,-0.007552595199192354,0.007859111360021414,Positive,,False,0.032513050213292094,0.013542717864533205,7
ETH,2024-05-01,2025-04-30,365,Lagged_SP500_Return_Aligned,0.13162194439590497,0.29208135704203436,0.4506345277523578,0.6525265359200672,-0.44279436657644916,0.7060382553682591,Positive,,False,0.032513050213292094,0.013542717864533205,7
ETH,2024-05-01,2025-04-30,365,Lagged_VIX_Change_Aligned,0.0003476948571910917,0.0014585370673574015,0.23838602732328926,0.8117184758592192,-0.0025207096521980615,0.0032160993665802445,Positive,,False,0.032513050213292094,0.013542717864533205,7
ETH,2024-05-01,2025-04-30,365,Lagged_Gold_Return_Aligned,0.41754895176135304,0.17721319979812022,2.356195544333161,0.019003069806551632,0.06903594321287032,0.7660619603098358,Positive,**,True,0.032513050213292094,0.013542717864533205,7
ETH,2024-05-01,2025-04-30,365,Lagged_DXY_Return_Aligned,-0.10697256832644864,0.5773846211278071,-0.18527089986826945,0.8531217736452108,-1.2424751811572812,1.028530044504384,Negative,,False,0.032513050213292094,0.013542717864533205,7
ETH,2024-05-01,2025-04-30,365,Lagged_US10Y_Change_Aligned,0.07985765848862122,0.03765994964664226,2.1204929703282622,0.03465362074630466,0.005794426358692234,0.15392089061855022,Positive,**,True,0.032513050213292094,0.013542717864533205,7
ETH,2024-05-08,2025-05-07,365,const,-0.014779020944242154,0.09224960127268328,-0.16020688155124288,0.8728087175151596,-0.1961999653973981,0.16664192350891377,Negative,,False,0.03139801971038947,0.012405824018436373,7
ETH,2024-05-08,2025-05-07,365,ETH_Lagged_Return,-0.0786872275688473,0.07825738110784604,-1.005492727394096,0.3153406722049191,-0.23259063522747883,0.07521618008978423,Negative,,False,0.03139801971038947,0.012405824018436373,7
ETH,2024-05-08,2025-05-07,365,Lagged_Log_ETH_Volume,0.0005403405888910252,0.003928498083729808,0.137543808695972,0.8906785081136102,-0.007185566328863007,0.008266247506645057,Positive,,False,0.03139801971038947,0.012405824018436373,7
ETH,2024-05-08,2025-05-07,365,Lagged_SP500_Return_Aligned,0.11098256366949075,0.29205895704285356,0.3800005478113324,0.7041709762795826,-0.46338969476549663,0.6853548221044782,Positive,,False,0.03139801971038947,0.012405824018436373,7
ETH,2024-05-08,2025-05-07,365,Lagged_VIX_Change_Aligned,0.0002772636628135456,0.0014733261541300716,0.18818892343444246,0.8508354787900284,-0.002620225526106813,0.003174752851733904,Positive,,False,0.03139801971038947,0.012405824018436373,7
ETH,2024-05-08,2025-05-07,365,Lagged_Gold_Return_Aligned,0.4026308274281901,0.17350877861045313,2.3205213629688557,0.020875679664447793,0.06140304918148709,0.7438586056748931,Positive,**,True,0.03139801971038947,0.012405824018436373,7
ETH,2024-05-08,2025-05-07,365,Lagged_DXY_Return_Aligned,-0.013106850164036177,0.5781713225010627,-0.022669491989568687,0.9819265766578659,-1.1501566144640307,1.1239429141359585,Negative,,False,0.03139801971038947,0.012405824018436373,7
ETH,2024-05-08,2025-05-07,365,Lagged_US10Y_Change_Aligned,0.07720494921647253,0.03794197003444999,2.034816567151709,0.04260778652806723,0.0025870869916135297,0.15182281144133153,Positive,**,True,0.03139801971038947,0.012405824018436373,7
ETH,2024-05-15,2025-05-14,365,const,-0.08194787679632838,0.11339567662995872,-0.7226719680305523,0.4703545902191641,-0.3049553528969715,0.14105959930431472,Negative,,False,0.020851465705911232,0.00165247483739972,7
ETH,2024-05-15,2025-05-14,365,ETH_Lagged_Return,-0.0416242701285468,0.07956106329311377,-0.5231738793534889,0.6011778209926143,-0.19809153985330158,0.11484299959620797,Negative,,False,0.020851465705911232,0.00165247483739972,7
ETH,2024-05-15,2025-05-14,365,Lagged_Log_ETH_Volume,0.003440580011443129,0.004832474690754293,0.7119706220139758,0.47694796791018934,-0.006063115509701918,0.012944275532588177,Positive,,False,0.020851465705911232,0.00165247483739972,7
ETH,2024-05-15,2025-05-14,365,Lagged_SP500_Return_Aligned,0.14735767800468125,0.3007416398588187,0.48998096197738833,0.6244483393313377,-0.44409021539379334,0.7388055714031558,Positive,,False,0.020851465705911232,0.00165247483739972,7
ETH,2024-05-15,2025-05-14,365,Lagged_VIX_Change_Aligned,0.0002326245895980768,0.001556103351007435,0.14949173488218093,0.8812500457559101,-0.0028276568177112303,0.003292905996907384,Positive,,False,0.020851465705911232,0.00165247483739972,7
ETH,2024-05-15,2025-05-14,365,Lagged_Gold_Return_Aligned,0.30133058689940617,0.19236516714974225,1.5664508879866088,0.11812902816118363,-0.07698075345030725,0.6796419272491196,Positive,,False,0.020851465705911232,0.00165247483739972,7
ETH,2024-05-15,2025-05-14,365,Lagged_DXY_Return_Aligned,0.3113678407887021,0.6336592449102966,0.49138056974577976,0.623459259259694,-0.9348062031867164,1.5575418847641207,Positive,,False,0.020851465705911232,0.00165247483739972,7
ETH,2024-05-15,2025-05-14,365,Lagged_US10Y_Change_Aligned,0.06579330216898457,0.04098833654018938,1.6051713175642963,0.10934030029414606,-0.01481563948599611,0.14640224382396527,Positive,,False,0.020851465705911232,0.00165247483739972,7
ETH,2024-05-22,2025-05-21,365,const,-0.10346791313645495,0.11356724475075897,-0.9110717915498561,0.36287230026221634,-0.32681280045713823,0.1198769741842283,Negative,,False,0.02002944353640812,0.0008143345861416629,7
ETH,2024-05-22,2025-05-21,365,ETH_Lagged_Return,-0.053866656857890785,0.08179903800171719,-0.6585243319947109,0.5106257306022444,-0.21473519747916636,0.10700188376338478,Negative,,False,0.02002944353640812,0.0008143345861416629,7
ETH,2024-05-22,2025-05-21,365,Lagged_Log_ETH_Volume,0.004316326991484929,0.00484259699143111,0.8913248406015603,0.3733552521851268,-0.005207275362031118,0.013839929345000977,Positive,,False,0.02002944353640812,0.0008143345861416629,7
ETH,2024-05-22,2025-05-21,365,Lagged_SP500_Return_Aligned,0.1654920012319945,0.29028196992751953,0.5701077516916265,0.568963219832957,-0.40538557889222115,0.7363695813562101,Positive,,False,0.02002944353640812,0.0008143345861416629,7
ETH,2024-05-22,2025-05-21,365,Lagged_VIX_Change_Aligned,0.00017111723029501335,0.0015124025678806732,0.1131426472878842,0.9099810602416366,-0.002803220853261985,0.0031454553138520113,Positive,,False,0.02002944353640812,0.0008143345861416629,7
ETH,2024-05-22,2025-05-21,365,Lagged_Gold_Return_Aligned,0.2626702485038003,0.1821103812400115,1.4423683411964048,0.15007521818637493,-0.09547370988174664,0.6208142068893472,Positive,,False,0.02002944353640812,0.0008143345861416629,7
ETH,2024-05-22,2025-05-21,365,Lagged_DXY_Return_Aligned,0.280589549382061,0.6368330242926749,0.4406014428879681,0.659768228737634,-0.9718261481625152,1.533005246926637,Positive,,False,0.02002944353640812,0.0008143345861416629,7
ETH,2024-05-22,2025-05-21,365,Lagged_US10Y_Change_Aligned,0.057252842898779806,0.040628578041500794,1.4091766352319262,0.15965338469982535,-0.022648586466644145,0.13715427226420376,Positive,,False,0.02002944353640812,0.0008143345861416629,7
ETH,2024-05-29,2025-05-28,365,const,-0.11226141303264227,0.11593672579728703,-0.968298977400216,0.3335506022808804,-0.3402661957175808,0.11574336965229627,Negative,,False,0.023091751745472733,0.003936688054207549,7
ETH,2024-05-29,2025-05-28,365,ETH_Lagged_Return,-0.05423808247658861,0.08201967362366477,-0.66128137409388,0.5088584290056644,-0.21554053199678092,0.10706436704360371,Negative,,False,0.023091751745472733,0.003936688054207549,7
ETH,2024-05-29,2025-05-28,365,Lagged_Log_ETH_Volume,0.004688964335492361,0.00494500764534968,0.9482218576349211,0.34365793787096865,-0.005036042005679447,0.014413970676664167,Positive,,False,0.023091751745472733,0.003936688054207549,7
ETH,2024-05-29,2025-05-28,365,Lagged_SP500_Return_Aligned,0.10623826792270369,0.2913047645208294,0.36469800999464,0.7155527805390959,-0.4666507719643717,0.679127307809779,Positive,,False,0.023091751745472733,0.003936688054207549,7
ETH,2024-05-29,2025-05-28,365,Lagged_VIX_Change_Aligned,4.2660415720530186e-05,0.0015053515386837006,0.02833917169794972,0.9774074737292359,-0.002917810893794807,0.003003131725235868,Positive,,False,0.023091751745472733,0.003936688054207549,7
ETH,2024-05-29,2025-05-28,365,Lagged_Gold_Return_Aligned,0.3014859079753842,0.18121832698762036,1.663661247661666,0.0970576583236369,-0.054903708681423136,0.6578755246321916,Positive,*,False,0.023091751745472733,0.003936688054207549,7
ETH,2024-05-29,2025-05-28,365,Lagged_DXY_Return_Aligned,0.2442874491636134,0.6134037343214305,0.39824904136564,0.6906846798940922,-0.9620514756273806,1.4506263739546073,Positive,,False,0.023091751745472733,0.003936688054207549,7
ETH,2024-05-29,2025-05-28,365,Lagged_US10Y_Change_Aligned,0.064860970136567,0.03864679611444303,1.6783013511520362,0.09416338086191378,-0.011143025050857083,0.14086496532399106,Positive,*,False,0.023091751745472733,0.003936688054207549,7
ETH,2024-06-05,2025-06-04,365,const,-0.11349732181906191,0.1167645883025443,-0.9720183445085534,0.3316995380526742,-0.34313020473976374,0.11613556110163994,Negative,,False,0.025952738315768276,0.0068537724003912,7
ETH,2024-06-05,2025-06-04,365,ETH_Lagged_Return,-0.05477821323993892,0.08184152519814812,-0.6693205326674242,0.5037236533098781,-0.21573031050750158,0.10617388402762373,Negative,,False,0.025952738315768276,0.0068537724003912,7
ETH,2024-06-05,2025-06-04,365,Lagged_Log_ETH_Volume,0.004737505852296388,0.004978181239899924,0.9516539523160523,0.34191635375814877,-0.005052740715078905,0.01452775241967168,Positive,,False,0.025952738315768276,0.0068537724003912,7
ETH,2024-06-05,2025-06-04,365,Lagged_SP500_Return_Aligned,0.11301245807019769,0.2931459422118159,0.38551602392142026,0.7000847446132721,-0.4634974993167539,0.6895224154571492,Positive,,False,0.025952738315768276,0.0068537724003912,7
ETH,2024-06-05,2025-06-04,365,Lagged_VIX_Change_Aligned,0.00012657536248532873,0.0015074326517454794,0.08396750749611612,0.9331293298985817,-0.0028379887289171164,0.0030911394538877734,Positive,,False,0.025952738315768276,0.0068537724003912,7
ETH,2024-06-05,2025-06-04,365,Lagged_Gold_Return_Aligned,0.3245202097802259,0.18009381830756957,1.8019508544485443,0.07239660753388882,-0.02965791301681342,0.6786983325772652,Positive,*,False,0.025952738315768276,0.0068537724003912,7
ETH,2024-06-05,2025-06-04,365,Lagged_DXY_Return_Aligned,0.2612557468300782,0.6066503316593435,0.430652936619151,0.6669806261817156,-0.9318017255500086,1.454313219210165,Positive,,False,0.025952738315768276,0.0068537724003912,7
ETH,2024-06-05,2025-06-04,365,Lagged_US10Y_Change_Aligned,0.07249505250701925,0.038406370440978166,1.8875788488898637,0.05989340251591241,-0.0030361140486381832,0.14802621906267668,Positive,*,False,0.025952738315768276,0.0068537724003912,7
ETH,2024-06-12,2025-06-11,365,const,-0.11003059602325845,0.11651629044494989,-0.9443365867817795,0.3456363346909752,-0.33917516862923797,0.11911397658272109,Negative,,False,0.02935292753021601,0.010320631991592832,7
ETH,2024-06-12,2025-06-11,365,ETH_Lagged_Return,-0.05746747551156425,0.07958613145021573,-0.7220790163360614,0.4707185954756574,-0.2139840450563117,0.09904909403318318,Negative,,False,0.02935292753021601,0.010320631991592832,7
ETH,2024-06-12,2025-06-11,365,Lagged_Log_ETH_Volume,0.004608441716444769,0.0049658432724956495,0.9280280233509538,0.3540200382802283,-0.0051575406192348305,0.01437442405212437,Positive,,False,0.02935292753021601,0.010320631991592832,7
ETH,2024-06-12,2025-06-11,365,Lagged_SP500_Return_Aligned,0.15534905988535164,0.29523863653471916,0.5261813348981615,0.5990889435313352,-0.42527645545822046,0.7359745752289237,Positive,,False,0.02935292753021601,0.010320631991592832,7
ETH,2024-06-12,2025-06-11,365,Lagged_VIX_Change_Aligned,0.00033642343020622435,0.0015173828408193983,0.22171295282642917,0.824664114515013,-0.0026477090135183286,0.0033205558739307778,Positive,,False,0.02935292753021601,0.010320631991592832,7
ETH,2024-06-12,2025-06-11,365,Lagged_Gold_Return_Aligned,0.3254251633637207,0.18261006179171338,1.78207684817994,0.0755865454674646,-0.03370148238701781,0.6845518091144591,Positive,*,False,0.02935292753021601,0.010320631991592832,7
ETH,2024-06-12,2025-06-11,365,Lagged_DXY_Return_Aligned,0.2760560912951238,0.608944008632853,0.4533357539963328,0.6505824112160628,-0.9215121977938023,1.4736243803840499,Positive,,False,0.02935292753021601,0.010320631991592832,7
ETH,2024-06-12,2025-06-11,365,Lagged_US10Y_Change_Aligned,0.08341117715752167,0.03932779791664906,2.1209216273512816,0.03461726861999323,0.006067902575649903,0.16075445173939343,Positive,**,True,0.02935292753021601,0.010320631991592832,7
ETH,2024-06-19,2025-06-18,365,const,-0.08685532572968958,0.11672260956596318,-0.7441174083809806,0.4572949395012944,-0.3164056519571112,0.14269500049773198,Negative,,False,0.029968968365315485,0.01094875205875312,7
ETH,2024-06-19,2025-06-18,365,ETH_Lagged_Return,-0.057514170043683394,0.07935607070713067,-0.7247608094904749,0.46907352228170546,-0.21357829495218017,0.09854995486481338,Negative,,False,0.029968968365315485,0.01094875205875312,7
ETH,2024-06-19,2025-06-18,365,Lagged_Log_ETH_Volume,0.003614173900420854,0.004971893201904774,0.7269210648040938,0.46775069806699504,-0.0061637064152189405,0.013392054216060649,Positive,,False,0.029968968365315485,0.01094875205875312,7
ETH,2024-06-19,2025-06-18,365,Lagged_SP500_Return_Aligned,0.14084155188531297,0.2999153873801234,0.4696042877813581,0.6389244562635019,-0.4489814076058749,0.7306645113765009,Positive,,False,0.029968968365315485,0.01094875205875312,7
ETH,2024-06-19,2025-06-18,365,Lagged_VIX_Change_Aligned,0.00033157055106523657,0.0015354417778458136,0.21594472408483098,0.8291541635112275,-0.0026880771617331404,0.0033512182638636137,Positive,,False,0.029968968365315485,0.01094875205875312,7
ETH,2024-06-19,2025-06-18,365,Lagged_Gold_Return_Aligned,0.3339461724559296,0.1782593890218297,1.8733721364602818,0.06183385481068503,-0.016624304465571338,0.6845166493774306,Positive,*,False,0.029968968365315485,0.01094875205875312,7
ETH,2024-06-19,2025-06-18,365,Lagged_DXY_Return_Aligned,0.35706190458610154,0.619174053815781,0.5766745269535083,0.5645227653215595,-0.8606251105816419,1.5747489197538451,Positive,,False,0.029968968365315485,0.01094875205875312,7
ETH,2024-06-19,2025-06-18,365,Lagged_US10Y_Change_Aligned,0.08624001147263045,0.03972075268927003,2.171157534381943,0.03057750421614853,0.008123939773017855,0.16435608317224304,Positive,**,True,0.029968968365315485,0.01094875205875312,7
ETH,2024-06-26,2025-06-25,365,const,-0.09419781972900626,0.11793995117429477,-0.7986930534658119,0.4249994290924633,-0.3261422079497455,0.137746568491733,Negative,,False,0.029029749514586367,0.009991117152127305,7
ETH,2024-06-26,2025-06-25,365,ETH_Lagged_Return,-0.06026841640397234,0.07751041162673598,-0.7775525266747998,0.4373478129715366,-0.21270281057234397,0.09216597776439928,Negative,,False,0.029029749514586367,0.009991117152127305,7
ETH,2024-06-26,2025-06-25,365,Lagged_Log_ETH_Volume,0.003922796131658681,0.005021182305139186,0.7812494933003515,0.4351735366501396,-0.0059520176724371125,0.013797609935754473,Positive,,False,0.029029749514586367,0.009991117152127305,7
ETH,2024-06-26,2025-06-25,365,Lagged_SP500_Return_Aligned,0.16872994500487218,0.2949530745104527,0.5720569120526073,0.5676434500446594,-0.4113339751509957,0.74879386516074,Positive,,False,0.029029749514586367,0.009991117152127305,7
ETH,2024-06-26,2025-06-25,365,Lagged_VIX_Change_Aligned,0.0003886209464933019,0.0014854802669382386,0.2616129982623724,0.7937706905805458,-0.0025327708999369793,0.003310012792923583,Positive,,False,0.029029749514586367,0.009991117152127305,7
ETH,2024-06-26,2025-06-25,365,Lagged_Gold_Return_Aligned,0.31316933533823926,0.17715803319559226,1.7677399646477392,0.07795853395222913,-0.035235180848273095,0.6615738515247516,Positive,*,False,0.029029749514586367,0.009991117152127305,7
ETH,2024-06-26,2025-06-25,365,Lagged_DXY_Return_Aligned,0.3371420790331332,0.6191768043751097,0.5445004991318857,0.5864370428836778,-0.8805503454704156,1.554834503536682,Positive,,False,0.029029749514586367,0.009991117152127305,7
ETH,2024-06-26,2025-06-25,365,Lagged_US10Y_Change_Aligned,0.0859755296846631,0.03998706800071077,2.150083364029963,0.03221983502192746,0.00733571398337074,0.16461534538595546,Positive,**,True,0.029029749514586367,0.009991117152127305,7
ETH,2024-07-03,2025-07-02,365,const,-0.08704306767689833,0.120710779786271,-0.7210877755161196,0.47132745374549767,-0.32443665390789944,0.15035051855410275,Negative,,False,0.03050001397810098,0.011490210330612816,7
ETH,2024-07-03,2025-07-02,365,ETH_Lagged_Return,-0.06715457964535307,0.07755000779906551,-0.8659519392873909,0.38709809385080185,-0.21966684488180138,0.08535768559109524,Negative,,False,0.03050001397810098,0.011490210330612816,7
ETH,2024-07-03,2025-07-02,365,Lagged_Log_ETH_Volume,0.003630657878662662,0.005136605971192799,0.70682039833777,0.48013917687277946,-0.006471151708816455,0.01373246746614178,Positive,,False,0.03050001397810098,0.011490210330612816,7
ETH,2024-07-03,2025-07-02,365,Lagged_SP500_Return_Aligned,0.17190558197573913,0.29402255828458884,0.5846680029542126,0.5591402795605267,-0.40632835593417627,0.7501395198856545,Positive,,False,0.03050001397810098,0.011490210330612816,7
ETH,2024-07-03,2025-07-02,365,Lagged_VIX_Change_Aligned,0.0003641209472346205,0.0014869497191602938,0.24487778069607213,0.8066917592832215,-0.002560160769788879,0.00328840266425812,Positive,,False,0.03050001397810098,0.011490210330612816,7
ETH,2024-07-03,2025-07-02,365,Lagged_Gold_Return_Aligned,0.31522229132811763,0.1738054490597904,1.8136502223223092,0.07057109204568392,-0.02658892828166526,0.6570335109379005,Positive,*,False,0.03050001397810098,0.011490210330612816,7
ETH,2024-07-03,2025-07-02,365,Lagged_DXY_Return_Aligned,0.3627146203755851,0.6186744641951556,0.586277018637656,0.5580598656055982,-0.8539898862548592,1.5794191270060294,Positive,,False,0.03050001397810098,0.011490210330612816,7
ETH,2024-07-03,2025-07-02,365,Lagged_US10Y_Change_Aligned,0.08892621602978149,0.04141182791308495,2.147362734540953,0.03243729133404129,0.00748442302608468,0.1703680090334783,Positive,**,True,0.03050001397810098,0.011490210330612816,7
ETH,2024-07-10,2025-07-09,365,const,-0.06681725677312207,0.12097342091994373,-0.5523300594875262,0.5810678610415196,-0.30472736125315397,0.1710928477069098,Negative,,False,0.02881734785731982,0.009774550756483036,7
ETH,2024-07-10,2025-07-09,365,ETH_Lagged_Return,-0.06823072441049242,0.0773622358825528,-0.8819642249491942,0.37838958862853395,-0.22037371153662327,0.08391226271563844,Negative,,False,0.02881734785731982,0.009774550756483036,7
ETH,2024-07-10,2025-07-09,365,Lagged_Log_ETH_Volume,0.0027906846961808576,0.005147996036286126,0.542091461708684,0.5880936936282519,-0.007333524948730555,0.01291489434109227,Positive,,False,0.02881734785731982,0.009774550756483036,7
ETH,2024-07-10,2025-07-09,365,Lagged_SP500_Return_Aligned,0.17220109393972444,0.2857883057355031,0.6025477267047323,0.5471921403431186,-0.38983910596253085,0.7342412938419798,Positive,,False,0.02881734785731982,0.009774550756483036,7
ETH,2024-07-10,2025-07-09,365,Lagged_VIX_Change_Aligned,0.00034557284339142055,0.0014429640547623372,0.23948818562104654,0.8108644932714888,-0.0024922052934822983,0.0031833509802651396,Positive,,False,0.02881734785731982,0.009774550756483036,7
ETH,2024-07-10,2025-07-09,365,Lagged_Gold_Return_Aligned,0.3370997906785169,0.17551414618552832,1.9206417146694459,0.05557316332533995,-0.008071806017552252,0.682271387374586,Positive,*,False,0.02881734785731982,0.009774550756483036,7
ETH,2024-07-10,2025-07-09,365,Lagged_DXY_Return_Aligned,0.3774707708725926,0.6127005427674251,0.616077095619412,0.5382362421778729,-0.8274852354656479,1.5824267772108331,Positive,,False,0.02881734785731982,0.009774550756483036,7
ETH,2024-07-10,2025-07-09,365,Lagged_US10Y_Change_Aligned,0.0826141967603213,0.04119493754525724,2.0054453698239105,0.04566975755131001,0.0015989471219208379,0.1636294463987218,Positive,**,True,0.02881734785731982,0.009774550756483036,7
ETH,2024-07-17,2025-07-16,365,const,-0.11149880538550795,0.11828348676288425,-0.9426405023807157,0.34650226931750105,-0.3441188014145774,0.12112119064356151,Negative,,False,0.03257398799018851,0.013604850499800092,7
ETH,2024-07-17,2025-07-16,365,ETH_Lagged_Return,-0.06347138315127757,0.07615758789140639,-0.83342165775762,0.4051642118732663,-0.2132452719477434,0.08630250564518827,Negative,,False,0.03257398799018851,0.013604850499800092,7
ETH,2024-07-17,2025-07-16,365,Lagged_Log_ETH_Volume,0.004682286141367672,0.005034313948698612,0.9300743237473418,0.3529610783392655,-0.005218352762716696,0.01458292504545204,Positive,,False,0.03257398799018851,0.013604850499800092,7
ETH,2024-07-17,2025-07-16,365,Lagged_SP500_Return_Aligned,0.11705549688827369,0.2927711424078641,0.39981910759907413,0.6895288636708223,-0.4587173675088362,0.6928283612853835,Positive,,False,0.03257398799018851,0.013604850499800092,7
ETH,2024-07-17,2025-07-16,365,Lagged_VIX_Change_Aligned,0.00016383226376771436,0.0014756119703533735,0.11102665677649692,0.911657600406564,-0.0027381522826648353,0.003065816810200264,Positive,,False,0.03257398799018851,0.013604850499800092,7
ETH,2024-07-17,2025-07-16,365,Lagged_Gold_Return_Aligned,0.34369597221318215,0.1722091065757603,1.9958060235448658,0.04671440802982818,0.005024169545347512,0.6823677748810169,Positive,**,True,0.03257398799018851,0.013604850499800092,7
ETH,2024-07-17,2025-07-16,365,Lagged_DXY_Return_Aligned,0.4890915926389823,0.6096155286631298,0.8022951674337213,0.42291598113988277,-0.7097973286958428,1.6879805139738073,Positive,,False,0.03257398799018851,0.013604850499800092,7
ETH,2024-07-17,2025-07-16,365,Lagged_US10Y_Change_Aligned,0.08536373129965398,0.04047978934775488,2.1087988024421,0.035658048182762636,0.0057549144222075604,0.1649725481771004,Positive,**,True,0.03257398799018851,0.013604850499800092,7
ETH,2024-07-24,2025-07-23,365,const,-0.11846407138556256,0.11237109936143856,-1.0542218778560324,0.29249430194949333,-0.33945658185865013,0.10252843908752499,Negative,,False,0.03158781170848657,0.012599337428260915,7
ETH,2024-07-24,2025-07-23,365,ETH_Lagged_Return,-0.05695741105713343,0.073774403864191,-0.7720484080357267,0.44059652511076797,-0.20204445577993146,0.08812963366566462,Negative,,False,0.03158781170848657,0.012599337428260915,7
ETH,2024-07-24,2025-07-23,365,Lagged_Log_ETH_Volume,0.004978264714126651,0.004780477415133689,1.041373963689656,0.2984067346921785,-0.004423171342240908,0.014379700770494209,Positive,,False,0.03158781170848657,0.012599337428260915,7
ETH,2024-07-24,2025-07-23,365,Lagged_SP500_Return_Aligned,0.12929680168101254,0.3001548447758845,0.4307669988720459,0.6668977571403945,-0.46099708219679536,0.7195906855588204,Positive,,False,0.03158781170848657,0.012599337428260915,7
ETH,2024-07-24,2025-07-23,365,Lagged_VIX_Change_Aligned,0.00021331852554808524,0.0014864943767462127,0.1435044281936795,0.8859727803750858,-0.002710067700875211,0.0031367047519713816,Positive,,False,0.03158781170848657,0.012599337428260915,7
ETH,2024-07-24,2025-07-23,365,Lagged_Gold_Return_Aligned,0.3500614308103753,0.18070619407438643,1.9371855657934722,0.05351123183172553,-0.005321009278483502,0.7054438708992341,Positive,*,False,0.03158781170848657,0.012599337428260915,7
ETH,2024-07-24,2025-07-23,365,Lagged_DXY_Return_Aligned,0.5119356549152807,0.6195131725276984,0.8263515250636452,0.4091566383256402,-0.706418281693304,1.7302895915238654,Positive,,False,0.03158781170848657,0.012599337428260915,7
ETH,2024-07-24,2025-07-23,365,Lagged_US10Y_Change_Aligned,0.08232749193714076,0.04057004141509776,2.0292681265665,0.043172481185705505,0.002541182527799307,0.1621138013464822,Positive,**,True,0.03158781170848657,0.012599337428260915,7
ETH,2024-07-31,2025-07-30,365,const,-0.12695023474895048,0.1096511033664869,-1.157765228541702,0.24773383972144597,-0.34259351622261625,0.08869304672471529,Negative,,False,0.03361660024175317,0.014667906128846386,7
ETH,2024-07-31,2025-07-30,365,ETH_Lagged_Return,-0.056668698901621524,0.07323421142597333,-0.7738009025864016,0.4395606403260843,-0.20069338431905828,0.08735598651581525,Negative,,False,0.03361660024175317,0.014667906128846386,7
ETH,2024-07-31,2025-07-30,365,Lagged_Log_ETH_Volume,0.005346731432138413,0.004660002132435829,1.1473667350756391,0.251998413674399,-0.0038177741739207514,0.014511237038197577,Positive,,False,0.03361660024175317,0.014667906128846386,7
ETH,2024-07-31,2025-07-30,365,Lagged_SP500_Return_Aligned,0.08323089580074963,0.2986903985005604,0.2786527327914542,0.7806726751076642,-0.5041829623348887,0.6706447539363879,Positive,,False,0.03361660024175317,0.014667906128846386,7
ETH,2024-07-31,2025-07-30,365,Lagged_VIX_Change_Aligned,0.00013653288171660294,0.0014943107519597098,0.09136846638997094,0.9272510622046821,-0.0028022252721065875,0.0030752910355397933,Positive,,False,0.03361660024175317,0.014667906128846386,7
ETH,2024-07-31,2025-07-30,365,Lagged_Gold_Return_Aligned,0.35219845742878964,0.18082444677682516,1.9477369554099924,0.05222997182300304,-0.0034165421146856723,0.7078134569722649,Positive,*,False,0.03361660024175317,0.014667906128846386,7
ETH,2024-07-31,2025-07-30,365,Lagged_DXY_Return_Aligned,0.4780532523196284,0.6063157998801879,0.7884558713694991,0.430953344848925,-0.7143463194247193,1.670452824063976,Positive,,False,0.03361660024175317,0.014667906128846386,7
ETH,2024-07-31,2025-07-30,365,Lagged_US10Y_Change_Aligned,0.08830160550621072,0.04091762879798089,2.1580333000764704,0.03159158149151064,0.007831719903447498,0.16877149110897394,Positive,**,True,0.03361660024175317,0.014667906128846386,7
ETH,2024-08-07,2025-08-06,365,const,-0.10018266989593871,0.11076064692462775,-0.9044969732265349,0.36634190527161264,-0.3180080143536473,0.11764267456176986,Negative,,False,0.018353068343107903,-0.0008949107089879504,7
ETH,2024-08-07,2025-08-06,365,ETH_Lagged_Return,-0.05956853786548451,0.07489741765305345,-0.7953350026221631,0.4269471239909892,-0.20686413654839247,0.08772706081742344,Negative,,False,0.018353068343107903,-0.0008949107089879504,7
ETH,2024-08-07,2025-08-06,365,Lagged_Log_ETH_Volume,0.004246323701584068,0.004705684770185152,0.9023816742864803,0.3674625757477486,-0.005008022805370651,0.013500670208538788,Positive,,False,0.018353068343107903,-0.0008949107089879504,7
ETH,2024-08-07,2025-08-06,365,Lagged_SP500_Return_Aligned,0.06118746805860048,0.30328494460375616,0.2017491113465666,0.8402277757719481,-0.5352621678134797,0.6576371039306805,Positive,,False,0.018353068343107903,-0.0008949107089879504,7
ETH,2024-08-07,2025-08-06,365,Lagged_VIX_Change_Aligned,0.00027939562807060387,0.0017208437819592832,0.16235966971533888,0.8711144849100487,-0.003104869451369267,0.0036636607075104747,Positive,,False,0.018353068343107903,-0.0008949107089879504,7
ETH,2024-08-07,2025-08-06,365,Lagged_Gold_Return_Aligned,0.32442811021114415,0.17941916309055803,1.8082132623001699,0.07141467915438648,-0.028423214583932155,0.6772794350062205,Positive,*,False,0.018353068343107903,-0.0008949107089879504,7
ETH,2024-08-07,2025-08-06,365,Lagged_DXY_Return_Aligned,0.30236163987942255,0.6054356663180757,0.4994116744363915,0.6177970263253306,-0.8883070337376656,1.4930303134965106,Positive,,False,0.018353068343107903,-0.0008949107089879504,7
ETH,2024-08-07,2025-08-06,365,Lagged_US10Y_Change_Aligned,0.05442590425042511,0.03626260676327217,1.5008822891780977,0.13426989768773595,-0.01688926976186987,0.12574107826272007,Positive,,False,0.018353068343107903,-0.0008949107089879504,7
ETH,2024-08-14,2025-08-13,365,const,-0.14012328725993883,0.10804003673060417,-1.2969570494439357,0.19548355023736266,-0.3525981948151651,0.07235162029528744,Negative,,False,0.017874755712990575,-0.0013826020181271215,7
ETH,2024-08-14,2025-08-13,365,ETH_Lagged_Return,-0.0372264665462365,0.07374766196612191,-0.5047816507503321,0.6140236432534536,-0.18226091981782794,0.10780798672535492,Negative,,False,0.017874755712990575,-0.0013826020181271215,7
ETH,2024-08-14,2025-08-13,365,Lagged_Log_ETH_Volume,0.005947515188875768,0.0045890557692148705,1.2960215538834718,0.1958052974705284,-0.0030774650854367945,0.01497249546318833,Positive,,False,0.017874755712990575,-0.0013826020181271215,7
ETH,2024-08-14,2025-08-13,365,Lagged_SP500_Return_Aligned,-0.07345518557540792,0.30436238458241727,-0.24134120803458628,0.8094292303437247,-0.6720237485303542,0.5251133773795382,Negative,,False,0.017874755712990575,-0.0013826020181271215,7
ETH,2024-08-14,2025-08-13,365,Lagged_VIX_Change_Aligned,-0.00040219843823130225,0.0018354464999264318,-0.21912839096504483,0.8266752612579646,-0.0040118447989304935,0.0032074479224678885,Negative,,False,0.017874755712990575,-0.0013826020181271215,7
ETH,2024-08-14,2025-08-13,365,Lagged_Gold_Return_Aligned,0.2448015665565832,0.18352391236358923,1.333894659305178,0.1830887111695579,-0.11612228624493381,0.6057254193581002,Positive,,False,0.017874755712990575,-0.0013826020181271215,7
ETH,2024-08-14,2025-08-13,365,Lagged_DXY_Return_Aligned,0.1711069170425001,0.6131157590147248,0.2790776693090851,0.7803468174741298,-1.0346656665242395,1.3768795006092398,Positive,,False,0.017874755712990575,-0.0013826020181271215,7
ETH,2024-08-14,2025-08-13,365,Lagged_US10Y_Change_Aligned,0.06374219754619047,0.03726555318555597,1.710485746147377,0.08804484954654038,-0.009545402196474817,0.13702979728885575,Positive,*,False,0.017874755712990575,-0.0013826020181271215,7
ETH,2024-08-21,2025-08-20,365,const,-0.10833547294467055,0.10293891426049555,-1.0524248650079848,0.293316476811918,-0.31077835387289,0.09410740798354889,Negative,,False,0.013817117291570868,-0.005519801977221794,7
ETH,2024-08-21,2025-08-20,365,ETH_Lagged_Return,-0.03467363440560067,0.07499540468959613,-0.46234345356377327,0.6441166928258155,-0.18216193745219678,0.11281466864099543,Negative,,False,0.013817117291570868,-0.005519801977221794,7
ETH,2024-08-21,2025-08-20,365,Lagged_Log_ETH_Volume,0.004602601262566611,0.0043663377940509375,1.0541102131029758,0.29254534581980174,-0.003984374892015409,0.013189577417148633,Positive,,False,0.013817117291570868,-0.005519801977221794,7
ETH,2024-08-21,2025-08-20,365,Lagged_SP500_Return_Aligned,-0.12134579646531927,0.3078290419020873,-0.3941986620739843,0.6936697375875488,-0.7267319958799714,0.4840404029493328,Negative,,False,0.013817117291570868,-0.005519801977221794,7
ETH,2024-08-21,2025-08-20,365,Lagged_VIX_Change_Aligned,-0.0006644113804245877,0.0018405529880103342,-0.36098465230432,0.7183244372656902,-0.004284100319934303,0.0029552775590851272,Negative,,False,0.013817117291570868,-0.005519801977221794,7
ETH,2024-08-21,2025-08-20,365,Lagged_Gold_Return_Aligned,0.2210730656100121,0.18551133417224336,1.1916957343681784,0.2341721804099654,-0.14375931293664113,0.5859054441566653,Positive,,False,0.013817117291570868,-0.005519801977221794,7
ETH,2024-08-21,2025-08-20,365,Lagged_DXY_Return_Aligned,0.18127274599042265,0.6126326586168959,0.29589141786804396,0.7674850413316588,-1.0235497572591052,1.3860952492399505,Positive,,False,0.013817117291570868,-0.005519801977221794,7
ETH,2024-08-21,2025-08-20,365,Lagged_US10Y_Change_Aligned,0.05671390965655144,0.03728366899592468,1.521146152830361,0.1291083578820346,-0.016609317204077316,0.13003713651718019,Positive,,False,0.013817117291570868,-0.005519801977221794,7
ETH,2024-08-28,2025-08-27,365,const,-0.10356805914510553,0.10079054528083199,-1.0275572858201587,0.3048538295311128,-0.3017858905994273,0.0946497723092162,Negative,,False,0.018174994982408155,-0.0010764757042112105,7
ETH,2024-08-28,2025-08-27,365,ETH_Lagged_Return,-0.05777434778491255,0.07218321318016788,-0.8003848157979462,0.4240201717758543,-0.19973210725641466,0.08418341168658955,Negative,,False,0.018174994982408155,-0.0010764757042112105,7
ETH,2024-08-28,2025-08-27,365,Lagged_Log_ETH_Volume,0.0044052684440920465,0.004271442175704217,1.0313304647196273,0.30308405565925545,-0.003995083026291731,0.012805619914475824,Positive,,False,0.018174994982408155,-0.0010764757042112105,7
ETH,2024-08-28,2025-08-27,365,Lagged_SP500_Return_Aligned,-0.15362764788361313,0.31724984123927785,-0.4842481474017296,0.628506706971798,-0.7775410852448522,0.4702857894776259,Negative,,False,0.018174994982408155,-0.0010764757042112105,7
ETH,2024-08-28,2025-08-27,365,Lagged_VIX_Change_Aligned,-0.0008136564693610358,0.0018846654636286522,-0.4317246137648521,0.6662021873280043,-0.004520098379923557,0.002892785441201486,Negative,,False,0.018174994982408155,-0.0010764757042112105,7
ETH,2024-08-28,2025-08-27,365,Lagged_Gold_Return_Aligned,0.23909492403259128,0.18331079485513677,1.304314479796667,0.1929666502302013,-0.12140980522660647,0.599599653291789,Positive,,False,0.018174994982408155,-0.0010764757042112105,7
ETH,2024-08-28,2025-08-27,365,Lagged_DXY_Return_Aligned,0.39879780694313816,0.6379373803806955,0.6251362895605076,0.5322809828287473,-0.8557897517448707,1.653385365631147,Positive,,False,0.018174994982408155,-0.0010764757042112105,7
ETH,2024-08-28,2025-08-27,365,Lagged_US10Y_Change_Aligned,0.06197827819060958,0.037783534029190824,1.6403515389197414,0.10181284684290304,-0.012327998842411689,0.13628455522363087,Positive,,False,0.018174994982408155,-0.0010764757042112105,7
ETH,2024-09-04,2025-09-03,365,const,-0.0916418989577971,0.10013497784954743,-0.9151836943079854,0.3607129385717078,-0.28857047104518874,0.10528667312959451,Negative,,False,0.01832306609338663,-0.0009255012381155225,7
ETH,2024-09-04,2025-09-03,365,ETH_Lagged_Return,-0.056796894566449145,0.07195703301331505,-0.7893167934806228,0.43045077149215083,-0.19830984106400984,0.08471605193111154,Negative,,False,0.01832306609338663,-0.0009255012381155225,7
ETH,2024-09-04,2025-09-03,365,Lagged_Log_ETH_Volume,0.003901359320757989,0.004240053984041868,0.9201202002241926,0.3581312562905256,-0.004437263152454,0.012239981793969977,Positive,,False,0.01832306609338663,-0.0009255012381155225,7
ETH,2024-09-04,2025-09-03,365,Lagged_SP500_Return_Aligned,-0.1571138525052884,0.3279598915889524,-0.4790642286899113,0.6321862379922298,-0.8020900090845257,0.4878623040739488,Negative,,False,0.01832306609338663,-0.0009255012381155225,7
ETH,2024-09-04,2025-09-03,365,Lagged_VIX_Change_Aligned,-0.0008246202715640194,0.0019347837068922377,-0.42620798832783874,0.670213159619858,-0.004629626283236701,0.0029803857401086626,Negative,,False,0.01832306609338663,-0.0009255012381155225,7
ETH,2024-09-04,2025-09-03,365,Lagged_Gold_Return_Aligned,0.2331133834217596,0.1817547056334817,1.2825713788772297,0.20047441048959264,-0.12433109221735408,0.5905578590608733,Positive,,False,0.01832306609338663,-0.0009255012381155225,7
ETH,2024-09-04,2025-09-03,365,Lagged_DXY_Return_Aligned,0.41174150846622004,0.6359916695349779,0.6474007887041598,0.5177886645016969,-0.8390195545579279,1.6625025714903678,Positive,,False,0.01832306609338663,-0.0009255012381155225,7
ETH,2024-09-04,2025-09-03,365,Lagged_US10Y_Change_Aligned,0.06417256068102964,0.03792876390491833,1.6919233340137456,0.09153317758548897,-0.010419329957403509,0.1387644513194628,Positive,*,False,0.01832306609338663,-0.0009255012381155225,7
ETH,2024-09-11,2025-09-10,365,const,-0.07998834182807654,0.09968006827955134,-0.8024507126515039,0.42282614990769424,-0.2760222745599492,0.11604559090379615,Negative,,False,0.01818666456832052,-0.0010645773028887806,7
ETH,2024-09-11,2025-09-10,365,ETH_Lagged_Return,-0.06379672379917589,0.07325581890230752,-0.8708758533469391,0.38440717387262674,-0.20786390315381909,0.0802704555554673,Negative,,False,0.01818666456832052,-0.0010645773028887806,7
ETH,2024-09-11,2025-09-10,365,Lagged_Log_ETH_Volume,0.0034119779438896974,0.004219197855146132,0.8086792942710963,0.41923821984385085,-0.0048856282154336635,0.011709584103213058,Positive,,False,0.01818666456832052,-0.0010645773028887806,7
ETH,2024-09-11,2025-09-10,365,Lagged_SP500_Return_Aligned,-0.16329555186212524,0.3288586991919845,-0.49655232555303297,0.6198103861035816,-0.8100393315202066,0.48344822779595614,Negative,,False,0.01818666456832052,-0.0010645773028887806,7
ETH,2024-09-11,2025-09-10,365,Lagged_VIX_Change_Aligned,-0.0010112620907998544,0.0019172526047362888,-0.5274537576851799,0.5982061570324723,-0.0047817908899257236,0.002759266708326015,Negative,,False,0.01818666456832052,-0.0010645773028887806,7
ETH,2024-09-11,2025-09-10,365,Lagged_Gold_Return_Aligned,0.2381099564497562,0.1818089866503843,1.309670995018732,0.1911493390867817,-0.11944126993100285,0.5956611828305152,Positive,,False,0.01818666456832052,-0.0010645773028887806,7
ETH,2024-09-11,2025-09-10,365,Lagged_DXY_Return_Aligned,0.3924223681716672,0.6375155444214093,0.6155494898996046,0.5385841071550561,-0.861335594755686,1.6461803310990204,Positive,,False,0.01818666456832052,-0.0010645773028887806,7
ETH,2024-09-11,2025-09-10,365,Lagged_US10Y_Change_Aligned,0.06124874439102498,0.03738424811161853,1.6383569948539283,0.10222823811352526,-0.012272284497034804,0.13476977327908476,Positive,,False,0.01818666456832052,-0.0010645773028887806,7
ETH,2024-09-18,2025-09-17,365,const,-0.07316672450610673,0.09990160101799417,-0.7323879073061904,0.4644123891617663,-0.26963633043418966,0.12330288142197623,Negative,,False,0.01604438807784858,-0.0032488592147426054,7
ETH,2024-09-18,2025-09-17,365,ETH_Lagged_Return,-0.062232463855820125,0.0733381050307248,-0.8485692919083198,0.3966896113315796,-0.20646146967829518,0.08199654196665493,Negative,,False,0.01604438807784858,-0.0032488592147426054,7
ETH,2024-09-18,2025-09-17,365,Lagged_Log_ETH_Volume,0.003130035340873609,0.004222971030165357,0.741192709709649,0.4590638650629008,-0.005174991262182094,0.011435061943929311,Positive,,False,0.01604438807784858,-0.0032488592147426054,7
ETH,2024-09-18,2025-09-17,365,Lagged_SP500_Return_Aligned,-0.1273039780372505,0.32974393449142,-0.3860692031639568,0.6996753909185311,-0.7757886890584076,0.5211807329839067,Negative,,False,0.01604438807784858,-0.0032488592147426054,7
ETH,2024-09-18,2025-09-17,365,Lagged_VIX_Change_Aligned,-0.0009062399403453611,0.0019145300761639567,-0.47334850030726416,0.6362538711419023,-0.004671414529826105,0.0028589346491353826,Negative,,False,0.01604438807784858,-0.0032488592147426054,7
ETH,2024-09-18,2025-09-17,365,Lagged_Gold_Return_Aligned,0.2381767895835537,0.18395021678099077,1.294789393301583,0.19622967194782004,-0.12358544678778416,0.5999390259548916,Positive,,False,0.01604438807784858,-0.0032488592147426054,7
ETH,2024-09-18,2025-09-17,365,Lagged_DXY_Return_Aligned,0.4098874808016497,0.6387327761619193,0.6417198178941469,0.5214669250772017,-0.8462643280495348,1.6660392896528342,Positive,,False,0.01604438807784858,-0.0032488592147426054,7
ETH,2024-09-18,2025-09-17,365,Lagged_US10Y_Change_Aligned,0.053430259645141524,0.03756244769210883,1.42243817770071,0.15577223105226226,-0.020441222098515364,0.1273017413887984,Positive,,False,0.01604438807784858,-0.0032488592147426054,7
ETH,2024-09-25,2025-09-24,365,const,-0.08236149779167179,0.09868325146026405,-0.8346046220906654,0.40449849582145225,-0.27643505946169755,0.11171206387835395,Negative,,False,0.014810205050752145,-0.004507241909037063,7
ETH,2024-09-25,2025-09-24,365,ETH_Lagged_Return,-0.06245322306304081,0.0732323563055227,-0.8528091435770311,0.3943369336957961,-0.20647426014271153,0.0815678140166299,Negative,,False,0.014810205050752145,-0.004507241909037063,7
ETH,2024-09-25,2025-09-24,365,Lagged_Log_ETH_Volume,0.003492028962088327,0.004169353493377965,0.8375468685096122,0.4028455914254781,-0.0047075517200200635,0.011691609644196717,Positive,,False,0.014810205050752145,-0.004507241909037063,7
ETH,2024-09-25,2025-09-24,365,Lagged_SP500_Return_Aligned,-0.19175842389185005,0.3241828202689775,-0.5915132200180945,0.5545509610619638,-0.8293064741521097,0.4457896263684096,Negative,,False,0.014810205050752145,-0.004507241909037063,7
ETH,2024-09-25,2025-09-24,365,Lagged_VIX_Change_Aligned,-0.0011961420830952421,0.0018770654382132335,-0.6372404812023187,0.5243766543027886,-0.004887637546521829,0.002495353380331345,Negative,,False,0.014810205050752145,-0.004507241909037063,7
ETH,2024-09-25,2025-09-24,365,Lagged_Gold_Return_Aligned,0.19927545993098583,0.18484458597709427,1.078070309052383,0.28173027378879245,-0.16424567080963265,0.5627965906716044,Positive,,False,0.014810205050752145,-0.004507241909037063,7
ETH,2024-09-25,2025-09-24,365,Lagged_DXY_Return_Aligned,0.36218403165060425,0.6416525771744721,0.5644550408345397,0.5727989529154622,-0.8997099489824054,1.6240780122836138,Positive,,False,0.014810205050752145,-0.004507241909037063,7
ETH,2024-09-25,2025-09-24,365,Lagged_US10Y_Change_Aligned,0.04892158674255272,0.03784414155492077,1.2927122860365579,0.1969465898629732,-0.02550388294178846,0.12334705642689389,Positive,,False,0.014810205050752145,-0.004507241909037063,7
ETH,2024-10-02,2025-10-01,365,const,-0.07815794903005398,0.09745738732186544,-0.8019704937495132,0.42310352442668236,-0.2698206880331921,0.11350478997308412,Negative,,False,0.0155222883908267,-0.003781196150529631,7
ETH,2024-10-02,2025-10-01,365,ETH_Lagged_Return,-0.07046842259121784,0.07252789534213884,-0.971604404881656,0.331905218216348,-0.2131040447580403,0.07216719957560462,Negative,,False,0.0155222883908267,-0.003781196150529631,7
ETH,2024-10-02,2025-10-01,365,Lagged_Log_ETH_Volume,0.0033219806616835127,0.004114750561071174,0.8073346397013957,0.4200112729276935,-0.004770216189900473,0.011414177513267497,Positive,,False,0.0155222883908267,-0.003781196150529631,7
ETH,2024-10-02,2025-10-01,365,Lagged_SP500_Return_Aligned,-0.11622895828452992,0.3259435523316002,-0.35659229168087314,0.7216077117221693,-0.7572397191616708,0.5247818025926109,Negative,,False,0.0155222883908267,-0.003781196150529631,7
ETH,2024-10-02,2025-10-01,365,Lagged_VIX_Change_Aligned,-0.0009138544777753052,0.0018834431609212922,-0.4852041711353213,0.6278291314424173,-0.0046178925696923525,0.0027901836141417417,Negative,,False,0.0155222883908267,-0.003781196150529631,7
ETH,2024-10-02,2025-10-01,365,Lagged_Gold_Return_Aligned,0.22235261864358766,0.185177912125196,1.2007512996110379,0.23064378227388704,-0.1418240417011187,0.586529278988294,Positive,,False,0.0155222883908267,-0.003781196150529631,7
ETH,2024-10-02,2025-10-01,365,Lagged_DXY_Return_Aligned,0.32957318902584865,0.6351595137429579,0.5188825513825545,0.6041641365127808,-0.9195513304508189,1.5786977085025162,Positive,,False,0.0155222883908267,-0.003781196150529631,7
ETH,2024-10-02,2025-10-01,365,Lagged_US10Y_Change_Aligned,0.050756960710197946,0.037575092968932106,1.3508139754215616,0.17761057387071522,-0.02313938962944745,0.12465331104984334,Positive,,False,0.0155222883908267,-0.003781196150529631,7
ETH,2024-10-09,2025-10-08,365,const,-0.07948217274499907,0.09590491167392168,-0.8287601892094932,0.40779385930350337,-0.26809176469487306,0.10912741920487491,Negative,,False,0.014717310054441324,-0.004601958375863635,7
ETH,2024-10-09,2025-10-08,365,ETH_Lagged_Return,-0.07308460013738802,0.07219795321591689,-1.012280776420621,0.31208940009100683,-0.2150713478231476,0.06890214754837157,Negative,,False,0.014717310054441324,-0.004601958375863635,7
ETH,2024-10-09,2025-10-08,365,Lagged_Log_ETH_Volume,0.0033837126627658727,0.00404414233362042,0.8366947509823884,0.40332387802259095,-0.004569623845428507,0.011337049170960251,Positive,,False,0.014717310054441324,-0.004601958375863635,7
ETH,2024-10-09,2025-10-08,365,Lagged_SP500_Return_Aligned,-0.12093580900060022,0.32762481116683106,-0.3691289697196286,0.7122504274198421,-0.7652529859657216,0.5233813679645212,Negative,,False,0.014717310054441324,-0.004601958375863635,7
ETH,2024-10-09,2025-10-08,365,Lagged_VIX_Change_Aligned,-0.00095895477063304,0.0019111970150750173,-0.5017561052414052,0.6161483844499518,-0.004717574458170218,0.002799664916904138,Negative,,False,0.014717310054441324,-0.004601958375863635,7
ETH,2024-10-09,2025-10-08,365,Lagged_Gold_Return_Aligned,0.20638075332681943,0.1870223978403561,1.1035082199244808,0.27054979629601184,-0.16142333018132765,0.5741848368349665,Positive,,False,0.014717310054441324,-0.004601958375863635,7
ETH,2024-10-09,2025-10-08,365,Lagged_DXY_Return_Aligned,0.3251948034915658,0.6351388522973458,0.5120058429984425,0.6089634990634244,-0.9238890825414338,1.5742786895245655,Positive,,False,0.014717310054441324,-0.004601958375863635,7
ETH,2024-10-09,2025-10-08,365,Lagged_US10Y_Change_Aligned,0.04577624243621256,0.038351077068691446,1.1936103477412574,0.23342298962825547,-0.029646182448111208,0.12119866732053633,Positive,,False,0.014717310054441324,-0.004601958375863635,7
ETH,2024-10-16,2025-10-15,365,const,-0.07360867511369132,0.09493979287800558,-0.7753195249570006,0.43866413193307213,-0.26032023432359686,0.11310288409621419,Negative,,False,0.009742170501462089,-0.00967464968478371,7
ETH,2024-10-16,2025-10-15,365,ETH_Lagged_Return,-0.04035915465056859,0.07411480183250245,-0.544549181171384,0.5864035875472347,-0.18611563663975061,0.10539732733861344,Negative,,False,0.009742170501462089,-0.00967464968478371,7
ETH,2024-10-16,2025-10-15,365,Lagged_Log_ETH_Volume,0.0031140209484492127,0.0039998208027354695,0.7785401151770449,0.4367663742181005,-0.004752151454081563,0.010980193350979987,Positive,,False,0.009742170501462089,-0.00967464968478371,7
ETH,2024-10-16,2025-10-15,365,Lagged_SP500_Return_Aligned,-0.22204690774393496,0.3408214462273267,-0.6515050921878621,0.5151396609529373,-0.892316999011654,0.448223183523784,Negative,,False,0.009742170501462089,-0.00967464968478371,7
ETH,2024-10-16,2025-10-15,365,Lagged_VIX_Change_Aligned,-0.0009225107032633346,0.0019272062187110112,-0.4786777327235613,0.6324609399792958,-0.004712614590228104,0.002867593183701435,Negative,,False,0.009742170501462089,-0.00967464968478371,7
ETH,2024-10-16,2025-10-15,365,Lagged_Gold_Return_Aligned,0.17043079929617302,0.18698682075071985,0.9114588857756004,0.362668672279686,-0.19730331719733488,0.538164915789681,Positive,,False,0.009742170501462089,-0.00967464968478371,7
ETH,2024-10-16,2025-10-15,365,Lagged_DXY_Return_Aligned,0.08732249660371123,0.6437766919129212,0.13564097256183777,0.8921815621583398,-1.1787488343555854,1.3533938275630077,Positive,,False,0.009742170501462089,-0.00967464968478371,7
ETH,2024-10-16,2025-10-15,365,Lagged_US10Y_Change_Aligned,0.05000660968739862,0.03743867976009163,1.3356937265908606,0.1825003030543009,-0.023621466179053432,0.12363468555385067,Positive,,False,0.009742170501462089,-0.00967464968478371,7
ETH,2024-10-23,2025-10-22,365,const,-0.06567925694042132,0.09397665750828978,-0.6988890505562797,0.4850764194001498,-0.2504966840782154,0.11913817019737277,Negative,,False,0.010556877271611254,-0.00884396827208267,7
ETH,2024-10-23,2025-10-22,365,ETH_Lagged_Return,-0.034483524088838265,0.07466482456521768,-0.46184430606567417,0.6444742794242185,-0.18132169794728858,0.11235464976961207,Negative,,False,0.010556877271611254,-0.00884396827208267,7
ETH,2024-10-23,2025-10-22,365,Lagged_Log_ETH_Volume,0.002773318067733009,0.003952365557244893,0.7016856177813239,0.4833324189310279,-0.004999527368205163,0.01054616350367118,Positive,,False,0.010556877271611254,-0.00884396827208267,7
ETH,2024-10-23,2025-10-22,365,Lagged_SP500_Return_Aligned,-0.2626220990128458,0.32248127086982664,-0.8143793849003289,0.4159705345335821,-0.8968238291289656,0.371579631103274,Negative,,False,0.010556877271611254,-0.00884396827208267,7
ETH,2024-10-23,2025-10-22,365,Lagged_VIX_Change_Aligned,-0.0010727921685291636,0.001711160494074084,-0.6269383685775518,0.5311003544728458,-0.004438013791853145,0.0022924294547948176,Negative,,False,0.010556877271611254,-0.00884396827208267,7
ETH,2024-10-23,2025-10-22,365,Lagged_Gold_Return_Aligned,0.19083501008020787,0.16166890667592387,1.18040638737509,0.23862450944357863,-0.12710810656435584,0.5087781267247715,Positive,,False,0.010556877271611254,-0.00884396827208267,7
ETH,2024-10-23,2025-10-22,365,Lagged_DXY_Return_Aligned,0.11742974527029892,0.6462108219171834,0.18172048701058183,0.8559052205614505,-1.1534286217108627,1.3882881122514603,Positive,,False,0.010556877271611254,-0.00884396827208267,7
ETH,2024-10-23,2025-10-22,365,Lagged_US10Y_Change_Aligned,0.053227878598902434,0.0379501882136996,1.4025721901344288,0.16161344780186382,-0.021406145753711914,0.12786190295151678,Positive,,False,0.010556877271611254,-0.00884396827208267,7
ETH,2024-10-30,2025-10-29,365,const,-0.05862959376236828,0.09408802747940963,-0.62313553948401,0.5335933316143661,-0.24366604456059598,0.1264068570358594,Negative,,False,0.011789472043955529,-0.007587204974790263,7
ETH,2024-10-30,2025-10-29,365,ETH_Lagged_Return,-0.0353537926169567,0.07443579329630835,-0.47495688634932676,0.6351081322851818,-0.18174154643519447,0.11103396120128106,Negative,,False,0.011789472043955529,-0.007587204974790263,7
ETH,2024-10-30,2025-10-29,365,Lagged_Log_ETH_Volume,0.002484768410039274,0.00395197351066925,0.6287411601649346,0.529920595444562,-0.0052873060148696735,0.010256842834948222,Positive,,False,0.011789472043955529,-0.007587204974790263,7
ETH,2024-10-30,2025-10-29,365,Lagged_SP500_Return_Aligned,-0.2801173014317365,0.32161292905553346,-0.8709764941799594,0.3843522937425876,-0.9126113234398119,0.35237672057633884,Negative,,False,0.011789472043955529,-0.007587204974790263,7
ETH,2024-10-30,2025-10-29,365,Lagged_VIX_Change_Aligned,-0.0011800765075892022,0.0017161367564350188,-0.6876354714531082,0.49212886547838264,-0.004555084603753309,0.002194931588574904,Negative,,False,0.011789472043955529,-0.007587204974790263,7
ETH,2024-10-30,2025-10-29,365,Lagged_Gold_Return_Aligned,0.2253910965651031,0.15785181781417323,1.4278650679236309,0.15420487735606211,-0.08504521401410492,0.5358274071443111,Positive,,False,0.011789472043955529,-0.007587204974790263,7
ETH,2024-10-30,2025-10-29,365,Lagged_DXY_Return_Aligned,0.16261122034359882,0.6478803287369068,0.25098959349579586,0.8019665524694634,-1.1115304508451322,1.4367528915323298,Positive,,False,0.011789472043955529,-0.007587204974790263,7
ETH,2024-10-30,2025-10-29,365,Lagged_US10Y_Change_Aligned,0.051676546604341275,0.0381725442656913,1.353762176412933,0.1766686760825527,-0.023394770098599513,0.12674786330728205,Positive,,False,0.011789472043955529,-0.007587204974790263,7
ETH,2024-11-06,2025-11-05,365,const,-0.05028428300765568,0.0934891526398371,-0.5378622181053848,0.5910073092970796,-0.2341429678588705,0.13357440184355918,Negative,,False,0.011273389883868501,-0.008113406392918243,7
ETH,2024-11-06,2025-11-05,365,ETH_Lagged_Return,-0.028544724612727244,0.07395563627132458,-0.3859709151578907,0.6997481178323521,-0.17398818664263652,0.11689873741718201,Negative,,False,0.011273389883868501,-0.008113406392918243,7
ETH,2024-11-06,2025-11-05,365,Lagged_Log_ETH_Volume,0.0021311602725284633,0.003922313142367952,0.5433427151718575,0.5872329584630123,-0.0055825831465461705,0.009844903691603096,Positive,,False,0.011273389883868501,-0.008113406392918243,7
ETH,2024-11-06,2025-11-05,365,Lagged_SP500_Return_Aligned,-0.3678701691763287,0.32416759849061044,-1.1348147405515117,0.2572143050404395,-1.0053882838122659,0.2696479454596084,Negative,,False,0.011273389883868501,-0.008113406392918243,7
ETH,2024-11-06,2025-11-05,365,Lagged_VIX_Change_Aligned,-0.0014871113914930094,0.0017112212701280482,-0.8690351256455169,0.38541178419569566,-0.004852452538901195,0.001878229755915176,Negative,,False,0.011273389883868501,-0.008113406392918243,7
ETH,2024-11-06,2025-11-05,365,Lagged_Gold_Return_Aligned,0.201721148561756,0.15925224608621222,1.2666769450306714,0.20609661103867466,-0.1114692879567199,0.5149115850802319,Positive,,False,0.011273389883868501,-0.008113406392918243,7
ETH,2024-11-06,2025-11-05,365,Lagged_DXY_Return_Aligned,0.11603767987529261,0.6440090426726681,0.1801802027402142,0.857113332359692,-1.1504905993384804,1.3825659590890658,Positive,,False,0.011273389883868501,-0.008113406392918243,7
ETH,2024-11-06,2025-11-05,365,Lagged_US10Y_Change_Aligned,0.05281425784687674,0.03788613814503972,1.3940259005731228,0.16417682304633216,-0.021693803642069326,0.1273223193358228,Positive,,False,0.011273389883868501,-0.008113406392918243,7
ETH,2024-11-13,2025-11-12,365,const,-0.037383515492824,0.09736918357111922,-0.38393580105885133,0.7012545942593333,-0.2288727902474025,0.1541057592617545,Negative,,False,0.016238545911955726,-0.00305089436428041,7
ETH,2024-11-13,2025-11-12,365,ETH_Lagged_Return,-0.05735692715358766,0.07396914196346527,-0.775416959438536,0.4386066481944933,-0.20282694989909733,0.08811309559192203,Negative,,False,0.016238545911955726,-0.00305089436428041,7
ETH,2024-11-13,2025-11-12,365,Lagged_Log_ETH_Volume,0.0015527743755028526,0.004089751276074748,0.37967452558463916,0.7044127852877325,-0.006490258102120328,0.009595806853126033,Positive,,False,0.016238545911955726,-0.00305089436428041,7
ETH,2024-11-13,2025-11-12,365,Lagged_SP500_Return_Aligned,-0.4964753461754736,0.310429157226928,-1.5993193120469136,0.11063426449114938,-1.106975013522907,0.11402432117195971,Negative,,False,0.016238545911955726,-0.00305089436428041,7
ETH,2024-11-13,2025-11-12,365,Lagged_VIX_Change_Aligned,-0.0018909583191402362,0.0016617064370899194,-1.137961722319495,0.25589958619313335,-0.005158922050816678,0.0013770054125362054,Negative,,False,0.016238545911955726,-0.00305089436428041,7
ETH,2024-11-13,2025-11-12,365,Lagged_Gold_Return_Aligned,0.19072839497038876,0.1664305160426696,1.145994133200246,0.2525651552075811,-0.13657905123781724,0.5180358411785948,Positive,,False,0.016238545911955726,-0.00305089436428041,7
ETH,2024-11-13,2025-11-12,365,Lagged_DXY_Return_Aligned,-0.07689760650022504,0.6418400373296941,-0.11980805501032499,0.9047025941765849,-1.3391602521240693,1.1853650391236195,Negative,,False,0.016238545911955726,-0.00305089436428041,7
ETH,2024-11-13,2025-11-12,365,Lagged_US10Y_Change_Aligned,0.05166329638340586,0.037683197925441836,1.3709902351075505,0.17123924018832373,-0.02244565653705817,0.12577224930386988,Positive,,False,0.016238545911955726,-0.00305089436428041,7
ETH,2024-11-20,2025-11-19,365,const,-0.04540548283160927,0.09676429815683554,-0.4692379699588797,0.6391859883694861,-0.2357051710553918,0.14489420539217324,Negative,,False,0.017358789387321494,-0.0019086853305740892,7
ETH,2024-11-20,2025-11-19,365,ETH_Lagged_Return,-0.056326328215288546,0.07358355323365708,-0.7654744265533091,0.44449485223909724,-0.2010380401327057,0.08838538370212862,Negative,,False,0.017358789387321494,-0.0019086853305740892,7
ETH,2024-11-20,2025-11-19,365,Lagged_Log_ETH_Volume,0.0018815647304774306,0.0040649207896758625,0.46287857201455257,0.6437334286800087,-0.006112635337774123,0.009875764798728984,Positive,,False,0.017358789387321494,-0.0019086853305740892,7
ETH,2024-11-20,2025-11-19,365,Lagged_SP500_Return_Aligned,-0.5213255450237235,0.3117965451380791,-1.6720055213981109,0.09539940521348583,-1.1345143601056993,0.09186327005825212,Negative,*,False,0.017358789387321494,-0.0019086853305740892,7
ETH,2024-11-20,2025-11-19,365,Lagged_VIX_Change_Aligned,-0.002004383320025162,0.001646284840620718,-1.217519150130439,0.2242109009306876,-0.005242018458864136,0.0012332518188138122,Negative,,False,0.017358789387321494,-0.0019086853305740892,7
ETH,2024-11-20,2025-11-19,365,Lagged_Gold_Return_Aligned,0.18069866773770843,0.16313046132324574,1.1076942115651287,0.2687396457392595,-0.14011878788316423,0.5015161233585811,Positive,,False,0.017358789387321494,-0.0019086853305740892,7
ETH,2024-11-20,2025-11-19,365,Lagged_DXY_Return_Aligned,-0.08236530215913856,0.6429703582012701,-0.12810124309549525,0.8981409823812931,-1.3468508720799703,1.182120267761693,Negative,,False,0.017358789387321494,-0.0019086853305740892,7
ETH,2024-11-20,2025-11-19,365,Lagged_US10Y_Change_Aligned,0.06054068739348138,0.03719143622952119,1.6278125700729573,0.10444681341108318,-0.012601151630673282,0.13368252641763606,Positive,,False,0.017358789387321494,-0.0019086853305740892,7
ETH,2024-11-27,2025-11-26,365,const,-0.0293618639529169,0.098332993868826,-0.29859625744828805,0.7654218468890217,-0.2227465981140546,0.1640228702082208,Negative,,False,0.014504193714673819,-0.004819253467391427,7
ETH,2024-11-27,2025-11-26,365,ETH_Lagged_Return,-0.04810760251353884,0.07438463266336615,-0.6467411451939785,0.5182150714171209,-0.19439474223459738,0.09817953720751968,Negative,,False,0.014504193714673819,-0.004819253467391427,7
ETH,2024-11-27,2025-11-26,365,Lagged_Log_ETH_Volume,0.001204711262864909,0.004132681872121886,0.2915083473982384,0.7708318649979775,-0.006922749864566594,0.009332172390296413,Positive,,False,0.014504193714673819,-0.004819253467391427,7
ETH,2024-11-27,2025-11-26,365,Lagged_SP500_Return_Aligned,-0.5272094917326642,0.3112406235224919,-1.6938967855992786,0.09115709861741686,-1.1393050140182446,0.08488603055291621,Negative,*,False,0.014504193714673819,-0.004819253467391427,7
ETH,2024-11-27,2025-11-26,365,Lagged_VIX_Change_Aligned,-0.002150849643200219,0.0016292082989969622,-1.3201808783593911,0.18762044779930873,-0.0053549015224192646,0.0010532022360188265,Negative,,False,0.014504193714673819,-0.004819253467391427,7
ETH,2024-11-27,2025-11-26,365,Lagged_Gold_Return_Aligned,0.1362541210732195,0.1688755673602692,0.8068314629702648,0.4203007695411662,-0.1958618393524535,0.4683700814988925,Positive,,False,0.014504193714673819,-0.004819253467391427,7
ETH,2024-11-27,2025-11-26,365,Lagged_DXY_Return_Aligned,-0.24793849444751215,0.6527281171151917,-0.37984956974629086,0.7042829522020158,-1.5316139775331399,1.0357369886381158,Negative,,False,0.014504193714673819,-0.004819253467391427,7
ETH,2024-11-27,2025-11-26,365,Lagged_US10Y_Change_Aligned,0.05502173961140014,0.03792364896216067,1.4508556301188091,0.14769814349184496,-0.01956009182099723,0.1296035710437975,Positive,,False,0.014504193714673819,-0.004819253467391427,7
ETH,2024-12-04,2025-12-03,365,const,-0.04398789131033113,0.09986757398627631,-0.4404621996362493,0.6598689595036948,-0.24039057861604582,0.15241479599538357,Negative,,False,0.015293661600869646,-0.004014305818720976,7
ETH,2024-12-04,2025-12-03,365,ETH_Lagged_Return,-0.03888861067978782,0.07368538453930668,-0.527765593175986,0.5979899010806035,-0.1838005872204768,0.10602336586090114,Negative,,False,0.015293661600869646,-0.004014305818720976,7
ETH,2024-12-04,2025-12-03,365,Lagged_Log_ETH_Volume,0.0018104433346804063,0.004198435640380219,0.4312185513260479,0.666569733204821,-0.006446331205212567,0.01006721787457338,Positive,,False,0.015293661600869646,-0.004014305818720976,7
ETH,2024-12-04,2025-12-03,365,Lagged_SP500_Return_Aligned,-0.6001510669102582,0.3088667354034936,-1.943074465841199,0.05279292771111677,-1.2075780267453435,0.007275892924826999,Negative,*,False,0.015293661600869646,-0.004014305818720976,7
ETH,2024-12-04,2025-12-03,365,Lagged_VIX_Change_Aligned,-0.002345614171424458,0.0016209540762927544,-1.4470577579773616,0.14875823479710995,-0.005533433038705625,0.0008422046958567082,Negative,,False,0.015293661600869646,-0.004014305818720976,7
ETH,2024-12-04,2025-12-03,365,Lagged_Gold_Return_Aligned,0.09744538231191108,0.1702832446992602,0.5722546718205355,0.5675096298640967,-0.23743896029430012,0.43232972491812227,Positive,,False,0.015293661600869646,-0.004014305818720976,7
ETH,2024-12-04,2025-12-03,365,Lagged_DXY_Return_Aligned,-0.32812072780088297,0.660975378301956,-0.49641898710935994,0.6199043440556284,-1.6280155320869558,0.9717740764851898,Negative,,False,0.015293661600869646,-0.004014305818720976,7
ETH,2024-12-04,2025-12-03,365,Lagged_US10Y_Change_Aligned,0.05876837768980007,0.03856817802483952,1.523753018666082,0.12845573690385975,-0.01708100470938214,0.13461776008898227,Positive,,False,0.015293661600869646,-0.004014305818720976,7
ETH,2024-12-11,2025-12-10,365,const,-0.022267106782366708,0.10028579223200149,-0.22203650474090994,0.8244124274527732,-0.21949227514035963,0.1749580615756262,Negative,,False,0.014648716520367255,-0.004671896881194071,7
ETH,2024-12-11,2025-12-10,365,ETH_Lagged_Return,-0.04075588917764296,0.07423487244899214,-0.5490127191320618,0.5833399320556183,-0.18674850578794105,0.10523672743265515,Negative,,False,0.014648716520367255,-0.004671896881194071,7
ETH,2024-12-11,2025-12-10,365,Lagged_Log_ETH_Volume,0.0009104820771813277,0.004218377550128758,0.21583702889598796,0.8292380483667277,-0.007385510844697768,0.009206474999060424,Positive,,False,0.014648716520367255,-0.004671896881194071,7
ETH,2024-12-11,2025-12-10,365,Lagged_SP500_Return_Aligned,-0.6009360084152097,0.31175558286377747,-1.9275869990684031,0.05469958489007235,-1.2140442658103419,0.012172248979922529,Negative,*,False,0.014648716520367255,-0.004671896881194071,7
ETH,2024-12-11,2025-12-10,365,Lagged_VIX_Change_Aligned,-0.002358220861846342,0.0016532299624763633,-1.4264324476154406,0.1546174620999675,-0.005609514494044751,0.0008930727703520668,Negative,,False,0.014648716520367255,-0.004671896881194071,7
ETH,2024-12-11,2025-12-10,365,Lagged_Gold_Return_Aligned,0.12512610054320544,0.1706294703609206,0.7333205704649668,0.46384419400733834,-0.21043914025297927,0.46069134133939016,Positive,,False,0.014648716520367255,-0.004671896881194071,7
ETH,2024-12-11,2025-12-10,365,Lagged_DXY_Return_Aligned,-0.18348886244510443,0.6671768224989233,-0.27502283691127555,0.7834577897360365,-1.4955796204010658,1.1286018955108572,Negative,,False,0.014648716520367255,-0.004671896881194071,7
ETH,2024-12-11,2025-12-10,365,Lagged_US10Y_Change_Aligned,0.05453803245566854,0.03879496236021922,1.4058019169930278,0.1606526638228093,-0.021757351094132717,0.1308334160054698,Positive,,False,0.014648716520367255,-0.004671896881194071,7
ETH,2024-12-18,2025-12-17,365,const,-0.02199575958898147,0.10109759048256388,-0.2175695729640069,0.8278887904446596,-0.2208174357181799,0.17682591654021695,Negative,,False,0.011290362710076107,-0.008096100766196823,7
ETH,2024-12-18,2025-12-17,365,ETH_Lagged_Return,-0.03825303826241028,0.07535344580049182,-0.5076481620188974,0.6120135839111267,-0.1864454761301396,0.10993939960531904,Negative,,False,0.011290362710076107,-0.008096100766196823,7
ETH,2024-12-18,2025-12-17,365,Lagged_Log_ETH_Volume,0.0008704104274431243,0.00425626651614535,0.20450092214418086,0.8380786078500353,-0.007500096117305354,0.009240916972191603,Positive,,False,0.011290362710076107,-0.008096100766196823,7
ETH,2024-12-18,2025-12-17,365,Lagged_SP500_Return_Aligned,-0.5128428403048135,0.3068578953336677,-1.6712714520418783,0.09554436634490629,-1.116319152573999,0.09063347196437188,Negative,*,False,0.011290362710076107,-0.008096100766196823,7
ETH,2024-12-18,2025-12-17,365,Lagged_VIX_Change_Aligned,-0.001979726907714226,0.0016467076572201798,-1.2022333770259006,0.23006994021639454,-0.005218193570871426,0.0012587397554429734,Negative,,False,0.011290362710076107,-0.008096100766196823,7
ETH,2024-12-18,2025-12-17,365,Lagged_Gold_Return_Aligned,0.10076901049368024,0.17438580113812183,0.5778510052768941,0.5637290029139601,-0.24218354762286776,0.44372156861022827,Positive,,False,0.011290362710076107,-0.008096100766196823,7
ETH,2024-12-18,2025-12-17,365,Lagged_DXY_Return_Aligned,-0.1886705715380187,0.672978656960232,-0.2803514934488743,0.7793702325748564,-1.5121713981881544,1.1348302551121168,Negative,,False,0.011290362710076107,-0.008096100766196823,7
ETH,2024-12-18,2025-12-17,365,Lagged_US10Y_Change_Aligned,0.04753064449164185,0.04010197247974506,1.1852445541338124,0.2367091254860166,-0.03133514594364073,0.12639643492692443,Positive,,False,0.011290362710076107,-0.008096100766196823,7
ETH,2024-12-25,2025-12-24,365,const,-0.04551967187187963,0.10134579358871816,-0.449152059103782,0.6535945066038611,-0.24482947197466157,0.1537901282309023,Negative,,False,0.011361152352407977,-0.008023923091662333,7
ETH,2024-12-25,2025-12-24,365,ETH_Lagged_Return,-0.04049485611314839,0.07551946734109016,-0.5362174488102504,0.5921422234011567,-0.1890137971232153,0.10802408489691852,Negative,,False,0.011361152352407977,-0.008023923091662333,7
ETH,2024-12-25,2025-12-24,365,Lagged_Log_ETH_Volume,0.0018742099786693775,0.004266823953970251,0.43925177108032254,0.6607448633270586,-0.006517059152743703,0.010265479110082458,Positive,,False,0.011361152352407977,-0.008023923091662333,7
ETH,2024-12-25,2025-12-24,365,Lagged_SP500_Return_Aligned,-0.3620899312030938,0.3201592707380389,-1.1309681283580992,0.25882769302000913,-0.9917251434034986,0.26754528099731095,Negative,,False,0.011361152352407977,-0.008023923091662333,7
ETH,2024-12-25,2025-12-24,365,Lagged_VIX_Change_Aligned,-0.0009193252023596101,0.0018921916562335101,-0.48585205379753493,0.6273701278543233,-0.004640568358148912,0.002801917953429692,Negative,,False,0.011361152352407977,-0.008023923091662333,7
ETH,2024-12-25,2025-12-24,365,Lagged_Gold_Return_Aligned,0.10828194572150793,0.17407873008869704,0.6220285825059491,0.5343201210157278,-0.23406671688728395,0.4506306083302998,Positive,,False,0.011361152352407977,-0.008023923091662333,7
ETH,2024-12-25,2025-12-24,365,Lagged_DXY_Return_Aligned,-0.11054219298360773,0.6741471965165395,-0.16397337785397983,0.8698448942448787,-1.4363411059887135,1.215256720021498,Negative,,False,0.011361152352407977,-0.008023923091662333,7
ETH,2024-12-25,2025-12-24,365,Lagged_US10Y_Change_Aligned,0.055090395662406616,0.0398542142824082,1.382297873746409,0.1677444399560289,-0.02328814577085589,0.13346893709566912,Positive,,False,0.011361152352407977,-0.008023923091662333,7
ETH,2025-01-01,2025-12-31,365,const,-0.03665920362232825,0.09815814350326309,-0.37347083302476664,0.7090197245248518,-0.22970007159845512,0.15638166435379863,Negative,,False,0.010946683694439963,-0.008446518586061158,7
ETH,2025-01-01,2025-12-31,365,ETH_Lagged_Return,-0.041699747461800586,0.07597593847316372,-0.5488546545105172,0.5834482954038812,-0.1911163988440955,0.10771690392049435,Negative,,False,0.010946683694439963,-0.008446518586061158,7
ETH,2025-01-01,2025-12-31,365,Lagged_Log_ETH_Volume,0.0015130580157203801,0.004136110806686744,0.36581660560791995,0.7147185942242344,-0.0066211465614241,0.009647262592864862,Positive,,False,0.010946683694439963,-0.008446518586061158,7
ETH,2025-01-01,2025-12-31,365,Lagged_SP500_Return_Aligned,-0.3633488954505361,0.32471936497840326,-1.1189628172459074,0.2639083220388682,-1.00195213127889,0.27525434037781765,Negative,,False,0.010946683694439963,-0.008446518586061158,7
ETH,2025-01-01,2025-12-31,365,Lagged_VIX_Change_Aligned,-0.0009762248566290495,0.0019053094680629768,-0.5123707581328106,0.6087083914062901,-0.004723265910495178,0.0027708161972370797,Negative,,False,0.010946683694439963,-0.008446518586061158,7
ETH,2025-01-01,2025-12-31,365,Lagged_Gold_Return_Aligned,0.0964092345342874,0.16592243891001524,0.581050008471567,0.5615733907224573,-0.22989901133061585,0.42271748039919066,Positive,,False,0.010946683694439963,-0.008446518586061158,7
ETH,2025-01-01,2025-12-31,365,Lagged_DXY_Return_Aligned,-0.1116257035832885,0.6736663663902975,-0.16569879268488916,0.8684877906123045,-1.4364790010581276,1.2132275938915504,Negative,,False,0.010946683694439963,-0.008446518586061158,7
ETH,2025-01-01,2025-12-31,365,Lagged_US10Y_Change_Aligned,0.05489382878049596,0.04021688743861013,1.3649447353251727,0.17313001374977652,-0.024197956998739063,0.133985614559731,Positive,,False,0.010946683694439963,-0.008446518586061158,7
