post_date,asset,raw_post_count,retained_post_count,excluded_post_count,has_raw_posts,has_retained_posts,year
2021-01-01,BTC,155,153,2,True,True,2021
2021-01-01,ETH,12,12,0,True,True,2021
2021-01-02,BTC,261,258,3,True,True,2021
2021-01-02,ETH,18,18,0,True,True,2021
2021-01-03,BTC,274,270,4,True,True,2021
2021-01-03,ETH,14,14,0,True,True,2021
2021-01-04,BTC,183,181,2,True,True,2021
2021-01-04,ETH,28,28,0,True,True,2021
2021-01-05,BTC,184,182,2,True,True,2021
2021-01-05,ETH,35,35,0,True,True,2021
2021-01-06,BTC,249,248,1,True,True,2021
2021-01-06,ETH,35,34,1,True,True,2021
2021-01-07,BTC,335,332,3,True,True,2021
2021-01-07,ETH,20,19,1,True,True,2021
2021-01-08,BTC,271,267,4,True,True,2021
2021-01-08,ETH,34,34,0,True,True,2021
2021-01-09,BTC,208,207,1,True,True,2021
2021-01-09,ETH,18,18,0,True,True,2021
2021-01-10,BTC,171,168,3,True,True,2021
2021-01-10,ETH,28,28,0,True,True,2021
2021-01-11,BTC,252,251,1,True,True,2021
2021-01-11,ETH,22,21,1,True,True,2021
2021-01-12,BTC,203,201,2,True,True,2021
2021-01-12,ETH,24,24,0,True,True,2021
2021-01-13,BTC,193,192,1,True,True,2021
2021-01-13,ETH,26,24,2,True,True,2021
2021-01-14,BTC,217,213,4,True,True,2021
2021-01-14,ETH,25,24,1,True,True,2021
2021-01-15,BTC,166,163,3,True,True,2021
2021-01-15,ETH,18,18,0,True,True,2021
2021-01-16,BTC,150,148,2,True,True,2021
2021-01-16,ETH,22,22,0,True,True,2021
2021-01-17,BTC,97,96,1,True,True,2021
2021-01-17,ETH,12,12,0,True,True,2021
2021-01-18,BTC,119,118,1,True,True,2021
2021-01-18,ETH,28,25,3,True,True,2021
2021-01-19,BTC,137,136,1,True,True,2021
2021-01-19,ETH,18,17,1,True,True,2021
2021-01-20,BTC,141,140,1,True,True,2021
2021-01-20,ETH,27,27,0,True,True,2021
2021-01-21,BTC,169,167,2,True,True,2021
2021-01-21,ETH,30,29,1,True,True,2021
2021-01-22,BTC,157,153,4,True,True,2021
2021-01-22,ETH,30,27,3,True,True,2021
2021-01-23,BTC,87,85,2,True,True,2021
2021-01-23,ETH,8,8,0,True,True,2021
2021-01-24,BTC,76,75,1,True,True,2021
2021-01-24,ETH,13,13,0,True,True,2021
2021-01-25,BTC,120,118,2,True,True,2021
2021-01-25,ETH,21,21,0,True,True,2021
2021-01-26,BTC,99,96,3,True,True,2021
2021-01-26,ETH,22,18,4,True,True,2021
2021-01-27,BTC,99,98,1,True,True,2021
2021-01-27,ETH,30,28,2,True,True,2021
2021-01-28,BTC,120,118,2,True,True,2021
2021-01-28,ETH,22,21,1,True,True,2021
2021-01-29,BTC,216,212,4,True,True,2021
2021-01-29,ETH,20,18,2,True,True,2021
2021-01-30,BTC,176,175,1,True,True,2021
2021-01-30,ETH,21,21,0,True,True,2021
2021-01-31,BTC,153,151,2,True,True,2021
2021-01-31,ETH,17,16,1,True,True,2021
2021-02-01,BTC,165,162,3,True,True,2021
2021-02-01,ETH,22,21,1,True,True,2021
2021-02-02,BTC,181,172,9,True,True,2021
2021-02-02,ETH,40,37,3,True,True,2021
2021-02-03,BTC,195,194,1,True,True,2021
2021-02-03,ETH,40,40,0,True,True,2021
2021-02-04,BTC,199,195,4,True,True,2021
2021-02-04,ETH,31,30,1,True,True,2021
2021-02-05,BTC,184,178,6,True,True,2021
2021-02-05,ETH,43,42,1,True,True,2021
2021-02-06,BTC,177,175,2,True,True,2021
2021-02-06,ETH,25,25,0,True,True,2021
2021-02-07,BTC,147,145,2,True,True,2021
2021-02-07,ETH,27,26,1,True,True,2021
2021-02-08,BTC,305,299,6,True,True,2021
2021-02-08,ETH,31,28,3,True,True,2021
2021-02-09,BTC,436,427,9,True,True,2021
2021-02-09,ETH,42,42,0,True,True,2021
2021-02-10,BTC,324,318,6,True,True,2021
2021-02-10,ETH,30,28,2,True,True,2021
2021-02-11,BTC,283,278,5,True,True,2021
2021-02-11,ETH,40,38,2,True,True,2021
2021-02-12,BTC,245,241,4,True,True,2021
2021-02-12,ETH,26,23,3,True,True,2021
2021-02-13,BTC,207,206,1,True,True,2021
2021-02-13,ETH,19,19,0,True,True,2021
2021-02-14,BTC,223,222,1,True,True,2021
2021-02-14,ETH,30,29,1,True,True,2021
2021-02-15,BTC,228,227,1,True,True,2021
2021-02-15,ETH,26,25,1,True,True,2021
2021-02-16,BTC,249,240,9,True,True,2021
2021-02-16,ETH,31,29,2,True,True,2021
2021-02-17,BTC,317,313,4,True,True,2021
2021-02-17,ETH,36,35,1,True,True,2021
2021-02-18,BTC,318,312,6,True,True,2021
2021-02-18,ETH,33,33,0,True,True,2021
2021-02-19,BTC,320,308,12,True,True,2021
2021-02-19,ETH,34,32,2,True,True,2021
2021-02-20,BTC,343,340,3,True,True,2021
2021-02-20,ETH,25,24,1,True,True,2021
2021-02-21,BTC,278,272,6,True,True,2021
2021-02-21,ETH,20,19,1,True,True,2021
2021-02-22,BTC,279,274,5,True,True,2021
2021-02-22,ETH,29,26,3,True,True,2021
2021-02-23,BTC,360,354,6,True,True,2021
2021-02-23,ETH,27,25,2,True,True,2021
2021-02-24,BTC,275,271,4,True,True,2021
2021-02-24,ETH,39,34,5,True,True,2021
2021-02-25,BTC,205,202,3,True,True,2021
2021-02-25,ETH,28,27,1,True,True,2021
2021-02-26,BTC,190,189,1,True,True,2021
2021-02-26,ETH,33,33,0,True,True,2021
2021-02-27,BTC,162,159,3,True,True,2021
2021-02-27,ETH,23,23,0,True,True,2021
2021-02-28,BTC,210,207,3,True,True,2021
2021-02-28,ETH,29,27,2,True,True,2021
2021-03-01,BTC,199,193,6,True,True,2021
2021-03-01,ETH,27,26,1,True,True,2021
2021-03-02,BTC,176,172,4,True,True,2021
2021-03-02,ETH,29,27,2,True,True,2021
2021-03-03,BTC,204,200,4,True,True,2021
2021-03-03,ETH,32,32,0,True,True,2021
2021-03-04,BTC,154,152,2,True,True,2021
2021-03-04,ETH,34,34,0,True,True,2021
2021-03-05,BTC,157,153,4,True,True,2021
2021-03-05,ETH,36,34,2,True,True,2021
2021-03-06,BTC,118,117,1,True,True,2021
2021-03-06,ETH,19,19,0,True,True,2021
2021-03-07,BTC,152,150,2,True,True,2021
2021-03-07,ETH,19,19,0,True,True,2021
2021-03-08,BTC,194,189,5,True,True,2021
2021-03-08,ETH,23,22,1,True,True,2021
2021-03-09,BTC,184,180,4,True,True,2021
2021-03-09,ETH,27,26,1,True,True,2021
2021-03-10,BTC,180,178,2,True,True,2021
2021-03-10,ETH,32,31,1,True,True,2021
2021-03-11,BTC,150,144,6,True,True,2021
2021-03-11,ETH,28,28,0,True,True,2021
2021-03-12,BTC,153,150,3,True,True,2021
2021-03-12,ETH,37,35,2,True,True,2021
2021-03-13,BTC,204,200,4,True,True,2021
2021-03-13,ETH,16,14,2,True,True,2021
2021-03-14,BTC,152,150,2,True,True,2021
2021-03-14,ETH,24,24,0,True,True,2021
2021-03-15,BTC,166,162,4,True,True,2021
2021-03-15,ETH,29,27,2,True,True,2021
2021-03-16,BTC,202,198,4,True,True,2021
2021-03-16,ETH,27,25,2,True,True,2021
2021-03-17,BTC,190,184,6,True,True,2021
2021-03-17,ETH,29,27,2,True,True,2021
2021-03-18,BTC,193,188,5,True,True,2021
2021-03-18,ETH,34,33,1,True,True,2021
2021-03-19,BTC,134,130,4,True,True,2021
2021-03-19,ETH,22,20,2,True,True,2021
2021-03-20,BTC,105,101,4,True,True,2021
2021-03-20,ETH,18,18,0,True,True,2021
2021-03-21,BTC,100,97,3,True,True,2021
2021-03-21,ETH,14,14,0,True,True,2021
2021-03-22,BTC,131,129,2,True,True,2021
2021-03-22,ETH,19,18,1,True,True,2021
2021-03-23,BTC,120,115,5,True,True,2021
2021-03-23,ETH,28,27,1,True,True,2021
2021-03-24,BTC,177,176,1,True,True,2021
2021-03-24,ETH,32,31,1,True,True,2021
2021-03-25,BTC,156,153,3,True,True,2021
2021-03-25,ETH,27,26,1,True,True,2021
2021-03-26,BTC,161,154,7,True,True,2021
2021-03-26,ETH,21,20,1,True,True,2021
2021-03-27,BTC,115,111,4,True,True,2021
2021-03-27,ETH,18,18,0,True,True,2021
2021-03-28,BTC,115,114,1,True,True,2021
2021-03-28,ETH,17,16,1,True,True,2021
2021-03-29,BTC,127,125,2,True,True,2021
2021-03-29,ETH,26,25,1,True,True,2021
2021-03-30,BTC,158,157,1,True,True,2021
2021-03-30,ETH,21,20,1,True,True,2021
2021-03-31,BTC,150,148,2,True,True,2021
2021-03-31,ETH,25,25,0,True,True,2021
2021-04-01,BTC,146,144,2,True,True,2021
2021-04-01,ETH,30,30,0,True,True,2021
2021-04-02,BTC,134,132,2,True,True,2021
2021-04-02,ETH,25,24,1,True,True,2021
2021-04-03,BTC,102,97,5,True,True,2021
2021-04-03,ETH,23,22,1,True,True,2021
2021-04-04,BTC,83,82,1,True,True,2021
2021-04-04,ETH,15,15,0,True,True,2021
2021-04-05,BTC,115,111,4,True,True,2021
2021-04-05,ETH,28,28,0,True,True,2021
2021-04-06,BTC,123,122,1,True,True,2021
2021-04-06,ETH,15,14,1,True,True,2021
2021-04-07,BTC,113,112,1,True,True,2021
2021-04-07,ETH,27,25,2,True,True,2021
2021-04-08,BTC,140,135,5,True,True,2021
2021-04-08,ETH,23,22,1,True,True,2021
2021-04-09,BTC,133,131,2,True,True,2021
2021-04-09,ETH,20,18,2,True,True,2021
2021-04-10,BTC,95,93,2,True,True,2021
2021-04-10,ETH,20,20,0,True,True,2021
2021-04-11,BTC,85,84,1,True,True,2021
2021-04-11,ETH,15,15,0,True,True,2021
2021-04-12,BTC,123,122,1,True,True,2021
2021-04-12,ETH,20,19,1,True,True,2021
2021-04-13,BTC,195,190,5,True,True,2021
2021-04-13,ETH,28,26,2,True,True,2021
2021-04-14,BTC,183,182,1,True,True,2021
2021-04-14,ETH,29,29,0,True,True,2021
2021-04-15,BTC,177,176,1,True,True,2021
2021-04-15,ETH,43,41,2,True,True,2021
2021-04-16,BTC,141,138,3,True,True,2021
2021-04-16,ETH,25,25,0,True,True,2021
2021-04-17,BTC,126,122,4,True,True,2021
2021-04-17,ETH,18,18,0,True,True,2021
2021-04-18,BTC,198,195,3,True,True,2021
2021-04-18,ETH,12,11,1,True,True,2021
2021-04-19,BTC,189,184,5,True,True,2021
2021-04-19,ETH,25,23,2,True,True,2021
2021-04-20,BTC,181,178,3,True,True,2021
2021-04-20,ETH,19,18,1,True,True,2021
2021-04-21,BTC,151,149,2,True,True,2021
2021-04-21,ETH,34,33,1,True,True,2021
2021-04-22,BTC,187,185,2,True,True,2021
2021-04-22,ETH,27,27,0,True,True,2021
2021-04-23,BTC,249,246,3,True,True,2021
2021-04-23,ETH,36,35,1,True,True,2021
2021-04-24,BTC,132,127,5,True,True,2021
2021-04-24,ETH,25,24,1,True,True,2021
2021-04-25,BTC,119,116,3,True,True,2021
2021-04-25,ETH,16,16,0,True,True,2021
2021-04-26,BTC,194,192,2,True,True,2021
2021-04-26,ETH,21,19,2,True,True,2021
2021-04-27,BTC,138,135,3,True,True,2021
2021-04-27,ETH,23,22,1,True,True,2021
2021-04-28,BTC,138,136,2,True,True,2021
2021-04-28,ETH,39,39,0,True,True,2021
2021-04-29,BTC,121,120,1,True,True,2021
2021-04-29,ETH,27,27,0,True,True,2021
2021-04-30,BTC,117,115,2,True,True,2021
2021-04-30,ETH,29,28,1,True,True,2021
2021-05-01,BTC,93,92,1,True,True,2021
2021-05-01,ETH,30,30,0,True,True,2021
2021-05-02,BTC,105,104,1,True,True,2021
2021-05-02,ETH,28,28,0,True,True,2021
2021-05-03,BTC,133,129,4,True,True,2021
2021-05-03,ETH,46,44,2,True,True,2021
2021-05-04,BTC,128,127,1,True,True,2021
2021-05-04,ETH,31,30,1,True,True,2021
2021-05-05,BTC,126,124,2,True,True,2021
2021-05-05,ETH,35,32,3,True,True,2021
2021-05-06,BTC,142,140,2,True,True,2021
2021-05-06,ETH,38,38,0,True,True,2021
2021-05-07,BTC,116,114,2,True,True,2021
2021-05-07,ETH,25,25,0,True,True,2021
2021-05-08,BTC,83,79,4,True,True,2021
2021-05-08,ETH,20,20,0,True,True,2021
2021-05-09,BTC,75,74,1,True,True,2021
2021-05-09,ETH,18,18,0,True,True,2021
2021-05-10,BTC,117,116,1,True,True,2021
2021-05-10,ETH,38,38,0,True,True,2021
2021-05-11,BTC,115,112,3,True,True,2021
2021-05-11,ETH,29,29,0,True,True,2021
2021-05-12,BTC,117,116,1,True,True,2021
2021-05-12,ETH,26,26,0,True,True,2021
2021-05-13,BTC,228,224,4,True,True,2021
2021-05-13,ETH,33,31,2,True,True,2021
2021-05-14,BTC,128,127,1,True,True,2021
2021-05-14,ETH,33,32,1,True,True,2021
2021-05-15,BTC,97,95,2,True,True,2021
2021-05-15,ETH,20,19,1,True,True,2021
2021-05-16,BTC,124,123,1,True,True,2021
2021-05-16,ETH,18,17,1,True,True,2021
2021-05-17,BTC,190,189,1,True,True,2021
2021-05-17,ETH,30,27,3,True,True,2021
2021-05-18,BTC,169,168,1,True,True,2021
2021-05-18,ETH,47,44,3,True,True,2021
2021-05-19,BTC,441,435,6,True,True,2021
2021-05-19,ETH,30,29,1,True,True,2021
2021-05-20,BTC,205,201,4,True,True,2021
2021-05-20,ETH,31,30,1,True,True,2021
2021-05-21,BTC,225,222,3,True,True,2021
2021-05-21,ETH,24,22,2,True,True,2021
2021-05-22,BTC,185,179,6,True,True,2021
2021-05-22,ETH,16,15,1,True,True,2021
2021-05-23,BTC,180,179,1,True,True,2021
2021-05-23,ETH,26,23,3,True,True,2021
2021-05-24,BTC,200,196,4,True,True,2021
2021-05-24,ETH,26,24,2,True,True,2021
2021-05-25,BTC,168,166,2,True,True,2021
2021-05-25,ETH,35,30,5,True,True,2021
2021-05-26,BTC,157,155,2,True,True,2021
2021-05-26,ETH,33,31,2,True,True,2021
2021-05-27,BTC,130,127,3,True,True,2021
2021-05-27,ETH,35,33,2,True,True,2021
2021-05-28,BTC,118,115,3,True,True,2021
2021-05-28,ETH,19,18,1,True,True,2021
2021-05-29,BTC,93,91,2,True,True,2021
2021-05-29,ETH,16,15,1,True,True,2021
2021-05-30,BTC,93,91,2,True,True,2021
2021-05-30,ETH,9,7,2,True,True,2021
2021-05-31,BTC,111,109,2,True,True,2021
2021-05-31,ETH,17,12,5,True,True,2021
2021-06-01,BTC,97,94,3,True,True,2021
2021-06-01,ETH,32,29,3,True,True,2021
2021-06-02,BTC,102,101,1,True,True,2021
2021-06-02,ETH,33,30,3,True,True,2021
2021-06-03,BTC,130,127,3,True,True,2021
2021-06-03,ETH,41,36,5,True,True,2021
2021-06-04,BTC,98,94,4,True,True,2021
2021-06-04,ETH,30,26,4,True,True,2021
2021-06-05,BTC,84,83,1,True,True,2021
2021-06-05,ETH,32,29,3,True,True,2021
2021-06-06,BTC,113,110,3,True,True,2021
2021-06-06,ETH,28,25,3,True,True,2021
2021-06-07,BTC,164,160,4,True,True,2021
2021-06-07,ETH,32,29,3,True,True,2021
2021-06-08,BTC,199,196,3,True,True,2021
2021-06-08,ETH,29,28,1,True,True,2021
2021-06-09,BTC,215,211,4,True,True,2021
2021-06-09,ETH,33,32,1,True,True,2021
2021-06-10,BTC,185,182,3,True,True,2021
2021-06-10,ETH,30,26,4,True,True,2021
2021-06-11,BTC,155,147,8,True,True,2021
2021-06-11,ETH,17,16,1,True,True,2021
2021-06-12,BTC,112,108,4,True,True,2021
2021-06-12,ETH,25,23,2,True,True,2021
2021-06-13,BTC,97,93,4,True,True,2021
2021-06-13,ETH,22,18,4,True,True,2021
2021-06-14,BTC,136,132,4,True,True,2021
2021-06-14,ETH,26,24,2,True,True,2021
2021-06-15,BTC,114,113,1,True,True,2021
2021-06-15,ETH,41,35,6,True,True,2021
2021-06-16,BTC,134,130,4,True,True,2021
2021-06-16,ETH,23,22,1,True,True,2021
2021-06-17,BTC,124,121,3,True,True,2021
2021-06-17,ETH,26,22,4,True,True,2021
2021-06-18,BTC,113,110,3,True,True,2021
2021-06-18,ETH,31,28,3,True,True,2021
2021-06-19,BTC,77,74,3,True,True,2021
2021-06-19,ETH,16,10,6,True,True,2021
2021-06-20,BTC,84,81,3,True,True,2021
2021-06-20,ETH,24,19,5,True,True,2021
2021-06-21,BTC,163,157,6,True,True,2021
2021-06-21,ETH,18,16,2,True,True,2021
2021-06-22,BTC,182,180,2,True,True,2021
2021-06-22,ETH,25,25,0,True,True,2021
2021-06-23,BTC,105,103,2,True,True,2021
2021-06-23,ETH,33,24,9,True,True,2021
2021-06-24,BTC,123,119,4,True,True,2021
2021-06-24,ETH,44,38,6,True,True,2021
2021-06-25,BTC,110,104,6,True,True,2021
2021-06-25,ETH,20,18,2,True,True,2021
2021-06-26,BTC,83,82,1,True,True,2021
2021-06-26,ETH,12,11,1,True,True,2021
2021-06-27,BTC,84,81,3,True,True,2021
2021-06-27,ETH,9,7,2,True,True,2021
2021-06-28,BTC,104,102,2,True,True,2021
2021-06-28,ETH,16,13,3,True,True,2021
2021-06-29,BTC,111,106,5,True,True,2021
2021-06-29,ETH,13,12,1,True,True,2021
2021-06-30,BTC,113,109,4,True,True,2021
2021-06-30,ETH,13,10,3,True,True,2021
2021-07-01,BTC,94,93,1,True,True,2021
2021-07-01,ETH,11,11,0,True,True,2021
2021-07-02,BTC,95,93,2,True,True,2021
2021-07-02,ETH,12,9,3,True,True,2021
2021-07-03,BTC,83,80,3,True,True,2021
2021-07-03,ETH,10,8,2,True,True,2021
2021-07-04,BTC,74,73,1,True,True,2021
2021-07-04,ETH,11,10,1,True,True,2021
2021-07-05,BTC,105,101,4,True,True,2021
2021-07-05,ETH,13,10,3,True,True,2021
2021-07-06,BTC,96,94,2,True,True,2021
2021-07-06,ETH,20,18,2,True,True,2021
2021-07-07,BTC,87,85,2,True,True,2021
2021-07-07,ETH,14,14,0,True,True,2021
2021-07-08,BTC,98,95,3,True,True,2021
2021-07-08,ETH,28,27,1,True,True,2021
2021-07-09,BTC,93,92,1,True,True,2021
2021-07-09,ETH,9,8,1,True,True,2021
2021-07-10,BTC,65,63,2,True,True,2021
2021-07-10,ETH,10,8,2,True,True,2021
2021-07-11,BTC,69,67,2,True,True,2021
2021-07-11,ETH,7,7,0,True,True,2021
2021-07-12,BTC,84,83,1,True,True,2021
2021-07-12,ETH,16,10,6,True,True,2021
2021-07-13,BTC,79,77,2,True,True,2021
2021-07-13,ETH,15,11,4,True,True,2021
2021-07-14,BTC,102,101,1,True,True,2021
2021-07-14,ETH,25,24,1,True,True,2021
2021-07-15,BTC,107,106,1,True,True,2021
2021-07-15,ETH,18,16,2,True,True,2021
2021-07-16,BTC,102,100,2,True,True,2021
2021-07-16,ETH,28,25,3,True,True,2021
2021-07-17,BTC,63,60,3,True,True,2021
2021-07-17,ETH,9,7,2,True,True,2021
2021-07-18,BTC,57,55,2,True,True,2021
2021-07-18,ETH,6,5,1,True,True,2021
2021-07-19,BTC,75,74,1,True,True,2021
2021-07-19,ETH,19,15,4,True,True,2021
2021-07-20,BTC,91,90,1,True,True,2021
2021-07-20,ETH,21,20,1,True,True,2021
2021-07-21,BTC,120,116,4,True,True,2021
2021-07-21,ETH,20,16,4,True,True,2021
2021-07-22,BTC,93,91,2,True,True,2021
2021-07-22,ETH,21,20,1,True,True,2021
2021-07-23,BTC,77,76,1,True,True,2021
2021-07-23,ETH,15,13,2,True,True,2021
2021-07-24,BTC,49,48,1,True,True,2021
2021-07-24,ETH,14,12,2,True,True,2021
2021-07-25,BTC,59,57,2,True,True,2021
2021-07-25,ETH,8,8,0,True,True,2021
2021-07-26,BTC,119,115,4,True,True,2021
2021-07-26,ETH,18,16,2,True,True,2021
2021-07-27,BTC,78,75,3,True,True,2021
2021-07-27,ETH,22,20,2,True,True,2021
2021-07-28,BTC,80,79,1,True,True,2021
2021-07-28,ETH,19,18,1,True,True,2021
2021-07-29,BTC,100,99,1,True,True,2021
2021-07-29,ETH,21,21,0,True,True,2021
2021-07-30,BTC,101,98,3,True,True,2021
2021-07-30,ETH,27,24,3,True,True,2021
2021-07-31,BTC,71,69,2,True,True,2021
2021-07-31,ETH,11,10,1,True,True,2021
2021-08-01,BTC,84,80,4,True,True,2021
2021-08-01,ETH,10,9,1,True,True,2021
2021-08-02,BTC,86,84,2,True,True,2021
2021-08-02,ETH,36,31,5,True,True,2021
2021-08-03,BTC,99,94,5,True,True,2021
2021-08-03,ETH,24,20,4,True,True,2021
2021-08-04,BTC,108,106,2,True,True,2021
2021-08-04,ETH,27,26,1,True,True,2021
2021-08-05,BTC,92,90,2,True,True,2021
2021-08-05,ETH,75,69,6,True,True,2021
2021-08-06,BTC,87,83,4,True,True,2021
2021-08-06,ETH,44,37,7,True,True,2021
2021-08-07,BTC,69,68,1,True,True,2021
2021-08-07,ETH,17,15,2,True,True,2021
2021-08-08,BTC,64,63,1,True,True,2021
2021-08-08,ETH,24,21,3,True,True,2021
2021-08-09,BTC,106,103,3,True,True,2021
2021-08-09,ETH,27,20,7,True,True,2021
2021-08-10,BTC,89,87,2,True,True,2021
2021-08-10,ETH,37,33,4,True,True,2021
2021-08-11,BTC,89,88,1,True,True,2021
2021-08-11,ETH,36,33,3,True,True,2021
2021-08-12,BTC,75,73,2,True,True,2021
2021-08-12,ETH,36,32,4,True,True,2021
2021-08-13,BTC,72,70,2,True,True,2021
2021-08-13,ETH,27,27,0,True,True,2021
2021-08-14,BTC,74,73,1,True,True,2021
2021-08-14,ETH,22,20,2,True,True,2021
2021-08-15,BTC,54,53,1,True,True,2021
2021-08-15,ETH,32,30,2,True,True,2021
2021-08-16,BTC,58,56,2,True,True,2021
2021-08-16,ETH,22,19,3,True,True,2021
2021-08-17,BTC,81,79,2,True,True,2021
2021-08-17,ETH,36,32,4,True,True,2021
2021-08-18,BTC,84,82,2,True,True,2021
2021-08-18,ETH,18,17,1,True,True,2021
2021-08-19,BTC,86,85,1,True,True,2021
2021-08-19,ETH,37,35,2,True,True,2021
2021-08-20,BTC,82,80,2,True,True,2021
2021-08-20,ETH,40,38,2,True,True,2021
2021-08-21,BTC,74,73,1,True,True,2021
2021-08-21,ETH,26,22,4,True,True,2021
2021-08-22,BTC,54,51,3,True,True,2021
2021-08-22,ETH,26,25,1,True,True,2021
2021-08-23,BTC,66,64,2,True,True,2021
2021-08-23,ETH,38,34,4,True,True,2021
2021-08-24,BTC,76,75,1,True,True,2021
2021-08-24,ETH,27,26,1,True,True,2021
2021-08-25,BTC,81,80,1,True,True,2021
2021-08-25,ETH,31,31,0,True,True,2021
2021-08-26,BTC,73,72,1,True,True,2021
2021-08-26,ETH,38,36,2,True,True,2021
2021-08-27,BTC,82,81,1,True,True,2021
2021-08-27,ETH,39,38,1,True,True,2021
2021-08-28,BTC,51,50,1,True,True,2021
2021-08-28,ETH,33,29,4,True,True,2021
2021-08-29,BTC,57,56,1,True,True,2021
2021-08-29,ETH,28,27,1,True,True,2021
2021-08-30,BTC,82,80,2,True,True,2021
2021-08-30,ETH,28,26,2,True,True,2021
2021-08-31,BTC,73,72,1,True,True,2021
2021-08-31,ETH,43,40,3,True,True,2021
2021-09-01,BTC,82,79,3,True,True,2021
2021-09-01,ETH,42,41,1,True,True,2021
2021-09-02,BTC,69,67,2,True,True,2021
2021-09-02,ETH,38,36,2,True,True,2021
2021-09-03,BTC,67,66,1,True,True,2021
2021-09-03,ETH,35,32,3,True,True,2021
2021-09-04,BTC,55,52,3,True,True,2021
2021-09-04,ETH,21,20,1,True,True,2021
2021-09-05,BTC,65,63,2,True,True,2021
2021-09-05,ETH,23,22,1,True,True,2021
2021-09-06,BTC,87,85,2,True,True,2021
2021-09-06,ETH,28,24,4,True,True,2021
2021-09-07,BTC,147,144,3,True,True,2021
2021-09-07,ETH,20,20,0,True,True,2021
2021-09-08,BTC,124,122,2,True,True,2021
2021-09-08,ETH,37,36,1,True,True,2021
2021-09-09,BTC,102,100,2,True,True,2021
2021-09-09,ETH,32,29,3,True,True,2021
2021-09-10,BTC,87,85,2,True,True,2021
2021-09-10,ETH,27,27,0,True,True,2021
2021-09-11,BTC,71,69,2,True,True,2021
2021-09-11,ETH,23,22,1,True,True,2021
2021-09-12,BTC,53,52,1,True,True,2021
2021-09-12,ETH,19,19,0,True,True,2021
2021-09-13,BTC,100,98,2,True,True,2021
2021-09-13,ETH,32,29,3,True,True,2021
2021-09-14,BTC,90,87,3,True,True,2021
2021-09-14,ETH,31,31,0,True,True,2021
2021-09-15,BTC,103,102,1,True,True,2021
2021-09-15,ETH,33,32,1,True,True,2021
2021-09-16,BTC,96,94,2,True,True,2021
2021-09-16,ETH,24,22,2,True,True,2021
2021-09-17,BTC,100,98,2,True,True,2021
2021-09-17,ETH,25,25,0,True,True,2021
2021-09-18,BTC,55,55,0,True,True,2021
2021-09-18,ETH,26,24,2,True,True,2021
2021-09-19,BTC,71,69,2,True,True,2021
2021-09-19,ETH,15,15,0,True,True,2021
2021-09-20,BTC,104,102,2,True,True,2021
2021-09-20,ETH,29,28,1,True,True,2021
2021-09-21,BTC,91,89,2,True,True,2021
2021-09-21,ETH,29,27,2,True,True,2021
2021-09-22,BTC,92,89,3,True,True,2021
2021-09-22,ETH,24,23,1,True,True,2021
2021-09-23,BTC,97,96,1,True,True,2021
2021-09-23,ETH,32,29,3,True,True,2021
2021-09-24,BTC,134,133,1,True,True,2021
2021-09-24,ETH,23,21,2,True,True,2021
2021-09-25,BTC,68,67,1,True,True,2021
2021-09-25,ETH,17,16,1,True,True,2021
2021-09-26,BTC,59,57,2,True,True,2021
2021-09-26,ETH,17,17,0,True,True,2021
2021-09-27,BTC,66,62,4,True,True,2021
2021-09-27,ETH,31,29,2,True,True,2021
2021-09-28,BTC,83,81,2,True,True,2021
2021-09-28,ETH,32,28,4,True,True,2021
2021-09-29,BTC,80,78,2,True,True,2021
2021-09-29,ETH,32,32,0,True,True,2021
2021-09-30,BTC,72,71,1,True,True,2021
2021-09-30,ETH,34,30,4,True,True,2021
2021-10-01,BTC,78,77,1,True,True,2021
2021-10-01,ETH,26,26,0,True,True,2021
2021-10-02,BTC,44,43,1,True,True,2021
2021-10-02,ETH,19,16,3,True,True,2021
2021-10-03,BTC,56,54,2,True,True,2021
2021-10-03,ETH,17,17,0,True,True,2021
2021-10-04,BTC,73,72,1,True,True,2021
2021-10-04,ETH,20,19,1,True,True,2021
2021-10-05,BTC,78,76,2,True,True,2021
2021-10-05,ETH,28,26,2,True,True,2021
2021-10-06,BTC,104,102,2,True,True,2021
2021-10-06,ETH,34,32,2,True,True,2021
2021-10-07,BTC,104,100,4,True,True,2021
2021-10-07,ETH,25,24,1,True,True,2021
2021-10-08,BTC,87,86,1,True,True,2021
2021-10-08,ETH,28,25,3,True,True,2021
2021-10-09,BTC,63,62,1,True,True,2021
2021-10-09,ETH,17,16,1,True,True,2021
2021-10-10,BTC,56,55,1,True,True,2021
2021-10-10,ETH,17,17,0,True,True,2021
2021-10-11,BTC,89,88,1,True,True,2021
2021-10-11,ETH,22,20,2,True,True,2021
2021-10-12,BTC,92,91,1,True,True,2021
2021-10-12,ETH,34,31,3,True,True,2021
2021-10-13,BTC,96,95,1,True,True,2021
2021-10-13,ETH,29,25,4,True,True,2021
2021-10-14,BTC,112,111,1,True,True,2021
2021-10-14,ETH,43,40,3,True,True,2021
2021-10-15,BTC,124,120,4,True,True,2021
2021-10-15,ETH,24,23,1,True,True,2021
2021-10-16,BTC,90,87,3,True,True,2021
2021-10-16,ETH,28,26,2,True,True,2021
2021-10-17,BTC,82,81,1,True,True,2021
2021-10-17,ETH,18,17,1,True,True,2021
2021-10-18,BTC,111,109,2,True,True,2021
2021-10-18,ETH,28,24,4,True,True,2021
2021-10-19,BTC,131,130,1,True,True,2021
2021-10-19,ETH,23,21,2,True,True,2021
2021-10-20,BTC,136,134,2,True,True,2021
2021-10-20,ETH,31,30,1,True,True,2021
2021-10-21,BTC,139,137,2,True,True,2021
2021-10-21,ETH,31,30,1,True,True,2021
2021-10-22,BTC,82,81,1,True,True,2021
2021-10-22,ETH,29,29,0,True,True,2021
2021-10-23,BTC,59,56,3,True,True,2021
2021-10-23,ETH,19,14,5,True,True,2021
2021-10-24,BTC,58,57,1,True,True,2021
2021-10-24,ETH,12,12,0,True,True,2021
2021-10-25,BTC,82,80,2,True,True,2021
2021-10-25,ETH,22,21,1,True,True,2021
2021-10-26,BTC,97,96,1,True,True,2021
2021-10-26,ETH,35,34,1,True,True,2021
2021-10-27,BTC,103,101,2,True,True,2021
2021-10-27,ETH,22,22,0,True,True,2021
2021-10-28,BTC,78,75,3,True,True,2021
2021-10-28,ETH,33,32,1,True,True,2021
2021-10-29,BTC,97,96,1,True,True,2021
2021-10-29,ETH,25,24,1,True,True,2021
2021-10-30,BTC,70,68,2,True,True,2021
2021-10-30,ETH,32,30,2,True,True,2021
2021-10-31,BTC,71,68,3,True,True,2021
2021-10-31,ETH,19,17,2,True,True,2021
2021-11-01,BTC,97,95,2,True,True,2021
2021-11-01,ETH,33,31,2,True,True,2021
2021-11-02,BTC,85,84,1,True,True,2021
2021-11-02,ETH,49,47,2,True,True,2021
2021-11-03,BTC,81,79,2,True,True,2021
2021-11-03,ETH,40,39,1,True,True,2021
2021-11-04,BTC,88,85,3,True,True,2021
2021-11-04,ETH,34,32,2,True,True,2021
2021-11-05,BTC,76,74,2,True,True,2021
2021-11-05,ETH,32,27,5,True,True,2021
2021-11-06,BTC,57,56,1,True,True,2021
2021-11-06,ETH,28,26,2,True,True,2021
2021-11-07,BTC,70,69,1,True,True,2021
2021-11-07,ETH,38,35,3,True,True,2021
2021-11-08,BTC,92,91,1,True,True,2021
2021-11-08,ETH,34,30,4,True,True,2021
2021-11-09,BTC,118,117,1,True,True,2021
2021-11-09,ETH,47,44,3,True,True,2021
2021-11-10,BTC,100,98,2,True,True,2021
2021-11-10,ETH,37,34,3,True,True,2021
2021-11-11,BTC,100,98,2,True,True,2021
2021-11-11,ETH,50,49,1,True,True,2021
2021-11-12,BTC,89,87,2,True,True,2021
2021-11-12,ETH,41,41,0,True,True,2021
2021-11-13,BTC,63,61,2,True,True,2021
2021-11-13,ETH,30,26,4,True,True,2021
2021-11-14,BTC,73,72,1,True,True,2021
2021-11-14,ETH,39,38,1,True,True,2021
2021-11-15,BTC,94,93,1,True,True,2021
2021-11-15,ETH,35,31,4,True,True,2021
2021-11-16,BTC,86,83,3,True,True,2021
2021-11-16,ETH,40,37,3,True,True,2021
2021-11-17,BTC,82,80,2,True,True,2021
2021-11-17,ETH,30,30,0,True,True,2021
2021-11-18,BTC,105,104,1,True,True,2021
2021-11-18,ETH,26,24,2,True,True,2021
2021-11-19,BTC,96,93,3,True,True,2021
2021-11-19,ETH,29,27,2,True,True,2021
2021-11-20,BTC,55,54,1,True,True,2021
2021-11-20,ETH,20,17,3,True,True,2021
2021-11-21,BTC,66,64,2,True,True,2021
2021-11-21,ETH,28,27,1,True,True,2021
2021-11-22,BTC,63,62,1,True,True,2021
2021-11-22,ETH,28,23,5,True,True,2021
2021-11-23,BTC,85,84,1,True,True,2021
2021-11-23,ETH,33,29,4,True,True,2021
2021-11-24,BTC,91,90,1,True,True,2021
2021-11-24,ETH,41,39,2,True,True,2021
2021-11-25,BTC,73,72,1,True,True,2021
2021-11-25,ETH,30,30,0,True,True,2021
2021-11-26,BTC,89,87,2,True,True,2021
2021-11-26,ETH,22,21,1,True,True,2021
2021-11-27,BTC,63,60,3,True,True,2021
2021-11-27,ETH,26,21,5,True,True,2021
2021-11-28,BTC,72,68,4,True,True,2021
2021-11-28,ETH,19,18,1,True,True,2021
2021-11-29,BTC,73,70,3,True,True,2021
2021-11-29,ETH,22,19,3,True,True,2021
2021-11-30,BTC,84,80,4,True,True,2021
2021-11-30,ETH,30,30,0,True,True,2021
2021-12-01,BTC,92,90,2,True,True,2021
2021-12-01,ETH,29,28,1,True,True,2021
2021-12-02,BTC,76,74,2,True,True,2021
2021-12-02,ETH,30,30,0,True,True,2021
2021-12-03,BTC,68,66,2,True,True,2021
2021-12-03,ETH,25,24,1,True,True,2021
2021-12-04,BTC,101,100,1,True,True,2021
2021-12-04,ETH,18,17,1,True,True,2021
2021-12-05,BTC,73,72,1,True,True,2021
2021-12-05,ETH,22,19,3,True,True,2021
2021-12-06,BTC,100,96,4,True,True,2021
2021-12-06,ETH,25,23,2,True,True,2021
2021-12-07,BTC,88,87,1,True,True,2021
2021-12-07,ETH,29,25,4,True,True,2021
2021-12-08,BTC,89,88,1,True,True,2021
2021-12-08,ETH,29,29,0,True,True,2021
2021-12-09,BTC,71,69,2,True,True,2021
2021-12-09,ETH,27,27,0,True,True,2021
2021-12-10,BTC,75,74,1,True,True,2021
2021-12-10,ETH,12,10,2,True,True,2021
2021-12-11,BTC,56,53,3,True,True,2021
2021-12-11,ETH,17,14,3,True,True,2021
2021-12-12,BTC,43,41,2,True,True,2021
2021-12-12,ETH,15,11,4,True,True,2021
2021-12-13,BTC,85,82,3,True,True,2021
2021-12-13,ETH,22,18,4,True,True,2021
2021-12-14,BTC,91,89,2,True,True,2021
2021-12-14,ETH,24,20,4,True,True,2021
2021-12-15,BTC,84,82,2,True,True,2021
2021-12-15,ETH,20,18,2,True,True,2021
2021-12-16,BTC,77,75,2,True,True,2021
2021-12-16,ETH,29,29,0,True,True,2021
2021-12-17,BTC,76,74,2,True,True,2021
2021-12-17,ETH,21,19,2,True,True,2021
2021-12-18,BTC,55,53,2,True,True,2021
2021-12-18,ETH,14,13,1,True,True,2021
2021-12-19,BTC,52,50,2,True,True,2021
2021-12-19,ETH,23,23,0,True,True,2021
2021-12-20,BTC,70,69,1,True,True,2021
2021-12-20,ETH,24,21,3,True,True,2021
2021-12-21,BTC,75,74,1,True,True,2021
2021-12-21,ETH,30,27,3,True,True,2021
2021-12-22,BTC,89,86,3,True,True,2021
2021-12-22,ETH,23,22,1,True,True,2021
2021-12-23,BTC,79,78,1,True,True,2021
2021-12-23,ETH,21,16,5,True,True,2021
2021-12-24,BTC,50,49,1,True,True,2021
2021-12-24,ETH,24,20,4,True,True,2021
2021-12-25,BTC,40,39,1,True,True,2021
2021-12-25,ETH,16,16,0,True,True,2021
2021-12-26,BTC,47,44,3,True,True,2021
2021-12-26,ETH,19,19,0,True,True,2021
2021-12-27,BTC,58,56,2,True,True,2021
2021-12-27,ETH,19,15,4,True,True,2021
2021-12-28,BTC,52,50,2,True,True,2021
2021-12-28,ETH,20,18,2,True,True,2021
2021-12-29,BTC,57,56,1,True,True,2021
2021-12-29,ETH,17,13,4,True,True,2021
2021-12-30,BTC,85,83,2,True,True,2021
2021-12-30,ETH,18,15,3,True,True,2021
2021-12-31,BTC,54,53,1,True,True,2021
2021-12-31,ETH,15,15,0,True,True,2021
2022-01-01,BTC,48,46,2,True,True,2022
2022-01-01,ETH,9,9,0,True,True,2022
2022-01-02,BTC,45,44,1,True,True,2022
2022-01-02,ETH,15,14,1,True,True,2022
2022-01-03,BTC,77,76,1,True,True,2022
2022-01-03,ETH,21,18,3,True,True,2022
2022-01-04,BTC,66,64,2,True,True,2022
2022-01-04,ETH,32,31,1,True,True,2022
2022-01-05,BTC,80,79,1,True,True,2022
2022-01-05,ETH,22,22,0,True,True,2022
2022-01-06,BTC,115,113,2,True,True,2022
2022-01-06,ETH,27,24,3,True,True,2022
2022-01-07,BTC,95,94,1,True,True,2022
2022-01-07,ETH,17,17,0,True,True,2022
2022-01-08,BTC,72,71,1,True,True,2022
2022-01-08,ETH,15,14,1,True,True,2022
2022-01-09,BTC,68,66,2,True,True,2022
2022-01-09,ETH,16,14,2,True,True,2022
2022-01-10,BTC,73,72,1,True,True,2022
2022-01-10,ETH,13,12,1,True,True,2022
2022-01-11,BTC,91,89,2,True,True,2022
2022-01-11,ETH,28,28,0,True,True,2022
2022-01-12,BTC,77,75,2,True,True,2022
2022-01-12,ETH,24,22,2,True,True,2022
2022-01-13,BTC,61,58,3,True,True,2022
2022-01-13,ETH,30,28,2,True,True,2022
2022-01-14,BTC,72,71,1,True,True,2022
2022-01-14,ETH,26,24,2,True,True,2022
2022-01-15,BTC,71,69,2,True,True,2022
2022-01-15,ETH,15,13,2,True,True,2022
2022-01-16,BTC,55,54,1,True,True,2022
2022-01-16,ETH,14,14,0,True,True,2022
2022-01-17,BTC,58,57,1,True,True,2022
2022-01-17,ETH,20,19,1,True,True,2022
2022-01-18,BTC,84,83,1,True,True,2022
2022-01-18,ETH,34,33,1,True,True,2022
2022-01-19,BTC,77,76,1,True,True,2022
2022-01-19,ETH,25,25,0,True,True,2022
2022-01-20,BTC,71,70,1,True,True,2022
2022-01-20,ETH,33,33,0,True,True,2022
2022-01-21,BTC,112,108,4,True,True,2022
2022-01-21,ETH,15,14,1,True,True,2022
2022-01-22,BTC,125,123,2,True,True,2022
2022-01-22,ETH,21,19,2,True,True,2022
2022-01-23,BTC,82,81,1,True,True,2022
2022-01-23,ETH,19,18,1,True,True,2022
2022-01-24,BTC,101,99,2,True,True,2022
2022-01-24,ETH,18,14,4,True,True,2022
2022-01-25,BTC,101,100,1,True,True,2022
2022-01-25,ETH,29,27,2,True,True,2022
2022-01-26,BTC,112,111,1,True,True,2022
2022-01-26,ETH,24,22,2,True,True,2022
2022-01-27,BTC,82,79,3,True,True,2022
2022-01-27,ETH,23,22,1,True,True,2022
2022-01-28,BTC,75,73,2,True,True,2022
2022-01-28,ETH,18,18,0,True,True,2022
2022-01-29,BTC,72,70,2,True,True,2022
2022-01-29,ETH,12,11,1,True,True,2022
2022-01-30,BTC,70,68,2,True,True,2022
2022-01-30,ETH,21,20,1,True,True,2022
2022-01-31,BTC,67,66,1,True,True,2022
2022-01-31,ETH,23,21,2,True,True,2022
2022-02-01,BTC,85,81,4,True,True,2022
2022-02-01,ETH,26,26,0,True,True,2022
2022-02-02,BTC,74,72,2,True,True,2022
2022-02-02,ETH,21,20,1,True,True,2022
2022-02-03,BTC,69,67,2,True,True,2022
2022-02-03,ETH,26,24,2,True,True,2022
2022-02-04,BTC,77,76,1,True,True,2022
2022-02-04,ETH,13,13,0,True,True,2022
2022-02-05,BTC,72,71,1,True,True,2022
2022-02-05,ETH,13,13,0,True,True,2022
2022-02-06,BTC,57,57,0,True,True,2022
2022-02-06,ETH,19,19,0,True,True,2022
2022-02-07,BTC,94,88,6,True,True,2022
2022-02-07,ETH,18,16,2,True,True,2022
2022-02-08,BTC,58,58,0,True,True,2022
2022-02-08,ETH,34,34,0,True,True,2022
2022-02-09,BTC,75,73,2,True,True,2022
2022-02-09,ETH,23,23,0,True,True,2022
2022-02-10,BTC,97,96,1,True,True,2022
2022-02-10,ETH,25,25,0,True,True,2022
2022-02-11,BTC,64,64,0,True,True,2022
2022-02-11,ETH,22,22,0,True,True,2022
2022-02-12,BTC,49,49,0,True,True,2022
2022-02-12,ETH,7,6,1,True,True,2022
2022-02-13,BTC,57,56,1,True,True,2022
2022-02-13,ETH,15,15,0,True,True,2022
2022-02-14,BTC,63,62,1,True,True,2022
2022-02-14,ETH,18,16,2,True,True,2022
2022-02-15,BTC,92,91,1,True,True,2022
2022-02-15,ETH,23,22,1,True,True,2022
2022-02-16,BTC,76,73,3,True,True,2022
2022-02-16,ETH,29,28,1,True,True,2022
2022-02-17,BTC,79,78,1,True,True,2022
2022-02-17,ETH,17,15,2,True,True,2022
2022-02-18,BTC,71,68,3,True,True,2022
2022-02-18,ETH,14,14,0,True,True,2022
2022-02-19,BTC,71,69,2,True,True,2022
2022-02-19,ETH,14,13,1,True,True,2022
2022-02-20,BTC,61,60,1,True,True,2022
2022-02-20,ETH,15,14,1,True,True,2022
2022-02-21,BTC,74,72,2,True,True,2022
2022-02-21,ETH,20,19,1,True,True,2022
2022-02-22,BTC,76,72,4,True,True,2022
2022-02-22,ETH,25,21,4,True,True,2022
2022-02-23,BTC,61,59,2,True,True,2022
2022-02-23,ETH,20,19,1,True,True,2022
2022-02-24,BTC,74,71,3,True,True,2022
2022-02-24,ETH,13,13,0,True,True,2022
2022-02-25,BTC,72,69,3,True,True,2022
2022-02-25,ETH,19,16,3,True,True,2022
2022-02-26,BTC,52,51,1,True,True,2022
2022-02-26,ETH,21,20,1,True,True,2022
2022-02-27,BTC,49,47,2,True,True,2022
2022-02-27,ETH,11,9,2,True,True,2022
2022-02-28,BTC,94,91,3,True,True,2022
2022-02-28,ETH,17,16,1,True,True,2022
2022-03-01,BTC,80,79,1,True,True,2022
2022-03-01,ETH,22,22,0,True,True,2022
2022-03-02,BTC,76,74,2,True,True,2022
2022-03-02,ETH,21,21,0,True,True,2022
2022-03-03,BTC,66,65,1,True,True,2022
2022-03-03,ETH,21,21,0,True,True,2022
2022-03-04,BTC,53,52,1,True,True,2022
2022-03-04,ETH,19,17,2,True,True,2022
2022-03-05,BTC,37,36,1,True,True,2022
2022-03-05,ETH,11,11,0,True,True,2022
2022-03-06,BTC,48,47,1,True,True,2022
2022-03-06,ETH,13,12,1,True,True,2022
2022-03-07,BTC,62,60,2,True,True,2022
2022-03-07,ETH,20,19,1,True,True,2022
2022-03-08,BTC,58,57,1,True,True,2022
2022-03-08,ETH,19,19,0,True,True,2022
2022-03-09,BTC,81,79,2,True,True,2022
2022-03-09,ETH,23,21,2,True,True,2022
2022-03-10,BTC,77,72,5,True,True,2022
2022-03-10,ETH,20,20,0,True,True,2022
2022-03-11,BTC,69,65,4,True,True,2022
2022-03-11,ETH,24,21,3,True,True,2022
2022-03-12,BTC,50,49,1,True,True,2022
2022-03-12,ETH,12,12,0,True,True,2022
2022-03-13,BTC,60,56,4,True,True,2022
2022-03-13,ETH,16,15,1,True,True,2022
2022-03-14,BTC,60,58,2,True,True,2022
2022-03-14,ETH,22,21,1,True,True,2022
2022-03-15,BTC,59,58,1,True,True,2022
2022-03-15,ETH,19,18,1,True,True,2022
2022-03-16,BTC,66,65,1,True,True,2022
2022-03-16,ETH,25,23,2,True,True,2022
2022-03-17,BTC,80,77,3,True,True,2022
2022-03-17,ETH,20,18,2,True,True,2022
2022-03-18,BTC,50,49,1,True,True,2022
2022-03-18,ETH,26,25,1,True,True,2022
2022-03-19,BTC,46,44,2,True,True,2022
2022-03-19,ETH,12,11,1,True,True,2022
2022-03-20,BTC,39,36,3,True,True,2022
2022-03-20,ETH,12,12,0,True,True,2022
2022-03-21,BTC,59,58,1,True,True,2022
2022-03-21,ETH,19,16,3,True,True,2022
2022-03-22,BTC,52,51,1,True,True,2022
2022-03-22,ETH,19,17,2,True,True,2022
2022-03-23,BTC,58,56,2,True,True,2022
2022-03-23,ETH,20,17,3,True,True,2022
2022-03-24,BTC,55,54,1,True,True,2022
2022-03-24,ETH,12,11,1,True,True,2022
2022-03-25,BTC,65,62,3,True,True,2022
2022-03-25,ETH,15,15,0,True,True,2022
2022-03-26,BTC,52,49,3,True,True,2022
2022-03-26,ETH,13,11,2,True,True,2022
2022-03-27,BTC,47,45,2,True,True,2022
2022-03-27,ETH,13,13,0,True,True,2022
2022-03-28,BTC,74,71,3,True,True,2022
2022-03-28,ETH,20,18,2,True,True,2022
2022-03-29,BTC,75,71,4,True,True,2022
2022-03-29,ETH,20,18,2,True,True,2022
2022-03-30,BTC,62,59,3,True,True,2022
2022-03-30,ETH,19,19,0,True,True,2022
2022-03-31,BTC,77,75,2,True,True,2022
2022-03-31,ETH,25,24,1,True,True,2022
2022-04-01,BTC,64,63,1,True,True,2022
2022-04-01,ETH,18,18,0,True,True,2022
2022-04-02,BTC,58,57,1,True,True,2022
2022-04-02,ETH,13,12,1,True,True,2022
2022-04-03,BTC,52,50,2,True,True,2022
2022-04-03,ETH,15,11,4,True,True,2022
2022-04-04,BTC,61,60,1,True,True,2022
2022-04-04,ETH,23,21,2,True,True,2022
2022-04-05,BTC,56,54,2,True,True,2022
2022-04-05,ETH,20,19,1,True,True,2022
2022-04-06,BTC,67,65,2,True,True,2022
2022-04-06,ETH,24,22,2,True,True,2022
2022-04-07,BTC,81,80,1,True,True,2022
2022-04-07,ETH,25,24,1,True,True,2022
2022-04-08,BTC,85,83,2,True,True,2022
2022-04-08,ETH,17,15,2,True,True,2022
2022-04-09,BTC,42,41,1,True,True,2022
2022-04-09,ETH,16,16,0,True,True,2022
2022-04-10,BTC,42,40,2,True,True,2022
2022-04-10,ETH,8,8,0,True,True,2022
2022-04-11,BTC,76,71,5,True,True,2022
2022-04-11,ETH,23,20,3,True,True,2022
2022-04-12,BTC,76,74,2,True,True,2022
2022-04-12,ETH,23,19,4,True,True,2022
2022-04-13,BTC,71,68,3,True,True,2022
2022-04-13,ETH,18,16,2,True,True,2022
2022-04-14,BTC,89,87,2,True,True,2022
2022-04-14,ETH,17,12,5,True,True,2022
2022-04-15,BTC,62,60,2,True,True,2022
2022-04-15,ETH,14,14,0,True,True,2022
2022-04-16,BTC,33,32,1,True,True,2022
2022-04-16,ETH,8,6,2,True,True,2022
2022-04-17,BTC,52,50,2,True,True,2022
2022-04-17,ETH,9,9,0,True,True,2022
2022-04-18,BTC,39,38,1,True,True,2022
2022-04-18,ETH,10,9,1,True,True,2022
2022-04-19,BTC,53,52,1,True,True,2022
2022-04-19,ETH,16,16,0,True,True,2022
2022-04-20,BTC,51,50,1,True,True,2022
2022-04-20,ETH,9,9,0,True,True,2022
2022-04-21,BTC,64,63,1,True,True,2022
2022-04-21,ETH,11,11,0,True,True,2022
2022-04-22,BTC,54,52,2,True,True,2022
2022-04-22,ETH,11,11,0,True,True,2022
2022-04-23,BTC,37,36,1,True,True,2022
2022-04-23,ETH,5,5,0,True,True,2022
2022-04-24,BTC,44,42,2,True,True,2022
2022-04-24,ETH,8,7,1,True,True,2022
2022-04-25,BTC,49,46,3,True,True,2022
2022-04-25,ETH,17,15,2,True,True,2022
2022-04-26,BTC,51,48,3,True,True,2022
2022-04-26,ETH,16,15,1,True,True,2022
2022-04-27,BTC,67,66,1,True,True,2022
2022-04-27,ETH,15,15,0,True,True,2022
2022-04-28,BTC,50,49,1,True,True,2022
2022-04-28,ETH,16,16,0,True,True,2022
2022-04-29,BTC,65,62,3,True,True,2022
2022-04-29,ETH,6,6,0,True,True,2022
2022-04-30,BTC,42,41,1,True,True,2022
2022-04-30,ETH,15,14,1,True,True,2022
2022-05-01,BTC,53,52,1,True,True,2022
2022-05-01,ETH,10,10,0,True,True,2022
2022-05-02,BTC,53,51,2,True,True,2022
2022-05-02,ETH,14,12,2,True,True,2022
2022-05-03,BTC,49,47,2,True,True,2022
2022-05-03,ETH,13,13,0,True,True,2022
2022-05-04,BTC,51,48,3,True,True,2022
2022-05-04,ETH,10,9,1,True,True,2022
2022-05-05,BTC,69,66,3,True,True,2022
2022-05-05,ETH,15,15,0,True,True,2022
2022-05-06,BTC,59,58,1,True,True,2022
2022-05-06,ETH,10,10,0,True,True,2022
2022-05-07,BTC,43,42,1,True,True,2022
2022-05-07,ETH,7,7,0,True,True,2022
2022-05-08,BTC,47,45,2,True,True,2022
2022-05-08,ETH,11,11,0,True,True,2022
2022-05-09,BTC,73,70,3,True,True,2022
2022-05-09,ETH,8,7,1,True,True,2022
2022-05-10,BTC,62,56,6,True,True,2022
2022-05-10,ETH,14,13,1,True,True,2022
2022-05-11,BTC,85,84,1,True,True,2022
2022-05-11,ETH,11,9,2,True,True,2022
2022-05-12,BTC,116,113,3,True,True,2022
2022-05-12,ETH,14,13,1,True,True,2022
2022-05-13,BTC,73,71,2,True,True,2022
2022-05-13,ETH,8,8,0,True,True,2022
2022-05-14,BTC,53,52,1,True,True,2022
2022-05-14,ETH,8,8,0,True,True,2022
2022-05-15,BTC,54,51,3,True,True,2022
2022-05-15,ETH,8,6,2,True,True,2022
2022-05-16,BTC,64,63,1,True,True,2022
2022-05-16,ETH,24,23,1,True,True,2022
2022-05-17,BTC,66,62,4,True,True,2022
2022-05-17,ETH,5,5,0,True,True,2022
2022-05-18,BTC,60,57,3,True,True,2022
2022-05-18,ETH,12,12,0,True,True,2022
2022-05-19,BTC,53,51,2,True,True,2022
2022-05-19,ETH,15,14,1,True,True,2022
2022-05-20,BTC,57,55,2,True,True,2022
2022-05-20,ETH,10,10,0,True,True,2022
2022-05-21,BTC,56,53,3,True,True,2022
2022-05-21,ETH,12,11,1,True,True,2022
2022-05-22,BTC,52,50,2,True,True,2022
2022-05-22,ETH,11,10,1,True,True,2022
2022-05-23,BTC,45,43,2,True,True,2022
2022-05-23,ETH,15,12,3,True,True,2022
2022-05-24,BTC,64,61,3,True,True,2022
2022-05-24,ETH,12,12,0,True,True,2022
2022-05-25,BTC,55,53,2,True,True,2022
2022-05-25,ETH,18,16,2,True,True,2022
2022-05-26,BTC,47,45,2,True,True,2022
2022-05-26,ETH,15,14,1,True,True,2022
2022-05-27,BTC,46,44,2,True,True,2022
2022-05-27,ETH,14,12,2,True,True,2022
2022-05-28,BTC,33,32,1,True,True,2022
2022-05-28,ETH,11,11,0,True,True,2022
2022-05-29,BTC,34,32,2,True,True,2022
2022-05-29,ETH,5,5,0,True,True,2022
2022-05-30,BTC,45,42,3,True,True,2022
2022-05-30,ETH,19,17,2,True,True,2022
2022-05-31,BTC,51,49,2,True,True,2022
2022-05-31,ETH,15,15,0,True,True,2022
2022-06-01,BTC,56,55,1,True,True,2022
2022-06-01,ETH,17,17,0,True,True,2022
2022-06-02,BTC,59,58,1,True,True,2022
2022-06-02,ETH,15,15,0,True,True,2022
2022-06-03,BTC,56,55,1,True,True,2022
2022-06-03,ETH,12,12,0,True,True,2022
2022-06-04,BTC,36,35,1,True,True,2022
2022-06-04,ETH,10,8,2,True,True,2022
2022-06-05,BTC,51,47,4,True,True,2022
2022-06-05,ETH,6,6,0,True,True,2022
2022-06-06,BTC,62,61,1,True,True,2022
2022-06-06,ETH,11,10,1,True,True,2022
2022-06-07,BTC,74,71,3,True,True,2022
2022-06-07,ETH,11,11,0,True,True,2022
2022-06-08,BTC,59,55,4,True,True,2022
2022-06-08,ETH,16,15,1,True,True,2022
2022-06-09,BTC,56,54,2,True,True,2022
2022-06-09,ETH,10,9,1,True,True,2022
2022-06-10,BTC,47,46,1,True,True,2022
2022-06-10,ETH,8,7,1,True,True,2022
2022-06-11,BTC,41,39,2,True,True,2022
2022-06-11,ETH,17,15,2,True,True,2022
2022-06-12,BTC,39,37,2,True,True,2022
2022-06-12,ETH,6,6,0,True,True,2022
2022-06-13,BTC,115,111,4,True,True,2022
2022-06-13,ETH,16,14,2,True,True,2022
2022-06-14,BTC,119,117,2,True,True,2022
2022-06-14,ETH,8,8,0,True,True,2022
2022-06-15,BTC,117,116,1,True,True,2022
2022-06-15,ETH,21,18,3,True,True,2022
2022-06-16,BTC,77,76,1,True,True,2022
2022-06-16,ETH,15,14,1,True,True,2022
2022-06-17,BTC,84,82,2,True,True,2022
2022-06-17,ETH,7,7,0,True,True,2022
2022-06-18,BTC,133,130,3,True,True,2022
2022-06-18,ETH,13,11,2,True,True,2022
2022-06-19,BTC,95,94,1,True,True,2022
2022-06-19,ETH,13,13,0,True,True,2022
2022-06-20,BTC,66,65,1,True,True,2022
2022-06-20,ETH,15,15,0,True,True,2022
2022-06-21,BTC,66,64,2,True,True,2022
2022-06-21,ETH,16,16,0,True,True,2022
2022-06-22,BTC,59,57,2,True,True,2022
2022-06-22,ETH,20,18,2,True,True,2022
2022-06-23,BTC,70,69,1,True,True,2022
2022-06-23,ETH,12,11,1,True,True,2022
2022-06-24,BTC,50,49,1,True,True,2022
2022-06-24,ETH,9,8,1,True,True,2022
2022-06-25,BTC,40,36,4,True,True,2022
2022-06-25,ETH,9,7,2,True,True,2022
2022-06-26,BTC,43,41,2,True,True,2022
2022-06-26,ETH,8,8,0,True,True,2022
2022-06-27,BTC,62,60,2,True,True,2022
2022-06-27,ETH,19,17,2,True,True,2022
2022-06-28,BTC,63,62,1,True,True,2022
2022-06-28,ETH,19,19,0,True,True,2022
2022-06-29,BTC,53,51,2,True,True,2022
2022-06-29,ETH,9,7,2,True,True,2022
2022-06-30,BTC,89,88,1,True,True,2022
2022-06-30,ETH,10,9,1,True,True,2022
2022-07-01,BTC,70,69,1,True,True,2022
2022-07-01,ETH,14,14,0,True,True,2022
2022-07-02,BTC,65,63,2,True,True,2022
2022-07-02,ETH,8,7,1,True,True,2022
2022-07-03,BTC,47,45,2,True,True,2022
2022-07-03,ETH,4,4,0,True,True,2022
2022-07-04,BTC,51,50,1,True,True,2022
2022-07-04,ETH,8,6,2,True,True,2022
2022-07-05,BTC,47,45,2,True,True,2022
2022-07-05,ETH,17,17,0,True,True,2022
2022-07-06,BTC,49,48,1,True,True,2022
2022-07-06,ETH,13,13,0,True,True,2022
2022-07-07,BTC,60,57,3,True,True,2022
2022-07-07,ETH,12,12,0,True,True,2022
2022-07-08,BTC,58,57,1,True,True,2022
2022-07-08,ETH,6,6,0,True,True,2022
2022-07-09,BTC,34,33,1,True,True,2022
2022-07-09,ETH,7,6,1,True,True,2022
2022-07-10,BTC,32,30,2,True,True,2022
2022-07-10,ETH,10,10,0,True,True,2022
2022-07-11,BTC,46,45,1,True,True,2022
2022-07-11,ETH,14,13,1,True,True,2022
2022-07-12,BTC,66,65,1,True,True,2022
2022-07-12,ETH,12,12,0,True,True,2022
2022-07-13,BTC,52,51,1,True,True,2022
2022-07-13,ETH,9,8,1,True,True,2022
2022-07-14,BTC,52,51,1,True,True,2022
2022-07-14,ETH,19,19,0,True,True,2022
2022-07-15,BTC,52,51,1,True,True,2022
2022-07-15,ETH,12,10,2,True,True,2022
2022-07-16,BTC,38,35,3,True,True,2022
2022-07-16,ETH,12,10,2,True,True,2022
2022-07-17,BTC,37,36,1,True,True,2022
2022-07-17,ETH,3,3,0,True,True,2022
2022-07-18,BTC,38,37,1,True,True,2022
2022-07-18,ETH,12,10,2,True,True,2022
2022-07-19,BTC,53,50,3,True,True,2022
2022-07-19,ETH,9,9,0,True,True,2022
2022-07-20,BTC,58,56,2,True,True,2022
2022-07-20,ETH,12,12,0,True,True,2022
2022-07-21,BTC,48,45,3,True,True,2022
2022-07-21,ETH,10,9,1,True,True,2022
2022-07-22,BTC,31,30,1,True,True,2022
2022-07-22,ETH,15,12,3,True,True,2022
2022-07-23,BTC,30,29,1,True,True,2022
2022-07-23,ETH,5,3,2,True,True,2022
2022-07-24,BTC,31,30,1,True,True,2022
2022-07-24,ETH,10,10,0,True,True,2022
2022-07-25,BTC,43,41,2,True,True,2022
2022-07-25,ETH,12,10,2,True,True,2022
2022-07-26,BTC,48,47,1,True,True,2022
2022-07-26,ETH,15,15,0,True,True,2022
2022-07-27,BTC,52,51,1,True,True,2022
2022-07-27,ETH,15,15,0,True,True,2022
2022-07-28,BTC,61,60,1,True,True,2022
2022-07-28,ETH,21,19,2,True,True,2022
2022-07-29,BTC,44,42,2,True,True,2022
2022-07-29,ETH,12,9,3,True,True,2022
2022-07-30,BTC,40,39,1,True,True,2022
2022-07-30,ETH,10,9,1,True,True,2022
2022-07-31,BTC,39,38,1,True,True,2022
2022-07-31,ETH,8,7,1,True,True,2022
2022-08-01,BTC,42,40,2,True,True,2022
2022-08-01,ETH,10,8,2,True,True,2022
2022-08-02,BTC,53,51,2,True,True,2022
2022-08-02,ETH,15,12,3,True,True,2022
2022-08-03,BTC,45,44,1,True,True,2022
2022-08-03,ETH,14,12,2,True,True,2022
2022-08-04,BTC,52,50,2,True,True,2022
2022-08-04,ETH,14,13,1,True,True,2022
2022-08-05,BTC,39,37,2,True,True,2022
2022-08-05,ETH,13,13,0,True,True,2022
2022-08-06,BTC,37,36,1,True,True,2022
2022-08-06,ETH,12,10,2,True,True,2022
2022-08-07,BTC,31,30,1,True,True,2022
2022-08-07,ETH,7,6,1,True,True,2022
2022-08-08,BTC,41,40,1,True,True,2022
2022-08-08,ETH,18,14,4,True,True,2022
2022-08-09,BTC,44,43,1,True,True,2022
2022-08-09,ETH,29,24,5,True,True,2022
2022-08-10,BTC,40,39,1,True,True,2022
2022-08-10,ETH,10,10,0,True,True,2022
2022-08-11,BTC,56,55,1,True,True,2022
2022-08-11,ETH,23,21,2,True,True,2022
2022-08-12,BTC,37,33,4,True,True,2022
2022-08-12,ETH,18,17,1,True,True,2022
2022-08-13,BTC,32,31,1,True,True,2022
2022-08-13,ETH,17,15,2,True,True,2022
2022-08-14,BTC,41,39,2,True,True,2022
2022-08-14,ETH,10,9,1,True,True,2022
2022-08-15,BTC,44,43,1,True,True,2022
2022-08-15,ETH,10,5,5,True,True,2022
2022-08-16,BTC,32,31,1,True,True,2022
2022-08-16,ETH,14,14,0,True,True,2022
2022-08-17,BTC,38,37,1,True,True,2022
2022-08-17,ETH,14,12,2,True,True,2022
2022-08-18,BTC,46,45,1,True,True,2022
2022-08-18,ETH,21,19,2,True,True,2022
2022-08-19,BTC,30,29,1,True,True,2022
2022-08-19,ETH,14,14,0,True,True,2022
2022-08-20,BTC,31,29,2,True,True,2022
2022-08-20,ETH,14,12,2,True,True,2022
2022-08-21,BTC,34,33,1,True,True,2022
2022-08-21,ETH,17,16,1,True,True,2022
2022-08-22,BTC,37,35,2,True,True,2022
2022-08-22,ETH,18,17,1,True,True,2022
2022-08-23,BTC,35,34,1,True,True,2022
2022-08-23,ETH,19,19,0,True,True,2022
2022-08-24,BTC,28,27,1,True,True,2022
2022-08-24,ETH,12,11,1,True,True,2022
2022-08-25,BTC,36,35,1,True,True,2022
2022-08-25,ETH,20,19,1,True,True,2022
2022-08-26,BTC,30,28,2,True,True,2022
2022-08-26,ETH,13,12,1,True,True,2022
2022-08-27,BTC,27,25,2,True,True,2022
2022-08-27,ETH,8,8,0,True,True,2022
2022-08-28,BTC,31,29,2,True,True,2022
2022-08-28,ETH,13,12,1,True,True,2022
2022-08-29,BTC,29,28,1,True,True,2022
2022-08-29,ETH,11,10,1,True,True,2022
2022-08-30,BTC,43,39,4,True,True,2022
2022-08-30,ETH,16,16,0,True,True,2022
2022-08-31,BTC,50,49,1,True,True,2022
2022-08-31,ETH,17,12,5,True,True,2022
2022-09-01,BTC,40,39,1,True,True,2022
2022-09-01,ETH,11,9,2,True,True,2022
2022-09-02,BTC,34,33,1,True,True,2022
2022-09-02,ETH,12,10,2,True,True,2022
2022-09-03,BTC,30,29,1,True,True,2022
2022-09-03,ETH,9,8,1,True,True,2022
2022-09-04,BTC,30,27,3,True,True,2022
2022-09-04,ETH,12,11,1,True,True,2022
2022-09-05,BTC,39,38,1,True,True,2022
2022-09-05,ETH,17,15,2,True,True,2022
2022-09-06,BTC,27,26,1,True,True,2022
2022-09-06,ETH,22,20,2,True,True,2022
2022-09-07,BTC,33,32,1,True,True,2022
2022-09-07,ETH,13,10,3,True,True,2022
2022-09-08,BTC,33,32,1,True,True,2022
2022-09-08,ETH,19,17,2,True,True,2022
2022-09-09,BTC,37,36,1,True,True,2022
2022-09-09,ETH,20,19,1,True,True,2022
2022-09-10,BTC,25,23,2,True,True,2022
2022-09-10,ETH,23,21,2,True,True,2022
2022-09-11,BTC,30,29,1,True,True,2022
2022-09-11,ETH,10,10,0,True,True,2022
2022-09-12,BTC,45,44,1,True,True,2022
2022-09-12,ETH,15,12,3,True,True,2022
2022-09-13,BTC,32,31,1,True,True,2022
2022-09-13,ETH,20,17,3,True,True,2022
2022-09-14,BTC,47,46,1,True,True,2022
2022-09-14,ETH,29,27,2,True,True,2022
2022-09-15,BTC,31,30,1,True,True,2022
2022-09-15,ETH,61,61,0,True,True,2022
2022-09-16,BTC,37,36,1,True,True,2022
2022-09-16,ETH,24,20,4,True,True,2022
2022-09-17,BTC,27,25,2,True,True,2022
2022-09-17,ETH,23,21,2,True,True,2022
2022-09-18,BTC,28,27,1,True,True,2022
2022-09-18,ETH,14,11,3,True,True,2022
2022-09-19,BTC,40,39,1,True,True,2022
2022-09-19,ETH,17,16,1,True,True,2022
2022-09-20,BTC,42,41,1,True,True,2022
2022-09-20,ETH,23,20,3,True,True,2022
2022-09-21,BTC,30,29,1,True,True,2022
2022-09-21,ETH,17,17,0,True,True,2022
2022-09-22,BTC,38,36,2,True,True,2022
2022-09-22,ETH,18,18,0,True,True,2022
2022-09-23,BTC,31,30,1,True,True,2022
2022-09-23,ETH,16,14,2,True,True,2022
2022-09-24,BTC,31,30,1,True,True,2022
2022-09-24,ETH,13,11,2,True,True,2022
2022-09-25,BTC,15,14,1,True,True,2022
2022-09-25,ETH,12,12,0,True,True,2022
2022-09-26,BTC,41,40,1,True,True,2022
2022-09-26,ETH,13,13,0,True,True,2022
2022-09-27,BTC,48,47,1,True,True,2022
2022-09-27,ETH,17,13,4,True,True,2022
2022-09-28,BTC,47,46,1,True,True,2022
2022-09-28,ETH,19,18,1,True,True,2022
2022-09-29,BTC,46,44,2,True,True,2022
2022-09-29,ETH,14,13,1,True,True,2022
2022-09-30,BTC,50,49,1,True,True,2022
2022-09-30,ETH,11,11,0,True,True,2022
2022-10-01,BTC,38,37,1,True,True,2022
2022-10-01,ETH,3,2,1,True,True,2022
2022-10-02,BTC,35,34,1,True,True,2022
2022-10-02,ETH,6,5,1,True,True,2022
2022-10-03,BTC,41,40,1,True,True,2022
2022-10-03,ETH,16,15,1,True,True,2022
2022-10-04,BTC,39,38,1,True,True,2022
2022-10-04,ETH,10,8,2,True,True,2022
2022-10-05,BTC,38,37,1,True,True,2022
2022-10-05,ETH,15,13,2,True,True,2022
2022-10-06,BTC,45,41,4,True,True,2022
2022-10-06,ETH,10,9,1,True,True,2022
2022-10-07,BTC,33,32,1,True,True,2022
2022-10-07,ETH,9,7,2,True,True,2022
2022-10-08,BTC,20,18,2,True,True,2022
2022-10-08,ETH,4,4,0,True,True,2022
2022-10-09,BTC,22,21,1,True,True,2022
2022-10-09,ETH,4,3,1,True,True,2022
2022-10-10,BTC,38,37,1,True,True,2022
2022-10-10,ETH,11,9,2,True,True,2022
2022-10-11,BTC,53,51,2,True,True,2022
2022-10-11,ETH,11,8,3,True,True,2022
2022-10-12,BTC,48,45,3,True,True,2022
2022-10-12,ETH,9,9,0,True,True,2022
2022-10-13,BTC,48,47,1,True,True,2022
2022-10-13,ETH,4,4,0,True,True,2022
2022-10-14,BTC,41,39,2,True,True,2022
2022-10-14,ETH,11,9,2,True,True,2022
2022-10-15,BTC,30,28,2,True,True,2022
2022-10-15,ETH,4,3,1,True,True,2022
2022-10-16,BTC,17,16,1,True,True,2022
2022-10-16,ETH,4,4,0,True,True,2022
2022-10-17,BTC,34,32,2,True,True,2022
2022-10-17,ETH,10,10,0,True,True,2022
2022-10-18,BTC,31,30,1,True,True,2022
2022-10-18,ETH,11,10,1,True,True,2022
2022-10-19,BTC,39,38,1,True,True,2022
2022-10-19,ETH,8,8,0,True,True,2022
2022-10-20,BTC,32,31,1,True,True,2022
2022-10-20,ETH,12,11,1,True,True,2022
2022-10-21,BTC,27,26,1,True,True,2022
2022-10-21,ETH,9,8,1,True,True,2022
2022-10-22,BTC,27,26,1,True,True,2022
2022-10-22,ETH,10,9,1,True,True,2022
2022-10-23,BTC,31,30,1,True,True,2022
2022-10-23,ETH,3,2,1,True,True,2022
2022-10-24,BTC,37,34,3,True,True,2022
2022-10-24,ETH,9,8,1,True,True,2022
2022-10-25,BTC,34,32,2,True,True,2022
2022-10-25,ETH,8,7,1,True,True,2022
2022-10-26,BTC,33,32,1,True,True,2022
2022-10-26,ETH,9,9,0,True,True,2022
2022-10-27,BTC,36,35,1,True,True,2022
2022-10-27,ETH,12,10,2,True,True,2022
2022-10-28,BTC,33,32,1,True,True,2022
2022-10-28,ETH,9,9,0,True,True,2022
2022-10-29,BTC,27,25,2,True,True,2022
2022-10-29,ETH,12,11,1,True,True,2022
2022-10-30,BTC,28,26,2,True,True,2022
2022-10-30,ETH,7,6,1,True,True,2022
2022-10-31,BTC,46,45,1,True,True,2022
2022-10-31,ETH,6,5,1,True,True,2022
2022-11-01,BTC,37,36,1,True,True,2022
2022-11-01,ETH,11,9,2,True,True,2022
2022-11-02,BTC,30,29,1,True,True,2022
2022-11-02,ETH,8,7,1,True,True,2022
2022-11-03,BTC,44,43,1,True,True,2022
2022-11-03,ETH,9,9,0,True,True,2022
2022-11-04,BTC,33,32,1,True,True,2022
2022-11-04,ETH,7,7,0,True,True,2022
2022-11-05,BTC,25,24,1,True,True,2022
2022-11-05,ETH,6,5,1,True,True,2022
2022-11-06,BTC,17,16,1,True,True,2022
2022-11-06,ETH,5,4,1,True,True,2022
2022-11-07,BTC,39,38,1,True,True,2022
2022-11-07,ETH,18,17,1,True,True,2022
2022-11-08,BTC,44,43,1,True,True,2022
2022-11-08,ETH,9,5,4,True,True,2022
2022-11-09,BTC,84,82,2,True,True,2022
2022-11-09,ETH,17,16,1,True,True,2022
2022-11-10,BTC,78,77,1,True,True,2022
2022-11-10,ETH,8,8,0,True,True,2022
2022-11-11,BTC,93,89,4,True,True,2022
2022-11-11,ETH,11,11,0,True,True,2022
2022-11-12,BTC,76,75,1,True,True,2022
2022-11-12,ETH,15,14,1,True,True,2022
2022-11-13,BTC,65,64,1,True,True,2022
2022-11-13,ETH,6,6,0,True,True,2022
2022-11-14,BTC,77,75,2,True,True,2022
2022-11-14,ETH,15,14,1,True,True,2022
2022-11-15,BTC,71,70,1,True,True,2022
2022-11-15,ETH,17,14,3,True,True,2022
2022-11-16,BTC,76,73,3,True,True,2022
2022-11-16,ETH,13,13,0,True,True,2022
2022-11-17,BTC,83,82,1,True,True,2022
2022-11-17,ETH,13,13,0,True,True,2022
2022-11-18,BTC,63,61,2,True,True,2022
2022-11-18,ETH,12,12,0,True,True,2022
2022-11-19,BTC,41,37,4,True,True,2022
2022-11-19,ETH,12,11,1,True,True,2022
2022-11-20,BTC,44,42,2,True,True,2022
2022-11-20,ETH,9,7,2,True,True,2022
2022-11-21,BTC,50,49,1,True,True,2022
2022-11-21,ETH,9,8,1,True,True,2022
2022-11-22,BTC,64,62,2,True,True,2022
2022-11-22,ETH,12,10,2,True,True,2022
2022-11-23,BTC,77,76,1,True,True,2022
2022-11-23,ETH,15,14,1,True,True,2022
2022-11-24,BTC,58,57,1,True,True,2022
2022-11-24,ETH,12,11,1,True,True,2022
2022-11-25,BTC,47,45,2,True,True,2022
2022-11-25,ETH,5,5,0,True,True,2022
2022-11-26,BTC,37,36,1,True,True,2022
2022-11-26,ETH,4,3,1,True,True,2022
2022-11-27,BTC,45,42,3,True,True,2022
2022-11-27,ETH,6,5,1,True,True,2022
2022-11-28,BTC,61,59,2,True,True,2022
2022-11-28,ETH,18,17,1,True,True,2022
2022-11-29,BTC,68,67,1,True,True,2022
2022-11-29,ETH,14,13,1,True,True,2022
2022-11-30,BTC,56,55,1,True,True,2022
2022-11-30,ETH,15,13,2,True,True,2022
2022-12-01,BTC,46,42,4,True,True,2022
2022-12-01,ETH,12,11,1,True,True,2022
2022-12-02,BTC,66,65,1,True,True,2022
2022-12-02,ETH,3,2,1,True,True,2022
2022-12-03,BTC,39,37,2,True,True,2022
2022-12-03,ETH,5,4,1,True,True,2022
2022-12-04,BTC,30,28,2,True,True,2022
2022-12-04,ETH,4,4,0,True,True,2022
2022-12-05,BTC,43,41,2,True,True,2022
2022-12-05,ETH,6,5,1,True,True,2022
2022-12-06,BTC,56,53,3,True,True,2022
2022-12-06,ETH,12,11,1,True,True,2022
2022-12-07,BTC,56,55,1,True,True,2022
2022-12-07,ETH,17,17,0,True,True,2022
2022-12-08,BTC,50,49,1,True,True,2022
2022-12-08,ETH,13,13,0,True,True,2022
2022-12-09,BTC,48,46,2,True,True,2022
2022-12-09,ETH,13,13,0,True,True,2022
2022-12-10,BTC,53,50,3,True,True,2022
2022-12-10,ETH,13,11,2,True,True,2022
2022-12-11,BTC,98,85,13,True,True,2022
2022-12-11,ETH,7,7,0,True,True,2022
2022-12-12,BTC,94,92,2,True,True,2022
2022-12-12,ETH,15,13,2,True,True,2022
2022-12-13,BTC,85,82,3,True,True,2022
2022-12-13,ETH,8,7,1,True,True,2022
2022-12-14,BTC,73,72,1,True,True,2022
2022-12-14,ETH,11,11,0,True,True,2022
2022-12-15,BTC,58,55,3,True,True,2022
2022-12-15,ETH,12,10,2,True,True,2022
2022-12-16,BTC,63,60,3,True,True,2022
2022-12-16,ETH,14,13,1,True,True,2022
2022-12-17,BTC,63,60,3,True,True,2022
2022-12-17,ETH,8,7,1,True,True,2022
2022-12-18,BTC,54,52,2,True,True,2022
2022-12-18,ETH,5,5,0,True,True,2022
2022-12-19,BTC,43,42,1,True,True,2022
2022-12-19,ETH,8,7,1,True,True,2022
2022-12-20,BTC,50,47,3,True,True,2022
2022-12-20,ETH,13,12,1,True,True,2022
2022-12-21,BTC,47,46,1,True,True,2022
2022-12-21,ETH,16,14,2,True,True,2022
2022-12-22,BTC,40,39,1,True,True,2022
2022-12-22,ETH,11,11,0,True,True,2022
2022-12-23,BTC,41,40,1,True,True,2022
2022-12-23,ETH,7,7,0,True,True,2022
2022-12-24,BTC,43,41,2,True,True,2022
2022-12-24,ETH,10,6,4,True,True,2022
2022-12-25,BTC,34,33,1,True,True,2022
2022-12-25,ETH,2,2,0,True,True,2022
2022-12-26,BTC,42,41,1,True,True,2022
2022-12-26,ETH,7,6,1,True,True,2022
2022-12-27,BTC,41,38,3,True,True,2022
2022-12-27,ETH,6,5,1,True,True,2022
2022-12-28,BTC,39,38,1,True,True,2022
2022-12-28,ETH,10,7,3,True,True,2022
2022-12-29,BTC,40,39,1,True,True,2022
2022-12-29,ETH,12,12,0,True,True,2022
2022-12-30,BTC,40,39,1,True,True,2022
2022-12-30,ETH,4,4,0,True,True,2022
2022-12-31,BTC,46,45,1,True,True,2022
2022-12-31,ETH,7,6,1,True,True,2022
2023-01-01,BTC,44,42,2,True,True,2023
2023-01-01,ETH,3,2,1,True,True,2023
2023-01-02,BTC,49,46,3,True,True,2023
2023-01-02,ETH,7,6,1,True,True,2023
2023-01-03,BTC,45,44,1,True,True,2023
2023-01-03,ETH,9,7,2,True,True,2023
2023-01-04,BTC,43,42,1,True,True,2023
2023-01-04,ETH,4,4,0,True,True,2023
2023-01-05,BTC,44,43,1,True,True,2023
2023-01-05,ETH,10,9,1,True,True,2023
2023-01-06,BTC,45,44,1,True,True,2023
2023-01-06,ETH,9,8,1,True,True,2023
2023-01-07,BTC,38,37,1,True,True,2023
2023-01-07,ETH,11,10,1,True,True,2023
2023-01-08,BTC,46,41,5,True,True,2023
2023-01-08,ETH,3,3,0,True,True,2023
2023-01-09,BTC,38,35,3,True,True,2023
2023-01-09,ETH,11,10,1,True,True,2023
2023-01-10,BTC,48,46,2,True,True,2023
2023-01-10,ETH,7,6,1,True,True,2023
2023-01-11,BTC,49,47,2,True,True,2023
2023-01-11,ETH,4,4,0,True,True,2023
2023-01-12,BTC,34,32,2,True,True,2023
2023-01-12,ETH,11,9,2,True,True,2023
2023-01-13,BTC,45,44,1,True,True,2023
2023-01-13,ETH,5,5,0,True,True,2023
2023-01-14,BTC,63,62,1,True,True,2023
2023-01-14,ETH,14,13,1,True,True,2023
2023-01-15,BTC,56,55,1,True,True,2023
2023-01-15,ETH,6,6,0,True,True,2023
2023-01-16,BTC,44,42,2,True,True,2023
2023-01-16,ETH,10,7,3,True,True,2023
2023-01-17,BTC,38,36,2,True,True,2023
2023-01-17,ETH,16,13,3,True,True,2023
2023-01-18,BTC,44,43,1,True,True,2023
2023-01-18,ETH,11,11,0,True,True,2023
2023-01-19,BTC,47,46,1,True,True,2023
2023-01-19,ETH,9,8,1,True,True,2023
2023-01-20,BTC,45,43,2,True,True,2023
2023-01-20,ETH,12,12,0,True,True,2023
2023-01-21,BTC,49,47,2,True,True,2023
2023-01-21,ETH,10,8,2,True,True,2023
2023-01-22,BTC,46,43,3,True,True,2023
2023-01-22,ETH,7,7,0,True,True,2023
2023-01-23,BTC,52,51,1,True,True,2023
2023-01-23,ETH,7,5,2,True,True,2023
2023-01-24,BTC,60,57,3,True,True,2023
2023-01-24,ETH,13,12,1,True,True,2023
2023-01-25,BTC,37,36,1,True,True,2023
2023-01-25,ETH,8,7,1,True,True,2023
2023-01-26,BTC,44,43,1,True,True,2023
2023-01-26,ETH,10,10,0,True,True,2023
2023-01-27,BTC,45,44,1,True,True,2023
2023-01-27,ETH,6,6,0,True,True,2023
2023-01-28,BTC,33,32,1,True,True,2023
2023-01-28,ETH,5,4,1,True,True,2023
2023-01-29,BTC,40,38,2,True,True,2023
2023-01-29,ETH,7,7,0,True,True,2023
2023-01-30,BTC,45,44,1,True,True,2023
2023-01-30,ETH,6,5,1,True,True,2023
2023-01-31,BTC,46,44,2,True,True,2023
2023-01-31,ETH,7,5,2,True,True,2023
2023-02-01,BTC,51,49,2,True,True,2023
2023-02-01,ETH,14,12,2,True,True,2023
2023-02-02,BTC,28,27,1,True,True,2023
2023-02-02,ETH,9,8,1,True,True,2023
2023-02-03,BTC,35,33,2,True,True,2023
2023-02-03,ETH,9,8,1,True,True,2023
2023-02-04,BTC,31,30,1,True,True,2023
2023-02-04,ETH,7,6,1,True,True,2023
2023-02-05,BTC,23,22,1,True,True,2023
2023-02-05,ETH,5,5,0,True,True,2023
2023-02-06,BTC,41,40,1,True,True,2023
2023-02-06,ETH,15,11,4,True,True,2023
2023-02-07,BTC,30,29,1,True,True,2023
2023-02-07,ETH,8,6,2,True,True,2023
2023-02-08,BTC,34,31,3,True,True,2023
2023-02-08,ETH,12,12,0,True,True,2023
2023-02-09,BTC,46,45,1,True,True,2023
2023-02-09,ETH,7,7,0,True,True,2023
2023-02-10,BTC,33,32,1,True,True,2023
2023-02-10,ETH,13,11,2,True,True,2023
2023-02-11,BTC,32,29,3,True,True,2023
2023-02-11,ETH,8,8,0,True,True,2023
2023-02-12,BTC,34,33,1,True,True,2023
2023-02-12,ETH,7,7,0,True,True,2023
2023-02-13,BTC,33,31,2,True,True,2023
2023-02-13,ETH,5,4,1,True,True,2023
2023-02-14,BTC,37,35,2,True,True,2023
2023-02-14,ETH,9,7,2,True,True,2023
2023-02-15,BTC,35,33,2,True,True,2023
2023-02-15,ETH,7,7,0,True,True,2023
2023-02-16,BTC,35,34,1,True,True,2023
2023-02-16,ETH,9,9,0,True,True,2023
2023-02-17,BTC,39,38,1,True,True,2023
2023-02-17,ETH,12,11,1,True,True,2023
2023-02-18,BTC,32,31,1,True,True,2023
2023-02-18,ETH,10,9,1,True,True,2023
2023-02-19,BTC,26,24,2,True,True,2023
2023-02-19,ETH,7,6,1,True,True,2023
2023-02-20,BTC,26,25,1,True,True,2023
2023-02-20,ETH,14,13,1,True,True,2023
2023-02-21,BTC,26,25,1,True,True,2023
2023-02-21,ETH,12,11,1,True,True,2023
2023-02-22,BTC,32,29,3,True,True,2023
2023-02-22,ETH,7,4,3,True,True,2023
2023-02-23,BTC,41,39,2,True,True,2023
2023-02-23,ETH,11,11,0,True,True,2023
2023-02-24,BTC,39,37,2,True,True,2023
2023-02-24,ETH,16,16,0,True,True,2023
2023-02-25,BTC,25,24,1,True,True,2023
2023-02-25,ETH,7,4,3,True,True,2023
2023-02-26,BTC,30,29,1,True,True,2023
2023-02-26,ETH,5,5,0,True,True,2023
2023-02-27,BTC,21,20,1,True,True,2023
2023-02-27,ETH,6,5,1,True,True,2023
2023-02-28,BTC,43,42,1,True,True,2023
2023-02-28,ETH,14,13,1,True,True,2023
2023-03-01,BTC,39,38,1,True,True,2023
2023-03-01,ETH,10,9,1,True,True,2023
2023-03-02,BTC,36,35,1,True,True,2023
2023-03-02,ETH,8,7,1,True,True,2023
2023-03-03,BTC,27,25,2,True,True,2023
2023-03-03,ETH,7,7,0,True,True,2023
2023-03-04,BTC,28,27,1,True,True,2023
2023-03-04,ETH,11,10,1,True,True,2023
2023-03-05,BTC,28,26,2,True,True,2023
2023-03-05,ETH,2,2,0,True,True,2023
2023-03-06,BTC,32,31,1,True,True,2023
2023-03-06,ETH,10,9,1,True,True,2023
2023-03-07,BTC,30,29,1,True,True,2023
2023-03-07,ETH,8,7,1,True,True,2023
2023-03-08,BTC,34,33,1,True,True,2023
2023-03-08,ETH,10,10,0,True,True,2023
2023-03-09,BTC,36,34,2,True,True,2023
2023-03-09,ETH,5,5,0,True,True,2023
2023-03-10,BTC,52,51,1,True,True,2023
2023-03-10,ETH,16,13,3,True,True,2023
2023-03-11,BTC,51,50,1,True,True,2023
2023-03-11,ETH,8,7,1,True,True,2023
2023-03-12,BTC,45,41,4,True,True,2023
2023-03-12,ETH,11,11,0,True,True,2023
2023-03-13,BTC,82,81,1,True,True,2023
2023-03-13,ETH,13,12,1,True,True,2023
2023-03-14,BTC,45,42,3,True,True,2023
2023-03-14,ETH,9,7,2,True,True,2023
2023-03-15,BTC,72,67,5,True,True,2023
2023-03-15,ETH,10,8,2,True,True,2023
2023-03-16,BTC,43,41,2,True,True,2023
2023-03-16,ETH,10,10,0,True,True,2023
2023-03-17,BTC,52,51,1,True,True,2023
2023-03-17,ETH,15,15,0,True,True,2023
2023-03-18,BTC,55,52,3,True,True,2023
2023-03-18,ETH,6,6,0,True,True,2023
2023-03-19,BTC,81,78,3,True,True,2023
2023-03-19,ETH,6,6,0,True,True,2023
2023-03-20,BTC,77,73,4,True,True,2023
2023-03-20,ETH,9,8,1,True,True,2023
2023-03-21,BTC,56,55,1,True,True,2023
2023-03-21,ETH,5,4,1,True,True,2023
2023-03-22,BTC,60,59,1,True,True,2023
2023-03-22,ETH,8,7,1,True,True,2023
2023-03-23,BTC,44,43,1,True,True,2023
2023-03-23,ETH,6,6,0,True,True,2023
2023-03-24,BTC,54,52,2,True,True,2023
2023-03-24,ETH,8,7,1,True,True,2023
2023-03-25,BTC,52,49,3,True,True,2023
2023-03-25,ETH,8,6,2,True,True,2023
2023-03-26,BTC,43,41,2,True,True,2023
2023-03-26,ETH,9,8,1,True,True,2023
2023-03-27,BTC,52,50,2,True,True,2023
2023-03-27,ETH,6,5,1,True,True,2023
2023-03-28,BTC,48,47,1,True,True,2023
2023-03-28,ETH,12,10,2,True,True,2023
2023-03-29,BTC,49,48,1,True,True,2023
2023-03-29,ETH,7,6,1,True,True,2023
2023-03-30,BTC,46,44,2,True,True,2023
2023-03-30,ETH,10,9,1,True,True,2023
2023-03-31,BTC,49,48,1,True,True,2023
2023-03-31,ETH,6,6,0,True,True,2023
2023-04-01,BTC,37,35,2,True,True,2023
2023-04-01,ETH,7,5,2,True,True,2023
2023-04-02,BTC,37,36,1,True,True,2023
2023-04-02,ETH,4,4,0,True,True,2023
2023-04-03,BTC,38,37,1,True,True,2023
2023-04-03,ETH,12,10,2,True,True,2023
2023-04-04,BTC,38,37,1,True,True,2023
2023-04-04,ETH,10,7,3,True,True,2023
2023-04-05,BTC,42,41,1,True,True,2023
2023-04-05,ETH,7,7,0,True,True,2023
2023-04-06,BTC,42,41,1,True,True,2023
2023-04-06,ETH,4,3,1,True,True,2023
2023-04-07,BTC,43,41,2,True,True,2023
2023-04-07,ETH,5,4,1,True,True,2023
2023-04-08,BTC,41,38,3,True,True,2023
2023-04-08,ETH,6,5,1,True,True,2023
2023-04-09,BTC,41,38,3,True,True,2023
2023-04-09,ETH,6,6,0,True,True,2023
2023-04-10,BTC,41,40,1,True,True,2023
2023-04-10,ETH,13,12,1,True,True,2023
2023-04-11,BTC,47,46,1,True,True,2023
2023-04-11,ETH,8,7,1,True,True,2023
2023-04-12,BTC,59,57,2,True,True,2023
2023-04-12,ETH,9,9,0,True,True,2023
2023-04-13,BTC,52,50,2,True,True,2023
2023-04-13,ETH,11,11,0,True,True,2023
2023-04-14,BTC,44,42,2,True,True,2023
2023-04-14,ETH,16,16,0,True,True,2023
2023-04-15,BTC,40,39,1,True,True,2023
2023-04-15,ETH,7,6,1,True,True,2023
2023-04-16,BTC,37,35,2,True,True,2023
2023-04-16,ETH,10,10,0,True,True,2023
2023-04-17,BTC,48,47,1,True,True,2023
2023-04-17,ETH,18,16,2,True,True,2023
2023-04-18,BTC,50,49,1,True,True,2023
2023-04-18,ETH,11,11,0,True,True,2023
2023-04-19,BTC,44,43,1,True,True,2023
2023-04-19,ETH,10,9,1,True,True,2023
2023-04-20,BTC,38,37,1,True,True,2023
2023-04-20,ETH,11,10,1,True,True,2023
2023-04-21,BTC,48,46,2,True,True,2023
2023-04-21,ETH,5,4,1,True,True,2023
2023-04-22,BTC,45,41,4,True,True,2023
2023-04-22,ETH,1,0,1,True,False,2023
2023-04-23,BTC,47,43,4,True,True,2023
2023-04-23,ETH,4,4,0,True,True,2023
2023-04-24,BTC,47,44,3,True,True,2023
2023-04-24,ETH,7,6,1,True,True,2023
2023-04-25,BTC,51,50,1,True,True,2023
2023-04-25,ETH,8,7,1,True,True,2023
2023-04-26,BTC,51,49,2,True,True,2023
2023-04-26,ETH,4,3,1,True,True,2023
2023-04-27,BTC,46,44,2,True,True,2023
2023-04-27,ETH,7,7,0,True,True,2023
2023-04-28,BTC,41,40,1,True,True,2023
2023-04-28,ETH,7,7,0,True,True,2023
2023-04-29,BTC,30,29,1,True,True,2023
2023-04-29,ETH,4,3,1,True,True,2023
2023-04-30,BTC,31,30,1,True,True,2023
2023-04-30,ETH,3,3,0,True,True,2023
2023-05-01,BTC,37,36,1,True,True,2023
2023-05-01,ETH,11,9,2,True,True,2023
2023-05-02,BTC,42,41,1,True,True,2023
2023-05-02,ETH,9,9,0,True,True,2023
2023-05-03,BTC,35,32,3,True,True,2023
2023-05-03,ETH,4,3,1,True,True,2023
2023-05-04,BTC,52,51,1,True,True,2023
2023-05-04,ETH,8,6,2,True,True,2023
2023-05-05,BTC,39,38,1,True,True,2023
2023-05-05,ETH,6,6,0,True,True,2023
2023-05-06,BTC,22,21,1,True,True,2023
2023-05-06,ETH,4,3,1,True,True,2023
2023-05-07,BTC,38,37,1,True,True,2023
2023-05-07,ETH,5,4,1,True,True,2023
2023-05-08,BTC,45,44,1,True,True,2023
2023-05-08,ETH,11,9,2,True,True,2023
2023-05-09,BTC,57,55,2,True,True,2023
2023-05-09,ETH,9,8,1,True,True,2023
2023-05-10,BTC,53,52,1,True,True,2023
2023-05-10,ETH,10,9,1,True,True,2023
2023-05-11,BTC,32,30,2,True,True,2023
2023-05-11,ETH,9,9,0,True,True,2023
2023-05-12,BTC,39,37,2,True,True,2023
2023-05-12,ETH,12,11,1,True,True,2023
2023-05-13,BTC,30,29,1,True,True,2023
2023-05-13,ETH,9,8,1,True,True,2023
2023-05-14,BTC,36,35,1,True,True,2023
2023-05-14,ETH,1,1,0,True,True,2023
2023-05-15,BTC,50,47,3,True,True,2023
2023-05-15,ETH,5,3,2,True,True,2023
2023-05-16,BTC,46,44,2,True,True,2023
2023-05-16,ETH,6,5,1,True,True,2023
2023-05-17,BTC,59,55,4,True,True,2023
2023-05-17,ETH,4,3,1,True,True,2023
2023-05-18,BTC,49,48,1,True,True,2023
2023-05-18,ETH,5,3,2,True,True,2023
2023-05-19,BTC,35,33,2,True,True,2023
2023-05-19,ETH,2,2,0,True,True,2023
2023-05-20,BTC,41,40,1,True,True,2023
2023-05-20,ETH,6,5,1,True,True,2023
2023-05-21,BTC,32,29,3,True,True,2023
2023-05-21,ETH,4,4,0,True,True,2023
2023-05-22,BTC,48,44,4,True,True,2023
2023-05-22,ETH,5,4,1,True,True,2023
2023-05-23,BTC,42,41,1,True,True,2023
2023-05-23,ETH,6,5,1,True,True,2023
2023-05-24,BTC,50,48,2,True,True,2023
2023-05-24,ETH,6,3,3,True,True,2023
2023-05-25,BTC,42,41,1,True,True,2023
2023-05-25,ETH,7,4,3,True,True,2023
2023-05-26,BTC,50,46,4,True,True,2023
2023-05-26,ETH,11,10,1,True,True,2023
2023-05-27,BTC,40,39,1,True,True,2023
2023-05-27,ETH,5,4,1,True,True,2023
2023-05-28,BTC,37,35,2,True,True,2023
2023-05-28,ETH,3,3,0,True,True,2023
2023-05-29,BTC,35,32,3,True,True,2023
2023-05-29,ETH,3,2,1,True,True,2023
2023-05-30,BTC,46,45,1,True,True,2023
2023-05-30,ETH,3,3,0,True,True,2023
2023-05-31,BTC,20,19,1,True,True,2023
2023-05-31,ETH,7,7,0,True,True,2023
2023-06-01,BTC,26,25,1,True,True,2023
2023-06-01,ETH,11,11,0,True,True,2023
2023-06-02,BTC,36,34,2,True,True,2023
2023-06-02,ETH,4,3,1,True,True,2023
2023-06-03,BTC,33,32,1,True,True,2023
2023-06-03,ETH,4,2,2,True,True,2023
2023-06-04,BTC,39,38,1,True,True,2023
2023-06-04,ETH,4,4,0,True,True,2023
2023-06-05,BTC,41,40,1,True,True,2023
2023-06-05,ETH,6,4,2,True,True,2023
2023-06-06,BTC,38,36,2,True,True,2023
2023-06-06,ETH,5,5,0,True,True,2023
2023-06-07,BTC,32,31,1,True,True,2023
2023-06-07,ETH,5,5,0,True,True,2023
2023-06-08,BTC,49,47,2,True,True,2023
2023-06-08,ETH,6,6,0,True,True,2023
2023-06-09,BTC,43,41,2,True,True,2023
2023-06-09,ETH,5,5,0,True,True,2023
2023-06-10,BTC,44,43,1,True,True,2023
2023-06-10,ETH,7,5,2,True,True,2023
2023-06-11,BTC,43,42,1,True,True,2023
2023-06-11,ETH,6,6,0,True,True,2023
2023-06-12,BTC,11,10,1,True,True,2023
2023-06-12,ETH,5,4,1,True,True,2023
2023-06-13,BTC,7,6,1,True,True,2023
2023-06-13,ETH,0,0,0,False,False,2023
2023-06-14,BTC,14,13,1,True,True,2023
2023-06-14,ETH,0,0,0,False,False,2023
2023-06-15,BTC,43,41,2,True,True,2023
2023-06-15,ETH,7,7,0,True,True,2023
2023-06-16,BTC,45,44,1,True,True,2023
2023-06-16,ETH,2,2,0,True,True,2023
2023-06-17,BTC,36,35,1,True,True,2023
2023-06-17,ETH,4,3,1,True,True,2023
2023-06-18,BTC,39,38,1,True,True,2023
2023-06-18,ETH,4,4,0,True,True,2023
2023-06-19,BTC,40,39,1,True,True,2023
2023-06-19,ETH,7,6,1,True,True,2023
2023-06-20,BTC,36,35,1,True,True,2023
2023-06-20,ETH,7,6,1,True,True,2023
2023-06-21,BTC,56,55,1,True,True,2023
2023-06-21,ETH,9,8,1,True,True,2023
2023-06-22,BTC,36,34,2,True,True,2023
2023-06-22,ETH,11,11,0,True,True,2023
2023-06-23,BTC,46,45,1,True,True,2023
2023-06-23,ETH,5,5,0,True,True,2023
2023-06-24,BTC,44,43,1,True,True,2023
2023-06-24,ETH,7,6,1,True,True,2023
2023-06-25,BTC,29,28,1,True,True,2023
2023-06-25,ETH,3,3,0,True,True,2023
2023-06-26,BTC,49,48,1,True,True,2023
2023-06-26,ETH,8,6,2,True,True,2023
2023-06-27,BTC,56,55,1,True,True,2023
2023-06-27,ETH,6,5,1,True,True,2023
2023-06-28,BTC,55,53,2,True,True,2023
2023-06-28,ETH,5,4,1,True,True,2023
2023-06-29,BTC,45,43,2,True,True,2023
2023-06-29,ETH,5,5,0,True,True,2023
2023-06-30,BTC,44,43,1,True,True,2023
2023-06-30,ETH,5,4,1,True,True,2023
2023-07-01,BTC,21,20,1,True,True,2023
2023-07-01,ETH,5,4,1,True,True,2023
2023-07-02,BTC,30,28,2,True,True,2023
2023-07-02,ETH,3,3,0,True,True,2023
2023-07-03,BTC,38,36,2,True,True,2023
2023-07-03,ETH,8,7,1,True,True,2023
2023-07-04,BTC,40,38,2,True,True,2023
2023-07-04,ETH,7,7,0,True,True,2023
2023-07-05,BTC,42,40,2,True,True,2023
2023-07-05,ETH,8,8,0,True,True,2023
2023-07-06,BTC,41,40,1,True,True,2023
2023-07-06,ETH,6,6,0,True,True,2023
2023-07-07,BTC,31,30,1,True,True,2023
2023-07-07,ETH,7,6,1,True,True,2023
2023-07-08,BTC,39,37,2,True,True,2023
2023-07-08,ETH,4,4,0,True,True,2023
2023-07-09,BTC,37,35,2,True,True,2023
2023-07-09,ETH,3,2,1,True,True,2023
2023-07-10,BTC,41,40,1,True,True,2023
2023-07-10,ETH,4,3,1,True,True,2023
2023-07-11,BTC,45,44,1,True,True,2023
2023-07-11,ETH,8,7,1,True,True,2023
2023-07-12,BTC,42,41,1,True,True,2023
2023-07-12,ETH,5,5,0,True,True,2023
2023-07-13,BTC,38,36,2,True,True,2023
2023-07-13,ETH,5,4,1,True,True,2023
2023-07-14,BTC,45,43,2,True,True,2023
2023-07-14,ETH,5,4,1,True,True,2023
2023-07-15,BTC,31,30,1,True,True,2023
2023-07-15,ETH,7,5,2,True,True,2023
2023-07-16,BTC,23,22,1,True,True,2023
2023-07-16,ETH,9,9,0,True,True,2023
2023-07-17,BTC,36,35,1,True,True,2023
2023-07-17,ETH,10,9,1,True,True,2023
2023-07-18,BTC,34,33,1,True,True,2023
2023-07-18,ETH,7,6,1,True,True,2023
2023-07-19,BTC,40,39,1,True,True,2023
2023-07-19,ETH,5,4,1,True,True,2023
2023-07-20,BTC,30,28,2,True,True,2023
2023-07-20,ETH,3,3,0,True,True,2023
2023-07-21,BTC,41,40,1,True,True,2023
2023-07-21,ETH,6,4,2,True,True,2023
2023-07-22,BTC,33,31,2,True,True,2023
2023-07-22,ETH,4,3,1,True,True,2023
2023-07-23,BTC,34,30,4,True,True,2023
2023-07-23,ETH,5,5,0,True,True,2023
2023-07-24,BTC,38,37,1,True,True,2023
2023-07-24,ETH,5,4,1,True,True,2023
2023-07-25,BTC,38,37,1,True,True,2023
2023-07-25,ETH,6,6,0,True,True,2023
2023-07-26,BTC,37,36,1,True,True,2023
2023-07-26,ETH,3,2,1,True,True,2023
2023-07-27,BTC,33,32,1,True,True,2023
2023-07-27,ETH,9,8,1,True,True,2023
2023-07-28,BTC,41,38,3,True,True,2023
2023-07-28,ETH,5,4,1,True,True,2023
2023-07-29,BTC,31,29,2,True,True,2023
2023-07-29,ETH,6,6,0,True,True,2023
2023-07-30,BTC,32,29,3,True,True,2023
2023-07-30,ETH,3,3,0,True,True,2023
2023-07-31,BTC,45,42,3,True,True,2023
2023-07-31,ETH,10,9,1,True,True,2023
2023-08-01,BTC,35,33,2,True,True,2023
2023-08-01,ETH,7,6,1,True,True,2023
2023-08-02,BTC,25,23,2,True,True,2023
2023-08-02,ETH,5,5,0,True,True,2023
2023-08-03,BTC,35,34,1,True,True,2023
2023-08-03,ETH,5,5,0,True,True,2023
2023-08-04,BTC,35,34,1,True,True,2023
2023-08-04,ETH,2,2,0,True,True,2023
2023-08-05,BTC,30,27,3,True,True,2023
2023-08-05,ETH,4,3,1,True,True,2023
2023-08-06,BTC,28,27,1,True,True,2023
2023-08-06,ETH,3,3,0,True,True,2023
2023-08-07,BTC,32,31,1,True,True,2023
2023-08-07,ETH,6,4,2,True,True,2023
2023-08-08,BTC,29,28,1,True,True,2023
2023-08-08,ETH,2,2,0,True,True,2023
2023-08-09,BTC,42,41,1,True,True,2023
2023-08-09,ETH,3,3,0,True,True,2023
2023-08-10,BTC,36,35,1,True,True,2023
2023-08-10,ETH,3,3,0,True,True,2023
2023-08-11,BTC,37,36,1,True,True,2023
2023-08-11,ETH,3,3,0,True,True,2023
2023-08-12,BTC,30,30,0,True,True,2023
2023-08-12,ETH,2,1,1,True,True,2023
2023-08-13,BTC,28,27,1,True,True,2023
2023-08-13,ETH,4,4,0,True,True,2023
2023-08-14,BTC,29,28,1,True,True,2023
2023-08-14,ETH,6,5,1,True,True,2023
2023-08-15,BTC,23,22,1,True,True,2023
2023-08-15,ETH,10,9,1,True,True,2023
2023-08-16,BTC,37,35,2,True,True,2023
2023-08-16,ETH,7,6,1,True,True,2023
2023-08-17,BTC,35,33,2,True,True,2023
2023-08-17,ETH,5,5,0,True,True,2023
2023-08-18,BTC,33,32,1,True,True,2023
2023-08-18,ETH,2,2,0,True,True,2023
2023-08-19,BTC,32,31,1,True,True,2023
2023-08-19,ETH,1,0,1,True,False,2023
2023-08-20,BTC,28,27,1,True,True,2023
2023-08-20,ETH,7,6,1,True,True,2023
2023-08-21,BTC,36,35,1,True,True,2023
2023-08-21,ETH,6,5,1,True,True,2023
2023-08-22,BTC,32,31,1,True,True,2023
2023-08-22,ETH,4,4,0,True,True,2023
2023-08-23,BTC,41,40,1,True,True,2023
2023-08-23,ETH,8,8,0,True,True,2023
2023-08-24,BTC,40,39,1,True,True,2023
2023-08-24,ETH,7,6,1,True,True,2023
2023-08-25,BTC,33,31,2,True,True,2023
2023-08-25,ETH,7,7,0,True,True,2023
2023-08-26,BTC,30,29,1,True,True,2023
2023-08-26,ETH,4,2,2,True,True,2023
2023-08-27,BTC,23,22,1,True,True,2023
2023-08-27,ETH,2,2,0,True,True,2023
2023-08-28,BTC,34,33,1,True,True,2023
2023-08-28,ETH,8,7,1,True,True,2023
2023-08-29,BTC,37,35,2,True,True,2023
2023-08-29,ETH,5,5,0,True,True,2023
2023-08-30,BTC,28,28,0,True,True,2023
2023-08-30,ETH,1,0,1,True,False,2023
2023-08-31,BTC,39,38,1,True,True,2023
2023-08-31,ETH,7,6,1,True,True,2023
2023-09-01,BTC,36,35,1,True,True,2023
2023-09-01,ETH,7,7,0,True,True,2023
2023-09-02,BTC,22,21,1,True,True,2023
2023-09-02,ETH,5,4,1,True,True,2023
2023-09-03,BTC,31,30,1,True,True,2023
2023-09-03,ETH,1,1,0,True,True,2023
2023-09-04,BTC,36,33,3,True,True,2023
2023-09-04,ETH,7,6,1,True,True,2023
2023-09-05,BTC,32,31,1,True,True,2023
2023-09-05,ETH,4,4,0,True,True,2023
2023-09-06,BTC,49,47,2,True,True,2023
2023-09-06,ETH,2,2,0,True,True,2023
2023-09-07,BTC,38,36,2,True,True,2023
2023-09-07,ETH,7,7,0,True,True,2023
2023-09-08,BTC,37,36,1,True,True,2023
2023-09-08,ETH,4,4,0,True,True,2023
2023-09-09,BTC,35,34,1,True,True,2023
2023-09-09,ETH,3,2,1,True,True,2023
2023-09-10,BTC,32,30,2,True,True,2023
2023-09-10,ETH,3,3,0,True,True,2023
2023-09-11,BTC,38,36,2,True,True,2023
2023-09-11,ETH,8,7,1,True,True,2023
2023-09-12,BTC,33,32,1,True,True,2023
2023-09-12,ETH,9,9,0,True,True,2023
2023-09-13,BTC,41,40,1,True,True,2023
2023-09-13,ETH,4,3,1,True,True,2023
2023-09-14,BTC,29,27,2,True,True,2023
2023-09-14,ETH,6,6,0,True,True,2023
2023-09-15,BTC,36,35,1,True,True,2023
2023-09-15,ETH,8,8,0,True,True,2023
2023-09-16,BTC,22,21,1,True,True,2023
2023-09-16,ETH,2,1,1,True,True,2023
2023-09-17,BTC,25,24,1,True,True,2023
2023-09-17,ETH,6,6,0,True,True,2023
2023-09-18,BTC,37,34,3,True,True,2023
2023-09-18,ETH,5,3,2,True,True,2023
2023-09-19,BTC,43,41,2,True,True,2023
2023-09-19,ETH,3,3,0,True,True,2023
2023-09-20,BTC,37,36,1,True,True,2023
2023-09-20,ETH,9,9,0,True,True,2023
2023-09-21,BTC,45,44,1,True,True,2023
2023-09-21,ETH,3,3,0,True,True,2023
2023-09-22,BTC,41,39,2,True,True,2023
2023-09-22,ETH,4,4,0,True,True,2023
2023-09-23,BTC,29,28,1,True,True,2023
2023-09-23,ETH,1,0,1,True,False,2023
2023-09-24,BTC,34,30,4,True,True,2023
2023-09-24,ETH,3,3,0,True,True,2023
2023-09-25,BTC,40,38,2,True,True,2023
2023-09-25,ETH,4,3,1,True,True,2023
2023-09-26,BTC,43,42,1,True,True,2023
2023-09-26,ETH,3,2,1,True,True,2023
2023-09-27,BTC,30,29,1,True,True,2023
2023-09-27,ETH,0,0,0,False,False,2023
2023-09-28,BTC,38,37,1,True,True,2023
2023-09-28,ETH,7,6,1,True,True,2023
2023-09-29,BTC,26,25,1,True,True,2023
2023-09-29,ETH,5,4,1,True,True,2023
2023-09-30,BTC,42,41,1,True,True,2023
2023-09-30,ETH,3,3,0,True,True,2023
2023-10-01,BTC,36,35,1,True,True,2023
2023-10-01,ETH,1,1,0,True,True,2023
2023-10-02,BTC,54,52,2,True,True,2023
2023-10-02,ETH,10,9,1,True,True,2023
2023-10-03,BTC,28,27,1,True,True,2023
2023-10-03,ETH,3,3,0,True,True,2023
2023-10-04,BTC,37,36,1,True,True,2023
2023-10-04,ETH,2,2,0,True,True,2023
2023-10-05,BTC,41,39,2,True,True,2023
2023-10-05,ETH,8,7,1,True,True,2023
2023-10-06,BTC,29,25,4,True,True,2023
2023-10-06,ETH,10,9,1,True,True,2023
2023-10-07,BTC,24,23,1,True,True,2023
2023-10-07,ETH,2,2,0,True,True,2023
2023-10-08,BTC,33,32,1,True,True,2023
2023-10-08,ETH,1,1,0,True,True,2023
2023-10-09,BTC,37,35,2,True,True,2023
2023-10-09,ETH,1,0,1,True,False,2023
2023-10-10,BTC,40,38,2,True,True,2023
2023-10-10,ETH,4,3,1,True,True,2023
2023-10-11,BTC,34,33,1,True,True,2023
2023-10-11,ETH,2,2,0,True,True,2023
2023-10-12,BTC,50,49,1,True,True,2023
2023-10-12,ETH,9,7,2,True,True,2023
2023-10-13,BTC,45,44,1,True,True,2023
2023-10-13,ETH,3,2,1,True,True,2023
2023-10-14,BTC,39,38,1,True,True,2023
2023-10-14,ETH,0,0,0,False,False,2023
2023-10-15,BTC,23,22,1,True,True,2023
2023-10-15,ETH,7,6,1,True,True,2023
2023-10-16,BTC,32,30,2,True,True,2023
2023-10-16,ETH,7,5,2,True,True,2023
2023-10-17,BTC,38,37,1,True,True,2023
2023-10-17,ETH,5,5,0,True,True,2023
2023-10-18,BTC,47,44,3,True,True,2023
2023-10-18,ETH,5,4,1,True,True,2023
2023-10-19,BTC,31,30,1,True,True,2023
2023-10-19,ETH,6,5,1,True,True,2023
2023-10-20,BTC,50,47,3,True,True,2023
2023-10-20,ETH,2,2,0,True,True,2023
2023-10-21,BTC,43,42,1,True,True,2023
2023-10-21,ETH,5,4,1,True,True,2023
2023-10-22,BTC,32,29,3,True,True,2023
2023-10-22,ETH,1,1,0,True,True,2023
2023-10-23,BTC,66,61,5,True,True,2023
2023-10-23,ETH,4,3,1,True,True,2023
2023-10-24,BTC,91,86,5,True,True,2023
2023-10-24,ETH,3,3,0,True,True,2023
2023-10-25,BTC,56,55,1,True,True,2023
2023-10-25,ETH,4,4,0,True,True,2023
2023-10-26,BTC,57,56,1,True,True,2023
2023-10-26,ETH,9,6,3,True,True,2023
2023-10-27,BTC,39,38,1,True,True,2023
2023-10-27,ETH,4,3,1,True,True,2023
2023-10-28,BTC,35,34,1,True,True,2023
2023-10-28,ETH,2,2,0,True,True,2023
2023-10-29,BTC,32,30,2,True,True,2023
2023-10-29,ETH,2,2,0,True,True,2023
2023-10-30,BTC,43,40,3,True,True,2023
2023-10-30,ETH,3,2,1,True,True,2023
2023-10-31,BTC,57,55,2,True,True,2023
2023-10-31,ETH,4,3,1,True,True,2023
2023-11-01,BTC,48,47,1,True,True,2023
2023-11-01,ETH,6,6,0,True,True,2023
2023-11-02,BTC,52,51,1,True,True,2023
2023-11-02,ETH,8,7,1,True,True,2023
2023-11-03,BTC,63,62,1,True,True,2023
2023-11-03,ETH,5,4,1,True,True,2023
2023-11-04,BTC,31,29,2,True,True,2023
2023-11-04,ETH,3,3,0,True,True,2023
2023-11-05,BTC,35,33,2,True,True,2023
2023-11-05,ETH,5,5,0,True,True,2023
2023-11-06,BTC,61,58,3,True,True,2023
2023-11-06,ETH,4,3,1,True,True,2023
2023-11-07,BTC,46,44,2,True,True,2023
2023-11-07,ETH,4,4,0,True,True,2023
2023-11-08,BTC,51,50,1,True,True,2023
2023-11-08,ETH,5,5,0,True,True,2023
2023-11-09,BTC,74,71,3,True,True,2023
2023-11-09,ETH,9,6,3,True,True,2023
2023-11-10,BTC,65,63,2,True,True,2023
2023-11-10,ETH,8,7,1,True,True,2023
2023-11-11,BTC,45,44,1,True,True,2023
2023-11-11,ETH,6,5,1,True,True,2023
2023-11-12,BTC,32,30,2,True,True,2023
2023-11-12,ETH,0,0,0,False,False,2023
2023-11-13,BTC,36,35,1,True,True,2023
2023-11-13,ETH,7,6,1,True,True,2023
2023-11-14,BTC,53,50,3,True,True,2023
2023-11-14,ETH,6,4,2,True,True,2023
2023-11-15,BTC,42,41,1,True,True,2023
2023-11-15,ETH,8,7,1,True,True,2023
2023-11-16,BTC,70,66,4,True,True,2023
2023-11-16,ETH,10,10,0,True,True,2023
2023-11-17,BTC,64,62,2,True,True,2023
2023-11-17,ETH,6,5,1,True,True,2023
2023-11-18,BTC,26,25,1,True,True,2023
2023-11-18,ETH,5,4,1,True,True,2023
2023-11-19,BTC,39,38,1,True,True,2023
2023-11-19,ETH,6,6,0,True,True,2023
2023-11-20,BTC,49,48,1,True,True,2023
2023-11-20,ETH,7,6,1,True,True,2023
2023-11-21,BTC,42,41,1,True,True,2023
2023-11-21,ETH,9,9,0,True,True,2023
2023-11-22,BTC,60,58,2,True,True,2023
2023-11-22,ETH,5,5,0,True,True,2023
2023-11-23,BTC,55,53,2,True,True,2023
2023-11-23,ETH,7,7,0,True,True,2023
2023-11-24,BTC,53,51,2,True,True,2023
2023-11-24,ETH,4,3,1,True,True,2023
2023-11-25,BTC,41,39,2,True,True,2023
2023-11-25,ETH,4,4,0,True,True,2023
2023-11-26,BTC,48,47,1,True,True,2023
2023-11-26,ETH,2,1,1,True,True,2023
2023-11-27,BTC,61,59,2,True,True,2023
2023-11-27,ETH,5,4,1,True,True,2023
2023-11-28,BTC,40,39,1,True,True,2023
2023-11-28,ETH,8,8,0,True,True,2023
2023-11-29,BTC,63,61,2,True,True,2023
2023-11-29,ETH,4,4,0,True,True,2023
2023-11-30,BTC,53,50,3,True,True,2023
2023-11-30,ETH,4,3,1,True,True,2023
2023-12-01,BTC,53,51,2,True,True,2023
2023-12-01,ETH,2,1,1,True,True,2023
2023-12-02,BTC,53,50,3,True,True,2023
2023-12-02,ETH,2,2,0,True,True,2023
2023-12-03,BTC,62,60,2,True,True,2023
2023-12-03,ETH,6,6,0,True,True,2023
2023-12-04,BTC,93,87,6,True,True,2023
2023-12-04,ETH,8,7,1,True,True,2023
2023-12-05,BTC,104,100,4,True,True,2023
2023-12-05,ETH,3,3,0,True,True,2023
2023-12-06,BTC,97,95,2,True,True,2023
2023-12-06,ETH,4,4,0,True,True,2023
2023-12-07,BTC,85,81,4,True,True,2023
2023-12-07,ETH,7,6,1,True,True,2023
2023-12-08,BTC,53,52,1,True,True,2023
2023-12-08,ETH,3,3,0,True,True,2023
2023-12-09,BTC,54,52,2,True,True,2023
2023-12-09,ETH,3,2,1,True,True,2023
2023-12-10,BTC,63,62,1,True,True,2023
2023-12-10,ETH,5,5,0,True,True,2023
2023-12-11,BTC,52,51,1,True,True,2023
2023-12-11,ETH,4,4,0,True,True,2023
2023-12-12,BTC,52,51,1,True,True,2023
2023-12-12,ETH,5,5,0,True,True,2023
2023-12-13,BTC,55,53,2,True,True,2023
2023-12-13,ETH,6,6,0,True,True,2023
2023-12-14,BTC,51,50,1,True,True,2023
2023-12-14,ETH,9,9,0,True,True,2023
2023-12-15,BTC,58,57,1,True,True,2023
2023-12-15,ETH,5,5,0,True,True,2023
2023-12-16,BTC,48,46,2,True,True,2023
2023-12-16,ETH,4,3,1,True,True,2023
2023-12-17,BTC,51,50,1,True,True,2023
2023-12-17,ETH,1,1,0,True,True,2023
2023-12-18,BTC,57,54,3,True,True,2023
2023-12-18,ETH,3,3,0,True,True,2023
2023-12-19,BTC,58,56,2,True,True,2023
2023-12-19,ETH,10,10,0,True,True,2023
2023-12-20,BTC,55,54,1,True,True,2023
2023-12-20,ETH,13,11,2,True,True,2023
2023-12-21,BTC,52,49,3,True,True,2023
2023-12-21,ETH,5,5,0,True,True,2023
2023-12-22,BTC,64,60,4,True,True,2023
2023-12-22,ETH,6,4,2,True,True,2023
2023-12-23,BTC,48,47,1,True,True,2023
2023-12-23,ETH,4,4,0,True,True,2023
2023-12-24,BTC,42,40,2,True,True,2023
2023-12-24,ETH,5,5,0,True,True,2023
2023-12-25,BTC,43,41,2,True,True,2023
2023-12-25,ETH,3,3,0,True,True,2023
2023-12-26,BTC,44,43,1,True,True,2023
2023-12-26,ETH,8,7,1,True,True,2023
2023-12-27,BTC,52,49,3,True,True,2023
2023-12-27,ETH,7,7,0,True,True,2023
2023-12-28,BTC,67,64,3,True,True,2023
2023-12-28,ETH,8,8,0,True,True,2023
2023-12-29,BTC,57,55,2,True,True,2023
2023-12-29,ETH,2,1,1,True,True,2023
2023-12-30,BTC,52,50,2,True,True,2023
2023-12-30,ETH,4,4,0,True,True,2023
2023-12-31,BTC,46,43,3,True,True,2023
2023-12-31,ETH,7,7,0,True,True,2023
2024-01-01,BTC,55,50,5,True,True,2024
2024-01-01,ETH,4,4,0,True,True,2024
2024-01-02,BTC,84,79,5,True,True,2024
2024-01-02,ETH,3,2,1,True,True,2024
2024-01-03,BTC,83,80,3,True,True,2024
2024-01-03,ETH,7,7,0,True,True,2024
2024-01-04,BTC,56,53,3,True,True,2024
2024-01-04,ETH,4,4,0,True,True,2024
2024-01-05,BTC,60,59,1,True,True,2024
2024-01-05,ETH,3,2,1,True,True,2024
2024-01-06,BTC,87,84,3,True,True,2024
2024-01-06,ETH,4,4,0,True,True,2024
2024-01-07,BTC,69,68,1,True,True,2024
2024-01-07,ETH,4,4,0,True,True,2024
2024-01-08,BTC,99,93,6,True,True,2024
2024-01-08,ETH,5,4,1,True,True,2024
2024-01-09,BTC,129,125,4,True,True,2024
2024-01-09,ETH,2,2,0,True,True,2024
2024-01-10,BTC,130,125,5,True,True,2024
2024-01-10,ETH,3,3,0,True,True,2024
2024-01-11,BTC,143,140,3,True,True,2024
2024-01-11,ETH,7,7,0,True,True,2024
2024-01-12,BTC,90,89,1,True,True,2024
2024-01-12,ETH,5,4,1,True,True,2024
2024-01-13,BTC,58,57,1,True,True,2024
2024-01-13,ETH,4,4,0,True,True,2024
2024-01-14,BTC,54,53,1,True,True,2024
2024-01-14,ETH,4,4,0,True,True,2024
2024-01-15,BTC,59,54,5,True,True,2024
2024-01-15,ETH,3,3,0,True,True,2024
2024-01-16,BTC,57,55,2,True,True,2024
2024-01-16,ETH,6,5,1,True,True,2024
2024-01-17,BTC,54,53,1,True,True,2024
2024-01-17,ETH,3,3,0,True,True,2024
2024-01-18,BTC,49,48,1,True,True,2024
2024-01-18,ETH,7,7,0,True,True,2024
2024-01-19,BTC,66,64,2,True,True,2024
2024-01-19,ETH,5,4,1,True,True,2024
2024-01-20,BTC,29,28,1,True,True,2024
2024-01-20,ETH,4,4,0,True,True,2024
2024-01-21,BTC,38,37,1,True,True,2024
2024-01-21,ETH,3,3,0,True,True,2024
2024-01-22,BTC,39,37,2,True,True,2024
2024-01-22,ETH,3,3,0,True,True,2024
2024-01-23,BTC,52,51,1,True,True,2024
2024-01-23,ETH,8,7,1,True,True,2024
2024-01-24,BTC,39,38,1,True,True,2024
2024-01-24,ETH,6,6,0,True,True,2024
2024-01-25,BTC,47,45,2,True,True,2024
2024-01-25,ETH,8,8,0,True,True,2024
2024-01-26,BTC,44,41,3,True,True,2024
2024-01-26,ETH,7,3,4,True,True,2024
2024-01-27,BTC,47,44,3,True,True,2024
2024-01-27,ETH,6,6,0,True,True,2024
2024-01-28,BTC,45,44,1,True,True,2024
2024-01-28,ETH,6,6,0,True,True,2024
2024-01-29,BTC,54,53,1,True,True,2024
2024-01-29,ETH,3,3,0,True,True,2024
2024-01-30,BTC,45,44,1,True,True,2024
2024-01-30,ETH,6,6,0,True,True,2024
2024-01-31,BTC,54,51,3,True,True,2024
2024-01-31,ETH,9,9,0,True,True,2024
2024-02-01,BTC,51,49,2,True,True,2024
2024-02-01,ETH,9,9,0,True,True,2024
2024-02-02,BTC,52,51,1,True,True,2024
2024-02-02,ETH,7,6,1,True,True,2024
2024-02-03,BTC,30,29,1,True,True,2024
2024-02-03,ETH,3,2,1,True,True,2024
2024-02-04,BTC,36,35,1,True,True,2024
2024-02-04,ETH,2,1,1,True,True,2024
2024-02-05,BTC,56,54,2,True,True,2024
2024-02-05,ETH,5,5,0,True,True,2024
2024-02-06,BTC,52,51,1,True,True,2024
2024-02-06,ETH,8,8,0,True,True,2024
2024-02-07,BTC,47,44,3,True,True,2024
2024-02-07,ETH,4,3,1,True,True,2024
2024-02-08,BTC,52,50,2,True,True,2024
2024-02-08,ETH,9,9,0,True,True,2024
2024-02-09,BTC,65,64,1,True,True,2024
2024-02-09,ETH,6,5,1,True,True,2024
2024-02-10,BTC,51,50,1,True,True,2024
2024-02-10,ETH,3,3,0,True,True,2024
2024-02-11,BTC,40,38,2,True,True,2024
2024-02-11,ETH,2,1,1,True,True,2024
2024-02-12,BTC,63,62,1,True,True,2024
2024-02-12,ETH,2,2,0,True,True,2024
2024-02-13,BTC,75,71,4,True,True,2024
2024-02-13,ETH,7,7,0,True,True,2024
2024-02-14,BTC,89,88,1,True,True,2024
2024-02-14,ETH,5,5,0,True,True,2024
2024-02-15,BTC,87,83,4,True,True,2024
2024-02-15,ETH,2,2,0,True,True,2024
2024-02-16,BTC,94,93,1,True,True,2024
2024-02-16,ETH,12,11,1,True,True,2024
2024-02-17,BTC,51,49,2,True,True,2024
2024-02-17,ETH,3,3,0,True,True,2024
2024-02-18,BTC,44,43,1,True,True,2024
2024-02-18,ETH,1,1,0,True,True,2024
2024-02-19,BTC,72,70,2,True,True,2024
2024-02-19,ETH,5,5,0,True,True,2024
2024-02-20,BTC,47,46,1,True,True,2024
2024-02-20,ETH,9,9,0,True,True,2024
2024-02-21,BTC,64,63,1,True,True,2024
2024-02-21,ETH,9,9,0,True,True,2024
2024-02-22,BTC,72,71,1,True,True,2024
2024-02-22,ETH,9,9,0,True,True,2024
2024-02-23,BTC,62,60,2,True,True,2024
2024-02-23,ETH,4,4,0,True,True,2024
2024-02-24,BTC,53,52,1,True,True,2024
2024-02-24,ETH,7,5,2,True,True,2024
2024-02-25,BTC,55,54,1,True,True,2024
2024-02-25,ETH,4,4,0,True,True,2024
2024-02-26,BTC,77,76,1,True,True,2024
2024-02-26,ETH,12,12,0,True,True,2024
2024-02-27,BTC,136,132,4,True,True,2024
2024-02-27,ETH,9,9,0,True,True,2024
2024-02-28,BTC,187,182,5,True,True,2024
2024-02-28,ETH,4,4,0,True,True,2024
2024-02-29,BTC,126,122,4,True,True,2024
2024-02-29,ETH,13,13,0,True,True,2024
2024-03-01,BTC,120,118,2,True,True,2024
2024-03-01,ETH,4,4,0,True,True,2024
2024-03-02,BTC,92,91,1,True,True,2024
2024-03-02,ETH,12,11,1,True,True,2024
2024-03-03,BTC,64,63,1,True,True,2024
2024-03-03,ETH,9,8,1,True,True,2024
2024-03-04,BTC,137,135,2,True,True,2024
2024-03-04,ETH,10,10,0,True,True,2024
2024-03-05,BTC,210,207,3,True,True,2024
2024-03-05,ETH,12,12,0,True,True,2024
2024-03-06,BTC,146,144,2,True,True,2024
2024-03-06,ETH,15,14,1,True,True,2024
2024-03-07,BTC,112,111,1,True,True,2024
2024-03-07,ETH,8,7,1,True,True,2024
2024-03-08,BTC,136,132,4,True,True,2024
2024-03-08,ETH,14,13,1,True,True,2024
2024-03-09,BTC,99,97,2,True,True,2024
2024-03-09,ETH,10,10,0,True,True,2024
2024-03-10,BTC,91,88,3,True,True,2024
2024-03-10,ETH,7,7,0,True,True,2024
2024-03-11,BTC,156,154,2,True,True,2024
2024-03-11,ETH,14,14,0,True,True,2024
2024-03-12,BTC,119,118,1,True,True,2024
2024-03-12,ETH,10,10,0,True,True,2024
2024-03-13,BTC,150,147,3,True,True,2024
2024-03-13,ETH,5,3,2,True,True,2024
2024-03-14,BTC,140,138,2,True,True,2024
2024-03-14,ETH,15,15,0,True,True,2024
2024-03-15,BTC,121,118,3,True,True,2024
2024-03-15,ETH,5,5,0,True,True,2024
2024-03-16,BTC,55,54,1,True,True,2024
2024-03-16,ETH,10,10,0,True,True,2024
2024-03-17,BTC,71,70,1,True,True,2024
2024-03-17,ETH,3,3,0,True,True,2024
2024-03-18,BTC,73,72,1,True,True,2024
2024-03-18,ETH,13,13,0,True,True,2024
2024-03-19,BTC,99,98,1,True,True,2024
2024-03-19,ETH,8,7,1,True,True,2024
2024-03-20,BTC,81,78,3,True,True,2024
2024-03-20,ETH,8,8,0,True,True,2024
2024-03-21,BTC,84,81,3,True,True,2024
2024-03-21,ETH,10,10,0,True,True,2024
2024-03-22,BTC,54,52,2,True,True,2024
2024-03-22,ETH,11,9,2,True,True,2024
2024-03-23,BTC,38,37,1,True,True,2024
2024-03-23,ETH,3,3,0,True,True,2024
2024-03-24,BTC,51,49,2,True,True,2024
2024-03-24,ETH,4,4,0,True,True,2024
2024-03-25,BTC,73,71,2,True,True,2024
2024-03-25,ETH,5,5,0,True,True,2024
2024-03-26,BTC,58,57,1,True,True,2024
2024-03-26,ETH,9,9,0,True,True,2024
2024-03-27,BTC,76,74,2,True,True,2024
2024-03-27,ETH,8,8,0,True,True,2024
2024-03-28,BTC,71,68,3,True,True,2024
2024-03-28,ETH,5,5,0,True,True,2024
2024-03-29,BTC,45,44,1,True,True,2024
2024-03-29,ETH,4,3,1,True,True,2024
2024-03-30,BTC,58,56,2,True,True,2024
2024-03-30,ETH,6,6,0,True,True,2024
2024-03-31,BTC,52,48,4,True,True,2024
2024-03-31,ETH,1,1,0,True,True,2024
2024-04-01,BTC,59,56,3,True,True,2024
2024-04-01,ETH,6,6,0,True,True,2024
2024-04-02,BTC,54,52,2,True,True,2024
2024-04-02,ETH,8,8,0,True,True,2024
2024-04-03,BTC,51,50,1,True,True,2024
2024-04-03,ETH,9,8,1,True,True,2024
2024-04-04,BTC,70,68,2,True,True,2024
2024-04-04,ETH,5,5,0,True,True,2024
2024-04-05,BTC,54,52,2,True,True,2024
2024-04-05,ETH,2,1,1,True,True,2024
2024-04-06,BTC,62,61,1,True,True,2024
2024-04-06,ETH,1,1,0,True,True,2024
2024-04-07,BTC,48,45,3,True,True,2024
2024-04-07,ETH,5,5,0,True,True,2024
2024-04-08,BTC,63,61,2,True,True,2024
2024-04-08,ETH,6,6,0,True,True,2024
2024-04-09,BTC,60,58,2,True,True,2024
2024-04-09,ETH,11,9,2,True,True,2024
2024-04-10,BTC,47,46,1,True,True,2024
2024-04-10,ETH,6,6,0,True,True,2024
2024-04-11,BTC,44,43,1,True,True,2024
2024-04-11,ETH,7,7,0,True,True,2024
2024-04-12,BTC,45,44,1,True,True,2024
2024-04-12,ETH,5,4,1,True,True,2024
2024-04-13,BTC,42,40,2,True,True,2024
2024-04-13,ETH,4,3,1,True,True,2024
2024-04-14,BTC,38,37,1,True,True,2024
2024-04-14,ETH,1,1,0,True,True,2024
2024-04-15,BTC,44,42,2,True,True,2024
2024-04-15,ETH,6,6,0,True,True,2024
2024-04-16,BTC,44,43,1,True,True,2024
2024-04-16,ETH,8,8,0,True,True,2024
2024-04-17,BTC,73,72,1,True,True,2024
2024-04-17,ETH,4,3,1,True,True,2024
2024-04-18,BTC,60,59,1,True,True,2024
2024-04-18,ETH,6,5,1,True,True,2024
2024-04-19,BTC,106,104,2,True,True,2024
2024-04-19,ETH,4,4,0,True,True,2024
2024-04-20,BTC,88,79,9,True,True,2024
2024-04-20,ETH,8,7,1,True,True,2024
2024-04-21,BTC,35,33,2,True,True,2024
2024-04-21,ETH,3,3,0,True,True,2024
2024-04-22,BTC,48,47,1,True,True,2024
2024-04-22,ETH,2,2,0,True,True,2024
2024-04-23,BTC,52,48,4,True,True,2024
2024-04-23,ETH,8,8,0,True,True,2024
2024-04-24,BTC,51,50,1,True,True,2024
2024-04-24,ETH,9,9,0,True,True,2024
2024-04-25,BTC,53,51,2,True,True,2024
2024-04-25,ETH,4,4,0,True,True,2024
2024-04-26,BTC,45,44,1,True,True,2024
2024-04-26,ETH,5,5,0,True,True,2024
2024-04-27,BTC,34,33,1,True,True,2024
2024-04-27,ETH,5,3,2,True,True,2024
2024-04-28,BTC,32,30,2,True,True,2024
2024-04-28,ETH,2,2,0,True,True,2024
2024-04-29,BTC,27,26,1,True,True,2024
2024-04-29,ETH,8,8,0,True,True,2024
2024-04-30,BTC,30,29,1,True,True,2024
2024-04-30,ETH,2,2,0,True,True,2024
2024-05-01,BTC,48,45,3,True,True,2024
2024-05-01,ETH,5,5,0,True,True,2024
2024-05-02,BTC,27,25,2,True,True,2024
2024-05-02,ETH,4,4,0,True,True,2024
2024-05-03,BTC,60,57,3,True,True,2024
2024-05-03,ETH,6,6,0,True,True,2024
2024-05-04,BTC,38,37,1,True,True,2024
2024-05-04,ETH,5,4,1,True,True,2024
2024-05-05,BTC,34,33,1,True,True,2024
2024-05-05,ETH,5,5,0,True,True,2024
2024-05-06,BTC,40,39,1,True,True,2024
2024-05-06,ETH,7,7,0,True,True,2024
2024-05-07,BTC,35,32,3,True,True,2024
2024-05-07,ETH,2,2,0,True,True,2024
2024-05-08,BTC,39,37,2,True,True,2024
2024-05-08,ETH,5,5,0,True,True,2024
2024-05-09,BTC,29,26,3,True,True,2024
2024-05-09,ETH,4,4,0,True,True,2024
2024-05-10,BTC,16,15,1,True,True,2024
2024-05-10,ETH,3,2,1,True,True,2024
2024-05-11,BTC,31,30,1,True,True,2024
2024-05-11,ETH,2,1,1,True,True,2024
2024-05-12,BTC,28,27,1,True,True,2024
2024-05-12,ETH,2,2,0,True,True,2024
2024-05-13,BTC,45,43,2,True,True,2024
2024-05-13,ETH,0,0,0,False,False,2024
2024-05-14,BTC,41,38,3,True,True,2024
2024-05-14,ETH,4,4,0,True,True,2024
2024-05-15,BTC,35,34,1,True,True,2024
2024-05-15,ETH,3,3,0,True,True,2024
2024-05-16,BTC,43,41,2,True,True,2024
2024-05-16,ETH,2,2,0,True,True,2024
2024-05-17,BTC,51,49,2,True,True,2024
2024-05-17,ETH,5,5,0,True,True,2024
2024-05-18,BTC,24,23,1,True,True,2024
2024-05-18,ETH,4,3,1,True,True,2024
2024-05-19,BTC,37,36,1,True,True,2024
2024-05-19,ETH,3,3,0,True,True,2024
2024-05-20,BTC,27,25,2,True,True,2024
2024-05-20,ETH,3,3,0,True,True,2024
2024-05-21,BTC,51,49,2,True,True,2024
2024-05-21,ETH,9,7,2,True,True,2024
2024-05-22,BTC,46,42,4,True,True,2024
2024-05-22,ETH,6,5,1,True,True,2024
2024-05-23,BTC,33,32,1,True,True,2024
2024-05-23,ETH,9,9,0,True,True,2024
2024-05-24,BTC,33,32,1,True,True,2024
2024-05-24,ETH,1,1,0,True,True,2024
2024-05-25,BTC,28,27,1,True,True,2024
2024-05-25,ETH,4,2,2,True,True,2024
2024-05-26,BTC,25,24,1,True,True,2024
2024-05-26,ETH,3,3,0,True,True,2024
2024-05-27,BTC,39,37,2,True,True,2024
2024-05-27,ETH,3,3,0,True,True,2024
2024-05-28,BTC,30,29,1,True,True,2024
2024-05-28,ETH,3,3,0,True,True,2024
2024-05-29,BTC,29,27,2,True,True,2024
2024-05-29,ETH,3,3,0,True,True,2024
2024-05-30,BTC,31,30,1,True,True,2024
2024-05-30,ETH,6,6,0,True,True,2024
2024-05-31,BTC,34,31,3,True,True,2024
2024-05-31,ETH,3,3,0,True,True,2024
2024-06-01,BTC,31,30,1,True,True,2024
2024-06-01,ETH,1,0,1,True,False,2024
2024-06-02,BTC,40,39,1,True,True,2024
2024-06-02,ETH,5,5,0,True,True,2024
2024-06-03,BTC,32,31,1,True,True,2024
2024-06-03,ETH,3,3,0,True,True,2024
2024-06-04,BTC,37,35,2,True,True,2024
2024-06-04,ETH,8,8,0,True,True,2024
2024-06-05,BTC,38,36,2,True,True,2024
2024-06-05,ETH,5,3,2,True,True,2024
2024-06-06,BTC,48,47,1,True,True,2024
2024-06-06,ETH,1,1,0,True,True,2024
2024-06-07,BTC,31,30,1,True,True,2024
2024-06-07,ETH,5,5,0,True,True,2024
2024-06-08,BTC,30,29,1,True,True,2024
2024-06-08,ETH,3,2,1,True,True,2024
2024-06-09,BTC,31,30,1,True,True,2024
2024-06-09,ETH,3,3,0,True,True,2024
2024-06-10,BTC,33,32,1,True,True,2024
2024-06-10,ETH,4,4,0,True,True,2024
2024-06-11,BTC,33,32,1,True,True,2024
2024-06-11,ETH,4,4,0,True,True,2024
2024-06-12,BTC,40,38,2,True,True,2024
2024-06-12,ETH,2,2,0,True,True,2024
2024-06-13,BTC,35,34,1,True,True,2024
2024-06-13,ETH,3,3,0,True,True,2024
2024-06-14,BTC,29,27,2,True,True,2024
2024-06-14,ETH,0,0,0,False,False,2024
2024-06-15,BTC,25,24,1,True,True,2024
2024-06-15,ETH,3,2,1,True,True,2024
2024-06-16,BTC,24,23,1,True,True,2024
2024-06-16,ETH,5,4,1,True,True,2024
2024-06-17,BTC,32,31,1,True,True,2024
2024-06-17,ETH,4,3,1,True,True,2024
2024-06-18,BTC,37,35,2,True,True,2024
2024-06-18,ETH,5,5,0,True,True,2024
2024-06-19,BTC,26,24,2,True,True,2024
2024-06-19,ETH,3,3,0,True,True,2024
2024-06-20,BTC,26,25,1,True,True,2024
2024-06-20,ETH,1,1,0,True,True,2024
2024-06-21,BTC,32,31,1,True,True,2024
2024-06-21,ETH,3,3,0,True,True,2024
2024-06-22,BTC,20,19,1,True,True,2024
2024-06-22,ETH,4,2,2,True,True,2024
2024-06-23,BTC,27,26,1,True,True,2024
2024-06-23,ETH,4,4,0,True,True,2024
2024-06-24,BTC,36,35,1,True,True,2024
2024-06-24,ETH,4,4,0,True,True,2024
2024-06-25,BTC,46,45,1,True,True,2024
2024-06-25,ETH,1,1,0,True,True,2024
2024-06-26,BTC,32,30,2,True,True,2024
2024-06-26,ETH,2,2,0,True,True,2024
2024-06-27,BTC,38,36,2,True,True,2024
2024-06-27,ETH,2,2,0,True,True,2024
2024-06-28,BTC,34,33,1,True,True,2024
2024-06-28,ETH,2,2,0,True,True,2024
2024-06-29,BTC,25,24,1,True,True,2024
2024-06-29,ETH,3,2,1,True,True,2024
2024-06-30,BTC,24,23,1,True,True,2024
2024-06-30,ETH,0,0,0,False,False,2024
2024-07-01,BTC,31,30,1,True,True,2024
2024-07-01,ETH,3,3,0,True,True,2024
2024-07-02,BTC,36,35,1,True,True,2024
2024-07-02,ETH,6,6,0,True,True,2024
2024-07-03,BTC,43,41,2,True,True,2024
2024-07-03,ETH,5,5,0,True,True,2024
2024-07-04,BTC,36,34,2,True,True,2024
2024-07-04,ETH,2,2,0,True,True,2024
2024-07-05,BTC,55,51,4,True,True,2024
2024-07-05,ETH,2,2,0,True,True,2024
2024-07-06,BTC,28,26,2,True,True,2024
2024-07-06,ETH,2,0,2,True,False,2024
2024-07-07,BTC,33,31,2,True,True,2024
2024-07-07,ETH,4,4,0,True,True,2024
2024-07-08,BTC,34,30,4,True,True,2024
2024-07-08,ETH,3,3,0,True,True,2024
2024-07-09,BTC,38,36,2,True,True,2024
2024-07-09,ETH,2,2,0,True,True,2024
2024-07-10,BTC,34,33,1,True,True,2024
2024-07-10,ETH,4,4,0,True,True,2024
2024-07-11,BTC,48,47,1,True,True,2024
2024-07-11,ETH,6,6,0,True,True,2024
2024-07-12,BTC,33,31,2,True,True,2024
2024-07-12,ETH,3,3,0,True,True,2024
2024-07-13,BTC,31,30,1,True,True,2024
2024-07-13,ETH,2,1,1,True,True,2024
2024-07-14,BTC,26,24,2,True,True,2024
2024-07-14,ETH,1,1,0,True,True,2024
2024-07-15,BTC,46,45,1,True,True,2024
2024-07-15,ETH,2,2,0,True,True,2024
2024-07-16,BTC,49,47,2,True,True,2024
2024-07-16,ETH,7,7,0,True,True,2024
2024-07-17,BTC,33,31,2,True,True,2024
2024-07-17,ETH,6,5,1,True,True,2024
2024-07-18,BTC,36,33,3,True,True,2024
2024-07-18,ETH,5,5,0,True,True,2024
2024-07-19,BTC,38,37,1,True,True,2024
2024-07-19,ETH,2,2,0,True,True,2024
2024-07-20,BTC,35,34,1,True,True,2024
2024-07-20,ETH,3,1,2,True,True,2024
2024-07-21,BTC,31,29,2,True,True,2024
2024-07-21,ETH,0,0,0,False,False,2024
2024-07-22,BTC,45,42,3,True,True,2024
2024-07-22,ETH,1,1,0,True,True,2024
2024-07-23,BTC,40,39,1,True,True,2024
2024-07-23,ETH,3,3,0,True,True,2024
2024-07-24,BTC,50,48,2,True,True,2024
2024-07-24,ETH,1,1,0,True,True,2024
2024-07-25,BTC,40,39,1,True,True,2024
2024-07-25,ETH,5,5,0,True,True,2024
2024-07-26,BTC,42,39,3,True,True,2024
2024-07-26,ETH,3,3,0,True,True,2024
2024-07-27,BTC,44,43,1,True,True,2024
2024-07-27,ETH,2,1,1,True,True,2024
2024-07-28,BTC,35,33,2,True,True,2024
2024-07-28,ETH,4,4,0,True,True,2024
2024-07-29,BTC,46,44,2,True,True,2024
2024-07-29,ETH,3,3,0,True,True,2024
2024-07-30,BTC,36,35,1,True,True,2024
2024-07-30,ETH,5,5,0,True,True,2024
2024-07-31,BTC,47,44,3,True,True,2024
2024-07-31,ETH,1,1,0,True,True,2024
2024-08-01,BTC,45,43,2,True,True,2024
2024-08-01,ETH,2,2,0,True,True,2024
2024-08-02,BTC,38,37,1,True,True,2024
2024-08-02,ETH,3,3,0,True,True,2024
2024-08-03,BTC,37,35,2,True,True,2024
2024-08-03,ETH,5,4,1,True,True,2024
2024-08-04,BTC,38,36,2,True,True,2024
2024-08-04,ETH,2,2,0,True,True,2024
2024-08-05,BTC,80,77,3,True,True,2024
2024-08-05,ETH,0,0,0,False,False,2024
2024-08-06,BTC,45,43,2,True,True,2024
2024-08-06,ETH,5,5,0,True,True,2024
2024-08-07,BTC,41,39,2,True,True,2024
2024-08-07,ETH,3,3,0,True,True,2024
2024-08-08,BTC,38,37,1,True,True,2024
2024-08-08,ETH,2,2,0,True,True,2024
2024-08-09,BTC,42,40,2,True,True,2024
2024-08-09,ETH,1,1,0,True,True,2024
2024-08-10,BTC,41,38,3,True,True,2024
2024-08-10,ETH,4,3,1,True,True,2024
2024-08-11,BTC,45,44,1,True,True,2024
2024-08-11,ETH,2,2,0,True,True,2024
2024-08-12,BTC,45,43,2,True,True,2024
2024-08-12,ETH,1,1,0,True,True,2024
2024-08-13,BTC,33,31,2,True,True,2024
2024-08-13,ETH,1,1,0,True,True,2024
2024-08-14,BTC,41,39,2,True,True,2024
2024-08-14,ETH,3,3,0,True,True,2024
2024-08-15,BTC,37,36,1,True,True,2024
2024-08-15,ETH,4,4,0,True,True,2024
2024-08-16,BTC,34,32,2,True,True,2024
2024-08-16,ETH,2,2,0,True,True,2024
2024-08-17,BTC,24,22,2,True,True,2024
2024-08-17,ETH,3,2,1,True,True,2024
2024-08-18,BTC,31,29,2,True,True,2024
2024-08-18,ETH,3,3,0,True,True,2024
2024-08-19,BTC,43,41,2,True,True,2024
2024-08-19,ETH,5,5,0,True,True,2024
2024-08-20,BTC,34,33,1,True,True,2024
2024-08-20,ETH,3,3,0,True,True,2024
2024-08-21,BTC,45,43,2,True,True,2024
2024-08-21,ETH,1,0,1,True,False,2024
2024-08-22,BTC,30,28,2,True,True,2024
2024-08-22,ETH,2,2,0,True,True,2024
2024-08-23,BTC,44,41,3,True,True,2024
2024-08-23,ETH,3,3,0,True,True,2024
2024-08-24,BTC,38,37,1,True,True,2024
2024-08-24,ETH,3,3,0,True,True,2024
2024-08-25,BTC,43,41,2,True,True,2024
2024-08-25,ETH,1,1,0,True,True,2024
2024-08-26,BTC,42,40,2,True,True,2024
2024-08-26,ETH,3,3,0,True,True,2024
2024-08-27,BTC,45,44,1,True,True,2024
2024-08-27,ETH,4,4,0,True,True,2024
2024-08-28,BTC,43,41,2,True,True,2024
2024-08-28,ETH,0,0,0,False,False,2024
2024-08-29,BTC,42,41,1,True,True,2024
2024-08-29,ETH,5,5,0,True,True,2024
2024-08-30,BTC,36,33,3,True,True,2024
2024-08-30,ETH,0,0,0,False,False,2024
2024-08-31,BTC,31,30,1,True,True,2024
2024-08-31,ETH,2,1,1,True,True,2024
2024-09-01,BTC,28,27,1,True,True,2024
2024-09-01,ETH,0,0,0,False,False,2024
2024-09-02,BTC,21,19,2,True,True,2024
2024-09-02,ETH,2,2,0,True,True,2024
2024-09-03,BTC,37,36,1,True,True,2024
2024-09-03,ETH,8,8,0,True,True,2024
2024-09-04,BTC,32,29,3,True,True,2024
2024-09-04,ETH,5,5,0,True,True,2024
2024-09-05,BTC,42,39,3,True,True,2024
2024-09-05,ETH,5,5,0,True,True,2024
2024-09-06,BTC,47,42,5,True,True,2024
2024-09-06,ETH,1,1,0,True,True,2024
2024-09-07,BTC,41,40,1,True,True,2024
2024-09-07,ETH,2,1,1,True,True,2024
2024-09-08,BTC,29,28,1,True,True,2024
2024-09-08,ETH,3,2,1,True,True,2024
2024-09-09,BTC,46,43,3,True,True,2024
2024-09-09,ETH,5,5,0,True,True,2024
2024-09-10,BTC,36,35,1,True,True,2024
2024-09-10,ETH,2,1,1,True,True,2024
2024-09-11,BTC,29,27,2,True,True,2024
2024-09-11,ETH,1,1,0,True,True,2024
2024-09-12,BTC,43,41,2,True,True,2024
2024-09-12,ETH,4,4,0,True,True,2024
2024-09-13,BTC,39,37,2,True,True,2024
2024-09-13,ETH,2,2,0,True,True,2024
2024-09-14,BTC,27,26,1,True,True,2024
2024-09-14,ETH,3,3,0,True,True,2024
2024-09-15,BTC,25,23,2,True,True,2024
2024-09-15,ETH,3,2,1,True,True,2024
2024-09-16,BTC,30,27,3,True,True,2024
2024-09-16,ETH,4,4,0,True,True,2024
2024-09-17,BTC,38,36,2,True,True,2024
2024-09-17,ETH,1,1,0,True,True,2024
2024-09-18,BTC,38,36,2,True,True,2024
2024-09-18,ETH,3,2,1,True,True,2024
2024-09-19,BTC,43,41,2,True,True,2024
2024-09-19,ETH,2,2,0,True,True,2024
2024-09-20,BTC,35,33,2,True,True,2024
2024-09-20,ETH,5,5,0,True,True,2024
2024-09-21,BTC,19,18,1,True,True,2024
2024-09-21,ETH,2,1,1,True,True,2024
2024-09-22,BTC,27,25,2,True,True,2024
2024-09-22,ETH,2,2,0,True,True,2024
2024-09-23,BTC,30,27,3,True,True,2024
2024-09-23,ETH,1,1,0,True,True,2024
2024-09-24,BTC,34,33,1,True,True,2024
2024-09-24,ETH,3,3,0,True,True,2024
2024-09-25,BTC,45,41,4,True,True,2024
2024-09-25,ETH,3,3,0,True,True,2024
2024-09-26,BTC,45,44,1,True,True,2024
2024-09-26,ETH,2,2,0,True,True,2024
2024-09-27,BTC,36,34,2,True,True,2024
2024-09-27,ETH,2,2,0,True,True,2024
2024-09-28,BTC,23,21,2,True,True,2024
2024-09-28,ETH,3,3,0,True,True,2024
2024-09-29,BTC,23,22,1,True,True,2024
2024-09-29,ETH,5,5,0,True,True,2024
2024-09-30,BTC,47,45,2,True,True,2024
2024-09-30,ETH,6,6,0,True,True,2024
2024-10-01,BTC,35,33,2,True,True,2024
2024-10-01,ETH,1,1,0,True,True,2024
2024-10-02,BTC,31,29,2,True,True,2024
2024-10-02,ETH,1,1,0,True,True,2024
2024-10-03,BTC,35,33,2,True,True,2024
2024-10-03,ETH,0,0,0,False,False,2024
2024-10-04,BTC,32,30,2,True,True,2024
2024-10-04,ETH,3,3,0,True,True,2024
2024-10-05,BTC,33,30,3,True,True,2024
2024-10-05,ETH,4,3,1,True,True,2024
2024-10-06,BTC,27,26,1,True,True,2024
2024-10-06,ETH,3,3,0,True,True,2024
2024-10-07,BTC,35,31,4,True,True,2024
2024-10-07,ETH,2,2,0,True,True,2024
2024-10-08,BTC,30,27,3,True,True,2024
2024-10-08,ETH,5,5,0,True,True,2024
2024-10-09,BTC,26,24,2,True,True,2024
2024-10-09,ETH,4,4,0,True,True,2024
2024-10-10,BTC,36,35,1,True,True,2024
2024-10-10,ETH,4,4,0,True,True,2024
2024-10-11,BTC,39,38,1,True,True,2024
2024-10-11,ETH,5,4,1,True,True,2024
2024-10-12,BTC,25,23,2,True,True,2024
2024-10-12,ETH,5,5,0,True,True,2024
2024-10-13,BTC,39,37,2,True,True,2024
2024-10-13,ETH,3,3,0,True,True,2024
2024-10-14,BTC,27,24,3,True,True,2024
2024-10-14,ETH,1,1,0,True,True,2024
2024-10-15,BTC,39,37,2,True,True,2024
2024-10-15,ETH,3,3,0,True,True,2024
2024-10-16,BTC,36,34,2,True,True,2024
2024-10-16,ETH,7,7,0,True,True,2024
2024-10-17,BTC,30,29,1,True,True,2024
2024-10-17,ETH,7,6,1,True,True,2024
2024-10-18,BTC,33,30,3,True,True,2024
2024-10-18,ETH,6,5,1,True,True,2024
2024-10-19,BTC,38,36,2,True,True,2024
2024-10-19,ETH,2,2,0,True,True,2024
2024-10-20,BTC,31,29,2,True,True,2024
2024-10-20,ETH,3,3,0,True,True,2024
2024-10-21,BTC,42,40,2,True,True,2024
2024-10-21,ETH,4,4,0,True,True,2024
2024-10-22,BTC,42,41,1,True,True,2024
2024-10-22,ETH,7,6,1,True,True,2024
2024-10-23,BTC,27,25,2,True,True,2024
2024-10-23,ETH,2,2,0,True,True,2024
2024-10-24,BTC,41,40,1,True,True,2024
2024-10-24,ETH,4,4,0,True,True,2024
2024-10-25,BTC,32,31,1,True,True,2024
2024-10-25,ETH,2,2,0,True,True,2024
2024-10-26,BTC,20,18,2,True,True,2024
2024-10-26,ETH,4,3,1,True,True,2024
2024-10-27,BTC,21,19,2,True,True,2024
2024-10-27,ETH,3,3,0,True,True,2024
2024-10-28,BTC,36,35,1,True,True,2024
2024-10-28,ETH,2,2,0,True,True,2024
2024-10-29,BTC,74,68,6,True,True,2024
2024-10-29,ETH,7,7,0,True,True,2024
2024-10-30,BTC,44,41,3,True,True,2024
2024-10-30,ETH,8,8,0,True,True,2024
2024-10-31,BTC,57,54,3,True,True,2024
2024-10-31,ETH,5,5,0,True,True,2024
2024-11-01,BTC,46,44,2,True,True,2024
2024-11-01,ETH,7,7,0,True,True,2024
2024-11-02,BTC,31,30,1,True,True,2024
2024-11-02,ETH,3,2,1,True,True,2024
2024-11-03,BTC,34,32,2,True,True,2024
2024-11-03,ETH,2,2,0,True,True,2024
2024-11-04,BTC,36,34,2,True,True,2024
2024-11-04,ETH,3,3,0,True,True,2024
2024-11-05,BTC,40,39,1,True,True,2024
2024-11-05,ETH,6,5,1,True,True,2024
2024-11-06,BTC,74,69,5,True,True,2024
2024-11-06,ETH,4,3,1,True,True,2024
2024-11-07,BTC,62,58,4,True,True,2024
2024-11-07,ETH,6,6,0,True,True,2024
2024-11-08,BTC,59,58,1,True,True,2024
2024-11-08,ETH,11,10,1,True,True,2024
2024-11-09,BTC,52,50,2,True,True,2024
2024-11-09,ETH,4,4,0,True,True,2024
2024-11-10,BTC,133,124,9,True,True,2024
2024-11-10,ETH,3,3,0,True,True,2024
2024-11-11,BTC,207,204,3,True,True,2024
2024-11-11,ETH,3,3,0,True,True,2024
2024-11-12,BTC,186,179,7,True,True,2024
2024-11-12,ETH,9,8,1,True,True,2024
2024-11-13,BTC,145,141,4,True,True,2024
2024-11-13,ETH,8,8,0,True,True,2024
2024-11-14,BTC,110,105,5,True,True,2024
2024-11-14,ETH,7,7,0,True,True,2024
2024-11-15,BTC,73,70,3,True,True,2024
2024-11-15,ETH,7,7,0,True,True,2024
2024-11-16,BTC,71,68,3,True,True,2024
2024-11-16,ETH,4,3,1,True,True,2024
2024-11-17,BTC,62,60,2,True,True,2024
2024-11-17,ETH,3,3,0,True,True,2024
2024-11-18,BTC,71,70,1,True,True,2024
2024-11-18,ETH,6,6,0,True,True,2024
2024-11-19,BTC,92,90,2,True,True,2024
2024-11-19,ETH,12,11,1,True,True,2024
2024-11-20,BTC,91,87,4,True,True,2024
2024-11-20,ETH,4,4,0,True,True,2024
2024-11-21,BTC,182,176,6,True,True,2024
2024-11-21,ETH,7,7,0,True,True,2024
2024-11-22,BTC,159,155,4,True,True,2024
2024-11-22,ETH,11,9,2,True,True,2024
2024-11-23,BTC,86,82,4,True,True,2024
2024-11-23,ETH,2,2,0,True,True,2024
2024-11-24,BTC,88,84,4,True,True,2024
2024-11-24,ETH,6,6,0,True,True,2024
2024-11-25,BTC,72,69,3,True,True,2024
2024-11-25,ETH,9,9,0,True,True,2024
2024-11-26,BTC,94,91,3,True,True,2024
2024-11-26,ETH,11,10,1,True,True,2024
2024-11-27,BTC,97,95,2,True,True,2024
2024-11-27,ETH,7,7,0,True,True,2024
2024-11-28,BTC,90,89,1,True,True,2024
2024-11-28,ETH,4,4,0,True,True,2024
2024-11-29,BTC,76,74,2,True,True,2024
2024-11-29,ETH,12,11,1,True,True,2024
2024-11-30,BTC,66,63,3,True,True,2024
2024-11-30,ETH,3,3,0,True,True,2024
2024-12-01,BTC,59,58,1,True,True,2024
2024-12-01,ETH,7,7,0,True,True,2024
2024-12-02,BTC,62,61,1,True,True,2024
2024-12-02,ETH,7,7,0,True,True,2024
2024-12-03,BTC,69,68,1,True,True,2024
2024-12-03,ETH,7,6,1,True,True,2024
2024-12-04,BTC,73,71,2,True,True,2024
2024-12-04,ETH,10,10,0,True,True,2024
2024-12-05,BTC,540,483,57,True,True,2024
2024-12-05,ETH,8,8,0,True,True,2024
2024-12-06,BTC,132,128,4,True,True,2024
2024-12-06,ETH,3,3,0,True,True,2024
2024-12-07,BTC,66,64,2,True,True,2024
2024-12-07,ETH,5,4,1,True,True,2024
2024-12-08,BTC,88,83,5,True,True,2024
2024-12-08,ETH,8,8,0,True,True,2024
2024-12-09,BTC,69,66,3,True,True,2024
2024-12-09,ETH,5,5,0,True,True,2024
2024-12-10,BTC,91,87,4,True,True,2024
2024-12-10,ETH,11,11,0,True,True,2024
2024-12-11,BTC,89,83,6,True,True,2024
2024-12-11,ETH,6,6,0,True,True,2024
2024-12-12,BTC,97,94,3,True,True,2024
2024-12-12,ETH,10,10,0,True,True,2024
2024-12-13,BTC,82,80,2,True,True,2024
2024-12-13,ETH,5,5,0,True,True,2024
2024-12-14,BTC,75,74,1,True,True,2024
2024-12-14,ETH,6,5,1,True,True,2024
2024-12-15,BTC,98,95,3,True,True,2024
2024-12-15,ETH,9,9,0,True,True,2024
2024-12-16,BTC,112,108,4,True,True,2024
2024-12-16,ETH,6,6,0,True,True,2024
2024-12-17,BTC,81,77,4,True,True,2024
2024-12-17,ETH,10,9,1,True,True,2024
2024-12-18,BTC,88,84,4,True,True,2024
2024-12-18,ETH,2,2,0,True,True,2024
2024-12-19,BTC,99,96,3,True,True,2024
2024-12-19,ETH,6,6,0,True,True,2024
2024-12-20,BTC,97,93,4,True,True,2024
2024-12-20,ETH,3,3,0,True,True,2024
2024-12-21,BTC,56,53,3,True,True,2024
2024-12-21,ETH,6,5,1,True,True,2024
2024-12-22,BTC,59,56,3,True,True,2024
2024-12-22,ETH,2,2,0,True,True,2024
2024-12-23,BTC,64,61,3,True,True,2024
2024-12-23,ETH,7,7,0,True,True,2024
2024-12-24,BTC,59,54,5,True,True,2024
2024-12-24,ETH,8,7,1,True,True,2024
2024-12-25,BTC,82,76,6,True,True,2024
2024-12-25,ETH,5,5,0,True,True,2024
2024-12-26,BTC,62,61,1,True,True,2024
2024-12-26,ETH,5,5,0,True,True,2024
2024-12-27,BTC,55,53,2,True,True,2024
2024-12-27,ETH,3,2,1,True,True,2024
2024-12-28,BTC,47,44,3,True,True,2024
2024-12-28,ETH,6,6,0,True,True,2024
2024-12-29,BTC,71,69,2,True,True,2024
2024-12-29,ETH,11,11,0,True,True,2024
2024-12-30,BTC,67,64,3,True,True,2024
2024-12-30,ETH,2,2,0,True,True,2024
2024-12-31,BTC,71,70,1,True,True,2024
2024-12-31,ETH,6,5,1,True,True,2024
2025-01-01,BTC,60,57,3,True,True,2025
2025-01-01,ETH,2,2,0,True,True,2025
2025-01-02,BTC,62,59,3,True,True,2025
2025-01-02,ETH,8,7,1,True,True,2025
2025-01-03,BTC,70,68,2,True,True,2025
2025-01-03,ETH,3,3,0,True,True,2025
2025-01-04,BTC,64,62,2,True,True,2025
2025-01-04,ETH,4,4,0,True,True,2025
2025-01-05,BTC,80,79,1,True,True,2025
2025-01-05,ETH,8,8,0,True,True,2025
2025-01-06,BTC,76,74,2,True,True,2025
2025-01-06,ETH,8,7,1,True,True,2025
2025-01-07,BTC,74,72,2,True,True,2025
2025-01-07,ETH,8,5,3,True,True,2025
2025-01-08,BTC,69,67,2,True,True,2025
2025-01-08,ETH,6,6,0,True,True,2025
2025-01-09,BTC,67,65,2,True,True,2025
2025-01-09,ETH,6,6,0,True,True,2025
2025-01-10,BTC,58,55,3,True,True,2025
2025-01-10,ETH,4,4,0,True,True,2025
2025-01-11,BTC,45,42,3,True,True,2025
2025-01-11,ETH,8,8,0,True,True,2025
2025-01-12,BTC,47,44,3,True,True,2025
2025-01-12,ETH,4,3,1,True,True,2025
2025-01-13,BTC,45,42,3,True,True,2025
2025-01-13,ETH,8,8,0,True,True,2025
2025-01-14,BTC,55,54,1,True,True,2025
2025-01-14,ETH,11,11,0,True,True,2025
2025-01-15,BTC,49,47,2,True,True,2025
2025-01-15,ETH,7,7,0,True,True,2025
2025-01-16,BTC,73,71,2,True,True,2025
2025-01-16,ETH,7,7,0,True,True,2025
2025-01-17,BTC,61,57,4,True,True,2025
2025-01-17,ETH,7,7,0,True,True,2025
2025-01-18,BTC,43,40,3,True,True,2025
2025-01-18,ETH,7,7,0,True,True,2025
2025-01-19,BTC,55,52,3,True,True,2025
2025-01-19,ETH,11,10,1,True,True,2025
2025-01-20,BTC,68,63,5,True,True,2025
2025-01-20,ETH,9,9,0,True,True,2025
2025-01-21,BTC,54,51,3,True,True,2025
2025-01-21,ETH,10,10,0,True,True,2025
2025-01-22,BTC,64,62,2,True,True,2025
2025-01-22,ETH,9,9,0,True,True,2025
2025-01-23,BTC,57,55,2,True,True,2025
2025-01-23,ETH,17,17,0,True,True,2025
2025-01-24,BTC,58,56,2,True,True,2025
2025-01-24,ETH,7,7,0,True,True,2025
2025-01-25,BTC,36,34,2,True,True,2025
2025-01-25,ETH,5,4,1,True,True,2025
2025-01-26,BTC,55,53,2,True,True,2025
2025-01-26,ETH,7,6,1,True,True,2025
2025-01-27,BTC,69,66,3,True,True,2025
2025-01-27,ETH,4,4,0,True,True,2025
2025-01-28,BTC,51,48,3,True,True,2025
2025-01-28,ETH,4,4,0,True,True,2025
2025-01-29,BTC,51,49,2,True,True,2025
2025-01-29,ETH,6,6,0,True,True,2025
2025-01-30,BTC,77,75,2,True,True,2025
2025-01-30,ETH,6,6,0,True,True,2025
2025-01-31,BTC,57,55,2,True,True,2025
2025-01-31,ETH,5,5,0,True,True,2025
2025-02-01,BTC,50,49,1,True,True,2025
2025-02-01,ETH,6,6,0,True,True,2025
2025-02-02,BTC,71,69,2,True,True,2025
2025-02-02,ETH,3,2,1,True,True,2025
2025-02-03,BTC,84,79,5,True,True,2025
2025-02-03,ETH,6,6,0,True,True,2025
2025-02-04,BTC,45,42,3,True,True,2025
2025-02-04,ETH,6,6,0,True,True,2025
2025-02-05,BTC,56,55,1,True,True,2025
2025-02-05,ETH,9,9,0,True,True,2025
2025-02-06,BTC,75,69,6,True,True,2025
2025-02-06,ETH,4,4,0,True,True,2025
2025-02-07,BTC,62,60,2,True,True,2025
2025-02-07,ETH,7,7,0,True,True,2025
2025-02-08,BTC,46,44,2,True,True,2025
2025-02-08,ETH,3,3,0,True,True,2025
2025-02-09,BTC,41,40,1,True,True,2025
2025-02-09,ETH,2,1,1,True,True,2025
2025-02-10,BTC,50,48,2,True,True,2025
2025-02-10,ETH,5,5,0,True,True,2025
2025-02-11,BTC,49,47,2,True,True,2025
2025-02-11,ETH,4,4,0,True,True,2025
2025-02-12,BTC,45,43,2,True,True,2025
2025-02-12,ETH,7,7,0,True,True,2025
2025-02-13,BTC,43,40,3,True,True,2025
2025-02-13,ETH,10,10,0,True,True,2025
2025-02-14,BTC,51,50,1,True,True,2025
2025-02-14,ETH,12,11,1,True,True,2025
2025-02-15,BTC,56,54,2,True,True,2025
2025-02-15,ETH,4,4,0,True,True,2025
2025-02-16,BTC,42,40,2,True,True,2025
2025-02-16,ETH,5,4,1,True,True,2025
2025-02-17,BTC,54,50,4,True,True,2025
2025-02-17,ETH,10,10,0,True,True,2025
2025-02-18,BTC,47,46,1,True,True,2025
2025-02-18,ETH,6,6,0,True,True,2025
2025-02-19,BTC,43,41,2,True,True,2025
2025-02-19,ETH,5,5,0,True,True,2025
2025-02-20,BTC,36,33,3,True,True,2025
2025-02-20,ETH,9,9,0,True,True,2025
2025-02-21,BTC,47,44,3,True,True,2025
2025-02-21,ETH,9,8,1,True,True,2025
2025-02-22,BTC,37,36,1,True,True,2025
2025-02-22,ETH,4,4,0,True,True,2025
2025-02-23,BTC,50,47,3,True,True,2025
2025-02-23,ETH,10,9,1,True,True,2025
2025-02-24,BTC,62,58,4,True,True,2025
2025-02-24,ETH,9,9,0,True,True,2025
2025-02-25,BTC,88,81,7,True,True,2025
2025-02-25,ETH,13,12,1,True,True,2025
2025-02-26,BTC,75,70,5,True,True,2025
2025-02-26,ETH,9,9,0,True,True,2025
2025-02-27,BTC,69,66,3,True,True,2025
2025-02-27,ETH,7,7,0,True,True,2025
2025-02-28,BTC,108,105,3,True,True,2025
2025-02-28,ETH,8,8,0,True,True,2025
2025-03-01,BTC,48,46,2,True,True,2025
2025-03-01,ETH,2,2,0,True,True,2025
2025-03-02,BTC,66,63,3,True,True,2025
2025-03-02,ETH,7,6,1,True,True,2025
2025-03-03,BTC,56,51,5,True,True,2025
2025-03-03,ETH,11,11,0,True,True,2025
2025-03-04,BTC,58,55,3,True,True,2025
2025-03-04,ETH,10,10,0,True,True,2025
2025-03-05,BTC,37,35,2,True,True,2025
2025-03-05,ETH,12,12,0,True,True,2025
2025-03-06,BTC,58,56,2,True,True,2025
2025-03-06,ETH,7,7,0,True,True,2025
2025-03-07,BTC,65,62,3,True,True,2025
2025-03-07,ETH,6,6,0,True,True,2025
2025-03-08,BTC,58,57,1,True,True,2025
2025-03-08,ETH,6,6,0,True,True,2025
2025-03-09,BTC,64,62,2,True,True,2025
2025-03-09,ETH,4,3,1,True,True,2025
2025-03-10,BTC,75,71,4,True,True,2025
2025-03-10,ETH,10,10,0,True,True,2025
2025-03-11,BTC,54,49,5,True,True,2025
2025-03-11,ETH,7,7,0,True,True,2025
2025-03-12,BTC,59,54,5,True,True,2025
2025-03-12,ETH,7,6,1,True,True,2025
2025-03-13,BTC,45,43,2,True,True,2025
2025-03-13,ETH,8,8,0,True,True,2025
2025-03-14,BTC,52,49,3,True,True,2025
2025-03-14,ETH,9,9,0,True,True,2025
2025-03-15,BTC,39,35,4,True,True,2025
2025-03-15,ETH,2,2,0,True,True,2025
2025-03-16,BTC,40,39,1,True,True,2025
2025-03-16,ETH,4,3,1,True,True,2025
2025-03-17,BTC,51,50,1,True,True,2025
2025-03-17,ETH,9,9,0,True,True,2025
2025-03-18,BTC,53,50,3,True,True,2025
2025-03-18,ETH,8,8,0,True,True,2025
2025-03-19,BTC,45,41,4,True,True,2025
2025-03-19,ETH,8,8,0,True,True,2025
2025-03-20,BTC,47,45,2,True,True,2025
2025-03-20,ETH,6,6,0,True,True,2025
2025-03-21,BTC,47,44,3,True,True,2025
2025-03-21,ETH,7,7,0,True,True,2025
2025-03-22,BTC,50,48,2,True,True,2025
2025-03-22,ETH,4,4,0,True,True,2025
2025-03-23,BTC,41,40,1,True,True,2025
2025-03-23,ETH,3,2,1,True,True,2025
2025-03-24,BTC,39,36,3,True,True,2025
2025-03-24,ETH,6,6,0,True,True,2025
2025-03-25,BTC,47,46,1,True,True,2025
2025-03-25,ETH,6,6,0,True,True,2025
2025-03-26,BTC,41,40,1,True,True,2025
2025-03-26,ETH,7,7,0,True,True,2025
2025-03-27,BTC,41,40,1,True,True,2025
2025-03-27,ETH,6,6,0,True,True,2025
2025-03-28,BTC,33,31,2,True,True,2025
2025-03-28,ETH,8,8,0,True,True,2025
2025-03-29,BTC,35,34,1,True,True,2025
2025-03-29,ETH,4,4,0,True,True,2025
2025-03-30,BTC,24,23,1,True,True,2025
2025-03-30,ETH,4,3,1,True,True,2025
2025-03-31,BTC,38,36,2,True,True,2025
2025-03-31,ETH,8,8,0,True,True,2025
2025-04-01,BTC,46,44,2,True,True,2025
2025-04-01,ETH,4,4,0,True,True,2025
2025-04-02,BTC,46,43,3,True,True,2025
2025-04-02,ETH,7,7,0,True,True,2025
2025-04-03,BTC,42,39,3,True,True,2025
2025-04-03,ETH,10,10,0,True,True,2025
2025-04-04,BTC,45,41,4,True,True,2025
2025-04-04,ETH,9,8,1,True,True,2025
2025-04-05,BTC,34,33,1,True,True,2025
2025-04-05,ETH,2,2,0,True,True,2025
2025-04-06,BTC,40,39,1,True,True,2025
2025-04-06,ETH,4,3,1,True,True,2025
2025-04-07,BTC,62,58,4,True,True,2025
2025-04-07,ETH,5,5,0,True,True,2025
2025-04-08,BTC,37,36,1,True,True,2025
2025-04-08,ETH,5,5,0,True,True,2025
2025-04-09,BTC,51,49,2,True,True,2025
2025-04-09,ETH,9,9,0,True,True,2025
2025-04-10,BTC,44,42,2,True,True,2025
2025-04-10,ETH,8,7,1,True,True,2025
2025-04-11,BTC,48,46,2,True,True,2025
2025-04-11,ETH,4,4,0,True,True,2025
2025-04-12,BTC,38,35,3,True,True,2025
2025-04-12,ETH,4,3,1,True,True,2025
2025-04-13,BTC,27,23,4,True,True,2025
2025-04-13,ETH,4,3,1,True,True,2025
2025-04-14,BTC,42,39,3,True,True,2025
2025-04-14,ETH,6,6,0,True,True,2025
2025-04-15,BTC,56,53,3,True,True,2025
2025-04-15,ETH,5,4,1,True,True,2025
2025-04-16,BTC,49,47,2,True,True,2025
2025-04-16,ETH,6,6,0,True,True,2025
2025-04-17,BTC,41,38,3,True,True,2025
2025-04-17,ETH,4,4,0,True,True,2025
2025-04-18,BTC,34,32,2,True,True,2025
2025-04-18,ETH,6,6,0,True,True,2025
2025-04-19,BTC,41,39,2,True,True,2025
2025-04-19,ETH,3,3,0,True,True,2025
2025-04-20,BTC,24,23,1,True,True,2025
2025-04-20,ETH,4,3,1,True,True,2025
2025-04-21,BTC,46,43,3,True,True,2025
2025-04-21,ETH,1,1,0,True,True,2025
2025-04-22,BTC,48,45,3,True,True,2025
2025-04-22,ETH,4,4,0,True,True,2025
2025-04-23,BTC,45,41,4,True,True,2025
2025-04-23,ETH,5,5,0,True,True,2025
2025-04-24,BTC,40,38,2,True,True,2025
2025-04-24,ETH,7,7,0,True,True,2025
2025-04-25,BTC,52,49,3,True,True,2025
2025-04-25,ETH,4,4,0,True,True,2025
2025-04-26,BTC,39,37,2,True,True,2025
2025-04-26,ETH,3,3,0,True,True,2025
2025-04-27,BTC,42,40,2,True,True,2025
2025-04-27,ETH,5,4,1,True,True,2025
2025-04-28,BTC,48,45,3,True,True,2025
2025-04-28,ETH,7,7,0,True,True,2025
2025-04-29,BTC,46,43,3,True,True,2025
2025-04-29,ETH,6,6,0,True,True,2025
2025-04-30,BTC,51,48,3,True,True,2025
2025-04-30,ETH,6,5,1,True,True,2025
2025-05-01,BTC,58,56,2,True,True,2025
2025-05-01,ETH,4,4,0,True,True,2025
2025-05-02,BTC,53,50,3,True,True,2025
2025-05-02,ETH,3,3,0,True,True,2025
2025-05-03,BTC,38,37,1,True,True,2025
2025-05-03,ETH,3,3,0,True,True,2025
2025-05-04,BTC,34,32,2,True,True,2025
2025-05-04,ETH,3,2,1,True,True,2025
2025-05-05,BTC,41,39,2,True,True,2025
2025-05-05,ETH,4,4,0,True,True,2025
2025-05-06,BTC,44,41,3,True,True,2025
2025-05-06,ETH,3,3,0,True,True,2025
2025-05-07,BTC,54,51,3,True,True,2025
2025-05-07,ETH,5,5,0,True,True,2025
2025-05-08,BTC,123,115,8,True,True,2025
2025-05-08,ETH,10,10,0,True,True,2025
2025-05-09,BTC,92,87,5,True,True,2025
2025-05-09,ETH,2,2,0,True,True,2025
2025-05-10,BTC,62,61,1,True,True,2025
2025-05-10,ETH,4,4,0,True,True,2025
2025-05-11,BTC,49,46,3,True,True,2025
2025-05-11,ETH,8,7,1,True,True,2025
2025-05-12,BTC,66,64,2,True,True,2025
2025-05-12,ETH,2,2,0,True,True,2025
2025-05-13,BTC,53,51,2,True,True,2025
2025-05-13,ETH,5,5,0,True,True,2025
2025-05-14,BTC,54,49,5,True,True,2025
2025-05-14,ETH,6,6,0,True,True,2025
2025-05-15,BTC,55,52,3,True,True,2025
2025-05-15,ETH,11,11,0,True,True,2025
2025-05-16,BTC,47,45,2,True,True,2025
2025-05-16,ETH,3,3,0,True,True,2025
2025-05-17,BTC,57,54,3,True,True,2025
2025-05-17,ETH,4,4,0,True,True,2025
2025-05-18,BTC,56,54,2,True,True,2025
2025-05-18,ETH,3,2,1,True,True,2025
2025-05-19,BTC,54,50,4,True,True,2025
2025-05-19,ETH,4,4,0,True,True,2025
2025-05-20,BTC,53,50,3,True,True,2025
2025-05-20,ETH,5,5,0,True,True,2025
2025-05-21,BTC,96,92,4,True,True,2025
2025-05-21,ETH,3,3,0,True,True,2025
2025-05-22,BTC,121,112,9,True,True,2025
2025-05-22,ETH,5,5,0,True,True,2025
2025-05-23,BTC,65,62,3,True,True,2025
2025-05-23,ETH,6,6,0,True,True,2025
2025-05-24,BTC,48,46,2,True,True,2025
2025-05-24,ETH,4,4,0,True,True,2025
2025-05-25,BTC,73,71,2,True,True,2025
2025-05-25,ETH,2,1,1,True,True,2025
2025-05-26,BTC,48,46,2,True,True,2025
2025-05-26,ETH,3,2,1,True,True,2025
2025-05-27,BTC,78,73,5,True,True,2025
2025-05-27,ETH,3,3,0,True,True,2025
2025-05-28,BTC,61,59,2,True,True,2025
2025-05-28,ETH,4,4,0,True,True,2025
2025-05-29,BTC,80,76,4,True,True,2025
2025-05-29,ETH,6,6,0,True,True,2025
2025-05-30,BTC,47,44,3,True,True,2025
2025-05-30,ETH,6,6,0,True,True,2025
2025-05-31,BTC,33,32,1,True,True,2025
2025-05-31,ETH,3,3,0,True,True,2025
2025-06-01,BTC,52,51,1,True,True,2025
2025-06-01,ETH,2,1,1,True,True,2025
2025-06-02,BTC,47,44,3,True,True,2025
2025-06-02,ETH,3,3,0,True,True,2025
2025-06-03,BTC,49,45,4,True,True,2025
2025-06-03,ETH,6,6,0,True,True,2025
2025-06-04,BTC,55,53,2,True,True,2025
2025-06-04,ETH,7,5,2,True,True,2025
2025-06-05,BTC,62,59,3,True,True,2025
2025-06-05,ETH,6,6,0,True,True,2025
2025-06-06,BTC,51,48,3,True,True,2025
2025-06-06,ETH,4,4,0,True,True,2025
2025-06-07,BTC,40,39,1,True,True,2025
2025-06-07,ETH,1,1,0,True,True,2025
2025-06-08,BTC,48,47,1,True,True,2025
2025-06-08,ETH,3,2,1,True,True,2025
2025-06-09,BTC,44,42,2,True,True,2025
2025-06-09,ETH,4,3,1,True,True,2025
2025-06-10,BTC,57,55,2,True,True,2025
2025-06-10,ETH,8,8,0,True,True,2025
2025-06-11,BTC,49,46,3,True,True,2025
2025-06-11,ETH,3,3,0,True,True,2025
2025-06-12,BTC,50,48,2,True,True,2025
2025-06-12,ETH,4,4,0,True,True,2025
2025-06-13,BTC,42,39,3,True,True,2025
2025-06-13,ETH,3,3,0,True,True,2025
2025-06-14,BTC,55,52,3,True,True,2025
2025-06-14,ETH,4,4,0,True,True,2025
2025-06-15,BTC,45,43,2,True,True,2025
2025-06-15,ETH,3,2,1,True,True,2025
2025-06-16,BTC,51,47,4,True,True,2025
2025-06-16,ETH,6,6,0,True,True,2025
2025-06-17,BTC,41,37,4,True,True,2025
2025-06-17,ETH,2,2,0,True,True,2025
2025-06-18,BTC,55,53,2,True,True,2025
2025-06-18,ETH,5,5,0,True,True,2025
2025-06-19,BTC,62,60,2,True,True,2025
2025-06-19,ETH,7,6,1,True,True,2025
2025-06-20,BTC,41,39,2,True,True,2025
2025-06-20,ETH,5,4,1,True,True,2025
2025-06-21,BTC,42,40,2,True,True,2025
2025-06-21,ETH,1,1,0,True,True,2025
2025-06-22,BTC,42,40,2,True,True,2025
2025-06-22,ETH,2,1,1,True,True,2025
2025-06-23,BTC,45,43,2,True,True,2025
2025-06-23,ETH,2,2,0,True,True,2025
2025-06-24,BTC,38,34,4,True,True,2025
2025-06-24,ETH,4,4,0,True,True,2025
2025-06-25,BTC,54,51,3,True,True,2025
2025-06-25,ETH,3,3,0,True,True,2025
2025-06-26,BTC,68,66,2,True,True,2025
2025-06-26,ETH,3,3,0,True,True,2025
2025-06-27,BTC,54,52,2,True,True,2025
2025-06-27,ETH,3,3,0,True,True,2025
2025-06-28,BTC,39,38,1,True,True,2025
2025-06-28,ETH,3,3,0,True,True,2025
2025-06-29,BTC,35,34,1,True,True,2025
2025-06-29,ETH,5,4,1,True,True,2025
2025-06-30,BTC,59,54,5,True,True,2025
2025-06-30,ETH,2,2,0,True,True,2025
2025-07-01,BTC,64,62,2,True,True,2025
2025-07-01,ETH,5,5,0,True,True,2025
2025-07-02,BTC,69,67,2,True,True,2025
2025-07-02,ETH,2,2,0,True,True,2025
2025-07-03,BTC,47,45,2,True,True,2025
2025-07-03,ETH,2,2,0,True,True,2025
2025-07-04,BTC,62,58,4,True,True,2025
2025-07-04,ETH,2,2,0,True,True,2025
2025-07-05,BTC,47,46,1,True,True,2025
2025-07-05,ETH,3,3,0,True,True,2025
2025-07-06,BTC,39,36,3,True,True,2025
2025-07-06,ETH,4,3,1,True,True,2025
2025-07-07,BTC,54,51,3,True,True,2025
2025-07-07,ETH,10,10,0,True,True,2025
2025-07-08,BTC,44,42,2,True,True,2025
2025-07-08,ETH,3,3,0,True,True,2025
2025-07-09,BTC,50,46,4,True,True,2025
2025-07-09,ETH,4,4,0,True,True,2025
2025-07-10,BTC,87,81,6,True,True,2025
2025-07-10,ETH,7,7,0,True,True,2025
2025-07-11,BTC,137,129,8,True,True,2025
2025-07-11,ETH,3,3,0,True,True,2025
2025-07-12,BTC,56,55,1,True,True,2025
2025-07-12,ETH,2,1,1,True,True,2025
2025-07-13,BTC,78,74,4,True,True,2025
2025-07-13,ETH,4,3,1,True,True,2025
2025-07-14,BTC,155,146,9,True,True,2025
2025-07-14,ETH,2,2,0,True,True,2025
2025-07-15,BTC,73,71,2,True,True,2025
2025-07-15,ETH,6,5,1,True,True,2025
2025-07-16,BTC,74,72,2,True,True,2025
2025-07-16,ETH,5,5,0,True,True,2025
2025-07-17,BTC,63,60,3,True,True,2025
2025-07-17,ETH,2,2,0,True,True,2025
2025-07-18,BTC,62,59,3,True,True,2025
2025-07-18,ETH,6,5,1,True,True,2025
2025-07-19,BTC,59,58,1,True,True,2025
2025-07-19,ETH,6,6,0,True,True,2025
2025-07-20,BTC,65,64,1,True,True,2025
2025-07-20,ETH,7,5,2,True,True,2025
2025-07-21,BTC,64,60,4,True,True,2025
2025-07-21,ETH,2,2,0,True,True,2025
2025-07-22,BTC,70,67,3,True,True,2025
2025-07-22,ETH,2,2,0,True,True,2025
2025-07-23,BTC,60,57,3,True,True,2025
2025-07-23,ETH,6,6,0,True,True,2025
2025-07-24,BTC,66,63,3,True,True,2025
2025-07-24,ETH,3,3,0,True,True,2025
2025-07-25,BTC,88,82,6,True,True,2025
2025-07-25,ETH,2,2,0,True,True,2025
2025-07-26,BTC,51,48,3,True,True,2025
2025-07-26,ETH,2,2,0,True,True,2025
2025-07-27,BTC,50,49,1,True,True,2025
2025-07-27,ETH,3,2,1,True,True,2025
2025-07-28,BTC,67,65,2,True,True,2025
2025-07-28,ETH,2,2,0,True,True,2025
2025-07-29,BTC,58,56,2,True,True,2025
2025-07-29,ETH,4,4,0,True,True,2025
2025-07-30,BTC,57,53,4,True,True,2025
2025-07-30,ETH,9,9,0,True,True,2025
2025-07-31,BTC,47,44,3,True,True,2025
2025-07-31,ETH,3,1,2,True,True,2025
2025-08-01,BTC,58,55,3,True,True,2025
2025-08-01,ETH,4,4,0,True,True,2025
2025-08-02,BTC,52,49,3,True,True,2025
2025-08-02,ETH,4,3,1,True,True,2025
2025-08-03,BTC,49,47,2,True,True,2025
2025-08-03,ETH,4,3,1,True,True,2025
2025-08-04,BTC,50,46,4,True,True,2025
2025-08-04,ETH,1,1,0,True,True,2025
2025-08-05,BTC,54,53,1,True,True,2025
2025-08-05,ETH,5,5,0,True,True,2025
2025-08-06,BTC,48,45,3,True,True,2025
2025-08-06,ETH,2,2,0,True,True,2025
2025-08-07,BTC,68,63,5,True,True,2025
2025-08-07,ETH,6,6,0,True,True,2025
2025-08-08,BTC,56,52,4,True,True,2025
2025-08-08,ETH,6,6,0,True,True,2025
2025-08-09,BTC,39,38,1,True,True,2025
2025-08-09,ETH,4,3,1,True,True,2025
2025-08-10,BTC,48,47,1,True,True,2025
2025-08-10,ETH,4,3,1,True,True,2025
2025-08-11,BTC,72,66,6,True,True,2025
2025-08-11,ETH,2,2,0,True,True,2025
2025-08-12,BTC,55,51,4,True,True,2025
2025-08-12,ETH,9,9,0,True,True,2025
2025-08-13,BTC,91,89,2,True,True,2025
2025-08-13,ETH,10,10,0,True,True,2025
2025-08-14,BTC,92,83,9,True,True,2025
2025-08-14,ETH,4,3,1,True,True,2025
2025-08-15,BTC,39,35,4,True,True,2025
2025-08-15,ETH,6,6,0,True,True,2025
2025-08-16,BTC,43,41,2,True,True,2025
2025-08-16,ETH,2,1,1,True,True,2025
2025-08-17,BTC,39,37,2,True,True,2025
2025-08-17,ETH,1,1,0,True,True,2025
2025-08-18,BTC,60,52,8,True,True,2025
2025-08-18,ETH,3,3,0,True,True,2025
2025-08-19,BTC,69,63,6,True,True,2025
2025-08-19,ETH,2,2,0,True,True,2025
2025-08-20,BTC,58,55,3,True,True,2025
2025-08-20,ETH,5,4,1,True,True,2025
2025-08-21,BTC,48,45,3,True,True,2025
2025-08-21,ETH,2,2,0,True,True,2025
2025-08-22,BTC,68,63,5,True,True,2025
2025-08-22,ETH,6,4,2,True,True,2025
2025-08-23,BTC,36,33,3,True,True,2025
2025-08-23,ETH,3,3,0,True,True,2025
2025-08-24,BTC,54,53,1,True,True,2025
2025-08-24,ETH,1,1,0,True,True,2025
2025-08-25,BTC,70,66,4,True,True,2025
2025-08-25,ETH,6,6,0,True,True,2025
2025-08-26,BTC,64,58,6,True,True,2025
2025-08-26,ETH,7,7,0,True,True,2025
2025-08-27,BTC,50,47,3,True,True,2025
2025-08-27,ETH,6,6,0,True,True,2025
2025-08-28,BTC,59,57,2,True,True,2025
2025-08-28,ETH,4,3,1,True,True,2025
2025-08-29,BTC,65,63,2,True,True,2025
2025-08-29,ETH,5,5,0,True,True,2025
2025-08-30,BTC,47,46,1,True,True,2025
2025-08-30,ETH,2,2,0,True,True,2025
2025-08-31,BTC,48,47,1,True,True,2025
2025-08-31,ETH,5,5,0,True,True,2025
2025-09-01,BTC,49,45,4,True,True,2025
2025-09-01,ETH,1,1,0,True,True,2025
2025-09-02,BTC,51,47,4,True,True,2025
2025-09-02,ETH,3,3,0,True,True,2025
2025-09-03,BTC,56,54,2,True,True,2025
2025-09-03,ETH,1,1,0,True,True,2025
2025-09-04,BTC,54,52,2,True,True,2025
2025-09-04,ETH,5,4,1,True,True,2025
2025-09-05,BTC,64,62,2,True,True,2025
2025-09-05,ETH,3,3,0,True,True,2025
2025-09-06,BTC,42,40,2,True,True,2025
2025-09-06,ETH,4,2,2,True,True,2025
2025-09-07,BTC,42,39,3,True,True,2025
2025-09-07,ETH,3,3,0,True,True,2025
2025-09-08,BTC,62,57,5,True,True,2025
2025-09-08,ETH,5,5,0,True,True,2025
2025-09-09,BTC,57,53,4,True,True,2025
2025-09-09,ETH,5,5,0,True,True,2025
2025-09-10,BTC,45,41,4,True,True,2025
2025-09-10,ETH,3,2,1,True,True,2025
2025-09-11,BTC,36,34,2,True,True,2025
2025-09-11,ETH,4,3,1,True,True,2025
2025-09-12,BTC,32,28,4,True,True,2025
2025-09-12,ETH,2,2,0,True,True,2025
2025-09-13,BTC,34,32,2,True,True,2025
2025-09-13,ETH,3,3,0,True,True,2025
2025-09-14,BTC,44,40,4,True,True,2025
2025-09-14,ETH,2,2,0,True,True,2025
2025-09-15,BTC,52,49,3,True,True,2025
2025-09-15,ETH,2,2,0,True,True,2025
2025-09-16,BTC,41,39,2,True,True,2025
2025-09-16,ETH,4,4,0,True,True,2025
2025-09-17,BTC,59,55,4,True,True,2025
2025-09-17,ETH,4,4,0,True,True,2025
2025-09-18,BTC,44,42,2,True,True,2025
2025-09-18,ETH,1,1,0,True,True,2025
2025-09-19,BTC,51,49,2,True,True,2025
2025-09-19,ETH,6,6,0,True,True,2025
2025-09-20,BTC,42,41,1,True,True,2025
2025-09-20,ETH,2,2,0,True,True,2025
2025-09-21,BTC,30,29,1,True,True,2025
2025-09-21,ETH,2,2,0,True,True,2025
2025-09-22,BTC,47,42,5,True,True,2025
2025-09-22,ETH,1,1,0,True,True,2025
2025-09-23,BTC,53,50,3,True,True,2025
2025-09-23,ETH,1,1,0,True,True,2025
2025-09-24,BTC,34,31,3,True,True,2025
2025-09-24,ETH,3,3,0,True,True,2025
2025-09-25,BTC,36,35,1,True,True,2025
2025-09-25,ETH,1,1,0,True,True,2025
2025-09-26,BTC,45,43,2,True,True,2025
2025-09-26,ETH,6,6,0,True,True,2025
2025-09-27,BTC,35,34,1,True,True,2025
2025-09-27,ETH,3,2,1,True,True,2025
2025-09-28,BTC,27,26,1,True,True,2025
2025-09-28,ETH,4,4,0,True,True,2025
2025-09-29,BTC,43,38,5,True,True,2025
2025-09-29,ETH,4,4,0,True,True,2025
2025-09-30,BTC,46,43,3,True,True,2025
2025-09-30,ETH,4,4,0,True,True,2025
2025-10-01,BTC,60,53,7,True,True,2025
2025-10-01,ETH,3,3,0,True,True,2025
2025-10-02,BTC,77,73,4,True,True,2025
2025-10-02,ETH,5,3,2,True,True,2025
2025-10-03,BTC,77,70,7,True,True,2025
2025-10-03,ETH,3,3,0,True,True,2025
2025-10-04,BTC,54,52,2,True,True,2025
2025-10-04,ETH,2,2,0,True,True,2025
2025-10-05,BTC,81,76,5,True,True,2025
2025-10-05,ETH,2,2,0,True,True,2025
2025-10-06,BTC,87,77,10,True,True,2025
2025-10-06,ETH,2,2,0,True,True,2025
2025-10-07,BTC,52,49,3,True,True,2025
2025-10-07,ETH,2,2,0,True,True,2025
2025-10-08,BTC,46,43,3,True,True,2025
2025-10-08,ETH,4,4,0,True,True,2025
2025-10-09,BTC,42,38,4,True,True,2025
2025-10-09,ETH,4,3,1,True,True,2025
2025-10-10,BTC,78,74,4,True,True,2025
2025-10-10,ETH,3,3,0,True,True,2025
2025-10-11,BTC,84,78,6,True,True,2025
2025-10-11,ETH,2,2,0,True,True,2025
2025-10-12,BTC,62,60,2,True,True,2025
2025-10-12,ETH,1,1,0,True,True,2025
2025-10-13,BTC,51,49,2,True,True,2025
2025-10-13,ETH,2,2,0,True,True,2025
2025-10-14,BTC,58,56,2,True,True,2025
2025-10-14,ETH,3,3,0,True,True,2025
2025-10-15,BTC,50,45,5,True,True,2025
2025-10-15,ETH,7,7,0,True,True,2025
2025-10-16,BTC,68,61,7,True,True,2025
2025-10-16,ETH,4,4,0,True,True,2025
2025-10-17,BTC,95,87,8,True,True,2025
2025-10-17,ETH,3,3,0,True,True,2025
2025-10-18,BTC,57,55,2,True,True,2025
2025-10-18,ETH,3,3,0,True,True,2025
2025-10-19,BTC,39,37,2,True,True,2025
2025-10-19,ETH,2,2,0,True,True,2025
2025-10-20,BTC,48,45,3,True,True,2025
2025-10-20,ETH,2,2,0,True,True,2025
2025-10-21,BTC,66,63,3,True,True,2025
2025-10-21,ETH,6,6,0,True,True,2025
2025-10-22,BTC,34,31,3,True,True,2025
2025-10-22,ETH,5,5,0,True,True,2025
2025-10-23,BTC,49,46,3,True,True,2025
2025-10-23,ETH,2,2,0,True,True,2025
2025-10-24,BTC,43,36,7,True,True,2025
2025-10-24,ETH,8,8,0,True,True,2025
2025-10-25,BTC,47,43,4,True,True,2025
2025-10-25,ETH,3,3,0,True,True,2025
2025-10-26,BTC,43,41,2,True,True,2025
2025-10-26,ETH,1,1,0,True,True,2025
2025-10-27,BTC,61,52,9,True,True,2025
2025-10-27,ETH,7,6,1,True,True,2025
2025-10-28,BTC,67,65,2,True,True,2025
2025-10-28,ETH,4,4,0,True,True,2025
2025-10-29,BTC,54,51,3,True,True,2025
2025-10-29,ETH,3,3,0,True,True,2025
2025-10-30,BTC,61,57,4,True,True,2025
2025-10-30,ETH,6,6,0,True,True,2025
2025-10-31,BTC,68,64,4,True,True,2025
2025-10-31,ETH,6,6,0,True,True,2025
2025-11-01,BTC,36,34,2,True,True,2025
2025-11-01,ETH,4,4,0,True,True,2025
2025-11-02,BTC,42,41,1,True,True,2025
2025-11-02,ETH,2,2,0,True,True,2025
2025-11-03,BTC,57,50,7,True,True,2025
2025-11-03,ETH,5,5,0,True,True,2025
2025-11-04,BTC,101,94,7,True,True,2025
2025-11-04,ETH,4,3,1,True,True,2025
2025-11-05,BTC,72,67,5,True,True,2025
2025-11-05,ETH,1,1,0,True,True,2025
2025-11-06,BTC,64,62,2,True,True,2025
2025-11-06,ETH,1,1,0,True,True,2025
2025-11-07,BTC,67,56,11,True,True,2025
2025-11-07,ETH,4,4,0,True,True,2025
2025-11-08,BTC,43,40,3,True,True,2025
2025-11-08,ETH,2,2,0,True,True,2025
2025-11-09,BTC,35,33,2,True,True,2025
2025-11-09,ETH,2,2,0,True,True,2025
2025-11-10,BTC,50,45,5,True,True,2025
2025-11-10,ETH,2,2,0,True,True,2025
2025-11-11,BTC,58,56,2,True,True,2025
2025-11-11,ETH,4,3,1,True,True,2025
2025-11-12,BTC,63,58,5,True,True,2025
2025-11-12,ETH,3,3,0,True,True,2025
2025-11-13,BTC,72,65,7,True,True,2025
2025-11-13,ETH,2,2,0,True,True,2025
2025-11-14,BTC,87,82,5,True,True,2025
2025-11-14,ETH,2,1,1,True,True,2025
2025-11-15,BTC,63,58,5,True,True,2025
2025-11-15,ETH,3,3,0,True,True,2025
2025-11-16,BTC,52,50,2,True,True,2025
2025-11-16,ETH,2,2,0,True,True,2025
2025-11-17,BTC,82,78,4,True,True,2025
2025-11-17,ETH,4,4,0,True,True,2025
2025-11-18,BTC,97,91,6,True,True,2025
2025-11-18,ETH,1,1,0,True,True,2025
2025-11-19,BTC,68,65,3,True,True,2025
2025-11-19,ETH,3,3,0,True,True,2025
2025-11-20,BTC,104,97,7,True,True,2025
2025-11-20,ETH,5,5,0,True,True,2025
2025-11-21,BTC,177,169,8,True,True,2025
2025-11-21,ETH,3,3,0,True,True,2025
2025-11-22,BTC,80,79,1,True,True,2025
2025-11-22,ETH,3,3,0,True,True,2025
2025-11-23,BTC,73,71,2,True,True,2025
2025-11-23,ETH,3,3,0,True,True,2025
2025-11-24,BTC,75,70,5,True,True,2025
2025-11-24,ETH,3,3,0,True,True,2025
2025-11-25,BTC,63,61,2,True,True,2025
2025-11-25,ETH,2,2,0,True,True,2025
2025-11-26,BTC,63,59,4,True,True,2025
2025-11-26,ETH,3,3,0,True,True,2025
2025-11-27,BTC,50,45,5,True,True,2025
2025-11-27,ETH,5,3,2,True,True,2025
2025-11-28,BTC,50,48,2,True,True,2025
2025-11-28,ETH,6,5,1,True,True,2025
2025-11-29,BTC,33,32,1,True,True,2025
2025-11-29,ETH,2,2,0,True,True,2025
2025-11-30,BTC,42,38,4,True,True,2025
2025-11-30,ETH,3,3,0,True,True,2025
2025-12-01,BTC,90,87,3,True,True,2025
2025-12-01,ETH,6,6,0,True,True,2025
2025-12-02,BTC,63,57,6,True,True,2025
2025-12-02,ETH,3,3,0,True,True,2025
2025-12-03,BTC,47,45,2,True,True,2025
2025-12-03,ETH,7,6,1,True,True,2025
2025-12-04,BTC,56,53,3,True,True,2025
2025-12-04,ETH,4,4,0,True,True,2025
2025-12-05,BTC,44,40,4,True,True,2025
2025-12-05,ETH,5,5,0,True,True,2025
2025-12-06,BTC,29,26,3,True,True,2025
2025-12-06,ETH,5,5,0,True,True,2025
2025-12-07,BTC,37,34,3,True,True,2025
2025-12-07,ETH,4,4,0,True,True,2025
2025-12-08,BTC,45,42,3,True,True,2025
2025-12-08,ETH,4,4,0,True,True,2025
2025-12-09,BTC,54,49,5,True,True,2025
2025-12-09,ETH,4,4,0,True,True,2025
2025-12-10,BTC,42,39,3,True,True,2025
2025-12-10,ETH,3,3,0,True,True,2025
2025-12-11,BTC,54,50,4,True,True,2025
2025-12-11,ETH,4,3,1,True,True,2025
2025-12-12,BTC,56,50,6,True,True,2025
2025-12-12,ETH,4,4,0,True,True,2025
2025-12-13,BTC,41,38,3,True,True,2025
2025-12-13,ETH,1,1,0,True,True,2025
2025-12-14,BTC,51,48,3,True,True,2025
2025-12-14,ETH,2,2,0,True,True,2025
2025-12-15,BTC,59,57,2,True,True,2025
2025-12-15,ETH,5,5,0,True,True,2025
2025-12-16,BTC,49,46,3,True,True,2025
2025-12-16,ETH,2,2,0,True,True,2025
2025-12-17,BTC,55,51,4,True,True,2025
2025-12-17,ETH,9,7,2,True,True,2025
2025-12-18,BTC,50,48,2,True,True,2025
2025-12-18,ETH,5,4,1,True,True,2025
2025-12-19,BTC,64,61,3,True,True,2025
2025-12-19,ETH,7,7,0,True,True,2025
2025-12-20,BTC,33,29,4,True,True,2025
2025-12-20,ETH,3,2,1,True,True,2025
2025-12-21,BTC,37,34,3,True,True,2025
2025-12-21,ETH,1,1,0,True,True,2025
2025-12-22,BTC,70,63,7,True,True,2025
2025-12-22,ETH,3,3,0,True,True,2025
2025-12-23,BTC,30,28,2,True,True,2025
2025-12-23,ETH,2,2,0,True,True,2025
2025-12-24,BTC,39,38,1,True,True,2025
2025-12-24,ETH,6,5,1,True,True,2025
2025-12-25,BTC,47,44,3,True,True,2025
2025-12-25,ETH,1,1,0,True,True,2025
2025-12-26,BTC,31,30,1,True,True,2025
2025-12-26,ETH,2,2,0,True,True,2025
2025-12-27,BTC,40,38,2,True,True,2025
2025-12-27,ETH,2,2,0,True,True,2025
2025-12-28,BTC,31,29,2,True,True,2025
2025-12-28,ETH,3,2,1,True,True,2025
2025-12-29,BTC,33,30,3,True,True,2025
2025-12-29,ETH,1,1,0,True,True,2025
2025-12-30,BTC,46,41,5,True,True,2025
2025-12-30,ETH,3,3,0,True,True,2025
2025-12-31,BTC,0,0,0,False,False,2025
2025-12-31,ETH,0,0,0,False,False,2025
