Asset,Date,Benchmark_Cumulative_Squared_Error,Extended_Cumulative_Squared_Error,Benchmark_Minus_Extended_Cumulative_Loss,Extended_Loss_Lower
BTC,2024-01-01,0.000728233753505613,0.0007147076174699166,1.3526136035696412e-05,True
BTC,2024-01-02,0.0021632523926760874,0.0020783554121423155,8.48969805337719e-05,True
BTC,2024-01-03,0.004035585875646687,0.003911927734582645,0.00012365814106404197,True
BTC,2024-01-04,0.004942856885668985,0.004794265278709516,0.0001485916069594688,True
BTC,2024-01-05,0.0049802534127689636,0.004835184256508327,0.00014506915626063665,True
BTC,2024-01-06,0.004985513189857462,0.0048413329364804985,0.00014418025337696334,True
BTC,2024-01-07,0.005036281364583486,0.004891412979641505,0.00014486838494198045,True
BTC,2024-01-08,0.009049849931352816,0.00900139487171772,4.845505963509654e-05,True
BTC,2024-01-09,0.009881919580843748,0.00980518514688422,7.673443395952821e-05,True
BTC,2024-01-10,0.009931367652062996,0.009868645596319729,6.272205574326707e-05,True
BTC,2024-01-11,0.009970450592850304,0.009900107741512287,7.034285133801672e-05,True
BTC,2024-01-12,0.01366077179296525,0.01364235314943516,1.841864353008954e-05,True
BTC,2024-01-13,0.01407239318396295,0.014017854616946091,5.453856701685862e-05,True
BTC,2024-01-14,0.014253606971725027,0.014201105948785733,5.25010229392945e-05,True
BTC,2024-01-15,0.014254054390967764,0.014202695816663235,5.135857430452889e-05,True
BTC,2024-01-16,0.014523395274550889,0.01446284935260824,6.054592194264935e-05,True
BTC,2024-01-17,0.014715779196586325,0.014663428433096383,5.235076348994276e-05,True
BTC,2024-01-18,0.016229096849490077,0.016221347890592114,7.748958897962899e-06,True
BTC,2024-01-19,0.01626839629965372,0.01625816662244215,1.022967721156856e-05,True
BTC,2024-01-20,0.016276432221670228,0.016265812599049554,1.0619622620673674e-05,True
BTC,2024-01-21,0.0162773535486745,0.016268898317913196,8.45523076130339e-06,True
BTC,2024-01-22,0.018822180897870095,0.01879878315544286,2.3397742427235663e-05,True
BTC,2024-01-23,0.019344746039739093,0.019306781478422554,3.796456131653983e-05,True
BTC,2024-01-24,0.019495778052435783,0.019485538280671583,1.0239771764199851e-05,True
BTC,2024-01-25,0.01952978946937926,0.019519976487791982,9.812981587278141e-06,True
BTC,2024-01-26,0.02207296797549963,0.022071838616957207,1.129358542423936e-06,True
BTC,2024-01-27,0.02215477533988853,0.022172648182453566,-1.787284256503721e-05,False
BTC,2024-01-28,0.02216781158788473,0.022183740341003767,-1.5928753119037742e-05,False
BTC,2024-01-29,0.02291862010778349,0.02288426158490109,3.4358522882402265e-05,True
BTC,2024-01-30,0.023027528105274628,0.02299817887971935,2.9349225555277275e-05,True
BTC,2024-01-31,0.02365529982778945,0.023591868496139336,6.343133165011283e-05,True
BTC,2024-02-01,0.0237843496822277,0.023723194141249404,6.115554097829712e-05,True
BTC,2024-02-02,0.023800545639020527,0.02374629749917527,5.42481398452567e-05,True
BTC,2024-02-03,0.02380503567221083,0.02375379187304221,5.12437991686196e-05,True
BTC,2024-02-04,0.023838372743402038,0.023771572844560343,6.679989884169485e-05,True
BTC,2024-02-05,0.023938342154720908,0.023876078901817616,6.226325290329196e-05,True
BTC,2024-02-06,0.0243149743975236,0.024322367426161968,-7.393028638367355e-06,False
BTC,2024-02-07,0.024894219410965673,0.0249469684265032,-5.2749015537527366e-05,False
BTC,2024-02-08,0.02565268477363169,0.025680694907710248,-2.8010134078559207e-05,False
BTC,2024-02-09,0.02832807086933073,0.028403017767165074,-7.494689783434441e-05,False
BTC,2024-02-10,0.028565994732267744,0.028638829451672093,-7.283471940434938e-05,False
BTC,2024-02-11,0.02857923157770842,0.028662180320569303,-8.294874286088327e-05,False
BTC,2024-02-12,0.029816303004993615,0.029943292169066115,-0.0001269891640724996,False
BTC,2024-02-13,0.029816395741913672,0.029943311583751363,-0.00012691584183769158,False
BTC,2024-02-14,0.03201078169324282,0.03211672931918618,-0.00010594762594336171,False
BTC,2024-02-15,0.03202082106717756,0.03213307931841374,-0.00011225825123618166,False
BTC,2024-02-16,0.032121324116338036,0.032208980994882765,-8.765687854472848e-05,False
BTC,2024-02-17,0.03212478289560507,0.03221399325585047,-8.921036024540224e-05,False
BTC,2024-02-18,0.03212522654433222,0.032214034571870796,-8.88080275385783e-05,False
BTC,2024-02-19,0.0321254604888498,0.032214069744256,-8.860925540619957e-05,False
BTC,2024-02-20,0.03213243129103189,0.032222452204371636,-9.002091333974727e-05,False
BTC,2024-02-21,0.03228566389270787,0.032383393939094667,-9.773004638679444e-05,False
BTC,2024-02-22,0.032296628303555376,0.03239241894452981,-9.579064097443163e-05,False
BTC,2024-02-23,0.03249556201013806,0.03259428601649577,-9.872400635770745e-05,False
BTC,2024-02-24,0.03254550797067766,0.03264552896618276,-0.00010002099550510124,False
BTC,2024-02-25,0.03255462495837954,0.03267129982274155,-0.00011667486436200969,False
BTC,2024-02-26,0.035305498201886436,0.03550206559877137,-0.0001965673968849363,False
BTC,2024-02-27,0.03734684771051992,0.0375503449417472,-0.0002034972312272773,False
BTC,2024-02-28,0.042332037107689804,0.04250494043161851,-0.00017290332392870533,False
BTC,2024-02-29,0.04289944226578841,0.043054522278981475,-0.00015508001319306658,False
BTC,2024-03-01,0.04329650951092175,0.04344168172543188,-0.0001451722145101239,False
BTC,2024-03-02,0.04340620714376568,0.04354799328571171,-0.00014178614194602923,False
BTC,2024-03-03,0.043495654603321936,0.04363247212528946,-0.00013681752196752217,False
BTC,2024-03-04,0.04838786330609973,0.04847622081898962,-8.835751288988752e-05,False
BTC,2024-03-05,0.05140200608057144,0.05152152062511435,-0.00011951454454291188,False
BTC,2024-03-06,0.053027052635859294,0.05310857942532817,-8.152678946887759e-05,False
BTC,2024-03-07,0.053382554241231686,0.053477353224961076,-9.479898372938972e-05,False
BTC,2024-03-08,0.053647818633257356,0.05375656502950086,-0.00010874639624350313,False
BTC,2024-03-09,0.053660628565640967,0.053769802728599526,-0.00010917416295855992,False
BTC,2024-03-10,0.05380620768653082,0.0539327771070886,-0.00012656942055778303,False
BTC,2024-03-11,0.05536894183777588,0.05555756361508266,-0.00018862177730678137,False
BTC,2024-03-12,0.05546115964312634,0.055650503396063145,-0.00018934375293680472,False
BTC,2024-03-13,0.05621612074661406,0.05643465743608394,-0.0002185366894698823,False
BTC,2024-03-14,0.05717241139115736,0.0573536730355125,-0.00018126164435513376,False
BTC,2024-03-15,0.05903968633126152,0.05923689900996548,-0.00019721267870396325,False
BTC,2024-03-16,0.05929264368750693,0.05948995712953657,-0.00019731344202963963,False
BTC,2024-03-17,0.05956677596312416,0.059760441309936775,-0.00019366534681261593,False
BTC,2024-03-18,0.05966615520762776,0.05985955591330675,-0.00019340070567899076,False
BTC,2024-03-19,0.06293790698589147,0.06318326211758694,-0.0002453551316954766,False
BTC,2024-03-20,0.06480821662900178,0.06504143392243486,-0.0002332172934330773,False
BTC,2024-03-21,0.06514241093184352,0.06534606315979262,-0.00020365222794910265,False
BTC,2024-03-22,0.06635182521744827,0.06654489140741089,-0.0001930661899626207,False
BTC,2024-03-23,0.06672916913771022,0.06692794086784928,-0.0001987717301390607,False
BTC,2024-03-24,0.06713709036904816,0.06736032494483958,-0.00022323457579141726,False
BTC,2024-03-25,0.07235816557847839,0.07264697676869766,-0.0002888111902192708,False
BTC,2024-03-26,0.07240308964048302,0.07268864415582077,-0.000285554515337752,False
BTC,2024-03-27,0.07267234250113191,0.07294080732041498,-0.000268464819283068,False
BTC,2024-03-28,0.0731873074217043,0.07344375858916502,-0.0002564511674607167,False
BTC,2024-03-29,0.07334191872540272,0.07359656430924516,-0.0002546455838424444,False
BTC,2024-03-30,0.07334218226327346,0.07359694213647884,-0.0002547598732053763,False
BTC,2024-03-31,0.0735005198264446,0.07377825416844704,-0.00027773434200244196,False
BTC,2024-04-01,0.07373059520917101,0.07401250699370075,-0.0002819117845297425,False
BTC,2024-04-02,0.07744863598031415,0.07770046973916098,-0.00025183375884682557,False
BTC,2024-04-03,0.07748881063237885,0.07774342302719951,-0.00025461239482066356,False
BTC,2024-04-04,0.07851955037022801,0.07881915408381898,-0.0002996037135909735,False
BTC,2024-04-05,0.07851956354095435,0.07881940085097629,-0.0002998373100219359,False
BTC,2024-04-06,0.07862493374265994,0.07893463321462019,-0.0003096994719602453,False
BTC,2024-04-07,0.07881329954191525,0.07913977502045852,-0.0003264754785432672,False
BTC,2024-04-08,0.0800050984450047,0.0803497880654388,-0.0003446896204341021,False
BTC,2024-04-09,0.08103554399098777,0.0813724253968853,-0.000336881405897535,False
BTC,2024-04-10,0.08104343016160634,0.08138197191522208,-0.000338541753615737,False
BTC,2024-04-11,0.08128781496797693,0.08164261264789252,-0.0003547976799155861,False
BTC,2024-04-12,0.08372206099536121,0.08408673869794611,-0.00036467770258490073,False
BTC,2024-04-13,0.09114813851031897,0.09152523672371055,-0.00037709821339157457,False
BTC,2024-04-14,0.09158649307510365,0.09195450187026621,-0.0003680087951625638,False
BTC,2024-04-15,0.09162250222510658,0.09197652137720745,-0.00035401915210087065,False
BTC,2024-04-16,0.09162251917618514,0.09197681017656681,-0.0003542910003816735,False
BTC,2024-04-17,0.09290020737792729,0.09323877565977992,-0.0003385682818526359,False
BTC,2024-04-18,0.09431475591697326,0.09464672313593901,-0.00033196721896575077,False
BTC,2024-04-19,0.09453424539682379,0.09486456642054525,-0.00033032102372146377,False
BTC,2024-04-20,0.09469368967397165,0.09501280570403034,-0.00031911603005868594,False
BTC,2024-04-21,0.09469459579285712,0.09501995888373585,-0.0003253630908787303,False
BTC,2024-04-22,0.09546372128136119,0.09572212929681462,-0.00025840801545343184,False
BTC,2024-04-23,0.09546379777923873,0.09572252331114103,-0.0002587255319023013,False
BTC,2024-04-24,0.0969164148027758,0.09719157909702035,-0.0002751642942445537,False
BTC,2024-04-25,0.09696829232597254,0.09725841690225645,-0.0002901245762839122,False
BTC,2024-04-26,0.09710194654355357,0.09737246652979493,-0.0002705199862413632,False
BTC,2024-04-27,0.097315965250902,0.09759633944605493,-0.0002803741951529354,False
BTC,2024-04-28,0.0973259104199927,0.09761548439600151,-0.00028957397600881674,False
BTC,2024-04-29,0.09748623660951881,0.09774678708530984,-0.00026055047579102986,False
BTC,2024-04-30,0.10036638895115026,0.10076636412288602,-0.00039997517173576136,False
BTC,2024-05-01,0.10264258242119235,0.10299305070777971,-0.0003504682865873576,False
BTC,2024-05-02,0.10296366746184382,0.10331031359904642,-0.0003466461372026025,False
BTC,2024-05-03,0.10795090906784367,0.10835075764607273,-0.0003998485782290562,False
BTC,2024-05-04,0.10843302608711883,0.10886114745076275,-0.00042812136364392406,False
BTC,2024-05-05,0.1084525368173342,0.10888567766586978,-0.00043314084853557366,False
BTC,2024-05-06,0.10857622222305419,0.10899357511393655,-0.0004173528908823637,False
BTC,2024-05-07,0.10863757669619258,0.10905903254764167,-0.0004214558514490929,False
BTC,2024-05-08,0.10921817288586154,0.10962446680696455,-0.0004062939211030153,False
BTC,2024-05-09,0.10940009592549381,0.10980182749731597,-0.00040173157182216146,False
BTC,2024-05-10,0.1105851968065505,0.11103190893042025,-0.0004467121238697497,False
BTC,2024-05-11,0.11060333763618897,0.11104851609960839,-0.00044517846341941836,False
BTC,2024-05-12,0.11061360510932891,0.11105699749995605,-0.00044339239062714253,False
BTC,2024-05-13,0.11142849392995907,0.11188026727554172,-0.00045177334558264837,False
BTC,2024-05-14,0.11180487547664741,0.11224716241588385,-0.0004422869392364387,False
BTC,2024-05-15,0.11580652188833067,0.11632730145036296,-0.0005207795620322947,False
BTC,2024-05-16,0.11583360258622478,0.11635131846757897,-0.000517715881354186,False
BTC,2024-05-17,0.11639213767680846,0.11687665819576341,-0.00048452051895495063,False
BTC,2024-05-18,0.11640335493827893,0.1168868683096154,-0.00048351337133646644,False
BTC,2024-05-19,0.11659695677986248,0.11708926406383767,-0.000492307283975188,False
BTC,2024-05-20,0.11876718631808442,0.11922147729575701,-0.00045429097767259174,False
BTC,2024-05-21,0.1188506609330878,0.11929911671984371,-0.0004484557867559108,False
BTC,2024-05-22,0.11886925229424157,0.11931780357151381,-0.0004485512772722383,False
BTC,2024-05-23,0.11943237282448727,0.11990705909966161,-0.0004746862751743436,False
BTC,2024-05-24,0.11968610605303309,0.12011634106709981,-0.00043023501406672104,False
BTC,2024-05-25,0.11970753749215782,0.12014576069814419,-0.0004382232059863683,False
BTC,2024-05-26,0.11977950625836259,0.12021310285518884,-0.0004335965968262495,False
BTC,2024-05-27,0.1198759434609647,0.12031386433188841,-0.00043792087092371645,False
BTC,2024-05-28,0.12023118450029864,0.12067920585118173,-0.00044802135088309325,False
BTC,2024-05-29,0.12044384353425973,0.12089754235418895,-0.0004536988199292241,False
BTC,2024-05-30,0.12069896620311896,0.12118748929725655,-0.0004885230941375912,False
BTC,2024-05-31,0.12083307748081162,0.12135017255974609,-0.0005170950789344653,False
BTC,2024-06-01,0.12083632855516793,0.12135515624872112,-0.0005188276935531866,False
BTC,2024-06-02,0.12083995167131954,0.12135597976433035,-0.0005160280930108091,False
BTC,2024-06-03,0.12112746916077692,0.12163179497886145,-0.0005043258180845306,False
BTC,2024-06-04,0.12146667336664553,0.12198313650135902,-0.0005164631347134852,False
BTC,2024-06-05,0.1216258896630106,0.122140510437828,-0.0005146207748173981,False
BTC,2024-06-06,0.12169419536382228,0.12220812919597494,-0.0005139338321526604,False
BTC,2024-06-07,0.12220108703308821,0.12271749135420994,-0.0005164043211217245,False
BTC,2024-06-08,0.12220678037933212,0.12272273395398874,-0.0005159535746566135,False
BTC,2024-06-09,0.12226256876699323,0.12277541200743892,-0.0005128432404456901,False
BTC,2024-06-10,0.1222680214632096,0.12278414018925105,-0.0005161187260414452,False
BTC,2024-06-11,0.12346005638517608,0.12403040672134764,-0.0005703503361715601,False
BTC,2024-06-12,0.12349172020818532,0.12406389886593051,-0.0005721786577451982,False
BTC,2024-06-13,0.12399645554437386,0.12457497120790381,-0.0005785156635299549,False
BTC,2024-06-14,0.12431580214947964,0.12489551512568156,-0.000579712976201921,False
BTC,2024-06-15,0.12431674413879437,0.12489701195290262,-0.0005802678141082485,False
BTC,2024-06-16,0.12434236041909662,0.12492248666034289,-0.0005801262412462732,False
BTC,2024-06-17,0.12434986806319401,0.12493464132156569,-0.0005847732583716819,False
BTC,2024-06-18,0.12484192812566605,0.1254267929571485,-0.0005848648314824567,False
BTC,2024-06-19,0.1248702582497862,0.12546162118587453,-0.0005913629360883299,False
BTC,2024-06-20,0.12487088758249379,0.12546162827955618,-0.0005907406970623863,False
BTC,2024-06-21,0.12505318450460193,0.1256540343063615,-0.000600849801759562,False
BTC,2024-06-22,0.12505318555183417,0.12565408718116844,-0.0006009016293342662,False
BTC,2024-06-23,0.12514138243357645,0.12575032047746548,-0.0006089380438890346,False
BTC,2024-06-24,0.13013125254931585,0.13083279072669046,-0.0007015381773746165,False
BTC,2024-06-25,0.131064450971949,0.13176188618630183,-0.0006974352143528373,False
BTC,2024-06-26,0.13117966449464893,0.13187998410601837,-0.0007003196113694321,False
BTC,2024-06-27,0.1312206081122486,0.1319222779683991,-0.0007016698561504997,False
BTC,2024-06-28,0.13172629851576215,0.13242638354735753,-0.0007000850315953822,False
BTC,2024-06-29,0.13185523871693428,0.13255290403231937,-0.0006976653153850931,False
BTC,2024-06-30,0.13214401832562528,0.13283688036027652,-0.0006928620346512426,False
BTC,2024-07-01,0.13270081722311478,0.13339657401440905,-0.0006957567912942719,False
BTC,2024-07-02,0.1329992107742718,0.13370628158704417,-0.0007070708127723813,False
BTC,2024-07-03,0.13492045052525203,0.13560377691833472,-0.0006833263930826894,False
BTC,2024-07-04,0.13574186675291033,0.13642705830472796,-0.000685191551817621,False
BTC,2024-07-05,0.1373058376741183,0.13801312098497118,-0.0007072833108528742,False
BTC,2024-07-06,0.13779562278816723,0.1385083637401127,-0.0007127409519454564,False
BTC,2024-07-07,0.13797463096099566,0.13868803588637055,-0.0007134049253748886,False
BTC,2024-07-08,0.13839630619175486,0.1391065078785437,-0.0007102016867888417,False
BTC,2024-07-09,0.13917470277229912,0.1398840770737627,-0.0007093743014635889,False
BTC,2024-07-10,0.13920271185218325,0.139913653607729,-0.0007109417555457576,False
BTC,2024-07-11,0.13920271590980343,0.13991380574909498,-0.000711089839291551,False
BTC,2024-07-12,0.13920896430123877,0.13992066134472766,-0.0007116970434888903,False
BTC,2024-07-13,0.13949403852411052,0.1402141765314766,-0.000720138007366089,False
BTC,2024-07-14,0.14011541696882363,0.14084435650539084,-0.0007289395365672191,False
BTC,2024-07-15,0.14393841604767257,0.14467790315042103,-0.0007394871027484595,False
BTC,2024-07-16,0.14446074164472533,0.14518763546520252,-0.0007268938204771924,False
BTC,2024-07-17,0.144467344894237,0.14519307412356822,-0.000725729229331229,False
BTC,2024-07-18,0.1445868824922046,0.14530310742071462,-0.0007162249285100064,False
BTC,2024-07-19,0.1469126025319759,0.14763889570038663,-0.0007262931684107188,False
BTC,2024-07-20,0.14712880602113243,0.1478515792662951,-0.0007227732451626778,False
BTC,2024-07-21,0.14715331926319553,0.14787592458912532,-0.0007226053259297982,False
BTC,2024-07-22,0.14753490578661985,0.1482570145315113,-0.0007221087448914532,False
BTC,2024-07-23,0.14862413150916265,0.1493514693466595,-0.0007273378374968442,False
BTC,2024-07-24,0.1486287531284819,0.1493563057309632,-0.0007275526024813073,False
BTC,2024-07-25,0.14871776863458958,0.1494480553084307,-0.0007302866738411184,False
BTC,2024-07-26,0.14976489088542713,0.15047592615971714,-0.0007110352742900061,False
BTC,2024-07-27,0.14980101596845655,0.15051275163283076,-0.0007117356643742134,False
BTC,2024-07-28,0.1498191133837894,0.15052539618501778,-0.0007062828012283917,False
BTC,2024-07-29,0.15006014433161566,0.15076938870410156,-0.000709244372485901,False
BTC,2024-07-30,0.1504502935366124,0.15115387236537656,-0.0007035788287641509,False
BTC,2024-07-31,0.1512032889059771,0.15191129507356033,-0.0007080061675832361,False
BTC,2024-08-01,0.15122592061850282,0.1519335542863057,-0.0007076336678028816,False
BTC,2024-08-02,0.1523067424105083,0.15304674526375203,-0.000740002853243743,False
BTC,2024-08-03,0.1539719928016857,0.1547127829937536,-0.0007407901920679083,False
BTC,2024-08-04,0.15461442217190352,0.15536003250249183,-0.0007456103305883144,False
BTC,2024-08-05,0.16192508664839295,0.16264288499610283,-0.0007177983477098804,False
BTC,2024-08-06,0.1636307179413556,0.1643449084776144,-0.0007141905362587908,False
BTC,2024-08-07,0.1641750175106881,0.16489301209545315,-0.0007179945847650415,False
BTC,2024-08-08,0.16967325165166722,0.1703537593068172,-0.0006805076551499867,False
BTC,2024-08-09,0.17044348830404632,0.17110557398086662,-0.000662085676820301,False
BTC,2024-08-10,0.1704612669657452,0.17112746696262549,-0.000666199996880279,False
BTC,2024-08-11,0.1724041158025621,0.17310678884831804,-0.0007026730457559416,False
BTC,2024-08-12,0.1724082534667653,0.17311012121109462,-0.0007018677443293153,False
BTC,2024-08-13,0.17321789516617853,0.17394120178612765,-0.0007233066199491267,False
BTC,2024-08-14,0.17374026134304957,0.17445016739092375,-0.000709906047874187,False
BTC,2024-08-15,0.17585843557228464,0.17660922095277484,-0.0007507853804901987,False
BTC,2024-08-16,0.17726438497142244,0.17802695735098445,-0.0007625723795620098,False
BTC,2024-08-17,0.17729615574924681,0.17805834755325375,-0.0007621918040069398,False
BTC,2024-08-18,0.17731558534423672,0.17807866636376152,-0.0007630810195247972,False
BTC,2024-08-19,0.17750489991107365,0.17826938895520536,-0.0007644890441317054,False
BTC,2024-08-20,0.17750510999199404,0.17826947885256125,-0.0007643688605672161,False
BTC,2024-08-21,0.17854194475325197,0.17929818814192916,-0.0007562433886771913,False
BTC,2024-08-22,0.17857465443876358,0.17933071019939867,-0.0007560557606350882,False
BTC,2024-08-23,0.18100943612093962,0.18177347666767263,-0.0007640405467330136,False
BTC,2024-08-24,0.18113487738253087,0.18189381843805638,-0.0007589410555255138,False
BTC,2024-08-25,0.18113611125885123,0.18189495824233098,-0.0007588469834797495,False
BTC,2024-08-26,0.1813808085034356,0.18214865424553633,-0.0007678457421007312,False
BTC,2024-08-27,0.18212086947884815,0.1829016141217995,-0.0007807446429513587,False
BTC,2024-08-28,0.18417757228599999,0.18498777580202735,-0.0008102035160273691,False
BTC,2024-08-29,0.18417831920718508,0.18498862331117594,-0.0008103041039908554,False
BTC,2024-08-30,0.18425353729470045,0.18506430508440103,-0.0008107677897005727,False
BTC,2024-08-31,0.18426243851451052,0.18507339479306176,-0.0008109562785512392,False
BTC,2024-09-01,0.1843674781657438,0.18517598792983,-0.000808509764086196,False
BTC,2024-09-02,0.18443410288481243,0.18524377669444464,-0.0008096738096322054,False
BTC,2024-09-03,0.1845806755389933,0.18539187357026365,-0.0008111980312703604,False
BTC,2024-09-04,0.18458978067005058,0.1854012874615657,-0.0008115067915151208,False
BTC,2024-09-05,0.18581920115577782,0.18663376471005505,-0.0008145635542772256,False
BTC,2024-09-06,0.18997525170274993,0.19079298794087948,-0.0008177362381295572,False
BTC,2024-09-07,0.1903631763423969,0.19117759018964553,-0.0008144138472486184,False
BTC,2024-09-08,0.19043801734760601,0.19125257384694277,-0.0008145564993367604,False
BTC,2024-09-09,0.1928884069356659,0.19370125400771002,-0.0008128470720441261,False
BTC,2024-09-10,0.19309011375549215,0.1939051228730316,-0.0008150091175394558,False
BTC,2024-09-11,0.19309255515836585,0.1939075021843349,-0.0008149470259690428,False
BTC,2024-09-12,0.1932111279538819,0.19402307367921376,-0.0008119457253318585,False
BTC,2024-09-13,0.19399860302223382,0.19480314913953412,-0.0008045461173002977,False
BTC,2024-09-14,0.19402011489017126,0.1948229940851762,-0.0008028791950049352,False
BTC,2024-09-15,0.19405357575167076,0.19485602162300683,-0.0008024458713360716,False
BTC,2024-09-16,0.1955734317338784,0.19637220110439046,-0.0007987693705120702,False
BTC,2024-09-17,0.19691778190584258,0.19771212775707098,-0.0007943458512283952,False
BTC,2024-09-18,0.19697411166599352,0.19776693152861827,-0.0007928198626247496,False
BTC,2024-09-19,0.1990978026565243,0.19990122050072703,-0.0008034178442027362,False
BTC,2024-09-20,0.19909784263167743,0.1999012657455021,-0.0008034231138246695,False
BTC,2024-09-21,0.19911296553426855,0.19991610007358537,-0.0008031345393168243,False
BTC,2024-09-22,0.19911297089197552,0.19991610806797278,-0.0008031371759972539,False
BTC,2024-09-23,0.19911298481275602,0.19991617050214758,-0.0008031856893915557,False
BTC,2024-09-24,0.19930879941402058,0.20010812358907354,-0.0007993241750529623,False
BTC,2024-09-25,0.19942875007452085,0.2002279690568876,-0.0007992189823667617,False
BTC,2024-09-26,0.1997034083014017,0.20050301215838107,-0.0007996038569793584,False
BTC,2024-09-27,0.20006094818194411,0.20085572717136466,-0.0007947789894205415,False
BTC,2024-09-28,0.20006104366425442,0.20085589324783523,-0.0007948495835808089,False
BTC,2024-09-29,0.20006463091047197,0.20085867436788304,-0.0007940434574110755,False
BTC,2024-09-30,0.20105092036210703,0.2018567711871941,-0.0008058508250870788,False
BTC,2024-10-01,0.20381819979910287,0.2046397241129994,-0.0008215243138965378,False
BTC,2024-10-02,0.20383717138114307,0.20465928237933328,-0.0008221109981902119,False
BTC,2024-10-03,0.20383889303669583,0.2046610490887988,-0.0008221560521029792,False
BTC,2024-10-04,0.20451575144914783,0.20533677593008887,-0.0008210244809410405,False
BTC,2024-10-05,0.20458136503100205,0.2054005308245324,-0.0008191657935303631,False
BTC,2024-10-06,0.2047229245093239,0.20553983935739054,-0.0008169148480666466,False
BTC,2024-10-07,0.20477255630133057,0.20559170373482236,-0.0008191474334917903,False
BTC,2024-10-08,0.20485018491199827,0.205671323493068,-0.0008211385810697192,False
BTC,2024-10-09,0.2060058777523848,0.20682448570843454,-0.0008186079560497384,False
BTC,2024-10-10,0.20625412565547574,0.2070754921692819,-0.0008213665138061543,False
BTC,2024-10-11,0.20889097548093377,0.20971131050403036,-0.0008203350230965856,False
BTC,2024-10-12,0.20891946873691086,0.20973908057106835,-0.000819611834157491,False
BTC,2024-10-13,0.20897006500130083,0.20978922057238927,-0.0008191555710884424,False
BTC,2024-10-14,0.21109390184554166,0.2119195740808271,-0.0008256722352854295,False
BTC,2024-10-15,0.2112980805216607,0.21212196646394355,-0.0008238859422828315,False
BTC,2024-10-16,0.21163267857440315,0.21245035489644828,-0.00081767632204513,False
BTC,2024-10-17,0.21171891020050804,0.21253886641075959,-0.000819956210251549,False
BTC,2024-10-18,0.2121175158499537,0.21293193755715514,-0.0008144217072014459,False
BTC,2024-10-19,0.21211885135037323,0.21293289272292315,-0.0008140413725499229,False
BTC,2024-10-20,0.2121448890450102,0.21296003787013545,-0.0008151488251252614,False
BTC,2024-10-21,0.21240040738155186,0.21321291416431976,-0.0008125067827678967,False
BTC,2024-10-22,0.21243327312833618,0.2132457603595716,-0.0008124872312354203,False
BTC,2024-10-23,0.21265348585121868,0.21347061750897955,-0.0008171316577608723,False
BTC,2024-10-24,0.21318527563009548,0.21400380616497067,-0.0008185305348751837,False
BTC,2024-10-25,0.21353009795657396,0.21435413174462822,-0.0008240337880542625,False
BTC,2024-10-26,0.21353915822993194,0.21436314561653938,-0.0008239873866074388,False
BTC,2024-10-27,0.2135939174771944,0.21441754080922026,-0.0008236233320258746,False
BTC,2024-10-28,0.2144003992530282,0.21522683216960478,-0.0008264329165765805,False
BTC,2024-10-29,0.21608496558421386,0.21690438268521137,-0.0008194171009975049,False
BTC,2024-10-30,0.2162102939111795,0.21702565620965816,-0.0008153622984786724,False
BTC,2024-10-31,0.21784474336130716,0.2186711372854864,-0.0008263939241792417,False
BTC,2024-11-01,0.21800001808774425,0.2188301913706059,-0.0008301732828616404,False
BTC,2024-11-02,0.21800782112797076,0.21883805291499014,-0.0008302317870193809,False
BTC,2024-11-03,0.21804574624614892,0.21887548070616222,-0.0008297344600133039,False
BTC,2024-11-04,0.2190181570946213,0.2198409684132919,-0.0008228113186705965,False
BTC,2024-11-05,0.2197411462056364,0.2205631477003227,-0.0008220014946863086,False
BTC,2024-11-06,0.22908821284496766,0.22990279298564292,-0.0008145801406752584,False
BTC,2024-11-07,0.2292371049763771,0.23004709241986626,-0.0008099874434891741,False
BTC,2024-11-08,0.22926478065452016,0.23007176220054115,-0.0008069815460209906,False
BTC,2024-11-09,0.22926480800518165,0.23007192932829576,-0.0008071213231141128,False
BTC,2024-11-10,0.23112924347801964,0.23192872061258338,-0.0007994771345637419,False
BTC,2024-11-11,0.24153414579740304,0.2422589148737737,-0.0007247690763706738,False
BTC,2024-11-12,0.24181802390814816,0.24253450743136376,-0.0007164835232155997,False
BTC,2024-11-13,0.24184235575142132,0.24255701616697262,-0.0007146604155512937,False
BTC,2024-11-14,0.24186027892972534,0.24257733197982428,-0.000717053050098948,False
BTC,2024-11-15,0.24338947710485595,0.24408128115853006,-0.000691804053674111,False
BTC,2024-11-16,0.2433934629570978,0.24408602533455523,-0.0006925623774574341,False
BTC,2024-11-17,0.24384919745130523,0.24453317114759976,-0.0006839736962945264,False
BTC,2024-11-18,0.24437811940233872,0.24507079997963108,-0.0006926805772923539,False
BTC,2024-11-19,0.24448821791438433,0.24517302770482377,-0.0006848097904394446,False
BTC,2024-11-20,0.24502983877473877,0.24571391346764346,-0.0006840746929046848,False
BTC,2024-11-21,0.24654856902438854,0.24723743594960043,-0.0006888669252118895,False
BTC,2024-11-22,0.24679461278864823,0.24747794604005038,-0.0006833332514021573,False
BTC,2024-11-23,0.24701347409708163,0.24771358967299556,-0.0007001155759139288,False
BTC,2024-11-24,0.2472370851170339,0.24793840831615208,-0.0007013231991181701,False
BTC,2024-11-25,0.24876353726814496,0.2494590602104393,-0.0006955229422943299,False
BTC,2024-11-26,0.2493828892740382,0.2500791422418312,-0.000696252967792993,False
BTC,2024-11-27,0.25155198849285515,0.2522161286379365,-0.0006641401450813711,False
BTC,2024-11-28,0.2516119964354668,0.25228300064301634,-0.0006710042075495637,False
BTC,2024-11-29,0.2520679439976042,0.2527199834582595,-0.0006520394606553404,False
BTC,2024-11-30,0.2520985032802321,0.25274815643394377,-0.0006496531537116823,False
BTC,2024-12-01,0.25215545648351134,0.25279267597330246,-0.0006372194897911188,False
BTC,2024-12-02,0.2528167071669057,0.25344807327208413,-0.0006313661051784436,False
BTC,2024-12-03,0.2528269579235009,0.2534568858857053,-0.0006299279622044018,False
BTC,2024-12-04,0.25316625491570266,0.2538140478006308,-0.0006477928849281667,False
BTC,2024-12-05,0.25330469275175127,0.2539469233939367,-0.0006422306421854374,False
BTC,2024-12-06,0.25361886780352616,0.2541864700907896,-0.0005676022872634356,False
BTC,2024-12-07,0.25365485901507295,0.2542248201590879,-0.0005699611440149743,False
BTC,2024-12-08,0.2536565832003376,0.2542264161267383,-0.0005698329264006707,False
BTC,2024-12-09,0.2547974481013563,0.2553644334074709,-0.000566985306114598,False
BTC,2024-12-10,0.2548216149791962,0.255388044577888,-0.0005664295986917978,False
BTC,2024-12-11,0.2569170853109486,0.25750518324636934,-0.0005880979354207505,False
BTC,2024-12-12,0.25716827673752174,0.2577549269951963,-0.0005866502576745702,False
BTC,2024-12-13,0.2573786051193286,0.2579676352687606,-0.0005890301494320127,False
BTC,2024-12-14,0.25737884815546647,0.25796772594203804,-0.0005888777865715733,False
BTC,2024-12-15,0.2576858538975419,0.25826242430538593,-0.0005765704078440348,False
BTC,2024-12-16,0.25880498134905033,0.2593325149102381,-0.0005275335611877874,False
BTC,2024-12-17,0.2588341363540833,0.25935754302194214,-0.0005234066678588278,False
BTC,2024-12-18,0.26164411844143065,0.26222828196281306,-0.0005841635213824081,False
BTC,2024-12-19,0.26338420976624494,0.26393642171854553,-0.0005522119523005964,False
BTC,2024-12-20,0.263525578072209,0.26407004831536096,-0.0005444702431519621,False
BTC,2024-12-21,0.2635275952996032,0.2640704488802546,-0.0005428535806514256,False
BTC,2024-12-22,0.2639684798021231,0.26452845368437833,-0.0005599738822552047,False
BTC,2024-12-23,0.26431484489928747,0.26488334635028177,-0.0005685014509942965,False
BTC,2024-12-24,0.2662632784310692,0.26675381465533404,-0.0004905362242648703,False
BTC,2024-12-25,0.26628327263370194,0.266769256250838,-0.0004859836171360876,False
BTC,2024-12-26,0.26720493980743193,0.2677350621149989,-0.0005301223075669936,False
BTC,2024-12-27,0.2675433160517105,0.26807543418142354,-0.000532118129713044,False
BTC,2024-12-28,0.26757978249226966,0.2681105376225842,-0.0005307551303145308,False
BTC,2024-12-29,0.267873075564747,0.26840280873187866,-0.0005297331671316741,False
BTC,2024-12-30,0.2680857143834648,0.2686152005319105,-0.0005294861484457236,False
BTC,2024-12-31,0.2684138943899227,0.2689249477371887,-0.0005110533472660328,False
BTC,2025-01-01,0.2685733101878767,0.26908627390067913,-0.0005129637128024056,False
BTC,2025-01-02,0.26918439702318936,0.2697069904877525,-0.0005225934645631258,False
BTC,2025-01-03,0.26933628092965034,0.2698475816793953,-0.0005113007497449806,False
BTC,2025-01-04,0.2693380019163989,0.26984793517192424,-0.0005099332555253411,False
BTC,2025-01-05,0.2693431805402896,0.26985239878552186,-0.0005092182452322569,False
BTC,2025-01-06,0.2704298893038782,0.27094268724702136,-0.0005127979431431839,False
BTC,2025-01-07,0.2727501387359181,0.2732901067998052,-0.0005399680638871196,False
BTC,2025-01-08,0.2735379407017286,0.27408690491374993,-0.0005489642120213301,False
BTC,2025-01-09,0.274396842817533,0.2749662495805334,-0.0005694067630003796,False
BTC,2025-01-10,0.2748987171799901,0.27544430156014466,-0.0005455843801545623,False
BTC,2025-01-11,0.2749410935149637,0.27549268038520514,-0.0005515868702414273,False
BTC,2025-01-12,0.274973499642777,0.2755227830745628,-0.0005492834317857853,False
BTC,2025-01-13,0.2749771742523962,0.2755289947100155,-0.000551820457619312,False
BTC,2025-01-14,0.2755389081102489,0.27608904232978754,-0.0005501342195386449,False
BTC,2025-01-15,0.2767829818701364,0.2772585578053066,-0.0004755759351702249,False
BTC,2025-01-16,0.2768021613725556,0.27727766304655693,-0.000475501674001344,False
BTC,2025-01-17,0.27864357925467853,0.2791580796529656,-0.0005145003982870433,False
BTC,2025-01-18,0.27866599970801187,0.27918313905115216,-0.0005171393431402938,False
BTC,2025-01-19,0.27868813832419065,0.2792082805750029,-0.0005201422508122611,False
BTC,2025-01-20,0.27886178253442584,0.27939030418115635,-0.0005285216467305065,False
BTC,2025-01-21,0.2802496809436687,0.28077939640056815,-0.0005297154568994489,False
BTC,2025-01-22,0.28076314652379625,0.28128431463631837,-0.000521168112522119,False
BTC,2025-01-23,0.2809632067958784,0.28149162583331194,-0.0005284190374335584,False
BTC,2025-01-24,0.2812441687523146,0.2817775826788547,-0.000533413926540105,False
BTC,2025-01-25,0.28124581388326203,0.2817792374038494,-0.0005334235205873838,False
BTC,2025-01-26,0.28126852541292546,0.28181037580984925,-0.000541850396923782,False
BTC,2025-01-27,0.28233827792185806,0.28284501307258864,-0.0005067351507305751,False
BTC,2025-01-28,0.2824923376453643,0.28300949154351246,-0.0005171538981481594,False
BTC,2025-01-29,0.2833523420514447,0.2838882325437499,-0.0005358904923051799,False
BTC,2025-01-30,0.28360466368717524,0.28412940655821356,-0.0005247428710383195,False
BTC,2025-01-31,0.28448502802144493,0.28501416211789016,-0.0005291340964452274,False
BTC,2025-02-01,0.28464955874032993,0.28516294755208815,-0.0005133888117582197,False
BTC,2025-02-02,0.28659080445437357,0.2871345572548306,-0.0005437528004570424,False
BTC,2025-02-03,0.288539710380264,0.2891174896739664,-0.0005777792937023962,False
BTC,2025-02-04,0.29101094129499533,0.2915677624992239,-0.0005568212042285636,False
BTC,2025-02-05,0.29102608714605016,0.2915852662209679,-0.0005591790749177594,False
BTC,2025-02-06,0.2910319040172666,0.2915941256528924,-0.0005622216356258036,False
BTC,2025-02-07,0.29111683759983625,0.2916876174628127,-0.0005707798629764338,False
BTC,2025-02-08,0.291137459827126,0.2917074907983143,-0.0005700309711882956,False
BTC,2025-02-09,0.29128658409664593,0.291842054604052,-0.000555470507406064,False
BTC,2025-02-10,0.2916961104248643,0.292245930269336,-0.0005498198444716662,False
BTC,2025-02-11,0.29181298391924204,0.2923589287630056,-0.0005459448437635794,False
BTC,2025-02-12,0.2919485655608901,0.29249246940397683,-0.0005439038430867238,False
BTC,2025-02-13,0.2920601472153022,0.2926196998620274,-0.0005595526467251921,False
BTC,2025-02-14,0.29210165659345266,0.2926628555584159,-0.0005611989649632609,False
BTC,2025-02-15,0.292116840390091,0.29266881757103247,-0.0005519771809414653,False
BTC,2025-02-16,0.29213527506528714,0.29268954506390527,-0.0005542699986181288,False
BTC,2025-02-17,0.29219053749876883,0.2927409906900786,-0.0005504531913097521,False
BTC,2025-02-18,0.2924183966071618,0.2929786831066015,-0.0005602864994397327,False
BTC,2025-02-19,0.2925012157092994,0.29306193067471176,-0.0005607149654123789,False
BTC,2025-02-20,0.2928861019779049,0.29340970222532653,-0.0005236002474216517,False
BTC,2025-02-21,0.29359852664028663,0.29415059879969335,-0.0005520721594067246,False
BTC,2025-02-22,0.2937208261276184,0.29427062980761914,-0.0005498036800007378,False
BTC,2025-02-23,0.2937647917946789,0.29431679241222386,-0.0005520006175449566,False
BTC,2025-02-24,0.2941133524147194,0.29466985495027725,-0.0005565025355578346,False
BTC,2025-02-25,0.29780800384109074,0.2984547316397777,-0.0006467277986869635,False
BTC,2025-02-26,0.30082790790655206,0.3014876729304325,-0.000659765023880432,False
BTC,2025-02-27,0.30090934412420584,0.3015751338196344,-0.0006657896954285758,False
BTC,2025-02-28,0.30091066344628237,0.30157543216298144,-0.0006647687166990712,False
BTC,2025-03-01,0.3012985811075767,0.3019536315524028,-0.0006550504448261107,False
BTC,2025-03-02,0.3098060344176923,0.31047546830660827,-0.0006694338889159934,False
BTC,2025-03-03,0.3181672871986422,0.3187443865726686,-0.0005770993740264463,False
BTC,2025-03-04,0.3183658184346674,0.31894642216668473,-0.0005806037320173485,False
BTC,2025-03-05,0.3197545265273734,0.32029993720559097,-0.0005454106782175616,False
BTC,2025-03-06,0.3198087807142016,0.32034971044852506,-0.0005409297343234587,False
BTC,2025-03-07,0.3210955810163754,0.3216708805475879,-0.000575299531212492,False
BTC,2025-03-08,0.3211319574077237,0.321711141820375,-0.0005791844126513124,False
BTC,2025-03-09,0.32255610577351645,0.3231205522682404,-0.0005644464947239247,False
BTC,2025-03-10,0.3252699880724146,0.3258882178896526,-0.0006182298172380252,False
BTC,2025-03-11,0.32695127286868225,0.3276059529665259,-0.0006546800978436407,False
BTC,2025-03-12,0.3270494948168877,0.3276961171094083,-0.0006466222925206044,False
BTC,2025-03-13,0.3283349183854434,0.3289963102300731,-0.0006613918446297107,False
BTC,2025-03-14,0.33007905558624273,0.3306920529974418,-0.0006129974111990788,False
BTC,2025-03-15,0.3301083538672131,0.33072259927502407,-0.0006142454078109649,False
BTC,2025-03-16,0.33038823100306547,0.3310027147128032,-0.000614483709737712,False
BTC,2025-03-17,0.33040490639515535,0.3310159281778032,-0.0006110217826478248,False
BTC,2025-03-18,0.33096351563116855,0.3315834835791314,-0.0006199679479628739,False
BTC,2025-03-19,0.3323234302013462,0.33295221454413,-0.0006287843427837947,False
BTC,2025-03-20,0.3323763026425973,0.33300171955894126,-0.0006254169163439349,False
BTC,2025-03-21,0.33241350306498674,0.33305511630286494,-0.0006416132378782025,False
BTC,2025-03-22,0.33242491857861844,0.33306873858987196,-0.0006438200112535153,False
BTC,2025-03-23,0.3326187922606701,0.33323918830108085,-0.0006203960404107534,False
BTC,2025-03-24,0.3337338843615094,0.3343588333081431,-0.0006249489466336744,False
BTC,2025-03-25,0.3337366896922939,0.33436137122295684,-0.0006246815306629183,False
BTC,2025-03-26,0.3338042253088492,0.3344289648134863,-0.0006247395046370952,False
BTC,2025-03-27,0.3338042262967339,0.33442917522051424,-0.0006249489237803441,False
BTC,2025-03-28,0.3355827028111136,0.3361700401996395,-0.0005873373885258992,False
BTC,2025-03-29,0.33597418004050694,0.3366197944785983,-0.0006456144380913575,False
BTC,2025-03-30,0.33597445714206886,0.3366198300471526,-0.0006453729050837631,False
BTC,2025-03-31,0.3359746063967318,0.33662001815366555,-0.0006454117569337225,False
BTC,2025-04-01,0.33691519243649715,0.3375984482482282,-0.000683255811731065,False
BTC,2025-04-02,0.33697914685006347,0.33766848832592145,-0.0006893414758579741,False
BTC,2025-04-03,0.3386165427964778,0.33934802306842954,-0.0007314802719517455,False
BTC,2025-04-04,0.3392226040656082,0.33997661881328267,-0.0007540147476744474,False
BTC,2025-04-05,0.3392338903529154,0.33998498342488526,-0.000751093071969855,False
BTC,2025-04-06,0.341428798544457,0.34225282186165923,-0.000824023317202216,False
BTC,2025-04-07,0.341450524864546,0.34227305553431814,-0.0008225306697721146,False
BTC,2025-04-08,0.34192302108278905,0.3427621934656967,-0.0008391723829076492,False
BTC,2025-04-09,0.3477020880030107,0.34858499614592836,-0.0008829081429176378,False
BTC,2025-04-10,0.3497308479036194,0.3506353422856005,-0.0009044943819810913,False
BTC,2025-04-11,0.35165570847510746,0.3525382944047321,-0.0008825859296246463,False
BTC,2025-04-12,0.35214544770724293,0.35302618430183785,-0.0008807365945949219,False
BTC,2025-04-13,0.35279325207837964,0.35368975920890683,-0.000896507130527191,False
BTC,2025-04-14,0.35289001680184373,0.3537888230162436,-0.000898806214399861,False
BTC,2025-04-15,0.3529541315837233,0.35385244871951715,-0.000898317135793858,False
BTC,2025-04-16,0.3529563915000052,0.353855151356139,-0.0008987598561338017,False
BTC,2025-04-17,0.3530290629793467,0.35392515381166756,-0.0008960908323208394,False
BTC,2025-04-18,0.3530647816451188,0.3539627409992231,-0.0008979593541043052,False
BTC,2025-04-19,0.3531264398353075,0.3540197455355106,-0.0008933057002030731,False
BTC,2025-04-20,0.35312644880462474,0.35401979143153617,-0.0008933426269114308,False
BTC,2025-04-21,0.35382116909806394,0.3547139869245375,-0.0008928178264735465,False
BTC,2025-04-22,0.35579620442350013,0.35670077337983375,-0.0009045689563336179,False
BTC,2025-04-23,0.3567305817539518,0.35763563772272083,-0.0009050559687690529,False
BTC,2025-04-24,0.35674383556285405,0.3576463284232151,-0.0009024928603610372,False
BTC,2025-04-25,0.3568727448046101,0.35777802278890747,-0.000905277984297348,False
BTC,2025-04-26,0.35691027789145324,0.3578188962083312,-0.0009086183168779405,False
BTC,2025-04-27,0.35691205537010867,0.3578201582735778,-0.0009081029034691546,False
BTC,2025-04-28,0.35692110484695416,0.3578287007377217,-0.0009075958907675541,False
BTC,2025-04-29,0.3569241117933502,0.35783122760001235,-0.0009071158066621399,False
BTC,2025-04-30,0.3569342597500283,0.35784210215880635,-0.000907842408778059,False
BTC,2025-05-01,0.3572966014742935,0.3581922033249606,-0.000895601850667116,False
BTC,2025-05-02,0.357404089040523,0.3582959343256983,-0.0008918452851752745,False
BTC,2025-05-03,0.357488741606206,0.35837791297179195,-0.0008891713655859723,False
BTC,2025-05-04,0.35758730244324655,0.35847215638108254,-0.0008848539378359943,False
BTC,2025-05-05,0.3579419973219551,0.35883845590411684,-0.0008964585821617521,False
BTC,2025-05-06,0.357942007069778,0.3588384614440327,-0.0008964543742546738,False
BTC,2025-05-07,0.3582996531043536,0.3591945194472492,-0.0008948663428956505,False
BTC,2025-05-08,0.36209035344992335,0.36295891484597287,-0.0008685613960495164,False
BTC,2025-05-09,0.3622878222734041,0.36313957752899995,-0.0008517552555958319,False
BTC,2025-05-10,0.36228957713737747,0.3631422034882805,-0.0008526263509030518,False
BTC,2025-05-11,0.36237191268265506,0.3632281784057499,-0.000856265723094829,False
BTC,2025-05-12,0.36263080833899825,0.36350168027925117,-0.0008708719402529264,False
BTC,2025-05-13,0.3629109203344285,0.3637800982964201,-0.0008691779619915962,False
BTC,2025-05-14,0.36300358201324706,0.3638730758132118,-0.0008694937999647601,False
BTC,2025-05-15,0.36300550047588204,0.36387597938673777,-0.000870478910855732,False
BTC,2025-05-16,0.3630055411420949,0.3638760096812912,-0.0008704685391963118,False
BTC,2025-05-17,0.3630142497283322,0.3638869329201879,-0.0008726831918557387,False
BTC,2025-05-18,0.3630508913932177,0.3639260586731674,-0.0008751672799496846,False
BTC,2025-05-19,0.3632319383445395,0.36410895006260147,-0.0008770117180619819,False
BTC,2025-05-20,0.36340494145753083,0.3642840124388754,-0.0008790709813445985,False
BTC,2025-05-21,0.36355491779949267,0.3644321483424903,-0.0008772305429976535,False
BTC,2025-05-22,0.36425567278248916,0.3651135388226698,-0.0008578660401806215,False
BTC,2025-05-23,0.3647797828275528,0.3656770509477349,-0.0008972681201820931,False
BTC,2025-05-24,0.36477978460706934,0.36567717735588956,-0.0008973927488202249,False
BTC,2025-05-25,0.3649481163716532,0.36585805843170316,-0.0009099420600499619,False
BTC,2025-05-26,0.3651287281384579,0.36603147881753545,-0.0009027506790775242,False
BTC,2025-05-27,0.36512884955155805,0.3660316521612553,-0.000902802609697273,False
BTC,2025-05-28,0.3656023714758598,0.36650867375738316,-0.0009063022815233857,False
BTC,2025-05-29,0.3657892802601752,0.3666999207662134,-0.0009106405060381739,False
BTC,2025-05-30,0.36613094698926535,0.3670462713792412,-0.0009153243899758245,False
BTC,2025-05-31,0.36613174934436343,0.36704741125095774,-0.0009156619065943117,False
BTC,2025-06-01,0.366137214544841,0.3670533082076698,-0.0009160936628287986,False
BTC,2025-06-02,0.3661372967491007,0.36705345136752726,-0.0009161546184265346,False
BTC,2025-06-03,0.36615782006476233,0.36707580999319384,-0.0009179899284315063,False
BTC,2025-06-04,0.36627106477541044,0.36718446930826554,-0.0009134045328550999,False
BTC,2025-06-05,0.36812161715203345,0.36903024319396227,-0.0009086260419288172,False
BTC,2025-06-06,0.3693428416474779,0.3702486433532536,-0.0009058017057756995,False
BTC,2025-06-07,0.36962431726703393,0.37052767166831313,-0.0009033544012791994,False
BTC,2025-06-08,0.3696374112337516,0.3705421506911146,-0.0009047394573630241,False
BTC,2025-06-09,0.37018533551771304,0.3710711273317315,-0.0008857918140184329,False
BTC,2025-06-10,0.370343234279908,0.3712204610037364,-0.0008772267238283948,False
BTC,2025-06-11,0.37043180430407563,0.37130967579328195,-0.0008778714892063166,False
BTC,2025-06-12,0.37124306469069646,0.3721246265209346,-0.0008815618302381312,False
BTC,2025-06-13,0.3713742559473868,0.37225560571834027,-0.0008813497709534435,False
BTC,2025-06-14,0.3714354176218389,0.37231808073584416,-0.0008826631140052554,False
BTC,2025-06-15,0.3714502740503419,0.37233073083658486,-0.0008804567862429336,False
BTC,2025-06-16,0.3727445395178602,0.3736336374748556,-0.0008890979569954327,False
BTC,2025-06-17,0.3741232878516783,0.3750102831357839,-0.0008869952841055739,False
BTC,2025-06-18,0.374124710320113,0.37501188091686144,-0.0008871705967484211,False
BTC,2025-06-19,0.37415246572819466,0.3750378271055088,-0.0008853613773141533,False
BTC,2025-06-20,0.3742084732873729,0.3750901672278721,-0.0008816939404991953,False
BTC,2025-06-21,0.3742127772346951,0.37509392529746155,-0.000881148062766457,False
BTC,2025-06-22,0.3756905236055864,0.3765606524030191,-0.000870128797432701,False
BTC,2025-06-23,0.3771033530557563,0.377977465263735,-0.0008741122079786723,False
BTC,2025-06-24,0.3777683897576081,0.3786351128458721,-0.0008667230882639654,False
BTC,2025-06-25,0.3781501086592405,0.3790151809337248,-0.0008650722744843464,False
BTC,2025-06-26,0.3781505469018305,0.37901550742115203,-0.0008649605193215559,False
BTC,2025-06-27,0.3782123029146919,0.3790724824069297,-0.0008601794922378225,False
BTC,2025-06-28,0.3782126335039768,0.37907276371472365,-0.0008601302107468234,False
BTC,2025-06-29,0.3782196251388074,0.379080014504979,-0.00086038936617161,False
BTC,2025-06-30,0.3782268591661212,0.3790896625276367,-0.0008628033615155073,False
BTC,2025-07-01,0.37851934021115735,0.3793845425083274,-0.0008652022971700757,False
BTC,2025-07-02,0.37921284793132065,0.3800766702759268,-0.0008638223446061355,False
BTC,2025-07-03,0.37929258981156344,0.3801545066674982,-0.0008619168559347856,False
BTC,2025-07-04,0.3797254379339941,0.38061201595697813,-0.0008865780229840303,False
BTC,2025-07-05,0.37972640824092646,0.380613469741555,-0.0008870615006285609,False
BTC,2025-07-06,0.3797433363385482,0.38063237412825796,-0.000889037789709779,False
BTC,2025-07-07,0.37982279906310124,0.3807085937627311,-0.0008857946996298494,False
BTC,2025-07-08,0.37985982979982713,0.3807461119443358,-0.0008862821445086433,False
BTC,2025-07-09,0.38025812621228594,0.3811446411293978,-0.0008865149171118358,False
BTC,2025-07-10,0.38093820682050633,0.381813193213384,-0.0008749863928776414,False
BTC,2025-07-11,0.3823346405245122,0.3831792025501306,-0.0008445620256183894,False
BTC,2025-07-12,0.382344723243569,0.3831893355933006,-0.0008446123497315994,False
BTC,2025-07-13,0.3825434824301688,0.38338982382240766,-0.0008463413922388807,False
BTC,2025-07-14,0.38262344427853634,0.3834698601547154,-0.000846415876179063,False
BTC,2025-07-15,0.38365883623658154,0.3845109068391705,-0.0008520706025889613,False
BTC,2025-07-16,0.38428972569030184,0.385151893185052,-0.0008621674947501545,False
BTC,2025-07-17,0.3842942727765023,0.3851555711805731,-0.0008612984040707872,False
BTC,2025-07-18,0.38463363849998644,0.3855015765906398,-0.0008679380906533862,False
BTC,2025-07-19,0.38463416023169517,0.385502381923461,-0.0008682216917658137,False
BTC,2025-07-20,0.3846382112868685,0.3855057626407914,-0.0008675513539229129,False
BTC,2025-07-21,0.38474795577733695,0.3856178556489034,-0.0008698998715664374,False
BTC,2025-07-22,0.38514088098330124,0.38600667423940244,-0.0008657932561011994,False
BTC,2025-07-23,0.38534341773697495,0.38619847181466926,-0.0008550540776943172,False
BTC,2025-07-24,0.3853649883103537,0.38621587755017756,-0.0008508892398238488,False
BTC,2025-07-25,0.3855494662941971,0.3864018587332167,-0.0008523924390195781,False
BTC,2025-07-26,0.38558353006849966,0.38643293792596783,-0.0008494078574681763,False
BTC,2025-07-27,0.3856424711037791,0.38648876425004036,-0.0008462931462612788,False
BTC,2025-07-28,0.38567282213895066,0.3865253927321514,-0.0008525705932007632,False
BTC,2025-07-29,0.3857156367459915,0.3865689529346103,-0.0008533161886187801,False
BTC,2025-07-30,0.38573398754348015,0.3865899026231569,-0.0008559150796767501,False
BTC,2025-07-31,0.38576881095609505,0.38662818668784366,-0.0008593757317486017,False
BTC,2025-08-01,0.3863481557022096,0.38722593328564103,-0.0008777775834314383,False
BTC,2025-08-02,0.386548055353351,0.38742268618400993,-0.0008746308306589179,False
BTC,2025-08-03,0.38670101500225224,0.387580870665297,-0.0008798556630447707,False
BTC,2025-08-04,0.3867181180840779,0.38759622569399277,-0.0008781076099148577,False
BTC,2025-08-05,0.3868752513610939,0.3877618787726033,-0.0008866274115094108,False
BTC,2025-08-06,0.38699180770885094,0.38787313488796626,-0.000881327179115321,False
BTC,2025-08-07,0.3873415546696773,0.38822393150202,-0.0008823768323427128,False
BTC,2025-08-08,0.387346783884016,0.38823032022474196,-0.0008835363407259655,False
BTC,2025-08-09,0.38736171315810847,0.3882447587528324,-0.000883045594723908,False
BTC,2025-08-10,0.3874750297296564,0.38835337406939346,-0.0008783443397370472,False
BTC,2025-08-11,0.3874841957080103,0.3883622097288995,-0.0008780140208892173,False
BTC,2025-08-12,0.3876607791758934,0.38853426954918197,-0.0008734903732885435,False
BTC,2025-08-13,0.3881606438381452,0.3890134218461901,-0.0008527780080448966,False
BTC,2025-08-14,0.3897720497791038,0.3906462586915883,-0.0008742089124845198,False
BTC,2025-08-15,0.38988136107080595,0.3907574083946049,-0.000876047323798923,False
BTC,2025-08-16,0.3898843119162961,0.39076005593812485,-0.0008757440218287726,False
BTC,2025-08-17,0.38988462881122604,0.3907608015992998,-0.0008761727880737813,False
BTC,2025-08-18,0.39001353769760827,0.3908896875010064,-0.0008761498033981185,False
BTC,2025-08-19,0.39075791855585,0.39164282249922017,-0.0008849039433701522,False
BTC,2025-08-20,0.3907786918665267,0.39166267823935186,-0.0008839863728251629,False
BTC,2025-08-21,0.39110828787934965,0.3919912047398724,-0.0008829168605227755,False
BTC,2025-08-22,0.39249331495430656,0.39335263797612047,-0.000859323021813907,False
BTC,2025-08-23,0.39264852055453886,0.3935082694396997,-0.000859748885160827,False
BTC,2025-08-24,0.3933688503737289,0.39423295332478286,-0.000864102951053991,False
BTC,2025-08-25,0.39446316506337803,0.3953052572697721,-0.000842092206394085,False
BTC,2025-08-26,0.39459355529081847,0.39543864104374393,-0.0008450857529254674,False
BTC,2025-08-27,0.3946898175544671,0.3955290220313249,-0.0008392044768578133,False
BTC,2025-08-28,0.39471006614404996,0.3955561845644405,-0.0008461184203905625,False
BTC,2025-08-29,0.3963051441239748,0.39716297605144607,-0.0008578319274712976,False
BTC,2025-08-30,0.39630885397546467,0.39716621662205526,-0.000857362646590587,False
BTC,2025-08-31,0.39631921962534206,0.39717407767522583,-0.0008548580498837777,False
BTC,2025-09-01,0.3963310577888282,0.39718516511982943,-0.0008541073310012193,False
BTC,2025-09-02,0.3967845156612838,0.39762437605934037,-0.0008398603980565578,False
BTC,2025-09-03,0.3968381966543542,0.3976763087670832,-0.0008381121127289948,False
BTC,2025-09-04,0.39715596552795873,0.3980096039805488,-0.0008536384525900664,False
BTC,2025-09-05,0.3972339263803548,0.3980849496839539,-0.0008510233035990966,False
BTC,2025-09-06,0.3974127682839577,0.3982630594578123,-0.0008502911738546004,False
BTC,2025-09-07,0.39747281606920976,0.3983202827433129,-0.0008474666741031256,False
BTC,2025-09-08,0.39750556536742215,0.3983509233148346,-0.0008453579474124728,False
BTC,2025-09-09,0.39753045411982263,0.39838105684992575,-0.0008506027301031227,False
BTC,2025-09-10,0.3978193122562912,0.39864716558979457,-0.0008278533335033811,False
BTC,2025-09-11,0.397889742229973,0.39871594746348876,-0.0008262052335157866,False
BTC,2025-09-12,0.39813231126207843,0.39893183642643565,-0.0007995251643572177,False
BTC,2025-09-13,0.3981355643623707,0.39893555839305356,-0.0007999940306828712,False
BTC,2025-09-14,0.39814108404936543,0.3989391077134773,-0.0007980236641118577,False
BTC,2025-09-15,0.39816748235261534,0.3989688852663286,-0.0008014029137132783,False
BTC,2025-09-16,0.39827120223502055,0.3990691131958777,-0.0007979109608571289,False
BTC,2025-09-17,0.3983695257570108,0.3991595944403149,-0.0007900686833041126,False
BTC,2025-09-18,0.39859082783193517,0.39936328002707977,-0.0007724521951446017,False
BTC,2025-09-19,0.398883244097817,0.39967665087764087,-0.0007934067798238686,False
BTC,2025-09-20,0.39888377817763376,0.3996776835053386,-0.0007939053277048469,False
BTC,2025-09-21,0.39891239936846756,0.3997048656373781,-0.0007924662689105522,False
BTC,2025-09-22,0.3995428866004585,0.400342192246845,-0.0007993056463864723,False
BTC,2025-09-23,0.3997214008121423,0.40052660341723023,-0.0008052026050879291,False
BTC,2025-09-24,0.399857954635646,0.40065084939972073,-0.0007928947640747364,False
BTC,2025-09-25,0.40122485639429495,0.4020304911063732,-0.0008056347120782292,False
BTC,2025-09-26,0.4012419635727322,0.4020478925674908,-0.0008059289947586201,False
BTC,2025-09-27,0.40124276432670425,0.40204860858083374,-0.0008058442541294952,False
BTC,2025-09-28,0.4013630121975224,0.4021775725587628,-0.0008145603612403907,False
BTC,2025-09-29,0.40228382701201737,0.40308531259338914,-0.0008014855813717747,False
BTC,2025-09-30,0.40230007133075757,0.4031001736516771,-0.0008001023209195379,False
BTC,2025-10-01,0.4028757880297702,0.4036982664844563,-0.0008224784546860819,False
BTC,2025-10-02,0.4036425204562137,0.40444334413647653,-0.0008008236802628521,False
BTC,2025-10-03,0.40396981197523,0.40474686470736176,-0.0007770527321317444,False
BTC,2025-10-04,0.4039945411615813,0.4047755874672104,-0.0007810463056290851,False
BTC,2025-10-05,0.40401048077671936,0.40479234246248846,-0.000781861685769103,False
BTC,2025-10-06,0.4043578572211493,0.40510876763171455,-0.000750910410565242,False
BTC,2025-10-07,0.40509461448752493,0.40584956718654525,-0.000754952699020317,False
BTC,2025-10-08,0.40510272654364016,0.40585738316766706,-0.0007546566240269059,False
BTC,2025-10-09,0.4053771572286404,0.4061224624481939,-0.0007453052195535159,False
BTC,2025-10-10,0.40868822403538146,0.4094647938876978,-0.0007765698523163334,False
BTC,2025-10-11,0.4104470344817192,0.41119808989360895,-0.000751055411889745,False
BTC,2025-10-12,0.41184865395144094,0.41261785446484345,-0.0007692005134025126,False
BTC,2025-10-13,0.4119865907318315,0.41275333468834147,-0.000766743956509941,False
BTC,2025-10-14,0.41278234470089253,0.4135570039517299,-0.0007746592508373618,False
BTC,2025-10-15,0.4132289117600448,0.4139911043147621,-0.0007621925547173225,False
BTC,2025-10-16,0.41442204399663607,0.4152060462990594,-0.0007840023024233145,False
BTC,2025-10-17,0.41462247781439593,0.41540178607457057,-0.0007793082601746382,False
BTC,2025-10-18,0.4146246830432219,0.4154057262563124,-0.000781043213090471,False
BTC,2025-10-19,0.4149810558874198,0.4157635268974147,-0.0007824710099949006,False
BTC,2025-10-20,0.4155230227898995,0.41630772114952064,-0.0007846983596211388,False
BTC,2025-10-21,0.4155351620472533,0.41632100036895453,-0.0007858383217012044,False
BTC,2025-10-22,0.41614007310041284,0.4169467624574571,-0.0008066893570442546,False
BTC,2025-10-23,0.4163673538544692,0.41719654336550965,-0.0008291895110404401,False
BTC,2025-10-24,0.41648166207720466,0.4173156910162983,-0.0008340289390936229,False
BTC,2025-10-25,0.41651283470943795,0.4173516236249631,-0.0008387889155251349,False
BTC,2025-10-26,0.4167963747109259,0.4176338209634696,-0.0008374462525437276,False
BTC,2025-10-27,0.4169178530504159,0.4177460035896255,-0.0008281505392095934,False
BTC,2025-10-28,0.4170615499925244,0.417891154491352,-0.0008296044988275741,False
BTC,2025-10-29,0.4172501681016732,0.41807402927953935,-0.0008238611778661475,False
BTC,2025-10-30,0.41877017855290893,0.41958254482263263,-0.0008123662697236966,False
BTC,2025-10-31,0.41894033249034046,0.4197437497185226,-0.0008034172281821128,False
BTC,2025-11-01,0.41905595295110276,0.4198473428415408,-0.0007913898904380323,False
BTC,2025-11-02,0.41906465196932746,0.41985871708290806,-0.0007940651135805998,False
BTC,2025-11-03,0.41996186838640903,0.42077990050862984,-0.0008180321222208131,False
BTC,2025-11-04,0.4245876002633575,0.4253637551022292,-0.0007761548388716677,False
BTC,2025-11-05,0.42533585316344247,0.42612394308327395,-0.0007880899198314806,False
BTC,2025-11-06,0.4258598417398829,0.4266516739278726,-0.0007918321879897272,False
BTC,2025-11-07,0.42644121442803506,0.4272226091648316,-0.000781394736796559,False
BTC,2025-11-08,0.4265955136942435,0.4273758209700206,-0.0007803072757771035,False
BTC,2025-11-09,0.4269358601364134,0.42771644007719545,-0.0007805799407820668,False
BTC,2025-11-10,0.42708108525615773,0.4278462152042916,-0.0007651299481338802,False
BTC,2025-11-11,0.4280653221425668,0.42885555408675,-0.0007902319441832062,False
BTC,2025-11-12,0.42819657986146553,0.42898609597289294,-0.000789516111427413,False
BTC,2025-11-13,0.4293586634020985,0.43013516598976825,-0.0007765025876697584,False
BTC,2025-11-14,0.43111984539364184,0.4319539833484184,-0.0008341379547765482,False
BTC,2025-11-15,0.43112015446324825,0.43195412553182916,-0.0008339710685809076,False
BTC,2025-11-16,0.4313984940609998,0.43222103157693986,-0.0008225375159400805,False
BTC,2025-11-17,0.43171665558567446,0.43253699823403186,-0.0008203426483573972,False
BTC,2025-11-18,0.43175078271278233,0.432569036734569,-0.0008182540217866463,False
BTC,2025-11-19,0.4321394641716883,0.4329454344792926,-0.0008059703076043201,False
BTC,2025-11-20,0.43377681369462706,0.43456926734598894,-0.0007924536513618796,False
BTC,2025-11-21,0.43449790578480646,0.4352997768327169,-0.0008018710479104629,False
BTC,2025-11-22,0.43465491293648445,0.4354506518529473,-0.0007957389164628403,False
BTC,2025-11-23,0.43623574887184385,0.43704629849251814,-0.0008105496206742835,False
BTC,2025-11-24,0.4364057780929308,0.43721649357986,-0.000810715486929181,False
BTC,2025-11-25,0.43681572676766395,0.437630969699966,-0.0008152429323020627,False
BTC,2025-11-26,0.4378176173553984,0.438617136261253,-0.0007995189058545571,False
BTC,2025-11-27,0.43809097846540096,0.43889578139300783,-0.0008048029276068736,False
BTC,2025-11-28,0.43811455207554273,0.43892276808443725,-0.0008082160088945245,False
BTC,2025-11-29,0.4381158848782812,0.4389245557565542,-0.0008086708782730212,False
BTC,2025-11-30,0.4381160175439768,0.43892606422257024,-0.0008100466785934679,False
BTC,2025-12-01,0.4411380396451528,0.44194964432418427,-0.0008116046790314635,False
BTC,2025-12-02,0.4437855373186315,0.4445869569680167,-0.0008014196493851822,False
BTC,2025-12-03,0.4447335100827637,0.44552716004967247,-0.0007936499669087826,False
BTC,2025-12-04,0.44495212486850794,0.44574306302537053,-0.0007909381568625973,False
BTC,2025-12-05,0.4462237729307955,0.44702777957827455,-0.0008040066474790386,False
BTC,2025-12-06,0.44622545893650384,0.44702826653061706,-0.0008028075941132196,False
BTC,2025-12-07,0.4462969280394517,0.4471125872722835,-0.000815659232831778,False
BTC,2025-12-08,0.4464640131697475,0.4472789236756173,-0.0008149105058697925,False
BTC,2025-12-09,0.44673450754251376,0.44753472460778443,-0.0008002170652706697,False
BTC,2025-12-10,0.44673791033168525,0.447537597498845,-0.0007996871671597239,False
BTC,2025-12-11,0.4467603076288922,0.44755759644761367,-0.0007972888187214866,False
BTC,2025-12-12,0.4477255300635266,0.4485350103467855,-0.0008094802832588899,False
BTC,2025-12-13,0.4477392391050216,0.44854732153058885,-0.0008080824255672359,False
BTC,2025-12-14,0.4481059301289898,0.44891773563166976,-0.000811805502679952,False
BTC,2025-12-15,0.4488816192900109,0.4496678698515716,-0.0007862505615606752,False
BTC,2025-12-16,0.4490916329629509,0.4498904562311932,-0.0007988232682423213,False
BTC,2025-12-17,0.44944338594779143,0.4502528358556397,-0.0008094499078482587,False
BTC,2025-12-18,0.4494968912473466,0.4503025335452623,-0.0008056422979156874,False
BTC,2025-12-19,0.45009123289337216,0.4508967903587734,-0.0008055574654012299,False
BTC,2025-12-20,0.45013026486629104,0.4509355263818218,-0.0008052615155307863,False
BTC,2025-12-21,0.45013315073742216,0.4509378066393541,-0.000804655901931961,False
BTC,2025-12-22,0.45013359533584396,0.45093890462007985,-0.0008053092842358889,False
BTC,2025-12-23,0.45021447931313796,0.4510166071026654,-0.0008021277895274292,False
BTC,2025-12-24,0.4502206197200271,0.4510215920643226,-0.0008009723442954919,False
BTC,2025-12-25,0.45022317018175995,0.4510228434224946,-0.0007996732407346552,False
BTC,2025-12-26,0.45025205400206775,0.45104978817467234,-0.0007977341726045917,False
BTC,2025-12-27,0.45025208240003683,0.45104990263584704,-0.0007978202358102093,False
BTC,2025-12-28,0.4502569310358127,0.45105557380597805,-0.0007986427701653365,False
BTC,2025-12-29,0.4502851605872017,0.45108547345693284,-0.0008003128697311457,False
BTC,2025-12-30,0.4504929052659773,0.4512880034588335,-0.0007950981928562251,False
BTC,2025-12-31,0.4505248426434892,0.4513216356972458,-0.0007967930537566281,False
ETH,2024-01-01,0.0005941790357057704,0.0005266240312882331,6.755500441753726e-05,True
ETH,2024-01-02,0.000825166074258046,0.0007591791080635807,6.598696619446534e-05,True
ETH,2024-01-03,0.004344522820603304,0.004323298363489311,2.1224457113992734e-05,True
ETH,2024-01-04,0.004566540884601644,0.004516749103999327,4.979178060231671e-05,True
ETH,2024-01-05,0.00463056083261087,0.004542107083840352,8.845374877051743e-05,True
ETH,2024-01-06,0.004639946954192109,0.004542158607399035,9.778834679307399e-05,True
ETH,2024-01-07,0.004640046202687687,0.004543051672009754,9.699453067793344e-05,True
ETH,2024-01-08,0.006540572104850683,0.006536942865180853,3.6292396698306417e-06,True
ETH,2024-01-09,0.006621849988844689,0.006670544908294759,-4.869491945007007e-05,False
ETH,2024-01-10,0.013811433419272483,0.013096977012937659,0.0007144564063348239,True
ETH,2024-01-11,0.015118378306640937,0.014626468860681828,0.0004919094459591086,True
ETH,2024-01-12,0.016118616675828677,0.01556668039800565,0.0005519362778230261,True
ETH,2024-01-13,0.016339900554385833,0.015786721655259076,0.0005531788991267571,True
ETH,2024-01-14,0.01669118941566237,0.01610335076233072,0.0005878386533316529,True
ETH,2024-01-15,0.01671607232513231,0.016106016335392936,0.000610055989739372,True
ETH,2024-01-16,0.017703349353237485,0.017127751857068756,0.0005755974961687282,True
ETH,2024-01-17,0.01844545311567047,0.017962819934250796,0.0004826331814196741,True
ETH,2024-01-18,0.019320601962341647,0.018715993402746198,0.0006046085595954494,True
ETH,2024-01-19,0.019420428604950347,0.01884957598314559,0.0005708526218047572,True
ETH,2024-01-20,0.01951884017420675,0.018882364870644642,0.0006364753035621069,True
ETH,2024-01-21,0.019519735988465615,0.018884559566258462,0.0006351764222071524,True
ETH,2024-01-22,0.023459057873722624,0.022652859260070338,0.0008061986136522863,True
ETH,2024-01-23,0.027317086858125308,0.02633623637994683,0.0009808504781784778,True
ETH,2024-01-24,0.027318458868823444,0.026340406711887785,0.000978052156935659,True
ETH,2024-01-25,0.027329740054660677,0.026406519853499375,0.0009232202011613018,True
ETH,2024-01-26,0.02756710644551769,0.026634800237428702,0.0009323062080889878,True
ETH,2024-01-27,0.02762015741144234,0.02678460628902389,0.0008355511224184507,True
ETH,2024-01-28,0.027634013417657765,0.02678460729872513,0.000849406118932635,True
ETH,2024-01-29,0.027985541993780106,0.027158865125878794,0.0008266768679013117,True
ETH,2024-01-30,0.02883161343146603,0.02782285560457628,0.0010087578268897501,True
ETH,2024-01-31,0.030645189464253573,0.02946297728177103,0.0011822121824825414,True
ETH,2024-02-01,0.030696844784887767,0.029490651918978376,0.001206192865909391,True
ETH,2024-02-02,0.030768512810681967,0.02956293264241162,0.0012055801682703468,True
ETH,2024-02-03,0.030780569084092133,0.029575833949505484,0.0012047351345866493,True
ETH,2024-02-04,0.03078423019554796,0.02960335984523217,0.0011808703503157873,True
ETH,2024-02-05,0.030797532143865162,0.02975966370076257,0.0010378684431025902,True
ETH,2024-02-06,0.03262057312884456,0.03147271173063539,0.001147861398209167,True
ETH,2024-02-07,0.033036672770330705,0.031904136887869236,0.001132535882461469,True
ETH,2024-02-08,0.03303841078436651,0.03190419356029306,0.001134217224073454,True
ETH,2024-02-09,0.034096566655945,0.032922534632117015,0.0011740320238279867,True
ETH,2024-02-10,0.034121776901032394,0.03295435363784568,0.0011674232631867162,True
ETH,2024-02-11,0.034130632456124785,0.03295477823168145,0.001175854224443336,True
ETH,2024-02-12,0.03655602447051469,0.03558750502567465,0.0009685194448400408,True
ETH,2024-02-13,0.03657232099357262,0.0356815338853969,0.0008907871081757154,True
ETH,2024-02-14,0.04004333169066934,0.03913824383594979,0.0009050878547195509,True
ETH,2024-02-15,0.04008792998941097,0.03918079564713631,0.0009071343422746639,True
ETH,2024-02-16,0.04009923317218627,0.03918134962060166,0.0009178835515846126,True
ETH,2024-02-17,0.040099307741555644,0.03918153735672484,0.0009177703848308044,True
ETH,2024-02-18,0.040628298964549774,0.03982806582304492,0.0008002331415048539,True
ETH,2024-02-19,0.042611534115816266,0.04209811410020237,0.0005134200156138927,True
ETH,2024-02-20,0.04274931298043762,0.042213431752597196,0.0005358812278404221,True
ETH,2024-02-21,0.0431713231134022,0.04258426073722678,0.0005870623761754235,True
ETH,2024-02-22,0.04350138473615554,0.04297241624494522,0.0005289684912103201,True
ETH,2024-02-23,0.04375725746342329,0.04320184559094811,0.0005554118724751742,True
ETH,2024-02-24,0.04385116328252542,0.04323144770701968,0.0006197155755057401,True
ETH,2024-02-25,0.045318941014158017,0.0446798570073544,0.0006390840068036183,True
ETH,2024-02-26,0.045887131785475814,0.045373361075135454,0.0005137707103403596,True
ETH,2024-02-27,0.04636487242775889,0.04590814608314912,0.00045672634460976885,True
ETH,2024-02-28,0.04691727862296402,0.04642895034462385,0.0004883282783401735,True
ETH,2024-02-29,0.04696904821987744,0.04648686795166748,0.0004821802682099599,True
ETH,2024-03-01,0.047404761948531986,0.046988172581303056,0.00041658936722892975,True
ETH,2024-03-02,0.04745244080092774,0.04705003486101974,0.00040240593990800017,True
ETH,2024-03-03,0.04769689642824203,0.047287552889072784,0.0004093435391692435,True
ETH,2024-03-04,0.04849981980197656,0.0481016591256554,0.00039816067632116037,True
ETH,2024-03-05,0.04874279520606041,0.048275202259600886,0.00046759294645952465,True
ETH,2024-03-06,0.05590786329068627,0.05578796488975782,0.00011989840092845039,True
ETH,2024-03-07,0.05603724285527005,0.0559554411334727,8.180172179735046e-05,True
ETH,2024-03-08,0.05612870144367445,0.05613130057767814,-2.599134003695991e-06,False
ETH,2024-03-09,0.05612967877664686,0.05613255016457901,-2.871387932153191e-06,False
ETH,2024-03-10,0.05613348135330848,0.05613336743647149,1.1391683699124577e-07,True
ETH,2024-03-11,0.05710260210956831,0.05727760141887368,-0.00017499930930537505,False
ETH,2024-03-12,0.05748335599398083,0.05760000810229915,-0.0001166521083183214,False
ETH,2024-03-13,0.05753961973336848,0.057688288673212886,-0.00014866893984440827,False
ETH,2024-03-14,0.05897809551959758,0.0593196723857422,-0.0003415768661446175,False
ETH,2024-03-15,0.06240984458184602,0.06265937652209674,-0.0002495319402507218,False
ETH,2024-03-16,0.06247853642197573,0.06271456929795922,-0.0002360328759834912,False
ETH,2024-03-17,0.06249304390778217,0.06273775119816154,-0.0002447072903793701,False
ETH,2024-03-18,0.06368983379607378,0.06356760847413179,0.00012222532194199054,True
ETH,2024-03-19,0.06884546623126116,0.06855765527000826,0.0002878109612528962,True
ETH,2024-03-20,0.07088052947791297,0.07053822254841954,0.0003423069294934272,True
ETH,2024-03-21,0.07094345462255595,0.07061824908679902,0.0003252055357569339,True
ETH,2024-03-22,0.07359769317872587,0.07315058202624654,0.00044711115247933475,True
ETH,2024-03-23,0.07377365653204027,0.07339304367153997,0.0003806128605002984,True
ETH,2024-03-24,0.07380652685422498,0.07342201774408566,0.00038450911013931943,True
ETH,2024-03-25,0.07720363495049884,0.07707032755659353,0.00013330739390531032,True
ETH,2024-03-26,0.07728925339948768,0.07712804751638219,0.0001612058831054891,True
ETH,2024-03-27,0.0777300117928559,0.0775260918847607,0.00020391990809519311,True
ETH,2024-03-28,0.0778164110679733,0.07765928748360254,0.00015712358437075524,True
ETH,2024-03-29,0.07817590935596372,0.0779917580222448,0.000184151333718921,True
ETH,2024-03-30,0.07817657450084979,0.07799826297364298,0.00017831152720680643,True
ETH,2024-03-31,0.07935772234550123,0.07920317389753262,0.000154548447968611,True
ETH,2024-04-01,0.08067108207585376,0.0806742399246601,-3.1578488063344068e-06,False
ETH,2024-04-02,0.08515004761444704,0.0850067624616298,0.00014328515281723797,True
ETH,2024-04-03,0.0852088739036806,0.08508598436804692,0.00012288953563367733,True
ETH,2024-04-04,0.08525216818606801,0.08512508625286667,0.00012708193320133676,True
ETH,2024-04-05,0.08526087210760801,0.0851636797225679,9.719238504010685e-05,True
ETH,2024-04-06,0.0853440142750348,0.08523247316462963,0.0001115411104051639,True
ETH,2024-04-07,0.08551609477334875,0.08549170860539994,2.438616794880888e-05,True
ETH,2024-04-08,0.09237557002303878,0.09249379535556043,-0.00011822533252164869,False
ETH,2024-04-09,0.09423540007792655,0.09408829780447561,0.00014710227345093863,True
ETH,2024-04-10,0.0942896359849518,0.09412076779492108,0.00016886819003071596,True
ETH,2024-04-11,0.0943515408942042,0.09422705955831813,0.0001244813358860647,True
ETH,2024-04-12,0.10246279932362866,0.10263761215510069,-0.00017481283147202653,False
ETH,2024-04-13,0.1146873796949354,0.1144271765378059,0.00026020315712950437,True
ETH,2024-04-14,0.11642453840890737,0.1164539070182271,-2.9368609319721517e-05,False
ETH,2024-04-15,0.11647235586294528,0.11653438241957406,-6.202655662877754e-05,False
ETH,2024-04-16,0.11647673004356424,0.11653854725710942,-6.181721354518721e-05,False
ETH,2024-04-17,0.11757834191350464,0.11773702095041207,-0.00015867903690743035,False
ETH,2024-04-18,0.1183079735559077,0.11844277145037053,-0.0001347978944628292,False
ETH,2024-04-19,0.118345284024675,0.11848051220057407,-0.0001352281758990742,False
ETH,2024-04-20,0.11895650633628496,0.1191091774934051,-0.00015267115712014334,False
ETH,2024-04-21,0.11895744002548016,0.11910949635841092,-0.00015205633293076393,False
ETH,2024-04-22,0.11911347475279864,0.11929942206389005,-0.00018594731109140838,False
ETH,2024-04-23,0.11912903710095771,0.11931065538160969,-0.00018161828065198227,False
ETH,2024-04-24,0.1198787166345331,0.12001819051606054,-0.00013947388152743545,False
ETH,2024-04-25,0.12002209113278522,0.1201847277220482,-0.00016263658926297941,False
ETH,2024-04-26,0.12007530379261863,0.12026693735468984,-0.00019163356207120563,False
ETH,2024-04-27,0.1207217418357666,0.12094843012629462,-0.00022668829052802097,False
ETH,2024-04-28,0.1211692087677669,0.12142730403877218,-0.00025809527100527363,False
ETH,2024-04-29,0.12316604772960514,0.12339258233145844,-0.00022653460185330376,False
ETH,2024-04-30,0.12876479959323306,0.1287069175657228,5.7882027510253176e-05,True
ETH,2024-05-01,0.1289179296736442,0.12891744200528657,4.876683576404695e-07,True
ETH,2024-05-02,0.12911123304265537,0.12914912157243913,-3.788852978375834e-05,False
ETH,2024-05-03,0.13074152480734258,0.1309074289409158,-0.0001659041335732303,False
ETH,2024-05-04,0.13074673346997004,0.13091618455154921,-0.000169451081579175,False
ETH,2024-05-05,0.130750016130618,0.13091665605760391,-0.0001666399269859009,False
ETH,2024-05-06,0.1313031721593141,0.13147158702695882,-0.0001684148676447117,False
ETH,2024-05-07,0.13149189544643092,0.13166126283563573,-0.00016936738920481087,False
ETH,2024-05-08,0.13277654839860656,0.13287198718956036,-9.54387909538057e-05,False
ETH,2024-05-09,0.13318294646639664,0.1333266761104375,-0.00014372964404085753,False
ETH,2024-05-10,0.13511412915412238,0.13507711685469878,3.701229942359996e-05,True
ETH,2024-05-11,0.13517559214045927,0.13517100365226178,4.5884881974822544e-06,True
ETH,2024-05-12,0.1351786079672772,0.13517258364874976,6.024318527447781e-06,True
ETH,2024-05-13,0.13531359129884643,0.1352882546223625,2.5336676483939113e-05,True
ETH,2024-05-15,0.13701128417833844,0.13725769518998743,-0.00024641101164898926,False
ETH,2024-05-16,0.13787771075112706,0.13797394187722223,-9.623112609516427e-05,False
ETH,2024-05-17,0.14016241513866987,0.14043217145642825,-0.00026975631775838504,False
ETH,2024-05-18,0.1403707070452847,0.1406431277706023,-0.00027242072531760697,False
ETH,2024-05-19,0.14055511967477904,0.14079075409792213,-0.00023563442314308847,False
ETH,2024-05-20,0.15704088890961143,0.15747765388520094,-0.0004367649755895042,False
ETH,2024-05-21,0.16293813146639005,0.16385398794484068,-0.0009158564784506329,False
ETH,2024-05-22,0.1629463566816249,0.1638819811343781,-0.0009356244527531921,False
ETH,2024-05-23,0.16294717777820042,0.16388385328134503,-0.0009366755031446072,False
ETH,2024-05-24,0.1629641251156981,0.1639011340112486,-0.0009370088955504841,False
ETH,2024-05-25,0.16296464308757236,0.1639304735013754,-0.0009658304138030482,False
ETH,2024-05-26,0.16378355079280313,0.16464761930039637,-0.0008640685075932408,False
ETH,2024-05-27,0.16385157049713667,0.16470966295260148,-0.0008580924554648095,False
ETH,2024-05-28,0.16413017846752645,0.16494248020656818,-0.000812301739041732,False
ETH,2024-05-29,0.16454223870765491,0.16533423247922227,-0.0007919937715673564,False
ETH,2024-05-30,0.16455077844671606,0.1653490825704524,-0.0007983041237363264,False
ETH,2024-05-31,0.16469210459390557,0.16546862437637033,-0.0007765197824647629,False
ETH,2024-06-01,0.16469266421260206,0.1654687416074101,-0.0007760773948080335,False
ETH,2024-06-03,0.16475849715282845,0.16552179079451906,-0.0007632936416906155,False
ETH,2024-06-04,0.16479205962365315,0.16555072009471775,-0.0007586604710645983,False
ETH,2024-06-05,0.16493417578181682,0.16568012115019193,-0.0007459453683751061,False
ETH,2024-06-06,0.16535094771138298,0.1662124014076557,-0.0008614536962727182,False
ETH,2024-06-07,0.16632681814847886,0.16717073392783727,-0.0008439157793584118,False
ETH,2024-06-08,0.16634257565371235,0.1671864131361903,-0.0008438374824779327,False
ETH,2024-06-09,0.16642256645980877,0.1672990452528978,-0.000876478793089025,False
ETH,2024-06-10,0.1664494776079094,0.16731142750696032,-0.0008619498990509178,False
ETH,2024-06-11,0.16912939213931913,0.16995023876096052,-0.0008208466216413912,False
ETH,2024-06-12,0.16927170769982744,0.17012675599926091,-0.0008550482994334752,False
ETH,2024-06-13,0.1699002494935317,0.17086406896195847,-0.0009638194684267742,False
ETH,2024-06-14,0.17053536274545616,0.1715537831616309,-0.0010184204161747257,False
ETH,2024-06-16,0.17071327153194063,0.1717062550053625,-0.00099298347342186,False
ETH,2024-06-17,0.17138200134918294,0.17242060579187674,-0.0010386044426937968,False
ETH,2024-06-18,0.17161645323480407,0.17261641824539203,-0.0009999650105879665,False
ETH,2024-06-19,0.1720852047080198,0.17306613762430292,-0.0009809329162831226,False
ETH,2024-06-20,0.17216913965817113,0.173112372814767,-0.0009432331565958629,False
ETH,2024-06-21,0.17217121020205595,0.1731207253297399,-0.0009495151276839586,False
ETH,2024-06-22,0.1722497948774883,0.173231360039467,-0.000981565161978698,False
ETH,2024-06-23,0.1726229754077334,0.1735267125767846,-0.0009037371690512053,False
ETH,2024-06-24,0.174170381430491,0.174968458279585,-0.0007980768490939982,False
ETH,2024-06-25,0.17491598967990518,0.17571512951738677,-0.0007991398374815883,False
ETH,2024-06-26,0.17495506147153725,0.1757658010266335,-0.0008107395550962515,False
ETH,2024-06-27,0.1751823244726872,0.17590727813687296,-0.0007249536641857623,False
ETH,2024-06-28,0.17548479071883505,0.1762994062820172,-0.0008146155631821583,False
ETH,2024-06-29,0.17548571435373708,0.17630085881143387,-0.000815144457696787,False
ETH,2024-06-30,0.1756481977775914,0.17642336579681717,-0.0007751680192257526,False
ETH,2024-07-02,0.17575325515488252,0.17656562382347293,-0.000812368668590413,False
ETH,2024-07-03,0.17841806637507132,0.17930331166118404,-0.0008852452861127236,False
ETH,2024-07-04,0.18017721280463403,0.18115258351959757,-0.000975370714963536,False
ETH,2024-07-05,0.18385255042128873,0.18502076403496934,-0.0011682136136806076,False
ETH,2024-07-06,0.18435853277350275,0.1855444833016771,-0.0011859505281743565,False
ETH,2024-07-08,0.18436060397526222,0.1855454808409241,-0.0011848768656618769,False
ETH,2024-07-09,0.1849122201577824,0.18601772994981675,-0.0011055097920343593,False
ETH,2024-07-10,0.18499257783358006,0.18616636329536207,-0.001173785461782012,False
ETH,2024-07-11,0.1850211933970088,0.18618268768843055,-0.0011614942914217607,False
ETH,2024-07-12,0.18503398701802967,0.18620220536304596,-0.001168218345016292,False
ETH,2024-07-13,0.18527315675459413,0.18646109781249146,-0.0011879410578973237,False
ETH,2024-07-14,0.18532883832821415,0.18653525721886222,-0.00120641889064807,False
ETH,2024-07-15,0.19079341228651606,0.19190914750698268,-0.0011157352204666238,False
ETH,2024-07-16,0.19084776097650769,0.19199648470914216,-0.0011487237326344713,False
ETH,2024-07-17,0.19095296328594813,0.1921257156491766,-0.0011727523632284742,False
ETH,2024-07-18,0.19095298414946282,0.19212597488540278,-0.0011729907359399605,False
ETH,2024-07-19,0.19172286992063925,0.1928923671870339,-0.001169497266394648,False
ETH,2024-07-20,0.19178230597294801,0.19294469050904542,-0.001162384536097405,False
ETH,2024-07-21,0.19201969593173304,0.19314847439918734,-0.0011287784674542944,False
ETH,2024-07-23,0.1920336868493681,0.19316546250793087,-0.0011317756585627614,False
ETH,2024-07-24,0.19315878517756802,0.19431644592606703,-0.0011576607484990176,False
ETH,2024-07-25,0.19756375871159815,0.19937965528374577,-0.0018158965721476183,False
ETH,2024-07-26,0.19826455130724532,0.20008353411524699,-0.0018189828080016623,False
ETH,2024-07-27,0.1983142207118228,0.20016986505413284,-0.001855644342310031,False
ETH,2024-07-28,0.19833329322095108,0.20017079040370908,-0.0018374971827579967,False
ETH,2024-07-29,0.19842183442599243,0.20025101874453752,-0.0018291843185450907,False
ETH,2024-07-30,0.19860955796660718,0.20040708424762005,-0.0017975262810128734,False
ETH,2024-07-31,0.1989954750882204,0.20084581825373027,-0.0018503431655098601,False
ETH,2024-08-01,0.1994707641382067,0.2013222382549184,-0.0018514741167117155,False
ETH,2024-08-02,0.20222941344519557,0.20410078515268884,-0.001871371707493269,False
ETH,2024-08-03,0.20423736131155534,0.2061328790127049,-0.0018955177011495683,False
ETH,2024-08-04,0.20689932378348794,0.20877351193380345,-0.001874188150315509,False
ETH,2024-08-05,0.22178139247935008,0.22381257918808165,-0.002031186708731564,False
ETH,2024-08-07,0.22644100455328137,0.22841382065505533,-0.0019728161017739665,False
ETH,2024-08-08,0.23406382672385645,0.2359904349185502,-0.0019266081946937574,False
ETH,2024-08-09,0.23415039604046606,0.2360605566757336,-0.0019101606352675549,False
ETH,2024-08-10,0.2341504636295285,0.2360619433077807,-0.0019114796782521981,False
ETH,2024-08-11,0.2346836027016461,0.23661069135398077,-0.0019270886523346797,False
ETH,2024-08-12,0.23637650803159163,0.23837877218681933,-0.0020022641552276954,False
ETH,2024-08-13,0.2364381858942762,0.23842619301334658,-0.0019880071190703785,False
ETH,2024-08-14,0.23657861187749352,0.2385143510373763,-0.0019357391598827933,False
ETH,2024-08-15,0.23925178439862033,0.24105733579434732,-0.0018055513957269953,False
ETH,2024-08-16,0.23954285471166495,0.2413830007940594,-0.0018401460823944393,False
ETH,2024-08-17,0.2395496429200581,0.24140070587500928,-0.0018510629549511881,False
ETH,2024-08-18,0.23989661838018647,0.24172780357488893,-0.0018311851947024615,False
ETH,2024-08-19,0.24024303317482487,0.2420449667984274,-0.0018019336236025363,False
ETH,2024-08-20,0.2403919173291096,0.2422017212377476,-0.001809803908637997,False
ETH,2024-08-21,0.2406579324093286,0.24245499749162028,-0.0017970650822916878,False
ETH,2024-08-23,0.24319374387727524,0.24510625036876357,-0.0019125064914883305,False
ETH,2024-08-24,0.24341441898049077,0.24528936593915912,-0.0018749469586683554,False
ETH,2024-08-25,0.24350143631979396,0.24540029177886366,-0.0018988554590697038,False
ETH,2024-08-26,0.24455999090581115,0.24659865160559302,-0.002038660699781869,False
ETH,2024-08-27,0.24643820631726904,0.24840201512589083,-0.001963808808621792,False
ETH,2024-08-28,0.24683255992799963,0.2488050872797055,-0.0019725273517058606,False
ETH,2024-08-30,0.24694651085552452,0.24894286904177731,-0.0019963581862527946,False
ETH,2024-09-01,0.24696178777946,0.24895011843735007,-0.0019883306578900584,False
ETH,2024-09-03,0.24814712984386633,0.2500998698860583,-0.0019527400421919805,False
ETH,2024-09-04,0.2481529845151667,0.2501074213809719,-0.001954436865805209,False
ETH,2024-09-05,0.249500149179775,0.25148184422898284,-0.001981695049207838,False
ETH,2024-09-06,0.2579151087095727,0.2596504667065639,-0.0017353579969912047,False
ETH,2024-09-07,0.2597993409865649,0.26165312508490746,-0.0018537840983425813,False
ETH,2024-09-08,0.25987486449761626,0.26179806669519906,-0.0019232021975827962,False
ETH,2024-09-09,0.2608460616562996,0.262895751545962,-0.0020496898896624205,False
ETH,2024-09-10,0.2609823132065196,0.2630234633094006,-0.002041150102880973,False
ETH,2024-09-11,0.2611980313775371,0.26323818138498034,-0.002040150007443231,False
ETH,2024-09-12,0.26120152627978066,0.2632384172041137,-0.0020368909243330124,False
ETH,2024-09-13,0.26207756924163195,0.2641038093074484,-0.002026240065816476,False
ETH,2024-09-14,0.26208331309441457,0.2641061456997024,-0.00202283260528785,False
ETH,2024-09-15,0.26265390318888154,0.26467957136415493,-0.0020256681752733874,False
ETH,2024-09-16,0.264374843914359,0.266459361745357,-0.0020845178309980006,False
ETH,2024-09-17,0.2651726741384103,0.2672614553695992,-0.002088781231188941,False
ETH,2024-09-18,0.2652091328171564,0.26729696989141244,-0.002087837074256027,False
ETH,2024-09-19,0.26884251375548274,0.2708231329892082,-0.0019806192337254447,False
ETH,2024-09-20,0.26977565812784043,0.27181462513534527,-0.0020389670075048327,False
ETH,2024-09-21,0.2698837016444425,0.2719178923964699,-0.0020341907520274316,False
ETH,2024-09-22,0.2698883943774052,0.27192226164257965,-0.0020338672651744605,False
ETH,2024-09-23,0.27093853499372905,0.2729858182339777,-0.002047283240248665,False
ETH,2024-09-24,0.27094861164474815,0.2729938094981072,-0.0020451978533590487,False
ETH,2024-09-25,0.2717158234543194,0.27373820229215456,-0.0020223788378351815,False
ETH,2024-09-26,0.2719984837694081,0.2740640558930202,-0.0020655721236120805,False
ETH,2024-09-27,0.2726240498723463,0.2747127723780254,-0.002088722505679097,False
ETH,2024-09-28,0.27264594143183774,0.274736784313512,-0.002090842881674271,False
ETH,2024-09-29,0.2726733114201438,0.27475711405471825,-0.002083802634574472,False
ETH,2024-09-30,0.2729873646471104,0.2750709311925906,-0.0020835665454801977,False
ETH,2024-10-01,0.27739067261770206,0.2794079981814143,-0.002017325563712258,False
ETH,2024-10-02,0.27849253527085843,0.28049551609771645,-0.002002980826858014,False
ETH,2024-10-03,0.2789396594243193,0.2808954005601269,-0.0019557411358075982,False
ETH,2024-10-05,0.2791324097219731,0.28113266006092114,-0.0020002503389480175,False
ETH,2024-10-06,0.27944012668143203,0.28144811964011074,-0.002007992958678706,False
ETH,2024-10-07,0.2794422618506992,0.2814567303891189,-0.002014468538419689,False
ETH,2024-10-08,0.2794595045673144,0.28146427737555274,-0.002004772808238353,False
ETH,2024-10-09,0.28091673691185753,0.28297516561947594,-0.0020584287076184093,False
ETH,2024-10-10,0.2809171947899119,0.2829784481947128,-0.0020612534048009,False
ETH,2024-10-11,0.282341011593669,0.28434303754755125,-0.0020020259538822693,False
ETH,2024-10-12,0.2823721169679661,0.2843690412293651,-0.0019969242613990246,False
ETH,2024-10-13,0.2824054457115665,0.2843860087431811,-0.0019805630316145906,False
ETH,2024-10-14,0.2861624531002495,0.28812196350902025,-0.001959510408770737,False
ETH,2024-10-15,0.28649897742812724,0.28848979503856753,-0.0019908176104402875,False
ETH,2024-10-16,0.2867559588623262,0.2887442483002232,-0.0019882894378970284,False
ETH,2024-10-17,0.2868620792225475,0.2888650515302533,-0.0020029723077058526,False
ETH,2024-10-18,0.2871415350417758,0.2891110597077397,-0.0019695246659638954,False
ETH,2024-10-19,0.2871417334156328,0.2891110757498595,-0.001969342334226687,False
ETH,2024-10-20,0.2876927371868541,0.28970881886643146,-0.0020160816795773417,False
ETH,2024-10-21,0.2878642270618155,0.28987040434365413,-0.002006177281838606,False
ETH,2024-10-22,0.2881443180745734,0.2901335613767422,-0.001989243302168764,False
ETH,2024-10-23,0.2905445211868202,0.2925893233366897,-0.0020448021498694624,False
ETH,2024-10-24,0.290607126127955,0.2926487078486531,-0.002041581720698127,False
ETH,2024-10-25,0.2912088432315251,0.2932382673762222,-0.0020294241446970895,False
ETH,2024-10-26,0.2912224207317447,0.2932470437592076,-0.002024623027462924,False
ETH,2024-10-27,0.2912246318417823,0.2932514764061247,-0.0020268445643423783,False
ETH,2024-10-28,0.29135356036268684,0.29343112437703395,-0.002077564014347111,False
ETH,2024-10-29,0.2930041898128295,0.29493004635793346,-0.0019258565451039655,False
ETH,2024-10-30,0.29354377732900827,0.2954463898135592,-0.0019026124845509251,False
ETH,2024-10-31,0.29707553128588,0.29900560223931416,-0.001930070953434171,False
ETH,2024-11-01,0.2970758071668048,0.29900573666069535,-0.0019299294938905365,False
ETH,2024-11-02,0.2971866915337623,0.2991241924123549,-0.0019375008785925685,False
ETH,2024-11-03,0.29732780963962196,0.29928352099649685,-0.0019557113568748896,False
ETH,2024-11-04,0.2991379090542906,0.30125443073931274,-0.0021165216850221324,False
ETH,2024-11-05,0.299414391742592,0.3014854060995439,-0.0020710143569518946,False
ETH,2024-11-06,0.31071768909426756,0.3125992645598727,-0.0018815754656051342,False
ETH,2024-11-07,0.3162386413149289,0.31809086969238154,-0.001852228377452636,False
ETH,2024-11-08,0.31656315096387855,0.3183972306853721,-0.0018340797214935756,False
ETH,2024-11-09,0.31836949911056006,0.32013022625321735,-0.0017607271426572924,False
ETH,2024-11-10,0.3192059229559722,0.3209240110458778,-0.0017180880899055895,False
ETH,2024-11-11,0.32137964850347883,0.32310058178054823,-0.001720933277069403,False
ETH,2024-11-12,0.3215785968936173,0.3232961265142774,-0.0017175296206601298,False
ETH,2024-11-13,0.323183486462747,0.3250418232099271,-0.001858336747180056,False
ETH,2024-11-14,0.3234468182299819,0.3252714631898888,-0.001824644959906918,False
ETH,2024-11-15,0.3235535358736332,0.3253859172854577,-0.0018323814118244575,False
ETH,2024-11-16,0.32404191506477775,0.32587093815125856,-0.0018290230864808077,False
ETH,2024-11-17,0.3247650894731826,0.32659746569990333,-0.0018323762267207222,False
ETH,2024-11-18,0.3255757400948748,0.3273848586286755,-0.0018091185338007243,False
ETH,2024-11-19,0.3258735203787734,0.32776740119354747,-0.001893880814774096,False
ETH,2024-11-20,0.3259300233452638,0.32784193177733506,-0.0019119084320712854,False
ETH,2024-11-21,0.33250649282887595,0.3343370644996569,-0.0018305716707809339,False
ETH,2024-11-22,0.33255387396711245,0.33438536265805985,-0.0018314886909474026,False
ETH,2024-11-23,0.3330927084436743,0.3349376054285588,-0.0018448969848845476,False
ETH,2024-11-24,0.33378845524674855,0.3355973676050422,-0.0018089123582936684,False
ETH,2024-11-25,0.3341658031427125,0.33598748012102814,-0.001821676978315645,False
ETH,2024-11-26,0.33524566322389066,0.33709331242786655,-0.0018476492039758985,False
ETH,2024-11-27,0.34266286859343353,0.34451075240976703,-0.0018478838163334954,False
ETH,2024-11-28,0.34278285411780546,0.34463783068995846,-0.0018549765721529998,False
ETH,2024-11-29,0.34278750269343333,0.34464039317196665,-0.00185289047853332,False
ETH,2024-11-30,0.34387628370958967,0.3456622329845283,-0.0017859492749386363,False
ETH,2024-12-01,0.3438920693170577,0.3456825425650166,-0.0017904732479589458,False
ETH,2024-12-02,0.3446654664082493,0.346462288517651,-0.0017968221094016856,False
ETH,2024-12-03,0.3446994223456079,0.3464939876908481,-0.0017945653452401955,False
ETH,2024-12-04,0.34840942625703303,0.35014419346555786,-0.0017347672085248345,False
ETH,2024-12-05,0.34843195696346985,0.35017492178047105,-0.0017429648170012024,False
ETH,2024-12-06,0.3504819521522171,0.35223807145017977,-0.001756119297962655,False
ETH,2024-12-07,0.3505377584967303,0.35230616362610534,-0.0017684051293750391,False
ETH,2024-12-08,0.3506088162539485,0.3523808533270126,-0.0017720370730640589,False
ETH,2024-12-09,0.35706619631781716,0.35898463601007685,-0.001918439692259688,False
ETH,2024-12-10,0.3575044118625089,0.35944099329441387,-0.001936581431904949,False
ETH,2024-12-11,0.35974098467643456,0.3616306550689022,-0.001889670392467624,False
ETH,2024-12-12,0.35980444055636146,0.361678866835235,-0.00187442627887352,False
ETH,2024-12-13,0.3599287215817871,0.3618051086739229,-0.0018763870921357784,False
ETH,2024-12-14,0.36009549116837275,0.36198632533952124,-0.0018908341711484922,False
ETH,2024-12-15,0.36010137360118843,0.36199001139817333,-0.0018886377969848933,False
ETH,2024-12-16,0.3626180931036427,0.3644453665313939,-0.0018272734277512415,False
ETH,2024-12-17,0.36336520042691345,0.36527469843251104,-0.0019094980055975874,False
ETH,2024-12-18,0.3676693044882096,0.36950168580410436,-0.0018323813158947488,False
ETH,2024-12-19,0.3729910301341743,0.3750514546498852,-0.0020604245157109236,False
ETH,2024-12-20,0.3729947889421557,0.3750583839963246,-0.0020635950541688652,False
ETH,2024-12-21,0.3748665388110198,0.3768909065299826,-0.002024367718962805,False
ETH,2024-12-22,0.37562444230764463,0.3776792856680783,-0.002054843360433656,False
ETH,2024-12-23,0.3757299119225823,0.37778774747134997,-0.0020578355487676503,False
ETH,2024-12-24,0.3760144978625505,0.37807523274235116,-0.0020607348798006853,False
ETH,2024-12-25,0.3761272760119991,0.3781998132092442,-0.0020725371972450946,False
ETH,2024-12-26,0.37809378489113055,0.3801335144997225,-0.0020397296085919447,False
ETH,2024-12-27,0.37816902225403853,0.3801927179970261,-0.0020236957429875524,False
ETH,2024-12-28,0.37894681279785886,0.3808914551361784,-0.0019446423383195355,False
ETH,2024-12-29,0.3790664326179497,0.3810033864576337,-0.001936953839684008,False
ETH,2024-12-30,0.37911069786651963,0.3810414938327037,-0.0019307959661840624,False
ETH,2024-12-31,0.3791926319441267,0.38114312601704486,-0.0019504940729181408,False
ETH,2025-01-01,0.3792196433906667,0.3811679510548118,-0.0019483076641451103,False
ETH,2025-01-02,0.37978199823629244,0.3816836326709669,-0.0019016344346744485,False
ETH,2025-01-03,0.3816201231469707,0.38352220016532884,-0.0019020770183581504,False
ETH,2025-01-04,0.3818224590221616,0.3837110079011765,-0.0018885488790149063,False
ETH,2025-01-05,0.3818334476656906,0.38371691562342675,-0.0018834679577361402,False
ETH,2025-01-06,0.38186051890649936,0.3837423306315718,-0.0018818117250724575,False
ETH,2025-01-07,0.38882762429851275,0.39085398220650835,-0.0020263579079956018,False
ETH,2025-01-08,0.3894296465382944,0.3914072780191597,-0.0019776314808652717,False
ETH,2025-01-09,0.3904874080745688,0.39248549605925936,-0.0019980879846905886,False
ETH,2025-01-10,0.3907017981903975,0.39270642256948146,-0.0020046243790839413,False
ETH,2025-01-11,0.3909297856318728,0.39291710967145155,-0.0019873240395787417,False
ETH,2025-01-12,0.3910250856457869,0.39301017632824736,-0.001985090682460444,False
ETH,2025-01-13,0.3931963098193588,0.3952782024510125,-0.002081892631653648,False
ETH,2025-01-14,0.3939657302004616,0.39604013892554246,-0.0020744087250808563,False
ETH,2025-01-15,0.3986845453564644,0.400702608811934,-0.0020180634554695653,False
ETH,2025-01-16,0.4001401363113878,0.40212351009043257,-0.0019833737790447836,False
ETH,2025-01-17,0.4019158274215996,0.40382222551890906,-0.0019063980973094696,False
ETH,2025-01-18,0.40566868686943675,0.4075690660383843,-0.0019003791689475302,False
ETH,2025-01-19,0.4060942819208527,0.40799428122019177,-0.0018999992993390946,False
ETH,2025-01-20,0.4062146624980223,0.4081094383118381,-0.0018947758138158077,False
ETH,2025-01-21,0.40642117784069076,0.4083284604292164,-0.0019072825885256273,False
ETH,2025-01-22,0.40683840417764994,0.408733162757639,-0.0018947585799890532,False
ETH,2025-01-23,0.4068700899911356,0.40877281590184783,-0.0019027259107122219,False
ETH,2025-01-24,0.4074829329782008,0.409379411825797,-0.0018964788475961947,False
ETH,2025-01-25,0.4075093244714348,0.4094023660892819,-0.001893041617847091,False
ETH,2025-01-26,0.40763854788114723,0.4095368136123976,-0.0018982657312503481,False
ETH,2025-01-27,0.4094225816598966,0.411272733036744,-0.0018501513768474087,False
ETH,2025-01-28,0.41064245475442507,0.412536388185662,-0.0018939334312369493,False
ETH,2025-01-29,0.41107121955231374,0.41298013976499626,-0.0019089202126825189,False
ETH,2025-01-30,0.41220815847107706,0.4141930236029918,-0.0019848651319147592,False
ETH,2025-01-31,0.4126466993016068,0.4146050507653371,-0.0019583514637303012,False
ETH,2025-02-01,0.41527328282453335,0.41728728722392594,-0.0020140043993925882,False
ETH,2025-02-02,0.42227562773791766,0.4243492746543561,-0.002073646916438465,False
ETH,2025-02-03,0.4236452168104111,0.42578105323440685,-0.0021358364239957295,False
ETH,2025-02-04,0.4282743621570095,0.4304814969288033,-0.002207134771793795,False
ETH,2025-02-05,0.4307986858674707,0.43299116685038835,-0.002192480982917633,False
ETH,2025-02-06,0.43161833904596536,0.4338652398839413,-0.0022469008379759625,False
ETH,2025-02-07,0.43389320527532294,0.436231733727465,-0.0023385284521420524,False
ETH,2025-02-08,0.43420429268828575,0.4365230396304669,-0.002318746942181149,False
ETH,2025-02-09,0.435093713120733,0.4374740656732471,-0.0023803525525140645,False
ETH,2025-02-10,0.43674789404992004,0.4390396672302352,-0.0022917731803151487,False
ETH,2025-02-11,0.4370479487519087,0.43935794814290496,-0.0023099993909962424,False
ETH,2025-02-12,0.43760540632271805,0.4399640159990202,-0.002358609676302137,False
ETH,2025-02-13,0.43761428236668076,0.4399746684497473,-0.0023603860830665457,False
ETH,2025-02-14,0.43827743876847336,0.4406211859379475,-0.002343747169474164,False
ETH,2025-02-15,0.43845773469150917,0.440818215223727,-0.0023604805322178235,False
ETH,2025-02-16,0.4384831043467422,0.4408488238897614,-0.0023657195430191735,False
ETH,2025-02-17,0.4396133820990156,0.44196684422171784,-0.00235346212270221,False
ETH,2025-02-18,0.44150208799656854,0.4438886276237826,-0.0023865396272140793,False
ETH,2025-02-19,0.4417987838534419,0.44419674278232196,-0.002397958928880062,False
ETH,2025-02-20,0.4418404671686378,0.444225849965605,-0.002385382796967206,False
ETH,2025-02-21,0.4427443241271584,0.4451546692056094,-0.002410345078451004,False
ETH,2025-02-22,0.4448465047641842,0.4473407951392792,-0.0024942903750950207,False
ETH,2025-02-23,0.4452116883307491,0.44769493090013135,-0.00248324256938226,False
ETH,2025-02-24,0.4489259572688753,0.451383899484653,-0.0024579422157777198,False
ETH,2025-02-25,0.4516796569938349,0.4541898718114393,-0.002510214817604439,False
ETH,2025-02-26,0.45714637702250127,0.4596640033672141,-0.002517626344712809,False
ETH,2025-02-27,0.4582397558180828,0.46076222413636747,-0.0025224683182846763,False
ETH,2025-02-28,0.4587763421834781,0.4612975896241667,-0.002521247440688601,False
ETH,2025-03-01,0.4587918874059496,0.4613139489829575,-0.002522061577007906,False
ETH,2025-03-02,0.47343326200920177,0.4756659888381278,-0.0022327268289260016,False
ETH,2025-03-03,0.504969957060221,0.5072399610537839,-0.002270003993562919,False
ETH,2025-03-04,0.5055449971962606,0.5077868008053192,-0.002241803609058679,False
ETH,2025-03-05,0.5067515392237981,0.5089911807498714,-0.002239641526073255,False
ETH,2025-03-06,0.5068116318060393,0.5090647446941858,-0.002253112888146558,False
ETH,2025-03-07,0.5075236328999637,0.50977909018487,-0.0022554572849062815,False
ETH,2025-03-08,0.5085662571273148,0.5107528884201143,-0.0021866312927995013,False
ETH,2025-03-09,0.5145438991586592,0.5168475091069379,-0.0023036099482787176,False
ETH,2025-03-10,0.5239103917661678,0.5262384987796339,-0.0023281070134660853,False
ETH,2025-03-11,0.5250513120417949,0.5273395945456317,-0.002288282503836836,False
ETH,2025-03-12,0.5253851823157628,0.5277075693590707,-0.002322387043307894,False
ETH,2025-03-13,0.5264619652932081,0.5288226488864219,-0.0023606835932138415,False
ETH,2025-03-14,0.5281252549784562,0.5304901363484174,-0.002364881369961158,False
ETH,2025-03-15,0.5281965559634387,0.530549266166425,-0.002352710202986219,False
ETH,2025-03-16,0.529038544485462,0.531441706096112,-0.0024031616106500175,False
ETH,2025-03-17,0.5292651255176968,0.5316717841061143,-0.0024066585884174874,False
ETH,2025-03-18,0.5295005095887679,0.5319355398223715,-0.0024350302336035856,False
ETH,2025-03-19,0.5337845214353641,0.5361879309916501,-0.0024034095562859292,False
ETH,2025-03-20,0.534553244137504,0.537007838092184,-0.002454593954679951,False
ETH,2025-03-21,0.5345966606168244,0.5370540508766438,-0.002457390259819392,False
ETH,2025-03-22,0.5346748410596235,0.5371276753382609,-0.0024528342786374058,False
ETH,2025-03-23,0.5346750444184568,0.5371282437722996,-0.0024531993538428054,False
ETH,2025-03-24,0.5366838498360587,0.5390574512537595,-0.0023736014177008213,False
ETH,2025-03-25,0.5367601072862088,0.5391499962155758,-0.002389888929366979,False
ETH,2025-03-26,0.5376000943768291,0.5400185290153903,-0.0024184346385611732,False
ETH,2025-03-27,0.5376053583875711,0.540029043619247,-0.0024236852316759094,False
ETH,2025-03-28,0.542074004865356,0.5446104878395236,-0.002536482974167642,False
ETH,2025-03-29,0.5432512433446277,0.5458221217145659,-0.00257087836993819,False
ETH,2025-03-30,0.5432527537297328,0.5458246849318836,-0.0025719312021508234,False
ETH,2025-03-31,0.5432777956215704,0.5458543755914839,-0.0025765799699134506,False
ETH,2025-04-01,0.5455296184095563,0.548056982720816,-0.002527364311259772,False
ETH,2025-04-02,0.5457892052050025,0.5483354841281516,-0.00254627892314907,False
ETH,2025-04-03,0.5478315409669567,0.5504337030440786,-0.002602162077121828,False
ETH,2025-04-04,0.5485154270290089,0.5511040733070416,-0.00258864627803268,False
ETH,2025-04-05,0.5485226512171704,0.5511113335051521,-0.002588682287981703,False
ETH,2025-04-06,0.561169591758412,0.5636859434267741,-0.002516351668362171,False
ETH,2025-04-07,0.5613246497121287,0.5638320237022297,-0.002507373990101036,False
ETH,2025-04-08,0.5640451112279111,0.5666231139170733,-0.0025780026891621954,False
ETH,2025-04-09,0.5809152501244843,0.5833375048161937,-0.0024222546917094245,False
ETH,2025-04-10,0.5935144150522448,0.595961752143735,-0.0024473370914902537,False
ETH,2025-04-11,0.5946027698303877,0.5969938814464646,-0.0023911116160768575,False
ETH,2025-04-12,0.5968446776925177,0.5991829855409035,-0.0023383078483858455,False
ETH,2025-04-13,0.5981170007640062,0.6004909834788352,-0.002373982714829026,False
ETH,2025-04-14,0.598608054033418,0.6009523800426697,-0.002344326009251718,False
ETH,2025-04-15,0.5994276088283746,0.6018697051588136,-0.002442096330438903,False
ETH,2025-04-16,0.5997705154732694,0.6022200100989592,-0.0024494946256897743,False
ETH,2025-04-17,0.5998227020951628,0.6022580273871968,-0.002435325292034052,False
ETH,2025-04-18,0.5998524669459064,0.6022768685939236,-0.0024244016480171604,False
ETH,2025-04-19,0.6000032724320639,0.6024121649375171,-0.002408892505453286,False
ETH,2025-04-20,0.6002416292026083,0.6026818473963881,-0.0024402181937798195,False
ETH,2025-04-21,0.6003324646410811,0.6027787983925011,-0.0024463337514200045,False
ETH,2025-04-22,0.6063347487709141,0.6085771429568332,-0.0022423941859190943,False
ETH,2025-04-23,0.6096431771868894,0.6117166622430491,-0.002073485056159674,False
ETH,2025-04-24,0.609857711217334,0.6119772599979868,-0.0021195487806527913,False
ETH,2025-04-25,0.6100587729492299,0.612162238949343,-0.002103466000113019,False
ETH,2025-04-26,0.6100814403059813,0.6121833324966156,-0.0021018921906342802,False
ETH,2025-04-27,0.6100858428172972,0.6121885563499734,-0.0021027135326762147,False
ETH,2025-04-28,0.6101809430227774,0.6122908875215988,-0.0021099444988214033,False
ETH,2025-04-29,0.6102835535239134,0.6123754224380905,-0.0020918689141771196,False
ETH,2025-04-30,0.6103636730391023,0.6124724016602716,-0.002108728621169287,False
ETH,2025-05-01,0.61095106922215,0.6130246287995973,-0.0020735595774472593,False
ETH,2025-05-02,0.6110172145673971,0.6130721072198123,-0.002054892652415208,False
ETH,2025-05-03,0.6110530734260041,0.6131214322210214,-0.002068358795017322,False
ETH,2025-05-04,0.6110668670700801,0.6131449148271607,-0.0020780477570806477,False
ETH,2025-05-05,0.6113669275731385,0.6135034103253982,-0.0021364827522597496,False
ETH,2025-05-06,0.6118194940300127,0.6139970697315483,-0.00217757570153565,False
ETH,2025-05-07,0.6119025840710237,0.6140611912268364,-0.0021586071558127307,False
ETH,2025-05-08,0.6495858495201955,0.6513340213840584,-0.0017481718638628907,False
ETH,2025-05-09,0.6566501105896186,0.6583062267946652,-0.001656116205046576,False
ETH,2025-05-10,0.660922562373996,0.6623918158936163,-0.0014692535196202394,False
ETH,2025-05-11,0.6610346261498522,0.6624533905127373,-0.0014187643628851276,False
ETH,2025-05-12,0.6611556431345186,0.6625638596232389,-0.0014082164887203596,False
ETH,2025-05-13,0.6666615387491914,0.6677762839668419,-0.0011147452176504258,False
ETH,2025-05-14,0.667449572621777,0.6686563893375983,-0.001206816715821346,False
ETH,2025-05-15,0.6680650900468119,0.6692833481149977,-0.0012182580681857624,False
ETH,2025-05-16,0.6681304380008114,0.6693615704192216,-0.001231132418410219,False
ETH,2025-05-17,0.66920140628396,0.6704968022911701,-0.0012953960072101811,False
ETH,2025-05-18,0.6709791308714167,0.6722577447543189,-0.0012786138829021798,False
ETH,2025-05-19,0.6732201230570151,0.6744277776499373,-0.0012076545929222693,False
ETH,2025-05-20,0.6732223062593177,0.6744280079201083,-0.0012057016607905924,False
ETH,2025-05-21,0.673234014484062,0.6744440266772616,-0.0012100121931996055,False
ETH,2025-05-22,0.6764618472775952,0.677589130546614,-0.0011272832690187862,False
ETH,2025-05-23,0.6777963320542828,0.6790522311382553,-0.0012558990839725004,False
ETH,2025-05-24,0.6777989320689236,0.6790524202716702,-0.001253488202746622,False
ETH,2025-05-25,0.6778889774734604,0.6791472297767016,-0.0012582523032411697,False
ETH,2025-05-26,0.6781920555822739,0.6793733560870712,-0.0011813005047972558,False
ETH,2025-05-27,0.6795110402058105,0.6805967499618779,-0.0010857097560673656,False
ETH,2025-05-28,0.6797054784584515,0.6807432379512248,-0.0010377594927732936,False
ETH,2025-05-29,0.6797112759824803,0.6807473341887441,-0.0010360582062638457,False
ETH,2025-05-30,0.6804012182210961,0.6814465690523696,-0.0010453508312734394,False
ETH,2025-05-31,0.6806373442932331,0.6817473320709843,-0.0011099877777511757,False
ETH,2025-06-01,0.6806896616976161,0.6818255103882831,-0.001135848690666963,False
ETH,2025-06-02,0.6807132234048963,0.6818311992599781,-0.0011179758550818875,False
ETH,2025-06-03,0.681512478824582,0.682518521594378,-0.0010060427697959895,False
ETH,2025-06-04,0.6815322586701114,0.6825328078660792,-0.0010005491959678148,False
ETH,2025-06-05,0.6886320908536266,0.6898933164857136,-0.0012612256320869708,False
ETH,2025-06-06,0.6900933389391695,0.6912681192236638,-0.001174780284494359,False
ETH,2025-06-07,0.6901955714599334,0.6913459583432627,-0.0011503868833293573,False
ETH,2025-06-08,0.6902045162778473,0.691346184283449,-0.0011416680056016704,False
ETH,2025-06-09,0.6906764318275049,0.6918324769229304,-0.0011560450954254398,False
ETH,2025-06-10,0.6954787256709917,0.6962315863924385,-0.0007528607214468686,False
ETH,2025-06-11,0.6958073880420379,0.6965410176910297,-0.0007336296489918182,False
ETH,2025-06-12,0.6996748929291816,0.7004023455754688,-0.0007274526462871522,False
ETH,2025-06-13,0.7014457864147272,0.7022245825624169,-0.0007787961476897198,False
ETH,2025-06-14,0.7017476402291722,0.7025634005810117,-0.0008157603518395007,False
ETH,2025-06-15,0.7017569999199805,0.7025764567437979,-0.0008194568238173439,False
ETH,2025-06-16,0.7059470005786529,0.7064897723038268,-0.0005427717251739184,False
ETH,2025-06-17,0.7091980218182827,0.7098835367374402,-0.0006855149191574705,False
ETH,2025-06-18,0.7091994570040762,0.7098844481814502,-0.0006849911773740835,False
ETH,2025-06-19,0.7093006704810552,0.7100065565420591,-0.0007058860610039686,False
ETH,2025-06-20,0.7103621589783728,0.7112519767898822,-0.0008898178115093192,False
ETH,2025-06-21,0.7104910623457857,0.7113740110713578,-0.0008829487255720414,False
ETH,2025-06-22,0.7193721837288398,0.7207635044638165,-0.0013913207349767198,False
ETH,2025-06-23,0.7235911582666364,0.7246807149680518,-0.0010895567014153063,False
ETH,2025-06-24,0.7256770558760542,0.726608904421612,-0.000931848545557723,False
ETH,2025-06-25,0.7256773393231211,0.7266106298730217,-0.0009332905499006561,False
ETH,2025-06-26,0.7256783429535522,0.7266114387305009,-0.000933095776948778,False
ETH,2025-06-27,0.7257425861477663,0.7266668634654636,-0.0009242773176972863,False
ETH,2025-06-28,0.7257469401115247,0.7266680710819037,-0.0009211309703789361,False
ETH,2025-06-29,0.7257534754696875,0.7266728878067591,-0.0009194123370716012,False
ETH,2025-06-30,0.7266362390955543,0.7274507349585212,-0.0008144958629668908,False
ETH,2025-07-01,0.7278004059087636,0.728874132385798,-0.001073726477034409,False
ETH,2025-07-02,0.7322354874201613,0.7331565490596107,-0.0009210616394493831,False
ETH,2025-07-03,0.7322782601946604,0.7331784047551143,-0.0009001445604539526,False
ETH,2025-07-04,0.7342124909045213,0.7351707441184302,-0.0009582532139088551,False
ETH,2025-07-05,0.7342290127750635,0.7351835618858957,-0.000954549110832259,False
ETH,2025-07-06,0.7345219945761451,0.7353971492546247,-0.0008751546784796504,False
ETH,2025-07-07,0.7345310766419223,0.735416682861452,-0.000885606219529711,False
ETH,2025-07-08,0.7351511921618802,0.7360271198683904,-0.0008759277065102378,False
ETH,2025-07-09,0.7380619242708303,0.7387708964052273,-0.0007089721343970234,False
ETH,2025-07-10,0.7389309892302022,0.739490640371839,-0.0005596511416368077,False
ETH,2025-07-11,0.7418392432254868,0.7424292823727616,-0.0005900391472748456,False
ETH,2025-07-12,0.7421399912321393,0.7428183320981249,-0.000678340865985616,False
ETH,2025-07-13,0.7426532586500495,0.7432119976935487,-0.0005587390434992345,False
ETH,2025-07-14,0.7426734292107572,0.743221450191727,-0.0005480209809698433,False
ETH,2025-07-15,0.7427978072213804,0.7432975924049235,-0.0004997851835431,False
ETH,2025-07-16,0.7539919229205162,0.7543566349277369,-0.0003647120072206578,False
ETH,2025-07-17,0.7542356734016903,0.754569859061286,-0.00033418565959575375,False
ETH,2025-07-18,0.7549967524894016,0.7552805768340962,-0.0002838243446946498,False
ETH,2025-07-19,0.7551657057999914,0.7554385402786853,-0.0002728344786938619,False
ETH,2025-07-20,0.7574494672337321,0.7577837826824183,-0.00033431544868622876,False
ETH,2025-07-21,0.7574878751307463,0.7578268246619566,-0.00033894953121027527,False
ETH,2025-07-22,0.7577232872260158,0.758123650538926,-0.00040036331291026794,False
ETH,2025-07-23,0.7593480312476981,0.7598278207876978,-0.00047978953999971985,False
ETH,2025-07-24,0.7613067300872994,0.7617955998413413,-0.0004888697540418319,False
ETH,2025-07-25,0.761452944851721,0.7619501447950362,-0.0004971999433152074,False
ETH,2025-07-26,0.7616307039018524,0.7620881739978076,-0.0004574700959552036,False
ETH,2025-07-27,0.7620323015021441,0.7624412555639812,-0.00040895406183716343,False
ETH,2025-07-28,0.7621211943859149,0.7625582300054372,-0.00043703561952235237,False
ETH,2025-07-29,0.7622505394979174,0.7626759013557064,-0.00042536185778896396,False
ETH,2025-07-30,0.7622524491584385,0.7626817584045223,-0.00042930924608386434,False
ETH,2025-07-31,0.762404683599749,0.7628723499230864,-0.0004676663233373901,False
ETH,2025-08-01,0.7654703588359814,0.766249488374423,-0.0007791295384416141,False
ETH,2025-08-02,0.766739949002411,0.7676313955319272,-0.0008914465295161156,False
ETH,2025-08-03,0.7671746121999551,0.7680552774871086,-0.0008806652871534704,False
ETH,2025-08-04,0.7709192759446255,0.7718231340744023,-0.00090385812977678,False
ETH,2025-08-05,0.7721293643250812,0.7732091529852796,-0.001079788660198422,False
ETH,2025-08-06,0.7727408607797779,0.7737455350538516,-0.0010046742740736914,False
ETH,2025-08-07,0.775671888570237,0.7765825714032039,-0.0009106828329669137,False
ETH,2025-08-08,0.7778623044786332,0.778691080247665,-0.000828775769031731,False
ETH,2025-08-09,0.7809057650232326,0.7816561088771756,-0.0007503438539430141,False
ETH,2025-08-10,0.7811747363408131,0.781921713242878,-0.000746976902064822,False
ETH,2025-08-11,0.7811801312865563,0.781921823354507,-0.0007416920679507166,False
ETH,2025-08-12,0.7885212773537661,0.7887693574594549,-0.0002480801056887749,False
ETH,2025-08-13,0.7891190293067498,0.7893242041038379,-0.00020517479708803688,False
ETH,2025-08-14,0.7907836545064346,0.7908901542955628,-0.00010649978912813385,False
ETH,2025-08-15,0.7916058049096414,0.7918517356247613,-0.00024593071511991305,False
ETH,2025-08-16,0.7916058287847156,0.7918519568292269,-0.00024612804451129566,False
ETH,2025-08-17,0.7916859462657827,0.7918902003863386,-0.0002042541205559134,False
ETH,2025-08-18,0.7924977271355012,0.7928657950506495,-0.00036806791514831794,False
ETH,2025-08-19,0.7947197101624573,0.7950753753388807,-0.0003556651764233809,False
ETH,2025-08-20,0.7966075099048647,0.7968681393914043,-0.0002606294865395986,False
ETH,2025-08-21,0.7973160722096226,0.7975745791672237,-0.0002585069576011012,False
ETH,2025-08-22,0.8140470997540898,0.8139728728889475,7.422686514235721e-05,True
ETH,2025-08-23,0.8142486819556986,0.8142218590805003,2.6822875198284635e-05,True
ETH,2025-08-24,0.8142586511886024,0.8142379617888841,2.068939971833217e-05,True
ETH,2025-08-25,0.8237037283207346,0.8242414649490766,-0.0005377366283420004,False
ETH,2025-08-26,0.8254719988371059,0.8258863359752924,-0.00041433713818650464,False
ETH,2025-08-27,0.8254776896873552,0.8258933404391804,-0.0004156507518251473,False
ETH,2025-08-28,0.8265412964938347,0.8269320637380027,-0.0003907672441679777,False
ETH,2025-08-29,0.8277431350428464,0.8282663316371631,-0.000523196594316766,False
ETH,2025-08-30,0.8277448489896739,0.828266429009481,-0.0005215800198070664,False
ETH,2025-08-31,0.8283472944936909,0.8287224998462465,-0.0003752053525555299,False
ETH,2025-09-01,0.829794749436442,0.8301469477488962,-0.0003521983124541439,False
ETH,2025-09-02,0.8297971290990461,0.830148332285177,-0.0003512031861309106,False
ETH,2025-09-03,0.8307272447377365,0.8310055554679835,-0.00027831073024697783,False
ETH,2025-09-04,0.8321317533143926,0.8326180371915151,-0.000486283877122462,False
ETH,2025-09-05,0.8321351928432297,0.8326181783040368,-0.00048298546080716154,False
ETH,2025-09-06,0.8323508138809291,0.8329000153257494,-0.0005492014448202909,False
ETH,2025-09-07,0.8323611635760673,0.8329050286242572,-0.0005438650481899288,False
ETH,2025-09-08,0.832361869914638,0.8329076556049538,-0.0005457856903158254,False
ETH,2025-09-09,0.8323619263123874,0.8329095971068138,-0.0005476707944264136,False
ETH,2025-09-10,0.832375876584049,0.832943890690266,-0.0005680141062169852,False
ETH,2025-09-11,0.8327252547598738,0.83318231164792,-0.00045705688804620337,False
ETH,2025-09-12,0.8358295179145561,0.8360856952857185,-0.0002561773711624582,False
ETH,2025-09-13,0.8358302834326182,0.8360892982759369,-0.0002590148433186945,False
ETH,2025-09-14,0.8359317311223287,0.8362010659427218,-0.00026933482039315226,False
ETH,2025-09-15,0.8365603358322568,0.8369344498344643,-0.0003741140022075484,False
ETH,2025-09-16,0.8366003407161415,0.8369621265411508,-0.00036178582500923095,False
ETH,2025-09-17,0.8366058939435213,0.8369655853677892,-0.0003596914242679494,False
ETH,2025-09-18,0.8370142493833822,0.8374075644397955,-0.00039331505641326814,False
ETH,2025-09-19,0.8380474707513633,0.8386173849991303,-0.0005699142477669783,False
ETH,2025-09-20,0.8380475384588936,0.8386213218728545,-0.000573783413960971,False
ETH,2025-09-21,0.8380666383583611,0.8386440368124669,-0.0005773984541057597,False
ETH,2025-09-22,0.8431459151228952,0.8438752977198597,-0.000729382596964534,False
ETH,2025-09-23,0.8432266647066279,0.8440066601533784,-0.0007799954467505588,False
ETH,2025-09-24,0.8432438604548538,0.8440505155530306,-0.0008066550981767895,False
ETH,2025-09-25,0.8482790457701471,0.84937920905156,-0.0011001632814128248,False
ETH,2025-09-26,0.8488403239402359,0.8498377718327927,-0.0009974478925568464,False
ETH,2025-09-27,0.8488424002199999,0.8498416233321088,-0.0009992231121088713,False
ETH,2025-09-28,0.8489319718891972,0.8499118133834775,-0.0009798414942803202,False
ETH,2025-09-29,0.8506252166979152,0.8515575151564198,-0.0009322984585045102,False
ETH,2025-09-30,0.8506832124677995,0.8516262462675643,-0.000943033799764792,False
ETH,2025-10-01,0.8516354593465776,0.8525391887861961,-0.0009037294396184725,False
ETH,2025-10-02,0.852851525576146,0.8536856704058716,-0.0008341448297256582,False
ETH,2025-10-03,0.8529688747532209,0.8537724362870889,-0.000803561533867958,False
ETH,2025-10-04,0.8531745844487082,0.8540005385737652,-0.0008259541250570379,False
ETH,2025-10-05,0.8531795985885177,0.8540011394796385,-0.0008215408911208533,False
ETH,2025-10-06,0.8547845782053644,0.8556608073500677,-0.000876229144703311,False
ETH,2025-10-07,0.8565210395777899,0.8575476047394633,-0.0010265651616734317,False
ETH,2025-10-08,0.8565917916102394,0.857610715001802,-0.0010189233915626206,False
ETH,2025-10-09,0.8584310896438326,0.8596315666249554,-0.0012004769811228,False
ETH,2025-10-10,0.8727410595918008,0.8745189514853559,-0.0017778918935550392,False
ETH,2025-10-11,0.8749302848558271,0.8767388823954858,-0.001808597539658674,False
ETH,2025-10-12,0.8879588395865443,0.8899655188371765,-0.0020066792506321374,False
ETH,2025-10-13,0.8899820312950649,0.8918561879408307,-0.0018741566457657344,False
ETH,2025-10-14,0.892279665110866,0.8943047219544606,-0.0020250568435946636,False
ETH,2025-10-15,0.8940775559458686,0.8961909238529402,-0.002113367907071617,False
ETH,2025-10-16,0.8951745971840901,0.8972919113314574,-0.0021173141473672663,False
ETH,2025-10-17,0.8951749613064205,0.8972924054323693,-0.002117444125948831,False
ETH,2025-10-18,0.8952229909390282,0.897349921284179,-0.002126930345150768,False
ETH,2025-10-19,0.8959902134047424,0.8981242127615653,-0.002133999356822902,False
ETH,2025-10-20,0.8959902365302681,0.8981251898334255,-0.002134953303157383,False
ETH,2025-10-21,0.8962873774587495,0.8984509577731417,-0.0021635803143921217,False
ETH,2025-10-22,0.8981844637071484,0.9003839248285974,-0.0021994611214489757,False
ETH,2025-10-23,0.8983130698648644,0.9004898557030167,-0.002176785838152284,False
ETH,2025-10-24,0.8989114133253318,0.9010386306179284,-0.0021272172925966837,False
ETH,2025-10-25,0.8989158392343025,0.901042568847203,-0.002126729612900502,False
ETH,2025-10-26,0.8996932727646381,0.9018791957921861,-0.0021859230275480535,False
ETH,2025-10-27,0.8999680434131977,0.902102733128438,-0.0021346897152403344,False
ETH,2025-10-28,0.9011459539895467,0.9032313728301331,-0.0020854188405864393,False
ETH,2025-10-29,0.9012298971034022,0.9033558871798204,-0.002125990076418227,False
ETH,2025-10-30,0.9040440303951037,0.9063648691800797,-0.0023208387849760204,False
ETH,2025-10-31,0.9045392971042884,0.9068493439863975,-0.002310046882109118,False
ETH,2025-11-01,0.9045762343881605,0.9068858116911438,-0.002309577302983312,False
ETH,2025-11-02,0.9046070904477055,0.9069085433080575,-0.0023014528603519935,False
ETH,2025-11-03,0.9096713491965975,0.9120964961653566,-0.002425146968759062,False
ETH,2025-11-04,0.9240554196920371,0.9267347893351975,-0.002679369643160401,False
ETH,2025-11-05,0.928067906898854,0.9305844222370507,-0.0025165153381967453,False
ETH,2025-11-06,0.9290991266559661,0.9316981934849385,-0.002599066828972485,False
ETH,2025-11-07,0.9307413357306645,0.933241274110454,-0.002499938379789457,False
ETH,2025-11-08,0.93100183093515,0.9335154052338086,-0.0025135742986586163,False
ETH,2025-11-09,0.9331853166824314,0.9356355476670073,-0.002450230984575863,False
ETH,2025-11-10,0.9332634775666083,0.9357330815587651,-0.002469603992156788,False
ETH,2025-11-11,0.9349573714813284,0.9374966960225641,-0.0025393245412357324,False
ETH,2025-11-12,0.9349592620165783,0.9375034251138823,-0.0025441630973039864,False
ETH,2025-11-13,0.9409439059487478,0.9435144888846493,-0.002570582935901511,False
ETH,2025-11-14,0.9409803901663835,0.9435584972783653,-0.002578107111981809,False
ETH,2025-11-15,0.9409846416470627,0.9435695478380225,-0.002584906190959746,False
ETH,2025-11-16,0.9416308164929033,0.9443024982082366,-0.002671681715333385,False
ETH,2025-11-17,0.9420945106906002,0.9448154823055485,-0.00272097161494822,False
ETH,2025-11-18,0.9429244882842,0.9456571520774375,-0.0027326637932375553,False
ETH,2025-11-19,0.9439906985106448,0.9467949595974432,-0.002804261086798432,False
ETH,2025-11-20,0.9458716109636037,0.9487116342494208,-0.002840023285817117,False
ETH,2025-11-21,0.9474897991178367,0.9503189387559672,-0.0028291396381304734,False
ETH,2025-11-22,0.9476631693006629,0.9504805389116948,-0.0028173696110319613,False
ETH,2025-11-23,0.9485918602839185,0.9513898139169145,-0.002797953632995953,False
ETH,2025-11-24,0.9501328020001716,0.9528950379170704,-0.0027622359168988364,False
ETH,2025-11-25,0.9502459835597497,0.9530059642894684,-0.002759980729718725,False
ETH,2025-11-26,0.9509938738261308,0.953763951438682,-0.002770077612551214,False
ETH,2025-11-27,0.9510061707044903,0.953774380037292,-0.002768209332801641,False
ETH,2025-11-28,0.9510061983309875,0.9537748501111434,-0.0027686517801558397,False
ETH,2025-11-29,0.951264034544486,0.9540322674186367,-0.0027682328741506224,False
ETH,2025-11-30,0.9513027199778863,0.954058969714673,-0.0027562497367866756,False
ETH,2025-12-01,0.9577457187356011,0.9605993364966678,-0.00285361776106674,False
ETH,2025-12-02,0.9621760334132476,0.965031140176002,-0.002855106762754356,False
ETH,2025-12-03,0.9657189127869206,0.9684287473027133,-0.002709834515792764,False
ETH,2025-12-04,0.9658327612623757,0.9685500549364978,-0.002717293674122101,False
ETH,2025-12-05,0.9670895727018323,0.96988005048529,-0.0027904777834577565,False
ETH,2025-12-06,0.9671179404790968,0.9699005350422667,-0.002782594563169871,False
ETH,2025-12-07,0.9673138620469661,0.9700802479080438,-0.0027663858610776915,False
ETH,2025-12-08,0.9677196618101032,0.9704614327469898,-0.002741770936886656,False
ETH,2025-12-09,0.9701781797937457,0.9729365737433523,-0.002758393949606641,False
ETH,2025-12-10,0.970372800192676,0.9731155330135575,-0.002742732820881444,False
ETH,2025-12-11,0.9711452632645234,0.9738783508612257,-0.0027330875967022106,False
ETH,2025-12-12,0.9743422022127666,0.9770706229154359,-0.002728420702669321,False
ETH,2025-12-13,0.9743898109228482,0.9771043062533683,-0.0027144953305201502,False
ETH,2025-12-14,0.9744648051715211,0.9772040084805261,-0.0027392033090050116,False
ETH,2025-12-15,0.9765175560514693,0.9792871589642583,-0.0027696029127890487,False
ETH,2025-12-16,0.9765183334031688,0.9792913590813754,-0.0027730256782065865,False
ETH,2025-12-17,0.9786430967271661,0.9814179231712423,-0.0027748264440762282,False
ETH,2025-12-18,0.978643288903488,0.9814181739180231,-0.0027748850145351556,False
ETH,2025-12-19,0.9810388875851113,0.9838649545210012,-0.002826066935889937,False
ETH,2025-12-20,0.981043630516837,0.9838694334271217,-0.0028258029102847804,False
ETH,2025-12-21,0.981058050128341,0.9838887272379954,-0.002830677109654345,False
ETH,2025-12-22,0.9810632932468336,0.9838898375736193,-0.0028265443267856405,False
ETH,2025-12-23,0.9811064854165953,0.9839387810024103,-0.0028322955858149923,False
ETH,2025-12-24,0.981183593839501,0.984027842836289,-0.0028442489967879236,False
ETH,2025-12-25,0.9811925204135467,0.9840405607909831,-0.002848040377436467,False
ETH,2025-12-26,0.981266702933374,0.9841364973106832,-0.002869794377309165,False
ETH,2025-12-27,0.9812676353137214,0.9841366011299836,-0.00286896581626217,False
ETH,2025-12-28,0.9812678917336478,0.9841376915121526,-0.002869799778504767,False
ETH,2025-12-29,0.9812704436947544,0.9841436382212706,-0.002873194526516243,False
ETH,2025-12-30,0.981469651486673,0.9843146735530104,-0.0028450220663374104,False
ETH,2025-12-31,0.9814815704607014,0.984322778666052,-0.0028412082053506094,False
