Date,BTC_Price,BTC_Return,BTC_Lagged_Return
2021-01-01,29260.375,,
2021-01-02,31698.37,0.080031048361755,
2021-01-03,29260.375,-0.080031048361755,0.080031048361755
2021-01-04,31038.785,0.05900333986658243,-0.080031048361755
2021-01-05,33814.255,0.08564490763376893,0.05900333986658243
2021-01-06,35967.075,0.061721477494818947,0.08564490763376893
2021-01-07,39774.875,0.10063149490509134,0.061721477494818947
2021-01-08,40082.755,0.007710760397892911,0.10063149490509134
2021-01-09,40874.8,0.019567544299842178,0.007710760397892911
2021-01-10,38623.09,-0.05666345208204786,0.019567544299842178
2021-01-11,33951.625,-0.12891356679117463,-0.05666345208204786
2021-01-12,34690.03,0.021515608417957535,-0.12891356679117463
2021-01-13,37286.025,0.07216626578217025,0.021515608417957535
2021-01-14,38736.565,0.03816539443824907,0.07216626578217025
2021-01-15,36260.205,-0.06606312708072064,0.03816539443824907
2021-01-16,35928.49,-0.009190284843198074,-0.06606312708072064
2021-01-17,36260.205,0.009190284843198093,-0.009190284843198074
2021-01-18,36233.07,-0.0007486212001674035,0.009190284843198093
2021-01-19,36476.375,0.006692553027756704,-0.0007486212001674035
2021-01-20,34912.585,-0.04381742482470406,0.006692553027756704
2021-01-21,31195.685,-0.11256758195752385,-0.04381742482470406
2021-01-22,33313.37,0.0656790339388585,-0.11256758195752385
2021-01-23,32374.25,-0.028595464179540498,0.0656790339388585
2021-01-24,31905.46,-0.014586198708972417,-0.028595464179540498
2021-01-25,32700.89,0.024625139638983766,-0.014586198708972417
2021-01-26,32013.19,-0.02125428928441565,0.024625139638983766
2021-01-27,31017.225,-0.03160531004097136,-0.02125428928441565
2021-01-28,33269.03,0.07008423887728381,-0.03160531004097136
2021-01-29,34643.375,0.04047957545399825,0.07008423887728381
2021-01-30,34689.575,0.0013326998732330897,0.04047957545399825
2021-01-31,32331.515,-0.07039675839683364,0.0013326998732330897
2021-02-01,33669.59,0.040552604946160295,-0.07039675839683364
2021-02-02,35689.575,0.05826357324699509,0.040552604946160295
2021-02-03,37303.725,0.044234558281579524,0.05826357324699509
2021-02-04,37689.525,0.010289016771970593,0.044234558281579524
2021-02-05,37868.53,0.004738219767547859,0.010289016771970593
2021-02-06,40074.995,0.056632149574786544,0.004738219767547859
2021-02-07,37913.63,-0.05544189568589123,0.056632149574786544
2021-02-08,44688.47,0.1644048484687006,-0.05544189568589123
2021-02-09,47355.825,0.05797430561674312,0.1644048484687006
2021-02-10,45029.62,-0.05036933666978983,0.05797430561674312
2021-02-11,46937.995,0.04150697994818589,-0.05036933666978983
2021-02-12,47953.74,0.02140932079476831,0.04150697994818589
2021-02-13,47188.375,-0.016089226318581305,0.02140932079476831
2021-02-14,48655.61,0.030619545563761768,-0.016089226318581305
2021-02-15,48220.535,-0.00898214777463086,0.030619545563761768
2021-02-16,48596.065,0.007757592877436328,-0.00898214777463086
2021-02-17,52402.95,0.07542032690201557,0.007757592877436328
2021-02-18,52044.815,-0.0068577131073469175,0.07542032690201557
2021-02-19,55629.355,0.06660585521165002,-0.0068577131073469175
2021-02-20,56525.59,0.015982426412347178,0.06660585521165002
2021-02-21,57539.3,0.01777473663036693,0.015982426412347178
2021-02-22,54957.93,-0.04590020914994227,0.01777473663036693
2021-02-23,47945.875,-0.13649521293200992,-0.04590020914994227
2021-02-24,48747.45,0.016580117866124816,-0.13649521293200992
2021-02-25,48053.72,-0.014333336609036776,0.016580117866124816
2021-02-26,45652.775,-0.05125515797201039,-0.014333336609036776
2021-02-27,46865.53,0.02621804341136593,-0.05125515797201039
2021-02-28,43186.9,-0.08174522869121867,0.02621804341136593
2021-03-01,48860.15,0.12342492729823505,-0.08174522869121867
2021-03-02,47450.765,-0.02926948866088323,0.12342492729823505
2021-03-03,50941.86,0.07099233527014964,-0.02926948866088323
2021-03-04,47897.57,-0.06162020998896584,0.07099233527014964
2021-03-05,49050.535,0.02378632074831204,-0.06162020998896584
2021-03-06,48597.35,-0.009282090518561771,0.02378632074831204
2021-03-07,51066.515,0.04955999598924085,-0.009282090518561771
2021-03-08,51891.145,0.01601916038477206,0.04955999598924085
2021-03-09,54317.945,0.04570649212030252,0.01601916038477206
2021-03-10,56910.415,0.04662371363906872,0.04570649212030252
2021-03-11,57624.65,0.012472062741432038,0.04662371363906872
2021-03-12,56969.125,-0.011440973132158192,0.012472062741432038
2021-03-13,61615.955,0.07841139232900447,-0.011440973132158192
2021-03-14,59704.77,-0.03150893003825295,0.07841139232900447
2021-03-15,56415.125,-0.05667462039352545,-0.03150893003825295
2021-03-16,56436.27,0.0003747406090539621,-0.05667462039352545
2021-03-17,57736.305,0.02277414150216911,0.0003747406090539621
2021-03-18,57493.455,-0.00421506318427898,0.02277414150216911
2021-03-19,58396.825,0.015590406680249238,-0.00421506318427898
2021-03-20,58536.15,0.0023829901861541908,0.015590406680249238
2021-03-21,57286.7,-0.021576027018309848,0.0023829901861541908
2021-03-22,54580.005,-0.048400878196925005,-0.021576027018309848
2021-03-23,54449.375,-0.0023962359963134567,-0.048400878196925005
2021-03-24,54051.375,-0.0073363877229259845,-0.0023962359963134567
2021-03-25,52002.775,-0.038637900627435356,-0.0073363877229259845
2021-03-26,54003.615,0.03775390622587827,-0.038637900627435356
2021-03-27,55888.615,0.03430970338705081,0.03775390622587827
2021-03-28,55971.015,0.0014732752987717539,0.03430970338705081
2021-03-29,57251.66,0.022622670193309567,0.0014732752987717539
2021-03-30,58672.035,0.024506570218299124,0.022622670193309567
2021-03-31,58950.025,0.004726843206029491,0.024506570218299124
2021-04-01,58854.185,-0.0016271068944738183,0.004726843206029491
2021-04-02,58669.625,-0.0031408129419757663,-0.0016271068944738183
2021-04-03,58074.66,-0.0101927070942089,-0.0031408129419757663
2021-04-04,58113.075,0.0006612574278993481,-0.0101927070942089
2021-04-05,58789.52,0.011572926158238519,0.0006612574278993481
2021-04-06,58252.265,-0.009180631916966064,0.011572926158238519
2021-04-07,56238.555,-0.035180422094301333,-0.009180631916966064
2021-04-08,57667.78,0.025096058285972875,-0.035180422094301333
2021-04-09,58325.29,0.011337178032324284,0.025096058285972875
2021-04-10,58583.455,0.0044165288001542305,0.011337178032324284
2021-04-11,59829.26,0.021042520114219206,0.0044165288001542305
2021-04-12,59942.5,0.0018909304454057445,0.021042520114219206
2021-04-13,63199.405,0.052909117157743636,0.0018909304454057445
2021-04-14,62391.32,-0.012868723415911979,0.052909117157743636
2021-04-15,63408.14,0.016166081233311747,-0.012868723415911979
2021-04-16,62015.68,-0.022204988072664127,0.016166081233311747
2021-04-17,60872.23,-0.01861017900889285,-0.022204988072664127
2021-04-18,55566.96,-0.09118829726845903,-0.01861017900889285
2021-04-19,56209.125,0.011490330248750633,-0.09118829726845903
2021-04-20,56795.95,0.010385910100370809,0.011490330248750633
2021-04-21,55002.375,-0.03208865424969263,0.010385910100370809
2021-04-22,51612.05,-0.06362119376226105,-0.03208865424969263
2021-04-23,50557.81,-0.02063773832901583,-0.06362119376226105
2021-04-24,50975.0,0.008217882433450879,-0.02063773832901583
2021-04-25,49975.28,-0.019806833288350097,0.008217882433450879
2021-04-26,53272.625,0.06389411380940861,-0.019806833288350097
2021-04-27,55199.49,0.035531117128356354,0.06389411380940861
2021-04-28,54436.83,-0.013912767265260181,0.035531117128356354
2021-04-29,52994.22,-0.026858095843429127,-0.013912767265260181
2021-04-30,56812.945,0.0695813536890553,-0.026858095843429127
2021-05-01,57719.895,0.015837710086896457,0.0695813536890553
2021-05-02,56827.3,-0.015585070714703057,0.015837710086896457
2021-05-03,56822.475,-8.490997897532871e-05,-0.015585070714703057
2021-05-04,54792.875,-0.036371766830828364,-8.490997897532871e-05
2021-05-05,56874.31,0.03728357807670143,-0.036371766830828364
2021-05-06,55961.125,-0.016186492088724993,0.03728357807670143
2021-05-07,57699.255,0.03058700857824728,-0.016186492088724993
2021-05-08,59016.9,0.022579581748473625,0.03058700857824728
2021-05-09,57962.135,-0.018033891044532523,0.022579581748473625
2021-05-10,55312.135,-0.04679762864653524,-0.018033891044532523
2021-05-11,56913.965,0.02854841772277313,-0.04679762864653524
2021-05-12,54482.51,-0.0436610088661049,0.02854841772277313
2021-05-13,49317.285,-0.0996051046138775,-0.0436610088661049
2021-05-14,49193.005,-0.002523189525390021,-0.0996051046138775
2021-05-15,48231.87,-0.019731432716268635,-0.002523189525390021
2021-05-16,44065.13,-0.09035123914295587,-0.019731432716268635
2021-05-17,44820.44,0.016995518636060317,-0.09035123914295587
2021-05-18,43271.845,-0.03516209280081992,0.016995518636060317
2021-05-19,38368.455,-0.12026655495424698,-0.03516209280081992
2021-05-20,40073.635,0.043482999164663076,-0.12026655495424698
2021-05-21,35227.545,-0.1288903317827315,0.043482999164663076
2021-05-22,38079.77,0.07785486499153736,-0.1288903317827315
2021-05-23,32575.63,-0.1561187071804131,0.07785486499153736
2021-05-24,39022.77,0.18058085910309296,-0.1561187071804131
2021-05-25,37643.995,-0.035971875738396844,0.18058085910309296
2021-05-26,38772.27,0.02953185422117437,-0.035971875738396844
2021-05-27,38465.82,-0.00793524562937157,0.02953185422117437
2021-05-28,35218.98,-0.08818491293407323,-0.00793524562937157
2021-05-29,34344.81,-0.02513422628117011,-0.08818491293407323
2021-05-30,36063.425,0.048828278302909645,-0.02513422628117011
2021-05-31,36693.815,0.01732901839491847,0.048828278302909645
2021-06-01,36326.84,-0.010051350254459957,0.01732901839491847
2021-06-02,37743.02,0.03824369594337853,-0.010051350254459957
2021-06-03,38707.715,0.02523837623598775,0.03824369594337853
2021-06-04,37048.275,-0.04381714221878243,0.02523837623598775
2021-06-05,35849.385,-0.03289537986698389,-0.04381714221878243
2021-06-06,35978.76,0.0036023522508515115,-0.03289537986698389
2021-06-07,34452.055,-0.04336011698795687,0.0036023522508515115
2021-06-08,33628.04,-0.024208404592367165,-0.04336011698795687
2021-06-09,36420.005,0.07975796882936126,-0.024208404592367165
2021-06-10,36496.605,0.0021010309771162913,0.07975796882936126
2021-06-11,37143.555,0.017571027681478463,0.0021010309771162913
2021-06-12,36012.6,-0.03092139302485412,0.017571027681478463
2021-06-13,39271.955,0.08664177368014411,-0.03092139302485412
2021-06-14,39849.365,0.014595819453389898,0.08664177368014411
2021-06-15,39957.055,0.0026987820118396003,0.014595819453389898
2021-06-16,38534.75,-0.03624482076552704,0.0026987820118396003
2021-06-17,37755.75,-0.020422649623606706,-0.03624482076552704
2021-06-18,35507.14,-0.0614039789579797,-0.020422649623606706
2021-06-19,36113.55,0.01693433815577938,-0.0614039789579797
2021-06-20,35822.215,-0.008099909491107197,0.01693433815577938
2021-06-21,32574.23,-0.09504674671081532,-0.008099909491107197
2021-06-22,32896.285,0.009838248489970816,-0.09504674671081532
2021-06-23,33062.55,0.005041488442223482,0.009838248489970816
2021-06-24,34863.255,0.0530321873221081,0.005041488442223482
2021-06-25,32210.245,-0.0791488395792011,0.0530321873221081
2021-06-26,31303.145,-0.028565997915981894,-0.0791488395792011
2021-06-27,32625.975,0.041390178522145014,-0.028565997915981894
2021-06-28,34667.565,0.06069577334527421,0.041390178522145014
2021-06-29,36159.165,0.04212591984414287,0.06069577334527421
2021-06-30,34586.835,-0.044457325114190524,0.04212591984414287
2021-07-01,33418.375,-0.03436721992261813,-0.044457325114190524
2021-07-02,33150.97,-0.008033921267465705,-0.03436721992261813
2021-07-03,34726.11,0.046419876433366085,-0.008033921267465705
2021-07-04,35545.615,0.023324947671014774,0.046419876433366085
2021-07-05,33858.695,-0.048620966332427185,0.023324947671014774
2021-07-06,33945.375,0.0025567800640823824,-0.048620966332427185
2021-07-07,34542.245,0.017430452736160167,0.0025567800640823824
2021-07-08,32817.53,-0.051220243869694995,0.017430452736160167
2021-07-09,33520.635,0.021198395507106546,-0.051220243869694995
2021-07-10,33334.285,-0.005574772436091538,0.021198395507106546
2021-07-11,33855.59,0.0155176791366463,-0.005574772436091538
2021-07-12,32848.115,-0.03020976480445114,0.0155176791366463
2021-07-13,32509.66,-0.01035708530402487,-0.03020976480445114
2021-07-14,32802.165,0.008957243368743949,-0.01035708530402487
2021-07-15,31756.345,-0.03240197141682304,0.008957243368743949
2021-07-16,31833.375,0.0024227198257123763,-0.03240197141682304
2021-07-17,31729.87,-0.0032567592005505234,0.0024227198257123763
2021-07-18,31651.525,-0.0024721778339373626,-0.0032567592005505234
2021-07-19,30772.875,-0.028152710550475576,-0.0024721778339373626
2021-07-20,29862.3,-0.030036804866691198,-0.028152710550475576
2021-07-21,31801.43,0.06291444206194799,-0.030036804866691198
2021-07-22,32239.365,0.01367696408614639,0.06291444206194799
2021-07-23,32496.6,0.007947247063823784,0.01367696408614639
2021-07-24,33941.965,0.04351668593921583,0.007947247063823784
2021-07-25,34483.435,0.01582690938557039,0.04351668593921583
2021-07-26,37749.525,0.09049382903112163,0.01582690938557039
2021-07-27,38046.72,0.007841985392335618,0.09049382903112163
2021-07-28,39957.42,0.04899950890465832,0.007841985392335618
2021-07-29,39727.25,-0.005777036916730868,0.04899950890465832
2021-07-30,40687.765,0.02389008278973768,-0.005777036916730868
2021-07-31,41546.405,0.02088356229144198,0.02389008278973768
2021-08-01,41266.355,-0.006763476246028749,0.02088356229144198
2021-08-02,38865.125,-0.05995020011139849,-0.006763476246028749
2021-08-03,38079.25,-0.020427804587371718,-0.05995020011139849
2021-08-04,39751.515,0.04297843923054151,-0.020427804587371718
2021-08-05,40901.64,0.028522206462773605,0.04297843923054151
2021-08-06,42737.57,0.043908232825527006,0.028522206462773605
2021-08-07,43990.835,0.028902923897305813,0.043908232825527006
2021-08-08,43871.485,-0.0027167521505833576,0.028902923897305813
2021-08-09,45472.875,0.03585142972376974,-0.0027167521505833576
2021-08-10,45647.425,0.0038312036616530024,0.03585142972376974
2021-08-11,46343.88,0.015142046456974418,0.0038312036616530024
2021-08-12,44485.625,-0.0409231411813161,0.015142046456974418
2021-08-13,47615.29,0.06798782486745403,-0.0409231411813161
2021-08-14,46664.26,-0.02017536696238485,0.06798782486745403
2021-08-15,46719.92,0.0011920650069670439,-0.02017536696238485
2021-08-16,46080.92,-0.013771644723628382,0.0011920650069670439
2021-08-17,44990.005,-0.023958627477227382,-0.013771644723628382
2021-08-18,44542.845,-0.009988819031204792,-0.023958627477227382
2021-08-19,46594.39,0.045028612660819665,-0.009988819031204792
2021-08-20,48665.54,0.043491034468816366,0.045028612660819665
2021-08-21,49020.06,0.007258420002111537,0.043491034468816366
2021-08-22,48410.4,-0.012514935416329868,0.007258420002111537
2021-08-23,49525.135,0.022765651803815876,-0.012514935416329868
2021-08-24,48342.86,-0.02416178069850349,0.022765651803815876
2021-08-25,48694.66,0.0072508353740094456,-0.02416178069850349
2021-08-26,47036.72,-0.03464079988430487,0.0072508353740094456
2021-08-27,48928.325,0.03942789886982033,-0.03464079988430487
2021-08-28,48754.73,-0.003554253759734224,0.03942789886982033
2021-08-29,48927.94,0.003546385076007171,-0.003554253759734224
2021-08-30,48659.285,-0.0055059600004545625,0.003546385076007171
2021-08-31,47011.6,-0.03444826368526451,-0.0055059600004545625
2021-09-01,48277.365,0.026568437506651017,-0.03444826368526451
2021-09-02,49549.195,0.02600319715294443,0.026568437506651017
2021-09-03,50134.995,0.01175325281707446,0.02600319715294443
2021-09-04,50192.77,0.0011517251757057277,0.01175325281707446
2021-09-05,50391.555,0.003952609092985486,0.0011517251757057277
2021-09-06,51934.645,0.030162499675153484,0.003952609092985486
2021-09-07,46811.385,-0.10385965861979253,0.030162499675153484
2021-09-08,46059.82,-0.01618545613046312,-0.10385965861979253
2021-09-09,46250.995,0.004141990801789537,-0.01618545613046312
2021-09-10,45061.98,-0.02604410179038111,0.004141990801789537
2021-09-11,45318.19,0.005669621694976838,-0.02604410179038111
2021-09-12,45904.66,0.012858139822515028,0.005669621694976838
2021-09-13,45180.145,-0.015908916548255658,0.012858139822515028
2021-09-14,46828.18,0.03582743804475228,-0.015908916548255658
2021-09-15,47936.665,0.02339550199793847,0.03582743804475228
2021-09-16,47148.35,-0.016581646692716508,0.02339550199793847
2021-09-17,46978.225,-0.003614817287265467,-0.016581646692716508
2021-09-18,47981.08,0.021122570055024922,-0.003614817287265467
2021-09-19,47659.435,-0.006726149741664728,0.021122570055024922
2021-09-20,43546.375,-0.0902541546192582,-0.006726149741664728
2021-09-21,40918.89,-0.06223464756040147,-0.0902541546192582
2021-09-22,43457.125,0.060183005240122656,-0.06223464756040147
2021-09-23,44712.87,0.028486559785833844,0.060183005240122656
2021-09-24,42997.125,-0.039128126648570453,0.028486559785833844
2021-09-25,42669.665,-0.007645006773240475,-0.039128126648570453
2021-09-26,43161.59,0.011462733157782463,-0.007645006773240475
2021-09-27,42698.5,-0.010787188565800403,0.011462733157782463
2021-09-28,41782.225,-0.021692780955509652,-0.010787188565800403
2021-09-29,41122.465,-0.01591644400817305,-0.021692780955509652
2021-09-30,43438.625,0.05479445642196135,-0.01591644400817305
2021-10-01,48134.355,0.10264714105691988,0.05479445642196135
2021-10-02,48021.795,-0.0023411929744173664,0.10264714105691988
2021-10-03,48926.2,0.018658069966403075,-0.0023411929744173664
2021-10-04,49000.875,0.0015251147749352528,0.018658069966403075
2021-10-05,51478.765,0.04933123744712699,0.0015251147749352528
2021-10-06,54936.705,0.06501231180975506,0.04933123744712699
2021-10-07,54197.875,-0.013540003315995284,0.06501231180975506
2021-10-08,54004.495,-0.00357441719423665,-0.013540003315995284
2021-10-09,54589.995,0.010783340361098428,-0.00357441719423665
2021-10-10,55353.16,0.013883124560786931,0.010783340361098428
2021-10-11,57324.215,0.03498938603677379,0.013883124560786931
2021-10-12,55355.47,-0.034947654872720266,0.03498938603677379
2021-10-13,56979.905,0.02892318189006933,-0.034947654872720266
2021-10-14,57449.985,0.008216081381419764,0.02892318189006933
2021-10-15,62527.47,0.08469123698360834,0.008216081381419764
2021-10-16,61004.125,-0.02466449534393086,0.08469123698360834
2021-10-17,61019.055,0.00024470760513711846,-0.02466449534393086
2021-10-18,61379.59,0.005891177026113383,0.00024470760513711846
2021-10-19,64132.005,0.04386616782173405,0.005891177026113383
2021-10-20,66005.925,0.028800973433581508,0.04386616782173405
2021-10-21,62677.205,-0.051746685807042316,0.028800973433581508
2021-10-22,60724.24,-0.03165486554586044,-0.051746685807042316
2021-10-23,61127.645,0.006621259471005533,-0.03165486554586044
2021-10-24,60315.225,-0.013379659416762205,0.006621259471005533
2021-10-25,62551.0,0.03639766456964938,-0.013379659416762205
2021-10-26,62097.515,-0.007276251959649985,0.03639766456964938
2021-10-27,58918.545,-0.05255007524721091,-0.007276251959649985
2021-10-28,61408.155,0.04138674713470117,-0.05255007524721091
2021-10-29,62386.37,0.015804178105809405,0.04138674713470117
2021-10-30,61676.715,-0.011440352947095295,0.015804178105809405
2021-10-31,60666.05,-0.016522235560053788,-0.011440352947095295
2021-11-01,60731.61,0.0010800868216645585,-0.016522235560053788
2021-11-02,63134.535,0.03880360535012349,0.0010800868216645585
2021-11-03,62775.955,-0.005695807703190509,0.03880360535012349
2021-11-04,61363.885,-0.022750648072653677,-0.005695807703190509
2021-11-05,60975.625,-0.006347275765849327,-0.022750648072653677
2021-11-06,61200.685,0.003684188114145824,-0.006347275765849327
2021-11-07,62497.7,0.020971373799120337,0.003684188114145824
2021-11-08,66134.42,0.056559581434061576,0.020971373799120337
2021-11-09,67725.585,0.02377468830832605,0.056559581434061576
2021-11-10,64282.03,-0.0521839048520103,0.02377468830832605
2021-11-11,65072.285,0.012218607963634963,-0.0521839048520103
2021-11-12,64128.875,-0.014603998404144648,0.012218607963634963
2021-11-13,64378.31,0.0038820446227084316,-0.014603998404144648
2021-11-14,64237.435,-0.0021906346899728027,0.0038820446227084316
2021-11-15,63917.375,-0.004994906791772193,-0.0021906346899728027
2021-11-16,60481.65,-0.05525122041088099,-0.004994906791772193
2021-11-17,60119.065,-0.00601300071020826,-0.05525122041088099
2021-11-18,57595.485,-0.04288283332207946,-0.00601300071020826
2021-11-19,57866.875,0.004700934569192354,-0.04288283332207946
2021-11-20,59644.4,0.030255149382418047,0.004700934569192354
2021-11-21,59518.715,-0.002109462254430295,0.030255149382418047
2021-11-22,56270.535,-0.056119759779487674,-0.002109462254430295
2021-11-23,57713.625,0.025322239689931452,-0.056119759779487674
2021-11-24,57333.975,-0.006599900877325617,0.025322239689931452
2021-11-25,58851.4,0.026122242774962213,-0.006599900877325617
2021-11-26,54020.74,-0.0856475758173612,0.026122242774962213
2021-11-27,54625.57,0.011134041243139945,-0.0856475758173612
2021-11-28,53931.225,-0.012792464422682568,0.011134041243139945
2021-11-29,58318.34,0.07820699992523285,-0.012792464422682568
2021-11-30,57136.84,-0.020467531138236857,0.07820699992523285
2021-12-01,57020.355,-0.00204078315743502,-0.020467531138236857
2021-12-02,56902.845,-0.0020629694684725325,-0.00204078315743502
2021-12-03,53611.68,-0.05957838509684241,-0.0020629694684725325
2021-12-04,48761.18,-0.09483245030116401,-0.05957838509684241
2021-12-05,49336.51,0.011729870430507982,-0.09483245030116401
2021-12-06,50119.8,0.015751764682092568,0.011729870430507982
2021-12-07,50526.98,0.008091311445448031,0.015751764682092568
2021-12-08,50630.7,0.0020506606388563864,0.008091311445448031
2021-12-09,47992.06,-0.05352253112284708,0.0020506606388563864
2021-12-10,47986.875,-0.00010804454133699689,-0.05352253112284708
2021-12-11,48792.115,0.016641185918097382,-0.00010804454133699689
2021-12-12,50280.65,0.030051589308756774,0.016641185918097382
2021-12-13,46818.1,-0.07135043095287262,0.030051589308756774
2021-12-14,48309.225,0.03135265591933215,-0.07135043095287262
2021-12-15,49200.575,0.0182827742114846,0.03135265591933215
2021-12-16,48126.795,-0.022066219808172263,0.0182827742114846
2021-12-17,46873.73,-0.026381700023457105,-0.022066219808172263
2021-12-18,46970.2,0.002055967476672583,-0.026381700023457105
2021-12-19,47154.16,0.003908876176832821,0.002055967476672583
2021-12-20,46983.735,-0.003620756257350131,0.003908876176832821
2021-12-21,49112.295,0.044307932799401505,-0.003620756257350131
2021-12-22,49068.55,-0.0008911107435415083,0.044307932799401505
2021-12-23,50847.375,0.03561019870098116,-0.0008911107435415083
2021-12-24,50906.32,0.001158582134900347,0.03561019870098116
2021-12-25,50981.61,0.0014778985833539336,0.001158582134900347
2021-12-26,50809.9,-0.003373761974270084,0.0014778985833539336
2021-12-27,50976.875,0.0032808810334948647,-0.003373761974270084
2021-12-28,47554.475,-0.06949620249587331,0.0032808810334948647
2021-12-29,47228.375,-0.006881018806509631,-0.06949620249587331
2021-12-30,47299.095,0.0014962849041532953,-0.006881018806509631
2021-12-31,46323.99,-0.020831192671171485,0.0014962849041532953
2022-01-01,46323.99,0.0,-0.020831192671171485
2022-01-02,46323.99,0.0,0.0
2022-01-03,45985.32,-0.007337754329926291,0.0
2022-01-04,46206.575,0.004799888857686798,-0.007337754329926291
2022-01-05,43613.75,-0.057749636369290806,0.004799888857686798
2022-01-06,43126.875,-0.01122611494251339,-0.057749636369290806
2022-01-07,41887.745,-0.02915305062061924,-0.01122611494251339
2022-01-08,41783.535,-0.002490939636236927,-0.02915305062061924
2022-01-09,42096.01,0.007450599439785185,-0.002490939636236927
2022-01-10,41730.865,-0.008711938968850233,0.007450599439785185
2022-01-11,42684.875,0.022603619147471173,-0.008711938968850233
2022-01-12,43796.355,0.025705952712619207,0.022603619147471173
2022-01-13,42829.875,-0.022314721633449188,0.025705952712619207
2022-01-14,43320.705,0.011394823130631941,-0.022314721633449188
2022-01-15,43327.785,0.00016341888971778683,0.011394823130631941
2022-01-16,43097.295,-0.005333881009045696,0.00016341888971778683
2022-01-17,41743.34,-0.03192031650530581,-0.005333881009045696
2022-01-18,42392.685,0.01543590615514157,-0.03192031650530581
2022-01-19,41728.565,-0.01578991748756042,0.01543590615514157
2022-01-20,41320.745,-0.009821232182960618,-0.01578991748756042
2022-01-21,36691.49,-0.1188198260353961,-0.009821232182960618
2022-01-22,35391.64,-0.036069214005282076,-0.1188198260353961
2022-01-23,35346.7,-0.0012705982652690703,-0.036069214005282076
2022-01-24,36823.525,0.04093187144293614,-0.0012705982652690703
2022-01-25,36585.535,-0.006483963526929091,0.04093187144293614
2022-01-26,36348.72,-0.006493953554062357,-0.006483963526929091
2022-01-27,36196.375,-0.00420001445855509,-0.006493953554062357
2022-01-28,37810.46,0.04362680822643922,-0.00420001445855509
2022-01-29,38382.51,0.015016103163822287,0.04362680822643922
2022-01-30,37750.765,-0.01659614669591776,0.015016103163822287
2022-01-31,38441.025,0.01811950828858524,-0.01659614669591776
2022-02-01,38817.78,0.009753140409671951,0.01811950828858524
2022-02-02,36919.295,-0.05014407497756826,0.009753140409671951
2022-02-03,36965.375,0.0012473495780541992,-0.05014407497756826
2022-02-04,40645.875,0.09491569114091153,0.0012473495780541992
2022-02-05,41671.715,0.024925246464891006,0.09491569114091153
2022-02-06,41681.4,0.00023238483753350224,0.024925246464891006
2022-02-07,44104.875,0.0565153344284808,0.00023238483753350224
2022-02-08,44230.58,0.0028460845048666923,0.0565153344284808
2022-02-09,44492.775,0.005910411374101671,0.0028460845048666923
2022-02-10,43772.28,-0.016326076120825078,0.005910411374101671
2022-02-11,42568.295,-0.027891012960684546,-0.016326076120825078
2022-02-12,41894.285,-0.015960305914481623,-0.027891012960684546
2022-02-13,42284.71,0.009276133542808469,-0.015960305914481623
2022-02-14,42251.66,-0.0007819120145295305,0.009276133542808469
2022-02-15,43986.96,0.040249583385334686,-0.0007819120145295305
2022-02-16,44085.875,0.0022462100053733513,0.040249583385334686
2022-02-17,40694.815,-0.08003874760724183,0.0022462100053733513
2022-02-18,39989.97,-0.01747201608474919,-0.08003874760724183
2022-02-19,39939.68,-0.001258356733352963,-0.01747201608474919
2022-02-20,38288.71,-0.042215241274425254,-0.001258356733352963
2022-02-21,37074.51,-0.03222540317959826,-0.042215241274425254
2022-02-22,37897.17,0.021946767632204846,-0.03222540317959826
2022-02-23,37538.54,-0.00950830056236648,0.021946767632204846
2022-02-24,38412.34,0.023010623583796328,-0.00950830056236648
2022-02-25,38999.67,0.015174422418228957,0.023010623583796328
2022-02-26,39470.77,0.012007213416540638,0.015174422418228957
2022-02-27,38984.455,-0.01239742104387634,0.012007213416540638
2022-02-28,41649.935,0.06613683105933407,-0.01239742104387634
2022-03-01,43891.375,0.052418023542838824,0.06613683105933407
2022-03-02,44090.85,0.004534446401805853,0.052418023542838824
2022-03-03,42093.18,-0.046366545615747004,0.004534446401805853
2022-03-04,39395.875,-0.06622461692481516,-0.046366545615747004
2022-03-05,39371.565,-0.0006172601463716962,-0.06622461692481516
2022-03-06,39004.105,-0.009376958244259541,-0.0006172601463716962
2022-03-07,37835.47,-0.030419874571259088,-0.009376958244259541
2022-03-08,38502.055,0.017464594063057292,-0.030419874571259088
2022-03-09,41890.36,0.08434411236588242,0.017464594063057292
2022-03-10,39331.875,-0.06302047001948957,0.08434411236588242
2022-03-11,38857.15,-0.01214315777483018,-0.06302047001948957
2022-03-12,39101.15,0.006259777259311999,-0.01214315777483018
2022-03-13,38952.415,-0.003811105361436923,0.006259777259311999
2022-03-14,38721.95,-0.0059341502515488495,-0.003811105361436923
2022-03-15,39448.875,0.018598907064473726,-0.0059341502515488495
2022-03-16,41263.685,0.04497728556207479,0.018598907064473726
2022-03-17,40723.545,-0.013176388927350067,0.04497728556207479
2022-03-18,41760.625,0.025147483527761187,-0.013176388927350067
2022-03-19,42217.635,0.010884114807620532,0.025147483527761187
2022-03-20,41054.795,-0.027930386898486162,0.010884114807620532
2022-03-21,41153.375,0.0023983029241863626,-0.027930386898486162
2022-03-22,42608.135,0.034739256714829914,0.0023983029241863626
2022-03-23,42383.265,-0.005291606555887641,0.034739256714829914
2022-03-24,43906.125,0.03530024105923239,-0.005291606555887641
2022-03-25,44575.55,0.01513167043901186,0.03530024105923239
2022-03-26,44602.575,0.0006060903574119123,0.01513167043901186
2022-03-27,44945.58,0.007660831817949063,0.0006060903574119123
2022-03-28,47971.375,0.06515205424800033,0.007660831817949063
2022-03-29,47465.625,-0.010598714007104519,0.06515205424800033
2022-03-30,47295.15,-0.0035980116015225517,-0.010598714007104519
2022-03-31,45769.125,-0.03279801608567104,-0.0035980116015225517
2022-04-01,46167.23,0.008660501893849615,-0.03279801608567104
2022-04-02,46197.94,0.0006649692980942189,0.008660501893849615
2022-04-03,46595.36,0.00856575700964994,0.0006649692980942189
2022-04-04,46317.255,-0.005986395507979644,0.00856575700964994
2022-04-05,45892.21,-0.00921918396328861,-0.005986395507979644
2022-04-06,43884.325,-0.04473819107130689,-0.00921918396328861
2022-04-07,43573.825,-0.007100568776418072,-0.04473819107130689
2022-04-08,42809.87,-0.017687942561083997,-0.007100568776418072
2022-04-09,42437.245,-0.00874228701423219,-0.017687942561083997
2022-04-10,43122.035,0.016007722900359338,-0.00874228701423219
2022-04-11,39838.06,-0.07921138261304511,0.016007722900359338
2022-04-12,39530.375,-0.007753373022078577,-0.07921138261304511
2022-04-13,41247.505,0.04252126237334975,-0.007753373022078577
2022-04-14,39913.875,-0.03286661829525964,0.04252126237334975
2022-04-15,40402.185,0.012159859855361603,-0.03286661829525964
2022-04-16,40339.505,-0.0015526059113027586,0.012159859855361603
2022-04-17,40283.74,-0.0013833481620070768,-0.0015526059113027586
2022-04-18,40672.675,0.00960857746372063,-0.0013833481620070768
2022-04-19,41298.54,0.015270657199098828,0.00960857746372063
2022-04-20,41429.16,0.003157832468306935,0.015270657199098828
2022-04-21,40654.735,-0.018869669345720572,0.003157832468306935
2022-04-22,39589.095,-0.026561609826265337,-0.018869669345720572
2022-04-23,39808.985,0.005538939031833518,-0.026561609826265337
2022-04-24,39663.17,-0.003669591283323913,0.005538939031833518
2022-04-25,40182.875,0.01301786054107755,-0.003669591283323913
2022-04-26,38120.875,-0.05267887748586554,0.01301786054107755
2022-04-27,39106.895,0.025536761803192514,-0.05267887748586554
2022-04-28,39881.285,0.019608372083756757,0.025536761803192514
2022-04-29,38560.47,-0.03367950777478335,0.019608372083756757
2022-04-30,38329.14,-0.00601721605761515,-0.03367950777478335
2022-05-01,37939.32,-0.010222401097252011,-0.00601721605761515
2022-05-02,38317.78,0.009925976920437573,-0.010222401097252011
2022-05-03,37774.885,-0.014269554417639383,0.009925976920437573
2022-05-04,39809.375,0.05245797350334101,-0.014269554417639383
2022-05-05,36454.715,-0.08803163194581345,0.05245797350334101
2022-05-06,36079.805,-0.010337514846702813,-0.08803163194581345
2022-05-07,35785.95,-0.008177932249238051,-0.010337514846702813
2022-05-08,34220.63,-0.044726679693298,-0.008177932249238051
2022-05-09,30955.235,-0.10028654997326282,-0.044726679693298
2022-05-10,30999.375,0.0014249143838826002,-0.10028654997326282
2022-05-11,28429.07,-0.08655482978774433,0.0014249143838826002
2022-05-12,28542.97,0.003998457901439132,-0.08655482978774433
2022-05-13,29754.99,0.0415861779135118,0.003998457901439132
2022-05-14,29346.78,-0.013814019155131571,0.0415861779135118
2022-05-15,30982.54,0.054240990143801536,-0.013814019155131571
2022-05-16,29902.375,-0.03548591132720064,0.054240990143801536
2022-05-17,30071.665,0.005645457588736501,-0.03548591132720064
2022-05-18,29201.015,-0.029379897324910385,0.005645457588736501
2022-05-19,30196.605,0.03352603189890739,-0.029379897324910385
2022-05-20,29101.22,-0.03694940314572249,0.03352603189890739
2022-05-21,29393.6,0.009996865875266204,-0.03694940314572249
2022-05-22,29906.745,0.017307076667851858,0.009996865875266204
2022-05-23,29307.435,-0.02024280214132245,0.017307076667851858
2022-05-24,29437.8,0.00443832470844527,-0.02024280214132245
2022-05-25,29766.645,0.01110890852302991,0.00443832470844527
2022-05-26,29435.635,-0.011182456125644754,0.01110890852302991
2022-05-27,28738.85,-0.023956149272479275,-0.011182456125644754
2022-05-28,28996.56,0.008927336328412418,-0.023956149272479275
2022-05-29,29160.68,0.005644024223643181,0.008927336328412418
2022-05-30,31239.025,0.06884688801277596,0.005644024223643181
2022-05-31,31800.265,0.01780650858749495,0.06884688801277596
2022-06-01,29616.38,-0.071147036433701,0.01780650858749495
2022-06-02,30221.79,0.020235600735881328,-0.071147036433701
2022-06-03,29638.125,-0.019501648069290164,0.020235600735881328
2022-06-04,29720.305,0.002768942928796322,-0.019501648069290164
2022-06-05,29978.54,0.00865131010942648,0.002768942928796322
2022-06-06,31442.625,0.0476826640862692,0.00865131010942648
2022-06-07,31328.125,-0.003648200061126685,0.0476826640862692
2022-06-08,30188.125,-0.037067621248782344,-0.003648200061126685
2022-06-09,30160.125,-0.000927947438714488,-0.037067621248782344
2022-06-10,29189.875,-0.032698785125101416,-0.000927947438714488
2022-06-11,28374.99,-0.02831377918980215,-0.032698785125101416
2022-06-12,27904.4,-0.016723740892385843,-0.02831377918980215
2022-06-13,23205.875,-0.1843789031133295,-0.016723740892385843
2022-06-14,21963.515,-0.055022811788110776,-0.1843789031133295
2022-06-15,21641.845,-0.014753958460776529,-0.055022811788110776
2022-06-16,20674.755,-0.045715318344911535,-0.014753958460776529
2022-06-17,20632.875,-0.0020277132505329824,-0.045715318344911535
2022-06-18,17784.46,-0.14856063525425392,-0.0020277132505329824
2022-06-19,20612.925,0.1475932639555627,-0.14856063525425392
2022-06-20,20420.725,-0.009367989716162269,0.1475932639555627
2022-06-21,20835.545,0.02011010592597536,-0.009367989716162269
2022-06-22,19859.875,-0.04795905790086201,0.02011010592597536
2022-06-23,20799.99,0.046251141399115944,-0.04795905790086201
2022-06-24,21180.465,0.018126788668555015,0.046251141399115944
2022-06-25,21192.47,0.0005666352978009106,0.018126788668555015
2022-06-26,21377.53,0.008694440487344838,0.0005666352978009106
2022-06-27,20899.65,-0.022607957972567174,0.008694440487344838
2022-06-28,20254.625,-0.031349249882964315,-0.022607957972567174
2022-06-29,20197.905,-0.002804276378774932,-0.031349249882964315
2022-06-30,18734.125,-0.07523215903222728,-0.002804276378774932
2022-07-01,19407.125,0.03529353955902801,-0.07523215903222728
2022-07-02,19236.755,-0.008817494714755467,0.03529353955902801
2022-07-03,19210.625,-0.0013592605802073697,-0.008817494714755467
2022-07-04,19757.25,0.028057001205029113,-0.0013592605802073697
2022-07-05,20441.875,0.034064980432441806,0.028057001205029113
2022-07-06,20378.99,-0.0030810248506869336,0.034064980432441806
2022-07-07,21613.645,0.05882036003049724,-0.0030810248506869336
2022-07-08,21836.84,0.01027362355716449,0.05882036003049724
2022-07-09,21670.865,-0.00762972007613987,0.01027362355716449
2022-07-10,20973.575,-0.03270541966354021,-0.00762972007613987
2022-07-11,20410.1,-0.027233435655133635,-0.03270541966354021
2022-07-12,19433.71,-0.049020689364003424,-0.027233435655133635
2022-07-13,19658.85,0.011518431598486072,-0.049020689364003424
2022-07-14,20664.665,0.0498976182442665,0.011518431598486072
2022-07-15,20928.035,0.012664410826461858,0.0498976182442665
2022-07-16,21205.155,0.013154664822630852,0.012664410826461858
2022-07-17,20928.19,-0.013147258516878245,0.013154664822630852
2022-07-18,21486.75,0.026339412106092832,-0.013147258516878245
2022-07-19,23295.26,0.08081344031401676,0.026339412106092832
2022-07-20,23260.515,-0.001492618539836407,0.08081344031401676
2022-07-21,23128.375,-0.0056970691646656725,-0.001492618539836407
2022-07-22,22606.53,-0.02282141609858422,-0.0056970691646656725
2022-07-23,22330.94,-0.012265641795516254,-0.02282141609858422
2022-07-24,22757.78,0.01893390415652064,-0.012265641795516254
2022-07-25,22169.875,-0.026172679595343713,0.01893390415652064
2022-07-26,20984.7,-0.05494078460473257,-0.026172679595343713
2022-07-27,22786.055,0.08235512527814247,-0.05494078460473257
2022-07-28,24040.7,0.053599501343673604,0.08235512527814247
2022-07-29,23952.575,-0.003672393644371171,0.053599501343673604
2022-07-30,23972.565,0.0008342177470648841,-0.003672393644371171
2022-07-31,23725.675,-0.01035225638989182,0.0008342177470648841
2022-08-01,23132.195,-0.025332424951197835,-0.01035225638989182
2022-08-02,23020.375,-0.0048456767976222444,-0.025332424951197835
2022-08-03,23332.375,0.01346218776572052,-0.0048456767976222444
2022-08-04,22514.6,-0.035677893447326706,0.01346218776572052
2022-08-05,22965.49,0.01982866670512843,-0.035677893447326706
2022-08-06,22965.49,0.0,0.01982866670512843
2022-08-07,23171.125,0.008914237063412486,0.0
2022-08-08,24074.375,0.0382411053767915,0.008914237063412486
2022-08-09,23146.555,-0.03930203944363714,0.0382411053767915
2022-08-10,23906.89,0.032320744546703695,-0.03930203944363714
2022-08-11,24216.5,0.012867517101746077,0.032320744546703695
2022-08-12,24247.5,0.0012793002735188555,0.012867517101746077
2022-08-13,24236.5,-0.00045375794854957065,0.0012793002735188555
2022-08-14,24325.0,0.0036448667350576086,-0.00045375794854957065
2022-08-15,24071.665,-0.01046920542474375,0.0036448667350576086
2022-08-16,23986.11,-0.003560509839806434,-0.01046920542474375
2022-08-17,23409.0,-0.02435434900478477,-0.003560509839806434
2022-08-18,23417.18,0.0003493772109194506,-0.02435434900478477
2022-08-19,21309.855,-0.09430029924349911,0.0003493772109194506
2022-08-20,20819.0,-0.023303610476517845,-0.09430029924349911
2022-08-21,20819.5,2.401623497595127e-05,-0.023303610476517845
2022-08-22,21124.5,0.014543456795465167,2.401623497595127e-05
2022-08-23,21478.965,0.01664057979814086,0.014543456795465167
2022-08-24,21695.385,0.010025480995066215,0.01664057979814086
2022-08-25,21645.935,-0.0022818881131090865,0.010025480995066215
2022-08-26,20649.5,-0.047126570965335575,-0.0022818881131090865
2022-08-27,19988.36,-0.032541001912590135,-0.047126570965335575
2022-08-28,19986.115,-0.00011232167538706768,-0.032541001912590135
2022-08-29,20177.915,0.00955090701777928,-0.00011232167538706768
2022-08-30,19976.0,-0.010057136491170073,0.00955090701777928
2022-08-31,20203.375,0.011318116681431496,-0.010057136491170073
2022-09-01,20074.375,-0.006405543561039189,0.011318116681431496
2022-09-02,19976.375,-0.004893800769561518,-0.006405543561039189
2022-09-03,19744.0,-0.011700677605325574,-0.004893800769561518
2022-09-04,19898.935,0.007816564987412539,-0.011700677605325574
2022-09-05,19739.0,-0.008069838549539512,0.007816564987412539
2022-09-06,18984.5,-0.03897351740541034,-0.008069838549539512
2022-09-07,19387.0,0.020979881601630265,-0.03897351740541034
2022-09-08,19379.0,-0.0004127328129580244,0.020979881601630265
2022-09-09,21299.4,0.09448889776042847,-0.0004127328129580244
2022-09-10,21434.5,0.006322870137903652,0.09448889776042847
2022-09-11,21593.635,0.007396821896266936,0.006322870137903652
2022-09-12,22404.945,0.036883098087187524,0.007396821896266936
2022-09-13,20235.5,-0.10184320574187108,0.036883098087187524
2022-09-14,19946.0,-0.01440986570435168,-0.10184320574187108
2022-09-15,19848.0,-0.004925375590176303,-0.01440986570435168
2022-09-16,19752.0,-0.004848494346621521,-0.004925375590176303
2022-09-17,20079.0,0.01641974074373646,-0.004848494346621521
2022-09-18,19633.0,-0.022462668870002887,0.01641974074373646
2022-09-19,19527.625,-0.005381694205748491,-0.022462668870002887
2022-09-20,18973.375,-0.028793449095080803,-0.005381694205748491
2022-09-21,18922.5,-0.002684990414597243,-0.028793449095080803
2022-09-22,19248.805,0.017097290683615922,-0.002684990414597243
2022-09-23,18849.5,-0.020962592541519907,0.017097290683615922
2022-09-24,19152.18,0.015930158924410874,-0.020962592541519907
2022-09-25,18904.0,-0.013043007383085635,0.015930158924410874
2022-09-26,19114.875,0.011093287875398294,-0.013043007383085635
2022-09-27,19069.81,-0.0023603714904418256,0.011093287875398294
2022-09-28,19569.375,0.025859387990725506,-0.0023603714904418256
2022-09-29,19502.025,-0.0034475379283800374,0.025859387990725506
2022-09-30,19425.0,-0.0039574100781976035,-0.0034475379283800374
2022-10-01,19251.0,-0.008997888817223215,-0.0039574100781976035
2022-10-02,19236.71,-0.0007425747417368251,-0.008997888817223215
2022-10-03,19597.5,0.018581574385989157,-0.0007425747417368251
2022-10-04,20347.0,0.0375314737930256,0.018581574385989157
2022-10-05,19990.125,-0.01769507925444454,0.0375314737930256
2022-10-06,20045.255,0.0027540657711351006,-0.01769507925444454
2022-10-07,19551.5,-0.024940457559685818,0.0027540657711351006
2022-10-08,19460.14,-0.004683738854185615,-0.024940457559685818
2022-10-09,19483.66,0.0012078945998930065,-0.004683738854185615
2022-10-10,19240.0,-0.012584720338917471,0.0012078945998930065
2022-10-11,19020.0,-0.011500388120316212,-0.012584720338917471
2022-10-12,19173.105,0.008017458655274104,-0.011500388120316212
2022-10-13,19392.625,0.011384323380495817,0.008017458655274104
2022-10-14,19175.5,-0.011259416620361336,0.011384323380495817
2022-10-15,19096.5,-0.0041283503449800986,-0.011259416620361336
2022-10-16,19330.5,0.012179087226745697,-0.0041283503449800986
2022-10-17,19528.0,0.010165173676240391,0.012179087226745697
2022-10-18,19372.825,-0.007978022217172495,0.010165173676240391
2022-10-19,19196.5,-0.009143340123562596,-0.007978022217172495
2022-10-20,19031.875,-0.008612765656502158,-0.009143340123562596
2022-10-21,19179.5,0.0077267952003836704,-0.008612765656502158
2022-10-22,19218.38,0.002025112495143011,0.0077267952003836704
2022-10-23,19500.195,0.014557352730753202,0.002025112495143011
2022-10-24,19383.5,-0.006002276807825605,0.014557352730753202
2022-10-25,20186.625,0.040598067678385315,-0.006002276807825605
2022-10-26,20752.01,0.02762285306497505,0.040598067678385315
2022-10-27,20398.5,-0.01718174072025007,0.02762285306497505
2022-10-28,20633.625,0.011460657890292675,-0.01718174072025007
2022-10-29,20828.5,0.009400214532804102,0.011460657890292675
2022-10-30,20662.5,-0.008001778010940399,0.009400214532804102
2022-10-31,20417.125,-0.011946453662798649,-0.008001778010940399
2022-11-01,20482.625,0.0032029563015248527,-0.011946453662798649
2022-11-02,20174.855,-0.015139938768447077,0.0032029563015248527
2022-11-03,20240.07,0.0032272758938861356,-0.015139938768447077
2022-11-04,21134.5,0.043242473387338706,0.0032272758938861356
2022-11-05,21355.575,0.010406053410797084,0.043242473387338706
2022-11-06,21202.49,-0.007194202098331861,0.010406053410797084
2022-11-07,20670.3,-0.025420740234660406,-0.007194202098331861
2022-11-08,18705.375,-0.09988697166182578,-0.025420740234660406
2022-11-09,15723.0,-0.1736863072264869,-0.09988697166182578
2022-11-10,17812.25,0.12476181435451829,-0.1736863072264869
2022-11-11,16757.0,-0.0610703414240702,0.12476181435451829
2022-11-12,16789.81,0.001956073347154834,-0.0610703414240702
2022-11-13,16369.5,-0.025352307526624665,0.001956073347154834
2022-11-14,16387.84,0.0011197491564505794,-0.025352307526624665
2022-11-15,16888.275,0.030079997769649317,0.0011197491564505794
2022-11-16,16530.0,-0.021442682332284302,0.030079997769649317
2022-11-17,16681.09,0.009098830684421093,-0.021442682332284302
2022-11-18,16634.7,-0.002784867474636778,0.009098830684421093
2022-11-19,16660.74,0.0015641784766467313,-0.002784867474636778
2022-11-20,16248.5,-0.025054456696542222,0.0015641784766467313
2022-11-21,15627.0,-0.039000409391657435,-0.025054456696542222
2022-11-22,16135.25,0.03200613221984718,-0.039000409391657435
2022-11-23,16469.75,0.0205190453097939,0.03200613221984718
2022-11-24,16548.0,0.004739883638359735,0.0205190453097939
2022-11-25,16503.095,-0.0027173095251870898,0.004739883638359735
2022-11-26,16508.67,0.0003377583751124523,-0.0027173095251870898
2022-11-27,16577.99,0.00419021451098993,0.0003377583751124523
2022-11-28,16196.5,-0.023280742446487993,0.00419021451098993
2022-11-29,16467.675,0.01660419895521357,-0.023280742446487993
2022-11-30,17097.525,0.03753434772231561,0.01660419895521357
2022-12-01,16928.5,-0.009935124089433298,0.03753434772231561
2022-12-02,17021.56,0.005482183717570841,-0.009935124089433298
2022-12-03,16948.47,-0.004303211553699661,0.005482183717570841
2022-12-04,17113.5,0.009690061456837134,-0.004303211553699661
2022-12-05,16969.375,-0.008457376853961413,0.009690061456837134
2022-12-06,16996.875,0.001619254760753237,-0.008457376853961413
2022-12-07,16836.71,-0.009467882072876377,0.001619254760753237
2022-12-08,17185.375,0.02049710986323633,-0.009467882072876377
2022-12-09,17107.71,-0.004529492332530793,0.02049710986323633
2022-12-10,17130.81,0.0013493575951867977,-0.004529492332530793
2022-12-11,17112.5,-0.001069406067637088,0.0013493575951867977
2022-12-12,17170.92,0.0034080646881330485,-0.001069406067637088
2022-12-13,17760.685,0.033770051337347194,0.0034080646881330485
2022-12-14,17832.5,0.0040353285300085895,0.033770051337347194
2022-12-15,17396.5,-0.024753598608119078,0.0040353285300085895
2022-12-16,16836.625,-0.03271246351062145,-0.024753598608119078
2022-12-17,16677.5,-0.009496067449782134,-0.03271246351062145
2022-12-18,16713.63,0.002164048602131847,-0.009496067449782134
2022-12-19,16591.125,-0.007356640365536998,0.002164048602131847
2022-12-20,16895.575,0.018183839486782673,-0.007356640365536998
2022-12-21,16791.5,-0.0061789473337450695,0.018183839486782673
2022-12-22,16792.375,5.210834069605938e-05,-0.0061789473337450695
2022-12-23,16813.325,0.001246812458241924,5.210834069605938e-05
2022-12-24,16831.5,0.001080404000789541,0.001246812458241924
2022-12-25,16822.5,-0.0005348547105575632,0.001080404000789541
2022-12-26,16832.625,0.0006016914395928772,-0.0005348547105575632
2022-12-27,16687.875,-0.008636559701837906,0.0006016914395928772
2022-12-28,16517.5,-0.010261982896187408,-0.008636559701837906
2022-12-29,16593.5,0.004590627493445671,-0.010261982896187408
2022-12-30,16576.375,-0.001032563524676387,0.004590627493445671
2022-12-31,16539.88,-0.0022040544605030038,-0.001032563524676387
2023-01-01,16602.005,0.0037490367711626887,-0.0022040544605030038
2023-01-02,16767.435,0.00991514123601773,0.0037490367711626887
2023-01-03,16659.0,-0.006488001509770367,0.00991514123601773
2023-01-04,16817.375,0.009461967228661562,-0.006488001509770367
2023-01-05,16850.885,0.001990599518076726,0.009461967228661562
2023-01-06,16933.53,0.004892502347792752,0.001990599518076726
2023-01-07,16941.685,0.0004814729682183187,0.004892502347792752
2023-01-08,16954.63,0.0007637998779118882,0.0004814729682183187
2023-01-09,17179.5,0.01317585965550255,0.0007637998779118882
2023-01-10,17475.16,0.017063631491267946,0.01317585965550255
2023-01-11,17564.83,0.005118163318340328,0.017063631491267946
2023-01-12,18831.125,0.06961247863866868,0.005118163318340328
2023-01-13,19812.5,0.05080196566547891,0.06961247863866868
2023-01-14,20902.5,0.05355571740457647,0.05080196566547891
2023-01-15,20905.5,0.00014351320346111713,0.05355571740457647
2023-01-16,21135.125,0.010924066115792693,0.00014351320346111713
2023-01-17,21322.375,0.00882064248063841,0.010924066115792693
2023-01-18,20778.0,-0.025862256193628277,0.00882064248063841
2023-01-19,20942.45,0.007883464905082868,-0.025862256193628277
2023-01-20,22320.5,0.06372733914247089,0.007883464905082868
2023-01-21,23204.5,0.03884068668473332,0.06372733914247089
2023-01-22,22519.5,-0.029964624842294566,0.03884068668473332
2023-01-23,23000.5,0.021134354284960716,-0.029964624842294566
2023-01-24,22902.875,-0.004253506291791533,0.021134354284960716
2023-01-25,23599.375,0.029957780098533372,-0.004253506291791533
2023-01-26,23080.5,-0.02223212344662929,0.029957780098533372
2023-01-27,23090.5,0.0004331723443877844,-0.02223212344662929
2023-01-28,23005.31,-0.003696218679703108,0.0004331723443877844
2023-01-29,23795.5,0.03377142832203629,-0.003696218679703108
2023-01-30,22746.0,-0.04510718140787369,0.03377142832203629
2023-01-31,22952.0,0.009015772916810804,-0.04510718140787369
2023-02-01,23683.5,0.0313735244688523,0.009015772916810804
2023-02-02,23456.0,-0.009652277443674993,0.0313735244688523
2023-02-03,23384.68,-0.00304521860547881,-0.009652277443674993
2023-02-04,23421.07,0.0015549374737963088,-0.00304521860547881
2023-02-05,22904.5,-0.022302646767029363,0.0015549374737963088
2023-02-06,22915.5,0.0004801396862209783,-0.022302646767029363
2023-02-07,23197.5,0.012230976753447108,0.0004801396862209783
2023-02-08,22959.09,-0.010330577725626636,0.012230976753447108
2023-02-09,21858.5,-0.04912407460677811,-0.010330577725626636
2023-02-10,21539.0,-0.014724616517574509,-0.04912407460677811
2023-02-11,21828.0,0.013328303928767382,-0.014724616517574509
2023-02-12,21741.0,-0.0039936705287315095,0.013328303928767382
2023-02-13,21630.5,-0.005095523054924735,-0.0039936705287315095
2023-02-14,22254.625,0.028445496439488332,-0.005095523054924735
2023-02-15,24179.53,0.08295655526622162,0.028445496439488332
2023-02-16,24540.0,0.014798031836726004,0.08295655526622162
2023-02-17,24487.5,-0.0021416560121062687,0.014798031836726004
2023-02-18,24621.5,0.0054572617060909805,-0.0021416560121062687
2023-02-19,24542.385,-0.0032184221523994983,0.0054572617060909805
2023-02-20,24763.775,0.008980277021693588,-0.0032184221523994983
2023-02-21,24204.0,-0.022863991085969176,0.008980277021693588
2023-02-22,23805.5,-0.01660126234341537,-0.022863991085969176
2023-02-23,23881.0,0.003166517277865798,-0.01660126234341537
2023-02-24,23115.625,-0.0325743679004299,0.003166517277865798
2023-02-25,22942.12,-0.007534273367232721,-0.0325743679004299
2023-02-26,23562.5,0.026681942781366732,-0.007534273367232721
2023-02-27,23386.375,-0.007502877383909956,0.026681942781366732
2023-02-28,23150.0,-0.010158807292076528,-0.007502877383909956
2023-03-01,23560.625,0.017582105912863688,-0.010158807292076528
2023-03-02,23413.52,-0.006263253152988717,0.017582105912863688
2023-03-03,22244.5,-0.05121884624783855,-0.006263253152988717
2023-03-04,22209.585,-0.0015708345894177537,-0.05121884624783855
2023-03-05,22487.0,0.012413411999834058,-0.0015708345894177537
2023-03-06,22412.5,-0.0033185255234446953,0.012413411999834058
2023-03-07,22055.425,-0.01606023555321122,-0.0033185255234446953
2023-03-08,22001.875,-0.0024309263786345967,-0.01606023555321122
2023-03-09,20229.875,-0.08396720478100624,-0.0024309263786345967
2023-03-10,20098.0,-0.006540164591632331,-0.08396720478100624
2023-03-11,20502.0,0.019902134734442835,-0.006540164591632331
2023-03-12,21496.0,0.047344428951980405,0.019902134734442835
2023-03-13,24236.5,0.11999289002382105,0.047344428951980405
2023-03-14,24635.61,0.01633319587051914,0.11999289002382105
2023-03-15,24401.0,-0.0095688421416218,0.01633319587051914
2023-03-16,24752.285,0.014293692919586739,-0.0095688421416218
2023-03-17,26825.5,0.08043511968654103,0.014293692919586739
2023-03-18,27408.0,0.0214820139097278,0.08043511968654103
2023-03-19,27976.0,0.020512058179310656,0.0214820139097278
2023-03-20,28080.0,0.0037105793965355534,0.020512058179310656
2023-03-21,28155.5,0.0026851382263055946,0.0037105793965355534
2023-03-22,27392.5,-0.027473464086504747,0.0026851382263055946
2023-03-23,28334.0,0.03379324365974786,-0.027473464086504747
2023-03-24,27619.5,-0.02554045196391181,0.03379324365974786
2023-03-25,27383.395,-0.008585237202526826,-0.02554045196391181
2023-03-26,27807.5,0.01536896069332662,-0.008585237202526826
2023-03-27,27046.5,-0.027748161581651686,0.01536896069332662
2023-03-28,27310.5,0.00971363672759659,-0.027748161581651686
2023-03-29,28393.0,0.038871392283018974,0.00971363672759659
2023-03-30,28151.0,-0.0085597579795878,0.038871392283018974
2023-03-31,28391.5,0.008506926661169907,-0.0085597579795878
2023-04-01,28462.5,0.0024976267952646044,0.008506926661169907
2023-04-02,28075.5,-0.013690121484934642,0.0024976267952646044
2023-04-03,27591.125,-0.01740314686368356,-0.013690121484934642
2023-04-04,28265.0,0.024130127086014305,-0.01740314686368356
2023-04-05,28159.625,-0.0037350756874449083,0.024130127086014305
2023-04-06,27995.0,-0.005863291638952518,-0.0037350756874449083
2023-04-07,27890.5,-0.0037397937495494077,-0.005863291638952518
2023-04-08,27932.14,0.001491868092339471,-0.0037397937495494077
2023-04-09,28139.0,0.007378517308455545,0.001491868092339471
2023-04-10,29136.875,0.034848039658268375,0.007378517308455545
2023-04-11,30194.5,0.03565523447943923,0.034848039658268375
2023-04-12,29969.5,-0.007479590750423149,0.03565523447943923
2023-04-13,30297.375,0.010880877259658066,-0.007479590750423149
2023-04-14,30470.5,0.005697927347134079,0.010880877259658066
2023-04-15,30313.5,-0.0051658446019027604,0.005697927347134079
2023-04-16,30371.45,0.001909864558338872,-0.0051658446019027604
2023-04-17,29459.535,-0.030485395606753816,0.001909864558338872
2023-04-18,30432.0,0.03247705956711898,-0.030485395606753816
2023-04-19,29244.875,-0.03979034171203722,0.03247705956711898
2023-04-20,28209.125,-0.036058837487813265,-0.03979034171203722
2023-04-21,27263.5,-0.03409669588626729,-0.036058837487813265
2023-04-22,27638.5,0.013660916974873481,-0.03409669588626729
2023-04-23,27510.0,-0.004660153315252521,0.013660916974873481
2023-04-24,27465.75,-0.0016098010324917624,-0.004660153315252521
2023-04-25,27980.0,0.018550195333343674,-0.0016098010324917624
2023-04-26,28420.5,0.01562074652105449,0.018550195333343674
2023-04-27,29633.5,0.0417947623745062,0.01562074652105449
2023-04-28,29358.5,-0.009323365609971424,0.0417947623745062
2023-04-29,29247.98,-0.0037716010588585047,-0.009323365609971424
2023-04-30,29348.5,0.0034309261786324473,-0.0037716010588585047
2023-05-01,27671.5,-0.05883843497708688,0.0034309261786324473
2023-05-02,28696.36,0.036367282788159476,-0.05883843497708688
2023-05-03,28530.0,-0.0058141202283623515,0.036367282788159476
2023-05-04,28884.0,0.012331643363526636,-0.0058141202283623515
2023-05-05,29526.0,0.021983422522960906,0.012331643363526636
2023-05-06,28852.5,-0.023074586799473353,0.021983422522960906
2023-05-07,28954.0,0.0035117194194289056,-0.023074586799473353
2023-05-08,27556.5,-0.04946992129688742,0.0035117194194289056
2023-05-09,27657.265,0.0036499996647609413,-0.04946992129688742
2023-05-10,27879.655,0.008008769254053357,0.0036499996647609413
2023-05-11,27007.03,-0.031800008869561816,0.008008769254053357
2023-05-12,26447.5,-0.020935566605424498,-0.031800008869561816
2023-05-13,26920.76,0.017736100297144498,-0.020935566605424498
2023-05-14,26957.2,0.0013526869078331041,0.017736100297144498
2023-05-15,27356.0,0.01468546015207947,0.0013526869078331041
2023-05-16,26957.5,-0.014674331461759275,0.01468546015207947
2023-05-17,27337.5,0.013997834228795941,-0.014674331461759275
2023-05-18,26723.5,-0.022716057888671266,0.013997834228795941
2023-05-19,26837.5,0.004256835090684461,-0.022716057888671266
2023-05-20,27042.5,0.00760953931740808,0.004256835090684461
2023-05-21,26890.17,-0.005648910208710731,0.00760953931740808
2023-05-22,26896.5,0.00023537430479435897,-0.005648910208710731
2023-05-23,27218.815,0.01191229549123506,0.00023537430479435897
2023-05-24,26400.5,-0.03052551274276451,0.01191229549123506
2023-05-25,26488.23,0.0033175340176726407,-0.03052551274276451
2023-05-26,26760.235,0.010216533600760457,0.0033175340176726407
2023-05-27,26763.0,0.0001033196144613197,0.010216533600760457
2023-05-28,27563.5,0.02947209712830101,0.0001033196144613197
2023-05-29,27694.815,0.004752777828579178,0.02947209712830101
2023-05-30,27773.545,0.002838737358379074,0.004752777828579178
2023-05-31,27117.635,-0.02389969466014815,0.002838737358379074
2023-06-01,26872.5,-0.00908079538978563,-0.02389969466014815
2023-06-02,27178.0,0.011304363633224101,-0.00908079538978563
2023-06-03,27200.795,0.0008383783176942881,0.011304363633224101
2023-06-04,27266.5,0.0024126416364727158,0.0008383783176942881
2023-06-05,25643.395,-0.061372808869061164,0.0024126416364727158
2023-06-06,26951.5,0.049752920849797766,-0.061372808869061164
2023-06-07,26365.455,-0.021984323871640652,0.049752920849797766
2023-06-08,26645.0,0.010546885187176764,-0.021984323871640652
2023-06-09,26446.55,-0.0074758007344019675,0.010546885187176764
2023-06-10,25986.0,-0.017567783553798975,-0.0074758007344019675
2023-06-11,26030.5,0.0017109959669016515,-0.017567783553798975
2023-06-12,25896.0,-0.005180410803503146,0.0017109959669016515
2023-06-13,25847.5,-0.0018746321452321228,-0.005180410803503146
2023-06-14,24924.5,-0.036362629012558836,-0.0018746321452321228
2023-06-15,25543.5,0.024531625686479645,-0.036362629012558836
2023-06-16,26393.0,0.032715942325608934,0.024531625686479645
2023-06-17,26533.5,0.00530926209129404,0.032715942325608934
2023-06-18,26471.5,-0.0023394030101373305,0.00530926209129404
2023-06-19,26719.0,0.009306240259008447,-0.0023394030101373305
2023-06-20,28165.055,0.0527071023046355,0.009306240259008447
2023-06-21,29985.835,0.06264307836666572,0.0527071023046355
2023-06-22,30160.0,0.005791439650048164,0.06264307836666572
2023-06-23,30924.5,0.02503220685934337,0.005791439650048164
2023-06-24,30469.0,-0.014838976706434834,0.02503220685934337
2023-06-25,30452.5,-0.0005416807006869913,-0.014838976706434834
2023-06-26,30162.5,-0.009568661640826844,-0.0005416807006869913
2023-06-27,30659.5,0.0163431344665225,-0.009568661640826844
2023-06-28,30108.5,-0.018135041501388078,0.0163431344665225
2023-06-29,30397.0,0.009536395415758028,-0.018135041501388078
2023-06-30,30391.0,-0.00019740738367717085,0.009536395415758028
2023-07-01,30585.5,0.0063795284954866836,-0.00019740738367717085
2023-07-02,30592.0,0.00021249642513871441,0.0063795284954866836
2023-07-03,31126.0,0.017304945913827457,0.00021249642513871441
2023-07-04,30812.525,-0.01012221962121213,0.017304945913827457
2023-07-05,30468.5,-0.01122790012535284,-0.01012221962121213
2023-07-06,30312.0,-0.005149689319953563,-0.01122790012535284
2023-07-07,30266.5,-0.0015021834002526611,-0.005149689319953563
2023-07-08,30266.5,0.0,-0.0015021834002526611
2023-07-09,30266.5,0.0,0.0
2023-07-10,30775.5,0.016677428576186103,0.0
2023-07-11,30575.52,-0.006519230104667109,0.016677428576186103
2023-07-12,30352.84,-0.007309600701108217,-0.006519230104667109
2023-07-13,31360.8,0.03266861727445123,-0.007309600701108217
2023-07-14,30203.5,-0.03760089365554528,0.03266861727445123
2023-07-15,30290.5,0.002876320295593826,-0.03760089365554528
2023-07-16,30311.0,0.0006765509362619004,0.002876320295593826
2023-07-17,29935.5,-0.012465615843206806,0.0006765509362619004
2023-07-18,29778.055,-0.005273354261217744,-0.012465615843206806
2023-07-19,29963.5,0.006208261422921781,-0.005273354261217744
2023-07-20,29751.01,-0.007116893260519869,0.006208261422921781
2023-07-21,29883.0,0.004426675835941661,-0.007116893260519869
2023-07-22,29832.0,-0.0017081139546186663,0.004426675835941661
2023-07-23,30137.5,0.01018860063076985,-0.0017081139546186663
2023-07-24,29139.5,-0.033675601432395556,0.01018860063076985
2023-07-25,29229.6,0.003087252383979437,-0.033675601432395556
2023-07-26,29577.0,0.011815137802140552,0.003087252383979437
2023-07-27,29140.0,-0.014885231493955191,0.011815137802140552
2023-07-28,29341.5,0.0068910953853280376,-0.014885231493955191
2023-07-29,29354.5,0.0004429603452556386,0.0068910953853280376
2023-07-30,20269.5,-0.37032856333352904,0.0004429603452556386
2023-07-31,29208.0,0.3653253511892223,-0.37032856333352904
2023-08-01,29214.455,0.00022097667844559675,0.3653253511892223
2023-08-02,29119.0,-0.003272738952290723,0.00022097667844559675
2023-08-03,29281.5,0.005565035209630392,-0.003272738952290723
2023-08-04,28939.89,-0.01173499706052604,0.005565035209630392
2023-08-05,29029.5,0.0030916340977835493,-0.01173499706052604
2023-08-06,29091.5,0.0021334809627269,0.0030916340977835493
2023-08-07,29158.5,0.002300430199034513,0.0021334809627269
2023-08-08,29984.94,0.027948790129830637,0.002300430199034513
2023-08-09,29483.0,-0.016881429566696096,0.027948790129830637
2023-08-10,29422.06,-0.0020690929350069497,-0.016881429566696096
2023-08-11,29385.875,-0.0012306163978244944,-0.0020690929350069497
2023-08-12,29406.5,0.0007016216251203141,-0.0012306163978244944
2023-08-13,29399.73,-0.0002302477145672381,0.0007016216251203141
2023-08-14,29366.5,-0.0011309217399761518,-0.0002302477145672381
2023-08-15,29170.06,-0.006711728103723574,-0.0011309217399761518
2023-08-16,28938.5,-0.007969952300510114,-0.006711728103723574
2023-08-17,27644.0,-0.04576418225563864,-0.007969952300510114
2023-08-18,26066.125,-0.05877212761305129,-0.04576418225563864
2023-08-19,26055.0,-0.00042689025491864395,-0.05877212761305129
2023-08-20,26234.0,0.006846591031776097,-0.00042689025491864395
2023-08-21,26119.875,-0.004359760601075114,0.006846591031776097
2023-08-22,25852.0,-0.010308551391229794,-0.004359760601075114
2023-08-23,26587.5,0.028053213125706643,-0.010308551391229794
2023-08-24,26014.5,-0.02178710564974247,0.028053213125706643
2023-08-25,26043.0,0.0010949432011675118,-0.02178710564974247
2023-08-26,26018.0,-0.0009604118984133439,0.0010949432011675118
2023-08-27,26086.165,0.002616490980644972,-0.0009604118984133439
2023-08-28,25980.775,-0.004048255723530446,0.002616490980644972
2023-08-29,27581.625,0.059792948699876905,-0.004048255723530446
2023-08-30,27254.125,-0.011944904336529593,0.059792948699876905
2023-08-31,26019.605,-0.04635459346098136,-0.011944904336529593
2023-09-01,25757.56,-0.010122116085858926,-0.04635459346098136
2023-09-02,25852.005,0.00365998455627517,-0.010122116085858926
2023-09-03,26042.5,0.007341658067202654,0.00365998455627517
2023-09-04,25853.125,-0.007298335480056101,0.007341658067202654
2023-09-05,25705.685,-0.005719309732045302,-0.007298335480056101
2023-09-06,25665.5,-0.0015644960573349426,-0.005719309732045302
2023-09-07,25995.5,0.012775768511835666,-0.0015644960573349426
2023-09-08,25895.905,-0.00383859802188669,0.012775768511835666
2023-09-09,25857.0,-0.0015034907636074337,-0.00383859802188669
2023-09-10,25814.0,-0.0016643769203759649,-0.0015034907636074337
2023-09-11,25088.5,-0.028507406596656612,-0.0016643769203759649
2023-09-12,26075.625,0.03859139610250866,-0.028507406596656612
2023-09-13,26228.125,0.005831338370207402,0.03859139610250866
2023-09-14,26575.0,0.013138615938956226,0.005831338370207402
2023-09-15,26417.375,-0.005948986618090815,0.013138615938956226
2023-09-16,26545.09,0.0048228588889812265,-0.005948986618090815
2023-09-17,26445.0,-0.003777691980958778,0.0048228588889812265
2023-09-18,26776.715,0.012465562052190652,-0.003777691980958778
2023-09-19,27187.625,0.015229239969348858,0.012465562052190652
2023-09-20,27093.245,-0.0034774717173813724,0.015229239969348858
2023-09-21,26598.875,-0.018415513161914806,-0.0034774717173813724
2023-09-22,26542.425,-0.0021245254155530012,-0.018415513161914806
2023-09-23,26626.985,0.003180778996555272,-0.0021245254155530012
2023-09-24,26504.715,-0.004602533547402037,0.003180778996555272
2023-09-25,26306.02,-0.007524831364663734,-0.004602533547402037
2023-09-26,26149.375,-0.005972520677428186,-0.007524831364663734
2023-09-27,26240.5,0.003478729120700284,-0.005972520677428186
2023-09-28,27096.125,0.03208670995947915,0.003478729120700284
2023-09-29,26907.5,-0.006985670575558064,0.03208670995947915
2023-09-30,27075.795,0.006235097180543446,-0.006985670575558064
2023-10-01,27115.98,0.0014830666596741813,0.006235097180543446
2023-10-02,27841.5,0.02640449132859182,0.0014830666596741813
2023-10-03,27396.43,-0.016115000390640316,0.02640449132859182
2023-10-04,27653.0,0.009321508244098123,-0.016115000390640316
2023-10-05,27479.39,-0.006297952032967677,0.009321508244098123
2023-10-06,27996.0,0.018625373681677302,-0.006297952032967677
2023-10-07,27939.47,-0.002021258398151968,0.018625373681677302
2023-10-08,27921.94,-0.0006276247081999081,-0.002021258398151968
2023-10-09,27574.185,-0.012532750775181383,-0.0006276247081999081
2023-10-10,27406.0,-0.006118041421750747,-0.012532750775181383
2023-10-11,26712.0,-0.02564906488265585,-0.006118041421750747
2023-10-12,26736.0,0.0008980692116844054,-0.02564906488265585
2023-10-13,26975.0,0.008899539291160514,0.0008980692116844054
2023-10-14,26847.5,-0.004737804393963891,0.008899539291160514
2023-10-15,27206.5,0.013283208591029485,-0.004737804393963891
2023-10-16,28419.5,0.04361961392873329,0.013283208591029485
2023-10-17,28462.385,0.0015078617076575878,0.04361961392873329
2023-10-18,28260.04,-0.007134598294108429,0.0015078617076575878
2023-10-19,28725.9,0.01635036215313794,-0.007134598294108429
2023-10-20,29601.5,0.03002588088503697,0.01635036215313794
2023-10-21,30032.5,0.014455092891671423,0.03002588088503697
2023-10-22,29856.1,-0.005890954543565413,0.014455092891671423
2023-10-23,31541.635,0.054919245056159395,-0.005890954543565413
2023-10-24,33658.0,0.06494235016489441,0.054919245056159395
2023-10-25,34680.0,0.02991238262145947,0.06494235016489441
2023-10-26,34197.365,-0.01401455759566334,0.02991238262145947
2023-10-27,33840.935,-0.010477429936716751,-0.01401455759566334
2023-10-28,34134.5,0.008637438660724434,-0.010477429936716751
2023-10-29,34590.965,0.013283917755727606,0.008637438660724434
2023-10-30,34436.5,-0.004475472417416755,0.013283917755727606
2023-10-31,34651.5,0.00622396636321895,-0.004475472417416755
2023-11-01,35446.5,0.02268350275524603,0.00622396636321895
2023-11-02,34920.105,-0.014961779657728215,0.02268350275524603
2023-11-03,34612.5,-0.008847849342652897,-0.014961779657728215
2023-11-04,34779.0,0.004798867859293833,-0.008847849342652897
2023-11-05,34682.0,-0.002792935980016552,0.004798867859293833
2023-11-06,35038.56,0.010228348956962813,-0.002792935980016552
2023-11-07,35502.0,0.013139863589291593,0.010228348956962813
2023-11-08,35592.0,0.0025318605811287215,0.013139863589291593
2023-11-09,36538.0,0.026231921410637335,0.0025318605811287215
2023-11-10,37294.5,0.02049304778000719,0.026231921410637335
2023-11-11,36990.0,-0.008198256850022623,0.02049304778000719
2023-11-12,37176.915,0.0050403982887529414,-0.008198256850022623
2023-11-13,36506.81,-0.018189185605218646,0.0050403982887529414
2023-11-14,35602.98,-0.025069476308051373,-0.018189185605218646
2023-11-15,37646.0,0.05579736468214077,-0.025069476308051373
2023-11-16,35962.5,-0.0457499780243199,0.05579736468214077
2023-11-17,36413.5,0.012462856127246846,-0.0457499780243199
2023-11-18,36565.96,0.004178167988424088,0.012462856127246846
2023-11-19,37020.58,0.012356221236200157,0.004178167988424088
2023-11-20,37442.5,0.011332448654876289,0.012356221236200157
2023-11-21,36847.0,-0.016032218689320827,0.011332448654876289
2023-11-22,37627.0,0.020947673607388632,-0.016032218689320827
2023-11-23,37256.5,-0.009895451555386138,0.020947673607388632
2023-11-24,37867.72,0.016272607886371707,-0.009895451555386138
2023-11-25,37800.945,-0.0017649318204197453,0.016272607886371707
2023-11-26,37617.195,-0.00487284262351132,-0.0017649318204197453
2023-11-27,37034.0,-0.01562485007391172,-0.00487284262351132
2023-11-28,37970.5,0.024973132832141434,-0.01562485007391172
2023-11-29,37743.0,-0.00600951441066205,0.024973132832141434
2023-11-30,37747.0,0.00010597430133108583,-0.00600951441066205
2023-12-01,38794.5,0.027372481665627287,0.00010597430133108583
2023-12-02,39582.5,0.02010861738939024,0.027372481665627287
2023-12-03,39728.0,0.0036691273723585727,0.02010861738939024
2023-12-04,42050.375,0.05681207556819731,0.0036691273723585727
2023-12-05,43900.5,0.043057405203897524,0.05681207556819731
2023-12-06,43829.0,-0.0016300107906897007,0.043057405203897524
2023-12-07,43400.815,-0.009817479015332909,-0.0016300107906897007
2023-12-08,44557.5,0.026302270183986058,-0.009817479015332909
2023-12-09,43983.965,-0.012955354237202756,0.026302270183986058
2023-12-10,43803.17,-0.004118946485944824,-0.012955354237202756
2023-12-11,41112.05,-0.06340492331361233,-0.004118946485944824
2023-12-12,41087.0,-0.0006094961140177911,-0.06340492331361233
2023-12-13,42991.5,0.04531065196970336,-0.0006094961140177911
2023-12-14,42990.5,-2.3260682469471348e-05,0.04531065196970336
2023-12-15,42240.0,-0.01761152165431923,-2.3260682469471348e-05
2023-12-16,42347.595,0.002543991421640537,-0.01761152165431923
2023-12-17,41880.5,-0.011091306015607764,0.002543991421640537
2023-12-18,42614.5,0.017374246143511837,-0.011091306015607764
2023-12-19,42496.5,-0.0027728513495455533,0.017374246143511837
2023-12-20,43449.5,0.022177624567322612,-0.0027728513495455533
2023-12-21,44019.0,0.0130220147281119,0.022177624567322612
2023-12-22,43742.5,-0.006301189356801698,0.0130220147281119
2023-12-23,43750.45,0.00018172892837358139,-0.006301189356801698
2023-12-24,43530.5,-0.005040056635506948,0.00018172892837358139
2023-12-25,43528.0,-5.7432645880392424e-05,-0.005040056635506948
2023-12-26,42330.5,-0.027896542766855315,-5.7432645880392424e-05
2023-12-27,43397.0,0.02488244787642409,-0.027896542766855315
2023-12-28,42472.5,-0.021533506619260286,0.02488244787642409
2023-12-29,41931.0,-0.012831397503053602,-0.021533506619260286
2023-12-30,42300.035,0.008762503304178859,-0.012831397503053602
2023-12-31,42505.5,0.004845565847038961,0.008762503304178859
2024-01-01,43622.5,0.025939592968150963,0.004845565847038961
2024-01-02,45124.5,0.033852263968999784,0.025939592968150963
2024-01-03,42944.0,-0.04952839491003114,0.033852263968999784
2024-01-04,44489.0,0.03534502625500839,-0.04952839491003114
2024-01-05,43960.925,-0.011940796433948062,0.03534502625500839
2024-01-06,43919.5,-0.0009427583689585074,-0.011940796433948062
2024-01-07,44258.5,0.007689030601102583,-0.0009427583689585074
2024-01-08,47114.0,0.06252275336799362,0.007689030601102583
2024-01-09,45422.0,-0.036573627597013124,0.06252275336799362
2024-01-10,45960.5,0.01178576277321646,-0.036573627597013124
2024-01-11,46158.0,0.0042879617582345835,0.01178576277321646
2024-01-12,43421.425,-0.061117310815807846,0.0042879617582345835
2024-01-13,42955.0,-0.010799926799024888,-0.061117310815807846
2024-01-14,42516.5,-0.010260820209352761,-0.010799926799024888
2024-01-15,42684.0,0.003931906873651252,-0.010260820209352761
2024-01-16,43430.5,0.017337816505325343,0.003931906873651252
2024-01-17,42636.0,-0.01846299243275357,0.017337816505325343
2024-01-18,41069.0,-0.03744538782785418,-0.01846299243275357
2024-01-19,41593.5,0.012690326059878585,-0.03744538782785418
2024-01-20,41705.0,0.002677120634660572,0.012690326059878585
2024-01-21,41759.0,0.00129397123393622,0.002677120634660572
2024-01-22,39812.5,-0.0477340635951292,0.00129397123393622
2024-01-23,39189.0,-0.015784838159846225,-0.0477340635951292
2024-01-24,39767.5,0.01465390061784259,-0.015784838159846225
2024-01-25,39902.0,0.0033764521624908995,0.01465390061784259
2024-01-26,41997.5,0.05118364474936289,0.0033764521624908995
2024-01-27,42085.525,0.002093764636973125,0.05118364474936289
2024-01-28,41969.0,-0.002772606820331247,0.002093764636973125
2024-01-29,43180.5,0.02845775393566953,-0.002772606820331247
2024-01-30,43547.5,0.008463291914936038,0.02845775393566953
2024-01-31,42458.705,-0.025320339852935227,0.008463291914936038
2024-02-01,43105.135,0.015110175027691491,-0.025320339852935227
2024-02-02,42972.965,-0.0030709345087918433,0.015110175027691491
2024-02-03,43035.115,0.0014452133059457179,-0.0030709345087918433
2024-02-04,42758.5,-0.006448404313410191,0.0014452133059457179
2024-02-05,42334.015,-0.00997710600493522,-0.006448404313410191
2024-02-06,43154.5,0.019195799438483336,-0.00997710600493522
2024-02-07,44192.135,0.023760132612244363,0.019195799438483336
2024-02-08,45331.29,0.025450690448916128,0.023760132612244363
2024-02-09,47548.5,0.047752720229808476,0.025450690448916128
2024-02-10,47956.5,0.008544107262596096,0.047752720229808476
2024-02-11,48112.85,0.003254943185094932,0.008544107262596096
2024-02-12,49842.87,0.03532616389076213,0.003254943185094932
2024-02-13,49564.5,-0.005600605420514116,0.03532616389076213
2024-02-14,51774.0,0.04361324108378927,-0.005600605420514116
2024-02-15,51371.5,-0.007804548779224855,0.04361324108378927
2024-02-16,52009.0,0.012333236553420945,-0.007804548779224855
2024-02-17,51808.5,-0.0038625520606201825,0.012333236553420945
2024-02-18,51875.5,0.001292388590827155,-0.0038625520606201825
2024-02-19,51904.485,0.0005585855645219741,0.001292388590827155
2024-02-20,52036.0,0.002530584116161907,0.0005585855645219741
2024-02-21,51399.385,-0.012309579330318893,0.002530584116161907
2024-02-22,51648.0,0.004825265238489812,-0.012309579330318893
2024-02-23,50993.835,-0.012746729582959545,0.004825265238489812
2024-02-24,51556.5,0.010973550623238718,-0.012746729582959545
2024-02-25,51769.0,0.004113220833189685,0.010973550623238718
2024-02-26,54667.5,0.05447786842138801,0.004113220833189685
2024-02-27,56733.0,0.03708666907090484,0.05447786842138801
2024-02-28,60565.0,0.06536111645551987,0.03708666907090484
2024-02-29,61447.5,0.014465983233176861,0.06536111645551987
2024-03-01,62605.33,0.01866726654955341,0.014465983233176861
2024-03-02,61974.5,-0.010127408132048075,0.01866726654955341
2024-03-03,62853.57,0.014084725212949109,-0.010127408132048075
2024-03-04,67500.0,0.07131986254608716,0.014084725212949109
2024-03-05,63321.5,-0.0639026739485315,0.07131986254608716
2024-03-06,66473.0,0.048570926247839354,-0.0639026739485315
2024-03-07,67349.5,0.013099628746049533,0.048570926247839354
2024-03-08,68427.0,0.01587200465867726,0.013099628746049533
2024-03-09,68535.5,0.0015843756166368207,0.01587200465867726
2024-03-10,69431.5,0.012988795826387133,0.0015843756166368207
2024-03-11,72153.5,0.038455139066272494,0.012988795826387133
2024-03-12,71071.315,-0.015111984539707935,0.038455139066272494
2024-03-13,73160.0,0.028965013970557278,-0.015111984539707935
2024-03-14,70680.0,-0.03448617607116932,0.028965013970557278
2024-03-15,67866.5,-0.04062010724193095,-0.03448617607116932
2024-03-16,67078.0,-0.011686418845131141,-0.04062010724193095
2024-03-17,68250.5,0.01732863868112646,-0.011686418845131141
2024-03-18,67366.5,-0.013036898329915832,0.01732863868112646
2024-03-19,63743.5,-0.05528064365977657,-0.013036898329915832
2024-03-20,67073.0,0.05091436044265634,-0.05528064365977657
2024-03-21,65470.0,-0.02418955604552403,0.05091436044265634
2024-03-22,63508.5,-0.03041826724485603,-0.02418955604552403
2024-03-23,65007.24,0.023324893100071974,-0.03041826724485603
2024-03-24,66149.5,0.017418683645195377,0.023324893100071974
2024-03-25,70965.015,0.07026967716959036,0.017418683645195377
2024-03-26,69821.5,-0.016245023861360036,0.07026967716959036
2024-03-27,68863.0,-0.01382296164327813,-0.016245023861360036
2024-03-28,70704.0,0.026383124770020448,-0.01382296164327813
2024-03-29,69653.5,-0.014969198168840086,0.026383124770020448
2024-03-30,69857.5,0.002924502661383681,-0.014969198168840086
2024-03-31,70844.5,0.014029881449265815,0.002924502661383681
2024-04-01,69763.5,-0.015376383969694436,0.014029881449265815
2024-04-02,65668.5,-0.06049159189861639,-0.015376383969694436
2024-04-03,65734.5,0.0010045433597420511,-0.06049159189861639
2024-04-04,67956.0,0.03323653509804356,0.0010045433597420511
2024-04-05,67646.115,-0.004570511889834049,0.03323653509804356
2024-04-06,68408.0,0.011199851823819934,-0.004570511889834049
2024-04-07,69320.08,0.013244842061175323,0.011199851823819934
2024-04-08,71704.5,0.033818888227600374,0.013244842061175323
2024-04-09,69142.5,-0.036383914783707894,0.033818888227600374
2024-04-10,69803.0,0.009507396428686902,-0.036383914783707894
2024-04-11,70512.5,0.01011301027868565,0.009507396428686902
2024-04-12,67146.5,-0.04891319956992121,0.01011301027868565
2024-04-13,61966.0,-0.08029095196705437,-0.04891319956992121
2024-04-14,63865.0,0.03018563296562132,-0.08029095196705437
2024-04-15,63140.5,-0.011409078485891011,0.03018563296562132
2024-04-16,63042.0,-0.0015612310741558797,-0.011409078485891011
2024-04-17,60844.0,-0.035487959485196646,-0.0015612310741558797
2024-04-18,63525.555,0.043129054436393914,-0.035487959485196646
2024-04-19,64059.545,0.008370775553693529,0.043129054436393914
2024-04-20,64774.635,0.011101050102709717,0.008370775553693529
2024-04-21,64658.0,-0.001802250747197612,0.011101050102709717
2024-04-22,66546.355,0.02878693169706101,-0.001802250747197612
2024-04-23,66354.0,-0.002894727170879226,0.02878693169706101
2024-04-24,64042.0,-0.03546492719947591,-0.002894727170879226
2024-04-25,64791.0,0.011627586701583174,-0.03546492719947591
2024-04-26,63935.375,-0.013293897245476865,0.011627586701583174
2024-04-27,63238.0,-0.010967421290182694,-0.013293897245476865
2024-04-28,63664.5,0.006721721098100205,-0.010967421290182694
2024-04-29,62948.0,-0.01131811864720799,0.006721721098100205
2024-04-30,59866.5,-0.05019190550686898,-0.01131811864720799
2024-05-01,57283.0,-0.04411318764916871,-0.05019190550686898
2024-05-02,58720.5,0.024785003673803655,-0.04411318764916871
2024-05-03,62936.5,0.06933738231761902,0.024785003673803655
2024-05-04,63928.3,0.015635861266524484,0.06933738231761902
2024-05-05,63743.5,-0.0028949247846598025,0.015635861266524484
2024-05-06,63298.5,-0.0070055858689724,-0.0028949247846598025
2024-05-07,62971.5,-0.005179389102876729,-0.0070055858689724
2024-05-08,61564.125,-0.02260292856099128,-0.005179389102876729
2024-05-09,62614.5,0.016917566154050653,-0.02260292856099128
2024-05-10,60487.675,-0.03455725540208242,0.016917566154050653
2024-05-11,61053.79,0.009315653616898633,-0.03455725540208242
2024-05-12,61256.5,0.0033146873513329785,0.009315653616898633
2024-05-13,63089.0,0.029476461641388754,0.0033146873513329785
2024-05-14,61627.805,-0.023433279316260623,0.029476461641388754
2024-05-15,65978.06,0.0682091139504595,-0.023433279316260623
2024-05-16,65282.5,-0.01059825602763068,0.0682091139504595
2024-05-17,66921.5,0.024796284199900737,-0.01059825602763068
2024-05-18,66986.5,0.0009708158602192652,0.024796284199900737
2024-05-19,66160.5,-0.012407498427908002,0.0009708158602192652
2024-05-20,69529.0,0.049660323603074555,-0.012407498427908002
2024-05-21,69713.5,0.002650054516047411,0.049660323603074555
2024-05-22,69409.5,-0.004370240489943887,0.002650054516047411
2024-05-23,67741.5,-0.02432475511829808,-0.004370240489943887
2024-05-24,68866.5,0.016470857244696078,-0.02432475511829808
2024-05-25,69140.96,0.003977471389387859,0.016470857244696078
2024-05-26,68684.5,-0.006623764127501268,0.003977471389387859
2024-05-27,69588.5,0.013075768662496096,-0.006623764127501268
2024-05-28,68245.5,-0.01948782597796619,0.013075768662496096
2024-05-29,67410.0,-0.012318122960041535,-0.01948782597796619
2024-05-30,68473.5,0.01565343423882038,-0.012318122960041535
2024-05-31,67631.0,-0.012380351289211852,0.01565343423882038
2024-06-01,67741.5,0.0016325328193202726,-0.012380351289211852
2024-06-02,67791.5,0.0007378277211940265,0.0016325328193202726
2024-06-03,69106.5,0.01921197456435978,0.0007378277211940265
2024-06-04,70404.5,0.018608388655886977,0.01921197456435978
2024-06-05,71202.5,0.011270748585339234,0.018608388655886977
2024-06-06,70688.0,-0.007252102923349544,0.011270748585339234
2024-06-07,69280.5,-0.020112345919500715,-0.007252102923349544
2024-06-08,69360.5,0.001154059893956647,-0.020112345919500715
2024-06-09,69680.5,0.004602966966500547,0.001154059893956647
2024-06-10,69621.345,-0.0008493068208222645,0.004602966966500547
2024-06-11,67284.5,-0.03414130326870979,-0.0008493068208222645
2024-06-12,68079.5,0.011746241848195582,-0.03414130326870979
2024-06-13,66684.0,-0.020711095851542082,0.011746241848195582
2024-06-14,65731.5,-0.01438678144083685,-0.020711095851542082
2024-06-15,66013.5,0.004281003919454039,-0.01438678144083685
2024-06-16,66459.0,0.006725949604246286,0.004281003919454039
2024-06-17,66373.0,-0.0012948688872597381,0.006725949604246286
2024-06-18,64886.0,-0.02265846332839479,-0.0012948688872597381
2024-06-19,64855.5,-0.0004701656842544759,-0.02265846332839479
2024-06-20,65061.5,0.0031712581516359617,-0.0004701656842544759
2024-06-21,64169.0,-0.013812748385423174,0.0031712581516359617
2024-06-22,64262.215,0.0014515944019991413,-0.013812748385423174
2024-06-23,63707.21,-0.008674079450790675,0.0014515944019991413
2024-06-24,59472.5,-0.06878372214887603,-0.008674079450790675
2024-06-25,61908.235,0.0401391871613126,-0.06878372214887603
2024-06-26,60956.0,-0.015500915570982684,0.0401391871613126
2024-06-27,61406.0,0.007355257820913835,-0.015500915570982684
2024-06-28,60116.0,-0.02123152117668028,0.007355257820913835
2024-06-29,60943.98,0.013679052494223116,-0.02123152117668028
2024-06-30,61884.945,0.015321853680266413,0.013679052494223116
2024-07-01,63224.5,0.021414949014284892,0.015321853680266413
2024-07-02,61911.5,-0.02098593830388391,0.021414949014284892
2024-07-03,59540.385,-0.039051124148831794,-0.02098593830388391
2024-07-04,58330.5,-0.020529709160703798,-0.039051124148831794
2024-07-05,56354.0,-0.034471889765022086,-0.020529709160703798
2024-07-06,57979.975,0.028444469428069052,-0.034471889765022086
2024-07-07,57156.5,-0.01430457275382685,0.028444469428069052
2024-07-08,56263.0,-0.01575599406284116,-0.01430457275382685
2024-07-09,57930.405,0.029205250786784077,-0.01575599406284116
2024-07-10,57409.0,-0.009041290820719059,0.029205250786784077
2024-07-11,57559.5,0.0026181099338835035,-0.009041290820719059
2024-07-12,57540.5,-0.00033014770065296916,0.0026181099338835035
2024-07-13,58606.5,0.01835656424046135,-0.00033014770065296916
2024-07-14,60050.5,0.024340262952660844,0.01835656424046135
2024-07-15,63777.0,0.060206748901035306,0.024340262952660844
2024-07-16,64690.5,0.014221735408876689,0.060206748901035306
2024-07-17,64524.0,-0.002577111580369955,0.014221735408876689
2024-07-18,63822.5,-0.010931454859529838,-0.002577111580369955
2024-07-19,66984.0,0.048347992146119234,-0.010931454859529838
2024-07-20,67382.0,0.005924135034100133,0.048347992146119234
2024-07-21,66895.5,-0.0072462196384021245,0.005924135034100133
2024-07-22,68150.0,0.01857945784471287,-0.0072462196384021245
2024-07-23,65847.0,-0.03437728907761313,0.01857945784471287
2024-07-24,66043.5,0.002979746765564152,-0.03437728907761313
2024-07-25,65278.0,-0.011658542898873256,0.002979746765564152
2024-07-26,67447.0,0.03268703134233739,-0.011658542898873256
2024-07-27,67772.0,0.004807026021903216,0.03268703134233739
2024-07-28,68223.5,0.006639949981359436,0.004807026021903216
2024-07-29,67367.0,-0.012633796502473198,0.006639949981359436
2024-07-30,66177.0,-0.017822313224441468,-0.012633796502473198
2024-07-31,64570.5,-0.02457532040776105,-0.017822313224441468
2024-08-01,64671.5,0.0015629597276520019,-0.02457532040776105
2024-08-02,62554.5,-0.03328243309896585,0.0015629597276520019
2024-08-03,60363.5,-0.03565355913186253,-0.03328243309896585
2024-08-04,59135.5,-0.020553196742472708,-0.03565355913186253
2024-08-05,54407.5,-0.08332940889080934,-0.020553196742472708
2024-08-06,56570.5,0.038985635916954524,-0.08332940889080934
2024-08-07,55150.5,-0.025421836081488798,0.038985635916954524
2024-08-08,59523.0,0.07629698063889225,-0.025421836081488798
2024-08-09,60779.43,0.02088861687933316,0.07629698063889225
2024-08-10,61001.1,0.003640487437831562,0.02088861687933316
2024-08-11,58515.5,-0.04160022038981675,0.003640487437831562
2024-08-12,58854.5,0.00577661996563488,-0.04160022038981675
2024-08-13,60578.0,0.028863494484580483,0.00577661996563488
2024-08-14,59147.5,-0.02389746675369974,0.028863494484580483
2024-08-15,56686.0,-0.04250705743902392,-0.02389746675369974
2024-08-16,59281.0,0.044761583276083636,-0.04250705743902392
2024-08-17,59392.5,0.001879105829173963,0.044761583276083636
2024-08-18,59812.5,0.0070467134426328475,0.001879105829173963
2024-08-19,59098.0,-0.012017586321284829,0.0070467134426328475
2024-08-20,59314.5,0.0036567126147144914,-0.012017586321284829
2024-08-21,61249.5,0.03210189061960792,0.0036567126147144914
2024-08-22,60682.23,-0.00930478215635089,0.03210189061960792
2024-08-23,63708.63,0.048669128238740554,-0.00930478215635089
2024-08-24,64167.5,0.007176819779785473,0.048669128238740554
2024-08-25,64232.0,0.0010046768939970703,0.007176819779785473
2024-08-26,63427.5,-0.012604007540032982,0.0010046768939970703
2024-08-27,61851.5,-0.02516117057481299,-0.012604007540032982
2024-08-28,59320.0,-0.04178983349780556,-0.02516117057481299
2024-08-29,59532.5,0.0035758646462296273,-0.04178983349780556
2024-08-30,59051.305,-0.008115739601463308,0.0035758646462296273
2024-08-31,58948.97,-0.0017344879180289448,-0.008115739601463308
2024-09-01,58419.5,-0.009022416186269536,-0.0017344879180289448
2024-09-02,58990.0,0.009718199804784593,-0.009022416186269536
2024-09-03,58215.5,-0.013216295711218027,0.009718199804784593
2024-09-04,58035.0,-0.0031053654831799103,-0.013216295711218027
2024-09-05,56077.0,-0.03432053053229292,-0.0031053654831799103
2024-09-06,52855.0,-0.05917343106766673,-0.03432053053229292
2024-09-07,54179.5,0.024750292896139343,-0.05917343106766673
2024-09-08,54378.0,0.0036570521839339194,0.024750292896139343
2024-09-09,57014.5,0.04734596114813953,0.0036570521839339194
2024-09-10,57572.5,0.009739401691195047,0.04734596114813953
2024-09-11,57487.5,-0.0014774902739919436,0.009739401691195047
2024-09-12,58196.5,0.012257682605975878,-0.0014774902739919436
2024-09-13,59868.5,0.028325274867096045,0.012257682605975878
2024-09-14,60030.5,0.0027022760586990274,0.028325274867096045
2024-09-15,59803.5,-0.0037885787258552972,0.0027022760586990274
2024-09-16,57674.5,-0.036249052917165944,-0.0037885787258552972
2024-09-17,60132.82,0.04174064758381872,-0.036249052917165944
2024-09-18,60236.5,0.0017226985354878962,0.04174064758381872
2024-09-19,63043.0,0.0455385523756996,0.0017226985354878962
2024-09-20,62818.0,-0.0035753766406934704,0.0455385523756996
2024-09-21,63151.045,0.005287739952301169,-0.0035753766406934704
2024-09-22,63215.5,0.001020127686321537,0.005287739952301169
2024-09-23,63301.5,0.0013595013041054025,0.001020127686321537
2024-09-24,64229.5,0.014553581163203034,0.0013595013041054025
2024-09-25,63493.0,-0.011532943113321143,0.014553581163203034
2024-09-26,64676.745,0.01847204516553777,-0.011532943113321143
2024-09-27,65811.0,0.017385288844407577,0.01847204516553777
2024-09-28,65663.0,-0.0022513966642078954,0.017385288844407577
2024-09-29,65823.75,0.002445114509075829,-0.0022513966642078954
2024-09-30,63787.0,-0.03143130762351685,0.002445114509075829
2024-10-01,60783.0,-0.048239263220887535,-0.03143130762351685
2024-10-02,60912.0,0.002120055028017745,-0.048239263220887535
2024-10-03,60778.5,-0.0021940916268101875,0.002120055028017745
2024-10-04,62405.0,0.026409292357085522,-0.0021940916268101875
2024-10-05,61722.5,-0.010996868187033722,0.026409292357085522
2024-10-06,62615.8,0.014369110242249924,-0.010996868187033722
2024-10-07,63007.5,0.006236124499341546,0.014369110242249924
2024-10-08,62352.5,-0.010449999371807494,0.006236124499341546
2024-10-09,60376.0,-0.03221209257060013,-0.010449999371807494
2024-10-10,59726.01,-0.010824071072324477,-0.03221209257060013
2024-10-11,62990.5,0.05321631745999068,-0.010824071072324477
2024-10-12,63031.005,0.0006428268158645407,0.05321631745999068
2024-10-13,62742.5,-0.004587699229868338,0.0006428268158645407
2024-10-14,65906.5,0.04919802198257509,-0.004587699229868338
2024-10-15,66472.5,0.008551257359720937,0.04919802198257509
2024-10-16,67617.5,0.01707849698749535,0.008551257359720937
2024-10-17,66927.5,-0.010256881328882288,0.01707849698749535
2024-10-18,68416.5,0.02200407965072886,-0.010256881328882288
2024-10-19,68239.0,-0.00259777469359905,0.02200407965072886
2024-10-20,68753.5,0.007511395427497534,-0.00259777469359905
2024-10-21,67725.5,-0.015064873599779443,0.007511395427497534
2024-10-22,67482.0,-0.003601875092046857,-0.015064873599779443
2024-10-23,66586.0,-0.013366550411069477,-0.003601875092046857
2024-10-24,68147.5,0.02318012844503819,-0.013366550411069477
2024-10-25,66779.5,-0.02027832646806787,0.02318012844503819
2024-10-26,67173.5,0.00588267730063743,-0.02027832646806787
2024-10-27,67677.5,0.007474951564966587,0.00588267730063743
2024-10-28,69627.5,0.028405828164104557,0.007474951564966587
2024-10-29,72313.885,0.037856553506779855,0.028405828164104557
2024-10-30,72843.5,0.007297146474380442,0.037856553506779855
2024-10-31,69927.5,-0.04085431318573163,0.007297146474380442
2024-11-01,69198.5,-0.010479804952866165,-0.04085431318573163
2024-11-02,69505.005,0.0044195782782127015,-0.010479804952866165
2024-11-03,69113.5,-0.005648683644352906,0.0044195782782127015
2024-11-04,67077.5,-0.029901413394084805,-0.005648683644352906
2024-11-05,69156.88,0.030528879687636432,-0.029901413394084805
2024-11-06,75989.5,0.09421762583139046,0.030528879687636432
2024-11-07,75968.5,-0.00027639216275140435,0.09421762583139046
2024-11-08,76532.5,0.007396706532117602,-0.00027639216275140435
2024-11-09,76476.5,-0.0007319831186452833,0.007396706532117602
2024-11-10,79917.5,0.04401134847211315,-0.0007319831186452833
2024-11-11,88029.5,0.09667713300507844,0.04401134847211315
2024-11-12,88309.5,0.0031757040169092025,0.09667713300507844
2024-11-13,88642.0,0.0037580963295895265,0.0031757040169092025
2024-11-14,88225.0,-0.004715416359990543,0.0037580963295895265
2024-11-15,91750.5,0.039182566949777634,-0.004715416359990543
2024-11-16,91045.5,-0.007713554952610262,0.039182566949777634
2024-11-17,89130.5,-0.021257793648147557,-0.007713554952610262
2024-11-18,91358.0,0.024684266339162077,-0.021257793648147557
2024-11-19,92242.51,0.009635232962914566,0.024684266339162077
2024-11-20,94461.5,0.023771256866914323,0.009635232962914566
2024-11-21,98082.0,0.037611519417781604,0.023771256866914323
2024-11-22,99405.0,0.013398550711173969,0.037611519417781604
2024-11-23,98076.5,-0.013454627812104403,0.013398550711173969
2024-11-24,97049.5,-0.010526628777961376,-0.013454627812104403
2024-11-25,93701.66,-0.035105252415524604,-0.010526628777961376
2024-11-26,91660.0,-0.022029826121731513,-0.035105252415524604
2024-11-27,96414.0,0.0505653402066931,-0.022029826121731513
2024-11-28,95136.5,-0.013338716851755037,0.0505653402066931
2024-11-29,97458.0,0.02410881352939773,-0.013338716851755037
2024-11-30,96828.5,-0.006480143528679998,0.02410881352939773
2024-12-01,97827.5,0.010264351172806722,-0.006480143528679998
2024-12-02,95411.0,-0.02501184781896454,0.010264351172806722
2024-12-03,96081.96,0.007007701440126083,-0.02501184781896454
2024-12-04,97876.855,0.018508529646613453,0.007007701440126083
2024-12-05,99009.5,0.011505698249506573,0.018508529646613453
2024-12-06,100578.5,0.015722712004199224,0.011505698249506573
2024-12-07,99975.5,-0.006013361160232731,0.015722712004199224
2024-12-08,100090.5,0.0011496207518078788,-0.006013361160232731
2024-12-09,96920.0,-0.032188880774171306,0.0011496207518078788
2024-12-10,96929.0,9.285577956522566e-05,-0.032188880774171306
2024-12-11,101635.0,0.047409212283035,9.285577956522566e-05
2024-12-12,99786.5,-0.018355060384473893,0.047409212283035
2024-12-13,101345.5,0.015502567693814433,-0.018355060384473893
2024-12-14,101068.5,-0.002736966542995123,0.015502567693814433
2024-12-15,102844.0,0.017414772235463595,-0.002736966542995123
2024-12-16,106082.5,0.031003816266273465,0.017414772235463595
2024-12-17,106415.005,0.003129498121615689,0.031003816266273465
2024-12-18,100940.415,-0.052816199143679445,0.003129498121615689
2024-12-19,97318.0,-0.036546425313169845,-0.052816199143679445
2024-12-20,96562.5,-0.007793499851709412,-0.036546425313169845
2024-12-21,96842.5,0.0028954804231755733,-0.007793499851709412
2024-12-22,95109.0,-0.01806234521774038,0.0028954804231755733
2024-12-23,93835.08,-0.013484828994282059,-0.01806234521774038
2024-12-24,98323.0,0.046719204100940825,-0.013484828994282059
2024-12-25,98433.0,0.0011181362851493762,0.046719204100940825
2024-12-26,95695.0,-0.028210063199271572,0.0011181362851493762
2024-12-27,94392.53,-0.013704111825564663,-0.028210063199271572
2024-12-28,94997.5,0.006388636800328839,-0.013704111825564663
2024-12-29,93186.5,-0.019247714050406237,0.006388636800328839
2024-12-30,91923.5,-0.013646152010451414,-0.019247714050406237
2024-12-31,93711.175,0.019260736336352047,-0.013646152010451414
2025-01-01,94779.5,0.01133569541068071,0.019260736336352047
2025-01-02,97115.5,0.02434785065510849,0.01133569541068071
2025-01-03,98234.735,0.011458877915536674,0.02434785065510849
2025-01-04,98353.0,0.001203177952755515,0.011458877915536674
2025-01-05,98233.38,-0.001216971539567432,0.001203177952755515
2025-01-06,101660.72,0.03429491829050209,-0.001216971539567432
2025-01-07,96551.74,-0.05156196396278897,0.03429491829050209
2025-01-08,94478.62,-0.021705464945964172,-0.05156196396278897
2025-01-09,92131.16,-0.025160351570824715,-0.021705464945964172
2025-01-10,94637.495,0.026840536650511244,-0.025160351570824715
2025-01-11,94915.58,0.002934114358244252,0.026840536650511244
2025-01-12,94314.02,-0.0063580119227601905,0.002934114358244252
2025-01-13,94173.29,-0.0014932573036369385,-0.0063580119227601905
2025-01-14,96442.69,0.023812350186337202,-0.0014932573036369385
2025-01-15,99673.54,0.03295129964099773,0.023812350186337202
2025-01-16,100136.84,0.004637405026627617,0.03295129964099773
2025-01-17,104642.37,0.044010885952916835,0.004637405026627617
2025-01-18,103830.145,-0.007792193707051553,0.044010885952916835
2025-01-19,103660.4,-0.0016361713047511014,-0.007792193707051553
2025-01-20,102547.795,-0.010791188942428163,-0.0016361713047511014
2025-01-21,106787.51,0.04051198954091167,-0.010791188942428163
2025-01-22,104069.79,-0.02577924034650534,0.04051198954091167
2025-01-23,103124.765,-0.009122165910776435,-0.02577924034650534
2025-01-24,105103.71,0.019008011110073053,-0.009122165910776435
2025-01-25,105066.15,-0.00035742518360982144,0.019008011110073053
2025-01-26,104620.39,-0.004251686078600333,-0.00035742518360982144
2025-01-27,101350.86,-0.031750107403752136,-0.004251686078600333
2025-01-28,100326.82,-0.010155301278431903,-0.031750107403752136
2025-01-29,103765.02,0.03369586268677438,-0.010155301278431903
2025-01-30,105049.77,0.012305318138186638,0.03369586268677438
2025-01-31,102147.65,-0.028014922240245318,0.012305318138186638
2025-02-01,101205.985,-0.009261420193913043,-0.028014922240245318
2025-02-02,96956.1,-0.042899596681081384,-0.009261420193913043
2025-02-03,101872.58,0.04946451793788513,-0.042899596681081384
2025-02-04,96504.195,-0.05413633777498225,0.04946451793788513
2025-02-05,96929.3,0.004395367869381345,-0.05413633777498225
2025-02-06,96818.98,-0.0011387973294262634,0.004395367869381345
2025-02-07,96016.67,-0.008321227216150723,-0.0011387973294262634
2025-02-08,96557.51,0.0056169671549133006,-0.008321227216150723
2025-02-09,95312.84,-0.012974255372907095,0.0056169671549133006
2025-02-10,97410.05,0.021764854068572568,-0.012974255372907095
2025-02-11,96394.365,-0.010481642525924501,0.021764854068572568
2025-02-12,97683.37,0.013283584065693101,-0.010481642525924501
2025-02-13,96507.325,-0.012112417416903188,0.013283584065693101
2025-02-14,97501.34,0.010247209299181836,-0.012112417416903188
2025-02-15,97690.21,0.0019352278205163882,0.010247209299181836
2025-02-16,97173.57,-0.005302588408673077,0.0019352278205163882
2025-02-17,96439.06,-0.007587454638427105,-0.005302588408673077
2025-02-18,95038.06,-0.01463386332443382,-0.007587454638427105
2025-02-19,96317.11,0.01336853400946823,-0.01463386332443382
2025-02-20,98136.18,0.018710128960503527,0.01336853400946823
2025-02-21,95355.47,-0.028744407924008286,0.018710128960503527
2025-02-22,96660.71,0.013595313730073418,-0.028744407924008286
2025-02-23,95751.82,-0.009447376011115118,0.013595313730073418
2025-02-24,93978.91,-0.018689240317982796,-0.009447376011115118
2025-02-25,88680.86,-0.058026312904130746,-0.018689240317982796
2025-02-26,84454.76,-0.04882807611266741,-0.058026312904130746
2025-02-27,84294.53,-0.0018990307829248117,-0.04882807611266741
2025-02-28,84252.83,-0.0004948164225274703,-0.0018990307829248117
2025-03-01,86062.04,0.02124627234901945,-0.0004948164225274703
2025-03-02,94284.72,0.09125070893321548,0.02124627234901945
2025-03-03,85290.67,-0.10025407060319806,0.09125070893321548
2025-03-04,87516.22,0.02575907776116912,-0.10025407060319806
2025-03-05,90407.04,0.03249799285915907,0.02575907776116912
2025-03-06,89475.15,-0.010361207375520085,0.03249799285915907
2025-03-07,86273.73,-0.036435784591804514,-0.010361207375520085
2025-03-08,86206.23,-0.0007826996648883519,-0.036435784591804514
2025-03-09,83080.27,-0.03693519995766112,-0.0007826996648883519
2025-03-10,79277.05,-0.04685856944183832,-0.03693519995766112
2025-03-11,82815.05,0.04366112871886717,-0.04685856944183832
2025-03-12,83142.97,0.003951847904225808,0.04366112871886717
2025-03-13,80350.51,-0.03416321666927651,0.003951847904225808
2025-03-14,84175.71,0.04650796042575734,-0.03416321666927651
2025-03-15,84406.43,0.0027371837141171177,0.04650796042575734
2025-03-16,83234.88,-0.013977092790389833,0.0027371837141171177
2025-03-17,83974.92,0.00885169208969148,-0.013977092790389833
2025-03-18,82014.73,-0.023619317555105993,0.00885169208969148
2025-03-19,85375.73,0.040163003088530484,-0.023619317555105993
2025-03-20,84511.93,-0.010169160537205787,0.040163003088530484
2025-03-21,84177.65,-0.003963261246566567,-0.010169160537205787
2025-03-22,83942.2,-0.002800979824036153,-0.003963261246566567
2025-03-23,85152.9,0.014319997315224795,-0.002800979824036153
2025-03-24,87896.67,0.031713455940211445,0.014319997315224795
2025-03-25,87895.63,-1.1832145094028273e-05,0.031713455940211445
2025-03-26,87273.8,-0.007099784614741407,-1.1832145094028273e-05
2025-03-27,87305.14,0.00035903529184733006,-0.007099784614741407
2025-03-28,83794.0,-0.041047932667126294,0.00035903529184733006
2025-03-29,82506.13,-0.015488812268752334,-0.041047932667126294
2025-03-30,82547.99,0.0005072275796264091,-0.015488812268752334
2025-03-31,82437.91,-0.0013344172603195576,0.0005072275796264091
2025-04-01,85239.91,0.03342434745761975,-0.0013344172603195576
2025-04-02,85666.105,0.004987488397851624,0.03342434745761975
2025-04-03,82333.29,-0.03968171814144369,0.004987488397851624
2025-04-04,84128.835,0.02157385220612021,-0.03968171814144369
2025-04-05,83042.65,-0.012995042610262221,0.02157385220612021
2025-04-06,78808.82,-0.052329411705529454,-0.012995042610262221
2025-04-07,78917.57,0.0013789704720038284,-0.052329411705529454
2025-04-08,77038.08,-0.024104044945342927,0.0013789704720038284
2025-04-09,83199.88,0.0769460604575016,-0.024104044945342927
2025-04-10,79876.96,-0.0407584547806337,0.0769460604575016
2025-04-11,83828.08,0.0482805841545114,-0.0407584547806337
2025-04-12,85507.82,0.019839798856317835,0.0482805841545114
2025-04-13,83482.79,-0.023967330919375862,0.019839798856317835
2025-04-14,84881.1,0.016610950864700286,-0.023967330919375862
2025-04-15,83996.73,-0.010473584179802023,0.016610950864700286
2025-04-16,84297.93,0.003579440032035915,-0.010473584179802023
2025-04-17,85141.76,0.009960322474787587,0.003579440032035915
2025-04-18,84491.56,-0.007665984303153613,0.009960322474787587
2025-04-19,85200.32,0.008353541978942978,-0.007665984303153613
2025-04-20,85083.29,-0.0013745306248293778,0.008353541978942978
2025-04-21,87334.3,0.026112624662087434,-0.0013745306248293778
2025-04-22,91158.82,0.04285997628588174,0.026112624662087434
2025-04-23,93681.48,0.02729725760761835,0.04285997628588174
2025-04-24,93494.56,-0.0019972648436878903,0.02729725760761835
2025-04-25,94965.97,0.015615364117677277,-0.0019972648436878903
2025-04-26,94145.79,-0.00867407867704912,0.015615364117677277
2025-04-27,94312.26,0.0017666535687594956,-0.00867407867704912
2025-04-28,94515.11,0.0021485241046599016,0.0017666535687594956
2025-04-29,94879.43,0.0038472117449574483,0.0021485241046599016
2025-04-30,94584.48,-0.00311352424080366,0.0038472117449574483
2025-05-01,96479.97,0.019842018631520207,-0.00311352424080366
2025-05-02,97065.55,0.006051101433815892,0.019842018631520207
2025-05-03,96352.07,-0.007377644665486684,0.006051101433815892
2025-05-04,95730.21,-0.006474956176330698,-0.007377644665486684
2025-05-05,94255.1,-0.015528986355565435,-0.006474956176330698
2025-05-06,94708.98,0.0048038851919429415,-0.015528986355565435
2025-05-07,96769.78,0.021525933996488823,0.0048038851919429415
2025-05-08,102632.92,0.058823983514232354,0.021525933996488823
2025-05-09,103190.55,0.0054185401146028,0.058823983514232354
2025-05-10,103174.55,-0.0001550649798058085,0.0054185401146028
2025-05-11,104301.52,0.01086372113920595,-0.0001550649798058085
2025-05-12,102685.44,-0.015615600514661246,0.01086372113920595
2025-05-13,104611.9,0.018586977158287967,-0.015615600514661246
2025-05-14,103574.45,-0.00996663410263237,0.018586977158287967
2025-05-15,103463.65,-0.0010703344995713516,-0.00996663410263237
2025-05-16,103740.7,0.002674173250738852,-0.0010703344995713516
2025-05-17,103425.43,-0.003043646597855966,0.002674173250738852
2025-05-18,104113.15,0.006627418547498526,-0.003043646597855966
2025-05-19,105465.49,0.012905501911103512,0.006627418547498526
2025-05-20,106944.64,0.01392752699591491,0.012905501911103512
2025-05-21,108277.965,0.012390353306266526,0.01392752699591491
2025-05-22,111068.59,0.025446267699669227,0.012390353306266526
2025-05-23,108256.19,-0.025647390705630015,0.025446267699669227
2025-05-24,108903.185,0.00595872883105738,-0.025647390705630015
2025-05-25,107707.135,-0.011043445719485774,0.00595872883105738
2025-05-26,109596.95,0.01739371485218887,-0.011043445719485774
2025-05-27,109622.55,0.00023355586630176932,0.01739371485218887
2025-05-28,107328.4,-0.021149808438784116,0.00023355586630176932
2025-05-29,106173.34,-0.010820251575522525,-0.021149808438784116
2025-05-30,104563.86,-0.015275056274065082,-0.010820251575522525
2025-05-31,104828.96,0.0025320843536051625,-0.015275056274065082
2025-06-01,105009.22,0.001718086235224313,0.0025320843536051625
2025-06-02,104924.19,-0.0008100664363026093,0.001718086235224313
2025-06-03,105805.23,0.008361861704683705,-0.0008100664363026093
2025-06-04,104644.725,-0.011028909588728996,0.008361861704683705
2025-06-05,100512.29,-0.04029103292624617,-0.011028909588728996
2025-06-06,104572.855,0.03960399694363879,-0.04029103292624617
2025-06-07,105907.35,0.012680649774741473,0.03960399694363879
2025-06-08,106209.86,0.0028522928911899207,0.012680649774741473
2025-06-09,108773.615,0.023851847631278452,0.0028522928911899207
2025-06-10,109963.5,0.010879696726206985,0.023851847631278452
2025-06-11,108897.52,-0.009741236053571746,0.010879696726206985
2025-06-12,106013.32,-0.02684250989837052,-0.009741236053571746
2025-06-13,105469.77,-0.005140375023571945,-0.02684250989837052
2025-06-14,104925.79,-0.005171033192424704,-0.005140375023571945
2025-06-15,104783.34,-0.001358548594517131,-0.005171033192424704
2025-06-16,108839.36,0.03797824392234285,-0.001358548594517131
2025-06-17,104422.11,-0.0414315990714765,0.03797824392234285
2025-06-18,104856.025,0.004146784104258609,-0.0414315990714765
2025-06-19,104302.45,-0.0052933670757046025,0.004146784104258609
2025-06-20,103719.93,-0.005600565887437941,-0.0052933670757046025
2025-06-21,103512.63,-0.0020006515302904964,-0.005600565887437941
2025-06-22,99567.56,-0.03885722551937303,-0.0020006515302904964
2025-06-23,103801.13,0.0416404482657517,-0.03885722551937303
2025-06-24,106150.38,0.022379910990328156,0.0416404482657517
2025-06-25,107849.45,0.01587950516398005,0.022379910990328156
2025-06-26,107809.37,-0.0003716982264991998,0.01587950516398005
2025-06-27,107141.485,-0.006214324193817496,-0.0003716982264991998
2025-06-28,107222.59,0.0007567033223271588,-0.006214324193817496
2025-06-29,107423.85,0.0018752704119379571,0.0007567033223271588
2025-06-30,107620.58,0.0018296689189536402,0.0018752704119379571
2025-07-01,105967.16,-0.015482658589718297,0.0018296689189536402
2025-07-02,109231.2,0.03033750199809449,-0.015482658589718297
2025-07-03,109992.97,0.006949717871268893,0.03033750199809449
2025-07-04,107779.02,-0.02033343479125035,0.006949717871268893
2025-07-05,108152.41,0.0034584161478047218,-0.02033343479125035
2025-07-06,108753.99,0.005546922935128603,0.0034584161478047218
2025-07-07,107921.79,-0.007681560828701931,0.005546922935128603
2025-07-08,108716.43,0.00733613453694713,-0.007681560828701931
2025-07-09,110777.66,0.018782196776322913,0.00733613453694713
2025-07-10,113585.95,0.025034689625151346,0.018782196776322913
2025-07-11,117728.95,0.03582512927738903,0.025034689625151346
2025-07-12,117128.79,-0.005110849711718714,0.03582512927738903
2025-07-13,119127.68,0.016921760471702157,-0.005110849711718714
2025-07-14,120222.32,0.009146836280555255,0.016921760471702157
2025-07-15,116479.24,-0.03162963567674936,0.009146836280555255
2025-07-16,119940.93,0.02928631188542587,-0.03162963567674936
2025-07-17,119483.46,-0.0038214198370703873,0.02928631188542587
2025-07-18,117493.31,-0.016796555957094967,-0.0038214198370703873
2025-07-19,117802.21,0.002625635859638135,-0.016796555957094967
2025-07-20,118135.7,0.0028269320694725734,0.002625635859638135
2025-07-21,117003.78,-0.009627721754004667,0.0028269320694725734
2025-07-22,119780.9,0.023457998615161183,-0.009627721754004667
2025-07-23,117999.68,-0.0149823279857618,0.023457998615161183
2025-07-24,118778.5,0.006578501521776947,-0.0149823279857618
2025-07-25,117130.87,-0.013968557420661734,0.006578501521776947
2025-07-26,118033.21,0.007674168847936546,-0.013968557420661734
2025-07-27,118821.36,0.006655163199990473,0.007674168847936546
2025-07-28,118069.06,-0.006351481238139617,0.006655163199990473
2025-07-29,117446.56,-0.0052862858916685705,-0.006351481238139617
2025-07-30,117161.7,-0.0024283896908552875,-0.0052862858916685705
2025-07-31,116522.92,-0.005467040073200554,-0.0024283896908552875
2025-08-01,113912.63,-0.022656240804345976,-0.005467040073200554
2025-08-02,112782.5,-0.009970565864166763,-0.022656240804345976
2025-08-03,114458.0,0.014746758290912671,-0.009970565864166763
2025-08-04,114862.85,0.003530864468760404,0.014746758290912671
2025-08-05,113660.055,-0.010526788175712102,0.003530864468760404
2025-08-06,115123.655,0.012794791785705825,-0.010526788175712102
2025-08-07,117247.81,0.01828291755965944,0.012794791785705825
2025-08-08,116896.35,-0.003002084390756279,0.01828291755965944
2025-08-09,116804.9,-0.0007826231538579331,-0.003002084390756279
2025-08-10,118382.68,0.01341740639664698,-0.0007826231538579331
2025-08-11,118872.16,0.004126201973133245,0.01341740639664698
2025-08-12,120182.03,0.010958880154058784,0.004126201973133245
2025-08-13,122934.695,0.022645769324396593,0.010958880154058784
2025-08-14,117947.81,-0.04141104092536929,0.022645769324396593
2025-08-15,117384.445,-0.004787835617220759,-0.04141104092536929
2025-08-16,117745.46,0.003070773015341931,-0.004787835617220759
2025-08-17,117716.21,-0.00024844808202085654,0.003070773015341931
2025-08-18,116470.21,-0.010641195655580592,-0.00024844808202085654
2025-08-19,113575.68,-0.025166133291694984,-0.010641195655580592
2025-08-20,114411.51,0.007332286912123385,-0.025166133291694984
2025-08-21,112429.185,-0.017478128992283622,0.007332286912123385
2025-08-22,117004.08,0.03988524920413193,-0.017478128992283622
2025-08-23,115307.19,-0.014609021590540179,0.03988524920413193
2025-08-24,112754.66,-0.022385476488429548,-0.014609021590540179
2025-08-25,109666.86,-0.027767082892010055,-0.022385476488429548
2025-08-26,111386.76,0.015561244428771185,-0.027767082892010055
2025-08-27,112434.555,0.009362849596242378,0.015561244428771185
2025-08-28,111968.68,-0.0041521297080581426,0.009362849596242378
2025-08-29,107814.65,-0.0378056402747722,-0.0041521297080581426
2025-08-30,108700.07,0.008178889045372716,-0.0378056402747722
2025-08-31,109116.26,0.0038214812130325437,0.008178889045372716
2025-09-01,108865.4,-0.002301662541218997,0.0038214812130325437
2025-09-02,111417.92,0.023175919542732678,-0.002301662541218997
2025-09-03,112267.195,0.0075935234302520575,0.023175919542732678
2025-09-04,110413.675,-0.016647705820354252,0.0075935234302520575
2025-09-05,111659.09,0.011216396183080563,-0.016647705820354252
2025-09-06,110174.81,-0.013382103911316532,0.011216396183080563
2025-09-07,111351.7,0.010625374565001436,-0.013382103911316532
2025-09-08,111986.955,0.005688730534870388,0.010625374565001436
2025-09-09,111499.485,-0.004362419241851426,0.005688730534870388
2025-09-10,113624.14,0.01887601165669824,-0.004362419241851426
2025-09-11,114425.43,0.00702736074055568,0.01887601165669824
2025-09-12,116234.915,0.015689928153922093,0.00702736074055568
2025-09-13,115950.21,-0.0024523977812159134,0.015689928153922093
2025-09-14,115854.68,-0.0008242276977695283,-0.0024523977812159134
2025-09-15,115412.94,-0.0038201676241366427,-0.0008242276977695283
2025-09-16,116911.07,0.012897080812772058,-0.0038201676241366427
2025-09-17,115647.735,-0.010864756785195495,0.012897080812772058
2025-09-18,117594.44,0.0166929519042229,-0.010864756785195495
2025-09-19,115418.825,-0.01867428641567921,0.0166929519042229
2025-09-20,115855.22,0.0037738391086901565,-0.01867428641567921
2025-09-21,115431.77,-0.0036616886503941675,0.0037738391086901565
2025-09-22,112861.225,-0.02252065284021665,-0.0036616886503941675
2025-09-23,112036.33,-0.007335772940780794,-0.02252065284021665
2025-09-24,113603.76,0.01389341063395567,-0.007335772940780794
2025-09-25,109222.635,-0.03932828227984568,0.01389341063395567
2025-09-26,109387.63,0.0015094902458425566,-0.03932828227984568
2025-09-27,109485.77,0.0008967741770086186,0.0015094902458425566
2025-09-28,110893.47,0.01277542427329267,0.0008967741770086186
2025-09-29,114354.27,0.030731250519870707,0.01277542427329267
2025-09-30,114638.45,0.002482001575306891,0.030731250519870707
2025-10-01,117587.75,0.025401600529806185,0.002482001575306891
2025-10-02,120720.11,0.026289862286512256,0.025401600529806185
2025-10-03,122543.89,0.014994525871419358,0.026289862286512256
2025-10-04,121974.6,-0.004656425194068505,0.014994525871419358
2025-10-05,122776.85,0.0065556536899978495,-0.004656425194068505
2025-10-06,125251.33,0.01995387864507371,0.0065556536899978495
2025-10-07,122018.92,-0.02614624399456611,0.01995387864507371
2025-10-08,122936.18,0.0074892442519367795,-0.02614624399456611
2025-10-09,121175.01,-0.014429494671731689,0.0074892442519367795
2025-10-10,114390.915,-0.05761420280016183,-0.014429494671731689
2025-10-11,110438.97,-0.03515860076912416,-0.05761420280016183
2025-10-12,115059.9,0.04098980163557818,-0.03515860076912416
2025-10-13,115800.51,0.006416106951272383,0.04098980163557818
2025-10-14,113062.75,-0.023925994954814764,0.006416106951272383
2025-10-15,111200.91,-0.01660440908322438,-0.023925994954814764
2025-10-16,107854.66,-0.030553985175034677,-0.01660440908322438
2025-10-17,107085.91,-0.0071531705525628144,-0.030553985175034677
2025-10-18,107116.4,0.0002846841400160756,-0.0071531705525628144
2025-10-19,108944.27,0.01692037342638025,0.0002846841400160756
2025-10-20,111087.945,0.019485717832779307,0.01692037342638025
2025-10-21,110922.86,-0.0014871801435665183,0.019485717832779307
2025-10-22,107681.905,-0.02965344771674075,-0.0014871801435665183
2025-10-23,109598.54,0.017642496209797975,-0.02965344771674075
2025-10-24,110881.62,0.011639092467168497,0.017642496209797975
2025-10-25,111451.64,0.005127629118026245,0.011639092467168497
2025-10-26,113390.29,0.017244986682735993,0.005127629118026245
2025-10-27,114521.43,0.009926205528569864,0.017244986682735993
2025-10-28,112842.545,-0.014768527115503813,0.009926205528569864
2025-10-29,111476.27,-0.01218169680071307,-0.014768527115503813
2025-10-30,107529.885,-0.03604293420471028,-0.01218169680071307
2025-10-31,109445.745,0.01766013808111749,-0.03604293420471028
2025-11-01,110423.685,0.008895701862482806,0.01766013808111749
2025-11-02,110026.99,-0.0035989495444322165,0.008895701862482806
2025-11-03,106865.97,-0.029150266872776585,-0.0035989495444322165
2025-11-04,100303.58,-0.06337404520712026,-0.029150266872776585
2025-11-05,103667.3,0.03298534556507253,-0.06337404520712026
2025-11-06,101087.035,-0.0252048543811298,0.03298534556507253
2025-11-07,103827.635,0.026750290002597984,-0.0252048543811298
2025-11-08,102310.89,-0.014716049533776556,0.026750290002597984
2025-11-09,104507.74,0.021245016742774698,-0.014716049533776556
2025-11-10,105611.31,0.010504332162161567,0.021245016742774698
2025-11-11,102650.06,-0.028439739834605248,0.010504332162161567
2025-11-12,101875.635,-0.007572923304809037,-0.028439739834605248
2025-11-13,98803.415,-0.030620635736633345,-0.007572923304809037
2025-11-14,95009.97,-0.03915033547142975,-0.030620635736633345
2025-11-15,95198.63,0.001983717475097089,-0.03915033547142975
2025-11-16,93440.68,-0.018638754486772196,0.001983717475097089
2025-11-17,91806.46,-0.017644130929760166,-0.018638754486772196
2025-11-18,92461.83,0.007113245185911392,-0.017644130929760166
2025-11-19,90535.15,-0.021057737617809654,0.007113245185911392
2025-11-20,87220.58,-0.03729786084557667,-0.021057737617809654
2025-11-21,85165.26,-0.023846708038264514,-0.03729786084557667
2025-11-22,84383.61,-0.009220415774239238,-0.023846708038264514
2025-11-23,87997.525,0.0419355006517329,-0.009220415774239238
2025-11-24,88797.09,0.009045190108205836,0.0419355006517329
2025-11-25,87028.53,-0.020117883259460012,0.009045190108205836
2025-11-26,90189.94,0.035681894983734426,-0.020117883259460012
2025-11-27,91402.69,0.013357018184057575,0.035681894983734426
2025-11-28,90929.1,-0.0051948271339137455,0.013357018184057575
2025-11-29,91041.75,0.0012381105478186164,-0.0051948271339137455
2025-11-30,91179.82,0.0015154081530820446,0.0012381105478186164
2025-12-01,86461.44,-0.05313506646480029,0.0015154081530820446
2025-12-02,91622.01,0.05797299245792465,-0.05313506646480029
2025-12-03,93738.775,0.02284039768923877,0.05797299245792465
2025-12-04,92170.31,-0.01687386299833135,0.02284039768923877
2025-12-05,89176.85,-0.03301658459578341,-0.01687386299833135
2025-12-06,89443.95,0.0029906953622898563,-0.03301658459578341
2025-12-07,90225.8,0.008703245094872561,0.0029906953622898563
2025-12-08,91350.93,0.012393046184540363,0.008703245094872561
2025-12-09,92688.08,0.014531414068379388,0.012393046184540363
2025-12-10,92409.05,-0.00301495989013769,0.014531414068379388
2025-12-11,92909.43,0.005400230090667892,-0.00301495989013769
2025-12-12,90217.775,-0.029398677926423825,0.005400230090667892
2025-12-13,90180.87,-0.0004091494203277624,-0.029398677926423825
2025-12-14,88465.64,-0.019203092280008414,-0.0004091494203277624
2025-12-15,86230.38,-0.02559167626482119,-0.019203092280008414
2025-12-16,87787.77,0.01789964531562781,-0.02559167626482119
2025-12-17,85984.0,-0.020760964656042685,0.01789964531562781
2025-12-18,85603.665,-0.004433134781377557,-0.020760964656042685
2025-12-19,87803.19,0.02536973490338788,-0.004433134781377557
2025-12-20,88193.36,0.00443384417700172,0.02536973490338788
2025-12-21,88159.07,-0.0003888803849442232,0.00443384417700172
2025-12-22,88252.15,0.001055261775726497,-0.0003888803849442232
2025-12-23,87667.96,-0.0066415618703312175,0.001055261775726497
2025-12-24,87646.13,-0.00024903874084310603,-0.0066415618703312175
2025-12-25,87851.045,0.0023352523266960868,-0.00024903874084310603
2025-12-26,87429.39,-0.004811213680116058,0.0023352523266960868
2025-12-27,87599.79,0.0019471045209177675,-0.004811213680116058
2025-12-28,87544.35,-0.0006330785814658332,0.0019471045209177675
2025-12-29,87239.045,-0.003493527637609299,-0.0006330785814658332
2025-12-30,88202.615,0.010984616639190817,-0.003493527637609299
2025-12-31,87691.97,-0.0058062780569171045,0.010984616639190817
