Date,BTC_Volume,Log_BTC_Volume,Lagged_Log_BTC_Volume
2021-01-01,40730301359,24.43023815752363,
2021-01-02,67865420765,24.94079247470659,24.43023815752363
2021-01-03,78665235202,25.088467156553605,24.94079247470659
2021-01-04,81163475344,25.11973117188423,25.088467156553605
2021-01-05,67547324782,24.936094297045063,25.11973117188423
2021-01-06,75289433811,25.044605640671254,24.936094297045063
2021-01-07,84762141031,25.163114829949617,25.044605640671254
2021-01-08,88107519480,25.201823717892157,25.163114829949617
2021-01-09,61984162837,24.850144751248727,25.201823717892157
2021-01-10,79980747690,25.105051788783502,24.850144751248727
2021-01-11,123320567399,25.538053040983616,25.105051788783502
2021-01-12,74773277909,25.037726410892976,25.538053040983616
2021-01-13,69364315979,24.962638393246884,25.037726410892976
2021-01-14,63615990033,24.876130691306088,24.962638393246884
2021-01-15,67760757881,24.939249072012196,24.876130691306088
2021-01-16,57706187875,24.778630246911472,24.939249072012196
2021-01-17,52359854336,24.68140599601327,24.778630246911472
2021-01-18,49511702429,24.625474891287045,24.68140599601327
2021-01-19,57244195486,24.77059208534973,24.625474891287045
2021-01-20,66834573161,24.925486345890263,24.77059208534973
2021-01-21,75643067688,25.04929163633945,24.925486345890263
2021-01-22,77207272511,25.069759493050633,25.04929163633945
2021-01-23,48354737975,24.601830047322867,25.069759493050633
2021-01-24,48643830599,24.607790825594666,24.601830047322867
2021-01-25,59897054838,24.815893172879065,24.607790825594666
2021-01-26,60255421470,24.82185838817352,24.815893172879065
2021-01-27,62576762015,24.859659832317668,24.82185838817352
2021-01-28,76517157706,25.060780836369627,24.859659832317668
2021-01-29,117894572511,25.493056608748173,25.060780836369627
2021-01-30,65141828798,24.89983271128527,25.493056608748173
2021-01-31,52754542671,24.688915722580514,24.89983271128527
2021-02-01,61400400660,24.840682197485382,24.688915722580514
2021-02-02,63088585433,24.86780569366391,24.840682197485382
2021-02-03,61166818159,24.836870692483757,24.86780569366391
2021-02-04,68838074392,24.95502283567307,24.836870692483757
2021-02-05,58598066402,24.793967536432078,24.95502283567307
2021-02-06,71326033653,24.99052722609659,24.793967536432078
2021-02-07,65500641143,24.905325767982458,24.99052722609659
2021-02-08,101467222687,25.343001654083274,24.905325767982458
2021-02-09,91809846886,25.242985393373804,25.343001654083274
2021-02-10,87301089896,25.1926287842043,25.242985393373804
2021-02-11,81388911810,25.12250488212595,25.1926287842043
2021-02-12,76555041196,25.061275811826242,25.12250488212595
2021-02-13,70250456155,24.975332638448794,25.061275811826242
2021-02-14,71248675228,24.989442062631085,24.975332638448794
2021-02-15,77069903166,25.06797868029333,24.989442062631085
2021-02-16,77049582886,25.06771498514824,25.06797868029333
2021-02-17,80820545404,25.115497044953084,25.06771498514824
2021-02-18,52054723579,24.675561378687096,25.115497044953084
2021-02-19,63495496918,24.87423482565333,24.675561378687096
2021-02-20,68145460026,24.944910375496477,24.87423482565333
2021-02-21,51897585191,24.672538097924036,24.944910375496477
2021-02-22,92052420332,25.24562403794631,24.672538097924036
2021-02-23,106102492824,25.387671377332758,25.24562403794631
2021-02-24,63695521388,24.877380089172124,25.387671377332758
2021-02-25,54506565949,24.721587007487383,24.877380089172124
2021-02-26,350967941479,26.583960721423335,24.721587007487383
2021-02-27,45910946382,24.54996940884827,26.583960721423335
2021-02-28,53443887451,24.701898107746885,24.54996940884827
2021-03-01,53891300112,24.71023489389307,24.701898107746885
2021-03-02,47530897720,24.584645814833475,24.71023489389307
2021-03-03,53220811975,24.69771535933184,24.584645814833475
2021-03-04,52343816680,24.681099652291607,24.69771535933184
2021-03-05,48625928883,24.60742274169485,24.681099652291607
2021-03-06,34363564661,24.260262673180794,24.60742274169485
2021-03-07,43137459378,24.48765758368362,24.260262673180794
2021-03-08,48597428048,24.606836445629458,24.48765758368362
2021-03-09,50912227385,24.65336895532767,24.606836445629458
2021-03-10,57295577614,24.77148927817727,24.65336895532767
2021-03-11,56772343595,24.762315135556328,24.77148927817727
2021-03-12,55689944702,24.74306544158646,24.762315135556328
2021-03-13,60669829814,24.828712373787074,24.74306544158646
2021-03-14,43901225564,24.505208073813257,24.828712373787074
2021-03-15,66419369890,24.919254566099035,24.505208073813257
2021-03-16,59749798599,24.813431657024317,24.919254566099035
2021-03-17,60258313191,24.821906378072907,24.813431657024317
2021-03-18,55746041000,24.74407223131215,24.821906378072907
2021-03-19,49063873786,24.616388832830783,24.74407223131215
2021-03-20,50361731222,24.642497422457815,24.616388832830783
2021-03-21,51943414539,24.67342078108569,24.642497422457815
2021-03-22,56521454974,24.757886137071175,24.67342078108569
2021-03-23,56435023914,24.75635579409804,24.757886137071175
2021-03-24,70567223787,24.979831621338356,24.75635579409804
2021-03-25,67999812841,24.942770789780496,24.979831621338356
2021-03-26,56652197978,24.76019662292636,24.942770789780496
2021-03-27,47266542233,24.57906852978471,24.76019662292636
2021-03-28,47686580918,24.587915872788322,24.57906852978471
2021-03-29,57625587027,24.777232525230858,24.587915872788322
2021-03-30,54414116432,24.719889450381057,24.777232525230858
2021-03-31,65520826225,24.90563388668339,24.719889450381057
2021-04-01,61669163792,24.845049866461093,24.90563388668339
2021-04-02,58727860620,24.796180078437814,24.845049866461093
2021-04-03,59641344484,24.811614869915477,24.796180078437814
2021-04-04,50749662970,24.650170813861035,24.811614869915477
2021-04-05,60706272115,24.829312859410123,24.650170813861035
2021-04-06,66058027988,24.913799404631813,24.829312859410123
2021-04-07,75645303584,25.04932119440768,24.913799404631813
2021-04-08,53053855641,24.694573378743332,25.04932119440768
2021-04-09,46655208546,24.566050409582754,24.694573378743332
2021-04-10,58238470525,24.787811978900027,24.566050409582754
2021-04-11,46280252580,24.557981196906088,24.787811978900027
2021-04-12,51828688519,24.671209665316407,24.557981196906088
2021-04-13,69983454362,24.97152468479972,24.671209665316407
2021-04-14,77451779687,25.072921382073368,24.97152468479972
2021-04-15,60954381579,24.833391578378464,25.072921382073368
2021-04-16,84293007468,25.157564750328778,24.833391578378464
2021-04-17,66138759198,24.91502078408822,25.157564750328778
2021-04-18,97468872758,25.302798910213777,24.91502078408822
2021-04-19,65344865159,24.90294469946891,25.302798910213777
2021-04-20,67849323955,24.940555259360405,24.90294469946891
2021-04-21,54926612466,24.729263812382882,24.940555259360405
2021-04-22,74798630778,25.03806541665235,24.729263812382882
2021-04-23,86668667320,25.185358263488926,25.03806541665235
2021-04-24,49014494781,24.61538190317048,25.185358263488926
2021-04-25,46117114240,24.554449959704474,24.61538190317048
2021-04-26,58284039825,24.788594133389942,24.554449959704474
2021-04-27,49448222757,24.624191954167042,24.788594133389942
2021-04-28,48000572955,24.59447878434556,24.624191954167042
2021-04-29,46088929780,24.55383862318793,24.59447878434556
2021-04-30,52395931985,24.682094791385698,24.55383862318793
2021-05-01,42836427360,24.480654684090425,24.682094791385698
2021-05-02,38177405335,24.365509694186677,24.480654684090425
2021-05-03,51713139031,24.668977726037333,24.365509694186677
2021-05-04,68564706967,24.951043763590512,24.668977726037333
2021-05-05,69241316747,24.960863584216867,24.951043763590512
2021-05-06,69523285106,24.964927570901033,24.960863584216867
2021-05-07,68434023376,24.94913595568148,24.964927570901033
2021-05-08,65382980634,24.903527826588444,24.94913595568148
2021-05-09,65906690347,24.911505796018027,24.903527826588444
2021-05-10,71776546298,24.996823606406604,24.911505796018027
2021-05-11,61308396325,24.839182641552945,24.996823606406604
2021-05-12,75215403907,25.04362188611435,24.839182641552945
2021-05-13,96721152926,25.295097963425906,25.04362188611435
2021-05-14,55737497453,24.74391896120366,25.295097963425906
2021-05-15,59161047474,24.803529180413197,24.74391896120366
2021-05-16,64047871555,24.88289663374558,24.803529180413197
2021-05-17,74903638450,25.03946830372632,24.88289663374558
2021-05-18,56187365084,24.751957748000727,25.03946830372632
2021-05-19,126358098747,25.56238576644706,24.751957748000727
2021-05-20,88281943359,25.203801431674435,25.56238576644706
2021-05-21,82051616861,25.130614360089695,25.203801431674435
2021-05-22,57377273240,24.77291412528298,25.130614360089695
2021-05-23,78469274361,25.085972975700102,24.77291412528298
2021-05-24,67359584098,24.93331103254432,25.085972975700102
2021-05-25,56211915803,24.75239459633635,24.93331103254432
2021-05-26,51346735160,24.661867191163356,24.75239459633635
2021-05-27,43210968721,24.489360205546614,24.661867191163356
2021-05-28,55200191952,24.73423226761472,24.489360205546614
2021-05-29,45231013335,24.535048824231183,24.73423226761472
2021-05-30,31646080921,24.177880152308756,24.535048824231183
2021-05-31,39009847639,24.387079954766502,24.177880152308756
2021-06-01,34639423297,24.26825827203208,24.387079954766502
2021-06-02,33070867190,24.221918586456898,24.26825827203208
2021-06-03,35460750427,24.291692300002502,24.221918586456898
2021-06-04,41831090187,24.456905684384594,24.291692300002502
2021-06-05,35959473399,24.305658402365854,24.456905684384594
2021-06-06,28913440585,24.087572396097595,24.305658402365854
2021-06-07,33683936663,24.24028690378345,24.087572396097595
2021-06-08,49902050442,24.633327929881716,24.24028690378345
2021-06-09,53972919008,24.711748257865725,24.633327929881716
2021-06-10,43576032854,24.497773130974625,24.711748257865725
2021-06-11,38699736985,24.379098640705823,24.497773130974625
2021-06-12,37924228550,24.358856020510704,24.379098640705823
2021-06-13,40669112838,24.42873474295661,24.358856020510704
2021-06-14,43148914673,24.487923101737735,24.42873474295661
2021-06-15,46420149185,24.560999451596242,24.487923101737735
2021-06-16,39211635100,24.392239353477844,24.560999451596242
2021-06-17,37096670047,24.336793046385925,24.392239353477844
2021-06-18,36200887275,24.312349465836878,24.336793046385925
2021-06-19,31207279719,24.163917228872883,24.312349465836878
2021-06-20,36664034054,24.325062112965806,24.163917228872883
2021-06-21,52809038594,24.68994819850049,24.325062112965806
2021-06-22,58964353058,24.80019891280092,24.68994819850049
2021-06-23,46317108925,24.558777252999853,24.80019891280092
2021-06-24,33123368116,24.223504855616625,24.558777252999853
2021-06-25,40230904226,24.417901299066155,24.223504855616625
2021-06-26,38585385521,24.376139428279433,24.417901299066155
2021-06-27,35511640894,24.293126392183268,24.376139428279433
2021-06-28,33892523752,24.246460288721586,24.293126392183268
2021-06-29,37901460044,24.35825547188117,24.246460288721586
2021-06-30,34059036099,24.25136121169242,24.35825547188117
2021-07-01,37838957079,24.35660501941306,24.25136121169242
2021-07-02,38728974942,24.379853863352874,24.35660501941306
2021-07-03,24383958643,23.917191320378013,24.379853863352874
2021-07-04,24924307911,23.939109385548225,23.917191320378013
2021-07-05,26721554282,24.00873635315962,23.939109385548225
2021-07-06,26501259870,24.000458111072643,24.00873635315962
2021-07-07,24796027477,23.933949294907748,24.000458111072643
2021-07-08,29910396946,24.12147198084758,23.933949294907748
2021-07-09,27436021028,24.035122623021447,24.12147198084758
2021-07-10,22971873468,23.857536411836477,24.035122623021447
2021-07-11,20108729370,23.724419854746714,23.857536411836477
2021-07-12,24321499537,23.914626550737314,23.724419854746714
2021-07-13,19120856669,23.674045548429977,23.914626550737314
2021-07-14,21376531210,23.785559484759087,23.674045548429977
2021-07-15,21300524237,23.781997521424646,23.785559484759087
2021-07-16,23699476918,23.888718813873464,23.781997521424646
2021-07-17,18895018942,23.662164176234793,23.888718813873464
2021-07-18,18787986667,23.65648349545581,23.662164176234793
2021-07-19,20434789545,23.74050465515748,23.65648349545581
2021-07-20,23148267245,23.865185765649247,23.74050465515748
2021-07-21,28203024559,24.062695063004444,23.865185765649247
2021-07-22,19555230518,23.696508633271574,24.062695063004444
2021-07-23,22552046192,23.839091639000184,23.696508633271574
2021-07-24,21664706865,23.79895036169826,23.839091639000184
2021-07-25,20856685287,23.760940371064265,23.79895036169826
2021-07-26,51022126212,24.65552522288033,23.760940371064265
2021-07-27,35097370560,24.281392051791613,24.65552522288033
2021-07-28,38702404695,24.37916757187344,24.281392051791613
2021-07-29,27167146027,24.025274213535088,24.37916757187344
2021-07-30,33072782960,24.221976514012944,24.025274213535088
2021-07-31,25802845343,23.973750607405485,24.221976514012944
2021-08-01,26688438115,24.007496279167558,23.973750607405485
2021-08-02,25595265436,23.965673227421444,24.007496279167558
2021-08-03,26189830450,23.9886370216001,23.965673227421444
2021-08-04,25372562724,23.956934219409526,23.9886370216001
2021-08-05,35185031017,24.283886573904965,23.956934219409526
2021-08-06,38226483046,24.366794385811406,24.283886573904965
2021-08-07,40030862141,24.412916547090937,24.366794385811406
2021-08-08,36302664750,24.31515698461381,24.412916547090937
2021-08-09,38734079049,24.37998564506672,24.31515698461381
2021-08-10,33546019517,24.236184050016934,24.37998564506672
2021-08-11,34319709073,24.258985634636304,24.236184050016934
2021-08-12,33723620826,24.24146434349683,24.258985634636304
2021-08-13,31744259539,24.180977744017213,24.24146434349683
2021-08-14,31211354442,24.164047789980494,24.180977744017213
2021-08-15,30988958446,24.156896798823404,24.164047789980494
2021-08-16,32776876610,24.21298912231783,24.156896798823404
2021-08-17,33451362600,24.23335835811699,24.21298912231783
2021-08-18,32194123075,24.195049759640455,24.23335835811699
2021-08-19,37204312299,24.339690513523202,24.195049759640455
2021-08-20,34706867452,24.270203413597304,24.339690513523202
2021-08-21,40585205312,24.42666943596159,24.270203413597304
2021-08-22,25370975378,23.95687165593603,24.42666943596159
2021-08-23,34305053719,24.258558519011373,23.95687165593603
2021-08-24,35361168834,24.28888012942972,24.258558519011373
2021-08-25,32646349931,24.208998892575657,24.28888012942972
2021-08-26,32666549568,24.20961744228939,24.208998892575657
2021-08-27,34511076995,24.26454618176988,24.20961744228939
2021-08-28,28568103401,24.075556666701345,24.26454618176988
2021-08-29,25889650240,23.97710912115549,24.075556666701345
2021-08-30,31847007016,24.18420924330882,23.97710912115549
2021-08-31,34730363427,24.270880168001227,24.18420924330882
2021-09-01,39139399125,24.39039544685475,24.270880168001227
2021-09-02,39508070319,24.399770799858075,24.39039544685475
2021-09-03,43206179619,24.489249368702378,24.399770799858075
2021-09-04,37471327794,24.34684188531311,24.489249368702378
2021-09-05,30322676319,24.1351616629214,24.34684188531311
2021-09-06,38884105426,24.383851403196694,24.1351616629214
2021-09-07,65210059683,24.900879583594165,24.383851403196694
2021-09-08,49007762488,24.615244540632663,24.900879583594165
2021-09-09,38672657013,24.378398650135377,24.615244540632663
2021-09-10,39154666597,24.39078545015967,24.378398650135377
2021-09-11,34499835245,24.264220385465077,24.39078545015967
2021-09-12,27881980161,24.05124644474273,24.264220385465077
2021-09-13,40969943253,24.43610454341758,24.05124644474273
2021-09-14,38652152880,24.37786831236904,24.43610454341758
2021-09-15,30484496466,24.14048407873497,24.37786831236904
2021-09-16,31764293754,24.181608657953234,24.14048407873497
2021-09-17,28727713711,24.0811281283165,24.181608657953234
2021-09-18,28575630451,24.075820109411023,24.0811281283165
2021-09-19,26967722648,24.017906530339967,24.075820109411023
2021-09-20,43909845642,24.505404406187054,24.017906530339967
2021-09-21,48701090088,24.60896725052161,24.505404406187054
2021-09-22,38139709246,24.364521813754546,24.60896725052161
2021-09-23,34244064430,24.256779085322368,24.364521813754546
2021-09-24,42839345714,24.480722809626883,24.256779085322368
2021-09-25,31604717236,24.176572226018436,24.480722809626883
2021-09-26,30661222077,24.146264568597687,24.176572226018436
2021-09-27,30980029059,24.15660860992695,24.146264568597687
2021-09-28,30214940550,24.131602359192218,24.15660860992695
2021-09-29,30602359905,24.1443429640095,24.131602359192218
2021-09-30,31141681925,24.161813013614942,24.1443429640095
2021-10-01,42850641582,24.480986454620233,24.161813013614942
2021-10-02,30614346492,24.14473457564164,24.480986454620233
2021-10-03,26638115879,24.005608954854686,24.14473457564164
2021-10-04,33383173002,24.2313178076427,24.005608954854686
2021-10-05,35873904236,24.30327596661547,24.2313178076427
2021-10-06,49034730168,24.615794662930647,24.30327596661547
2021-10-07,36807860413,24.3289772574918,24.615794662930647
2021-10-08,34800873924,24.27290833617014,24.3289772574918
2021-10-09,32491211414,24.204235471681784,24.27290833617014
2021-10-10,39527792364,24.400269865592033,24.204235471681784
2021-10-11,42637331698,24.475996037406926,24.400269865592033
2021-10-12,41083758949,24.438878720960826,24.475996037406926
2021-10-13,41684252783,24.45338926332747,24.438878720960826
2021-10-14,36615791366,24.323745442389885,24.45338926332747
2021-10-15,51780081801,24.67027139104839,24.323745442389885
2021-10-16,34250964237,24.25698055416347,24.67027139104839
2021-10-17,29032367511,24.091677165601805,24.25698055416347
2021-10-18,38055562075,24.362313088626326,24.091677165601805
2021-10-19,40471196346,24.42385635670193,24.362313088626326
2021-10-20,40788955582,24.431677185192004,24.42385635670193
2021-10-21,45908121370,24.54990787452713,24.431677185192004
2021-10-22,38434082775,24.37221047514637,24.54990787452713
2021-10-23,26882546034,24.01474306664263,24.37221047514637
2021-10-24,27316183882,24.0307451796817,24.01474306664263
2021-10-25,31064911614,24.159344775262465,24.0307451796817
2021-10-26,34878965587,24.27514977921142,24.159344775262465
2021-10-27,43657076893,24.499631234223553,24.27514977921142
2021-10-28,45257083247,24.535625030687193,24.499631234223553
2021-10-29,36856881767,24.33030818894654,24.535625030687193
2021-10-30,32157938616,24.193925181441635,24.33030818894654
2021-10-31,32241199927,24.19651097247165,24.193925181441635
2021-11-01,36150572843,24.310958631705024,24.19651097247165
2021-11-02,37746665647,24.354162981508576,24.310958631705024
2021-11-03,36124731509,24.31024355107457,24.354162981508576
2021-11-04,32615846901,24.2080641084678,24.31024355107457
2021-11-05,30605102446,24.144432578605382,24.2080641084678
2021-11-06,29094934221,24.093829914217295,24.144432578605382
2021-11-07,24726754302,23.931151664496312,24.093829914217295
2021-11-08,41125608330,24.439896838141387,23.931151664496312
2021-11-09,42357991721,24.46942294675876,24.439896838141387
2021-11-10,48730828378,24.60957769300066,24.46942294675876
2021-11-11,35880633236,24.303463522699218,24.60957769300066
2021-11-12,36084893887,24.309140162826168,24.303463522699218
2021-11-13,30474228777,24.140147205250294,24.309140162826168
2021-11-14,25122092191,23.947013462936447,24.140147205250294
2021-11-15,30558763548,24.142917340609458,23.947013462936447
2021-11-16,46844335592,24.570095933134454,24.142917340609458
2021-11-17,39178392930,24.391391231010534,24.570095933134454
2021-11-18,41388338699,24.446265004162928,24.391391231010534
2021-11-19,38702407772,24.37916765137754,24.446265004162928
2021-11-20,30624264863,24.14505850104972,24.37916765137754
2021-11-21,26123447605,23.98609912364766,24.14505850104972
2021-11-22,35036121783,24.279645417180248,23.98609912364766
2021-11-23,37485803899,24.3472281355565,24.279645417180248
2021-11-24,36635566789,24.324285375682006,24.3472281355565
2021-11-25,34284016248,24.25794508390663,24.324285375682006
2021-11-26,41810748221,24.456419277897403,24.25794508390663
2021-11-27,30560857714,24.142985867408463,24.456419277897403
2021-11-28,28116886357,24.059636170766723,24.142985867408463
2021-11-29,32370840356,24.200523865499083,24.059636170766723
2021-11-30,36708594618,24.326276750366294,24.200523865499083
2021-12-01,36858195307,24.330343827246118,24.326276750366294
2021-12-02,32379968686,24.20080581811699,24.330343827246118
2021-12-03,39789134215,24.406859702289513,24.20080581811699
2021-12-04,61385677469,24.84044237891157,24.406859702289513
2021-12-05,37198201161,24.33952624116923,24.84044237891157
2021-12-06,37707308001,24.353119758795003,24.33952624116923
2021-12-07,33676814852,24.240075450945813,24.353119758795003
2021-12-08,28479699446,24.07245737027439,24.240075450945813
2021-12-09,29603577251,24.111161044048604,24.07245737027439
2021-12-10,30966005122,24.156155830748265,24.111161044048604
2021-12-11,25775869261,23.972704591246814,24.156155830748265
2021-12-12,21939223599,23.811541903701528,23.972704591246814
2021-12-13,32166727776,24.19419845639346,23.811541903701528
2021-12-14,34638619079,24.268235054921075,24.19419845639346
2021-12-15,36541828520,24.321723428242482,24.268235054921075
2021-12-16,27268150947,24.02898522611448,24.321723428242482
2021-12-17,32902725329,24.216821328034683,24.02898522611448
2021-12-18,26098292690,23.98513573495921,24.216821328034683
2021-12-19,25154053861,23.948284907818984,23.98513573495921
2021-12-20,30961902129,24.156023322055876,23.948284907818984
2021-12-21,27055803928,24.021167382181048,24.156023322055876
2021-12-22,24447979559,23.919813413829058,24.021167382181048
2021-12-23,28223878108,24.06343419802564,23.919813413829058
2021-12-24,24367912228,23.916533031155765,24.06343419802564
2021-12-25,19030650914,23.669316722293782,23.916533031155765
2021-12-26,20964372926,23.76609030660428,23.669316722293782
2021-12-27,24324345758,23.91474356878833,23.76609030660428
2021-12-28,33430376883,24.232730811110862,23.91474356878833
2021-12-29,30049226299,24.1261027504747,24.232730811110862
2021-12-30,26686491018,24.007423319932485,24.1261027504747
2021-12-31,36974172400,24.33348546260177,24.007423319932485
2022-01-01,24582667004,23.92530743820885,24.33348546260177
2022-01-02,27951569547,24.053739190498586,23.92530743820885
2022-01-03,33071628362,24.221941602582724,24.053739190498586
2022-01-04,42494677905,24.472644679270676,24.221941602582724
2022-01-05,36851084859,24.33015089501273,24.472644679270676
2022-01-06,30208048289,24.131374225458277,24.33015089501273
2022-01-07,84196607520,25.156420466646658,24.131374225458277
2022-01-08,28066355845,24.057837395059085,25.156420466646658
2022-01-09,21294384372,23.781709230394426,24.057837395059085
2022-01-10,32104232331,24.192253706708915,23.781709230394426
2022-01-11,26327648900,23.993885512886255,24.192253706708915
2022-01-12,33499938689,24.234809445596653,23.993885512886255
2022-01-13,47691135082,24.588011370231424,24.234809445596653
2022-01-14,23577403399,23.88355460720501,24.588011370231424
2022-01-15,18371348298,23.63405813021384,23.88355460720501
2022-01-16,17902097845,23.60818374097066,23.63405813021384
2022-01-17,21690904261,23.80015885114209,23.60818374097066
2022-01-18,22417209227,23.833094769902296,23.80015885114209
2022-01-19,23091543258,23.862732294718583,23.833094769902296
2022-01-20,20382033940,23.737919660546307,23.862732294718583
2022-01-21,43011992031,24.484744798200797,23.737919660546307
2022-01-22,39714385405,24.404979311776426,24.484744798200797
2022-01-23,26017975951,23.982053518803728,24.404979311776426
2022-01-24,41856658597,24.45751672748629,23.982053518803728
2022-01-25,26428189594,23.997697065070458,24.45751672748629
2022-01-26,31324598034,24.167669505531286,23.997697065070458
2022-01-27,25041426629,23.94379735555695,24.167669505531286
2022-01-28,22238830523,23.825105720548702,23.94379735555695
2022-01-29,17194183075,23.56783697025161,23.825105720548702
2022-01-30,14643548444,23.40726569616492,23.56783697025161
2022-01-31,20734730465,23.75507593152482,23.40726569616492
2022-02-01,20288500328,23.733320076174746,23.75507593152482
2022-02-02,19155189416,23.67583950364319,23.733320076174746
2022-02-03,18591534769,23.645972194120812,23.67583950364319
2022-02-04,29412210792,24.10467575812537,23.645972194120812
2022-02-05,19652846215,23.70148801031965,24.10467575812537
2022-02-06,16142097334,23.504696437690406,23.70148801031965
2022-02-07,28641855926,24.078134978824778,23.504696437690406
2022-02-08,33079398868,24.222176534869075,24.078134978824778
2022-02-09,23245887300,23.869394063010258,24.222176534869075
2022-02-10,32142048537,24.193430933152417,23.869394063010258
2022-02-11,26954925781,24.017431892405334,24.193430933152417
2022-02-12,18152390304,23.62206808617604,24.017431892405334
2022-02-13,14741589015,23.41393852081452,23.62206808617604
2022-02-14,20827783012,23.759553654101765,23.41393852081452
2022-02-15,22721659051,23.84658444974433,23.759553654101765
2022-02-16,19792547657,23.708571322838214,23.84658444974433
2022-02-17,26246662813,23.99080468696889,23.708571322838214
2022-02-18,23310007704,23.872148620495953,23.99080468696889
2022-02-19,13736557863,23.343326572923065,23.872148620495953
2022-02-20,18340576452,23.632381734687534,23.343326572923065
2022-02-21,29280402798,24.100184282707193,23.632381734687534
2022-02-22,25493150450,23.961675643224794,24.100184282707193
2022-02-23,21849073843,23.8074243705416,23.961675643224794
2022-02-24,46383802093,24.56021614240826,23.8074243705416
2022-02-25,26545599159,24.002129814172033,24.56021614240826
2022-02-26,17467554129,23.583610947226784,24.002129814172033
2022-02-27,23450127612,23.878141773700225,23.583610947226784
2022-02-28,35690014104,24.298136769629124,23.878141773700225
2022-03-01,32479047645,24.203861030535382,24.298136769629124
2022-03-02,29183112630,24.096856044331652,24.203861030535382
2022-03-03,24967782593,23.940852134451475,24.096856044331652
2022-03-04,28516271427,24.07374068856721,23.940852134451475
2022-03-05,16975917450,23.555061556058806,24.07374068856721
2022-03-06,19745229902,23.70617777517257,23.555061556058806
2022-03-07,28546143503,24.074787685220453,23.70617777517257
2022-03-08,25776583476,23.97273229953079,24.074787685220453
2022-03-09,32284121034,24.197841337441282,23.97273229953079
2022-03-10,31078064711,24.159768092521283,24.197841337441282
2022-03-11,26364890465,23.995299055359244,24.159768092521283
2022-03-12,14616450657,23.405413488674863,23.995299055359244
2022-03-13,17300745310,23.574015419025052,23.405413488674863
2022-03-14,24322159070,23.914653667653226,23.574015419025052
2022-03-15,23934000868,23.898565915364134,23.914653667653226
2022-03-16,39616916192,24.40252204055857,23.898565915364134
2022-03-17,22009601093,23.814744608422313,24.40252204055857
2022-03-18,34421564942,24.261949092762496,23.814744608422313
2022-03-19,19664853187,23.70209877710183,24.261949092762496
2022-03-20,20127946682,23.725375068514193,23.70209877710183
2022-03-21,24615543271,23.92664392064225,23.725375068514193
2022-03-22,32004652376,24.18914711592851,23.92664392064225
2022-03-23,25242943069,23.95181247118945,24.18914711592851
2022-03-24,31042992291,24.158638928742718,23.95181247118945
2022-03-25,30574413034,24.14342932075565,24.158638928742718
2022-03-26,16950455995,23.55356057277089,24.14342932075565
2022-03-27,28160889722,24.061199962978613,23.55356057277089
2022-03-28,36362175703,24.31679494228176,24.061199962978613
2022-03-29,31397059069,24.169980065251295,24.31679494228176
2022-03-30,29333883962,24.102009134012146,24.169980065251295
2022-03-31,33327427106,24.229646531746955,24.102009134012146
2022-04-01,38162644287,24.365122975858434,24.229646531746955
2022-04-02,29336594194,24.102101522282606,24.365122975858434
2022-04-03,25414397610,23.958581685419976,24.102101522282606
2022-04-04,32499785455,24.204499324875698,23.958581685419976
2022-04-05,29640604055,24.11241101688998,24.204499324875698
2022-04-06,39393395788,24.396864019606657,24.11241101688998
2022-04-07,26101973106,23.985276746348713,24.396864019606657
2022-04-08,27215995394,24.02707070336122,23.985276746348713
2022-04-09,16050772496,23.499022815956096,24.02707070336122
2022-04-10,17654475582,23.594255162232244,23.499022815956096
2022-04-11,33949912166,24.248152103790186,23.594255162232244
2022-04-12,30991500854,24.156978837841187,24.248152103790186
2022-04-13,27691105228,24.044377087670032,24.156978837841187
2022-04-14,24342001973,23.915469171452095,24.044377087670032
2022-04-15,21756855753,23.803194751848288,23.915469171452095
2022-04-16,16833150693,23.546616034579962,23.803194751848288
2022-04-17,19087633042,23.6723064775782,23.546616034579962
2022-04-18,33705182072,24.24091743316572,23.6723064775782
2022-04-19,25303206547,23.954196965637067,24.24091743316572
2022-04-20,27819532341,24.049004213127876,23.954196965637067
2022-04-21,35372786395,24.28920861554553,24.049004213127876
2022-04-22,28011716745,24.055888714772234,24.28920861554553
2022-04-23,16138021249,23.50444389307777,24.055888714772234
2022-04-24,17964398167,23.611657756644593,23.50444389307777
2022-04-25,35445730570,24.291268647410707,23.611657756644593
2022-04-26,34569088416,24.266225721310402,24.291268647410707
2022-04-27,30981015184,24.156640440410506,24.266225721310402
2022-04-28,33903704907,24.24679013465321,24.156640440410506
2022-04-29,30882994649,24.15347153437641,24.24679013465321
2022-04-30,23895713731,23.896964938001048,24.15347153437641
2022-05-01,27002760110,24.019204924022286,23.896964938001048
2022-05-02,32922642426,24.217426477638465,24.019204924022286
2022-05-03,27326943244,24.031138984454774,24.217426477638465
2022-05-04,36754404490,24.327523905491837,24.031138984454774
2022-05-05,43106256317,24.48693398168874,24.327523905491837
2022-05-06,37795577489,24.35545793508169,24.48693398168874
2022-05-07,24375896406,23.916860628784885,24.35545793508169
2022-05-08,36763041910,24.32775888155433,23.916860628784885
2022-05-09,63355494961,24.87202747966775,24.32775888155433
2022-05-10,59811038817,24.814456076469334,24.87202747966775
2022-05-11,70388855818,24.977300789540177,24.814456076469334
2022-05-12,66989173272,24.927796850324604,24.977300789540177
2022-05-13,42841124537,24.48076433187799,24.927796850324604
2022-05-14,28579868620,24.075968412516644,24.48076433187799
2022-05-15,25835372065,23.975010400168852,24.075968412516644
2022-05-16,32613897286,24.208004331596836,23.975010400168852
2022-05-17,29101473475,24.09405464472168,24.208004331596836
2022-05-18,31285268319,24.166413162962165,24.09405464472168
2022-05-19,33773447707,24.242940759914134,24.166413162962165
2022-05-20,30749382605,24.149135753111196,24.242940759914134
2022-05-21,17274840442,23.57251697020438,24.149135753111196
2022-05-22,21631532270,23.79741791443933,23.57251697020438
2022-05-23,31483454557,24.17272799262603,23.79741791443933
2022-05-24,26616506245,24.004797395807824,24.17272799262603
2022-05-25,27525063551,24.03836282839899,24.004797395807824
2022-05-26,36774325352,24.328065757976717,24.03836282839899
2022-05-27,36582005748,24.322822310226588,24.328065757976717
2022-05-28,35519577634,24.293349864064997,24.322822310226588
2022-05-29,18093886409,23.61883995070335,24.293349864064997
2022-05-30,39277993274,24.393930231398528,23.61883995070335
2022-05-31,33538210634,24.235951241709596,24.393930231398528
2022-06-01,41135817341,24.44014504709155,24.235951241709596
2022-06-02,29083562061,24.093438973891516,24.44014504709155
2022-06-03,26175547452,23.98809150855593,24.093438973891516
2022-06-04,16588370958,23.531967742114016,23.98809150855593
2022-06-05,17264085441,23.571894194534742,23.531967742114016
2022-06-06,31947336829,24.187354659960892,23.571894194534742
2022-06-07,40770974039,24.43123624456405,24.187354659960892
2022-06-08,30242059107,24.132499478102275,24.43123624456405
2022-06-09,21692004719,23.800209583470842,24.132499478102275
2022-06-10,29867476527,24.120035983750935,23.800209583470842
2022-06-11,27246574439,24.028193641493118,24.120035983750935
2022-06-12,34163220274,24.254415471739772,24.028193641493118
2022-06-13,68204556440,24.945777209534814,24.254415471739772
2022-06-14,50913575242,24.653395429108684,24.945777209534814
2022-06-15,54912007015,24.728997868561756,24.653395429108684
2022-06-16,31183975654,24.16317019899043,24.728997868561756
2022-06-17,27132421514,24.023995215586996,24.16317019899043
2022-06-18,42009436760,24.461160114753845,24.023995215586996
2022-06-19,35329942625,24.287996674342185,24.461160114753845
2022-06-20,30818458597,24.15137965251176,24.287996674342185
2022-06-21,28970212744,24.08953399229753,24.15137965251176
2022-06-22,28574793478,24.075790819234587,24.08953399229753
2022-06-23,26188097173,23.98857083811101,24.075790819234587
2022-06-24,24957784918,23.940451631237107,23.98857083811101
2022-06-25,18372538715,23.634122925590553,23.940451631237107
2022-06-26,18027170497,23.615145928790337,23.634122925590553
2022-06-27,20965695707,23.766153401230333,23.615145928790337
2022-06-28,21381535161,23.785793543567053,23.766153401230333
2022-06-29,23552740328,23.882508012762433,23.785793543567053
2022-06-30,26267239923,23.99158836938368,23.882508012762433
2022-07-01,30767551159,24.149726437770415,23.99158836938368
2022-07-02,18100418740,23.619200909757215,24.149726437770415
2022-07-03,16390821947,23.519987377743067,23.619200909757215
2022-07-04,21594638208,23.79571088971098,23.519987377743067
2022-07-05,26715546990,24.008511517160574,23.79571088971098
2022-07-06,24598943708,23.92596934026365,24.008511517160574
2022-07-07,25814972520,23.974220490780073,23.92596934026365
2022-07-08,49899834488,24.633283522824637,23.974220490780073
2022-07-09,29641127858,24.11242868853968,24.633283522824637
2022-07-10,28688807249,24.07977289232155,24.11242868853968
2022-07-11,24150249025,23.907560528586032,24.07977289232155
2022-07-12,25810220018,23.974036375165976,23.907560528586032
2022-07-13,33042430345,24.22105834055134,23.974036375165976
2022-07-14,31158743333,24.162360727642763,24.22105834055134
2022-07-15,25905575359,23.97772404731201,24.162360727642763
2022-07-16,24302954056,23.91386374599489,23.97772404731201
2022-07-17,22927802083,23.85561607588576,23.91386374599489
2022-07-18,39974475562,24.411506976430903,23.85561607588576
2022-07-19,48765202697,24.610282835969976,24.411506976430903
2022-07-20,42932549127,24.48289609610627,24.610282835969976
2022-07-21,33631012204,24.23871446049126,24.48289609610627
2022-07-22,31421555646,24.170759979878603,24.23871446049126
2022-07-23,24021799169,23.902227553749032,24.170759979878603
2022-07-24,23565495303,23.883049415688106,23.902227553749032
2022-07-25,35574561406,24.294896652132344,23.883049415688106
2022-07-26,28624673855,24.077534905044114,24.294896652132344
2022-07-27,31758955233,24.181440577097874,24.077534905044114
2022-07-28,40212386158,24.41744089849729,24.181440577097874
2022-07-29,35887249746,24.303647909077743,24.41744089849729
2022-07-30,28148218301,24.06074989649172,24.303647909077743
2022-07-31,23553591896,23.882544167901663,24.06074989649172
2022-08-01,25849159141,23.975543908977205,23.882544167901663
2022-08-02,28389250717,24.069276414585644,23.975543908977205
2022-08-03,26288169966,23.992384863756026,24.069276414585644
2022-08-04,25120229769,23.946939325359672,23.992384863756026
2022-08-05,28881249043,24.086458399447164,23.946939325359672
2022-08-06,15978259885,23.494494878051103,24.086458399447164
2022-08-07,15886817043,23.488755485472712,23.494494878051103
2022-08-08,28575544847,24.0758171137071,23.488755485472712
2022-08-09,23555719219,23.882634482234483,24.0758171137071
2022-08-10,32837431722,24.21483491268678,23.882634482234483
2022-08-11,37127036580,24.3376112899384,24.21483491268678
2022-08-12,27265804688,24.02889917847777,24.3376112899384
2022-08-13,22987346289,23.85820974013345,24.02889917847777
2022-08-14,22994133555,23.858504957515418,23.85820974013345
2022-08-15,35123501685,24.282136307035696,23.858504957515418
2022-08-16,27753685646,24.046634484391653,24.282136307035696
2022-08-17,30931623076,24.155044898050612,24.046634484391653
2022-08-18,23747613147,23.890747863303005,24.155044898050612
2022-08-19,40509610260,24.424805073280368,23.890747863303005
2022-08-20,27595671000,24.04092474954152,24.424805073280368
2022-08-21,23102307723,23.863198350912914,24.04092474954152
2022-08-22,31666498758,24.17852513748584,23.863198350912914
2022-08-23,31878280659,24.185190757764126,24.17852513748584
2022-08-24,31962253368,24.187821461241416,24.185190757764126
2022-08-25,31028679593,24.158177761907048,24.187821461241416
2022-08-26,42326789564,24.468686045560254,24.158177761907048
2022-08-27,30116729776,24.12834666080964,24.468686045560254
2022-08-28,24366810591,23.916487821623978,24.12834666080964
2022-08-29,32637854078,24.208738619721696,23.916487821623978
2022-08-30,34483360283,24.263742733996857,24.208738619721696
2022-08-31,33225232872,24.22657545046021,24.263742733996857
2022-09-01,30182031010,24.13051258457581,24.22657545046021
2022-09-02,29123998928,24.094828376670744,24.13051258457581
2022-09-03,23613051457,23.88506542395342,24.094828376670744
2022-09-04,25245861652,23.951928084265234,23.88506542395342
2022-09-05,28813460025,24.084108476887884,23.951928084265234
2022-09-06,43403978910,24.493816953804338,24.084108476887884
2022-09-07,35239757134,24.285440746219926,24.493816953804338
2022-09-08,32194477850,24.195060779448152,24.285440746219926
2022-09-09,48469528171,24.604201152302014,24.195060779448152
2022-09-10,36913738894,24.331849646446795,24.604201152302014
2022-09-11,34493951963,24.264049840195643,24.331849646446795
2022-09-12,50212088965,24.639521650688422,24.264049840195643
2022-09-13,51091116622,24.65687647602992,24.639521650688422
2022-09-14,37872380889,24.35748794693933,24.65687647602992
2022-09-15,36389011503,24.317532684227913,24.35748794693933
2022-09-16,30123362273,24.128566862897692,24.317532684227913
2022-09-17,24957448100,23.940438135637482,24.128566862897692
2022-09-18,31254779144,24.16543813404382,23.940438135637482
2022-09-19,40177002624,24.416560594844753,24.16543813404382
2022-09-20,36791346508,24.32852850523025,24.416560594844753
2022-09-21,46363793975,24.55978468932142,24.32852850523025
2022-09-22,41135767926,24.44014384582626,24.55978468932142
2022-09-23,38896078052,24.384159261202658,24.44014384582626
2022-09-24,26149643168,23.987101381781066,24.384159261202658
2022-09-25,23359966112,23.874289544220453,23.987101381781066
2022-09-26,44148798321,24.510831545528564,23.874289544220453
2022-09-27,58571439619,24.793513036206505,24.510831545528564
2022-09-28,53071298734,24.69490210558024,24.793513036206505
2022-09-29,41037843771,24.437760496735685,24.69490210558024
2022-09-30,43975248085,24.50689276905497,24.437760496735685
2022-10-01,18719537670,23.652833610575495,24.50689276905497
2022-10-02,20765955327,23.756580719568497,23.652833610575495
2022-10-03,30484729489,24.14049172268965,23.756580719568497
2022-10-04,35887278685,24.303648715464092,24.14049172268965
2022-10-05,33223790572,24.226532039739464,24.303648715464092
2022-10-06,34711412966,24.270334373741495,24.226532039739464
2022-10-07,29227315390,24.098369567513608,24.270334373741495
2022-10-08,16437423167,23.52282647262252,24.098369567513608
2022-10-09,16837262532,23.546860275064507,23.52282647262252
2022-10-10,27425022774,24.03472167351757,23.546860275064507
2022-10-11,28711532910,24.080564722548495,24.03472167351757
2022-10-12,24950173846,23.940146626895213,24.080564722548495
2022-10-13,44219840004,24.512439394187346,23.940146626895213
2022-10-14,38452356727,24.372685824309695,24.512439394187346
2022-10-15,16192235532,23.507797676141323,24.372685824309695
2022-10-16,17988916650,23.613021663529157,23.507797676141323
2022-10-17,27472552998,24.036453270412622,23.613021663529157
2022-10-18,30580012344,24.14361244110977,24.036453270412622
2022-10-19,22425387184,23.83345951047243,24.14361244110977
2022-10-20,24493974420,23.921692982207574,23.83345951047243
2022-10-21,32459287866,24.203252459975193,23.921692982207574
2022-10-22,16104440957,23.50236090673963,24.203252459975193
2022-10-23,22128794335,23.820145508503987,23.50236090673963
2022-10-24,30202235805,24.131181791865053,23.820145508503987
2022-10-25,47761524910,24.58948623412239,24.131181791865053
2022-10-26,58895950537,24.799038173746403,24.58948623412239
2022-10-27,49625110402,24.62776280067673,24.799038173746403
2022-10-28,43994715910,24.507335370698392,24.62776280067673
2022-10-29,40369840645,24.421348824441566,24.507335370698392
2022-10-30,31486345556,24.17281981438811,24.421348824441566
2022-10-31,45668466815,24.544673892636077,24.17281981438811
2022-11-01,39819303159,24.407617635655356,24.544673892636077
2022-11-02,55552169483,24.7405884068689,24.407617635655356
2022-11-03,43228750179,24.489771624243414,24.7405884068689
2022-11-04,64072727950,24.883284649340386,24.489771624243414
2022-11-05,37846047609,24.356792388893975,24.883284649340386
2022-11-06,35082693210,24.28097377487861,24.356792388893975
2022-11-07,53510852236,24.70315031581071,24.28097377487861
2022-11-08,118992465607,25.502326013826618,24.70315031581071
2022-11-09,102905151606,25.357073542731495,25.502326013826618
2022-11-10,83202283721,25.14454063296658,25.357073542731495
2022-11-11,55871616488,24.746322333022007,25.14454063296658
2022-11-12,29717699419,24.11500864528699,24.746322333022007
2022-11-13,27209183682,24.026820388630014,24.11500864528699
2022-11-14,49630243054,24.62786622385394,24.026820388630014
2022-11-15,36599436183,24.32329867239901,24.62786622385394
2022-11-16,33925512989,24.24743316382052,24.32329867239901
2022-11-17,27868914022,24.05077771183967,24.24743316382052
2022-11-18,26862218609,24.013986623625183,24.05077771183967
2022-11-19,16106223492,23.502471586542875,24.013986623625183
2022-11-20,21313378652,23.78260081821365,23.502471586542875
2022-11-21,37429485518,24.34572461359062,23.78260081821365
2022-11-22,30726828760,24.148402010887622,24.34572461359062
2022-11-23,32958875628,24.218526428177658,24.148402010887622
2022-11-24,26129037414,23.986313077453655,24.218526428177658
2022-11-25,18678255976,23.650625902219332,23.986313077453655
2022-11-26,18000008764,23.613638081731345,23.650625902219332
2022-11-27,20443898509,23.740950313498505,23.613638081731345
2022-11-28,27743025156,24.046250299816492,23.740950313498505
2022-11-29,23581685468,23.883736208211925,24.046250299816492
2022-11-30,29523576583,24.108454987300355,23.883736208211925
2022-12-01,22895392882,23.85420154307421,24.108454987300355
2022-12-02,19539705127,23.695714392710233,23.85420154307421
2022-12-03,16217776704,23.509373804968515,23.695714392710233
2022-12-04,16824520830,23.546103232428262,23.509373804968515
2022-12-05,22209086834,23.823767358924204,23.546103232428262
2022-12-06,19889922369,23.713479026788082,23.823767358924204
2022-12-07,19675404389,23.702635184482116,23.713479026788082
2022-12-08,20496603770,23.743525039609928,23.702635184482116
2022-12-09,20328426366,23.735286057065448,23.743525039609928
2022-12-10,12706781969,23.265401701183677,23.735286057065448
2022-12-11,14122486832,23.37103417475044,23.265401701183677
2022-12-12,19617581341,23.69969200830623,23.37103417475044
2022-12-13,26634741631,24.00548227691165,23.69969200830623
2022-12-14,25534481470,23.963295590201888,24.00548227691165
2022-12-15,20964448341,23.766093903891193,23.963295590201888
2022-12-16,24031608960,23.902635840757934,23.766093903891193
2022-12-17,14463581825,23.394899728743,23.902635840757934
2022-12-18,10924354698,23.114260509638946,23.394899728743
2022-12-19,17221074814,23.569399750606756,23.114260509638946
2022-12-20,22722096615,23.84660370713156,23.569399750606756
2022-12-21,14882945045,23.4234817664587,23.84660370713156
2022-12-22,16441573050,23.523078906303564,23.4234817664587
2022-12-23,15329265213,23.453029597370236,23.523078906303564
2022-12-24,9744636213,22.99998283857804,23.453029597370236
2022-12-25,11656379938,23.179119501224346,22.99998283857804
2022-12-26,11886957804,23.198707653178356,23.179119501224346
2022-12-27,15748580239,23.48001605459932,23.198707653178356
2022-12-28,17005713920,23.556815237470502,23.48001605459932
2022-12-29,14472237479,23.395497994454246,23.556815237470502
2022-12-30,15929162910,23.491417411465072,23.395497994454246
2022-12-31,11239186456,23.142672299433013,23.491417411465072
2023-01-01,9244361700,22.947279656676145,23.142672299433013
2023-01-02,12097775227,23.216287407106577,22.947279656676145
2023-01-03,13903079207,23.355376178233318,23.216287407106577
2023-01-04,18421743322,23.63679750618338,23.355376178233318
2023-01-05,13692758566,23.34013295821234,23.63679750618338
2023-01-06,14413662913,23.391442407092228,23.34013295821234
2023-01-07,7714767174,22.766402143952302,23.391442407092228
2023-01-08,9768827914,23.002462327943586,22.766402143952302
2023-01-09,18624736866,23.647756473112235,23.002462327943586
2023-01-10,15808338949,23.483803419333896,23.647756473112235
2023-01-11,18372283782,23.6341090497309,23.483803419333896
2023-01-12,34971338710,24.277794668958975,23.6341090497309
2023-01-13,29225029694,24.098291360351933,24.277794668958975
2023-01-14,38967784639,24.3860011068238,24.098291360351933
2023-01-15,19298407543,23.683288418727667,24.3860011068238
2023-01-16,26792494050,24.011387612474326,23.683288418727667
2023-01-17,24999983362,23.94214099629439,24.011387612474326
2023-01-18,30005625418,24.12465071496336,23.94214099629439
2023-01-19,21152848261,23.775040402922397,24.12465071496336
2023-01-20,28799154319,24.083611859733573,23.775040402922397
2023-01-21,32442278429,24.202728298899874,24.083611859733573
2023-01-22,24746386230,23.931945304391387,24.202728298899874
2023-01-23,26518700512,24.00111600076186,23.931945304391387
2023-01-24,26405069715,23.99682186332148,24.00111600076186
2023-01-25,30685366709,24.147051723473762,23.99682186332148
2023-01-26,26357839322,23.99503157516349,24.147051723473762
2023-01-27,25383335641,23.95735871853214,23.99503157516349
2023-01-28,14712928379,23.411992425778422,23.95735871853214
2023-01-29,27423687259,24.034672975380477,23.411992425778422
2023-01-30,27205595568,24.02668850850279,24.034672975380477
2023-01-31,22837828665,23.851684150008392,24.02668850850279
2023-02-01,26683255504,24.007302070939758,23.851684150008392
2023-02-02,32066936882,24.191091332588055,24.007302070939758
2023-02-03,27083066007,24.022174498928667,24.191091332588055
2023-02-04,15639298538,23.473052720546253,24.022174498928667
2023-02-05,19564262605,23.69697040240197,23.473052720546253
2023-02-06,23825006542,23.89400156107216,23.69697040240197
2023-02-07,27187964471,24.026040229640188,23.89400156107216
2023-02-08,25371367758,23.95688712152062,24.026040229640188
2023-02-09,32572572185,24.206736427172146,23.95688712152062
2023-02-10,27078406594,24.022002442565064,24.206736427172146
2023-02-11,16356226232,23.517874471096853,24.022002442565064
2023-02-12,17821046406,23.60364597814049,23.517874471096853
2023-02-13,23918742607,23.89792819805018,23.60364597814049
2023-02-14,26792596581,24.011391439322384,23.89792819805018
2023-02-15,32483312909,24.203992345468205,24.011391439322384
2023-02-16,39316664596,24.3949143014656,24.203992345468205
2023-02-17,41358451255,24.445542620966762,24.3949143014656
2023-02-18,19625427158,23.700091866390746,24.445542620966762
2023-02-19,25555105670,23.96410296416104,23.700091866390746
2023-02-20,28987376573,24.09012628158023,23.96410296416104
2023-02-21,31252098714,24.165352369721766,24.09012628158023
2023-02-22,30199996781,24.131107654737825,24.165352369721766
2023-02-23,30476264066,24.140213990239417,24.131107654737825
2023-02-24,26811744928,24.01210587204464,24.140213990239417
2023-02-25,16100721565,23.50212992563441,24.01210587204464
2023-02-26,16644534842,23.535347761773355,23.50212992563441
2023-02-27,22660763494,23.843900785447328,23.535347761773355
2023-02-28,20535363434,23.745414282469564,23.843900785447328
2023-03-01,24662841200,23.92856354296883,23.745414282469564
2023-03-02,20386398516,23.73813377601525,23.92856354296883
2023-03-03,26062404610,23.98375967645077,23.73813377601525
2023-03-04,11166012913,23.136140440291012,23.98375967645077
2023-03-05,13317001733,23.312307381600824,23.136140440291012
2023-03-06,17353192895,23.577042354938367,23.312307381600824
2023-03-07,22765452204,23.848509969537627,23.577042354938367
2023-03-08,22536575684,23.838405412277634,23.848509969537627
2023-03-09,30364664171,24.136545406494957,23.838405412277634
2023-03-10,39578257695,24.40154575631868,24.136545406494957
2023-03-11,30180288176,24.13045483881574,24.40154575631868
2023-03-12,29279035521,24.100137585640436,24.13045483881574
2023-03-13,49466362688,24.624558733871407,24.100137585640436
2023-03-14,54622230164,24.72370678269669,24.624558733871407
2023-03-15,43655701450,24.499599728113537,24.72370678269669
2023-03-16,33866061747,24.245679221461977,24.499599728113537
2023-03-17,50730261335,24.649788440000012,24.245679221461977
2023-03-18,35723036817,24.29906160661418,24.649788440000012
2023-03-19,37769448859,24.3547663815336,24.29906160661418
2023-03-20,44774027664,24.52489406861049,24.3547663815336
2023-03-21,36102192830,24.309619443653748,24.52489406861049
2023-03-22,33382021890,24.231283325245037,24.309619443653748
2023-03-23,24220433689,23.910462481145558,24.231283325245037
2023-03-24,25980310960,23.980604817324316,23.910462481145558
2023-03-25,13383005987,23.317251529119137,23.980604817324316
2023-03-26,13878363192,23.35359685942288,23.317251529119137
2023-03-27,18188895178,23.624077089753868,23.35359685942288
2023-03-28,17783600385,23.60154254287676,23.624077089753868
2023-03-29,20684945906,23.752672021724628,23.60154254287676
2023-03-30,22435349951,23.833903674692642,23.752672021724628
2023-03-31,19001327598,23.667774687250756,23.833903674692642
2023-04-01,10876469901,23.109867568097766,23.667774687250756
2023-04-02,12284641999,23.231615701184396,23.109867568097766
2023-04-03,19556501327,23.696573616791376,23.231615701184396
2023-04-04,15284538859,23.450107622321507,23.696573616791376
2023-04-05,17052315986,23.559551866407215,23.450107622321507
2023-04-06,13837809380,23.350670492816143,23.559551866407215
2023-04-07,10861680497,23.108506881377778,23.350670492816143
2023-04-08,9373255556,22.9611263174623,23.108506881377778
2023-04-09,12175322951,23.22267703131275,22.9611263174623
2023-04-10,19282400094,23.682458604584365,23.22267703131275
2023-04-11,20121259843,23.725042796668912,23.682458604584365
2023-04-12,18651929926,23.64921545896928,23.725042796668912
2023-04-13,17487721001,23.584764814513626,23.64921545896928
2023-04-14,22659995079,23.843866875379433,23.584764814513626
2023-04-15,11940685378,23.20321734510599,23.843866875379433
2023-04-16,12854816417,23.276984396504336,23.20321734510599
2023-04-17,17872186762,23.606511529196275,23.276984396504336
2023-04-18,19480529496,23.692681316310896,23.606511529196275
2023-04-19,24571565421,23.924855734148345,23.692681316310896
2023-04-20,21340360360,23.78386596927538,23.924855734148345
2023-04-21,20759504330,23.75627001875482,23.78386596927538
2023-04-22,13125734602,23.297840613534046,23.75627001875482
2023-04-23,12785446832,23.271573394785523,23.297840613534046
2023-04-24,17703288330,23.597016240626907,23.271573394785523
2023-04-25,17733373139,23.59871418930383,23.597016240626907
2023-04-26,31854242019,24.18443639750566,23.59871418930383
2023-04-27,27153445027,24.024769763932287,24.18443639750566
2023-04-28,17544464887,23.588004346057936,24.024769763932287
2023-04-29,10662634333,23.09001134832494,23.588004346057936
2023-04-30,14652199272,23.407856282098095,23.09001134832494
2023-05-01,18655599976,23.64941220477483,23.407856282098095
2023-05-02,16432924527,23.522552752364373,23.64941220477483
2023-05-03,19122972518,23.67415619890861,23.522552752364373
2023-05-04,15548678514,23.467241488937884,23.67415619890861
2023-05-05,17936566518,23.61010728830372,23.467241488937884
2023-05-06,15913866714,23.490456686473944,23.61010728830372
2023-05-07,11301355486,23.148188509984013,23.490456686473944
2023-05-08,19122903752,23.674152602913082,23.148188509984013
2023-05-09,14128593256,23.371466471432626,23.674152602913082
2023-05-10,20656025026,23.75127288261077,23.371466471432626
2023-05-11,16724343943,23.54013121606279,23.75127288261077
2023-05-12,19313599897,23.684075342578108,23.54013121606279
2023-05-13,9999171605,23.025768087009077,23.684075342578108
2023-05-14,10014858959,23.02733572298949,23.025768087009077
2023-05-15,14413231792,23.39141249606612,23.02733572298949
2023-05-16,12732238816,23.26740310333769,23.39141249606612
2023-05-17,15140006925,23.44060654235323,23.26740310333769
2023-05-18,15222938600,23.446069245644836,23.44060654235323
2023-05-19,11258983301,23.144432162597283,23.446069245644836
2023-05-20,7044911360,22.67557140024487,23.144432162597283
2023-05-21,8647416921,22.880526491444105,22.67557140024487
2023-05-22,11056770492,23.126308791485606,22.880526491444105
2023-05-23,13697203143,23.34045749879303,23.126308791485606
2023-05-24,16299104428,23.514376000182217,23.34045749879303
2023-05-25,13851122697,23.351632127449715,23.514376000182217
2023-05-26,12711619225,23.265782311751707,23.351632127449715
2023-05-27,7892015141,22.78911734363003,23.265782311751707
2023-05-28,14545229578,23.40052891274976,22.78911734363003
2023-05-29,15181308984,23.44333083602627,23.40052891274976
2023-05-30,13251081851,23.307345035177608,23.44333083602627
2023-05-31,15656371534,23.47414379785212,23.307345035177608
2023-06-01,14678970415,23.409681722455208,23.47414379785212
2023-06-02,14837415000,23.420417868137903,23.409681722455208
2023-06-03,8385597470,22.84978148430444,23.420417868137903
2023-06-04,9360912318,22.959808592557827,22.84978148430444
2023-06-05,21513292646,23.791936843639096,22.959808592557827
2023-06-06,21929670693,23.81110638298439,23.791936843639096
2023-06-07,19530045082,23.695219890178468,23.81110638298439
2023-06-08,11904824295,23.2002095578515,23.695219890178468
2023-06-09,11015551640,23.122573896745628,23.2002095578515
2023-06-10,19872933189,23.712624501588856,23.122573896745628
2023-06-11,10732609603,23.09655257026335,23.712624501588856
2023-06-12,11677889997,23.180963147085365,23.09655257026335
2023-06-13,14143474486,23.372519187598282,23.180963147085365
2023-06-14,14265717766,23.38112513692508,23.372519187598282
2023-06-15,15837384409,23.4856390840035,23.38112513692508
2023-06-16,16324646965,23.51594188645394,23.4856390840035
2023-06-17,11090276850,23.129334601928562,23.51594188645394
2023-06-18,9565695129,22.981449111426944,23.129334601928562
2023-06-19,12826986222,23.27481708712306,22.981449111426944
2023-06-20,22211859147,23.823892179003668,23.27481708712306
2023-06-21,33346760979,24.230226482522426,23.823892179003668
2023-06-22,20653160491,23.751134195054057,24.230226482522426
2023-06-23,24115570085,23.906123530453314,23.751134195054057
2023-06-24,12147822496,23.22041577223521,23.906123530453314
2023-06-25,12703464114,23.26514055809927,23.22041577223521
2023-06-26,16493186997,23.52621322330971,23.26514055809927
2023-06-27,16428827944,23.52230343011506,23.52621322330971
2023-06-28,14571500779,23.40233345658466,23.52230343011506
2023-06-29,13180860821,23.302031676558705,23.40233345658466
2023-06-30,26387306197,23.996148905593643,23.302031676558705
2023-07-01,9086606733,22.930067378743573,23.996148905593643
2023-07-02,10533418042,23.077818710800855,22.930067378743573
2023-07-03,15271884873,23.44927938490509,23.077818710800855
2023-07-04,12810828427,23.273556621099694,23.44927938490509
2023-07-05,12481622280,23.247523181824292,23.273556621099694
2023-07-06,21129219509,23.773922730315263,23.247523181824292
2023-07-07,13384770155,23.31738334193715,23.773922730315263
2023-07-08,7509378699,22.739418569473255,23.31738334193715
2023-07-09,7903327692,22.79054973456371,22.739418569473255
2023-07-10,14828209155,23.4197972275441,22.79054973456371
2023-07-11,12151839152,23.220746365812584,23.4197972275441
2023-07-12,14805659717,23.418275357925957,23.220746365812584
2023-07-13,23686079548,23.88815335167966,23.418275357925957
2023-07-14,20917902660,23.763871215859112,23.88815335167966
2023-07-15,8011667756,22.804164785592597,23.763871215859112
2023-07-16,8516564470,22.865278865247408,22.804164785592597
2023-07-17,13240156074,23.30652017545226,22.865278865247408
2023-07-18,13138897269,23.298842924791757,23.30652017545226
2023-07-19,12128602812,23.21883236876689,23.298842924791757
2023-07-20,14655207121,23.40806154413802,23.21883236876689
2023-07-21,10972789818,23.11868439230156,23.40806154413802
2023-07-22,7873300598,22.786743201291202,23.11868439230156
2023-07-23,9220145050,22.944656606495286,22.786743201291202
2023-07-24,15395817395,23.45736171174938,22.944656606495286
2023-07-25,10266772793,23.052178575184925,23.45736171174938
2023-07-26,13497554655,23.3257743693169,23.052178575184925
2023-07-27,10770779217,23.100102676193902,23.3257743693169
2023-07-28,11218474952,23.140827805521052,23.100102676193902
2023-07-29,6481775959,22.592260377507802,23.140827805521052
2023-07-30,8678454527,22.884109299881114,22.592260377507802
2023-07-31,11656781982,23.1791539919555,22.884109299881114
2023-08-01,18272392391,23.62865714517848,23.1791539919555
2023-08-02,19212655598,23.67883504456818,23.62865714517848
2023-08-03,12780357746,23.27117527814877,23.67883504456818
2023-08-04,12036639988,23.211221167115475,23.27117527814877
2023-08-05,6598366353,22.61008793306737,23.211221167115475
2023-08-06,7269806994,22.706995579858823,22.61008793306737
2023-08-07,13618163710,23.334670305524,22.706995579858823
2023-08-08,17570561357,23.589490688378916,23.334670305524
2023-08-09,18379521213,23.634502904187546,23.589490688378916
2023-08-10,11865344789,23.1968877857461,23.634502904187546
2023-08-11,10195168197,23.04517973882595,23.1968877857461
2023-08-12,6194358008,22.546904715987594,23.04517973882595
2023-08-13,7329897180,22.71522732546146,22.546904715987594
2023-08-14,14013695304,23.363300924400644,22.71522732546146
2023-08-15,12640195779,23.260147714390108,23.363300924400644
2023-08-16,14949271904,23.427928433523544,23.260147714390108
2023-08-17,31120851211,24.161143888421087,23.427928433523544
2023-08-18,24026236529,23.902412258907034,24.161143888421087
2023-08-19,10631443812,23.087081844347917,23.902412258907034
2023-08-20,9036580420,22.924546667663655,23.087081844347917
2023-08-21,13371557893,23.31639574281292,22.924546667663655
2023-08-22,14503820706,23.39767794862923,23.31639574281292
2023-08-23,16985265785,23.555612086655543,23.39767794862923
2023-08-24,12871532023,23.278283889776088,23.555612086655543
2023-08-25,12406045118,23.241449700279375,23.278283889776088
2023-08-26,6034817316,22.520811420283803,23.241449700279375
2023-08-27,6913768611,22.656780711151658,22.520811420283803
2023-08-28,11002805166,23.12141609232487,22.656780711151658
2023-08-29,29368391712,24.103184821107018,23.12141609232487
2023-08-30,16343655235,23.51710559995388,24.103184821107018
2023-08-31,20181001451,23.7280074765573,23.51710559995388
2023-09-01,17202862221,23.568341615119184,23.7280074765573
2023-09-02,10100387473,23.035839623721124,23.568341615119184
2023-09-03,8962524523,22.916317779046928,23.035839623721124
2023-09-04,10680635106,23.09169813556431,22.916317779046928
2023-09-05,11094740040,23.12973696268243,23.09169813556431
2023-09-06,12752705327,23.269009268553127,23.12973696268243
2023-09-07,11088307100,23.12915697561936,23.269009268553127
2023-09-08,10817356400,23.104417755188976,23.12915697561936
2023-09-09,5481314132,22.424610714267175,23.104417755188976
2023-09-10,7899553047,22.790072018489774,22.424610714267175
2023-09-11,14600006467,23.404287808605808,22.790072018489774
2023-09-12,18657279324,23.649502219163033,23.404287808605808
2023-09-13,13072077070,23.29374427085451,23.649502219163033
2023-09-14,13811359124,23.348757215455567,23.29374427085451
2023-09-15,11479735788,23.163849212590403,23.348757215455567
2023-09-16,7402031417,22.725020315294774,23.163849212590403
2023-09-17,6774210670,22.63638869065173,22.725020315294774
2023-09-18,15615339655,23.471519579286063,22.63638869065173
2023-09-19,13807690550,23.34849156011515,23.471519579286063
2023-09-20,13281116604,23.309609059086544,23.34849156011515
2023-09-21,13371443708,23.31638720338255,23.309609059086544
2023-09-22,10578746709,23.082112797853185,23.31638720338255
2023-09-23,7404700301,22.72538081132857,23.082112797853185
2023-09-24,8192867686,22.826529818335747,22.72538081132857
2023-09-25,11997833257,23.20799190851448,22.826529818335747
2023-09-26,9985498161,23.024399693506084,23.20799190851448
2023-09-27,11718380997,23.18442447136533,23.024399693506084
2023-09-28,14079002707,23.367950354698962,23.18442447136533
2023-09-29,10396435377,23.064728832129234,23.367950354698962
2023-09-30,5331172801,22.396837088630488,23.064728832129234
2023-10-01,9503917434,22.974969912028964,22.396837088630488
2023-10-02,19793041322,23.708596264490605,22.974969912028964
2023-10-03,11407814187,23.15756441252988,23.708596264490605
2023-10-04,11143355314,23.134109221248,23.15756441252988
2023-10-05,11877253670,23.197890951597493,23.134109221248
2023-10-06,13492391599,23.325391778257668,23.197890951597493
2023-10-07,6553044316,22.60319555968501,23.325391778257668
2023-10-08,7916875290,22.792262430832785,22.60319555968501
2023-10-09,12007668568,23.208811329963947,22.792262430832785
2023-10-10,9973350678,23.023182440487343,23.208811329963947
2023-10-11,13648094333,23.336865739527063,23.023182440487343
2023-10-12,9392909295,22.96322091125295,23.336865739527063
2023-10-13,15165312851,23.442276607679638,22.96322091125295
2023-10-14,5388116782,22.407461769721408,23.442276607679638
2023-10-15,7098201980,22.683107346668926,22.407461769721408
2023-10-16,27833876539,24.049519696315926,22.683107346668926
2023-10-17,14872527508,23.42278155661279,24.049519696315926
2023-10-18,12724128586,23.26676591656659,23.42278155661279
2023-10-19,14448058195,23.393825861506063,23.26676591656659
2023-10-20,21536125230,23.792997605306383,23.393825861506063
2023-10-21,11541146996,23.16918448615479,23.792997605306383
2023-10-22,10446520040,23.069534749370597,23.16918448615479
2023-10-23,38363572311,24.370374208564176,23.069534749370597
2023-10-24,44934999645,24.52848283015645,24.370374208564176
2023-10-25,25254318008,23.952262988265023,24.52848283015645
2023-10-26,19427195376,23.68993974488356,23.952262988265023
2023-10-27,16418032871,23.52164613300229,23.68993974488356
2023-10-28,10160330825,23.041756840082382,23.52164613300229
2023-10-29,11160323986,23.13563082448177,23.041756840082382
2023-10-30,17184860315,23.567294618905603,23.13563082448177
2023-10-31,15758270810,23.48063119517878,23.567294618905603
2023-11-01,22446272005,23.83439037966183,23.48063119517878
2023-11-02,20998158544,23.767700582444032,23.83439037966183
2023-11-03,17158456701,23.565756991122598,23.767700582444032
2023-11-04,9561294264,22.98098893810983,23.565756991122598
2023-11-05,12412743996,23.24198952340547,22.98098893810983
2023-11-06,12693436420,23.264350879492017,23.24198952340547
2023-11-07,18834737789,23.658968756517535,23.264350879492017
2023-11-08,17295394918,23.573706113304393,23.658968756517535
2023-11-09,37762672382,24.354586948547823,23.573706113304393
2023-11-10,22711265155,23.84612690067114,24.354586948547823
2023-11-11,13924272142,23.356899351519314,23.84612690067114
2023-11-12,11545715999,23.169580295932903,23.356899351519314
2023-11-13,19057712790,23.670737727447168,23.169580295932903
2023-11-14,23857403554,23.895360427661323,23.670737727447168
2023-11-15,27365821679,24.03256068773137,23.895360427661323
2023-11-16,26007385366,23.98164638717107,24.03256068773137
2023-11-17,22445028430,23.83433497583132,23.98164638717107
2023-11-18,11886022717,23.19862898512917,23.83433497583132
2023-11-19,12915986553,23.281731648730098,23.19862898512917
2023-11-20,20888209068,23.762450677293533,23.281731648730098
2023-11-21,25172163756,23.94900460807222,23.762450677293533
2023-11-22,24397247860,23.91773617026105,23.94900460807222
2023-11-23,14214948217,23.377559939200673,23.91773617026105
2023-11-24,22922957823,23.85540477033584,23.377559939200673
2023-11-25,9099571165,22.931493124633537,23.85540477033584
2023-11-26,13744796068,23.343926121640166,22.931493124633537
2023-11-27,19002925720,23.667858789521496,23.343926121640166
2023-11-28,21696137014,23.800400063857758,23.667858789521496
2023-11-29,20728546658,23.75477765278397,23.800400063857758
2023-11-30,18115982627,23.620060403653387,23.75477765278397
2023-12-01,23512784002,23.880810110267227,23.620060403653387
2023-12-02,15534035612,23.466299299460875,23.880810110267227
2023-12-03,15769696322,23.48135598104603,23.466299299460875
2023-12-04,39856129827,24.408542052862575,23.48135598104603
2023-12-05,36312154535,24.315418357847193,24.408542052862575
2023-12-06,29909761586,24.121450738510028,24.315418357847193
2023-12-07,27635760671,24.042376447490593,24.121450738510028
2023-12-08,24421116687,23.918714032961837,24.042376447490593
2023-12-09,17368210171,23.57790737049709,23.918714032961837
2023-12-10,13000481418,23.28825222587612,23.57790737049709
2023-12-11,40632672038,24.42783830993252,23.28825222587612
2023-12-12,24779520132,23.93328334782673,24.42783830993252
2023-12-13,26797884674,24.011588791273454,23.93328334782673
2023-12-14,25578530178,23.965019171633877,24.011588791273454
2023-12-15,19639442462,23.700805751587914,23.965019171633877
2023-12-16,14386729590,23.389572062384342,23.700805751587914
2023-12-17,16678702876,23.537398465625323,23.389572062384342
2023-12-18,25224642008,23.95108721113295,23.537398465625323
2023-12-19,23171001281,23.866167389001646,23.95108721113295
2023-12-20,27868908174,24.050777502000116,23.866167389001646
2023-12-21,22452766169,23.83467965819916,24.050777502000116
2023-12-22,21028503216,23.769144650376266,23.83467965819916
2023-12-23,13507796558,23.32653287850349,23.769144650376266
2023-12-24,18830554085,23.658746604833105,23.32653287850349
2023-12-25,21115795370,23.773287193105002,23.658746604833105
2023-12-26,30026850982,24.12535785103894,23.773287193105002
2023-12-27,25260941032,23.95252520701491,24.12535785103894
2023-12-28,22992093014,23.858416211768983,23.95252520701491
2023-12-29,26000021055,23.981363184775258,23.858416211768983
2023-12-30,16013925945,23.496724552195,23.981363184775258
2023-12-31,16397498810,23.520394648560124,23.496724552195
2024-01-01,18426978443,23.637081647439004,23.520394648560124
2024-01-02,39335274536,24.395387524136336,23.637081647439004
2024-01-03,46342323118,24.559321486718243,24.395387524136336
2024-01-04,30448091210,24.13928914309477,24.559321486718243
2024-01-05,32336029347,24.19944790517159,24.13928914309477
2024-01-06,16092503468,23.501619377395137,24.19944790517159
2024-01-07,19330573863,23.68495381741351,23.501619377395137
2024-01-08,42746192015,24.478545952689192,23.68495381741351
2024-01-09,39821290992,24.40766755575004,24.478545952689192
2024-01-10,50114613298,24.637578485100942,24.40766755575004
2024-01-11,45833734549,24.548286219142977,24.637578485100942
2024-01-12,43332698900,24.492173357857475,24.548286219142977
2024-01-13,20601860469,23.748647222693005,24.492173357857475
2024-01-14,17521429522,23.586690512847532,23.748647222693005
2024-01-15,22320220558,23.828758856041524,23.586690512847532
2024-01-16,24062872740,23.903935939367944,23.828758856041524
2024-01-17,20851232595,23.76067890071005,23.903935939367944
2024-01-18,25218357242,23.95083802824827,23.76067890071005
2024-01-19,25752407154,23.971793941395752,23.95083802824827
2024-01-20,11586690904,23.173122940502996,23.971793941395752
2024-01-21,9344043642,22.958004933612127,23.173122940502996
2024-01-22,31338708143,24.16811985231633,22.958004933612127
2024-01-23,29244553045,24.09895917259929,24.16811985231633
2024-01-24,22359526178,23.830518294400555,24.09895917259929
2024-01-25,18491782013,23.640592254824238,23.830518294400555
2024-01-26,25598119893,23.965784744055266,23.640592254824238
2024-01-27,11422941934,23.158889620432216,23.965784744055266
2024-01-28,16858971687,23.54814879637894,23.158889620432216
2024-01-29,20668476578,23.751875505843646,23.54814879637894
2024-01-30,23842814518,23.894748730816126,23.751875505843646
2024-01-31,24673628793,23.92900085002276,23.894748730816126
2024-02-01,21423953779,23.787775468452647,23.92900085002276
2024-02-02,18603843039,23.646634011323627,23.787775468452647
2024-02-03,11169245236,23.136429877108892,23.646634011323627
2024-02-04,14802225490,23.41804337735785,23.136429877108892
2024-02-05,18715487317,23.652617216809645,23.41804337735785
2024-02-06,16798476726,23.544554048173325,23.652617216809645
2024-02-07,21126587775,23.773798168311952,23.544554048173325
2024-02-08,26154524080,23.98728801746503,23.773798168311952
2024-02-09,39316770844,24.3949170038275,23.98728801746503
2024-02-10,16398681570,23.52046677647178,24.3949170038275
2024-02-11,19315867136,23.684192726491307,23.52046677647178
2024-02-12,34511985805,24.264572515286915,23.684192726491307
2024-02-13,35593051468,24.295416272270476,24.264572515286915
2024-02-14,39105608050,24.38953172204161,24.295416272270476
2024-02-15,38564360533,24.375594384657234,24.38953172204161
2024-02-16,28180567298,24.061898474442135,24.375594384657234
2024-02-17,20009091006,23.71945255752371,24.061898474442135
2024-02-18,17595377311,23.590902051707143,23.71945255752371
2024-02-19,21362184346,23.784888109199375,23.590902051707143
2024-02-20,33353758256,24.230436294293185,23.784888109199375
2024-02-21,28624907020,24.077543050605932,24.230436294293185
2024-02-22,25413900611,23.958562129423907,24.077543050605932
2024-02-23,21427078270,23.787921298826205,23.958562129423907
2024-02-24,15174077879,23.442854406246646,23.787921298826205
2024-02-25,15413239245,23.458492668276907,23.442854406246646
2024-02-26,34074411896,24.25181255527515,23.458492668276907
2024-02-27,49756832031,24.63041361837877,24.25181255527515
2024-02-28,83239156760,25.14498370819468,24.63041361837877
2024-02-29,65496611844,24.90526425067718,25.14498370819468
2024-03-01,40186368423,24.416793681110807,24.90526425067718
2024-03-02,23888473685,23.896661906958904,24.416793681110807
2024-03-03,26253811450,23.99107701353906,23.896661906958904
2024-03-04,70670471105,24.981293657892696,23.99107701353906
2024-03-05,102802940877,25.3560797973112,24.981293657892696
2024-03-06,68750229073,24.95374590545845,25.3560797973112
2024-03-07,46989543159,24.57319092792407,24.95374590545845
2024-03-08,59202881172,24.804236046098048,24.57319092792407
2024-03-09,21609650379,23.796405828667044,24.804236046098048
2024-03-10,35683977532,24.297967616359816,23.796405828667044
2024-03-11,65716656765,24.90861825792985,24.297967616359816
2024-03-12,62554434520,24.859302966949873,24.90861825792985
2024-03-13,48212536929,24.59888492644365,24.859302966949873
2024-03-14,59594605698,24.81083089849876,24.59888492644365
2024-03-15,78320453976,25.08407463157679,24.81083089849876
2024-03-16,46842198371,24.570050308199686,25.08407463157679
2024-03-17,44716864318,24.523616545222165,24.570050308199686
2024-03-18,49261579492,24.620410293517768,24.523616545222165
2024-03-19,74215844794,25.030243506021076,24.620410293517768
2024-03-20,66792634382,24.924858647667,25.030243506021076
2024-03-21,44480350565,24.518313368265055,24.924858647667
2024-03-22,41401116964,24.446573697220494,24.518313368265055
2024-03-23,24738964812,23.93164536035141,24.446573697220494
2024-03-24,27206630673,24.026726555282774,23.93164536035141
2024-03-25,42700139523,24.477468024693216,24.026726555282774
2024-03-26,36010437368,24.307074660270732,24.477468024693216
2024-03-27,40827113309,24.432612239533597,24.307074660270732
2024-03-28,34374900617,24.260592501787148,24.432612239533597
2024-03-29,25230851763,23.95133335895818,24.260592501787148
2024-03-30,17130241883,23.564111269614738,23.95133335895818
2024-03-31,20050941373,23.721541940868633,23.564111269614738
2024-04-01,34873527352,24.27499384973043,23.721541940868633
2024-04-02,50705240709,24.649295109242964,24.27499384973043
2024-04-03,34488018367,24.263877806953154,24.649295109242964
2024-04-04,34439527442,24.26247079521552,24.263877806953154
2024-04-05,33748230056,24.242193810104595,24.26247079521552
2024-04-06,19967785809,23.717386102363157,24.242193810104595
2024-04-07,21204930369,23.7774995561609,23.717386102363157
2024-04-08,37261432669,24.341224651971093,23.7774995561609
2024-04-09,36426900409,24.318573360871923,24.341224651971093
2024-04-10,38318601774,24.369201301230962,24.318573360871923
2024-04-11,30153382941,24.129562957506835,24.369201301230962
2024-04-12,44129299406,24.510389784416372,24.129562957506835
2024-04-13,52869738185,24.691096955129304,24.510389784416372
2024-04-14,49084320047,24.616805473433065,24.691096955129304
2024-04-15,43595917654,24.49822935112868,24.616805473433065
2024-04-16,42847528078,24.480913792531563,24.49822935112868
2024-04-17,41915247049,24.45891548906634,24.480913792531563
2024-04-18,36006307335,24.306959963806136,24.45891548906634
2024-04-19,49920425401,24.63369608262592,24.306959963806136
2024-04-20,23097485495,23.862989595518936,24.63369608262592
2024-04-21,20506644853,23.744014809739753,23.862989595518936
2024-04-22,28282686673,24.065515676043653,23.744014809739753
2024-04-23,24310975583,23.91419375540299,24.065515676043653
2024-04-24,30276655120,24.133642794420556,23.91419375540299
2024-04-25,32155786816,24.193858265709842,24.133642794420556
2024-04-26,24139372950,23.90711007671919,24.193858265709842
2024-04-27,19530783039,23.695257675194075,23.90711007671919
2024-04-28,17334827993,23.57598349350749,23.695257675194075
2024-04-29,26635912073,24.005526220130623,23.57598349350749
2024-04-30,37840840057,24.35665478112151,24.005526220130623
2024-05-01,48439780271,24.60358721951449,24.35665478112151
2024-05-02,32711813559,24.211002120524427,24.60358721951449
2024-05-03,33172023048,24.224972678337974,24.211002120524427
2024-05-04,20620477992,23.749550496255882,24.224972678337974
2024-05-05,18296164805,23.629957301332926,23.749550496255882
2024-05-06,28697928697,24.08009078627131,23.629957301332926
2024-05-07,25930730982,23.978694626689688,24.08009078627131
2024-05-08,26088172222,23.98474787699091,23.978694626689688
2024-05-09,25453338161,23.960112736803197,23.98474787699091
2024-05-10,27804954694,24.048480068165443,23.960112736803197
2024-05-11,13842272968,23.35099300544328,24.048480068165443
2024-05-12,13800459405,23.347967718772853,23.35099300544328
2024-05-13,27889181179,24.051504679208968,23.347967718772853
2024-05-14,28186271527,24.06210087106889,24.051504679208968
2024-05-15,39815167074,24.407513758904706,24.06210087106889
2024-05-16,31573077994,24.175570632198017,24.407513758904706
2024-05-17,28031279310,24.056586841823663,24.175570632198017
2024-05-18,16712277406,23.53940946027306,24.056586841823663
2024-05-19,19249094538,23.68072985958692,23.53940946027306
2024-05-20,43850655717,24.5040555092902,23.68072985958692
2024-05-21,46932005990,24.571965710139246,24.5040555092902
2024-05-22,32802561717,24.213772450414822,24.571965710139246
2024-05-23,41895680979,24.45844857930133,24.213772450414822
2024-05-24,29197308153,24.09734235543011,24.45844857930133
2024-05-25,15473071741,23.462367042971344,24.09734235543011
2024-05-26,15628433737,23.47235776759337,23.462367042971344
2024-05-27,25870990717,23.976388128390976,23.47235776759337
2024-05-28,32722265965,24.211321599492113,23.976388128390976
2024-05-29,26707072906,24.008194270118494,24.211321599492113
2024-05-30,29509712534,24.10798528454578,24.008194270118494
2024-05-31,27387283769,24.03334464659265,24.10798528454578
2024-06-01,11641495604,23.17784175931194,24.03334464659265
2024-06-02,17110588415,23.56296331438192,23.17784175931194
2024-06-03,32401285324,24.20146392945167,23.56296331438192
2024-06-04,33149696545,24.2242993995394,24.20146392945167
2024-06-05,32810771409,24.214022695041997,24.2242993995394
2024-06-06,25223152007,23.9510281401258,24.214022695041997
2024-06-07,36188381096,24.31200394005921,23.9510281401258
2024-06-08,14262185861,23.38087752637057,24.31200394005921
2024-06-09,13534028500,23.328472980561823,23.38087752637057
2024-06-10,20597699541,23.748445233739087,23.328472980561823
2024-06-11,37116136345,24.33731765391373,23.748445233739087
2024-06-12,34497940694,24.264165469173218,24.33731765391373
2024-06-13,28955204146,24.089015788056916,24.264165469173218
2024-06-14,27403884779,24.03395062054604,24.089015788056916
2024-06-15,14121265576,23.370947695023304,24.03395062054604
2024-06-16,13281140541,23.309610861418317,23.370947695023304
2024-06-17,30006354476,24.12467501204542,23.309610861418317
2024-06-18,39481285950,24.39909262316968,24.12467501204542
2024-06-19,21103423504,23.77270111564151,24.39909262316968
2024-06-20,25641109124,23.967462725629602,23.77270111564151
2024-06-21,26188171739,23.98857368543105,23.967462725629602
2024-06-22,9858198793,23.011569310678535,23.98857368543105
2024-06-23,11170471802,23.136539687452427,23.011569310678535
2024-06-24,43152133651,24.487997700553485,23.136539687452427
2024-06-25,29201215431,24.097476169703693,24.487997700553485
2024-06-26,22506003064,23.83704791341568,24.097476169703693
2024-06-27,21231745045,23.778763306410283,23.83704791341568
2024-06-28,24952866877,23.940254557432656,23.778763306410283
2024-06-29,12652903396,23.26115254325519,23.940254557432656
2024-06-30,17333226409,23.575891098129162,23.26115254325519
2024-07-01,25468379421,23.960703496940585,23.575891098129162
2024-07-02,20151616992,23.72655036986136,23.960703496940585
2024-07-03,29756701685,24.116320210292,23.72655036986136
2024-07-04,41149609230,24.44048026779111,24.116320210292
2024-07-05,55417544033,24.738162059863374,24.44048026779111
2024-07-06,20610320577,23.749057786167402,24.738162059863374
2024-07-07,20553359505,23.746290244089373,23.749057786167402
2024-07-08,39766159899,24.406282133772052,23.746290244089373
2024-07-09,27849512607,24.050081302520248,24.406282133772052
2024-07-10,26175260526,23.9880805468913,24.050081302520248
2024-07-11,28707803842,24.080434833622007,23.9880805468913
2024-07-12,25604805221,23.966045874763058,24.080434833622007
2024-07-13,17080061806,23.561177643918555,23.966045874763058
2024-07-14,22223416061,23.824412347460214,23.561177643918555
2024-07-15,38094526099,24.363336436815008,23.824412347460214
2024-07-16,41617346768,24.451782906913007,24.363336436815008
2024-07-17,32525071311,24.205277053840653,24.451782906913007
2024-07-18,27239305337,24.02792681632399,24.205277053840653
2024-07-19,37003855410,24.334287944432436,24.02792681632399
2024-07-20,19029581250,23.669260513282985,24.334287944432436
2024-07-21,26652190004,24.00613716069228,23.669260513282985
2024-07-22,42649109453,24.4762722303144,24.00613716069228
2024-07-23,35605668666,24.29577069431931,24.4762722303144
2024-07-24,27470942309,24.036394639668746,24.29577069431931
2024-07-25,38315761670,24.36912718033079,24.036394639668746
2024-07-26,30488630457,24.14061967916142,24.36912718033079
2024-07-27,34691905492,24.269772225563365,24.14061967916142
2024-07-28,18043166945,23.61603288744851,24.269772225563365
2024-07-29,40780682628,24.431474341236584,23.61603288744851
2024-07-30,31380492109,24.169452266378173,24.431474341236584
2024-07-31,31292785994,24.166653428503135,24.169452266378173
2024-08-01,40975554494,24.436241493980166,24.166653428503135
2024-08-02,43060875727,24.48588066604229,24.436241493980166
2024-08-03,31753030589,24.181254009351942,24.48588066604229
2024-08-04,31758917219,24.181439380143424,24.181254009351942
2024-08-05,108991085584,25.414531932198063,24.181439380143424
2024-08-06,49300484106,24.621199737541165,25.414531932198063
2024-08-07,41637562185,24.452268533950534,24.621199737541165
2024-08-08,45298472567,24.53653915069916,24.452268533950534
2024-08-09,33425553115,24.23258650774066,24.53653915069916
2024-08-10,15745822278,23.479840914841994,24.23258650774066
2024-08-11,22759754812,23.84825967338729,23.479840914841994
2024-08-12,37078637820,24.336306840723317,23.84825967338729
2024-08-13,30327698167,24.135327262822607,24.336306840723317
2024-08-14,29961696180,24.12318560881263,24.135327262822607
2024-08-15,35682112440,24.297915348062613,24.12318560881263
2024-08-16,29350938673,24.102590364753397,24.297915348062613
2024-08-17,13589684021,23.332576813992947,24.102590364753397
2024-08-18,17740625837,23.599123091503213,23.332576813992947
2024-08-19,25911207712,23.977941442244244,23.599123091503213
2024-08-20,31613400008,24.176846918541187,23.977941442244244
2024-08-21,32731154072,24.211593185210614,24.176846918541187
2024-08-22,27625734377,24.04201358021379,24.211593185210614
2024-08-23,42530509233,24.47348751964133,24.04201358021379
2024-08-24,21430585163,23.78808495184538,24.47348751964133
2024-08-25,18827683555,23.65859415319514,23.78808495184538
2024-08-26,27682040631,24.04404968719674,23.65859415319514
2024-08-27,39103882198,24.389487587960318,24.04404968719674
2024-08-28,40289564698,24.41935833187189,24.389487587960318
2024-08-29,32224990582,24.196008093514056,24.41935833187189
2024-08-30,32292756405,24.198108782117888,24.196008093514056
2024-08-31,12403470760,23.241242170392706,24.198108782117888
2024-09-01,24592449997,23.925705322086948,23.241242170392706
2024-09-02,27036454524,24.020451959849684,23.925705322086948
2024-09-03,26666961053,24.00669122237875,24.020451959849684
2024-09-04,35627680312,24.296388709533147,24.00669122237875
2024-09-05,31030280656,24.158229360032248,24.296388709533147
2024-09-06,49361693566,24.622440526449278,24.158229360032248
2024-09-07,19061486526,23.670935724051507,24.622440526449278
2024-09-08,18268287531,23.628432471744595,23.670935724051507
2024-09-09,34618096173,24.267642393067966,23.628432471744595
2024-09-10,28857630507,24.085640283906947,24.267642393067966
2024-09-11,37049062672,24.335508889367134,24.085640283906947
2024-09-12,33835707949,24.244782529981972,24.335508889367134
2024-09-13,32490528356,24.204214448606614,24.244782529981972
2024-09-14,16428405496,23.522277715959863,24.204214448606614
2024-09-15,18120960867,23.620335164135444,23.522277715959863
2024-09-16,32032822113,24.190026905115754,23.620335164135444
2024-09-17,38075570118,24.362838709167733,24.190026905115754
2024-09-18,40990702891,24.436611119180967,24.362838709167733
2024-09-19,42710252573,24.477704835455913,24.436611119180967
2024-09-20,35177164222,24.283662965332034,24.477704835455913
2024-09-21,14408616220,23.391092213200324,24.283662965332034
2024-09-22,20183348802,23.728123784685035,23.391092213200324
2024-09-23,31400285425,24.170082819787456,23.728123784685035
2024-09-24,29938335243,24.12240561128577,24.170082819787456
2024-09-25,25078377700,23.94527186561099,24.12240561128577
2024-09-26,36873129847,24.330748934306737,23.94527186561099
2024-09-27,32058813449,24.190837973118526,24.330748934306737
2024-09-28,15243637984,23.447428071578422,24.190837973118526
2024-09-29,14788214575,23.417096387991265,23.447428071578422
2024-09-30,37112957475,24.337232003669644,23.417096387991265
2024-10-01,50220923500,24.639697579594785,24.337232003669644
2024-10-02,40762722398,24.431033833992995,24.639697579594785
2024-10-03,36106447279,24.30973728132521,24.431033833992995
2024-10-04,29585472513,24.110549284318154,24.30973728132521
2024-10-05,13305410749,23.311436612677067,24.110549284318154
2024-10-06,14776233667,23.416285893673372,23.311436612677067
2024-10-07,34253562610,24.257056414055388,23.416285893673372
2024-10-08,28134475157,24.060261535205907,24.257056414055388
2024-10-09,27670982363,24.043650132933973,24.060261535205907
2024-10-10,30452813570,24.139444226505322,24.043650132933973
2024-10-11,30327141594,24.135308910684437,24.139444226505322
2024-10-12,16744110886,23.541312444500097,24.135308910684437
2024-10-13,18177529690,23.62345203582507,23.541312444500097
2024-10-14,43706958056,24.500773149622706,23.62345203582507
2024-10-15,48863870879,24.612304123522527,24.500773149622706
2024-10-16,38195189534,24.36597541619997,24.612304123522527
2024-10-17,32790898511,24.21341682940985,24.36597541619997
2024-10-18,36857165014,24.330315873967574,24.21341682940985
2024-10-19,14443497908,23.39351017847247,24.330315873967574
2024-10-20,18975847518,23.66643282421089,23.39351017847247
2024-10-21,37498611780,24.34756975003755,23.66643282421089
2024-10-22,31808472566,24.182998524138682,24.34756975003755
2024-10-23,32263980353,24.19721728557234,24.182998524138682
2024-10-24,31414428647,24.170533135368704,24.19721728557234
2024-10-25,41469984306,24.44823573276238,24.170533135368704
2024-10-26,19588098156,23.698187981801087,24.44823573276238
2024-10-27,16721307878,23.53994966391218,23.698187981801087
2024-10-28,38799856657,24.381682389161597,23.53994966391218
2024-10-29,58541874402,24.79300813686393,24.381682389161597
2024-10-30,40646637831,24.428181959335053,24.79300813686393
2024-10-31,40627912076,24.42772115689806,24.428181959335053
2024-11-01,49989795365,24.63508472884481,24.42772115689806
2024-11-02,18184612091,23.62384158389582,24.63508472884481
2024-11-03,34868307655,24.27484416347657,23.62384158389582
2024-11-04,41184819348,24.44133556297575,24.27484416347657
2024-11-05,46046889204,24.55292604479266,24.44133556297575
2024-11-06,118592653963,25.498960381987988,24.55292604479266
2024-11-07,63467654989,24.873796242819992,25.498960381987988
2024-11-08,55176858003,24.733809463248104,24.873796242819992
2024-11-09,29009480361,24.09088852250978,24.733809463248104
2024-11-10,82570594495,25.136919455240832,24.09088852250978
2024-11-11,117966845037,25.4936694476687,25.136919455240832
2024-11-12,133673285375,25.618664490880164,25.4936694476687
2024-11-13,123559027869,25.539984837282127,25.618664490880164
2024-11-14,87616705248,25.19623751588606,25.539984837282127
2024-11-15,78243109518,25.08308660521145,25.19623751588606
2024-11-16,44333192814,24.51499950688601,25.08308660521145
2024-11-17,46350159305,24.559490565953446,24.51499950688601
2024-11-18,75535775084,25.047872223145824,24.559490565953446
2024-11-19,74521048295,25.034347449878226,25.047872223145824
2024-11-20,71730956426,24.996188240691666,25.034347449878226
2024-11-21,106024505582,25.386936089075256,24.996188240691666
2024-11-22,78473580551,25.086027851597493,25.386936089075256
2024-11-23,44414644677,24.51683508706853,25.086027851597493
2024-11-24,51712020623,24.668956098649883,24.51683508706853
2024-11-25,80909462490,25.116596619436713,24.668956098649883
2024-11-26,91656519855,25.241313947327097,25.116596619436713
2024-11-27,71133452438,24.987823561530682,25.241313947327097
2024-11-28,52260008261,24.679497255113876,24.987823561530682
2024-11-29,54968682476,24.73002945047644,24.679497255113876
2024-11-30,31634227866,24.177505531660856,24.73002945047644
2024-12-01,36590695296,24.323059818147353,24.177505531660856
2024-12-02,72680784305,25.00934287162419,24.323059818147353
2024-12-03,67067810961,24.928970048401073,25.00934287162419
2024-12-04,77199817112,25.06966292495879,24.928970048401073
2024-12-05,149218945580,25.72868049775385,25.06966292495879
2024-12-06,94534772658,25.272233568398644,25.72868049775385
2024-12-07,44177510897,24.51148169331048,25.272233568398644
2024-12-08,44125751925,24.51030939284788,24.51148169331048
2024-12-09,110676473908,25.429877132918904,24.51030939284788
2024-12-10,104823780634,25.37554649753873,25.429877132918904
2024-12-11,85391409936,25.170511346452294,25.37554649753873
2024-12-12,72073983533,25.000958977464737,25.170511346452294
2024-12-13,56894751583,24.764468934509804,25.000958977464737
2024-12-14,40422968793,24.422663994839215,24.764468934509804
2024-12-15,51145914137,24.65794844613392,24.422663994839215
2024-12-16,91020417816,25.234349689900114,24.65794844613392
2024-12-17,68589364868,24.951403328580973,25.234349689900114
2024-12-18,93865656139,25.26513040693961,24.951403328580973
2024-12-19,97221662392,25.300259387697512,25.26513040693961
2024-12-20,105634083408,25.38324691568837,25.300259387697512
2024-12-21,51765334294,24.669986540059217,25.38324691568837
2024-12-22,43147981314,24.48790147039192,24.669986540059217
2024-12-23,65239002919,24.901323331305303,24.48790147039192
2024-12-24,47114953674,24.575856275350908,24.901323331305303
2024-12-25,33700394629,24.240775384295514,24.575856275350908
2024-12-26,47054980873,24.574582560775305,24.240775384295514
2024-12-27,52419934565,24.682552786557796,24.574582560775305
2024-12-28,24107436185,23.905786185243784,24.682552786557796
2024-12-29,29635885267,24.11225180408693,23.905786185243784
2024-12-30,56188003691,24.751969113605256,24.11225180408693
2024-12-31,43625106843,24.498898666589213,24.751969113605256
2025-01-01,24519888919,23.92275041778393,24.498898666589213
2025-01-02,46009564411,24.55211513380099,23.92275041778393
2025-01-03,35611391163,24.295931400111602,24.55211513380099
2025-01-04,22342608078,23.829761368536083,24.295931400111602
2025-01-05,20525254825,23.74492190755497,23.829761368536083
2025-01-06,51823432705,24.671108252746315,23.74492190755497
2025-01-07,58685738547,24.795462579355835,24.671108252746315
2025-01-08,63875859171,24.880207336197824,24.795462579355835
2025-01-09,62777261693,24.862858769903372,24.880207336197824
2025-01-10,62058693684,24.85134644650244,24.862858769903372
2025-01-11,18860894100,23.660356520239066,24.85134644650244
2025-01-12,20885130965,23.762303305644384,23.660356520239066
2025-01-13,72978998252,25.013437541524524,23.762303305644384
2025-01-14,53769675818,24.70797549870017,25.013437541524524
2025-01-15,57805923627,24.780357092269718,24.70797549870017
2025-01-16,54103781805,24.7141699243298,24.780357092269718
2025-01-17,71888972663,24.99838871943808,24.7141699243298
2025-01-18,50445655726,24.64416246955268,24.99838871943808
2025-01-19,76789928525,25.06433932950317,24.64416246955268
2025-01-20,126279678351,25.56176495352336,25.06433932950317
2025-01-21,88733878242,25.208907595189654,25.56176495352336
2025-01-22,53878181052,24.709991428675956,25.208907595189654
2025-01-23,104104515428,25.368661187495984,24.709991428675956
2025-01-24,52388229265,24.681947770692453,25.368661187495984
2025-01-25,23888996502,23.896683792462593,24.681947770692453
2025-01-26,22543395879,23.838707994325297,23.896683792462593
2025-01-27,89006608428,25.21197645592201,23.838707994325297
2025-01-28,47180685494,24.577250440154852,25.21197645592201
2025-01-29,47432049818,24.582563993654517,24.577250440154852
2025-01-30,41915744521,24.45892735751715,24.582563993654517
2025-01-31,45732764360,24.546080822384823,24.45892735751715
2025-02-01,27757944848,24.04678793699142,24.546080822384823
2025-02-02,63091816853,24.86785691271128,24.04678793699142
2025-02-03,115400897748,25.471677970435557,24.86785691271128
2025-02-04,73002130211,25.01375445864165,25.471677970435557
2025-02-05,49125911241,24.61765245639891,25.01375445864165
2025-02-06,45302471947,24.536627436313047,24.61765245639891
2025-02-07,55741290456,24.743987010077756,24.536627436313047
2025-02-08,22447526395,23.83444626221332,24.743987010077756
2025-02-09,27732901800,24.04588533588825,23.83444626221332
2025-02-10,40078962391,24.414117404939805,24.04588533588825
2025-02-11,37488783272,24.34730761243297,24.414117404939805
2025-02-12,49340445530,24.622009977800126,24.34730761243297
2025-02-13,37147280860,24.3381564118917,24.622009977800126
2025-02-14,32697987277,24.21057936179319,24.3381564118917
2025-02-15,17047266288,23.559255692806243,24.21057936179319
2025-02-16,16536755396,23.528851340188638,23.559255692806243
2025-02-17,27336550690,24.031490496786223,23.528851340188638
2025-02-18,37325720482,24.342948483119056,24.031490496786223
2025-02-19,28990872862,24.0902468884988,24.342948483119056
2025-02-20,31668022771,24.178573263309275,24.0902468884988
2025-02-21,49608706470,24.627432188942414,24.178573263309275
2025-02-22,18353824477,23.633103808096024,24.627432188942414
2025-02-23,16999478976,23.556448532062365,23.633103808096024
2025-02-24,44046480529,24.50851128895163,23.556448532062365
2025-02-25,92139104128,25.246565273463567,24.50851128895163
2025-02-26,64597492134,24.89144142552629,25.246565273463567
2025-02-27,52659591954,24.687114242294847,24.89144142552629
2025-02-28,83610570576,25.149435791340565,24.687114242294847
2025-03-01,29190628396,24.097113549364202,25.149435791340565
2025-03-02,58398341092,24.79055332041823,24.097113549364202
2025-03-03,70072228536,24.972792383247253,24.79055332041823
2025-03-04,68095241474,24.944173172095123,24.972792383247253
2025-03-05,50498988027,24.645219133957635,24.944173172095123
2025-03-06,47749810486,24.589240934985693,24.645219133957635
2025-03-07,65945677657,24.912097174265174,24.589240934985693
2025-03-08,18206118081,23.62502353283732,24.912097174265174
2025-03-09,30899345977,24.15400085483323,23.62502353283732
2025-03-10,54061099422,24.71338071465784,24.15400085483323
2025-03-11,54702837196,24.72518141332905,24.71338071465784
2025-03-12,40353484454,24.420943583671225,24.72518141332905
2025-03-13,31412940153,24.17048575175138,24.420943583671225
2025-03-14,29588112414,24.110638509975345,24.17048575175138
2025-03-15,13650491277,23.33704134891873,24.110638509975345
2025-03-16,21330270174,23.783393035734825,23.33704134891873
2025-03-17,25092785558,23.945846213800685,23.783393035734825
2025-03-18,24095774594,23.905302334021467,23.945846213800685
2025-03-19,34931960257,24.27666801377253,23.905302334021467
2025-03-20,29028988961,24.091560786991,24.27666801377253
2025-03-21,19030452299,23.669306285654628,24.091560786991
2025-03-22,9863214091,23.012077925161446,23.669306285654628
2025-03-23,12594615537,23.256535221235463,23.012077925161446
2025-03-24,34582604933,24.266616644988986,23.256535221235463
2025-03-25,30005840049,24.12465786796315,24.266616644988986
2025-03-26,26704046038,24.00808092787579,24.12465786796315
2025-03-27,24413471941,23.91840094560809,24.00808092787579
2025-03-28,34198619509,24.255451114966355,23.91840094560809
2025-03-29,16969396135,23.55467733129306,24.255451114966355
2025-03-30,14763760943,23.415441430097406,23.55467733129306
2025-03-31,29004228247,24.09070745792555,23.415441430097406
2025-04-01,28175650319,24.061723978025576,24.09070745792555
2025-04-02,47584398470,24.585770781222383,24.061723978025576
2025-04-03,36852112080,24.33017876954308,24.585770781222383
2025-04-04,45157640207,24.533425320810323,24.33017876954308
2025-04-05,14380803631,23.38916007300463,24.533425320810323
2025-04-06,36294853736,24.31494179780872,23.38916007300463
2025-04-07,91262424987,25.2370049843806,24.31494179780872
2025-04-08,48314590749,24.600999437886802,25.2370049843806
2025-04-09,84213627038,25.156622586406215,24.600999437886802
2025-04-10,44718000633,24.523641956229397,25.156622586406215
2025-04-11,41656778779,24.452729948114293,24.523641956229397
2025-04-12,24258059104,23.912014733304698,24.452729948114293
2025-04-13,28796984817,24.08353652475336,23.912014733304698
2025-04-14,34090769777,24.252292503568768,24.08353652475336
2025-04-15,28040322885,24.05690941420342,24.252292503568768
2025-04-16,29617804112,24.111641507723927,24.05690941420342
2025-04-17,21276866029,23.780886217500804,24.111641507723927
2025-04-18,12728372364,23.267099383053647,23.780886217500804
2025-04-19,15259300427,23.44845501817389,23.267099383053647
2025-04-20,14664050812,23.40866481256237,23.44845501817389
2025-04-21,41396190190,24.44645468914704,23.40866481256237
2025-04-22,55899038456,24.74681301581462,24.44645468914704
2025-04-23,41719568821,24.45423613195846,24.74681301581462
2025-04-24,31483175315,24.172719123102585,24.45423613195846
2025-04-25,40915232364,24.434768260098192,24.172719123102585
2025-04-26,17612825123,23.591893173787913,24.434768260098192
2025-04-27,18090367764,23.61864546583188,23.591893173787913
2025-04-28,32363449569,24.20029552323903,23.61864546583188
2025-04-29,25806129921,23.973877894490247,24.20029552323903
2025-04-30,28344679831,24.067705189227592,23.973877894490247
2025-05-01,32875889623,24.21600538785387,24.067705189227592
2025-05-02,26421924677,23.99745998263021,24.21600538785387
2025-05-03,15775154889,23.48170206396257,23.99745998263021
2025-05-04,18198688416,23.624615363377405,23.48170206396257
2025-05-05,25816260327,23.974270375585423,23.624615363377405
2025-05-06,26551275827,24.00234363722746,23.974270375585423
2025-05-07,76983822462,25.066861138830337,24.00234363722746
2025-05-08,69895404397,24.970265738631433,25.066861138830337
2025-05-09,58198593958,24.787127032594725,24.970265738631433
2025-05-10,42276713994,24.467502274824017,24.787127032594725
2025-05-11,46285517406,24.55809495010031,24.467502274824017
2025-05-12,63250475404,24.870368480794568,24.55809495010031
2025-05-13,52608876410,24.686150695494707,24.870368480794568
2025-05-14,45956071155,24.550951802265168,24.686150695494707
2025-05-15,50408241840,24.643420527225825,24.550951802265168
2025-05-16,44386499364,24.51620119176805,24.643420527225825
2025-05-17,37898552742,24.358178762078765,24.51620119176805
2025-05-18,49887082058,24.63302792959637,24.358178762078765
2025-05-19,61761126647,24.846539984837865,24.63302792959637
2025-05-20,36515726122,24.321008857402038,24.846539984837865
2025-05-21,78086364051,25.081081282530466,24.321008857402038
2025-05-22,70157575642,24.974009629709776,25.081081282530466
2025-05-23,67548133399,24.936106268091475,24.974009629709776
2025-05-24,45903627163,24.549809974049786,24.936106268091475
2025-05-25,47518041841,24.584375304102103,24.549809974049786
2025-05-26,45950461571,24.550829730768385,24.584375304102103
2025-05-27,57450176272,24.77418390950453,24.550829730768385
2025-05-28,49155377493,24.61825208738183,24.77418390950453
2025-05-29,56022752042,24.749023731633848,24.61825208738183
2025-05-30,57655287183,24.777747791216836,24.749023731633848
2025-05-31,38997843858,24.38677219585544,24.777747791216836
2025-06-01,37397056873,24.34485784503513,24.38677219585544
2025-06-02,45819706290,24.547980103868284,24.34485784503513
2025-06-03,46196508367,24.556170055706197,24.547980103868284
2025-06-04,44544857105,24.5197625432342,24.556170055706197
2025-06-05,57479298400,24.77469069209805,24.5197625432342
2025-06-06,48856653697,24.612156412853874,24.77469069209805
2025-06-07,38365033776,24.37041230296142,24.612156412853874
2025-06-08,36626232328,24.324030550898478,24.37041230296142
2025-06-09,55903193732,24.74688734842714,24.324030550898478
2025-06-10,54700101509,24.72513140211303,24.74688734842714
2025-06-11,50842662052,24.652001643265855,24.72513140211303
2025-06-12,54843867968,24.727756221027814,24.652001643265855
2025-06-13,69550440846,24.96531809384358,24.727756221027814
2025-06-14,38007870453,24.361059092411203,24.96531809384358
2025-06-15,36744307742,24.3272491592342,24.361059092411203
2025-06-16,50366626945,24.642594628906785,24.3272491592342
2025-06-17,55964092176,24.74797611087492,24.642594628906785
2025-06-18,47318089133,24.580158493436496,24.74797611087492
2025-06-19,37333806920,24.34316510485008,24.580158493436496
2025-06-20,50951862476,24.654147150922494,24.34316510485008
2025-06-21,38360555118,24.3702955581291,24.654147150922494
2025-06-22,65536997201,24.90588066288735,24.3702955581291
2025-06-23,65237759656,24.901304274072803,24.90588066288735
2025-06-24,48822986421,24.611467072121403,24.901304274072803
2025-06-25,51624120283,24.667254847559413,24.611467072121403
2025-06-26,43891990613,24.504997694209088,24.667254847559413
2025-06-27,45353692675,24.537757436322728,24.504997694209088
2025-06-28,30037708335,24.12571937381516,24.537757436322728
2025-06-29,35534874438,24.293780429744988,24.12571937381516
2025-06-30,42064804590,24.462477232508707,24.293780429744988
2025-07-01,44110692247,24.50996804459235,24.462477232508707
2025-07-02,56248657737,24.753048015292894,24.50996804459235
2025-07-03,50494742270,24.645135054342195,24.753048015292894
2025-07-04,42616442656,24.475505993591828,24.645135054342195
2025-07-05,30615537520,24.1447734791287,24.475505993591828
2025-07-06,36746020463,24.327295770020736,24.1447734791287
2025-07-07,45415696597,24.53912362226143,24.327295770020736
2025-07-08,44282204127,24.513848720580533,24.53912362226143
2025-07-09,57927418065,24.78245665114971,24.513848720580533
2025-07-10,95911605728,25.28669283057511,24.78245665114971
2025-07-11,86928361085,25.188350180586912,25.28669283057511
2025-07-12,45524560304,24.54151780417187,25.188350180586912
2025-07-13,49021091807,24.615516487482964,24.54151780417187
2025-07-14,181746419401,25.925878252483724,24.615516487482964
2025-07-15,98321661181,25.311510197718498,25.925878252483724
2025-07-16,72162029070,25.002179831346467,25.311510197718498
2025-07-17,72363841798,25.004972588905478,25.002179831346467
2025-07-18,77945799785,25.0792795475475,25.004972588905478
2025-07-19,47564562765,24.585353841194244,25.0792795475475
2025-07-20,57515447231,24.77531939616609,24.585353841194244
2025-07-21,69820091744,24.969187652629884,24.77531939616609
2025-07-22,79217583118,25.095464120192084,24.969187652629884
2025-07-23,66608604537,24.92209960339976,25.095464120192084
2025-07-24,72627318560,25.008606976703557,24.92209960339976
2025-07-25,104857024569,25.375863588416422,25.008606976703557
2025-07-26,48508954046,24.60501423735492,25.375863588416422
2025-07-27,54683390892,24.72482586026639,24.60501423735492
2025-07-28,64822943193,24.894925439259985,24.72482586026639
2025-07-29,68463107433,24.94956085950913,24.894925439259985
2025-07-30,68896148592,24.95586611488405,24.94956085950913
2025-07-31,69370346018,24.962725322337523,24.95586611488405
2025-08-01,91294530181,25.23735671235833,24.962725322337523
2025-08-02,56870866000,24.764049025861507,25.23735671235833
2025-08-03,48099615826,24.596540027040785,24.764049025861507
2025-08-04,35783028986,24.300739567285135,24.596540027040785
2025-08-05,61039182286,24.83478182746984,24.300739567285135
2025-08-06,56379133510,24.755364953766495,24.83478182746984
2025-08-07,64051649681,24.882955621101107,24.755364953766495
2025-08-08,59713005166,24.8128156755974,24.882955621101107
2025-08-09,54004312429,24.712329740118356,24.8128156755974
2025-08-10,64755458694,24.893883838127103,24.712329740118356
2025-08-11,90528784177,25.228933694287242,24.893883838127103
2025-08-12,72803657984,25.01103203791968,25.228933694287242
2025-08-13,90904808795,25.233078738765784,25.01103203791968
2025-08-14,104055627395,25.368191471889183,25.233078738765784
2025-08-15,68665353159,24.952510588132498,25.368191471889183
2025-08-16,48036922378,24.595235768367473,24.952510588132498
2025-08-17,45852169525,24.548688352413834,24.595235768367473
2025-08-18,72787808090,25.01081430683296,24.548688352413834
2025-08-19,71657600353,24.99516506170099,25.01081430683296
2025-08-20,67993811526,24.942682531010544,24.99516506170099
2025-08-21,57817883700,24.780563971342794,24.942682531010544
2025-08-22,82528088240,25.136404535857647,24.780563971342794
2025-08-23,55377142586,24.73743275686115,25.136404535857647
2025-08-24,73961489632,25.026810384311723,24.73743275686115
2025-08-25,85706860190,25.174198708237885,25.026810384311723
2025-08-26,69396320317,24.96309968168461,25.174198708237885
2025-08-27,62137056409,24.852608369480325,24.96309968168461
2025-08-28,58860155962,24.798430229459406,24.852608369480325
2025-08-29,77843379644,25.077964691713085,24.798430229459406
2025-08-30,51486264208,24.664580894633723,25.077964691713085
2025-08-31,47986191770,24.5941791350106,24.664580894633723
2025-09-01,66870372995,24.92602185090911,24.5941791350106
2025-09-02,74776999491,25.037776181205214,24.92602185090911
2025-09-03,61119643565,24.836099150063195,25.037776181205214
2025-09-04,60131132901,24.81979356268187,24.836099150063195
2025-09-05,60241647677,24.821629771939822,24.81979356268187
2025-09-06,21500719036,23.79135221505569,24.821629771939822
2025-09-07,24618007520,23.926744025102014,23.79135221505569
2025-09-08,40212813407,24.417451523251778,23.926744025102014
2025-09-09,45984480722,24.551569800902858,24.417451523251778
2025-09-10,56377473784,24.755335514675696,24.551569800902858
2025-09-11,45685065332,24.545037283449602,24.755335514675696
2025-09-12,54785725894,24.726695520583654,24.545037283449602
2025-09-13,34549454947,24.26565761126141,24.726695520583654
2025-09-14,32798036057,24.213634474232876,24.26565761126141
2025-09-15,52937859416,24.692384598776012,24.213634474232876
2025-09-16,45781744593,24.547151258936083,24.692384598776012
2025-09-17,60528025996,24.826372334324173,24.547151258936083
2025-09-18,49457272032,24.624374942484216,24.826372334324173
2025-09-19,38828473971,24.382419679660178,24.624374942484216
2025-09-20,22864449614,23.852849122653662,24.382419679660178
2025-09-21,22495852193,23.836596782185016,23.852849122653662
2025-09-22,70684158591,24.981487319551636,23.836596782185016
2025-09-23,47211853279,24.577910826802736,24.981487319551636
2025-09-24,48044595085,24.59539548081205,24.577910826802736
2025-09-25,75528654284,25.047777948139654,24.59539548081205
2025-09-26,57738288949,24.77918637702199,25.047777948139654
2025-09-27,26308042910,23.99314054344698,24.77918637702199
2025-09-28,33371048505,24.23095454980343,23.99314054344698
2025-09-29,60000147466,24.817612856932158,24.23095454980343
2025-09-30,58986330258,24.800571563465358,24.817612856932158
2025-10-01,71328680132,24.990564329378074,24.800571563465358
2025-10-02,71415163912,24.991776063462456,24.990564329378074
2025-10-03,83941392228,25.153384680704303,24.991776063462456
2025-10-04,36769171735,24.327925606441568,25.153384680704303
2025-10-05,73689317763,25.023123683479177,24.327925606441568
2025-10-06,72568881188,25.007802033113343,25.023123683479177
2025-10-07,76149412513,25.055963201392426,25.007802033113343
2025-10-08,65354305286,24.903089155275083,25.055963201392426
2025-10-09,74653009425,25.036116673916755,24.903089155275083
2025-10-10,153125018868,25.754520541464988,25.036116673916755
2025-10-11,110236934340,25.42589783486282,25.754520541464988
2025-10-12,93710414091,25.263475162928426,25.42589783486282
2025-10-13,71582026739,24.99410985620309,25.263475162928426
2025-10-14,92212917403,25.24736605968041,24.99410985620309
2025-10-15,72574132855,25.007874398525303,25.24736605968041
2025-10-16,87306423067,25.192689871736114,25.007874398525303
2025-10-17,99703051669,25.32546212196132,25.192689871736114
2025-10-18,37779905278,24.355043191817057,25.32546212196132
2025-10-19,47657008953,24.587295548632532,24.355043191817057
2025-10-20,63507793085,24.8744284610629,24.587295548632532
2025-10-21,101194375480,25.34030901399438,24.8744284610629
2025-10-22,80807013218,25.115329595959274,25.34030901399438
2025-10-23,54944076060,24.729581705979097,25.115329595959274
2025-10-24,48160816980,24.597811601673524,24.729581705979097
2025-10-25,24707667305,23.930379449617366,24.597811601673524
2025-10-26,41708524143,24.453971360760363,23.930379449617366
2025-10-27,61761358733,24.84654374263142,24.453971360760363
2025-10-28,64528066504,24.890366105699258,24.84654374263142
2025-10-29,62192043469,24.85349291000445,24.890366105699258
2025-10-30,69673964814,24.96709255285206,24.85349291000445
2025-10-31,60090359560,24.819115258965475,24.96709255285206
2025-11-01,25871668762,23.976414336746203,24.819115258965475
2025-11-02,34284209459,24.257950719490694,23.976414336746203
2025-11-03,72852006359,25.01169591016926,24.257950719490694
2025-11-04,110967184773,25.432500361875114,25.01169591016926
2025-11-05,77584934804,25.074639106164433,25.432500361875114
2025-11-06,63932752861,24.88109763134857,25.074639106164433
2025-11-07,92168030081,25.24687916205352,24.88109763134857
2025-11-08,51446691095,24.663811984135947,25.24687916205352
2025-11-09,59679243013,24.812250108662948,24.663811984135947
2025-11-10,69585887229,24.965827614027955,24.812250108662948
2025-11-11,71130078574,24.987776130344677,24.965827614027955
2025-11-12,64347179408,24.887558937984384,24.987776130344677
2025-11-13,101546815416,25.343785764717413,24.887558937984384
2025-11-14,114346441890,25.46249864097132,25.343785764717413
2025-11-15,38500716654,24.373942692456513,25.46249864097132
2025-11-16,71086235862,24.98715956657613,24.373942692456513
2025-11-17,94186165724,25.26853914706424,24.98715956657613
2025-11-18,101333569062,25.341683575951553,25.26853914706424
2025-11-19,80350354656,25.109662343009425,25.341683575951553
2025-11-20,97970645638,25.307933736441502,25.109662343009425
2025-11-21,129157506112,25.584298474133504,25.307933736441502
2025-11-22,40793099246,24.431778767923948,25.584298474133504
2025-11-23,58083435576,24.78514635819285,24.431778767923948
2025-11-24,74433896110,25.03317726791088,24.78514635819285
2025-11-25,64837343545,24.895147563588438,25.03317726791088
2025-11-26,66496301869,24.92041217206939,24.895147563588438
2025-11-27,57040622845,24.76702953243533,24.92041217206939
2025-11-28,60895830289,24.83243054115729,24.76702953243533
2025-11-29,37921773455,24.358791281567687,24.83243054115729
2025-11-30,38497902869,24.37386960582149,24.358791281567687
2025-12-01,87962894424,25.20018090823073,24.37386960582149
2025-12-02,78546798211,25.086960439658785,25.20018090823073
2025-12-03,77650204986,25.07548002640884,25.086960439658785
2025-12-04,64538402681,24.890526273976693,25.07548002640884
2025-12-05,63256398633,24.870462123595395,24.890526273976693
2025-12-06,37994042405,24.360695205565925,24.870462123595395
2025-12-07,47394898960,24.581780442978694,24.360695205565925
2025-12-08,57394099056,24.77320733108481,24.581780442978694
2025-12-09,66861721440,24.92589246454081,24.77320733108481
2025-12-10,65420694513,24.904104475218578,24.92589246454081
2025-12-11,64532834621,24.890439995110544,24.904104475218578
2025-12-12,80275884583,25.10873509626956,24.890439995110544
2025-12-13,64237748110,24.885856851642977,25.10873509626956
2025-12-14,50465972205,24.64456512838776,24.885856851642977
2025-12-15,45559514323,24.54228531530615,24.64456512838776
2025-12-16,41262178223,24.44321213580389,24.54228531530615
2025-12-17,44243392914,24.512971884574135,24.44321213580389
2025-12-18,52667115348,24.6872571005348,24.512971884574135
2025-12-19,46733310561,24.56772303559622,24.6872571005348
2025-12-20,14688196659,23.41031005982805,24.56772303559622
2025-12-21,19845522660,23.711244259947247,23.41031005982805
2025-12-22,38047472118,24.362100483252146,23.711244259947247
2025-12-23,43683011533,24.500225111359004,24.362100483252146
2025-12-24,25550297986,23.963914816385255,24.500225111359004
2025-12-25,19953216347,23.716656187688674,23.963914816385255
2025-12-26,42455674908,24.471726425291756,23.716656187688674
2025-12-27,13741199310,23.34366440595761,24.471726425291756
2025-12-28,15156557929,23.44169914184273,23.34366440595761
2025-12-29,48411625849,24.603005825316494,23.44169914184273
2025-12-30,35586356225,24.295228149237797,24.603005825316494
2025-12-31,33830210616,24.244620045436466,24.295228149237797
