Date,BTC_Return,BTC_Lagged_Return,ETH_Return,ETH_Lagged_Return
2021-01-01,,,,
2021-01-02,0.080031048361755,,0.0524557755459907,
2021-01-03,-0.080031048361755,0.080031048361755,-0.0524557755459908,0.0524557755459907
2021-01-04,0.0590033398665824,-0.080031048361755,0.3220380289599853,-0.0524557755459908
2021-01-05,0.0856449076337689,0.0590033398665824,0.0744312961541276,0.3220380289599853
2021-01-06,0.0617214774948189,0.0856449076337689,0.0874659336204694,0.0744312961541276
2021-01-07,0.1006314949050913,0.0617214774948189,0.0585521481689383,0.0874659336204694
2021-01-08,0.0077107603978929,0.1006314949050913,-0.0514169536540314,0.0585521481689383
2021-01-09,0.0195675442998421,0.0077107603978929,0.0807209526697571,-0.0514169536540314
2021-01-10,-0.0566634520820478,0.0195675442998421,0.0069518584406703,0.0807209526697571
2021-01-11,-0.1289135667911746,-0.0566634520820478,-0.2294594895192086,0.0069518584406703
2021-01-12,0.0215156084179575,-0.1289135667911746,0.0401845274810145,-0.2294594895192086
2021-01-13,0.0721662657821702,0.0215156084179575,0.0445522325809228,0.0401845274810145
2021-01-14,0.038165394438249,0.0721662657821702,0.0521246694827394,0.0445522325809228
2021-01-15,-0.0660631270807206,0.038165394438249,-0.0233999092366631,0.0521246694827394
2021-01-16,-0.009190284843198,-0.0660631270807206,0.0634835492424225,-0.0233999092366631
2021-01-17,0.009190284843198,-0.009190284843198,-0.0634835492424225,0.0634835492424225
2021-01-18,-0.0007486212001674,0.009190284843198,0.0622605254677991,-0.0634835492424225
2021-01-19,0.0066925530277567,-0.0007486212001674,0.1331554781016388,0.0622605254677991
2021-01-20,-0.043817424824704,0.0066925530277567,-0.0623450804054326,0.1331554781016388
2021-01-21,-0.1125675819575238,-0.043817424824704,-0.1229533139763345,-0.0623450804054326
2021-01-22,0.0656790339388585,-0.1125675819575238,0.0605040745316164,-0.1229533139763345
2021-01-23,-0.0285954641795404,0.0656790339388585,0.002752888055569,0.0605040745316164
2021-01-24,-0.0145861987089724,-0.0285954641795404,0.0858458694609986,0.002752888055569
2021-01-25,0.0246251396389837,-0.0145861987089724,-0.0096601970016136,0.0858458694609986
2021-01-26,-0.0212542892844156,0.0246251396389837,-0.0088173993914652,-0.0096601970016136
2021-01-27,-0.0316053100409713,-0.0212542892844156,-0.0443441457519921,-0.0088173993914652
2021-01-28,0.0700842388772838,-0.0316053100409713,0.0578148186055521,-0.0443441457519921
2021-01-29,0.0404795754539982,0.0700842388772838,0.0144945496128033,0.0578148186055521
2021-01-30,0.001332699873233,0.0404795754539982,0.011964741425828,0.0144945496128033
2021-01-31,-0.0703967583968336,0.001332699873233,-0.073236667738258,0.011964741425828
2021-02-01,0.0405526049461602,-0.0703967583968336,0.0451274982165844,-0.073236667738258
2021-02-02,0.058263573246995,0.0405526049461602,0.1182157035707724,0.0451274982165844
2021-02-03,0.0442345582815795,0.058263573246995,0.0719670119028979,0.1182157035707724
2021-02-04,0.0102890167719705,0.0442345582815795,0.0055070656306023,0.0719670119028979
2021-02-05,0.0047382197675478,0.0102890167719705,0.0464735196858439,0.0055070656306023
2021-02-06,0.0566321495747865,0.0047382197675478,-0.0055543556123134,0.0464735196858439
2021-02-07,-0.0554418956858912,0.0566321495747865,-0.0938991442931581,-0.0055543556123134
2021-02-08,0.1644048484687006,-0.0554418956858912,0.0897643901184346,-0.0938991442931581
2021-02-09,0.0579743056167431,0.1644048484687006,0.0380474103410317,0.0897643901184346
2021-02-10,-0.0503693366697898,0.0579743056167431,-0.023343404821077,0.0380474103410317
2021-02-11,0.0415069799481858,-0.0503693366697898,0.02317955236702,-0.023343404821077
2021-02-12,0.0214093207947683,0.0415069799481858,0.0459787008021474,0.02317955236702
2021-02-13,-0.0160892263185813,0.0214093207947683,-0.0213651990064852,0.0459787008021474
2021-02-14,0.0306195455637617,-0.0160892263185813,-0.005251270987551,-0.0213651990064852
2021-02-15,-0.0089821477746308,0.0306195455637617,-0.0083759808263714,-0.005251270987551
2021-02-16,0.0077575928774363,-0.0089821477746308,-0.0203762035598103,-0.0083759808263714
2021-02-17,0.0754203269020155,0.0077575928774363,0.0567384585075147,-0.0203762035598103
2021-02-18,-0.0068577131073469,0.0754203269020155,0.0479493463315288,0.0567384585075147
2021-02-19,0.06660585521165,-0.0068577131073469,0.0053894953580914,0.0479493463315288
2021-02-20,0.0159824264123471,0.06660585521165,0.0042419392954262,0.0053894953580914
2021-02-21,0.0177747366303669,0.0159824264123471,-0.0071738699958365,0.0042419392954262
2021-02-22,-0.0459002091499422,0.0177747366303669,-0.0800683295812938,-0.0071738699958365
2021-02-23,-0.1364952129320099,-0.0459002091499422,-0.1595073799137253,-0.0800683295812938
2021-02-24,0.0165801178661248,-0.1364952129320099,0.0356897513817808,-0.1595073799137253
2021-02-25,-0.0143333366090367,0.0165801178661248,-0.0441579222918986,0.0356897513817808
2021-02-26,-0.0512551579720103,-0.0143333366090367,-0.0634993031484929,-0.0441579222918986
2021-02-27,0.0262180434113659,-0.0512551579720103,0.0532817296860809,-0.0634993031484929
2021-02-28,-0.0817452286912186,0.0262180434113659,-0.1253055701615588,0.0532817296860809
2021-03-01,0.123424927298235,-0.0817452286912186,0.1509862104572935,-0.1253055701615588
2021-03-02,-0.0292694886608832,0.123424927298235,-0.0519905181851338,0.1509862104572935
2021-03-03,0.0709923352701496,-0.0292694886608832,0.0830074678344419,-0.0519905181851338
2021-03-04,-0.0616202099889658,0.0709923352701496,-0.0506059588147548,0.0830074678344419
2021-03-05,0.023786320748312,-0.0616202099889658,0.0103907943364806,-0.0506059588147548
2021-03-06,-0.0092820905185617,0.023786320748312,0.0696904623912392,0.0103907943364806
2021-03-07,0.0495599959892408,-0.0092820905185617,0.0198568082843228,0.0696904623912392
2021-03-08,0.016019160384772,0.0495599959892408,0.0664959873104259,0.0198568082843228
2021-03-09,0.0457064921203025,0.016019160384772,0.0187550952749812,0.0664959873104259
2021-03-10,0.0466237136390687,0.0457064921203025,-0.0051032710643535,0.0187550952749812
2021-03-11,0.012472062741432,0.0466237136390687,0.0138156529979082,-0.0051032710643535
2021-03-12,-0.0114409731321581,0.012472062741432,-0.0461714084051587,0.0138156529979082
2021-03-13,0.0784113923290044,-0.0114409731321581,0.0947230634983449,-0.0461714084051587
2021-03-14,-0.0315089300382529,0.0784113923290044,-0.0415475290082825,0.0947230634983449
2021-03-15,-0.0566746203935254,-0.0315089300382529,-0.0337628089117958,-0.0415475290082825
2021-03-16,0.0003747406090539,-0.0566746203935254,0.0029859249298734,-0.0337628089117958
2021-03-17,0.0227741415021691,0.0003747406090539,0.010023190744648,0.0029859249298734
2021-03-18,-0.0042150631842789,0.0227741415021691,-0.0236715907368449,0.010023190744648
2021-03-19,0.0155904066802492,-0.0042150631842789,0.0244642804183393,-0.0236715907368449
2021-03-20,0.0023829901861541,0.0155904066802492,0.00593069809497,0.0244642804183393
2021-03-21,-0.0215760270183098,0.0023829901861541,-0.0203966345380342,0.00593069809497
2021-03-22,-0.048400878196925,-0.0215760270183098,-0.0651334509977006,-0.0203966345380342
2021-03-23,-0.0023962359963134,-0.048400878196925,-0.0036532773841372,-0.0651334509977006
2021-03-24,-0.0073363877229259,-0.0023962359963134,-0.036839315069871,-0.0036532773841372
2021-03-25,-0.0386379006274353,-0.0073363877229259,-0.0051757180814085,-0.036839315069871
2021-03-26,0.0377539062258782,-0.0386379006274353,0.0381022360854666,-0.0051757180814085
2021-03-27,0.0343097033870508,0.0377539062258782,0.0315336651703143,0.0381022360854666
2021-03-28,0.0014732752987717,0.0343097033870508,-0.0099211860871282,0.0315336651703143
2021-03-29,0.0226226701933095,0.0014732752987717,0.0599189785601627,-0.0099211860871282
2021-03-30,0.0245065702182991,0.0226226701933095,0.0185365625278024,0.0599189785601627
2021-03-31,0.0047268432060294,0.0245065702182991,0.0523915980993644,0.0185365625278024
2021-04-01,-0.0016271068944738,0.0047268432060294,0.0150211048941037,0.0523915980993644
2021-04-02,-0.0031408129419757,-0.0016271068944738,0.0599164456392268,0.0150211048941037
2021-04-03,-0.0101927070942089,-0.0031408129419757,-0.0144663715529175,0.0599164456392268
2021-04-04,0.0006612574278993,-0.0101927070942089,0.0058010724572622,-0.0144663715529175
2021-04-05,0.0115729261582385,0.0006612574278993,0.0151105985263657,0.0058010724572622
2021-04-06,-0.009180631916966,0.0115729261582385,0.0083050077598713,0.0151105985263657
2021-04-07,-0.0351804220943013,-0.009180631916966,-0.0652912498144372,0.0083050077598713
2021-04-08,0.0250960582859728,-0.0351804220943013,0.0327354588349813,-0.0652912498144372
2021-04-09,0.0113371780323242,0.0250960582859728,0.0082086702392727,0.0327354588349813
2021-04-10,0.0044165288001542,0.0113371780323242,0.0113409514202149,0.0082086702392727
2021-04-11,0.0210425201142192,0.0044165288001542,0.0247514162046563,0.0113409514202149
2021-04-12,0.0018909304454057,0.0210425201142192,-0.0012350197192224,0.0247514162046563
2021-04-13,0.0529091171577436,0.0018909304454057,0.0709709640419451,-0.0012350197192224
2021-04-14,-0.0128687234159119,0.0529091171577436,0.0290976161583718,0.0709709640419451
2021-04-15,0.0161660812333117,-0.0128687234159119,0.0544424435494709,0.0290976161583718
2021-04-16,-0.0222049880726641,0.0161660812333117,-0.017119441246603,0.0544424435494709
2021-04-17,-0.0186101790088928,-0.0222049880726641,-0.0278953287031623,-0.017119441246603
2021-04-18,-0.091188297268459,-0.0186101790088928,-0.09675362722932,-0.0278953287031623
2021-04-19,0.0114903302487506,-0.091188297268459,0.0165708906092724,-0.09675362722932
2021-04-20,0.0103859101003708,0.0114903302487506,0.0438226777581628,0.0165708906092724
2021-04-21,-0.0320886542496926,0.0103859101003708,0.0412425207111409,0.0438226777581628
2021-04-22,-0.063621193762261,-0.0320886542496926,0.0014297829498524,0.0412425207111409
2021-04-23,-0.0206377383290158,-0.063621193762261,-0.0358644431745241,0.0014297829498524
2021-04-24,0.0082178824334508,-0.0206377383290158,-0.0114652150865731,-0.0358644431745241
2021-04-25,-0.01980683328835,0.0082178824334508,0.0135466855965543,-0.0114652150865731
2021-04-26,0.0638941138094086,-0.01980683328835,0.0548659742275471,0.0135466855965543
2021-04-27,0.0355311171283563,0.0638941138094086,0.0739522624891822,0.0548659742275471
2021-04-28,-0.0139127672652601,0.0355311171283563,0.0221753649139366,0.0739522624891822
2021-04-29,-0.0268580958434291,-0.0139127672652601,0.0008308055783679,0.0221753649139366
2021-04-30,0.0695813536890553,-0.0268580958434291,0.0204151350177977,0.0008308055783679
2021-05-01,0.0158377100868964,0.0695813536890553,0.0648510604405764,0.0204151350177977
2021-05-02,-0.015585070714703,0.0158377100868964,-0.0047051876047732,0.0648510604405764
2021-05-03,-8.490997897532871e-05,-0.015585070714703,0.1129495358925967,-0.0047051876047732
2021-05-04,-0.0363717668308283,-8.490997897532871e-05,0.0353288476727532,0.1129495358925967
2021-05-05,0.0372835780767014,-0.0363717668308283,0.0173557510227563,0.0353288476727532
2021-05-06,-0.0161864920887249,0.0372835780767014,0.0006432510068875,0.0173557510227563
2021-05-07,0.0305870085782472,-0.0161864920887249,0.00979648862612,0.0006432510068875
2021-05-08,0.0225795817484736,0.0305870085782472,0.0946734613858069,0.00979648862612
2021-05-09,-0.0180338910445325,0.0225795817484736,0.0156978656642001,0.0946734613858069
2021-05-10,-0.0467976286465352,-0.0180338910445325,0.0001840942567792,0.0156978656642001
2021-05-11,0.0285484177227731,-0.0467976286465352,0.0577588993723264,0.0001840942567792
2021-05-12,-0.0436610088661049,0.0285484177227731,-0.0102722479273784,0.0577588993723264
2021-05-13,-0.0996051046138775,-0.0436610088661049,-0.098217645498194,-0.0102722479273784
2021-05-14,-0.00252318952539,-0.0996051046138775,0.0725623279076517,-0.098217645498194
2021-05-15,-0.0197314327162686,-0.00252318952539,-0.0529043207047081,0.0725623279076517
2021-05-16,-0.0903512391429558,-0.0197314327162686,-0.1214142854015924,-0.0529043207047081
2021-05-17,0.0169955186360603,-0.0903512391429558,0.0246823718907152,-0.1214142854015924
2021-05-18,-0.0351620928008199,0.0169955186360603,-0.0005085354144676,0.0246823718907152
2021-05-19,-0.1202665549542469,-0.0351620928008199,-0.2787636473505414,-0.0005085354144676
2021-05-20,0.043482999164663,-0.1202665549542469,0.0600270344783509,-0.2787636473505414
2021-05-21,-0.1288903317827315,0.043482999164663,-0.2042675703481339,0.0600270344783509
2021-05-22,0.0778548649915373,-0.1288903317827315,0.0469352042860224,-0.2042675703481339
2021-05-23,-0.1561187071804131,0.0778548649915373,-0.2180117590621507,0.0469352042860224
2021-05-24,0.1805808591030929,-0.1561187071804131,0.3236673188485697,-0.2180117590621507
2021-05-25,-0.0359718757383968,0.1805808591030929,-0.0268580039298718,0.3236673188485697
2021-05-26,0.0295318542211743,-0.0359718757383968,0.0912089048578151,-0.0268580039298718
2021-05-27,-0.0079352456293715,0.0295318542211743,-0.0281047500912404,0.0912089048578151
2021-05-28,-0.0881849129340732,-0.0079352456293715,-0.1143550261585485,-0.0281047500912404
2021-05-29,-0.0251342262811701,-0.0881849129340732,-0.0817049340478926,-0.1143550261585485
2021-05-30,0.0488282783029096,-0.0251342262811701,0.0860283942848272,-0.0817049340478926
2021-05-31,0.0173290183949184,0.0488282783029096,0.0639398695598973,0.0860283942848272
2021-06-01,-0.0100513502544599,0.0173290183949184,-0.0080220581798565,0.0639398695598973
2021-06-02,0.0382436959433785,-0.0100513502544599,0.0543525096369146,-0.0080220581798565
2021-06-03,0.0252383762359877,0.0382436959433785,0.0361290202753046,0.0543525096369146
2021-06-04,-0.0438171422187824,0.0252383762359877,-0.0435718649858327,0.0361290202753046
2021-06-05,-0.0328953798669838,-0.0438171422187824,-0.0255741002283074,-0.0435718649858327
2021-06-06,0.0036023522508515,-0.0328953798669838,0.0287659342143718,-0.0255741002283074
2021-06-07,-0.0433601169879568,0.0036023522508515,-0.0194447726031958,0.0287659342143718
2021-06-08,-0.0242084045923671,-0.0433601169879568,-0.0468058760767637,-0.0194447726031958
2021-06-09,0.0797579688293612,-0.0242084045923671,0.0093983221067733,-0.0468058760767637
2021-06-10,0.0021010309771162,0.0797579688293612,-0.0365262801161025,0.0093983221067733
2021-06-11,0.0175710276814784,0.0021010309771162,-0.0362470702026484,-0.0365262801161025
2021-06-12,-0.0309213930248541,0.0175710276814784,0.011177592736756,-0.0362470702026484
2021-06-13,0.0866417736801441,-0.0309213930248541,0.0481893032866409,0.011177592736756
2021-06-14,0.0145958194533898,0.0866417736801441,0.0057406684637927,0.0481893032866409
2021-06-15,0.0026987820118396,0.0145958194533898,-0.0077725816757817,0.0057406684637927
2021-06-16,-0.036244820765527,0.0026987820118396,-0.049809655583132,-0.0077725816757817
2021-06-17,-0.0204226496236067,-0.036244820765527,-0.0232597548074201,-0.049809655583132
2021-06-18,-0.0614039789579797,-0.0204226496236067,-0.0659377072087078,-0.0232597548074201
2021-06-19,0.0169343381557793,-0.0614039789579797,0.0136927694576764,-0.0659377072087078
2021-06-20,-0.0080999094911071,0.0169343381557793,0.0165757900566552,0.0136927694576764
2021-06-21,-0.0950467467108153,-0.0080999094911071,-0.153468709806034,0.0165757900566552
2021-06-22,0.0098382484899708,-0.0950467467108153,-0.0049182290226143,-0.153468709806034
2021-06-23,0.0050414884422234,0.0098382484899708,-0.0004973011157077,-0.0049182290226143
2021-06-24,0.0530321873221081,0.0050414884422234,0.0379157162505123,-0.0004973011157077
2021-06-25,-0.0791488395792011,0.0530321873221081,-0.0710074938703317,0.0379157162505123
2021-06-26,-0.0285659979159818,-0.0791488395792011,-0.055283737094331,-0.0710074938703317
2021-06-27,0.041390178522145,-0.0285659979159818,0.0278477176451602,-0.055283737094331
2021-06-28,0.0606957733452742,0.041390178522145,0.1598507652470664,0.0278477176451602
2021-06-29,0.0421259198441428,0.0606957733452742,0.0277104731223516,0.1598507652470664
2021-06-30,-0.0444573251141905,0.0421259198441428,0.0209306658603192,0.0277104731223516
2021-07-01,-0.0343672199226181,-0.0444573251141905,-0.0534946270716372,0.0209306658603192
2021-07-02,-0.0080339212674657,-0.0343672199226181,-0.0132739537181995,-0.0534946270716372
2021-07-03,0.046419876433366,-0.0080339212674657,0.0589578811678348,-0.0132739537181995
2021-07-04,0.0233249476710147,0.046419876433366,0.0571006121724668,0.0589578811678348
2021-07-05,-0.0486209663324271,0.0233249476710147,-0.0588586760508027,0.0571006121724668
2021-07-06,0.0025567800640823,-0.0486209663324271,0.0412853414086397,-0.0588586760508027
2021-07-07,0.0174304527361601,0.0025567800640823,0.0230501271714635,0.0412853414086397
2021-07-08,-0.0512202438696949,0.0174304527361601,-0.1001665171530884,0.0230501271714635
2021-07-09,0.0211983955071065,-0.0512202438696949,-0.0015069406346698,-0.1001665171530884
2021-07-10,-0.0055747724360915,0.0211983955071065,-0.019069090660851,-0.0015069406346698
2021-07-11,0.0155176791366463,-0.0055747724360915,0.0164288158142216,-0.019069090660851
2021-07-12,-0.0302097648044511,0.0155176791366463,-0.0491863375670498,0.0164288158142216
2021-07-13,-0.0103570853040248,-0.0302097648044511,-0.0399523861066131,-0.0491863375670498
2021-07-14,0.0089572433687439,-0.0103570853040248,0.0207138886502083,-0.0399523861066131
2021-07-15,-0.032401971416823,0.0089572433687439,-0.0318956684667643,0.0207138886502083
2021-07-16,0.0024227198257123,-0.032401971416823,-0.0129003709169978,-0.0318956684667643
2021-07-17,-0.0032567592005505,0.0024227198257123,-0.0013471559159939,-0.0129003709169978
2021-07-18,-0.0024721778339373,-0.0032567592005505,-0.0023038387276053,-0.0013471559159939
2021-07-19,-0.0281527105504755,-0.0024721778339373,-0.0403185102446018,-0.0023038387276053
2021-07-20,-0.0300368048666911,-0.0281527105504755,-0.0140560562865008,-0.0403185102446018
2021-07-21,0.0629144420619479,-0.0300368048666911,0.0814863466821475,-0.0140560562865008
2021-07-22,0.0136769640861463,0.0629144420619479,0.0351628788235737,0.0814863466821475
2021-07-23,0.0079472470638237,0.0136769640861463,0.0122339853940764,0.0351628788235737
2021-07-24,0.0435166859392158,0.0079472470638237,0.0539787765246547,0.0122339853940764
2021-07-25,0.0158269093855703,0.0435166859392158,0.0016742227008973,0.0539787765246547
2021-07-26,0.0904938290311216,0.0158269093855703,0.0485114319951483,0.0016742227008973
2021-07-27,0.0078419853923356,0.0904938290311216,-0.0092422427553606,0.0485114319951483
2021-07-28,0.0489995089046583,0.0078419853923356,0.0224595885292666,-0.0092422427553606
2021-07-29,-0.0057770369167308,0.0489995089046583,0.0076813626018547,0.0224595885292666
2021-07-30,0.0238900827897376,-0.0057770369167308,0.0451409699270122,0.0076813626018547
2021-07-31,0.0208835622914419,0.0238900827897376,0.0293186577203348,0.0451409699270122
2021-08-01,-0.0067634762460287,0.0208835622914419,0.0693948854136024,0.0293186577203348
2021-08-02,-0.0599502001113984,-0.0067634762460287,-0.0278455325366974,0.0693948854136024
2021-08-03,-0.0204278045873717,-0.0599502001113984,-0.0443019892077464,-0.0278455325366974
2021-08-04,0.0429784392305415,-0.0204278045873717,0.0867316710613609,-0.0443019892077464
2021-08-05,0.0285222064627736,0.0429784392305415,0.034783120184549,0.0867316710613609
2021-08-06,0.043908232825527,0.0285222064627736,0.0380867242870356,0.034783120184549
2021-08-07,0.0289029238973058,0.043908232825527,0.0557292119985755,0.0380867242870356
2021-08-08,-0.0027167521505833,0.0289029238973058,-0.0296480931008672,0.0557292119985755
2021-08-09,0.0358514297237697,-0.0027167521505833,0.0256266508547697,-0.0296480931008672
2021-08-10,0.003831203661653,0.0358514297237697,0.0281488885366816,0.0256266508547697
2021-08-11,0.0151420464569744,0.003831203661653,0.024576195848122,0.0281488885366816
2021-08-12,-0.0409231411813161,0.0151420464569744,-0.0533409432585433,0.024576195848122
2021-08-13,0.067987824867454,-0.0409231411813161,0.0678914178526498,-0.0533409432585433
2021-08-14,-0.0201753669623848,0.067987824867454,-0.0157935097384843,0.0678914178526498
2021-08-15,0.001192065006967,-0.0201753669623848,0.0094692282465763,-0.0157935097384843
2021-08-16,-0.0137716447236283,0.001192065006967,-0.0305847178605557,0.0094692282465763
2021-08-17,-0.0239586274772273,-0.0137716447236283,-0.0295687881342588,-0.0305847178605557
2021-08-18,-0.0099888190312047,-0.0239586274772273,-0.0211013337264047,-0.0295687881342588
2021-08-19,0.0450286126608196,-0.0099888190312047,0.0488355955710705,-0.0211013337264047
2021-08-20,0.0434910344688163,0.0450286126608196,0.03162205511895,0.0488355955710705
2021-08-21,0.0072584200021115,0.0434910344688163,-0.0087865256125072,0.03162205511895
2021-08-22,-0.0125149354163298,0.0072584200021115,-0.0241724238659939,-0.0087865256125072
2021-08-23,0.0227656518038158,-0.0125149354163298,0.0572971847874521,-0.0241724238659939
2021-08-24,-0.0241617806985034,0.0227656518038158,-0.0375067407513736,0.0572971847874521
2021-08-25,0.0072508353740094,-0.0241617806985034,-0.0028478653269148,-0.0375067407513736
2021-08-26,-0.0346407998843048,0.0072508353740094,-0.0281544913373204,-0.0028478653269148
2021-08-27,0.0394278988698203,-0.0346407998843048,0.0454675034359913,-0.0281544913373204
2021-08-28,-0.0035542537597342,0.0394278988698203,-0.0076168762828586,0.0454675034359913
2021-08-29,0.0035463850760071,-0.0035542537597342,-0.0002284479441901,-0.0076168762828586
2021-08-30,-0.0055059600004545,0.0035463850760071,0.0311323617873041,-0.0002284479441901
2021-08-31,-0.0344482636852645,-0.0055059600004545,0.0150096459307488,0.0311323617873041
2021-09-01,0.026568437506651,-0.0344482636852645,0.0946980943554624,0.0150096459307488
2021-09-02,0.0260031971529444,0.026568437506651,0.0213488750065184,0.0946980943554624
2021-09-03,0.0117532528170744,0.0260031971529444,0.0280473376782377,0.0213488750065184
2021-09-04,0.0011517251757057,0.0117532528170744,-0.0092782981064962,0.0280473376782377
2021-09-05,0.0039526090929854,0.0011517251757057,0.0108316380352389,-0.0092782981064962
2021-09-06,0.0301624996751534,0.0039526090929854,0.0078141661179171,0.0108316380352389
2021-09-07,-0.1038596586197925,0.0301624996751534,-0.1463962653323896,0.0078141661179171
2021-09-08,-0.0161854561304631,-0.1038596586197925,0.0163993315552889,-0.1463962653323896
2021-09-09,0.0041419908017895,-0.0161854561304631,-0.0118573941427897,0.0163993315552889
2021-09-10,-0.0260441017903811,0.0041419908017895,-0.0546975426643514,-0.0118573941427897
2021-09-11,0.0056696216949768,-0.0260441017903811,0.0143208415291356,-0.0546975426643514
2021-09-12,0.012858139822515,0.0056696216949768,0.0328530519708269,0.0143208415291356
2021-09-13,-0.0159089165482556,0.012858139822515,-0.0346114637190478,0.0328530519708269
2021-09-14,0.0358274380447522,-0.0159089165482556,0.026009545516557,-0.0346114637190478
2021-09-15,0.0233955019979384,0.0358274380447522,0.0535661157561889,0.026009545516557
2021-09-16,-0.0165816466927165,0.0233955019979384,-0.0182405496934471,0.0535661157561889
2021-09-17,-0.0036148172872654,-0.0165816466927165,-0.035497354289747,-0.0182405496934471
2021-09-18,0.0211225700550249,-0.0036148172872654,0.0060422073913639,-0.035497354289747
2021-09-19,-0.0067261497416647,0.0211225700550249,-0.0099717654166852,0.0060422073913639
2021-09-20,-0.0902541546192582,-0.0067261497416647,-0.1078808311941688,-0.0099717654166852
2021-09-21,-0.0622346475604014,-0.0902541546192582,-0.0843519341274107,-0.1078808311941688
2021-09-22,0.0601830052401226,-0.0622346475604014,0.0871834572010553,-0.0843519341274107
2021-09-23,0.0284865597858338,0.0601830052401226,0.0371618603381112,0.0871834572010553
2021-09-24,-0.0391281266485704,0.0284865597858338,-0.0693553075615389,0.0371618603381112
2021-09-25,-0.0076450067732404,-0.0391281266485704,-0.0032596357162316,-0.0693553075615389
2021-09-26,0.0114627331577824,-0.0076450067732404,0.0391326487090068,-0.0032596357162316
2021-09-27,-0.0107871885658004,0.0114627331577824,-0.0279088502122375,0.0391326487090068
2021-09-28,-0.0216927809555096,-0.0107871885658004,-0.0315421751058553,-0.0279088502122375
2021-09-29,-0.015916444008173,-0.0216927809555096,-0.0146253026879901,-0.0315421751058553
2021-09-30,0.0547944564219613,-0.015916444008173,0.0520824286437586,-0.0146253026879901
2021-10-01,0.1026471410569198,0.0547944564219613,0.1022059548535201,0.0520824286437586
2021-10-02,-0.0023411929744173,0.1026471410569198,0.0404574434608425,0.1022059548535201
2021-10-03,0.018658069966403,-0.0023411929744173,0.0111907048561112,0.0404574434608425
2021-10-04,0.0015251147749352,0.018658069966403,-0.0241526396191549,0.0111907048561112
2021-10-05,0.0493312374471269,0.0015251147749352,0.0412292281580396,-0.0241526396191549
2021-10-06,0.065012311809755,0.0493312374471269,0.0099909274182943,0.0412292281580396
2021-10-07,-0.0135400033159952,0.065012311809755,0.0176923368048864,0.0099909274182943
2021-10-08,-0.0035744171942366,-0.0135400033159952,-0.0193726033453764,0.0176923368048864
2021-10-09,0.0107833403610984,-0.0035744171942366,0.0065142244996275,-0.0193726033453764
2021-10-10,0.0138831245607869,0.0107833403610984,-0.0153779882275316,0.0065142244996275
2021-10-11,0.0349893860367737,0.0138831245607869,-0.0091606217884925,-0.0153779882275316
2021-10-12,-0.0349476548727202,0.0349893860367737,-0.0039908301293571,-0.0091606217884925
2021-10-13,0.0289231818900693,-0.0349476548727202,0.0271650804697519,-0.0039908301293571
2021-10-14,0.0082160813814197,0.0289231818900693,0.0517336995310318,0.0271650804697519
2021-10-15,0.0846912369836083,0.0082160813814197,0.0305041042083045,0.0517336995310318
2021-10-16,-0.0246644953439308,0.0846912369836083,-0.0126521763312203,0.0305041042083045
2021-10-17,0.0002447076051371,-0.0246644953439308,-0.0072234816935856,-0.0126521763312203
2021-10-18,0.0058911770261133,0.0002447076051371,-0.0189116190422271,-0.0072234816935856
2021-10-19,0.043866167821734,0.0058911770261133,0.0191034872477572,-0.0189116190422271
2021-10-20,0.0288009734335815,0.043866167821734,0.0768016889564263,0.0191034872477572
2021-10-21,-0.0517466858070423,0.0288009734335815,-0.0045542495733778,0.0768016889564263
2021-10-22,-0.0316548655458604,-0.0517466858070423,-0.0261397588460977,-0.0045542495733778
2021-10-23,0.0066212594710055,-0.0316548655458604,0.0258023051510786,-0.0261397588460977
2021-10-24,-0.0133796594167622,0.0066212594710055,-0.0158957327210568,0.0258023051510786
2021-10-25,0.0363976645696493,-0.0133796594167622,0.0379676259966428,-0.0158957327210568
2021-10-26,-0.0072762519596499,0.0363976645696493,0.019790853167407,0.0379676259966428
2021-10-27,-0.0525500752472109,-0.0072762519596499,-0.0679662556595919,0.019790853167407
2021-10-28,0.0413867471347011,-0.0525500752472109,0.0658883682049227,-0.0679662556595919
2021-10-29,0.0158041781058094,0.0413867471347011,0.0343231131653978,0.0658883682049227
2021-10-30,-0.0114403529470952,0.0158041781058094,-0.0210197791274437,0.0343231131653978
2021-10-31,-0.0165222355600537,-0.0114403529470952,-0.0160852977978936,-0.0210197791274437
2021-11-01,0.0010800868216645,-0.0165222355600537,0.0160783399450869,-0.0160852977978936
2021-11-02,0.0388036053501234,0.0010800868216645,0.0440091840049068,0.0160783399450869
2021-11-03,-0.0056958077031905,0.0388036053501234,0.0248092614869334,0.0440091840049068
2021-11-04,-0.0227506480726536,-0.0056958077031905,-0.0226742258180839,0.0248092614869334
2021-11-05,-0.0063472757658493,-0.0227506480726536,-0.013893665474607,-0.0226742258180839
2021-11-06,0.0036841881141458,-0.0063472757658493,0.0075082683766918,-0.013893665474607
2021-11-07,0.0209713737991203,0.0036841881141458,0.0278811413309422,0.0075082683766918
2021-11-08,0.0565595814340615,0.0209713737991203,0.0338905690913143,0.0278811413309422
2021-11-09,0.023774688308326,0.0565595814340615,0.0057853205436449,0.0338905690913143
2021-11-10,-0.0521839048520103,0.023774688308326,-0.0526306708070309,0.0057853205436449
2021-11-11,0.0122186079636349,-0.0521839048520103,0.0413024226171782,-0.0526306708070309
2021-11-12,-0.0146039984041446,0.0122186079636349,-0.0188360567929113,0.0413024226171782
2021-11-13,0.0038820446227084,-0.0146039984041446,-0.0001696340096636,-0.0188360567929113
2021-11-14,-0.0021906346899728,0.0038820446227084,-0.0214385162137397,-0.0001696340096636
2021-11-15,-0.0049949067917721,-0.0021906346899728,0.001593755098612,-0.0214385162137397
2021-11-16,-0.0552512204108809,-0.0049949067917721,-0.0702267213979707,0.001593755098612
2021-11-17,-0.0060130007102082,-0.0552512204108809,0.0002913390102391,-0.0702267213979707
2021-11-18,-0.0428828333220794,-0.0060130007102082,-0.0563676104343758,0.0002913390102391
2021-11-19,0.0047009345691923,-0.0428828333220794,0.064483841152172,-0.0563676104343758
2021-11-20,0.030255149382418,0.0047009345691923,0.0321219666427431,0.064483841152172
2021-11-21,-0.0021094622544302,0.030255149382418,-0.0124770727669925,0.0321219666427431
2021-11-22,-0.0561197597794876,-0.0021094622544302,-0.0700320375566945,-0.0124770727669925
2021-11-23,0.0253222396899314,-0.0561197597794876,0.0642851586840718,-0.0700320375566945
2021-11-24,-0.0065999008773256,0.0253222396899314,-0.021377824313336,0.0642851586840718
2021-11-25,0.0261222427749622,-0.0065999008773256,0.055236172356964,-0.021377824313336
2021-11-26,-0.0856475758173612,0.0261222427749622,-0.1003883197624228,0.055236172356964
2021-11-27,0.0111340412431399,-0.0856475758173612,0.0030482856471983,-0.1003883197624228
2021-11-28,-0.0127924644226825,0.0111340412431399,-0.0111592142093843,0.0030482856471983
2021-11-29,0.0782069999252328,-0.0127924644226825,0.0977877157672243,-0.0111592142093843
2021-11-30,-0.0204675311382368,0.0782069999252328,0.0388624157221586,0.0977877157672243
2021-12-01,-0.002040783157435,-0.0204675311382368,-0.0134990264455906,0.0388624157221586
2021-12-02,-0.0020629694684725,-0.002040783157435,-0.0043154533416008,-0.0134990264455906
2021-12-03,-0.0595783850968424,-0.0020629694684725,-0.075994007363454,-0.0043154533416008
2021-12-04,-0.094832450301164,-0.0595783850968424,-0.0347700142014265,-0.075994007363454
2021-12-05,0.0117298704305079,-0.094832450301164,0.0216631283982978,-0.0347700142014265
2021-12-06,0.0157517646820925,0.0117298704305079,0.0387654116570497,0.0216631283982978
2021-12-07,0.008091311445448,0.0157517646820925,-0.0077339834190816,0.0387654116570497
2021-12-08,0.0020506606388563,0.008091311445448,0.029421111936686,-0.0077339834190816
2021-12-09,-0.053522531122847,0.0020506606388563,-0.0590090411327237,0.029421111936686
2021-12-10,-0.0001080445413369,-0.053522531122847,-0.0415823138910028,-0.0590090411327237
2021-12-11,0.0166411859180973,-0.0001080445413369,0.0081408127131492,-0.0415823138910028
2021-12-12,0.0300515893087567,0.0166411859180973,0.0145163958628981,0.0081408127131492
2021-12-13,-0.0713504309528726,0.0300515893087567,-0.0807288283163792,0.0145163958628981
2021-12-14,0.0313526559193321,-0.0713504309528726,0.0216502274239867,-0.0807288283163792
2021-12-15,0.0182827742114846,0.0313526559193321,0.0530335440032016,0.0216502274239867
2021-12-16,-0.0220662198081722,0.0182827742114846,-0.0079825604017543,0.0530335440032016
2021-12-17,-0.0263817000234571,-0.0220662198081722,-0.0313026272999752,-0.0079825604017543
2021-12-18,0.0020559674766725,-0.0263817000234571,0.0181341278400372,-0.0313026272999752
2021-12-19,0.0039088761768328,0.0020559674766725,-0.01302842901258,0.0181341278400372
2021-12-20,-0.0036207562573501,0.0039088761768328,-0.0036300273146727,-0.01302842901258
2021-12-21,0.0443079327994015,-0.0036207562573501,0.0288317789619159,-0.0036300273146727
2021-12-22,-0.0008911107435415,0.0443079327994015,-0.0029466601618721,0.0288317789619159
2021-12-23,0.0356101987009811,-0.0008911107435415,0.0244084350276612,-0.0029466601618721
2021-12-24,0.0011585821349003,0.0356101987009811,-0.0115469191968789,0.0244084350276612
2021-12-25,0.0014778985833539,0.0011585821349003,0.0128802381559468,-0.0115469191968789
2021-12-26,-0.00337376197427,0.0014778985833539,-0.0088246119557893,0.0128802381559468
2021-12-27,0.0032808810334948,-0.00337376197427,-0.0056573764112858,-0.0088246119557893
2021-12-28,-0.0694962024958733,0.0032808810334948,-0.0643742093193324,-0.0056573764112858
2021-12-29,-0.0068810188065096,-0.0694962024958733,-0.0215066619422799,-0.0643742093193324
2021-12-30,0.0014962849041532,-0.0068810188065096,0.0026582361973866,-0.0215066619422799
2021-12-31,-0.0208311926711714,0.0014962849041532,-0.0128689287261108,0.0026582361973866
2022-01-01,0.0,-0.0208311926711714,0.0,-0.0128689287261108
2022-01-02,0.0,0.0,0.0,0.0
2022-01-03,-0.0073377543299262,0.0,0.0095987269729479,0.0
2022-01-04,0.0047998888576867,-0.0073377543299262,0.0268214855160592,0.0095987269729479
2022-01-05,-0.0577496363692908,0.0047998888576867,-0.0738343621576307,0.0268214855160592
2022-01-06,-0.0112261149425133,-0.0577496363692908,-0.0360142741126266,-0.0738343621576307
2022-01-07,-0.0291530506206192,-0.0112261149425133,-0.063938706702363,-0.0360142741126266
2022-01-08,-0.0024909396362369,-0.0291530506206192,-0.0432708257384491,-0.063938706702363
2022-01-09,0.0074505994397851,-0.0024909396362369,0.0278674640837205,-0.0432708257384491
2022-01-10,-0.0087119389688502,0.0074505994397851,-0.0292583436491641,0.0278674640837205
2022-01-11,0.0226036191474711,-0.0087119389688502,0.0498820781181025,-0.0292583436491641
2022-01-12,0.0257059527126192,0.0226036191474711,0.0412999255421201,0.0498820781181025
2022-01-13,-0.0223147216334491,0.0257059527126192,-0.0291750985320775,0.0412999255421201
2022-01-14,0.0113948231306319,-0.0223147216334491,0.0187277344645936,-0.0291750985320775
2022-01-15,0.0001634188897177,0.0113948231306319,0.0008875323287535,0.0187277344645936
2022-01-16,-0.0053338810090456,0.0001634188897177,0.0035153942998423,0.0008875323287535
2022-01-17,-0.0319203165053058,-0.0053338810090456,-0.0559108051764745,0.0035153942998423
2022-01-18,0.0154359061551415,-0.0319203165053058,-0.0004801784334196,-0.0559108051764745
2022-01-19,-0.0157899174875604,0.0154359061551415,-0.0158064894474614,-0.0004801784334196
2022-01-20,-0.0098212321829606,-0.0157899174875604,-0.0111758254539784,-0.0158064894474614
2022-01-21,-0.1188198260353961,-0.0098212321829606,-0.1657811857327557,-0.0111758254539784
2022-01-22,-0.036069214005282,-0.1188198260353961,-0.0644618921978484,-0.1657811857327557
2022-01-23,-0.001270598265269,-0.036069214005282,-0.0032337318396252,-0.0644618921978484
2022-01-24,0.0409318714429361,-0.001270598265269,0.0017982632562538,-0.0032337318396252
2022-01-25,-0.006483963526929,0.0409318714429361,-0.0120347710497087,0.0017982632562538
2022-01-26,-0.0064939535540623,-0.006483963526929,0.0019531821964747,-0.0120347710497087
2022-01-27,-0.004200014458555,-0.0064939535540623,-0.024328984846311,0.0019531821964747
2022-01-28,0.0436268082264392,-0.004200014458555,0.0717612717758391,-0.024328984846311
2022-01-29,0.0150161031638222,0.0436268082264392,0.0314124162564088,0.0717612717758391
2022-01-30,-0.0165961466959177,0.0150161031638222,-0.021491088933105,0.0314124162564088
2022-01-31,0.0181195082885852,-0.0165961466959177,0.0454661909494513,-0.021491088933105
2022-02-01,0.0097531404096719,0.0181195082885852,0.0430742383258565,0.0454661909494513
2022-02-02,-0.0501440749775682,0.0097531404096719,-0.0522286921860414,0.0430742383258565
2022-02-03,0.0012473495780541,-0.0501440749775682,0.0019555862647202,-0.0522286921860414
2022-02-04,0.0949156911409115,0.0012473495780541,0.1049753420196087,0.0019555862647202
2022-02-05,0.024925246464891,0.0949156911409115,0.0223016784113386,0.1049753420196087
2022-02-06,0.0002323848375335,0.024925246464891,-0.0062618734320395,0.0223016784113386
2022-02-07,0.0565153344284808,0.0002323848375335,0.0485166863984975,-0.0062618734320395
2022-02-08,0.0028460845048666,0.0565153344284808,-0.0115653579510763,0.0485166863984975
2022-02-09,0.0059104113741016,0.0028460845048666,0.0384970294917901,-0.0115653579510763
2022-02-10,-0.016326076120825,0.0059104113741016,-0.038734455537901,0.0384970294917901
2022-02-11,-0.0278910129606845,-0.016326076120825,-0.0623112866181488,-0.038734455537901
2022-02-12,-0.0159603059144816,-0.0278910129606845,-0.0171398323176698,-0.0623112866181488
2022-02-13,0.0092761335428084,-0.0159603059144816,0.0038212454781142,-0.0171398323176698
2022-02-14,-0.0007819120145295,0.0092761335428084,0.0091056766650633,0.0038212454781142
2022-02-15,0.0402495833853346,-0.0007819120145295,0.0607993127339801,0.0091056766650633
2022-02-16,0.0022462100053733,0.0402495833853346,0.0142209978680093,0.0607993127339801
2022-02-17,-0.0800387476072418,0.0022462100053733,-0.0819341563151699,0.0142209978680093
2022-02-18,-0.0174720160847491,-0.0800387476072418,-0.0396897895270309,-0.0819341563151699
2022-02-19,-0.0012583567333529,-0.0174720160847491,-0.0153632764304847,-0.0396897895270309
2022-02-20,-0.0422152412744252,-0.0012583567333529,-0.0348252527537662,-0.0153632764304847
2022-02-21,-0.0322254031795982,-0.0422152412744252,-0.0242603003714983,-0.0348252527537662
2022-02-22,0.0219467676322048,-0.0322254031795982,0.0092357608217207,-0.0242603003714983
2022-02-23,-0.0095083005623664,0.0219467676322048,0.0047025238801442,0.0092357608217207
2022-02-24,0.0230106235837963,-0.0095083005623664,0.0064798535811783,0.0047025238801442
2022-02-25,0.0151744224182289,0.0230106235837963,0.027007433251168,0.0064798535811783
2022-02-26,0.0120072134165406,0.0151744224182289,0.0425645365446129,0.027007433251168
2022-02-27,-0.0123974210438763,0.0120072134165406,-0.021867276676342,0.0425645365446129
2022-02-28,0.066136831059334,-0.0123974210438763,0.0199337866922546,-0.021867276676342
2022-03-01,0.0524180235428388,0.066136831059334,0.0469726573222859,0.0199337866922546
2022-03-02,0.0045344464018058,0.0524180235428388,0.0064051783863995,0.0469726573222859
2022-03-03,-0.046366545615747,0.0045344464018058,-0.0593327630846819,0.0064051783863995
2022-03-04,-0.0662246169248151,-0.046366545615747,-0.0725859913282848,-0.0593327630846819
2022-03-05,-0.0006172601463716,-0.0662246169248151,0.0181014859296149,-0.0725859913282848
2022-03-06,-0.0093769582442595,-0.0006172601463716,-0.0089413962322577,0.0181014859296149
2022-03-07,-0.030419874571259,-0.0093769582442595,-0.0580854198983333,-0.0089413962322577
2022-03-08,0.0174645940630572,-0.030419874571259,0.0299197533545671,-0.0580854198983333
2022-03-09,0.0843441123658824,0.0174645940630572,0.0565646851521662,0.0299197533545671
2022-03-10,-0.0630204700194895,0.0843441123658824,-0.0391055013554657,0.0565646851521662
2022-03-11,-0.0121431577748301,-0.0630204700194895,-0.0125707616265371,-0.0391055013554657
2022-03-12,0.0062597772593119,-0.0121431577748301,0.0061872653286927,-0.0125707616265371
2022-03-13,-0.0038111053614369,0.0062597772593119,-0.0032361736136195,0.0061872653286927
2022-03-14,-0.0059341502515488,-0.0038111053614369,-0.0207043489022057,-0.0032361736136195
2022-03-15,0.0185989070644737,-0.0059341502515488,0.0383827027072444,-0.0207043489022057
2022-03-16,0.0449772855620747,0.0185989070644737,0.0549834512287169,0.0383827027072444
2022-03-17,-0.01317638892735,0.0449772855620747,0.0126223633736466,0.0549834512287169
2022-03-18,0.0251474835277611,-0.01317638892735,0.0486285800410162,0.0126223633736466
2022-03-19,0.0108841148076205,0.0251474835277611,0.001941350169528,0.0486285800410162
2022-03-20,-0.0279303868984861,0.0108841148076205,-0.0440756634860588,0.001941350169528
2022-03-21,0.0023983029241863,-0.0279303868984861,0.0292012668795101,-0.0440756634860588
2022-03-22,0.0347392567148299,0.0023983029241863,0.0311971514350083,0.0292012668795101
2022-03-23,-0.0052916065558876,0.0347392567148299,-0.0064341558437781,0.0311971514350083
2022-03-24,0.0353002410592323,-0.0052916065558876,0.0405246093488951,-0.0064341558437781
2022-03-25,0.0151316704390118,0.0353002410592323,0.006428868542807,0.0405246093488951
2022-03-26,0.0006060903574119,0.0151316704390118,0.0055041036958123,0.006428868542807
2022-03-27,0.007660831817949,0.0006060903574119,0.0114150354286311,0.0055041036958123
2022-03-28,0.0651520542480003,0.007660831817949,0.072149989243552,0.0114150354286311
2022-03-29,-0.0105987140071045,0.0651520542480003,-0.0058087846396903,0.072149989243552
2022-03-30,-0.0035980116015225,-0.0105987140071045,0.0046819382120452,-0.0058087846396903
2022-03-31,-0.032798016085671,-0.0035980116015225,-0.0340157706159417,0.0046819382120452
2022-04-01,0.0086605018938496,-0.032798016085671,0.0422606242155683,-0.0340157706159417
2022-04-02,0.0006649692980942,0.0086605018938496,0.0083531462732395,0.0422606242155683
2022-04-03,0.0085657570096499,0.0006649692980942,0.0111022502531651,0.0083531462732395
2022-04-04,-0.0059863955079796,0.0085657570096499,-0.0002450023800277,0.0111022502531651
2022-04-05,-0.0092191839632886,-0.0059863955079796,-0.0188996633311412,-0.0002450023800277
2022-04-06,-0.0447381910713068,-0.0092191839632886,-0.0628483274247787,-0.0188996633311412
2022-04-07,-0.007100568776418,-0.0447381910713068,0.0017052830823837,-0.0628483274247787
2022-04-08,-0.0176879425610839,-0.007100568776418,0.0029280251215804,0.0017052830823837
2022-04-09,-0.0087422870142321,-0.0176879425610839,-0.0074633205891815,0.0029280251215804
2022-04-10,0.0160077229003593,-0.0087422870142321,0.0197685800446711,-0.0074633205891815
2022-04-11,-0.0792113826130451,0.0160077229003593,-0.094626720806759,0.0197685800446711
2022-04-12,-0.0077533730220785,-0.0792113826130451,-0.0018630606066884,-0.094626720806759
2022-04-13,0.0425212623733497,-0.0077533730220785,0.0390961881461618,-0.0018630606066884
2022-04-14,-0.0328666182952596,0.0425212623733497,-0.0302599794288764,0.0390961881461618
2022-04-15,0.0121598598553616,-0.0328666182952596,0.0056189590311285,-0.0302599794288764
2022-04-16,-0.0015526059113027,0.0121598598553616,0.0009268376207504,0.0056189590311285
2022-04-17,-0.001383348162007,-0.0015526059113027,0.0042143418874097,0.0009268376207504
2022-04-18,0.0096085774637206,-0.001383348162007,-0.013361888129119,0.0042143418874097
2022-04-19,0.0152706571990988,0.0096085774637206,0.0296208204697552,-0.013361888129119
2022-04-20,0.0031578324683069,0.0152706571990988,-0.0031639555748171,0.0296208204697552
2022-04-21,-0.0188696693457205,0.0031578324683069,-0.0282317955542075,-0.0031639555748171
2022-04-22,-0.0265616098262653,-0.0188696693457205,-0.0093292130380817,-0.0282317955542075
2022-04-23,0.0055389390318335,-0.0265616098262653,-0.0027220343114379,-0.0093292130380817
2022-04-24,-0.0036695912833239,0.0055389390318335,-0.0041274809503083,-0.0027220343114379
2022-04-25,0.0130178605410775,-0.0036695912833239,0.0140967496687918,-0.0041274809503083
2022-04-26,-0.0526788774858655,0.0130178605410775,-0.0564390052440706,0.0140967496687918
2022-04-27,0.0255367618031925,-0.0526788774858655,0.0126348372206524,-0.0564390052440706
2022-04-28,0.0196083720837567,0.0255367618031925,0.0283311889376235,0.0126348372206524
2022-04-29,-0.0336795077747833,0.0196083720837567,-0.0491450367328561,0.0283311889376235
2022-04-30,-0.0060172160576151,-0.0336795077747833,-0.0057743317736571,-0.0491450367328561
2022-05-01,-0.010222401097252,-0.0060172160576151,-0.006366711959526,-0.0057743317736571
2022-05-02,0.0099259769204375,-0.010222401097252,0.0193866676376319,-0.006366711959526
2022-05-03,-0.0142695544176393,0.0099259769204375,-0.0153986838757939,0.0193866676376319
2022-05-04,0.052457973503341,-0.0142695544176393,0.0560388494725094,-0.0153986838757939
2022-05-05,-0.0880316319458134,0.052457973503341,-0.0660315320337732,0.0560388494725094
2022-05-06,-0.0103375148467028,-0.0880316319458134,-0.018532848473878,-0.0660315320337732
2022-05-07,-0.008177932249238,-0.0103375148467028,-0.0119763691690375,-0.018532848473878
2022-05-08,-0.044726679693298,-0.008177932249238,-0.0513525546326748,-0.0119763691690375
2022-05-09,-0.1002865499732628,-0.044726679693298,-0.1030500219033011,-0.0513525546326748
2022-05-10,0.0014249143838826,-0.1002865499732628,0.0157683407267322,-0.1030500219033011
2022-05-11,-0.0865548297877443,0.0014249143838826,-0.1336867035367155,0.0157683407267322
2022-05-12,0.0039984579014391,-0.0865548297877443,-0.0549685961326103,-0.1336867035367155
2022-05-13,0.0415861779135118,0.0039984579014391,0.0580824809243341,-0.0549685961326103
2022-05-14,-0.0138140191551315,0.0415861779135118,-0.0232005294709691,0.0580824809243341
2022-05-15,0.0542409901438015,-0.0138140191551315,0.0651024183616607,-0.0232005294709691
2022-05-16,-0.0354859113272006,0.0542409901438015,-0.0464951984020734,0.0651024183616607
2022-05-17,0.0056454575887365,-0.0354859113272006,0.0088682713791389,-0.0464951984020734
2022-05-18,-0.0293798973249103,0.0056454575887365,-0.0431163949104969,0.0088682713791389
2022-05-19,0.0335260318989073,-0.0293798973249103,0.0248090560593715,-0.0431163949104969
2022-05-20,-0.0369494031457224,0.0335260318989073,-0.0282967202105876,0.0248090560593715
2022-05-21,0.0099968658752662,-0.0369494031457224,0.0077845953632672,-0.0282967202105876
2022-05-22,0.0173070766678518,0.0099968658752662,0.0165469159315269,0.0077845953632672
2022-05-23,-0.0202428021413224,0.0173070766678518,-0.004246290881451,0.0165469159315269
2022-05-24,0.0044383247084452,-0.0202428021413224,-0.0144264664836506,-0.004246290881451
2022-05-25,0.0111089085230299,0.0044383247084452,-0.0050051658098991,-0.0144264664836506
2022-05-26,-0.0111824561256447,0.0111089085230299,-0.0706875385095652,-0.0050051658098991
2022-05-27,-0.0239561492724792,-0.0111824561256447,-0.0459572061628558,-0.0706875385095652
2022-05-28,0.0089273363284124,-0.0239561492724792,0.0274006794890191,-0.0459572061628558
2022-05-29,0.0056440242236431,0.0089273363284124,0.0019235868269488,0.0274006794890191
2022-05-30,0.0688468880127759,0.0056440242236431,0.0841045894139887,0.0019235868269488
2022-05-31,0.0178065085874949,0.0688468880127759,-0.0003329159110774,0.0841045894139887
2022-06-01,-0.071147036433701,0.0178065085874949,-0.0860413409701028,-0.0003329159110774
2022-06-02,0.0202356007358813,-0.071147036433701,0.0172742058850923,-0.0860413409701028
2022-06-03,-0.0195016480692901,0.0202356007358813,-0.0359378980527776,0.0172742058850923
2022-06-04,0.0027689429287963,-0.0195016480692901,0.0104567240355529,-0.0359378980527776
2022-06-05,0.0086513101094264,0.0027689429287963,0.0212855751595462,0.0104567240355529
2022-06-06,0.0476826640862692,0.0086513101094264,0.0248490411177707,0.0212855751595462
2022-06-07,-0.0036482000611266,0.0476826640862692,-0.009261100457417,0.0248490411177707
2022-06-08,-0.0370676212487823,-0.0036482000611266,-0.0262966206596291,-0.009261100457417
2022-06-09,-0.0009279474387144,-0.0370676212487823,-0.0010643782612297,-0.0262966206596291
2022-06-10,-0.0326987851251014,-0.0009279474387144,-0.06734066522524,-0.0010643782612297
2022-06-11,-0.0283137791898021,-0.0326987851251014,-0.097162531306429,-0.06734066522524
2022-06-12,-0.0167237408923858,-0.0283137791898021,-0.006223853945991,-0.097162531306429
2022-06-13,-0.1843789031133295,-0.0167237408923858,-0.1981965884579596,-0.006223853945991
2022-06-14,-0.0550228117881107,-0.1843789031133295,-0.0431115800299934,-0.1981965884579596
2022-06-15,-0.0147539584607765,-0.0550228117881107,-0.0070628086814568,-0.0431115800299934
2022-06-16,-0.0457153183449115,-0.0147539584607765,-0.0712002541078119,-0.0070628086814568
2022-06-17,-0.0020277132505329,-0.0457153183449115,-0.0040411835533357,-0.0712002541078119
2022-06-18,-0.1485606352542539,-0.0020277132505329,-0.1918955782044618,-0.0040411835533357
2022-06-19,0.1475932639555627,-0.1485606352542539,0.2329778679126267,-0.1918955782044618
2022-06-20,-0.0093679897161622,0.1475932639555627,-0.0178532705001699,0.2329778679126267
2022-06-21,0.0201101059259753,-0.0093679897161622,0.0016597662291169,-0.0178532705001699
2022-06-22,-0.047959057900862,0.0201101059259753,-0.0680081304365808,0.0016597662291169
2022-06-23,0.0462511413991159,-0.047959057900862,0.079558806910009,-0.0680081304365808
2022-06-24,0.018126788668555,0.0462511413991159,0.071044939300725,0.079558806910009
2022-06-25,0.0005666352978009,0.018126788668555,-0.0079120857144972,0.071044939300725
2022-06-26,0.0086944404873448,0.0005666352978009,0.0312394316023611,-0.0079120857144972
2022-06-27,-0.0226079579725671,0.0086944404873448,-0.0369152301638014,0.0312394316023611
2022-06-28,-0.0313492498829643,-0.0226079579725671,-0.0349983011582885,-0.0369152301638014
2022-06-29,-0.0028042763787749,-0.0313492498829643,-0.0460920828166858,-0.0349983011582885
2022-06-30,-0.0752321590322272,-0.0028042763787749,-0.0929044485175783,-0.0460920828166858
2022-07-01,0.035293539559028,-0.0752321590322272,0.0557831454376334,-0.0929044485175783
2022-07-02,-0.0088174947147554,0.035293539559028,-0.0044586569318055,0.0557831454376334
2022-07-03,-0.0013592605802073,-0.0088174947147554,-0.0043935807589854,-0.0044586569318055
2022-07-04,0.0280570012050291,-0.0013592605802073,0.0581899254000239,-0.0043935807589854
2022-07-05,0.0340649804324418,0.0280570012050291,0.0276514502861366,0.0581899254000239
2022-07-06,-0.0030810248506869,0.0340649804324418,0.0063707421645494,0.0276514502861366
2022-07-07,0.0588203600304972,-0.0030810248506869,0.0645390596798289,0.0063707421645494
2022-07-08,0.0102736235571644,0.0588203600304972,0.0041837860955869,0.0645390596798289
2022-07-09,-0.0076297200761398,0.0102736235571644,-0.0196512430510649,0.0041837860955869
2022-07-10,-0.0327054196635402,-0.0076297200761398,-0.0430494805681204,-0.0196512430510649
2022-07-11,-0.0272334356551336,-0.0327054196635402,-0.0260043371560644,-0.0430494805681204
2022-07-12,-0.0490206893640034,-0.0272334356551336,-0.0836048384129959,-0.0260043371560644
2022-07-13,0.011518431598486,-0.0490206893640034,0.0276732518285359,-0.0836048384129959
2022-07-14,0.0498976182442665,0.011518431598486,0.1035582045463216,0.0276732518285359
2022-07-15,0.0126644108264618,0.0498976182442665,0.0518082195828966,0.1035582045463216
2022-07-16,0.0131546648226308,0.0126644108264618,0.0698536162513268,0.0518082195828966
2022-07-17,-0.0131472585168782,0.0131546648226308,-0.002511649273525,0.0698536162513268
2022-07-18,0.0263394121060928,-0.0131472585168782,0.0916279227608654,-0.002511649273525
2022-07-19,0.0808134403140167,0.0263394121060928,0.0567559066713392,0.0916279227608654
2022-07-20,-0.0014926185398364,0.0808134403140167,-0.0247944439104861,0.0567559066713392
2022-07-21,-0.0056970691646656,-0.0014926185398364,0.0415168906115646,-0.0247944439104861
2022-07-22,-0.0228214160985842,-0.0056970691646656,-0.0373240948863069,0.0415168906115646
2022-07-23,-0.0122656417955162,-0.0228214160985842,-0.0012317370357669,-0.0373240948863069
2022-07-24,0.0189339041565206,-0.0122656417955162,0.0530467517243429,-0.0012317370357669
2022-07-25,-0.0261726795953437,0.0189339041565206,-0.0546345222904975,0.0530467517243429
2022-07-26,-0.0549407846047325,-0.0261726795953437,-0.0983345655848906,-0.0546345222904975
2022-07-27,0.0823551252781424,-0.0549407846047325,0.1487137490491155,-0.0983345655848906
2022-07-28,0.0535995013436736,0.0823551252781424,0.0929728969938553,0.1487137490491155
2022-07-29,-0.0036723936443711,0.0535995013436736,-0.0140888152169328,0.0929728969938553
2022-07-30,0.0008342177470648,-0.0036723936443711,-0.0172033736839375,-0.0140888152169328
2022-07-31,-0.0103522563898918,0.0008342177470648,0.0102552422741723,-0.0172033736839375
2022-08-01,-0.0253324249511978,-0.0103522563898918,-0.0549116810430398,0.0102552422741723
2022-08-02,-0.0048456767976222,-0.0253324249511978,0.0140918653721851,-0.0549116810430398
2022-08-03,0.0134621877657205,-0.0048456767976222,-0.0054315801633179,0.0140918653721851
2022-08-04,-0.0356778934473267,0.0134621877657205,-0.0320922832438097,-0.0054315801633179
2022-08-05,0.0198286667051284,-0.0356778934473267,0.0541439465303855,-0.0320922832438097
2022-08-06,0.0,0.0198286667051284,-0.0001726401142521,0.0541439465303855
2022-08-07,0.0089142370634124,0.0,0.0211366323989708,-0.0001726401142521
2022-08-08,0.0382411053767915,0.0089142370634124,0.0466914295443989,0.0211366323989708
2022-08-09,-0.0393020394436371,0.0382411053767915,-0.0574925882857178,0.0466914295443989
2022-08-10,0.0323207445467036,-0.0393020394436371,0.0827450266569796,-0.0574925882857178
2022-08-11,0.012867517101746,0.0323207445467036,0.0315028720616416,0.0827450266569796
2022-08-12,0.0012793002735188,0.012867517101746,0.015956121191805,0.0315028720616416
2022-08-13,-0.0004537579485495,0.0012793002735188,0.0,0.015956121191805
2022-08-14,0.0036448667350576,-0.0004537579485495,0.003774359006718,0.0
2022-08-15,-0.0104692054247437,0.0036448667350576,-0.0188583245002343,0.003774359006718
2022-08-16,-0.0035605098398064,-0.0104692054247437,-0.0102723094115476,-0.0188583245002343
2022-08-17,-0.0243543490047847,-0.0035605098398064,-0.0177995411645347,-0.0102723094115476
2022-08-18,0.0003493772109194,-0.0243543490047847,0.0139453572671715,-0.0177995411645347
2022-08-19,-0.0943002992434991,0.0003493772109194,-0.10714051586125,0.0139453572671715
2022-08-20,-0.0233036104765178,-0.0943002992434991,-0.095664781115796,-0.10714051586125
2022-08-21,2.401623497595127e-05,-0.0233036104765178,0.0529994749378943,-0.095664781115796
2022-08-22,0.0145434567954651,2.401623497595127e-05,-0.0232219235088996,0.0529994749378943
2022-08-23,0.0166405797981408,0.0145434567954651,0.0423479802938243,-0.0232219235088996
2022-08-24,0.0100254809950662,0.0166405797981408,0.0216164914241034,0.0423479802938243
2022-08-25,-0.002281888113109,0.0100254809950662,0.0149577264964477,0.0216164914241034
2022-08-26,-0.0471265709653355,-0.002281888113109,-0.0934270386182591,0.0149577264964477
2022-08-27,-0.0325410019125901,-0.0471265709653355,-0.0499344761642859,-0.0934270386182591
2022-08-28,-0.000112321675387,-0.0325410019125901,0.0017207933390064,-0.0499344761642859
2022-08-29,0.0095509070177792,-0.000112321675387,0.0415350868029071,0.0017207933390064
2022-08-30,-0.01005713649117,0.0095509070177792,0.0085593636473021,0.0415350868029071
2022-08-31,0.0113181166814314,-0.01005713649117,0.007048605568422,0.0085593636473021
2022-09-01,-0.0064055435610391,0.0113181166814314,0.0062085188570335,0.007048605568422
2022-09-02,-0.0048938007695615,-0.0064055435610391,-0.0073681535109617,0.0062085188570335
2022-09-03,-0.0117006776053255,-0.0048938007695615,-0.0104203657547866,-0.0073681535109617
2022-09-04,0.0078165649874125,-0.0117006776053255,0.0121974985424204,-0.0104203657547866
2022-09-05,-0.0080698385495395,0.0078165649874125,0.0165737446012642,0.0121974985424204
2022-09-06,-0.0389735174054103,-0.0080698385495395,-0.0097494246465872,0.0165737446012642
2022-09-07,0.0209798816016302,-0.0389735174054103,0.0359431633632258,-0.0097494246465872
2022-09-08,-0.000412732812958,0.0209798816016302,0.0031657155380249,0.0359431633632258
2022-09-09,0.0944888977604284,-0.000412732812958,0.0454211759403932,0.0031657155380249
2022-09-10,0.0063228701379036,0.0944888977604284,0.0081449408736787,0.0454211759403932
2022-09-11,0.0073968218962669,0.0063228701379036,0.0147660291073412,0.0081449408736787
2022-09-12,0.0368830980871875,0.0073968218962669,-0.0213729322715964,0.0147660291073412
2022-09-13,-0.101843205741871,0.0368830980871875,-0.0698610952779822,-0.0213729322715964
2022-09-14,-0.0144098657043516,-0.101843205741871,-0.0032079759661142,-0.0698610952779822
2022-09-15,-0.0049253755901763,-0.0144098657043516,-0.063856614099979,-0.0032079759661142
2022-09-16,-0.0048484943466215,-0.0049253755901763,-0.0447465433656568,-0.063856614099979
2022-09-17,0.0164197407437364,-0.0048484943466215,0.0206157388146087,-0.0447465433656568
2022-09-18,-0.0224626688700028,0.0164197407437364,-0.0655946266063282,0.0206157388146087
2022-09-19,-0.0053816942057484,-0.0224626688700028,-0.0125473813882537,-0.0655946266063282
2022-09-20,-0.0287934490950808,-0.0053816942057484,-0.0104934000474128,-0.0125473813882537
2022-09-21,-0.0026849904145972,-0.0287934490950808,-0.0217870262398748,-0.0104934000474128
2022-09-22,0.0170972906836159,-0.0026849904145972,0.0075417711038258,-0.0217870262398748
2022-09-23,-0.0209625925415199,0.0170972906836159,-0.0181582803610337,0.0075417711038258
2022-09-24,0.0159301589244108,-0.0209625925415199,0.0316439230118496,-0.0181582803610337
2022-09-25,-0.0130430073830856,0.0159301589244108,-0.0378222814556713,0.0316439230118496
2022-09-26,0.0110932878753982,-0.0130430073830856,0.0247594143324498,-0.0378222814556713
2022-09-27,-0.0023603714904418,0.0110932878753982,-0.0001207747702972,0.0247594143324498
2022-09-28,0.0258593879907255,-0.0023603714904418,0.0192888755424543,-0.0001207747702972
2022-09-29,-0.00344753792838,0.0258593879907255,-0.0093736737530965,0.0192888755424543
2022-09-30,-0.0039574100781976,-0.00344753792838,-0.0047575432971357,-0.0093736737530965
2022-10-01,-0.0089978888172232,-0.0039574100781976,-0.0166601104511956,-0.0047575432971357
2022-10-02,-0.0007425747417368,-0.0089978888172232,-0.0050910175223563,-0.0166601104511956
2022-10-03,0.0185815743859891,-0.0007425747417368,0.0158760687067302,-0.0050910175223563
2022-10-04,0.0375314737930256,0.0185815743859891,0.0289627153052509,0.0158760687067302
2022-10-05,-0.0176950792544445,0.0375314737930256,-0.0128886323547526,0.0289627153052509
2022-10-06,0.0027540657711351,-0.0176950792544445,0.0139155147569409,-0.0128886323547526
2022-10-07,-0.0249404575596858,0.0027540657711351,-0.0241896417076449,0.0139155147569409
2022-10-08,-0.0046837388541856,-0.0249404575596858,-0.0044788271863304,-0.0241896417076449
2022-10-09,0.001207894599893,-0.0046837388541856,-0.0032871773124558,-0.0044788271863304
2022-10-10,-0.0125847203389174,0.001207894599893,-0.0106533747364266,-0.0032871773124558
2022-10-11,-0.0115003881203162,-0.0125847203389174,-0.0196228630163879,-0.0106533747364266
2022-10-12,0.0080174586552741,-0.0115003881203162,0.0133068182750463,-0.0196228630163879
2022-10-13,0.0113843233804958,0.0080174586552741,-0.0039186091273334,0.0133068182750463
2022-10-14,-0.0112594166203613,0.0113843233804958,0.0055724620191228,-0.0039186091273334
2022-10-15,-0.00412835034498,-0.0112594166203613,-0.0152337726257243,0.0055724620191228
2022-10-16,0.0121790872267456,-0.00412835034498,0.0224555135585398,-0.0152337726257243
2022-10-17,0.0101651736762403,0.0121790872267456,0.0148980098329881,0.0224555135585398
2022-10-18,-0.0079780222171724,0.0101651736762403,-0.0119645067673564,0.0148980098329881
2022-10-19,-0.0091433401235625,-0.0079780222171724,-0.0151791024317058,-0.0119645067673564
2022-10-20,-0.0086127656565021,-0.0091433401235625,-0.0097417859167715,-0.0151791024317058
2022-10-21,0.0077267952003836,-0.0086127656565021,0.0162632887205993,-0.0097417859167715
2022-10-22,0.002025112495143,0.0077267952003836,0.0064868731057137,0.0162632887205993
2022-10-23,0.0145573527307532,0.002025112495143,0.0130671303492294,0.0064868731057137
2022-10-24,-0.0060022768078256,0.0145573527307532,0.0167692373856749,0.0130671303492294
2022-10-25,0.0405980676783853,-0.0060022768078256,0.0873449704385063,0.0167692373856749
2022-10-26,0.027622853064975,0.0405980676783853,0.0520288415135226,0.0873449704385063
2022-10-27,-0.01718174072025,0.027622853064975,-0.0166183636221843,0.0520288415135226
2022-10-28,0.0114606578902926,-0.01718174072025,0.0208583802531459,-0.0166183636221843
2022-10-29,0.0094002145328041,0.0114606578902926,0.0419317061475846,0.0208583802531459
2022-10-30,-0.0080017780109403,0.0094002145328041,-0.024575664858421,0.0419317061475846
2022-10-31,-0.0119464536627986,-0.0080017780109403,-0.0144434334081142,-0.024575664858421
2022-11-01,0.0032029563015248,-0.0119464536627986,0.0069431452883824,-0.0144434334081142
2022-11-02,-0.015139938768447,0.0032029563015248,-0.0412624698438938,0.0069431452883824
2022-11-03,0.0032272758938861,-0.015139938768447,0.0190672914989647,-0.0412624698438938
2022-11-04,0.0432424733873387,0.0032272758938861,0.0570643006216776,0.0190672914989647
2022-11-05,0.010406053410797,0.0432424733873387,-0.011932984668118,0.0570643006216776
2022-11-06,-0.0071942020983318,0.010406053410797,0.0208129807687268,-0.011932984668118
2022-11-07,-0.0254207402346604,-0.0071942020983318,-0.0436856424347184,0.0208129807687268
2022-11-08,-0.0998869716618257,-0.0254207402346604,-0.1640976888837072,-0.0436856424347184
2022-11-09,-0.1736863072264869,-0.0998869716618257,-0.1896029419449784,-0.1640976888837072
2022-11-10,0.1247618143545182,-0.1736863072264869,0.1760335588091061,-0.1896029419449784
2022-11-11,-0.0610703414240702,0.1247618143545182,-0.0405377286349847,0.1760335588091061
2022-11-12,0.0019560733471548,-0.0610703414240702,-0.0083642689293423,-0.0405377286349847
2022-11-13,-0.0253523075266246,0.0019560733471548,-0.0331866479616954,-0.0083642689293423
2022-11-14,0.0011197491564505,-0.0253523075266246,0.0085636957768752,-0.0331866479616954
2022-11-15,0.0300799977696493,0.0011197491564505,0.0163486969238796,0.0085636957768752
2022-11-16,-0.0214426823322843,0.0300799977696493,-0.0322641522297792,0.0163486969238796
2022-11-17,0.009098830684421,-0.0214426823322843,4.1453354618558427e-05,-0.0322641522297792
2022-11-18,-0.0027848674746367,0.009098830684421,0.0013669975824391,4.1453354618558427e-05
2022-11-19,0.0015641784766467,-0.0027848674746367,0.001828025538937,0.0013669975824391
2022-11-20,-0.0250544566965422,0.0015641784766467,-0.0585896047989177,0.001828025538937
2022-11-21,-0.0390004093916574,-0.0250544566965422,-0.042788232878446,-0.0585896047989177
2022-11-22,0.0320061322198471,-0.0390004093916574,0.0327927730714754,-0.042788232878446
2022-11-23,0.0205190453097939,0.0320061322198471,0.0335932036294411,0.0327927730714754
2022-11-24,0.0047398836383597,0.0205190453097939,0.0230202499968214,0.0335932036294411
2022-11-25,-0.002717309525187,0.0047398836383597,0.0029563336297508,0.0230202499968214
2022-11-26,0.0003377583751124,-0.002717309525187,0.0084697010507245,0.0029563336297508
2022-11-27,0.0041902145109899,0.0003377583751124,0.004578554825384,0.0084697010507245
2022-11-28,-0.0232807424464879,0.0041902145109899,-0.0356499938277592,0.004578554825384
2022-11-29,0.0166041989552135,-0.0232807424464879,0.0390353431139621,-0.0356499938277592
2022-11-30,0.0375343477223156,0.0166041989552135,0.0613100590048185,0.0390353431139621
2022-12-01,-0.0099351240894332,0.0375343477223156,-0.0154722414766427,0.0613100590048185
2022-12-02,0.0054821837175708,-0.0099351240894332,0.0115220046213211,-0.0154722414766427
2022-12-03,-0.0043032115536996,0.0054821837175708,-0.0233844464292906,0.0115220046213211
2022-12-04,0.0096900614568371,-0.0043032115536996,0.0122932990246384,-0.0233844464292906
2022-12-05,-0.0084573768539614,0.0096900614568371,-0.0135627374686747,0.0122932990246384
2022-12-06,0.0016192547607532,-0.0084573768539614,-0.0025914781945894,-0.0135627374686747
2022-12-07,-0.0094678820728763,0.0016192547607532,-0.0192392443097671,-0.0025914781945894
2022-12-08,0.0204971098632363,-0.0094678820728763,0.036567582451463,-0.0192392443097671
2022-12-09,-0.0045294923325307,0.0204971098632363,-0.0145542789659805,0.036567582451463
2022-12-10,0.0013493575951867,-0.0045294923325307,0.0064640647891759,-0.0145542789659805
2022-12-11,-0.001069406067637,0.0013493575951867,-0.0022896855765474,0.0064640647891759
2022-12-12,0.003408064688133,-0.001069406067637,0.007881278960275,-0.0022896855765474
2022-12-13,0.0337700513373471,0.003408064688133,0.0338035161122219,0.007881278960275
2022-12-14,0.0040353285300085,0.0337700513373471,-0.0059694859877647,0.0338035161122219
2022-12-15,-0.024753598608119,0.0040353285300085,-0.0361343360785732,-0.0059694859877647
2022-12-16,-0.0327124635106214,-0.024753598608119,-0.056753336084828,-0.0361343360785732
2022-12-17,-0.0094960674497821,-0.0327124635106214,-0.0171362822429872,-0.056753336084828
2022-12-18,0.0021640486021318,-0.0094960674497821,0.0033574905634293,-0.0171362822429872
2022-12-19,-0.0073566403655369,0.0021640486021318,-0.0023363007887012,0.0033574905634293
2022-12-20,0.0181838394867826,-0.0073566403655369,0.0337853021132582,-0.0023363007887012
2022-12-21,-0.006178947333745,0.0181838394867826,-0.0034183843340814,0.0337853021132582
2022-12-22,5.210834069605938e-05,-0.006178947333745,0.0023488215187211,-0.0034183843340814
2022-12-23,0.0012468124582419,5.210834069605938e-05,0.0056638772384206,0.0023488215187211
2022-12-24,0.0010804040007895,0.0012468124582419,-0.0022452952489148,0.0056638772384206
2022-12-25,-0.0005348547105575,0.0010804040007895,-0.0004595135801471,-0.0022452952489148
2022-12-26,0.0006016914395928,-0.0005348547105575,-0.0011332748747205,-0.0004595135801471
2022-12-27,-0.0086365597018379,0.0006016914395928,-0.005165245422893,-0.0011332748747205
2022-12-28,-0.0102619828961874,-0.0086365597018379,-0.0199119869821124,-0.005165245422893
2022-12-29,0.0045906274934456,-0.0102619828961874,0.0065252401353136,-0.0199119869821124
2022-12-30,-0.0010325635246763,0.0045906274934456,0.0029504833697537,0.0065252401353136
2022-12-31,-0.002204054460503,-0.0010325635246763,0.0007508572639462,0.0029504833697537
2023-01-01,0.0037490367711626,-0.002204054460503,0.0027067447743211,0.0007508572639462
2023-01-02,0.0099151412360177,0.0037490367711626,0.0139335650878208,0.0027067447743211
2023-01-03,-0.0064880015097703,0.0099151412360177,-0.0065750460085114,0.0139335650878208
2023-01-04,0.0094619672286615,-0.0064880015097703,0.0335616133980416,-0.0065750460085114
2023-01-05,0.0019905995180767,0.0094619672286615,-0.0004471879142135,0.0335616133980416
2023-01-06,0.0048925023477927,0.0019905995180767,0.0112307186486277,-0.0004471879142135
2023-01-07,0.0004814729682183,0.0048925023477927,-0.001485943096234,0.0112307186486277
2023-01-08,0.0007637998779118,0.0004814729682183,0.0042622109593091,-0.001485943096234
2023-01-09,0.0131758596555025,0.0007637998779118,0.0376017558445227,0.0042622109593091
2023-01-10,0.0170636314912679,0.0131758596555025,0.0155053535394096,0.0376017558445227
2023-01-11,0.0051181633183403,0.0170636314912679,0.0028341307753284,0.0155053535394096
2023-01-12,0.0696124786386686,0.0051181633183403,0.0602609336640588,0.0028341307753284
2023-01-13,0.0508019656654789,0.0696124786386686,0.0201792865257596,0.0602609336640588
2023-01-14,0.0535557174045764,0.0508019656654789,0.0559451432013252,0.0201792865257596
2023-01-15,0.0001435132034611,0.0535557174045764,0.0091914968208629,0.0559451432013252
2023-01-16,0.0109240661157926,0.0001435132034611,0.0168806240376543,0.0091914968208629
2023-01-17,0.0088206424806384,0.0109240661157926,0.0009175618811484,0.0168806240376543
2023-01-18,-0.0258622561936282,0.0088206424806384,-0.0331689796611813,0.0009175618811484
2023-01-19,0.0078834649050828,-0.0258622561936282,0.0101741659809541,-0.0331689796611813
2023-01-20,0.0637273391424708,0.0078834649050828,0.0580468734131029,0.0101741659809541
2023-01-21,0.0388406866847333,0.0637273391424708,0.0149120784730456,0.0580468734131029
2023-01-22,-0.0299646248422945,0.0388406866847333,-0.0205772955051775,0.0149120784730456
2023-01-23,0.0211343542849607,-0.0299646248422945,0.0019634919638472,-0.0205772955051775
2023-01-24,-0.0042535062917915,0.0211343542849607,-0.020342203374167,0.0019634919638472
2023-01-25,0.0299577800985333,-0.0042535062917915,0.0125576684400186,-0.020342203374167
2023-01-26,-0.0222321234466292,0.0299577800985333,-0.0095905389109425,0.0125576684400186
2023-01-27,0.0004331723443877,-0.0222321234466292,-0.002279221056309,-0.0095905389109425
2023-01-28,-0.0036962186797031,0.0004331723443877,-0.0203928239335824,-0.002279221056309
2023-01-29,0.0337714283220362,-0.0036962186797031,0.0474673400651933,-0.0203928239335824
2023-01-30,-0.0451071814078736,0.0337714283220362,-0.0542277993517127,0.0474673400651933
2023-01-31,0.0090157729168108,-0.0451071814078736,0.0133677755108468,-0.0542277993517127
2023-02-01,0.0313735244688523,0.0090157729168108,0.0359193324644686,0.0133677755108468
2023-02-02,-0.0096522774436749,0.0313735244688523,0.0007640470413404,0.0359193324644686
2023-02-03,-0.0030452186054788,-0.0096522774436749,0.0124115822094951,0.0007640470413404
2023-02-04,0.0015549374737963,-0.0030452186054788,0.013790263456644,0.0124115822094951
2023-02-05,-0.0223026467670293,0.0015549374737963,-0.0348235144743921,0.013790263456644
2023-02-06,0.0004801396862209,-0.0223026467670293,0.0097208719966972,-0.0348235144743921
2023-02-07,0.0122309767534471,0.0004801396862209,0.0177846988597059,0.0097208719966972
2023-02-08,-0.0103305777256266,0.0122309767534471,-0.0089435529963437,0.0177846988597059
2023-02-09,-0.0491240746067781,-0.0103305777256266,-0.0703225079786716,-0.0089435529963437
2023-02-10,-0.0147246165175745,-0.0491240746067781,-0.0230446122109021,-0.0703225079786716
2023-02-11,0.0133283039287673,-0.0147246165175745,0.0197941624125864,-0.0230446122109021
2023-02-12,-0.0039936705287315,0.0133283039287673,-0.0159163258245239,0.0197941624125864
2023-02-13,-0.0050955230549247,-0.0039936705287315,-0.0168665514476781,-0.0159163258245239
2023-02-14,0.0284454964394883,-0.0050955230549247,0.0463129405483292,-0.0168665514476781
2023-02-15,0.0829565552662216,0.0284454964394883,0.0677265481224826,0.0463129405483292
2023-02-16,0.014798031836726,0.0829565552662216,0.0100528572370854,0.0677265481224826
2023-02-17,-0.0021416560121062,0.014798031836726,0.0065281111409233,0.0100528572370854
2023-02-18,0.0054572617060909,-0.0021416560121062,-0.0033475903201889,0.0065281111409233
2023-02-19,-0.0032184221523994,0.0054572617060909,-0.0009127711534232,-0.0033475903201889
2023-02-20,0.0089802770216935,-0.0032184221523994,0.0086496280906482,-0.0009127711534232
2023-02-21,-0.0228639910859691,0.0089802770216935,-0.0350871207329677,0.0086496280906482
2023-02-22,-0.0166012623434153,-0.0228639910859691,-0.0140102538434648,-0.0350871207329677
2023-02-23,0.0031665172778657,-0.0166012623434153,0.0156224460130685,-0.0140102538434648
2023-02-24,-0.0325743679004299,0.0031665172778657,-0.026299477204756,0.0156224460130685
2023-02-25,-0.0075342733672327,-0.0325743679004299,-0.0178511516922228,-0.026299477204756
2023-02-26,0.0266819427813667,-0.0075342733672327,0.0427819531050548,-0.0178511516922228
2023-02-27,-0.0075028773839099,0.0266819427813667,-0.0092955659548686,0.0427819531050548
2023-02-28,-0.0101588072920765,-0.0075028773839099,-0.0135965623203959,-0.0092955659548686
2023-03-01,0.0175821059128636,-0.0101588072920765,0.0314082344765223,-0.0135965623203959
2023-03-02,-0.0062632531529887,0.0175821059128636,-0.0096733375025564,0.0314082344765223
2023-03-03,-0.0512188462478385,-0.0062632531529887,-0.0508475536890158,-0.0096733375025564
2023-03-04,-0.0015708345894177,-0.0512188462478385,-0.0020604072259366,-0.0508475536890158
2023-03-05,0.012413411999834,-0.0015708345894177,0.0101390014935038,-0.0020604072259366
2023-03-06,-0.0033185255234446,0.012413411999834,-0.003568246426518,0.0101390014935038
2023-03-07,-0.0160602355532112,-0.0033185255234446,-0.0104269540586726,-0.003568246426518
2023-03-08,-0.0024309263786345,-0.0160602355532112,0.0013020835172984,-0.0104269540586726
2023-03-09,-0.0839672047810062,-0.0024309263786345,-0.0805012516059445,0.0013020835172984
2023-03-10,-0.0065401645916323,-0.0839672047810062,-0.0042679791916161,-0.0805012516059445
2023-03-11,0.0199021347344428,-0.0065401645916323,0.0339833507887908,-0.0042679791916161
2023-03-12,0.0473444289519804,0.0199021347344428,0.0547910670264664,0.0339833507887908
2023-03-13,0.119992890023821,0.0473444289519804,0.0705315305929229,0.0547910670264664
2023-03-14,0.0163331958705191,0.119992890023821,0.0195094925107074,0.0705315305929229
2023-03-15,-0.0095688421416218,0.0163331958705191,-0.0314186913663102,0.0195094925107074
2023-03-16,0.0142936929195867,-0.0095688421416218,0.0045398095429498,-0.0314186913663102
2023-03-17,0.080435119686541,0.0142936929195867,0.0498044319467972,0.0045398095429498
2023-03-18,0.0214820139097278,0.080435119686541,0.0289187666003219,0.0498044319467972
2023-03-19,0.0205120581793106,0.0214820139097278,0.0017521663199775,0.0289187666003219
2023-03-20,0.0037105793965355,0.0205120581793106,-0.0208681348650746,0.0017521663199775
2023-03-21,0.0026851382263055,0.0037105793965355,0.0225007248257653,-0.0208681348650746
2023-03-22,-0.0274734640865047,0.0026851382263055,-0.0364381331124119,0.0225007248257653
2023-03-23,0.0337932436597478,-0.0274734640865047,0.046287981686265,-0.0364381331124119
2023-03-24,-0.0255404519639118,0.0337932436597478,-0.0387322959152968,0.046287981686265
2023-03-25,-0.0085852372025268,-0.0255404519639118,-0.0108237661336637,-0.0387322959152968
2023-03-26,0.0153689606933266,-0.0085852372025268,0.0170976624537146,-0.0108237661336637
2023-03-27,-0.0277481615816516,0.0153689606933266,-0.0311557065807854,0.0170976624537146
2023-03-28,0.0097136367275965,-0.0277481615816516,0.0383375736251799,-0.0311557065807854
2023-03-29,0.0388713922830189,0.0097136367275965,0.0163694838294353,0.0383375736251799
2023-03-30,-0.0085597579795878,0.0388713922830189,-0.0047451914878314,0.0163694838294353
2023-03-31,0.0085069266611699,-0.0085597579795878,0.0123987972004828,-0.0047451914878314
2023-04-01,0.0024976267952646,0.0085069266611699,-0.0002200643697159,0.0123987972004828
2023-04-02,-0.0136901214849346,0.0024976267952646,-0.0157999743138321,-0.0002200643697159
2023-04-03,-0.0174031468636835,-0.0136901214849346,-0.0046278999917892,-0.0157999743138321
2023-04-04,0.0241301270860143,-0.0174031468636835,0.0536001166599154,-0.0046278999917892
2023-04-05,-0.0037350756874449,0.0241301270860143,0.0144263757514687,0.0536001166599154
2023-04-06,-0.0058632916389525,-0.0037350756874449,-0.0221473903172372,0.0144263757514687
2023-04-07,-0.0037397937495494,-0.0058632916389525,-0.0053783811680785,-0.0221473903172372
2023-04-08,0.0014918680923394,-0.0037397937495494,0.0008086035857416,-0.0053783811680785
2023-04-09,0.0073785173084555,0.0014918680923394,0.0007541072266876,0.0008086035857416
2023-04-10,0.0348480396582683,0.0073785173084555,0.0155684665157225,0.0007541072266876
2023-04-11,0.0356552344794392,0.0348480396582683,0.0044748483881075,0.0155684665157225
2023-04-12,-0.0074795907504231,0.0356552344794392,0.0074400606097263,0.0044748483881075
2023-04-13,0.010880877259658,-0.0074795907504231,0.050849758548256,0.0074400606097263
2023-04-14,0.005697927347134,0.010880877259658,0.0478857537374494,0.050849758548256
2023-04-15,-0.0051658446019027,0.005697927347134,-0.0086273175719871,0.0478857537374494
2023-04-16,0.0019098645583388,-0.0051658446019027,0.0163334827878158,-0.0086273175719871
2023-04-17,-0.0304853956067538,0.0019098645583388,-0.0220223400787946,0.0163334827878158
2023-04-18,0.0324770595671189,-0.0304853956067538,0.0077690780184118,-0.0220223400787946
2023-04-19,-0.0397903417120372,0.0324770595671189,-0.0554429236132063,0.0077690780184118
2023-04-20,-0.0360588374878132,-0.0397903417120372,-0.0216681311629785,-0.0554429236132063
2023-04-21,-0.0340966958862672,-0.0360588374878132,-0.0532247612372977,-0.0216681311629785
2023-04-22,0.0136609169748734,-0.0340966958862672,0.0172650633301765,-0.0532247612372977
2023-04-23,-0.0046601533152525,0.0136609169748734,-0.0111071912532448,0.0172650633301765
2023-04-24,-0.0016098010324917,-0.0046601533152525,-0.004928695850857,-0.0111071912532448
2023-04-25,0.0185501953333436,-0.0016098010324917,0.0111563900368753,-0.004928695850857
2023-04-26,0.0156207465210544,0.0185501953333436,0.0033002887519825,0.0111563900368753
2023-04-27,0.0417947623745062,0.0156207465210544,0.0282333789199027,0.0033002887519825
2023-04-28,-0.0093233656099714,0.0417947623745062,-0.0121305704324794,0.0282333789199027
2023-04-29,-0.0037716010588585,-0.0093233656099714,0.0038410991714675,-0.0121305704324794
2023-04-30,0.0034309261786324,-0.0037716010588585,-0.0058517122940195,0.0038410991714675
2023-05-01,-0.0588384349770868,0.0034309261786324,-0.0464883210858244,-0.0058517122940195
2023-05-02,0.0363672827881594,-0.0588384349770868,0.0345902826538944,-0.0464883210858244
2023-05-03,-0.0058141202283623,0.0363672827881594,0.0017892197635015,0.0345902826538944
2023-05-04,0.0123316433635266,-0.0058141202283623,0.0023451668354099,0.0017892197635015
2023-05-05,0.0219834225229609,0.0123316433635266,0.0576640355658426,0.0023451668354099
2023-05-06,-0.0230745867994733,0.0219834225229609,-0.0468096150682489,0.0576640355658426
2023-05-07,0.0035117194194289,-0.0230745867994733,0.0073456440272367,-0.0468096150682489
2023-05-08,-0.0494699212968874,0.0035117194194289,-0.0378499138839766,0.0073456440272367
2023-05-09,0.0036499996647609,-0.0494699212968874,0.0041015751285898,-0.0378499138839766
2023-05-10,0.0080087692540533,0.0036499996647609,0.0049514397200176,0.0041015751285898
2023-05-11,-0.0318000088695618,0.0080087692540533,-0.0338162111390601,0.0049514397200176
2023-05-12,-0.0209355666054244,-0.0318000088695618,-0.004512615348177,-0.0338162111390601
2023-05-13,0.0177361002971444,-0.0209355666054244,0.0084784720099571,-0.004512615348177
2023-05-14,0.0013526869078331,0.0177361002971444,-0.0026032502580451,0.0084784720099571
2023-05-15,0.0146854601520794,0.0013526869078331,0.0148235860228203,-0.0026032502580451
2023-05-16,-0.0146743314617592,0.0146854601520794,-0.0025880612770157,0.0148235860228203
2023-05-17,0.0139978342287959,-0.0146743314617592,0.0026044894162282,-0.0025880612770157
2023-05-18,-0.0227160578886712,0.0139978342287959,-0.0163139357548402,0.0026044894162282
2023-05-19,0.0042568350906844,-0.0227160578886712,0.0086731773858809,-0.0163139357548402
2023-05-20,0.007609539317408,0.0042568350906844,0.0045420214345009,0.0086731773858809
2023-05-21,-0.0056489102087107,0.007609539317408,-0.007553863835039,0.0045420214345009
2023-05-22,0.0002353743047943,-0.0056489102087107,0.0063336744993608,-0.007553863835039
2023-05-23,0.011912295491235,0.0002353743047943,0.0196432310431208,0.0063336744993608
2023-05-24,-0.0305255127427645,0.011912295491235,-0.0274502063899911,0.0196432310431208
2023-05-25,0.0033175340176726,-0.0305255127427645,0.0031986214551042,-0.0274502063899911
2023-05-26,0.0102165336007604,0.0033175340176726,0.0141159968115603,0.0031986214551042
2023-05-27,0.0001033196144613,0.0102165336007604,-0.0074364013852147,0.0141159968115603
2023-05-28,0.029472097128301,0.0001033196144613,0.0163308928674728,-0.0074364013852147
2023-05-29,0.0047527778285791,0.029472097128301,0.0226248680310824,0.0163308928674728
2023-05-30,0.002838737358379,0.0047527778285791,0.0051964852518261,0.0226248680310824
2023-05-31,-0.0238996946601481,0.002838737358379,-0.0203709765615675,0.0051964852518261
2023-06-01,-0.0090807953897856,-0.0238996946601481,0.0019756450694423,-0.0203709765615675
2023-06-02,0.0113043636332241,-0.0090807953897856,0.0186316108804732,0.0019756450694423
2023-06-03,0.0008383783176942,0.0113043636332241,-0.0004883722859154,0.0186316108804732
2023-06-04,0.0024126416364727,0.0008383783176942,-0.0006515342811394,-0.0004883722859154
2023-06-05,-0.0613728088690611,0.0024126416364727,-0.0524009916118037,-0.0006515342811394
2023-06-06,0.0497529208497977,-0.0613728088690611,0.038784971461302,-0.0524009916118037
2023-06-07,-0.0219843238716406,0.0497529208497977,-0.0187429018203103,0.038784971461302
2023-06-08,0.0105468851871767,-0.0219843238716406,0.005980992376438,-0.0187429018203103
2023-06-09,-0.0074758007344019,0.0105468851871767,-0.0088515580219149,0.005980992376438
2023-06-10,-0.0175677835537989,-0.0074758007344019,-0.0440207510107259,-0.0088515580219149
2023-06-11,0.0017109959669016,-0.0175677835537989,0.0039690816195845,-0.0440207510107259
2023-06-12,-0.0051804108035031,0.0017109959669016,-0.0146654719328008,0.0039690816195845
2023-06-13,-0.0018746321452321,-0.0051804108035031,-0.0008514653772427,-0.0146654719328008
2023-06-14,-0.0363626290125588,-0.0018746321452321,-0.0589062554909298,-0.0008514653772427
2023-06-15,0.0245316256864796,-0.0363626290125588,0.0186582167716967,-0.0589062554909298
2023-06-16,0.0327159423256089,0.0245316256864796,0.0339257189990445,0.0186582167716967
2023-06-17,0.005309262091294,0.0327159423256089,0.0007874152922232,0.0339257189990445
2023-06-18,-0.0023394030101373,0.005309262091294,0.0068348235098795,0.0007874152922232
2023-06-19,0.0093062402590084,-0.0023394030101373,-0.00559127605868,0.0068348235098795
2023-06-20,0.0527071023046355,0.0093062402590084,0.0315042681549452,-0.00559127605868
2023-06-21,0.0626430783666657,0.0527071023046355,0.0515397115394311,0.0315042681549452
2023-06-22,0.0057914396500481,0.0626430783666657,0.0043526795192449,0.0515397115394311
2023-06-23,0.0250322068593433,0.0057914396500481,0.0098034833540318,0.0043526795192449
2023-06-24,-0.0148389767064348,0.0250322068593433,-0.0059971772149019,0.0098034833540318
2023-06-25,-0.0005416807006869,-0.0148389767064348,0.0030293873516072,-0.0059971772149019
2023-06-26,-0.0095686616408268,-0.0005416807006869,-0.0263576398425155,0.0030293873516072
2023-06-27,0.0163431344665225,-0.0095686616408268,0.0221403374059254,-0.0263576398425155
2023-06-28,-0.018135041501388,0.0163431344665225,-0.0331922739937919,0.0221403374059254
2023-06-29,0.009536395415758,-0.018135041501388,0.0098359667021762,-0.0331922739937919
2023-06-30,-0.0001974073836771,0.009536395415758,0.0412049953853371,0.0098359667021762
2023-07-01,0.0063795284954866,-0.0001974073836771,-0.002124681642609,0.0412049953853371
2023-07-02,0.0002124964251387,0.0063795284954866,-0.0023428968909444,-0.002124681642609
2023-07-03,0.0173049459138274,0.0002124964251387,0.0207123639669332,-0.0023428968909444
2023-07-04,-0.0101222196212121,0.0173049459138274,-0.0081872072172828,0.0207123639669332
2023-07-05,-0.0112279001253528,-0.0101222196212121,-0.016651566365533,-0.0081872072172828
2023-07-06,-0.0051496893199535,-0.0112279001253528,-0.0143656015031766,-0.016651566365533
2023-07-07,-0.0015021834002526,-0.0051496893199535,-0.0093088438766182,-0.0143656015031766
2023-07-08,0.0,-0.0015021834002526,0.0,-0.0093088438766182
2023-07-09,0.0,0.0,-0.0009115282132484,0.0
2023-07-10,0.0166774285761861,0.0,0.0150142578217296,-0.0009115282132484
2023-07-11,-0.0065192301046671,0.0166774285761861,-0.0097709403866164,0.0150142578217296
2023-07-12,-0.0073096007011082,-0.0065192301046671,-0.0005551315110295,-0.0097709403866164
2023-07-13,0.0326686172744512,-0.0073096007011082,0.0587701715408378,-0.0005551315110295
2023-07-14,-0.0376008936555452,0.0326686172744512,-0.036232653107302,0.0587701715408378
2023-07-15,0.0028763202955938,-0.0376008936555452,0.0084730851300541,-0.036232653107302
2023-07-16,0.0006765509362619,0.0028763202955938,-0.0001035303862608,0.0084730851300541
2023-07-17,-0.0124656158432068,0.0006765509362619,-0.0216913487738683,-0.0001035303862608
2023-07-18,-0.0052733542612177,-0.0124656158432068,0.0022986390030547,-0.0216913487738683
2023-07-19,0.0062082614229217,-0.0052733542612177,0.0022459716410654,0.0022986390030547
2023-07-20,-0.0071168932605198,0.0062082614229217,-0.0055502742021214,0.0022459716410654
2023-07-21,0.0044266758359416,-0.0071168932605198,0.00343624783035,-0.0055502742021214
2023-07-22,-0.0017081139546186,0.0044266758359416,-0.0037169555333824,0.00343624783035
2023-07-23,0.0101886006307698,-0.0017081139546186,0.0027295827358056,-0.0037169555333824
2023-07-24,-0.0336756014323955,0.0101886006307698,-0.0227504749959216,0.0027295827358056
2023-07-25,0.0030872523839794,-0.0336756014323955,0.0064319296060814,-0.0227504749959216
2023-07-26,0.0118151378021405,0.0030872523839794,0.0094646106917042,0.0064319296060814
2023-07-27,-0.0148852314939551,0.0118151378021405,-0.0116631876096123,0.0094646106917042
2023-07-28,0.006891095385328,-0.0148852314939551,0.009666567887926,-0.0116631876096123
2023-07-29,0.0004429603452556,0.006891095385328,0.004068884012675,0.009666567887926
2023-07-30,-0.370328563333529,0.0004429603452556,-0.0103133575398285,0.004068884012675
2023-07-31,0.3653253511892223,-0.370328563333529,-0.0062783153152428,-0.0103133575398285
2023-08-01,0.0002209766784455,0.3653253511892223,-0.001939330377611,-0.0062783153152428
2023-08-02,-0.0032727389522907,0.0002209766784455,-0.0043949444964813,-0.001939330377611
2023-08-03,0.0055650352096303,-0.0032727389522907,0.0007057929605111,-0.0043949444964813
2023-08-04,-0.011734997060526,0.0055650352096303,-0.0118855010484427,0.0007057929605111
2023-08-05,0.0030916340977835,-0.011734997060526,0.0066889881507967,-0.0118855010484427
2023-08-06,0.0021334809627269,0.0030916340977835,-0.0017199725768487,0.0066889881507967
2023-08-07,0.0023004301990345,0.0021334809627269,-0.0024622468119375,-0.0017199725768487
2023-08-08,0.0279487901298306,0.0023004301990345,0.0204968542073937,-0.0024622468119375
2023-08-09,-0.016881429566696,0.0279487901298306,-0.0064075170763038,0.0204968542073937
2023-08-10,-0.0020690929350069,-0.016881429566696,-0.0015406865858971,-0.0064075170763038
2023-08-11,-0.0012306163978244,-0.0020690929350069,-0.0024103902146515,-0.0015406865858971
2023-08-12,0.0007016216251203,-0.0012306163978244,0.001463176980274,-0.0024103902146515
2023-08-13,-0.0002302477145672,0.0007016216251203,0.0042365388643465,0.001463176980274
2023-08-14,-0.0011309217399761,-0.0002302477145672,-0.0061879176443904,0.0042365388643465
2023-08-15,-0.0067117281037235,-0.0011309217399761,-0.0082704534701972,-0.0061879176443904
2023-08-16,-0.0079699523005101,-0.0067117281037235,-0.0109024380745031,-0.0082704534701972
2023-08-17,-0.0457641822556386,-0.0079699523005101,-0.051845073160106,-0.0109024380745031
2023-08-18,-0.0587721276130512,-0.0457641822556386,-0.035455456701632,-0.051845073160106
2023-08-19,-0.0004268902549186,-0.0587721276130512,0.0085755933331702,-0.035455456701632
2023-08-20,0.006846591031776,-0.0004268902549186,0.0108494563849743,0.0085755933331702
2023-08-21,-0.0043597606010751,0.006846591031776,-0.0103828264021121,0.0108494563849743
2023-08-22,-0.0103085513912297,-0.0043597606010751,-0.0251958942139786,-0.0103828264021121
2023-08-23,0.0280532131257066,-0.0103085513912297,0.032573142922172,-0.0251958942139786
2023-08-24,-0.0217871056497424,0.0280532131257066,-0.0211381740647533,0.032573142922172
2023-08-25,0.0010949432011675,-0.0217871056497424,0.0,-0.0211381740647533
2023-08-26,-0.0009604118984133,0.0010949432011675,-0.0013228077001255,0.0
2023-08-27,0.0026164909806449,-0.0009604118984133,0.0039873765872487,-0.0013228077001255
2023-08-28,-0.0040482557235304,0.0026164909806449,-0.0044853996888081,0.0039873765872487
2023-08-29,0.0597929486998769,-0.0040482557235304,0.0477742612961414,-0.0044853996888081
2023-08-30,-0.0119449043365295,0.0597929486998769,-0.0135098975312744,0.0477742612961414
2023-08-31,-0.0463545934609813,-0.0119449043365295,-0.0325041739383074,-0.0135098975312744
2023-09-01,-0.0101221160858589,-0.0463545934609813,-0.0131731048309576,-0.0325041739383074
2023-09-02,0.0036599845562751,-0.0101221160858589,0.0042859442093085,-0.0131731048309576
2023-09-03,0.0073416580672026,0.0036599845562751,0.0048767037667742,0.0042859442093085
2023-09-04,-0.0072983354800561,0.0073416580672026,-0.0087756070831459,0.0048767037667742
2023-09-05,-0.0057193097320453,-0.0072983354800561,0.0007368065909117,-0.0087756070831459
2023-09-06,-0.0015644960573349,-0.0057193097320453,-0.0010132490849548,0.0007368065909117
2023-09-07,0.0127757685118356,-0.0015644960573349,0.0063083963607991,-0.0010132490849548
2023-09-08,-0.0038385980218866,0.0127757685118356,-0.0008551185470986,0.0063083963607991
2023-09-09,-0.0015034907636074,-0.0038385980218866,-0.0018777165884419,-0.0008551185470986
2023-09-10,-0.0016643769203759,-0.0015034907636074,-0.0091266984889497,-0.0018777165884419
2023-09-11,-0.0285074065966566,-0.0016643769203759,-0.0489291837111693,-0.0091266984889497
2023-09-12,0.0385913961025086,-0.0285074065966566,0.0363456309710641,-0.0489291837111693
2023-09-13,0.0058313383702074,0.0385913961025086,0.0034663162195941,0.0363456309710641
2023-09-14,0.0131386159389562,0.0058313383702074,0.0150799381337972,0.0034663162195941
2023-09-15,-0.0059489866180908,0.0131386159389562,-0.0037040269758516,0.0150799381337972
2023-09-16,0.0048228588889812,-0.0059489866180908,0.0078593104022408,-0.0037040269758516
2023-09-17,-0.0037776919809587,0.0048228588889812,-0.0107298156373117,0.0078593104022408
2023-09-18,0.0124655620521906,-0.0037776919809587,0.0121965844258722,-0.0107298156373117
2023-09-19,0.0152292399693488,0.0124655620521906,0.0032619493903242,0.0121965844258722
2023-09-20,-0.0034774717173813,0.0152292399693488,-0.0111096951325475,0.0032619493903242
2023-09-21,-0.0184155131619148,-0.0034774717173813,-0.0226659230610324,-0.0111096951325475
2023-09-22,-0.002124525415553,-0.0184155131619148,0.0021510118674503,-0.0226659230610324
2023-09-23,0.0031807789965552,-0.002124525415553,0.0012683106172546,0.0021510118674503
2023-09-24,-0.004602533547402,0.0031807789965552,-0.0018779230294907,0.0012683106172546
2023-09-25,-0.0075248313646637,-0.004602533547402,-0.0029527611492443,-0.0018779230294907
2023-09-26,-0.0059725206774281,-0.0075248313646637,0.0001576168338041,-0.0029527611492443
2023-09-27,0.0034787291207002,-0.0059725206774281,0.0046856168369905,0.0001576168338041
2023-09-28,0.0320867099594791,0.0034787291207002,0.0384976538689443,0.0046856168369905
2023-09-29,-0.006985670575558,0.0320867099594791,0.0071292434254774,0.0384976538689443
2023-09-30,0.0062350971805434,-0.006985670575558,0.0073942127144555,0.0071292434254774
2023-10-01,0.0014830666596741,0.0062350971805434,-0.0036245747426752,0.0073942127144555
2023-10-02,0.0264044913285918,0.0014830666596741,-0.0054796298385012,-0.0036245747426752
2023-10-03,-0.0161150003906403,0.0264044913285918,-0.0050872312119144,-0.0054796298385012
2023-10-04,0.0093215082440981,-0.0161150003906403,-0.0089121205835827,-0.0050872312119144
2023-10-05,-0.0062979520329676,0.0093215082440981,-0.0154095142317061,-0.0089121205835827
2023-10-06,0.0186253736816773,-0.0062979520329676,0.0183283366140773,-0.0154095142317061
2023-10-07,-0.0020212583981519,0.0186253736816773,-0.0077658220373418,0.0183283366140773
2023-10-08,-0.0006276247081999,-0.0020212583981519,0.001858554775427,-0.0077658220373418
2023-10-09,-0.0125327507751813,-0.0006276247081999,-0.0374504754274493,0.001858554775427
2023-10-10,-0.0061180414217507,-0.0125327507751813,-0.0108511689472159,-0.0374504754274493
2023-10-11,-0.0256490648826558,-0.0061180414217507,0.002394566632998,-0.0108511689472159
2023-10-12,0.0008980692116844,-0.0256490648826558,-0.0182373521537968,0.002394566632998
2023-10-13,0.0088995392911605,0.0008980692116844,0.0152336256616256,-0.0182373521537968
2023-10-14,-0.0047378043939638,0.0088995392911605,-0.0023760607120129,0.0152336256616256
2023-10-15,0.0132832085910294,-0.0047378043939638,0.0058017632089622,-0.0023760607120129
2023-10-16,0.0436196139287332,0.0132832085910294,0.0151304172652835,0.0058017632089622
2023-10-17,0.0015078617076575,0.0436196139287332,-0.0176200902538417,0.0151304172652835
2023-10-18,-0.0071345982941084,0.0015078617076575,0.0012744117177556,-0.0176200902538417
2023-10-19,0.0163503621531379,-0.0071345982941084,0.0029077683410701,0.0012744117177556
2023-10-20,0.0300258808850369,0.0163503621531379,0.0231185885631365,0.0029077683410701
2023-10-21,0.0144550928916714,0.0300258808850369,0.0167940235121809,0.0231185885631365
2023-10-22,-0.0058909545435654,0.0144550928916714,0.0061983290631467,0.0167940235121809
2023-10-23,0.0549192450561593,-0.0058909545435654,0.0408483195850822,0.0061983290631467
2023-10-24,0.0649423501648944,0.0549192450561593,0.0357289613738701,0.0408483195850822
2023-10-25,0.0299123826214594,0.0649423501648944,0.0091586537087314,0.0357289613738701
2023-10-26,-0.0140145575956633,0.0299123826214594,0.0058000274133767,0.0091586537087314
2023-10-27,-0.0104774299367167,-0.0140145575956633,-0.0093804548937511,0.0058000274133767
2023-10-28,0.0086374386607244,-0.0104774299367167,-0.0013255971340055,-0.0093804548937511
2023-10-29,0.0132839177557276,0.0086374386607244,0.0104557843791052,-0.0013255971340055
2023-10-30,-0.0044754724174167,0.0132839177557276,0.0019171199070128,0.0104557843791052
2023-10-31,0.0062239663632189,-0.0044754724174167,0.0076870280361191,0.0019171199070128
2023-11-01,0.022683502755246,0.0062239663632189,0.0222010398624624,0.0076870280361191
2023-11-02,-0.0149617796577282,0.022683502755246,-0.0278748844765567,0.0222010398624624
2023-11-03,-0.0088478493426528,-0.0149617796577282,0.0131108634827963,-0.0278748844765567
2023-11-04,0.0047988678592938,-0.0088478493426528,0.0058828670134879,0.0131108634827963
2023-11-05,-0.0027929359800165,0.0047988678592938,0.016208963876826,0.0058828670134879
2023-11-06,0.0102283489569628,-0.0027929359800165,0.012433085350542,0.016208963876826
2023-11-07,0.0131398635892915,0.0102283489569628,0.0001373394187419,0.012433085350542
2023-11-08,0.0025318605811287,0.0131398635892915,-0.0030682172878453,0.0001373394187419
2023-11-09,0.0262319214106373,0.0025318605811287,0.0870422824080142,-0.0030682172878453
2023-11-10,0.0204930477800071,0.0262319214106373,0.0163055598922244,0.0870422824080142
2023-11-11,-0.0081982568500226,0.0204930477800071,-0.0226878864947535,0.0163055598922244
2023-11-12,0.0050403982887529,-0.0081982568500226,0.006887274127848,-0.0226878864947535
2023-11-13,-0.0181891856052186,0.0050403982887529,-0.0002621524674336,0.006887274127848
2023-11-14,-0.0250694763080513,-0.0181891856052186,-0.0384053532820529,-0.0002621524674336
2023-11-15,0.0557973646821407,-0.0250694763080513,0.0323421460544148,-0.0384053532820529
2023-11-16,-0.0457499780243199,0.0557973646821407,-0.0457259629659667,0.0323421460544148
2023-11-17,0.0124628561272468,-0.0457499780243199,-0.0045458933408067,-0.0457259629659667
2023-11-18,0.004178167988424,0.0124628561272468,0.0075480553126117,-0.0045458933408067
2023-11-19,0.0123562212362001,0.004178167988424,0.0112642118904323,0.0075480553126117
2023-11-20,0.0113324486548762,0.0123562212362001,0.0211731247789581,0.0112642118904323
2023-11-21,-0.0160322186893208,0.0113324486548762,-0.0199892008148312,0.0211731247789581
2023-11-22,0.0209476736073886,-0.0160322186893208,0.047132037711958,-0.0199892008148312
2023-11-23,-0.0098954515553861,0.0209476736073886,-0.0064232362449928,0.047132037711958
2023-11-24,0.0162726078863717,-0.0098954515553861,0.0095548103687686,-0.0064232362449928
2023-11-25,-0.0017649318204197,0.0162726078863717,-0.0016436928797651,0.0095548103687686
2023-11-26,-0.0048728426235113,-0.0017649318204197,-0.0047593955520244,-0.0016436928797651
2023-11-27,-0.0156248500739117,-0.0048728426235113,-0.0290917162006953,-0.0047593955520244
2023-11-28,0.0249731328321414,-0.0156248500739117,0.0189983011168159,-0.0290917162006953
2023-11-29,-0.006009514410662,0.0249731328321414,-0.0122983984322756,0.0189983011168159
2023-11-30,0.000105974301331,-0.006009514410662,0.0084160916826497,-0.0122983984322756
2023-12-01,0.0273724816656272,0.000105974301331,0.021728163785278,0.0084160916826497
2023-12-02,0.0201086173893902,0.0273724816656272,0.0366877970273878,0.021728163785278
2023-12-03,0.0036691273723585,0.0201086173893902,0.0067988409903534,0.0366877970273878
2023-12-04,0.0568120755681973,0.0036691273723585,0.0229015915232537,0.0067988409903534
2023-12-05,0.0430574052038975,0.0568120755681973,0.0171023965511522,0.0229015915232537
2023-12-06,-0.0016300107906897,0.0430574052038975,-0.0112578184792678,0.0171023965511522
2023-12-07,-0.0098174790153329,-0.0016300107906897,0.0530611207498801,-0.0112578184792678
2023-12-08,0.026302270183986,-0.0098174790153329,-0.0004219498364255,0.0530611207498801
2023-12-09,-0.0129553542372027,0.026302270183986,-0.0060746712927892,-0.0004219498364255
2023-12-10,-0.0041189464859448,-0.0129553542372027,0.0022182503587484,-0.0060746712927892
2023-12-11,-0.0634049233136123,-0.0041189464859448,-0.0627818362900444,0.0022182503587484
2023-12-12,-0.0006094961140177,-0.0634049233136123,-0.0210942988766208,-0.0627818362900444
2023-12-13,0.0453106519697033,-0.0006094961140177,0.0410145645428576,-0.0210942988766208
2023-12-14,-2.3260682469471348e-05,0.0453106519697033,0.0168822934856159,0.0410145645428576
2023-12-15,-0.0176115216543192,-2.3260682469471348e-05,-0.0233151809562868,0.0168822934856159
2023-12-16,0.0025439914216405,-0.0176115216543192,-0.0071018901796736,-0.0233151809562868
2023-12-17,-0.0110913060156077,0.0025439914216405,0.0028870383170397,-0.0071018901796736
2023-12-18,0.0173742461435118,-0.0110913060156077,-0.0095206736886163,0.0028870383170397
2023-12-19,-0.0027728513495455,0.0173742461435118,-0.0140686748360969,-0.0095206736886163
2023-12-20,0.0221776245673226,-0.0027728513495455,-0.0024925899630061,-0.0140686748360969
2023-12-21,0.0130220147281119,0.0221776245673226,0.0311865492843976,-0.0024925899630061
2023-12-22,-0.0063011893568016,0.0130220147281119,0.0292289063284845,0.0311865492843976
2023-12-23,0.0001817289283735,-0.0063011893568016,-0.0103710196325955,0.0292289063284845
2023-12-24,-0.0050400566355069,0.0001817289283735,-0.0054081858231988,-0.0103710196325955
2023-12-25,-5.7432645880392424e-05,-0.0050400566355069,-0.003674616344531,-0.0054081858231988
2023-12-26,-0.0278965427668553,-5.7432645880392424e-05,-0.0209768651404361,-0.003674616344531
2023-12-27,0.024882447876424,-0.0278965427668553,0.0600808771487026,-0.0209768651404361
2023-12-28,-0.0215335066192602,0.024882447876424,-0.0068880950695245,0.0600808771487026
2023-12-29,-0.0128313975030536,-0.0215335066192602,-0.0257810464757496,-0.0068880950695245
2023-12-30,0.0087625033041788,-0.0128313975030536,0.006845757963814,-0.0257810464757496
2023-12-31,0.0048455658470389,0.0087625033041788,-0.0084878483850185,0.006845757963814
2024-01-01,0.0259395929681509,0.0048455658470389,0.0243098718412362,-0.0084878483850185
2024-01-02,0.0338522639689997,0.0259395929681509,0.0125389495095303,0.0243098718412362
2024-01-03,-0.0495283949100311,0.0338522639689997,-0.0608662083679716,0.0125389495095303
2024-01-04,0.0353450262550083,-0.0495283949100311,0.021428360404804,-0.0608662083679716
2024-01-05,-0.011940796433948,0.0353450262550083,-0.0123791315114931,0.021428360404804
2024-01-06,-0.0009427583689585,-0.011940796433948,-0.0027396362062178,-0.0123791315114931
2024-01-07,0.0076890306011025,-0.0009427583689585,-0.0002230649128142,-0.0027396362062178
2024-01-08,0.0625227533679936,0.0076890306011025,0.042860740297264,-0.0002230649128142
2024-01-09,-0.0365736275970131,0.0625227533679936,-0.009103463761962,0.042860740297264
2024-01-10,0.0117857627732164,-0.0365736275970131,0.0868154442999705,-0.009103463761962
2024-01-11,0.0042879617582345,0.0117857627732164,0.0293654497086816,0.0868154442999705
2024-01-12,-0.0611173108158078,0.0042879617582345,-0.0310160429312558,0.0293654497086816
2024-01-13,-0.0107999267990248,-0.0611173108158078,0.019077793856463,-0.0310160429312558
2024-01-14,-0.0102608202093527,-0.0107999267990248,-0.018614402736171,0.019077793856463
2024-01-15,0.0039319068736512,-0.0102608202093527,-0.0019024598988292,-0.018614402736171
2024-01-16,0.0173378165053253,0.0039319068736512,0.0326778382677836,-0.0019024598988292
2024-01-17,-0.0184629924327535,0.0173378165053253,-0.0313496983601835,0.0326778382677836
2024-01-18,-0.0374453878278541,-0.0184629924327535,-0.0281663490167934,-0.0313496983601835
2024-01-19,0.0126903260598785,-0.0374453878278541,0.0133181477508721,-0.0281663490167934
2024-01-20,0.0026771206346605,0.0126903260598785,-0.0092512829809261,0.0133181477508721
2024-01-21,0.0012939712339362,0.0026771206346605,0.0033468019878515,-0.0092512829809261
2024-01-22,-0.0477340635951292,0.0012939712339362,-0.0614152350583283,0.0033468019878515
2024-01-23,-0.0157848381598462,-0.0477340635951292,-0.0545607931933054,-0.0614152350583283
2024-01-24,0.0146539006178425,-0.0157848381598462,0.0066552219565532,-0.0545607931933054
2024-01-25,0.0033764521624908,0.0146539006178425,0.0009020590107201,0.0066552219565532
2024-01-26,0.0511836447493628,0.0033764521624908,0.0183372531811751,0.0009020590107201
2024-01-27,0.0020937646369731,0.0511836447493628,0.0058917807108862,0.0183372531811751
2024-01-28,-0.0027726068203312,0.0020937646369731,-0.0042774682673441,0.0058917807108862
2024-01-29,0.0284577539356695,-0.0027726068203312,0.0190844651535438,-0.0042774682673441
2024-01-30,0.008463291914936,0.0284577539356695,0.0314749718523305,0.0190844651535438
2024-01-31,-0.0253203398529352,0.008463291914936,-0.0440183558825222,0.0314749718523305
2024-02-01,0.0151101750276914,-0.0253203398529352,0.0112852493739947,-0.0440183558825222
2024-02-02,-0.0030709345087918,0.0151101750276914,-0.0036227117730479,0.0112852493739947
2024-02-03,0.0014452133059457,-0.0030709345087918,0.0019891149341554,-0.0036227117730479
2024-02-04,-0.0064484043134101,0.0014452133059457,-8.26196517833946e-05,0.0019891149341554
2024-02-05,-0.0099771060049352,-0.0064484043134101,-0.00541557709546,-8.26196517833946e-05
2024-02-06,0.0191957994384833,-0.0099771060049352,0.0400119357510752,-0.00541557709546
2024-02-07,0.0237601326122443,0.0191957994384833,0.020613200441266,0.0400119357510752
2024-02-08,0.0254506904489161,0.0237601326122443,-0.001659724076131,0.020613200441266
2024-02-09,0.0477527202298084,0.0254506904489161,0.0317441900401254,-0.001659724076131
2024-02-10,0.008544107262596,0.0477527202298084,0.0029305948945429,0.0317441900401254
2024-02-11,0.0032549431850949,0.008544107262596,-0.002870700906883,0.0029305948945429
2024-02-12,0.0353261638907621,0.0032549431850949,0.0498296564131574,-0.002870700906883
2024-02-13,-0.0056006054205141,0.0353261638907621,0.0003000545058223,0.0498296564131574
2024-02-14,0.0436132410837892,-0.0056006054205141,0.054393960372012,0.0003000545058223
2024-02-15,-0.0078045487792248,0.0436132410837892,0.0058452436383763,0.054393960372012
2024-02-16,0.0123332365534209,-0.0078045487792248,-0.0020652401067546,0.0058452436383763
2024-02-17,-0.0038625520606201,0.0123332365534209,-0.0016244044286008,-0.0020652401067546
2024-02-18,0.0012923885908271,-0.0038625520606201,0.0216203529545965,-0.0016244044286008
2024-02-19,0.0005585855645219,0.0012923885908271,0.0414153527873625,0.0216203529545965
2024-02-20,0.0025305841161619,0.0005585855645219,0.0069674993306654,0.0414153527873625
2024-02-21,-0.0123095793303188,0.0025305841161619,-0.0205100549779497,0.0069674993306654
2024-02-22,0.0048252652384898,-0.0123095793303188,0.0192879600214251,-0.0205100549779497
2024-02-23,-0.0127467295829595,0.0048252652384898,-0.0143850958803536,0.0192879600214251
2024-02-24,0.0109735506232387,-0.0127467295829595,0.0144353483992717,-0.0143850958803536
2024-02-25,0.0041132208331896,0.0109735506232387,0.0407817927071479,0.0144353483992717
2024-02-26,0.054477868421388,0.0041132208331896,0.0244317518071533,0.0407817927071479
2024-02-27,0.0370866690709048,0.054477868421388,0.0197493930298543,0.0244317518071533
2024-02-28,0.0653611164555198,0.0370866690709048,0.0225911503734165,0.0197493930298543
2024-02-29,0.0144659832331768,0.0653611164555198,0.007896059304081,0.0225911503734165
2024-03-01,0.0186672665495534,0.0144659832331768,0.0234228997296185,0.007896059304081
2024-03-02,-0.010127408132048,0.0186672665495534,-0.0051888184355597,0.0234228997296185
2024-03-03,0.0140847252129491,-0.010127408132048,0.019432176504491,-0.0051888184355597
2024-03-04,0.0713198625460871,0.0140847252129491,0.0303491091535642,0.019432176504491
2024-03-05,-0.0639026739485315,0.0713198625460871,-0.0175820667648293,0.0303491091535642
2024-03-06,0.0485709262478393,-0.0639026739485315,0.088797724668171,-0.0175820667648293
2024-03-07,0.0130996287460495,0.0485709262478393,0.0062518405745819,0.088797724668171
2024-03-08,0.0158720046586772,0.0130996287460495,0.0107549998409559,0.0062518405745819
2024-03-09,0.0015843756166368,0.0158720046586772,-0.0010217506029583,0.0107549998409559
2024-03-10,0.0129887958263871,0.0015843756166368,-0.0014578007696833,-0.0010217506029583
2024-03-11,0.0384551390662724,0.0129887958263871,0.0317890881928821,-0.0014578007696833
2024-03-12,-0.0151119845397079,0.0384551390662724,-0.0206285847281993,0.0317890881928821
2024-03-13,0.0289650139705572,-0.0151119845397079,0.0104413755606291,-0.0206285847281993
2024-03-14,-0.0344861760711693,0.0289650139705572,-0.0385471716643302,0.0104413755606291
2024-03-15,-0.0406201072419309,-0.0344861760711693,-0.0567404659579355,-0.0385471716643302
2024-03-16,-0.0116864188451311,-0.0406201072419309,-0.0034913201039303,-0.0567404659579355
2024-03-17,0.0173286386811264,-0.0116864188451311,0.004289987198614,-0.0034913201039303
2024-03-18,-0.0130368983299158,0.0173286386811264,-0.0347097192449139,0.004289987198614
2024-03-19,-0.0552806436597765,-0.0130368983299158,-0.0678558987148886,-0.0347097192449139
2024-03-20,0.0509143604426563,-0.0552806436597765,0.0542454052866777,-0.0678558987148886
2024-03-21,-0.024189556045524,0.0509143604426563,0.0064366316988604,0.0542454052866777
2024-03-22,-0.030418267244856,-0.024189556045524,-0.0487054828116952,0.0064366316988604
2024-03-23,0.0233248931000719,-0.030418267244856,0.0206892823111027,-0.0487054828116952
2024-03-24,0.0174186836451953,0.0233248931000719,0.0077021750591957,0.0206892823111027
2024-03-25,0.0702696771695903,0.0174186836451953,0.0612611736051354,0.0077021750591957
2024-03-26,-0.01624502386136,0.0702696771695903,-0.0146978809115043,0.0612611736051354
2024-03-27,-0.0138229616432781,-0.01624502386136,-0.0183631202823742,-0.0146978809115043
2024-03-28,0.0263831247700204,-0.0138229616432781,0.0144686852358644,-0.0183631202823742
2024-03-29,-0.01496919816884,0.0263831247700204,-0.0185298044415573,0.0144686852358644
2024-03-30,0.0029245026613836,-0.01496919816884,0.003226269750645,-0.0185298044415573
2024-03-31,0.0140298814492658,0.0029245026613836,0.0350112075754594,0.003226269750645
2024-04-01,-0.0153763839696944,0.0140298814492658,-0.0379372521549726,0.0350112075754594
2024-04-02,-0.0604915918986163,-0.0153763839696944,-0.0671434720144871,-0.0379372521549726
2024-04-03,0.001004543359742,-0.0604915918986163,0.011037236920114,-0.0671434720144871
2024-04-04,0.0332365350980435,0.001004543359742,0.0056987942560153,0.011037236920114
2024-04-05,-0.004570511889834,0.0332365350980435,0.0029421940554148,0.0056987942560153
2024-04-06,0.0111998518238199,-0.004570511889834,0.0080020730654846,0.0029421940554148
2024-04-07,0.0132448420611753,0.0111998518238199,0.011575691957889,0.0080020730654846
2024-04-08,0.0338188882276003,0.0132448420611753,0.081147878697655,0.011575691957889
2024-04-09,-0.0363839147837078,0.0338188882276003,-0.0490809159274276,0.081147878697655
2024-04-10,0.0095073964286869,-0.0363839147837078,0.00021349730007,-0.0490809159274276
2024-04-11,0.0101130102786856,0.0095073964286869,0.0032537450292692,0.00021349730007
2024-04-12,-0.0489131995699212,0.0101130102786856,-0.0880861762779006,0.0032537450292692
2024-04-13,-0.0802909519670543,-0.0489131995699212,-0.1014590823328113,-0.0880861762779006
2024-04-14,0.0301856329656213,-0.0802909519670543,0.0508757046800845,-0.1014590823328113
2024-04-15,-0.011409078485891,0.0301856329656213,0.0048280608452587,0.0508757046800845
2024-04-16,-0.0015612310741558,-0.011409078485891,-0.0038345349685092,0.0048280608452587
2024-04-17,-0.0354879594851966,-0.0015612310741558,-0.032847887064307,-0.0038345349685092
2024-04-18,0.0431290544363939,-0.0354879594851966,0.0324733948632078,-0.032847887064307
2024-04-19,0.0083707755536935,0.0431290544363939,0.0030894333515899,0.0324733948632078
2024-04-20,0.0111010501027097,0.0083707755536935,0.0249479855699328,0.0030894333515899
2024-04-21,-0.0018022507471976,0.0111010501027097,-0.0024415777737796,0.0249479855699328
2024-04-22,0.028786931697061,-0.0018022507471976,0.0131017259121116,-0.0024415777737796
2024-04-23,-0.0028947271708792,0.028786931697061,0.0061071705969106,0.0131017259121116
2024-04-24,-0.0354649271994759,-0.0028947271708792,-0.0254029372510564,0.0061071705969106
2024-04-25,0.0116275867015831,-0.0354649271994759,0.0136900432012335,-0.0254029372510564
2024-04-26,-0.0132938972454768,0.0116275867015831,-0.0096094458531862,0.0136900432012335
2024-04-27,-0.0109674212901826,-0.0132938972454768,0.0299306254580965,-0.0096094458531862
2024-04-28,0.0067217210981002,-0.0109674212901826,0.0227364385433231,0.0299306254580965
2024-04-29,-0.0113181186472079,0.0067217210981002,-0.0424748446022586,0.0227364385433231
2024-04-30,-0.0501919055068689,-0.0113181186472079,-0.0693494705704347,-0.0424748446022586
2024-05-01,-0.0441131876491687,-0.0501919055068689,-0.008593346044841,-0.0693494705704347
2024-05-02,0.0247850036738036,-0.0441131876491687,0.0165611138657798,-0.008593346044841
2024-05-03,0.069337382317619,0.0247850036738036,0.0421451430836028,0.0165611138657798
2024-05-04,0.0156358612665244,0.069337382317619,0.0042926770172011,0.0421451430836028
2024-05-05,-0.0028949247846598,0.0156358612665244,0.0029843860674578,0.0042926770172011
2024-05-06,-0.0070055858689724,-0.0028949247846598,-0.0186256872200935,0.0029843860674578
2024-05-07,-0.0051793891028767,-0.0070055858689724,-0.0102807694017093,-0.0186256872200935
2024-05-08,-0.0226029285609912,-0.0051793891028767,-0.0323727305622052,-0.0102807694017093
2024-05-09,0.0169175661540506,-0.0226029285609912,0.0235419237143738,-0.0323727305622052
2024-05-10,-0.0345572554020824,0.0169175661540506,-0.0438369548909163,0.0235419237143738
2024-05-11,0.0093156536168986,-0.0345572554020824,0.0103684196090183,-0.0438369548909163
2024-05-12,0.0033146873513329,0.0093156536168986,0.0001539922493609,0.0103684196090183
2024-05-13,0.0294764616413887,0.0033146873513329,0.0107886558474106,0.0001539922493609
2024-05-14,-0.0234332793162606,0.0294764616413887,-0.0216257935942462,0.0107886558474106
2024-05-15,0.0682091139504595,-0.0234332793162606,0.0447968581014372,-0.0216257935942462
2024-05-16,-0.0105982560276306,0.0682091139504595,-0.0285712632938049,0.0447968581014372
2024-05-17,0.0247962841999007,-0.0105982560276306,0.0503441469102977,-0.0285712632938049
2024-05-18,0.0009708158602192,0.0247962841999007,0.0103285217229649,0.0503441469102977
2024-05-19,-0.012407498427908,0.0009708158602192,-0.0146193367976242,0.0103285217229649
2024-05-20,0.0496603236030745,-0.012407498427908,0.1291988290300623,-0.0146193367976242
2024-05-21,0.0026500545160474,0.0496603236030745,0.0675295733900453,0.1291988290300623
2024-05-22,-0.0043702404899438,0.0026500545160474,0.0007766016464099,0.0675295733900453
2024-05-23,-0.024324755118298,-0.0043702404899438,0.0012929973342138,0.0007766016464099
2024-05-24,0.016470857244696,-0.024324755118298,-0.0050936775850058,0.0012929973342138
2024-05-25,0.0039774713893878,0.016470857244696,0.0028264960529486,-0.0050936775850058
2024-05-26,-0.0066237641275012,0.0039774713893878,0.0300002114040246,0.0028264960529486
2024-05-27,0.013075768662496,-0.0066237641275012,0.0077826426470613,0.0300002114040246
2024-05-28,-0.0194878259779661,0.013075768662496,-0.0157908861760586,0.0077826426470613
2024-05-29,-0.0123181229600415,-0.0194878259779661,-0.0207510494362619,-0.0157908861760586
2024-05-30,0.0156534342388203,-0.0123181229600415,-0.0031252529644535,-0.0207510494362619
2024-05-31,-0.0123803512892118,0.0156534342388203,0.0138739087634752,-0.0031252529644535
2024-06-01,0.0016325328193202,-0.0123803512892118,0.0036818000748817,0.0138739087634752
2024-06-02,0.000737827721194,0.0016325328193202,-0.0049015184764621,0.0036818000748817
2024-06-03,0.0192119745643597,0.000737827721194,-0.0038643299415149,-0.0049015184764621
2024-06-04,0.0186083886558869,0.0192119745643597,0.0095016352832155,-0.0038643299415149
2024-06-05,0.0112707485853392,0.0186083886558869,0.0149137807042577,0.0095016352832155
2024-06-06,-0.0072521029233495,0.0112707485853392,-0.0172596747579254,0.0149137807042577
2024-06-07,-0.0201123459195007,-0.0072521029233495,-0.0287755243415728,-0.0172596747579254
2024-06-08,0.0011540598939566,-0.0201123459195007,-0.0042282098015524,-0.0287755243415728
2024-06-09,0.0046029669665005,0.0011540598939566,0.006785773257141,-0.0042282098015524
2024-06-10,-0.0008493068208222,0.0046029669665005,-0.0080683571174648,0.006785773257141
2024-06-11,-0.0341413032687097,-0.0008493068208222,-0.0510994182347998,-0.0080683571174648
2024-06-12,0.0117462418481955,-0.0341413032687097,0.0196980346675029,-0.0510994182347998
2024-06-13,-0.020711095851542,0.0117462418481955,-0.0226158832750306,0.0196980346675029
2024-06-14,-0.0143867814408368,-0.020711095851542,-0.0188246590979248,-0.0226158832750306
2024-06-15,0.004281003919454,-0.0143867814408368,0.0401688109307549,-0.0188246590979248
2024-06-16,0.0067259496042462,0.004281003919454,0.0130898144899774,0.0401688109307549
2024-06-17,-0.0012948688872597,0.0067259496042462,-0.024130422611263,0.0130898144899774
2024-06-18,-0.0226584633283947,-0.0012948688872597,-0.0153031648827657,-0.024130422611263
2024-06-19,-0.0004701656842544,-0.0226584633283947,0.0262733866533434,-0.0153031648827657
2024-06-20,0.0031712581516359,-0.0004701656842544,-0.0078835714876904,0.0262733866533434
2024-06-21,-0.0138127483854231,0.0031712581516359,-0.0008261518687107,-0.0078835714876904
2024-06-22,0.0014515944019991,-0.0138127483854231,-0.0075063035347057,-0.0008261518687107
2024-06-23,-0.0086740794507906,0.0014515944019991,-0.0176447486397785,-0.0075063035347057
2024-06-24,-0.068783722148876,-0.0086740794507906,-0.0369800006807593,-0.0176447486397785
2024-06-25,0.0401391871613126,-0.068783722148876,0.0302146780733878,-0.0369800006807593
2024-06-26,-0.0155009155709826,0.0401391871613126,-0.0060440916050246,0.0302146780733878
2024-06-27,0.0073552578209138,-0.0155009155709826,0.0145117899463646,-0.0060440916050246
2024-06-28,-0.0212315211766802,0.0073552578209138,-0.0162538477862409,0.0145117899463646
2024-06-29,0.0136790524942231,-0.0212315211766802,-0.0015674911526047,-0.0162538477862409
2024-06-30,0.0153218536802664,0.0136790524942231,0.0109036219359322,-0.0015674911526047
2024-07-01,0.0214149490142848,0.0153218536802664,0.0137850201165521,0.0109036219359322
2024-07-02,-0.0209859383038839,0.0214149490142848,-0.0138142980638189,0.0137850201165521
2024-07-03,-0.0390511241488317,-0.0209859383038839,-0.0479904524034984,-0.0138142980638189
2024-07-04,-0.0205297091607037,-0.0390511241488317,-0.0352959426983132,-0.0479904524034984
2024-07-05,-0.034471889765022,-0.0205297091607037,-0.055015768704694,-0.0352959426983132
2024-07-06,0.028444469428069,-0.034471889765022,0.029571891503341,-0.055015768704694
2024-07-07,-0.0143045727538268,0.028444469428069,-0.0250667522937981,0.029571891503341
2024-07-08,-0.0157559940628411,-0.0143045727538268,0.0034047789966367,-0.0250667522937981
2024-07-09,0.029205250786784,-0.0157559940628411,0.0244684505678902,0.0034047789966367
2024-07-10,-0.009041290820719,0.029205250786784,0.0077363929669738,0.0244684505678902
2024-07-11,0.0026181099338835,-0.009041290820719,0.0064647001981518,0.0077363929669738
2024-07-12,-0.0003301477006529,0.0026181099338835,-0.0020720069733778,0.0064647001981518
2024-07-13,0.0183565642404613,-0.0003301477006529,0.0170610762690294,-0.0020720069733778
2024-07-14,0.0243402629526608,0.0183565642404613,0.0076338893021962,0.0170610762690294
2024-07-15,0.0602067489010353,0.0243402629526608,0.0748248132450743,0.0076338893021962
2024-07-16,0.0142217354088766,0.0602067489010353,0.0013963638632531,0.0748248132450743
2024-07-17,-0.0025771115803699,0.0142217354088766,-0.006855036105476,0.0013963638632531
2024-07-18,-0.0109314548595298,-0.0025771115803699,-0.0007027407176062,-0.006855036105476
2024-07-19,0.0483479921461192,-0.0109314548595298,0.0267765414061994,-0.0007027407176062
2024-07-20,0.0059241350341001,0.0483479921461192,0.0048645976677369,0.0267765414061994
2024-07-21,-0.0072462196384021,0.0059241350341001,-0.0167987008940002,0.0048645976677369
2024-07-22,0.0185794578447128,-0.0072462196384021,0.0071746736621508,-0.0167987008940002
2024-07-23,-0.0343772890776131,0.0185794578447128,-0.0018642007262992,0.0071746736621508
2024-07-24,0.0029797467655641,-0.0343772890776131,-0.0316096191020777,-0.0018642007262992
2024-07-25,-0.0116585428988732,0.0029797467655641,-0.0679466805647143,-0.0316096191020777
2024-07-26,0.0326870313423373,-0.0116585428988732,0.0317878418054563,-0.0679466805647143
2024-07-27,0.0048070260219032,0.0326870313423373,-0.0038781808868394,0.0317878418054563
2024-07-28,0.0066399499813594,0.0048070260219032,0.0099971988890464,-0.0038781808868394
2024-07-29,-0.0126337965024731,0.0066399499813594,0.0139772094894063,0.0099971988890464
2024-07-30,-0.0178223132244414,-0.0126337965024731,-0.0123359244038252,0.0139772094894063
2024-07-31,-0.024575320407761,-0.0178223132244414,-0.0184461781757997,-0.0123359244038252
2024-08-01,0.001562959727652,-0.024575320407761,-0.0165300781923328,-0.0184461781757997
2024-08-02,-0.0332824330989658,0.001562959727652,-0.049138252587404,-0.0165300781923328
2024-08-03,-0.0356535591318625,-0.0332824330989658,-0.0416726964005679,-0.049138252587404
2024-08-04,-0.0205531967424727,-0.0356535591318625,-0.0501504750454422,-0.0416726964005679
2024-08-05,-0.0833294088908093,-0.0205531967424727,-0.1212213457856978,-0.0501504750454422
2024-08-06,0.0389856359169545,-0.0833294088908093,0.0212918667631311,-0.1212213457856978
2024-08-07,-0.0254218360814887,0.0389856359169545,-0.0579809630797311,0.0212918667631311
2024-08-08,0.0762969806388922,-0.0254218360814887,0.0900047571022441,-0.0579809630797311
2024-08-09,0.0208886168793331,0.0762969806388922,0.0091692606980833,0.0900047571022441
2024-08-10,0.0036404874378315,0.0208886168793331,0.004154171679138,0.0091692606980833
2024-08-11,-0.0416002203898167,0.0036404874378315,-0.0184010305355086,0.004154171679138
2024-08-12,0.0057766199656348,-0.0416002203898167,0.0472492758323307,-0.0184010305355086
2024-08-13,0.0288634944845804,0.0057766199656348,0.0066162636581811,0.0472492758323307
2024-08-14,-0.0238974667536997,0.0288634944845804,-0.0084453048549091,0.0066162636581811
2024-08-15,-0.0425070574390239,-0.0238974667536997,-0.048533336641713,-0.0084453048549091
2024-08-16,0.0447615832760836,-0.0425070574390239,0.0229141960608489,-0.048533336641713
2024-08-17,0.0018791058291739,0.0447615832760836,0.0021633634367088,0.0229141960608489
2024-08-18,0.0070467134426328,0.0018791058291739,0.0195438557843538,0.0021633634367088
2024-08-19,-0.0120175863212848,0.0070467134426328,-0.0187791836002766,0.0195438557843538
2024-08-20,0.0036567126147144,-0.0120175863212848,-0.0103920488815949,-0.0187791836002766
2024-08-21,0.0321018906196079,0.0036567126147144,0.0160591251608282,-0.0103920488815949
2024-08-22,-0.0093047821563508,0.0321018906196079,-0.0024618230295088,0.0160591251608282
2024-08-23,0.0486691282387405,-0.0093047821563508,0.0483927911806667,-0.0024618230295088
2024-08-24,0.0071768197797854,0.0486691282387405,0.0136806957025229,0.0483927911806667
2024-08-25,0.001004676893997,0.0071768197797854,-0.0080884776377723,0.0136806957025229
2024-08-26,-0.0126040075400329,0.001004676893997,-0.0298584320385396,-0.0080884776377723
2024-08-27,-0.0251611705748129,-0.0126040075400329,-0.0407987519491608,-0.0298584320385396
2024-08-28,-0.0417898334978055,-0.0251611705748129,-0.0171518728791749,-0.0407987519491608
2024-08-29,0.0035758646462296,-0.0417898334978055,0.0010437489254619,-0.0171518728791749
2024-08-30,-0.0081157396014633,0.0035758646462296,-0.008428293204578,0.0010437489254619
2024-08-31,-0.0017344879180289,-0.0081157396014633,-0.0048072232622395,-0.008428293204578
2024-09-01,-0.0090224161862695,-0.0017344879180289,-0.0019085956457772,-0.0048072232622395
2024-09-02,0.0097181998047845,-0.0090224161862695,0.0206206738087656,-0.0019085956457772
2024-09-03,-0.013216295711218,0.0097181998047845,-0.0363792445942904,0.0206206738087656
2024-09-04,-0.0031053654831799,-0.013216295711218,-0.0032534240454302,-0.0363792445942904
2024-09-05,-0.0343205305322929,-0.0031053654831799,-0.0364619403461785,-0.0032534240454302
2024-09-06,-0.0591734310676667,-0.0343205305322929,-0.0875626560381808,-0.0364619403461785
2024-09-07,0.0247502928961393,-0.0591734310676667,0.0461384650674769,-0.0875626560381808
2024-09-08,0.0036570521839339,0.0247502928961393,0.0025902136125111,0.0461384650674769
2024-09-09,0.0473459611481395,0.0036570521839339,0.0280239796596064,0.0025902136125111
2024-09-10,0.009739401691195,0.0473459611481395,0.015425341873051,0.0280239796596064
2024-09-11,-0.0014774902739919,0.009739401691195,-0.0128023755660041,0.015425341873051
2024-09-12,0.0122576826059758,-0.0014774902739919,0.0017235697045925,-0.0128023755660041
2024-09-13,0.028325274867096,0.0122576826059758,0.0300111523649453,0.0017235697045925
2024-09-14,0.002702276058699,0.028325274867096,-0.0028181371025452,0.0300111523649453
2024-09-15,-0.0037885787258552,0.002702276058699,-0.0222092815755511,-0.0028181371025452
2024-09-16,-0.0362490529171659,-0.0037885787258552,-0.0385363838855418,-0.0222092815755511
2024-09-17,0.0417406475838187,-0.0362490529171659,0.0304438173390186,-0.0385363838855418
2024-09-18,0.0017226985354878,0.0417406475838187,-0.0080725896880914,0.0304438173390186
2024-09-19,0.0455385523756996,0.0017226985354878,0.0584964509925532,-0.0080725896880914
2024-09-20,-0.0035753766406934,0.0455385523756996,0.0299042527552573,0.0584964509925532
2024-09-21,0.0052877399523011,-0.0035753766406934,0.0099285068157046,0.0299042527552573
2024-09-22,0.0010201276863215,0.0052877399523011,0.0028992013458248,0.0099285068157046
2024-09-23,0.0013595013041054,0.0010201276863215,0.0336618918619223,0.0028992013458248
2024-09-24,0.014553581163203,0.0013595013041054,-0.0040849806906377,0.0336618918619223
2024-09-25,-0.0115329431133211,0.014553581163203,-0.0268992216966307,-0.0040849806906377
2024-09-26,0.0184720451655377,-0.0115329431133211,0.0196141529573907,-0.0268992216966307
2024-09-27,0.0173852888444075,0.0184720451655377,0.0235777783977092,0.0196141529573907
2024-09-28,-0.0022513966642078,0.0173852888444075,-0.0068305157152574,0.0235777783977092
2024-09-29,0.0024451145090758,-0.0022513966642078,-0.0055387893336535,-0.0068305157152574
2024-09-30,-0.0314313076235168,0.0024451145090758,-0.0181145070387765,-0.0055387893336535
2024-10-01,-0.0482392632208875,-0.0314313076235168,-0.0639341042857795,-0.0181145070387765
2024-10-02,0.0021200550280177,-0.0482392632208875,-0.0271871038995238,-0.0639341042857795
2024-10-03,-0.0021940916268101,0.0021200550280177,-0.018380576476355,-0.0271871038995238
2024-10-04,0.0264092923570855,-0.0021940916268101,0.0363264741179655,-0.018380576476355
2024-10-05,-0.0109968681870337,0.0264092923570855,-0.0152668387325213,0.0363264741179655
2024-10-06,0.0143691102422499,-0.0109968681870337,0.0192975697408597,-0.0152668387325213
2024-10-07,0.0062361244993415,0.0143691102422499,0.0010819540159494,0.0192975697408597
2024-10-08,-0.0104499993718074,0.0062361244993415,0.0002866855079634,0.0010819540159494
2024-10-09,-0.0322120925706001,-0.0104499993718074,-0.0367006014450664,0.0002866855079634
2024-10-10,-0.0108240710723244,-0.0322120925706001,0.0052536928381814,-0.0367006014450664
2024-10-11,0.0532163174599906,-0.0108240710723244,0.0374890997218683,0.0052536928381814
2024-10-12,0.0006428268158645,0.0532163174599906,0.0052773784365205,0.0374890997218683
2024-10-13,-0.0045876992298683,0.0006428268158645,-0.0040570475754544,0.0052773784365205
2024-10-14,0.049198021982575,-0.0045876992298683,0.0635890797686031,-0.0040570475754544
2024-10-15,0.0085512573597209,0.049198021982575,-0.0191806222958907,0.0635890797686031
2024-10-16,0.0170784969874953,0.0085512573597209,0.0177681387627132,-0.0191806222958907
2024-10-17,-0.0102568813288822,0.0170784969874953,-0.0080586671254181,0.0177681387627132
2024-10-18,0.0220040796507288,-0.0102568813288822,0.0177909190450641,-0.0080586671254181
2024-10-19,-0.002597774693599,0.0220040796507288,0.0006051322965996,0.0177909190450641
2024-10-20,0.0075113954274975,-0.002597774693599,0.0246478859221803,0.0006051322965996
2024-10-21,-0.0150648735997794,0.0075113954274975,-0.0133689348399127,0.0246478859221803
2024-10-22,-0.0036018750920468,-0.0150648735997794,-0.0160239184664934,-0.0133689348399127
2024-10-23,-0.0133665504110694,-0.0036018750920468,-0.0468100415936157,-0.0160239184664934
2024-10-24,0.0231801284450381,-0.0133665504110694,0.0094892596715976,-0.0468100415936157
2024-10-25,-0.0202783264680678,0.0231801284450381,-0.024429427068196,0.0094892596715976
2024-10-26,0.0058826773006374,-0.0202783264680678,0.0048976728187881,-0.024429427068196
2024-10-27,0.0074749515649665,0.0058826773006374,0.0007436364161764,0.0048976728187881
2024-10-28,0.0284058281641045,0.0074749515649665,0.0108502328313494,0.0007436364161764
2024-10-29,0.0378565535067798,0.0284058281641045,0.0406475650944432,0.0108502328313494
2024-10-30,0.0072971464743804,0.0378565535067798,0.0222226335133625,0.0406475650944432
2024-10-31,-0.0408543131857316,0.0072971464743804,-0.0620755544672162,0.0222226335133625
2024-11-01,-0.0104798049528661,-0.0408543131857316,0.0002978288300465,-0.0620755544672162
2024-11-02,0.0044195782782127,-0.0104798049528661,-0.009638936476346,0.0002978288300465
2024-11-03,-0.0056486836443529,0.0044195782782127,-0.0104333213858983,-0.009638936476346
2024-11-04,-0.0299014133940848,-0.0056486836443529,-0.0410363808570702,-0.0104333213858983
2024-11-05,0.0305288796876364,-0.0299014133940848,0.0193531505813148,-0.0410363808570702
2024-11-06,0.0942176258313904,0.0305288796876364,0.107389008290603,0.0193531505813148
2024-11-07,-0.0002763921627514,0.0942176258313904,0.0735965844688797,0.107389008290603
2024-11-08,0.0073967065321176,-0.0002763921627514,0.016835904655538,0.0735965844688797
2024-11-09,-0.0007319831186452,0.0073967065321176,0.0447869497730695,0.016835904655538
2024-11-10,0.0440113484721131,-0.0007319831186452,0.0296012141015465,0.0447869497730695
2024-11-11,0.0966771330050784,0.0440113484721131,0.0485446324512447,0.0296012141015465
2024-11-12,0.0031757040169092,0.0966771330050784,-0.014568982585969,0.0485446324512447
2024-11-13,0.0037580963295895,0.0031757040169092,-0.0394456733061054,-0.014568982585969
2024-11-14,-0.0047154163599905,0.0037580963295895,-0.011046665664828,-0.0394456733061054
2024-11-15,0.0391825669497776,-0.0047154163599905,-0.0089195741971618,-0.011046665664828
2024-11-16,-0.0077135549526102,0.0391825669497776,0.0206603442812556,-0.0089195741971618
2024-11-17,-0.0212577936481475,-0.0077135549526102,-0.0301008914564609,0.0206603442812556
2024-11-18,0.024684266339162,-0.0212577936481475,0.0282552230195551,-0.0301008914564609
2024-11-19,0.0096352329629145,0.024684266339162,-0.0175669505181872,0.0282552230195551
2024-11-20,0.0237712568669143,0.0096352329629145,-0.0048119828743671,-0.0175669505181872
2024-11-21,0.0376115194177816,0.0237712568669143,0.0834452288193763,-0.0048119828743671
2024-11-22,0.0133985507111739,0.0376115194177816,-0.0085921100789276,0.0834452288193763
2024-11-23,-0.0134546278121044,0.0133985507111739,0.0299814040938189,-0.0085921100789276
2024-11-24,-0.0105266287779613,-0.0134546278121044,-0.0217327595858445,0.0299814040938189
2024-11-25,-0.0351052524155246,-0.0105266287779613,0.0268639661795072,-0.0217327595858445
2024-11-26,-0.0220298261217315,-0.0351052524155246,-0.0342696307034949,0.0268639661795072
2024-11-27,0.0505653402066931,-0.0220298261217315,0.0905948812021113,-0.0342696307034949
2024-11-28,-0.013338716851755,0.0505653402066931,-0.0182577731777949,0.0905948812021113
2024-11-29,0.0241088135293977,-0.013338716851755,0.0060479131839317,-0.0182577731777949
2024-11-30,-0.0064801435286799,0.0241088135293977,0.0350366279447527,0.0060479131839317
2024-12-01,0.0102643511728067,-0.0064801435286799,-0.0036471095731819,0.0350366279447527
2024-12-02,-0.0250118478189645,0.0102643511728067,-0.0250654743287275,-0.0036471095731819
2024-12-03,0.007007701440126,-0.0250118478189645,-0.0002073928650462,-0.0250654743287275
2024-12-04,0.0185085296466134,0.007007701440126,0.061210903890192,-0.0002073928650462
2024-12-05,0.0115056982495065,0.0185085296466134,0.0041716103261139,0.061210903890192
2024-12-06,0.0157227120041992,0.0115056982495065,0.0432277382071028,0.0041716103261139
2024-12-07,-0.0060133611602327,0.0157227120041992,-0.0053980901985554,0.0432277382071028
2024-12-08,0.0011496207518078,-0.0060133611602327,-0.00391125827419,-0.0053980901985554
2024-12-09,-0.0321888807741713,0.0011496207518078,-0.0760092349227647,-0.00391125827419
2024-12-10,9.285577956522566e-05,-0.0321888807741713,-0.0161682191129941,-0.0760092349227647
2024-12-11,0.047409212283035,9.285577956522566e-05,0.0508957470911806,-0.0161682191129941
2024-12-12,-0.0183550603844738,0.047409212283035,0.0090276180899199,0.0508957470911806
2024-12-13,0.0155025676938144,-0.0183550603844738,0.0095618155848429,0.0090276180899199
2024-12-14,-0.0027369665429951,0.0155025676938144,-0.0144746838036231,0.0095618155848429
2024-12-15,0.0174147722354635,-0.0027369665429951,0.0021807145287091,-0.0144746838036231
2024-12-16,0.0310038162662734,0.0174147722354635,0.0487784326858036,0.0021807145287091
2024-12-17,0.0031294981216156,0.0310038162662734,-0.0292104975441389,0.0487784326858036
2024-12-18,-0.0528161991436794,0.0031294981216156,-0.0635836535920672,-0.0292104975441389
2024-12-19,-0.0365464253131698,-0.0528161991436794,-0.0771540084537008,-0.0635836535920672
2024-12-20,-0.0077934998517094,-0.0365464253131698,0.0064776136860942,-0.0771540084537008
2024-12-21,0.0028954804231755,-0.0077934998517094,-0.0361425367188137,0.0064776136860942
2024-12-22,-0.0180623452177403,0.0028954804231755,0.0361425367188137,-0.0361425367188137
2024-12-23,-0.013484828994282,-0.0180623452177403,-0.005804557840948,0.0361425367188137
2024-12-24,0.0467192041009408,-0.013484828994282,0.020084223818402,-0.005804557840948
2024-12-25,0.0011181362851493,0.0467192041009408,-0.0066019182478004,0.020084223818402
2024-12-26,-0.0282100631992715,0.0011181362851493,-0.0387821115926772,-0.0066019182478004
2024-12-27,-0.0137041118255646,-0.0282100631992715,-0.0054845596935846,-0.0387821115926772
2024-12-28,0.0063886368003288,-0.0137041118255646,0.0247840689714987,-0.0054845596935846
2024-12-29,-0.0192477140504062,0.0063886368003288,-0.0160494708464728,0.0247840689714987
2024-12-30,-0.0136461520104514,-0.0192477140504062,-0.0092687144392851,-0.0160494708464728
2024-12-31,0.019260736336352,-0.0136461520104514,0.0098666485946546,-0.0092687144392851
2025-01-01,0.0113356954106807,0.019260736336352,0.0061855314418679,0.0098666485946546
2025-01-02,0.0243478506551084,0.0113356954106807,0.0247838198187996,0.0061855314418679
2025-01-03,0.0114588779155366,0.0243478506551084,0.0458206507793258,0.0247838198187996
2025-01-04,0.0012031779527555,0.0114588779155366,0.0123702368391045,0.0458206507793258
2025-01-05,-0.0012169715395674,0.0012031779527555,-0.003195481404284,0.0123702368391045
2025-01-06,0.034294918290502,-0.0012169715395674,0.0061682009273477,-0.003195481404284
2025-01-07,-0.0515619639627889,0.034294918290502,-0.085686070578592,0.0061682009273477
2025-01-08,-0.0217054649459641,-0.0515619639627889,-0.020566454984424,-0.085686070578592
2025-01-09,-0.0251603515708247,-0.0217054649459641,-0.0275140851260921,-0.020566454984424
2025-01-10,0.0268405366505112,-0.0251603515708247,0.0175860339085725,-0.0275140851260921
2025-01-11,0.0029341143582442,0.0268405366505112,0.0123319931425885,0.0175860339085725
2025-01-12,-0.0063580119227601,0.0029341143582442,-0.0123993488788733,0.0123319931425885
2025-01-13,-0.0014932573036369,-0.0063580119227601,-0.047787644934781,-0.0123993488788733
2025-01-14,0.0238123501863372,-0.0014932573036369,0.0319407732472747,-0.047787644934781
2025-01-15,0.0329512996409977,0.0238123501863372,0.065620241654562,0.0319407732472747
2025-01-16,0.0046374050266276,0.0329512996409977,-0.0338150675086334,0.065620241654562
2025-01-17,0.0440108859529168,0.0046374050266276,0.0458461891368405,-0.0338150675086334
2025-01-18,-0.0077921937070515,0.0440108859529168,-0.0600913923947506,0.0458461891368405
2025-01-19,-0.0016361713047511,-0.0077921937070515,-0.0129575100877844,-0.0600913923947506
2025-01-20,-0.0107911889424281,-0.0016361713047511,0.0157990583992269,-0.0129575100877844
2025-01-21,0.0405119895409116,-0.0107911889424281,0.0155173154951671,0.0157990583992269
2025-01-22,-0.0257792403465053,0.0405119895409116,-0.0224997959803531,0.0155173154951671
2025-01-23,-0.0091221659107764,-0.0257792403465053,-0.0029292048318445,-0.0224997959803531
2025-01-24,0.019008011110073,-0.0091221659107764,0.0246724916454732,-0.0029292048318445
2025-01-25,-0.0003574251836098,0.019008011110073,0.0028219845480063,0.0246724916454732
2025-01-26,-0.0042516860786003,-0.0003574251836098,-0.0125725653943093,0.0028219845480063
2025-01-27,-0.0317501074037521,-0.0042516860786003,-0.0424878898327373,-0.0125725653943093
2025-01-28,-0.0101553012784319,-0.0317501074037521,-0.0346268543739882,-0.0424878898327373
2025-01-29,0.0336958626867743,-0.0101553012784319,0.0283165436625385,-0.0346268543739882
2025-01-30,0.0123053181381866,0.0336958626867743,0.0326689172348535,0.0283165436625385
2025-01-31,-0.0280149222402453,0.0123053181381866,0.0221610567467905,0.0326689172348535
2025-02-01,-0.009261420193913,-0.0280149222402453,-0.0520952730783489,0.0221610567467905
2025-02-02,-0.0428995966810813,-0.009261420193913,-0.0802194950659858,-0.0520952730783489
2025-02-03,0.0494645179378851,-0.0428995966810813,-0.0318259522995257,-0.0802194950659858
2025-02-04,-0.0541363377749822,0.0494645179378851,-0.06418432662805,-0.0318259522995257
2025-02-05,0.0043953678693813,-0.0541363377749822,0.0538479205754496,-0.06418432662805
2025-02-06,-0.0011387973294262,0.0043953678693813,-0.0282232770145144,0.0538479205754496
2025-02-07,-0.0083212272161507,-0.0011387973294262,-0.04523033994893,-0.0282232770145144
2025-02-08,0.0056169671549133,-0.0083212272161507,0.019473124898625,-0.04523033994893
2025-02-09,-0.012974255372907,0.0056169671549133,-0.0319296837151984,0.019473124898625
2025-02-10,0.0217648540685725,-0.012974255372907,0.0416515453398913,-0.0319296837151984
2025-02-11,-0.0104816425259245,0.0217648540685725,-0.0163576919630881,0.0416515453398913
2025-02-12,0.0132835840656931,-0.0104816425259245,0.0229309314588085,-0.0163576919630881
2025-02-13,-0.0121124174169031,0.0132835840656931,-0.0059769510919874,0.0229309314588085
2025-02-14,0.0102472092991818,-0.0121124174169031,0.0288638081389707,-0.0059769510919874
2025-02-15,0.0019352278205163,0.0102472092991818,-0.0163084113642668,0.0288638081389707
2025-02-16,-0.005302588408673,0.0019352278205163,-0.0052377033065946,-0.0163084113642668
2025-02-17,-0.0075874546384271,-0.005302588408673,0.0326880087066636,-0.0052377033065946
2025-02-18,-0.0146338633244338,-0.0075874546384271,-0.0458639629597931,0.0326880087066636
2025-02-19,0.0133685340094682,-0.0146338633244338,0.0218619941899562,-0.0458639629597931
2025-02-20,0.0187101289605035,0.0133685340094682,0.0063663911826465,0.0218619941899562
2025-02-21,-0.0287444079240082,0.0187101289605035,-0.0324420844082114,0.0063663911826465
2025-02-22,0.0135953137300734,-0.0287444079240082,0.046628113582755,-0.0324420844082114
2025-02-23,-0.0094473760111151,0.0135953137300734,0.0149851144063259,0.046628113582755
2025-02-24,-0.0186892403179827,-0.0094473760111151,-0.0629168312720221,0.0149851144063259
2025-02-25,-0.0580263129041307,-0.0186892403179827,-0.0485763173602807,-0.0629168312720221
2025-02-26,-0.0488280761126674,-0.0580263129041307,-0.0712679055176736,-0.0485763173602807
2025-02-27,-0.0018990307829248,-0.0488280761126674,-0.0261985893749828,-0.0712679055176736
2025-02-28,-0.0004948164225274,-0.0018990307829248,-0.0237753314830406,-0.0261985893749828
2025-03-01,0.0212462723490194,-0.0004948164225274,0.0018138802694275,-0.0237753314830406
2025-03-02,0.0912507089332154,0.0212462723490194,0.1252665733334476,0.0018138802694275
2025-03-03,-0.100254070603198,0.0912507089332154,-0.1802001654952988,0.1252665733334476
2025-03-04,0.0257590777611691,-0.100254070603198,0.0316345104416376,-0.1802001654952988
2025-03-05,0.032497992859159,0.0257590777611691,0.0264073448508012,0.0316345104416376
2025-03-06,-0.01036120737552,0.032497992859159,-0.0124688043231715,0.0264073448508012
2025-03-07,-0.0364357845918045,-0.01036120737552,-0.031409308039673,-0.0124688043231715
2025-03-08,-0.0007826996648883,-0.0364357845918045,0.0350611904653412,-0.031409308039673
2025-03-09,-0.0369351999576611,-0.0007826996648883,-0.0790082493764245,0.0350611904653412
2025-03-10,-0.0468585694418383,-0.0369351999576611,-0.0904931936910384,-0.0790082493764245
2025-03-11,0.0436611287188671,-0.0468585694418383,0.034651849145131,-0.0904931936910384
2025-03-12,0.0039518479042258,0.0436611287188671,-0.0234005778353903,0.034651849145131
2025-03-13,-0.0341632166692765,0.0039518479042258,-0.0266443937302821,-0.0234005778353903
2025-03-14,0.0465079604257573,-0.0341632166692765,0.0442615409526354,-0.0266443937302821
2025-03-15,0.0027371837141171,0.0465079604257573,0.0095554060431579,0.0442615409526354
2025-03-16,-0.0139770927903898,0.0027371837141171,-0.0253192586500167,0.0095554060431579
2025-03-17,0.0088516920896914,-0.0139770927903898,0.0209533961081235,-0.0253192586500167
2025-03-18,-0.0236193175551059,0.0088516920896914,-0.0158128081698688,0.0209533961081235
2025-03-19,0.0401630030885304,-0.0236193175551059,0.0657874457006492,-0.0158128081698688
2025-03-20,-0.0101691605372057,0.0401630030885304,-0.0278482926508456,0.0657874457006492
2025-03-21,-0.0039632612465665,-0.0101691605372057,-0.0025700842340886,-0.0278482926508456
2025-03-22,-0.0028009798240361,-0.0039632612465665,0.0097745195972587,-0.0025700842340886
2025-03-23,0.0143199973152247,-0.0028009798240361,-0.0002558718848387,0.0097745195972587
2025-03-24,0.0317134559402114,0.0143199973152247,0.0456664079270154,-0.0002558718848387
2025-03-25,-1.1832145094028271e-05,0.0317134559402114,-0.0098080145742441,0.0456664079270154
2025-03-26,-0.0070997846147414,-1.1832145094028271e-05,-0.0268023647883791,-0.0098080145742441
2025-03-27,0.0003590352918473,-0.0070997846147414,-0.0019212301778938,-0.0268023647883791
2025-03-28,-0.0410479326671262,0.0003590352918473,-0.0671192363900083,-0.0019212301778938
2025-03-29,-0.0154888122687523,-0.0410479326671262,-0.032022007132038,-0.0671192363900083
2025-03-30,0.0005072275796264,-0.0154888122687523,-0.0014974760421964,-0.032022007132038
2025-03-31,-0.0013344172603195,0.0005072275796264,0.0026630734603006,-0.0014974760421964
2025-04-01,0.0334243474576197,-0.0013344172603195,0.0499337571080762,0.0026630734603006
2025-04-02,0.0049874883978516,0.0334243474576197,-0.017193035062846,0.0499337571080762
2025-04-03,-0.0396817181414436,0.0049874883978516,-0.044719627442828,-0.017193035062846
2025-04-04,0.0215738522061202,-0.0396817181414436,0.0110993350109979,-0.044719627442828
2025-04-05,-0.0129950426102622,0.0215738522061202,-0.0157369210802363,0.0110993350109979
2025-04-06,-0.0523294117055294,-0.0129950426102622,-0.1285220752841149,-0.0157369210802363
2025-04-07,0.0013789704720038,-0.0523294117055294,-0.0026336898310564,-0.1285220752841149
2025-04-08,-0.0241040449453429,0.0013789704720038,-0.0589372121858952,-0.0026336898310564
2025-04-09,0.0769460604575016,-0.0241040449453429,0.1227062653892785,-0.0589372121858952
2025-04-10,-0.0407584547806337,0.0769460604575016,-0.0898536729347379,0.1227062653892785
2025-04-11,0.0482805841545114,-0.0407584547806337,0.0275422763453751,-0.0898536729347379
2025-04-12,0.0198397988563178,0.0482805841545114,0.0478519788708521,0.0275422763453751
2025-04-13,-0.0239673309193758,0.0198397988563178,-0.0362477293506741,0.0478519788708521
2025-04-14,0.0166109508647002,-0.0239673309193758,0.0276125493634372,-0.0362477293506741
2025-04-15,-0.010473584179802,0.0166109508647002,-0.025207411384393,0.0276125493634372
2025-04-16,0.0035794400320359,-0.010473584179802,-0.0135769550600513,-0.025207411384393
2025-04-17,0.0099603224747875,0.0035794400320359,0.0072597669615426,-0.0135769550600513
2025-04-18,-0.0076659843031536,0.0099603224747875,0.0057086007239111,0.0072597669615426
2025-04-19,0.0083535419789429,-0.0076659843031536,0.0128147322016169,0.0057086007239111
2025-04-20,-0.0013745306248293,0.0083535419789429,-0.01537862670182,0.0128147322016169
2025-04-21,0.0261126246620874,-0.0013745306248293,-0.0074270429375195,-0.01537862670182
2025-04-22,0.0428599762858817,0.0261126246620874,0.0725713901271952,-0.0074270429375195
2025-04-23,0.0272972576076183,0.0428599762858817,0.0573251055871773,0.0725713901271952
2025-04-24,-0.0019972648436878,0.0272972576076183,-0.0186378314999995,0.0573251055871773
2025-04-25,0.0156153641176772,-0.0019972648436878,0.0208843112005317,-0.0186378314999995
2025-04-26,-0.0086740786770491,0.0156153641176772,0.0035208082656275,0.0208843112005317
2025-04-27,0.0017666535687594,-0.0086740786770491,-0.0019390695220826,0.0035208082656275
2025-04-28,0.0021485241046599,0.0017666535687594,-0.0091811229873261,-0.0019390695220826
2025-04-29,0.0038472117449574,0.0021485241046599,0.0126355873273952,-0.0091811229873261
2025-04-30,-0.0031135242408036,0.0038472117449574,-0.0081013438457324,0.0126355873273952
2025-05-01,0.0198420186315202,-0.0031135242408036,0.0250936731781764,-0.0081013438457324
2025-05-02,0.0060511014338158,0.0198420186315202,0.0037798822102576,0.0250936731781764
2025-05-03,-0.0073776446654866,0.0060511014338158,-0.0043559817066145,0.0037798822102576
2025-05-04,-0.0064749561763306,-0.0073776446654866,-0.001392704846605,-0.0043559817066145
2025-05-05,-0.0155289863555654,-0.0064749561763306,-0.0152501350967097,-0.001392704846605
2025-05-06,0.0048038851919429,-0.0155289863555654,-0.0186238212914564,-0.0152501350967097
2025-05-07,0.0215259339964888,0.0048038851919429,0.0127138614151127,-0.0186238212914564
2025-05-08,0.0588239835142323,0.0215259339964888,0.1945206491913532,0.0127138614151127
2025-05-09,0.0054185401146028,0.0588239835142323,0.0691503264295309,0.1945206491913532
2025-05-10,-0.0001550649798058,0.0054185401146028,0.0621504631736664,0.0691503264295309
2025-05-11,0.0108637211392059,-0.0001550649798058,0.0080642212820209,0.0621504631736664
2025-05-12,-0.0156156005146612,0.0108637211392059,-0.0100090279769422,0.0080642212820209
2025-05-13,0.0185869771582879,-0.0156156005146612,0.0790552574959027,-0.0100090279769422
2025-05-14,-0.0099666341026323,0.0185869771582879,-0.0341426328741112,0.0790552574959027
2025-05-15,-0.0010703344995713,-0.0099666341026323,-0.0244537420001408,-0.0341426328741112
2025-05-16,0.0026741732507388,-0.0010703344995713,0.0134531264736302,-0.0244537420001408
2025-05-17,-0.0030436465978559,0.0026741732507388,-0.0322683195472414,0.0134531264736302
2025-05-18,0.0066274185474985,-0.0030436465978559,-0.038772844300549,-0.0322683195472414
2025-05-19,0.0129055019111035,0.0066274185474985,0.0511480199396512,-0.038772844300549
2025-05-20,0.0139275269959149,0.0129055019111035,-0.0028557092843251,0.0511480199396512
2025-05-21,0.0123903533062665,0.0139275269959149,-0.0025528047906137,-0.0028557092843251
2025-05-22,0.0254462676996692,0.0123903533062665,0.0518055726316128,-0.0025528047906137
2025-05-23,-0.02564739070563,0.0254462676996692,-0.0376465486130164,0.0518055726316128
2025-05-24,0.0059587288310573,-0.02564739070563,0.0033636828879521,-0.0376465486130164
2025-05-25,-0.0110434457194857,0.0059587288310573,-0.0109924121350472,0.0033636828879521
2025-05-26,0.0173937148521888,-0.0110434457194857,0.0169462291763737,-0.0109924121350472
2025-05-27,0.0002335558663017,0.0173937148521888,0.0389273393388503,0.0169462291763737
2025-05-28,-0.0211498084387841,0.0002335558663017,-0.0129295812173302,0.0389273393388503
2025-05-29,-0.0108202515755225,-0.0211498084387841,0.0034362797761278,-0.0129295812173302
2025-05-30,-0.015275056274065,-0.0108202515755225,-0.0257250021149139,0.0034362797761278
2025-05-31,0.0025320843536051,-0.015275056274065,-0.0132034715378502,-0.0257250021149139
2025-06-01,0.0017180862352243,0.0025320843536051,-0.0062086030926388,-0.0132034715378502
2025-06-02,-0.0008100664363026,0.0017180862352243,0.0053706817964081,-0.0062086030926388
2025-06-03,0.0083618617046837,-0.0008100664363026,0.0292346589646275,0.0053706817964081
2025-06-04,-0.0110289095887289,0.0083618617046837,-0.0041249649153499,0.0292346589646275
2025-06-05,-0.0402910329262461,-0.0110289095887289,-0.0826293178353184,-0.0041249649153499
2025-06-06,0.0396039969436387,-0.0402910329262461,0.0419440413391491,-0.0826293178353184
2025-06-07,0.0126806497747414,0.0396039969436387,0.0086685039896773,0.0419440413391491
2025-06-08,0.0028522928911899,0.0126806497747414,0.0036115331292248,0.0086685039896773
2025-06-09,0.0238518476312784,0.0028522928911899,0.0227165828442921,0.0036115331292248
2025-06-10,0.0108796967262069,0.0238518476312784,0.0679457877714748,0.0227165828442921
2025-06-11,-0.0097412360535717,0.0108796967262069,0.0153703558613087,0.0679457877714748
2025-06-12,-0.0268425098983705,-0.0097412360535717,-0.0635382651334786,0.0153703558613087
2025-06-13,-0.0051403750235719,-0.0268425098983705,-0.0366244466340013,-0.0635382651334786
2025-06-14,-0.0051710331924247,-0.0051403750235719,-0.0147620645579773,-0.0366244466340013
2025-06-15,-0.0013585485945171,-0.0051710331924247,-0.0024171075893218,-0.0147620645579773
2025-06-16,0.0379782439223428,-0.0013585485945171,0.0645272894942881,-0.0024171075893218
2025-06-17,-0.0414315990714765,0.0379782439223428,-0.0614052960613087,0.0645272894942881
2025-06-18,0.0041467841042586,-0.0414315990714765,0.0070295712729877,-0.0614052960613087
2025-06-19,-0.0052933670757046,0.0041467841042586,-0.0086990041134453,0.0070295712729877
2025-06-20,-0.0056005658874379,-0.0052933670757046,-0.0326106602771593,-0.0086990041134453
2025-06-21,-0.0020006515302904,-0.0056005658874379,-0.0095291249549845,-0.0326106602771593
2025-06-22,-0.038857225519373,-0.0020006515302904,-0.094130886590875,-0.0095291249549845
2025-06-23,0.0416404482657517,-0.038857225519373,0.0705931599229438,-0.094130886590875
2025-06-24,0.0223799109903281,0.0416404482657517,0.042579486499375,0.0705931599229438
2025-06-25,0.01587950516398,0.0223799109903281,-0.0035443561507497,0.042579486499375
2025-06-26,-0.0003716982264991,0.01587950516398,0.0019393013139587,-0.0035443561507497
2025-06-27,-0.0062143241938174,-0.0003716982264991,-0.0080929899299629,0.0019393013139587
2025-06-28,0.0007567033223271,-0.0062143241938174,0.0016592252385635,-0.0080929899299629
2025-06-29,0.0018752704119379,0.0007567033223271,0.0011922823750008,0.0016592252385635
2025-06-30,0.0018296689189536,0.0018752704119379,0.0285758609106643,0.0011922823750008
2025-07-01,-0.0154826585897182,0.0018296689189536,-0.0357799415102064,0.0285758609106643
2025-07-02,0.0303375019980944,-0.0154826585897182,0.0705204940816883,-0.0357799415102064
2025-07-03,0.0069497178712688,0.0303375019980944,0.0026730259992953,0.0705204940816883
2025-07-04,-0.0203334347912503,0.0069497178712688,-0.0424295115386731,0.0026730259992953
2025-07-05,0.0034584161478047,-0.0203334347912503,0.0062370805193182,-0.0424295115386731
2025-07-06,0.0055469229351286,0.0034584161478047,0.0156857271339018,0.0062370805193182
2025-07-07,-0.0076815608287019,0.0055469229351286,-0.0048803431235173,0.0156857271339018
2025-07-08,0.0073361345369471,-0.0076815608287019,0.0260061385023931,-0.0048803431235173
2025-07-09,0.0187821967763229,0.0073361345369471,0.0518974041971131,0.0260061385023931
2025-07-10,0.0250346896251513,0.0187821967763229,0.0289460338420129,0.0518974041971131
2025-07-11,0.035825129277389,0.0250346896251513,0.0536134734426874,0.0289460338420129
2025-07-12,-0.0051108497117187,0.035825129277389,-0.0192446081588782,0.0536134734426874
2025-07-13,0.0169217604717021,-0.0051108497117187,0.0251783693393801,-0.0192446081588782
2025-07-14,0.0091468362805552,0.0169217604717021,0.0041071652993815,0.0251783693393801
2025-07-15,-0.0316296356767493,0.0091468362805552,0.0121127827017799,0.0041071652993815
2025-07-16,0.0292863118854258,-0.0316296356767493,0.1056924320508063,0.0121127827017799
2025-07-17,-0.0038214198370703,0.0292863118854258,0.0108558133566067,0.1056924320508063
2025-07-18,-0.0167965559570949,-0.0038214198370703,0.0297731178155573,0.0108558133566067
2025-07-19,0.0026256358596381,-0.0167965559570949,0.0126292519964958,0.0297731178155573
2025-07-20,0.0028269320694725,0.0026256358596381,0.0479569531159505,0.0126292519964958
2025-07-21,-0.0096277217540046,0.0028269320694725,0.00455427376309,0.0479569531159505
2025-07-22,0.0234579986151611,-0.0096277217540046,-0.0137740715558016,0.00455427376309
2025-07-23,-0.0149823279857618,0.0234579986151611,-0.0376050585818033,-0.0137740715558016
2025-07-24,0.0065785015217769,-0.0149823279857618,0.0463329921725789,-0.0376050585818033
2025-07-25,-0.0139685574206617,0.0065785015217769,-0.014335068485566,0.0463329921725789
2025-07-26,0.0076741688479365,-0.0139685574206617,0.0161916575707868,-0.014335068485566
2025-07-27,0.0066551631999904,0.0076741688479365,0.0204701459981487,0.0161916575707868
2025-07-28,-0.0063514812381396,0.0066551631999904,-0.0091015622784621,0.0204701459981487
2025-07-29,-0.0052862858916685,-0.0063514812381396,-0.0069746110296181,-0.0091015622784621
2025-07-30,-0.0024283896908552,-0.0052862858916685,0.0019484645419917,-0.0069746110296181
2025-07-31,-0.0054670400732005,-0.0024283896908552,-0.009151364030403,0.0019484645419917
2025-08-01,-0.0226562408043459,-0.0054670400732005,-0.0540581513564807,-0.009151364030403
2025-08-02,-0.0099705658641667,-0.0226562408043459,-0.0336203533834011,-0.0540581513564807
2025-08-03,0.0147467582909126,-0.0099705658641667,0.0208776695316804,-0.0336203533834011
2025-08-04,0.0035308644687604,0.0147467582909126,0.0574731041586664,0.0208776695316804
2025-08-05,-0.0105267881757121,0.0035308644687604,-0.0344997782592543,0.0574731041586664
2025-08-06,0.0127947917857058,-0.0105267881757121,0.0277748908483051,-0.0344997782592543
2025-08-07,0.0182829175596594,0.0127947917857058,0.052344174072652,0.0277748908483051
2025-08-08,-0.0030020843907562,0.0182829175596594,0.046197456997032,0.052344174072652
2025-08-09,-0.0007826231538579,-0.0030020843907562,0.0555705838343741,0.046197456997032
2025-08-10,0.0134174063966469,-0.0007826231538579,-0.016344373035649,0.0555705838343741
2025-08-11,0.0041262019731332,0.0134174063966469,0.0067214362815383,-0.016344373035649
2025-08-12,0.0109588801540587,0.0041262019731332,0.083784026745939,0.0067214362815383
2025-08-13,0.0226457693243965,0.0109588801540587,0.0212330113738598,0.083784026745939
2025-08-14,-0.0414110409253692,0.0226457693243965,-0.0393957696391154,0.0212330113738598
2025-08-15,-0.0047878356172207,-0.0414110409253692,-0.0239882030718733,-0.0393957696391154
2025-08-16,0.0030707730153419,-0.0047878356172207,0.0014056274784928,-0.0239882030718733
2025-08-17,-0.0002484480820208,0.0030707730153419,0.0079318442512687,0.0014056274784928
2025-08-18,-0.0106411956555805,-0.0002484480820208,-0.0297541409837481,0.0079318442512687
2025-08-19,-0.0251661332916949,-0.0106411956555805,-0.0425463893626042,-0.0297541409837481
2025-08-20,0.0073322869121233,-0.0251661332916949,0.0470344547993848,-0.0425463893626042
2025-08-21,-0.0174781289922836,0.0073322869121233,-0.0270564529224524,0.0470344547993848
2025-08-22,0.0398852492041319,-0.0174781289922836,0.1322306733899645,-0.0270564529224524
2025-08-23,-0.0146090215905401,0.0398852492041319,-0.0187812843954686,0.1322306733899645
2025-08-24,-0.0223854764884295,-0.0146090215905401,0.007569512976725,-0.0187812843954686
2025-08-25,-0.02776708289201,-0.0223854764884295,-0.0941322240514131,0.007569512976725
2025-08-26,0.0155612444287711,-0.02776708289201,0.0517865945024247,-0.0941322240514131
2025-08-27,0.0093628495962423,0.0155612444287711,0.001230182516068,0.0517865945024247
2025-08-28,-0.0041521297080581,0.0093628495962423,-0.0301027699595744,0.001230182516068
2025-08-29,-0.0378056402747722,-0.0041521297080581,-0.0311713194020282,-0.0301027699595744
2025-08-30,0.0081788890453727,-0.0378056402747722,0.0050882474598245,-0.0311713194020282
2025-08-31,0.0038214812130325,0.0081788890453727,0.0254751766878344,0.0050882474598245
2025-09-01,-0.0023016625412189,0.0038214812130325,-0.0383670729181826,0.0254751766878344
2025-09-02,0.0231759195427326,-0.0023016625412189,0.0058468482665485,-0.0383670729181826
2025-09-03,0.007593523430252,0.0231759195427326,0.0348846760745277,0.0058468482665485
2025-09-04,-0.0166477058203542,0.007593523430252,-0.0363344811847438,0.0348846760745277
2025-09-05,0.0112163961830805,-0.0166477058203542,0.0072626663627668,-0.0363344811847438
2025-09-06,-0.0133821039113165,0.0112163961830805,-0.0138421354447119,0.0072626663627668
2025-09-07,0.0106253745650014,-0.0133821039113165,0.0047136690176971,-0.0138421354447119
2025-09-08,0.0056887305348703,0.0106253745650014,-0.000595557992613,0.0047136690176971
2025-09-09,-0.0043624192418514,0.0056887305348703,0.0013743660836907,-0.000595557992613
2025-09-10,0.0188760116566982,-0.0043624192418514,0.0063703778431359,0.0013743660836907
2025-09-11,0.0070273607405556,0.0188760116566982,0.0201913924764079,0.0063703778431359
2025-09-12,0.015689928153922,0.0070273607405556,0.0559355309487482,0.0201913924764079
2025-09-13,-0.0024523977812159,0.015689928153922,-0.0030325166641057,0.0559355309487482
2025-09-14,-0.0008242276977695,-0.0024523977812159,-0.0085294752042645,-0.0030325166641057
2025-09-15,-0.0038201676241366,-0.0008242276977695,-0.0233600628658587,-0.0085294752042645
2025-09-16,0.012897080812772,-0.0038201676241366,-0.0030782195503456,-0.0233600628658587
2025-09-17,-0.0108647567851954,0.012897080812772,0.001059692788285,-0.0030782195503456
2025-09-18,0.0166929519042229,-0.0108647567851954,0.0224518851736306,0.001059692788285
2025-09-19,-0.0186742864156792,0.0166929519042229,-0.0316353170451494,0.0224518851736306
2025-09-20,0.0037738391086901,-0.0186742864156792,0.0054528686618713,-0.0316353170451494
2025-09-21,-0.0036616886503941,0.0037738391086901,-0.0015345225918398,0.0054528686618713
2025-09-22,-0.0225206528402166,-0.0036616886503941,-0.0679245743120771,-0.0015345225918398
2025-09-23,-0.0073357729407807,-0.0225206528402166,-0.0018675570686672,-0.0679245743120771
2025-09-24,0.0138934106339556,-0.0073357729407807,-0.0023099734464758,-0.0018675570686672
2025-09-25,-0.0393282822798456,0.0138934106339556,-0.0691309953301054,-0.0023099734464758
2025-09-26,0.0015094902458425,-0.0393282822798456,0.0316210378254285,-0.0691309953301054
2025-09-27,0.0008967741770086,0.0015094902458425,-0.0013359089780409,0.0316210378254285
2025-09-28,0.0127754242732926,0.0008967741770086,0.0111285732722738,-0.0013359089780409
2025-09-29,0.0307312505198707,0.0127754242732926,0.0421435230239931,0.0111285732722738
2025-09-30,0.0024820015753068,0.0307312505198707,-0.0081748044430075,0.0421435230239931
2025-10-01,0.0254016005298061,0.0024820015753068,0.0330441155716006,-0.0081748044430075
2025-10-02,0.0262898622865122,0.0254016005298061,0.0355238266291595,0.0330441155716006
2025-10-03,0.0149945258714193,0.0262898622865122,0.0098682716118382,0.0355238266291595
2025-10-04,-0.0046564251940685,0.0149945258714193,-0.0127775153548552,0.0098682716118382
2025-10-05,0.0065556536899978,-0.0046564251940685,0.0045662891771205,-0.0127775153548552
2025-10-06,0.0199538786450737,0.0065556536899978,0.041848385070901,0.0045662891771205
2025-10-07,-0.0261462439945661,0.0199538786450737,-0.0392094599716998,0.041848385070901
2025-10-08,0.0074892442519367,-0.0261462439945661,-0.0018480705352263,-0.0392094599716998
2025-10-09,-0.0144294946717316,0.0074892442519367,-0.037008046678813,-0.0018480705352263
2025-10-10,-0.0576142028001618,-0.0144294946717316,-0.1165702462666358,-0.037008046678813
2025-10-11,-0.0351586007691241,-0.0576142028001618,-0.0425725607265739,-0.1165702462666358
2025-10-12,0.0409898016355781,-0.0351586007691241,0.1127425003460207,-0.0425725607265739
2025-10-13,0.0064161069512723,0.0409898016355781,0.0348000416746793,0.1127425003460207
2025-10-14,-0.0239259949548147,0.0064161069512723,-0.0401633474379033,0.0348000416746793
2025-10-15,-0.0166044090832243,-0.0239259949548147,-0.0387037514460872,-0.0401633474379033
2025-10-16,-0.0305539851750346,-0.0166044090832243,-0.0289577120805528,-0.0387037514460872
2025-10-17,-0.0071531705525628,-0.0305539851750346,0.0019248584998494,-0.0289577120805528
2025-10-18,0.000284684140016,-0.0071531705525628,0.0080971475313147,0.0019248584998494
2025-10-19,0.0169203734263802,0.000284684140016,0.0280833246932555,0.0080971475313147
2025-10-20,0.0194857178327793,0.0169203734263802,-0.0005000375132316,0.0280833246932555
2025-10-21,-0.0014871801435665,0.0194857178327793,-0.0097909417506991,-0.0005000375132316
2025-10-22,-0.0296534477167407,-0.0014871801435665,-0.0462956393513182,-0.0097909417506991
2025-10-23,0.0176424962097979,-0.0296534477167407,0.013311003619243,-0.0462956393513182
2025-10-24,0.0116390924671684,0.0176424962097979,0.0277585400074498,0.013311003619243
2025-10-25,0.0051276291180262,0.0116390924671684,0.002140329271268,0.0277585400074498
2025-10-26,0.0172449866827359,0.0051276291180262,0.0290357393305303,0.002140329271268
2025-10-27,0.0099262055285698,0.0172449866827359,0.0164758906513517,0.0290357393305303
2025-10-28,-0.0147685271155038,0.0099262055285698,-0.0369958309445941,0.0164758906513517
2025-10-29,-0.012181696800713,-0.0147685271155038,-0.0073208319339031,-0.0369958309445941
2025-10-30,-0.0360429342047102,-0.012181696800713,-0.0504113102201998,-0.0073208319339031
2025-10-31,0.0176601380811174,-0.0360429342047102,0.0269049096426468,-0.0504113102201998
2025-11-01,0.0088957018624828,0.0176601380811174,0.0055409818183038,0.0269049096426468
2025-11-02,-0.0035989495444322,0.0088957018624828,-0.0051525005421001,0.0055409818183038
2025-11-03,-0.0291502668727765,-0.0035989495444322,-0.0700441541309016,-0.0051525005421001
2025-11-04,-0.0633740452071202,-0.0291502668727765,-0.1137554723620222,-0.0700441541309016
2025-11-05,0.0329853455650725,-0.0633740452071202,0.0689179770004887,-0.1137554723620222
2025-11-06,-0.0252048543811298,0.0329853455650725,-0.0343793229245137,0.0689179770004887
2025-11-07,0.0267502900025979,-0.0252048543811298,0.04140406566405,-0.0343793229245137
2025-11-08,-0.0147160495337765,0.0267502900025979,-0.0172311472271108,0.04140406566405
2025-11-09,0.0212450167427746,-0.0147160495337765,0.0489515432271819,-0.0172311472271108
2025-11-10,0.0105043321621615,0.0212450167427746,-0.0105420695957766,0.0489515432271819
2025-11-11,-0.0284397398346052,0.0105043321621615,-0.0352307056926339,-0.0105420695957766
2025-11-12,-0.007572923304809,-0.0284397398346052,0.0011342907806742,-0.0352307056926339
2025-11-13,-0.0306206357366333,-0.007572923304809,-0.0734820097948258,0.0011342907806742
2025-11-14,-0.0391503354714297,-0.0306206357366333,-0.0043678788200774,-0.0734820097948258
2025-11-15,0.001983717475097,-0.0391503354714297,-0.0031918336471624,-0.0043678788200774
2025-11-16,-0.0186387544867721,0.001983717475097,-0.0268385854225605,-0.0031918336471624
2025-11-17,-0.0176441309297601,-0.0186387544867721,-0.0215248839948724,-0.0268385854225605
2025-11-18,0.0071132451859113,-0.0176441309297601,0.029392775803051,-0.0215248839948724
2025-11-19,-0.0210577376178096,0.0071132451859113,-0.0354500446785679,0.029392775803051
2025-11-20,-0.0372978608455766,-0.0210577376178096,-0.03771497877662,-0.0354500446785679
2025-11-21,-0.0238467080382645,-0.0372978608455766,-0.0397932883204553,-0.03771497877662
2025-11-22,-0.0092204157742392,-0.0238467080382645,-0.0071111152773199,-0.0397932883204553
2025-11-23,0.0419355006517329,-0.0092204157742392,0.034381690972621,-0.0071111152773199
2025-11-24,0.0090451901082058,0.0419355006517329,0.0407751337585565,0.034381690972621
2025-11-25,-0.02011788325946,0.0090451901082058,-0.009706408739737,0.0407751337585565
2025-11-26,0.0356818949837344,-0.02011788325946,0.0302350526059831,-0.009706408739737
2025-11-27,0.0133570181840575,0.0356818949837344,0.0038638265559886,0.0302350526059831
2025-11-28,-0.0051948271339137,0.0133570181840575,0.001409712757503,0.0038638265559886
2025-11-29,0.0012381105478186,-0.0051948271339137,-0.0142274241189165,0.001409712757503
2025-11-30,0.001515408153082,0.0012381105478186,0.0089174872983194,-0.0142274241189165
2025-12-01,-0.0531350664648002,0.001515408153082,-0.0789673341449662,0.0089174872983194
2025-12-02,0.0579729924579246,-0.0531350664648002,0.070683972858718,-0.0789673341449662
2025-12-03,0.0228403976892387,0.0579729924579246,0.0547809662268168,0.070683972858718
2025-12-04,-0.0168738629983313,0.0228403976892387,-0.0135437369622067,0.0547809662268168
2025-12-05,-0.0330165845957834,-0.0168738629983313,-0.0337450138072728,-0.0135437369622067
2025-12-06,0.0029906953622898,-0.0330165845957834,0.0079359998532065,-0.0337450138072728
2025-12-07,0.0087032450948725,0.0029906953622898,0.0138889082413166,0.0079359998532065
2025-12-08,0.0123930461845403,0.0087032450948725,0.0198098062096652,0.0138889082413166
2025-12-09,0.0145314140683793,0.0123930461845403,0.0474109154051095,0.0198098062096652
2025-12-10,-0.0030149598901376,0.0145314140683793,0.0122363621001025,0.0474109154051095
2025-12-11,0.0054002300906678,-0.0030149598901376,-0.0276408196673252,0.0122363621001025
2025-12-12,-0.0293986779264238,0.0054002300906678,-0.0528698358340786,-0.0276408196673252
2025-12-13,-0.0004091494203277,-0.0293986779264238,0.0095741463106872,-0.0528698358340786
2025-12-14,-0.0192030922800084,-0.0004091494203277,-0.0098433903690755,0.0095741463106872
2025-12-15,-0.0255916762648211,-0.0192030922800084,-0.0452686377788639,-0.0098433903690755
2025-12-16,0.0178996453156278,-0.0255916762648211,0.0019194905340758,-0.0452686377788639
2025-12-17,-0.0207609646560426,0.0178996453156278,-0.045863429024493,0.0019194905340758
2025-12-18,-0.0044331347813775,-0.0207609646560426,0.0030281642196873,-0.045863429024493
2025-12-19,0.0253697349033878,-0.0044331347813775,0.0505102155708176,0.0030281642196873
2025-12-20,0.0044338441770017,0.0253697349033878,0.0016091837790383,0.0505102155708176
2025-12-21,-0.0003888803849442,0.0044338441770017,-0.001710053952486,0.0016091837790383
2025-12-22,0.0010552617757264,-0.0003888803849442,0.0046462639294153,-0.001710053952486
2025-12-23,-0.0066415618703312,0.0010552617757264,-0.0049153008126314,0.0046462639294153
2025-12-24,-0.0002490387408431,-0.0066415618703312,-0.008023573330463,-0.0049153008126314
2025-12-25,0.002335252326696,-0.0002490387408431,-0.001323173365883,-0.008023573330463
2025-12-26,-0.004811213680116,0.002335252326696,-0.0073841561550595,-0.001323173365883
2025-12-27,0.0019471045209177,-0.004811213680116,0.0030563675585152,-0.0073841561550595
2025-12-28,-0.0006330785814658,0.0019471045209177,0.0007737076146253,0.0030563675585152
2025-12-29,-0.0034935276376092,-0.0006330785814658,-0.0001362927024182,0.0007737076146253
2025-12-30,0.0109846166391908,-0.0034935276376092,0.0105552072599906,-0.0001362927024182
2025-12-31,-0.0058062780569171,0.0109846166391908,0.0043032236232183,0.0105552072599906
