Date,ETH_Price,ETH_Return,ETH_Lagged_Return
2021-01-01,729.91,,
2021-01-02,769.22,0.05245577554599077,
2021-01-03,729.91,-0.052455775545990894,0.05245577554599077
2021-01-04,1007.23,0.3220380289599853,-0.052455775545990894
2021-01-05,1085.06,0.07443129615412769,0.3220380289599853
2021-01-06,1184.24,0.08746593362046948,0.07443129615412769
2021-01-07,1255.65,0.058552148168938375,0.08746593362046948
2021-01-08,1192.72,-0.05141695365403145,0.058552148168938375
2021-01-09,1292.99,0.08072095266975712,-0.05141695365403145
2021-01-10,1302.01,0.006951858440670317,0.08072095266975712
2021-01-11,1035.05,-0.22945948951920866,0.006951858440670317
2021-01-12,1077.49,0.040184527481014504,-0.22945948951920866
2021-01-13,1126.58,0.044552232580922876,0.040184527481014504
2021-01-14,1186.86,0.05212466948273948,0.044552232580922876
2021-01-15,1159.41,-0.023399909236663158,0.05212466948273948
2021-01-16,1235.4,0.06348354924242257,-0.023399909236663158
2021-01-17,1159.41,-0.06348354924242251,0.06348354924242257
2021-01-18,1233.89,0.062260525467799144,-0.06348354924242251
2021-01-19,1409.63,0.1331554781016388,0.062260525467799144
2021-01-20,1324.43,-0.06234508040543261,0.1331554781016388
2021-01-21,1171.2,-0.12295331397633451,-0.06234508040543261
2021-01-22,1244.25,0.060504074531616416,-0.12295331397633451
2021-01-23,1247.68,0.002752888055569036,0.060504074531616416
2021-01-24,1359.52,0.08584586946099863,0.002752888055569036
2021-01-25,1346.45,-0.009660197001613675,0.08584586946099863
2021-01-26,1334.63,-0.008817399391465239,-0.009660197001613675
2021-01-27,1276.74,-0.04434414575199219,-0.008817399391465239
2021-01-28,1352.73,0.05781481860555217,-0.04434414575199219
2021-01-29,1372.48,0.014494549612803347,0.05781481860555217
2021-01-30,1389.0,0.011964741425828096,0.014494549612803347
2021-01-31,1290.91,-0.07323666773825802,0.011964741425828096
2021-02-01,1350.5,0.04512749821658444,-0.07323666773825802
2021-02-02,1519.97,0.11821570357077245,0.04512749821658444
2021-02-03,1633.39,0.0719670119028979,0.11821570357077245
2021-02-04,1642.41,0.0055070656306023275,0.0719670119028979
2021-02-05,1720.54,0.04647351968584399,0.0055070656306023275
2021-02-06,1711.01,-0.005554355612313411,0.04647351968584399
2021-02-07,1557.66,-0.0938991442931581,-0.005554355612313411
2021-02-08,1703.95,0.08976439011843462,-0.0938991442931581
2021-02-09,1770.03,0.03804741034103177,0.08976439011843462
2021-02-10,1729.19,-0.023343404821077048,0.03804741034103177
2021-02-11,1769.74,0.023179552367020035,-0.023343404821077048
2021-02-12,1853.01,0.045978700802147415,0.023179552367020035
2021-02-13,1813.84,-0.021365199006485296,0.045978700802147415
2021-02-14,1804.34,-0.005251270987551053,-0.021365199006485296
2021-02-15,1789.29,-0.00837598082637144,-0.005251270987551053
2021-02-16,1753.2,-0.020376203559810364,-0.00837598082637144
2021-02-17,1855.55,0.05673845850751473,-0.020376203559810364
2021-02-18,1946.69,0.04794934633152888,0.05673845850751473
2021-02-19,1957.21,0.0053894953580914265,0.04794934633152888
2021-02-20,1965.53,0.004241939295426278,0.0053894953580914265
2021-02-21,1951.48,-0.007173869995836522,0.004241939295426278
2021-02-22,1801.32,-0.08006832958129385,-0.007173869995836522
2021-02-23,1535.74,-0.1595073799137253,-0.08006832958129385
2021-02-24,1591.54,0.035689751381780876,-0.1595073799137253
2021-02-25,1522.79,-0.04415792229189868,0.035689751381780876
2021-02-26,1429.1,-0.06349930314849296,-0.04415792229189868
2021-02-27,1507.31,0.05328172968608099,-0.06349930314849296
2021-02-28,1329.79,-0.12530557016155885,0.05328172968608099
2021-03-01,1546.52,0.15098621045729355,-0.12530557016155885
2021-03-02,1468.17,-0.05199051818513381,0.15098621045729355
2021-03-03,1595.24,0.08300746783444198,-0.05199051818513381
2021-03-04,1516.52,-0.050605958814754874,0.08300746783444198
2021-03-05,1532.36,0.010390794336480625,-0.050605958814754874
2021-03-06,1642.96,0.06969046239123927,0.010390794336480625
2021-03-07,1675.91,0.01985680828432285,0.06969046239123927
2021-03-08,1791.14,0.06649598731042594,0.01985680828432285
2021-03-09,1825.05,0.018755095274981246,0.06649598731042594
2021-03-10,1815.76,-0.005103271064353549,0.018755095274981246
2021-03-11,1841.02,0.013815652997908275,-0.005103271064353549
2021-03-12,1757.95,-0.04617140840515873,0.013815652997908275
2021-03-13,1932.61,0.09472306349834499,-0.04617140840515873
2021-03-14,1853.96,-0.04154752900828254,0.09472306349834499
2021-03-15,1792.41,-0.03376280891179588,-0.04154752900828254
2021-03-16,1797.77,0.0029859249298734253,-0.03376280891179588
2021-03-17,1815.88,0.010023190744648053,0.0029859249298734253
2021-03-18,1773.4,-0.023671590736844925,0.010023190744648053
2021-03-19,1817.32,0.024464280418339375,-0.023671590736844925
2021-03-20,1828.13,0.005930698094970087,0.024464280418339375
2021-03-21,1791.22,-0.020396634538034298,0.005930698094970087
2021-03-22,1678.27,-0.0651334509977006,-0.020396634538034298
2021-03-23,1672.15,-0.003653277384137217,-0.0651334509977006
2021-03-24,1611.67,-0.036839315069871,-0.003653277384137217
2021-03-25,1603.35,-0.005175718081408596,-0.036839315069871
2021-03-26,1665.62,0.0381022360854666,-0.005175718081408596
2021-03-27,1718.98,0.03153366517031431,0.0381022360854666
2021-03-28,1702.01,-0.009921186087128258,0.03153366517031431
2021-03-29,1807.11,0.059918978560162796,-0.009921186087128258
2021-03-30,1840.92,0.018536562527802447,0.059918978560162796
2021-03-31,1939.94,0.05239159809936447,0.018536562527802447
2021-04-01,1969.3,0.015021104894103743,0.05239159809936447
2021-04-02,2090.9,0.05991644563922689,0.015021104894103743
2021-04-03,2060.87,-0.014466371552917506,0.05991644563922689
2021-04-04,2072.86,0.0058010724572622,-0.014466371552917506
2021-04-05,2104.42,0.015110598526365726,0.0058010724572622
2021-04-06,2121.97,0.00830500775987136,0.015110598526365726
2021-04-07,1987.85,-0.06529124981443729,0.00830500775987136
2021-04-08,2054.0,0.03273545883498133,-0.06529124981443729
2021-04-09,2070.93,0.00820867023927277,0.03273545883498133
2021-04-10,2094.55,0.011340951420214972,0.00820867023927277
2021-04-11,2147.04,0.024751416204656342,0.011340951420214972
2021-04-12,2144.39,-0.0012350197192224498,0.024751416204656342
2021-04-13,2302.11,0.07097096404194511,-0.0012350197192224498
2021-04-14,2370.08,0.029097616158371815,0.07097096404194511
2021-04-15,2502.69,0.054442443549470976,0.029097616158371815
2021-04-16,2460.21,-0.01711944124660308,0.054442443549470976
2021-04-17,2392.53,-0.027895328703162383,-0.01711944124660308
2021-04-18,2171.89,-0.09675362722932,-0.027895328703162383
2021-04-19,2208.18,0.016570890609272467,-0.09675362722932
2021-04-20,2307.1,0.04382267775816288,0.016570890609272467
2021-04-21,2404.24,0.041242520711140956,0.04382267775816288
2021-04-22,2407.68,0.0014297829498524425,0.041242520711140956
2021-04-23,2322.86,-0.035864443174524134,0.0014297829498524425
2021-04-24,2296.38,-0.011465215086573126,-0.035864443174524134
2021-04-25,2327.7,0.013546685596554345,-0.011465215086573126
2021-04-26,2458.98,0.05486597422754719,0.013546685596554345
2021-04-27,2647.72,0.07395226248918228,0.05486597422754719
2021-04-28,2707.09,0.022175364913936683,0.07395226248918228
2021-04-29,2709.34,0.0008308055783679939,0.022175364913936683
2021-04-30,2765.22,0.02041513501779779,0.0008308055783679939
2021-05-01,2950.49,0.06485106044057641,0.02041513501779779
2021-05-02,2936.64,-0.0047051876047732085,0.06485106044057641
2021-05-03,3287.79,0.11294953589259679,-0.0047051876047732085
2021-05-04,3406.02,0.03532884767275327,0.11294953589259679
2021-05-05,3465.65,0.01735575102275633,0.03532884767275327
2021-05-06,3467.88,0.0006432510068875298,0.01735575102275633
2021-05-07,3502.02,0.009796488626120092,0.0006432510068875298
2021-05-08,3849.77,0.09467346138580691,0.009796488626120092
2021-05-09,3910.68,0.015697865664200162,0.09467346138580691
2021-05-10,3911.4,0.00018409425677927454,0.015697865664200162
2021-05-11,4143.97,0.057758899372326436,0.00018409425677927454
2021-05-12,4101.62,-0.010272247927378447,0.057758899372326436
2021-05-13,3717.92,-0.09821764549819405,-0.010272247927378447
2021-05-14,3997.73,0.07256232790765173,-0.09821764549819405
2021-05-15,3791.73,-0.05290432070470812,0.07256232790765173
2021-05-16,3358.21,-0.12141428540159246,-0.05290432070470812
2021-05-17,3442.13,0.024682371890715222,-0.12141428540159246
2021-05-18,3440.38,-0.0005085354144676545,0.024682371890715222
2021-05-19,2603.4,-0.27876364735054143,-0.0005085354144676545
2021-05-20,2764.46,0.06002703447835096,-0.27876364735054143
2021-05-21,2253.71,-0.20426757034813395,0.06002703447835096
2021-05-22,2362.01,0.04693520428602244,-0.20426757034813395
2021-05-23,1899.33,-0.21801175906215073,0.04693520428602244
2021-05-24,2625.23,0.3236673188485697,-0.21801175906215073
2021-05-25,2555.66,-0.026858003929871824,0.3236673188485697
2021-05-26,2799.72,0.0912089048578151,-0.026858003929871824
2021-05-27,2722.13,-0.028104750091240402,0.0912089048578151
2021-05-28,2427.98,-0.11435502615854859,-0.028104750091240402
2021-05-29,2237.49,-0.08170493404789261,-0.11435502615854859
2021-05-30,2438.5,0.08602839428482728,-0.08170493404789261
2021-05-31,2599.51,0.0639398695598973,0.08602839428482728
2021-06-01,2578.74,-0.008022058179856557,0.0639398695598973
2021-06-02,2722.78,0.054352509636914674,-0.008022058179856557
2021-06-03,2822.95,0.03612902027530466,0.054352509636914674
2021-06-04,2702.59,-0.04357186498583274,0.03612902027530466
2021-06-05,2634.35,-0.02557410022830742,-0.04357186498583274
2021-06-06,2711.23,0.02876593421437183,-0.02557410022830742
2021-06-07,2659.02,-0.019444772603195853,0.02876593421437183
2021-06-08,2537.43,-0.04680587607676376,-0.019444772603195853
2021-06-09,2561.39,0.00939832210677336,-0.04680587607676376
2021-06-10,2469.52,-0.03652628011610256,0.00939832210677336
2021-06-11,2381.61,-0.03624707020264844,-0.03652628011610256
2021-06-12,2408.38,0.011177592736756024,-0.03624707020264844
2021-06-13,2527.28,0.04818930328664091,0.011177592736756024
2021-06-14,2541.83,0.005740668463792758,0.04818930328664091
2021-06-15,2522.15,-0.007772581675781769,0.005740668463792758
2021-06-16,2399.6,-0.04980965558313208,-0.007772581675781769
2021-06-17,2344.43,-0.023259754807420187,-0.04980965558313208
2021-06-18,2194.83,-0.06593770720870783,-0.023259754807420187
2021-06-19,2225.09,0.013692769457676463,-0.06593770720870783
2021-06-20,2262.28,0.016575790056655246,0.013692769457676463
2021-06-21,1940.42,-0.15346870980603408,0.016575790056655246
2021-06-22,1930.9,-0.004918229022614383,-0.15346870980603408
2021-06-23,1929.94,-0.0004973011157077746,-0.004918229022614383
2021-06-24,2004.52,0.037915716250512384,-0.0004973011157077746
2021-06-25,1867.12,-0.07100749387033177,0.037915716250512384
2021-06-26,1766.7,-0.055283737094331,-0.07100749387033177
2021-06-27,1816.59,0.02784771764516029,-0.055283737094331
2021-06-28,2131.47,0.1598507652470664,0.02784771764516029
2021-06-29,2191.36,0.02771047312235168,0.1598507652470664
2021-06-30,2237.71,0.02093066586031921,0.02771047312235168
2021-07-01,2121.15,-0.053494627071637206,0.02093066586031921
2021-07-02,2093.18,-0.013273953718199573,-0.053494627071637206
2021-07-03,2220.3,0.05895788116783485,-0.013273953718199573
2021-07-04,2350.77,0.05710061217246684,0.05895788116783485
2021-07-05,2216.4,-0.058858676050802784,0.05710061217246684
2021-07-06,2309.82,0.041285341408639785,-0.058858676050802784
2021-07-07,2363.68,0.023050127171463524,0.041285341408639785
2021-07-08,2138.39,-0.10016651715308841,0.023050127171463524
2021-07-09,2135.17,-0.0015069406346698406,-0.10016651715308841
2021-07-10,2094.84,-0.019069090660851006,-0.0015069406346698406
2021-07-11,2129.54,0.016428815814221603,-0.019069090660851006
2021-07-12,2027.33,-0.04918633756704985,0.016428815814221603
2021-07-13,1947.93,-0.03995238610661312,-0.04918633756704985
2021-07-14,1988.7,0.020713888650208307,-0.03995238610661312
2021-07-15,1926.27,-0.03189566846676433,0.020713888650208307
2021-07-16,1901.58,-0.012900370916997863,-0.03189566846676433
2021-07-17,1899.02,-0.0013471559159939943,-0.012900370916997863
2021-07-18,1894.65,-0.002303838727605365,-0.0013471559159939943
2021-07-19,1819.78,-0.040318510244601806,-0.002303838727605365
2021-07-20,1794.38,-0.014056056286500867,-0.040318510244601806
2021-07-21,1946.72,0.08148634668214758,-0.014056056286500867
2021-07-22,2016.39,0.0351628788235737,0.08148634668214758
2021-07-23,2041.21,0.012233985394076424,0.0351628788235737
2021-07-24,2154.42,0.0539787765246547,0.012233985394076424
2021-07-25,2158.03,0.001674222700897382,0.0539787765246547
2021-07-26,2265.3,0.048511431995148374,0.001674222700897382
2021-07-27,2244.46,-0.009242242755360671,0.048511431995148374
2021-07-28,2295.44,0.022459588529266612,-0.009242242755360671
2021-07-29,2313.14,0.007681362601854759,0.022459588529266612
2021-07-30,2419.95,0.045140969927012255,0.007681362601854759
2021-07-31,2491.95,0.02931865772033486,0.045140969927012255
2021-08-01,2671.02,0.06939488541360246,0.02931865772033486
2021-08-02,2597.67,-0.027845532536697443,0.06939488541360246
2021-08-03,2485.1,-0.044301989207746466,-0.027845532536697443
2021-08-04,2710.26,0.08673167106136098,-0.044301989207746466
2021-08-05,2806.19,0.03478312018454902,0.08673167106136098
2021-08-06,2915.13,0.03808672428703569,0.03478312018454902
2021-08-07,3082.2,0.05572921199857556,0.03808672428703569
2021-08-08,2992.16,-0.02964809310086726,0.05572921199857556
2021-08-09,3069.83,0.02562665085476978,-0.02964809310086726
2021-08-10,3157.47,0.02814888853668161,0.02562665085476978
2021-08-11,3236.03,0.024576195848122095,0.02814888853668161
2021-08-12,3067.94,-0.05334094325854339,0.024576195848122095
2021-08-13,3283.46,0.06789141785264989,-0.05334094325854339
2021-08-14,3232.01,-0.015793509738484347,0.06789141785264989
2021-08-15,3262.76,0.009469228246576382,-0.015793509738484347
2021-08-16,3164.48,-0.030584717860555728,0.009469228246576382
2021-08-17,3072.28,-0.029568788134258853,-0.030584717860555728
2021-08-18,3008.13,-0.021101333726404724,-0.029568788134258853
2021-08-19,3158.68,0.04883559557107054,-0.021101333726404724
2021-08-20,3260.16,0.031622055118950027,0.04883559557107054
2021-08-21,3231.64,-0.008786525612507284,0.031622055118950027
2021-08-22,3154.46,-0.024172423865993914,-0.008786525612507284
2021-08-23,3340.48,0.05729718478745211,-0.024172423865993914
2021-08-24,3217.51,-0.03750674075137364,0.05729718478745211
2021-08-25,3208.36,-0.0028478653269148847,-0.03750674075137364
2021-08-26,3119.29,-0.028154491337320457,-0.0028478653269148847
2021-08-27,3264.39,0.045467503435991374,-0.028154491337320457
2021-08-28,3239.62,-0.007616876282858657,0.045467503435991374
2021-08-29,3238.88,-0.0002284479441901508,-0.007616876282858657
2021-08-30,3341.3,0.031132361787304188,-0.0002284479441901508
2021-08-31,3391.83,0.015009645930748815,0.031132361787304188
2021-09-01,3728.73,0.09469809435546249,0.015009645930748815
2021-09-02,3809.19,0.021348875006518442,0.09469809435546249
2021-09-03,3917.54,0.02804733767823771,0.021348875006518442
2021-09-04,3881.36,-0.009278298106496264,0.02804733767823771
2021-09-05,3923.63,0.010831638035238908,-0.009278298106496264
2021-09-06,3954.41,0.007814166117917113,0.010831638035238908
2021-09-07,3415.88,-0.1463962653323896,0.007814166117917113
2021-09-08,3472.36,0.01639933155528892,-0.1463962653323896
2021-09-09,3431.43,-0.011857394142789796,0.01639933155528892
2021-09-10,3248.78,-0.054697542664351444,-0.011857394142789796
2021-09-11,3295.64,0.014320841529135642,-0.054697542664351444
2021-09-12,3405.71,0.032853051970826906,0.014320841529135642
2021-09-13,3289.85,-0.034611463719047816,0.032853051970826906
2021-09-14,3376.54,0.026009545516557066,-0.034611463719047816
2021-09-15,3562.34,0.05356611575618895,0.026009545516557066
2021-09-16,3497.95,-0.01824054969344716,0.05356611575618895
2021-09-17,3375.96,-0.035497354289747055,-0.01824054969344716
2021-09-18,3396.42,0.006042207391363996,-0.035497354289747055
2021-09-19,3362.72,-0.009971765416685284,0.006042207391363996
2021-09-20,3018.83,-0.10788083119416882,-0.009971765416685284
2021-09-21,2774.63,-0.08435193412741074,-0.10788083119416882
2021-09-22,3027.39,0.08718345720105533,-0.08435193412741074
2021-09-23,3142.01,0.03716186033811124,0.08718345720105533
2021-09-24,2931.48,-0.06935530756153899,0.03716186033811124
2021-09-25,2921.94,-0.0032596357162316537,-0.06935530756153899
2021-09-26,3038.55,0.039132648709006866,-0.0032596357162316537
2021-09-27,2954.92,-0.0279088502122375,0.039132648709006866
2021-09-28,2863.17,-0.03154217510585538,-0.0279088502122375
2021-09-29,2821.6,-0.014625302687990104,-0.03154217510585538
2021-09-30,2972.45,0.05208242864375869,-0.014625302687990104
2021-10-01,3292.32,0.10220595485352019,0.05208242864375869
2021-10-02,3428.25,0.04045744346084254,0.10220595485352019
2021-10-03,3466.83,0.011190704856111285,0.04045744346084254
2021-10-04,3384.1,-0.024152639619154946,0.011190704856111285
2021-10-05,3526.54,0.041229228158039664,-0.024152639619154946
2021-10-06,3561.95,0.00999092741829439,0.041229228158039664
2021-10-07,3625.53,0.017692336804886428,0.00999092741829439
2021-10-08,3555.97,-0.019372603345376445,0.017692336804886428
2021-10-09,3579.21,0.006514224499627587,-0.019372603345376445
2021-10-10,3524.59,-0.015377988227531633,0.006514224499627587
2021-10-11,3492.45,-0.009160621788492522,-0.015377988227531633
2021-10-12,3478.54,-0.003990830129357185,-0.009160621788492522
2021-10-13,3574.33,0.02716508046975192,-0.003990830129357185
2021-10-14,3764.11,0.05173369953103186,0.02716508046975192
2021-10-15,3880.7,0.030504104208304548,0.05173369953103186
2021-10-16,3831.91,-0.012652176331220392,0.030504104208304548
2021-10-17,3804.33,-0.007223481693585614,-0.012652176331220392
2021-10-18,3733.06,-0.018911619042227143,-0.007223481693585614
2021-10-19,3805.06,0.01910348724775727,-0.018911619042227143
2021-10-20,4108.81,0.07680168895642639,0.01910348724775727
2021-10-21,4090.14,-0.0045542495733778094,0.07680168895642639
2021-10-22,3984.61,-0.026139758846097764,-0.0045542495733778094
2021-10-23,4088.76,0.025802305151078682,-0.026139758846097764
2021-10-24,4024.28,-0.015895732721056873,0.025802305151078682
2021-10-25,4180.01,0.03796762599664284,-0.015895732721056873
2021-10-26,4263.56,0.019790853167407044,0.03796762599664284
2021-10-27,3983.41,-0.0679662556595919,0.019790853167407044
2021-10-28,4254.71,0.06588836820492273,-0.0679662556595919
2021-10-29,4403.28,0.034323113165397816,0.06588836820492273
2021-10-30,4311.69,-0.021019779127443763,0.034323113165397816
2021-10-31,4242.89,-0.01608529779789365,-0.021019779127443763
2021-11-01,4311.66,0.016078339945086947,-0.01608529779789365
2021-11-02,4505.65,0.044009184004906866,0.016078339945086947
2021-11-03,4618.83,0.024809261486933482,0.044009184004906866
2021-11-04,4515.28,-0.02267422581808395,0.024809261486933482
2021-11-05,4452.98,-0.013893665474607023,-0.02267422581808395
2021-11-06,4486.54,0.00750826837669189,-0.013893665474607023
2021-11-07,4613.39,0.027881141330942213,0.00750826837669189
2021-11-08,4772.42,0.033890569091314306,0.027881141330942213
2021-11-09,4800.11,0.005785320543644989,0.033890569091314306
2021-11-10,4554.01,-0.052630670807030974,0.005785320543644989
2021-11-11,4746.04,0.04130242261717822,-0.052630670807030974
2021-11-12,4657.48,-0.018836056792911383,0.04130242261717822
2021-11-13,4656.69,-0.00016963400966360967,-0.018836056792911383
2021-11-14,4557.92,-0.021438516213739746,-0.00016963400966360967
2021-11-15,4565.19,0.0015937550986120476,-0.021438516213739746
2021-11-16,4255.59,-0.07022672139797075,0.0015937550986120476
2021-11-17,4256.83,0.00029133901023918455,-0.07022672139797075
2021-11-18,4023.52,-0.05636761043437583,0.00029133901023918455
2021-11-19,4291.52,0.06448384115217203,-0.05636761043437583
2021-11-20,4431.61,0.03212196664274316,0.06448384115217203
2021-11-21,4376.66,-0.012477072766992508,0.03212196664274316
2021-11-22,4080.64,-0.07003203755669458,-0.012477072766992508
2021-11-23,4351.58,0.06428515868407181,-0.07003203755669458
2021-11-24,4259.54,-0.02137782431333603,0.06428515868407181
2021-11-25,4501.44,0.05523617235696406,-0.02137782431333603
2021-11-26,4071.49,-0.10038831976242285,0.05523617235696406
2021-11-27,4083.92,0.0030482856471983778,-0.10038831976242285
2021-11-28,4038.6,-0.011159214209384311,0.0030482856471983778
2021-11-29,4453.48,0.09778771576722435,-0.011159214209384311
2021-11-30,4629.96,0.03886241572215863,0.09778771576722435
2021-12-01,4567.88,-0.013499026445590687,0.03886241572215863
2021-12-02,4548.21,-0.004315453341600862,-0.013499026445590687
2021-12-03,4215.38,-0.07599400736345409,-0.004315453341600862
2021-12-04,4071.33,-0.03477001420142655,-0.07599400736345409
2021-12-05,4160.49,0.021663128398297878,-0.03477001420142655
2021-12-06,4324.94,0.038765411657049796,0.021663128398297878
2021-12-07,4291.62,-0.007733983419081683,0.038765411657049796
2021-12-08,4419.76,0.029421111936686003,-0.007733983419081683
2021-12-09,4166.5,-0.05900904113272375,0.029421111936686003
2021-12-10,3996.8,-0.04158231389100283,-0.05900904113272375
2021-12-11,4029.47,0.008140812713149228,-0.04158231389100283
2021-12-12,4088.39,0.014516395862898131,0.008140812713149228
2021-12-13,3771.31,-0.08072882831637924,0.014516395862898131
2021-12-14,3853.85,0.02165022742398674,-0.08072882831637924
2021-12-15,4063.75,0.05303354400320165,0.02165022742398674
2021-12-16,4031.44,-0.0079825604017543,0.05303354400320165
2021-12-17,3907.2,-0.031302627299975266,-0.0079825604017543
2021-12-18,3978.7,0.018134127840037203,-0.031302627299975266
2021-12-19,3927.2,-0.013028429012580067,0.018134127840037203
2021-12-20,3912.97,-0.0036300273146727255,-0.013028429012580067
2021-12-21,4027.43,0.02883177896191598,-0.0036300273146727255
2021-12-22,4015.58,-0.0029466601618721435,0.02883177896191598
2021-12-23,4114.8,0.024408435027661223,-0.0029466601618721435
2021-12-24,4067.56,-0.011546919196878988,0.024408435027661223
2021-12-25,4120.29,0.012880238155946876,-0.011546919196878988
2021-12-26,4084.09,-0.008824611955789355,0.012880238155946876
2021-12-27,4061.05,-0.005657376411285801,-0.008824611955789355
2021-12-28,3807.86,-0.06437420931933248,-0.005657376411285801
2021-12-29,3726.84,-0.02150666194227998,-0.06437420931933248
2021-12-30,3736.76,0.0026582361973866504,-0.02150666194227998
2021-12-31,3688.98,-0.012868928726110859,0.0026582361973866504
2022-01-01,3688.98,0.0,-0.012868928726110859
2022-01-02,3688.98,0.0,0.0
2022-01-03,3724.56,0.009598726972947913,0.0
2022-01-04,3825.81,0.02682148551605923,0.009598726972947913
2022-01-05,3553.51,-0.07383436215763076,0.02682148551605923
2022-01-06,3427.81,-0.03601427411262663,-0.07383436215763076
2022-01-07,3215.5,-0.063938706702363,-0.03601427411262663
2022-01-08,3079.33,-0.043270825738449196,-0.063938706702363
2022-01-09,3166.35,0.027867464083720515,-0.043270825738449196
2022-01-10,3075.05,-0.02925834364916416,0.027867464083720515
2022-01-11,3232.33,0.049882078118102545,-0.02925834364916416
2022-01-12,3368.62,0.04129992554212019,0.049882078118102545
2022-01-13,3271.76,-0.029175098532077587,0.04129992554212019
2022-01-14,3333.61,0.01872773446459367,-0.029175098532077587
2022-01-15,3336.57,0.0008875323287535012,0.01872773446459367
2022-01-16,3348.32,0.003515394299842368,0.0008875323287535012
2022-01-17,3166.25,-0.05591080517647458,0.003515394299842368
2022-01-18,3164.73,-0.0004801784334196919,-0.05591080517647458
2022-01-19,3115.1,-0.015806489447461464,-0.0004801784334196919
2022-01-20,3080.48,-0.011175825453978452,-0.015806489447461464
2022-01-21,2609.88,-0.1657811857327557,-0.011175825453978452
2022-01-22,2446.95,-0.06446189219784845,-0.1657811857327557
2022-01-23,2439.05,-0.0032337318396252262,-0.06446189219784845
2022-01-24,2443.44,0.0017982632562538344,-0.0032337318396252262
2022-01-25,2414.21,-0.012034771049708794,0.0017982632562538344
2022-01-26,2418.93,0.001953182196474758,-0.012034771049708794
2022-01-27,2360.79,-0.024328984846311075,0.001953182196474758
2022-01-28,2536.43,0.07176127177583913,-0.024328984846311075
2022-01-29,2617.37,0.03141241625640886,0.07176127177583913
2022-01-30,2561.72,-0.021491088933105026,0.03141241625640886
2022-01-31,2680.88,0.045466190949451396,-0.021491088933105026
2022-02-01,2798.88,0.043074238325856544,0.045466190949451396
2022-02-02,2656.45,-0.05222869218604144,0.043074238325856544
2022-02-03,2661.65,0.001955586264720242,-0.05222869218604144
2022-02-04,2956.25,0.10497534201960876,0.001955586264720242
2022-02-05,3022.92,0.022301678411338677,0.10497534201960876
2022-02-06,3004.05,-0.006261873432039582,0.022301678411338677
2022-02-07,3153.39,0.04851668639849759,-0.006261873432039582
2022-02-08,3117.13,-0.011565357951076336,0.04851668639849759
2022-02-09,3239.47,0.03849702949179012,-0.011565357951076336
2022-02-10,3116.39,-0.03873445553790103,0.03849702949179012
2022-02-11,2928.13,-0.06231128661814888,-0.03873445553790103
2022-02-12,2878.37,-0.01713983231766984,-0.06231128661814888
2022-02-13,2889.39,0.003821245478114204,-0.01713983231766984
2022-02-14,2915.82,0.009105676665063308,0.003821245478114204
2022-02-15,3098.6,0.06079931273398017,0.009105676665063308
2022-02-16,3142.98,0.014220997868009393,0.06079931273398017
2022-02-17,2895.73,-0.08193415631516998,0.014220997868009393
2022-02-18,2783.05,-0.03968978952703095,-0.08193415631516998
2022-02-19,2740.62,-0.015363276430484728,-0.03968978952703095
2022-02-20,2646.82,-0.034825252753766224,-0.015363276430484728
2022-02-21,2583.38,-0.024260300371498376,-0.034825252753766224
2022-02-22,2607.35,0.009235760821720791,-0.024260300371498376
2022-02-23,2619.64,0.004702523880144229,0.009235760821720791
2022-02-24,2636.67,0.006479853581178333,0.004702523880144229
2022-02-25,2708.85,0.027007433251168028,0.006479853581178333
2022-02-26,2826.64,0.04256453654461295,0.027007433251168028
2022-02-27,2765.5,-0.021867276676342095,0.04256453654461295
2022-02-28,2821.18,0.019933786692254634,-0.021867276676342095
2022-03-01,2956.86,0.046972657322285956,0.019933786692254634
2022-03-02,2975.86,0.006405178386399592,0.046972657322285956
2022-03-03,2804.43,-0.05933276308468193,0.006405178386399592
2022-03-04,2608.08,-0.07258599132828487,-0.05933276308468193
2022-03-05,2655.72,0.01810148592961496,-0.07258599132828487
2022-03-06,2632.08,-0.008941396232257768,0.01810148592961496
2022-03-07,2483.55,-0.05808541989833336,-0.008941396232257768
2022-03-08,2558.98,0.02991975335456711,-0.05808541989833336
2022-03-09,2707.9,0.05656468515216624,0.02991975335456711
2022-03-10,2604.05,-0.03910550135546573,0.05656468515216624
2022-03-11,2571.52,-0.012570761626537145,-0.03910550135546573
2022-03-12,2587.48,0.006187265328692741,-0.012570761626537145
2022-03-13,2579.12,-0.0032361736136195256,0.006187265328692741
2022-03-14,2526.27,-0.02070434890220575,-0.0032361736136195256
2022-03-15,2625.12,0.038382702707244434,-0.02070434890220575
2022-03-16,2773.5,0.054983451228716965,0.038382702707244434
2022-03-17,2808.73,0.012622363373646608,0.054983451228716965
2022-03-18,2948.69,0.048628580041016244,0.012622363373646608
2022-03-19,2954.42,0.0019413501695280967,0.048628580041016244
2022-03-20,2827.03,-0.044075663486058854,0.0019413501695280967
2022-03-21,2910.8,0.02920126687951018,-0.044075663486058854
2022-03-22,3003.04,0.031197151435008313,0.02920126687951018
2022-03-23,2983.78,-0.006434155843778118,0.031197151435008313
2022-03-24,3107.18,0.0405246093488951,-0.006434155843778118
2022-03-25,3127.22,0.006428868542807092,0.0405246093488951
2022-03-26,3144.48,0.005504103695812355,0.006428868542807092
2022-03-27,3180.58,0.011415035428631176,0.005504103695812355
2022-03-28,3418.54,0.07214998924355207,0.011415035428631176
2022-03-29,3398.74,-0.005808784639690375,0.07214998924355207
2022-03-30,3414.69,0.004681938212045212,-0.005808784639690375
2022-03-31,3300.49,-0.03401577061594174,0.004681938212045212
2022-04-01,3442.96,0.04226062421556838,-0.03401577061594174
2022-04-02,3471.84,0.008353146273239562,0.04226062421556838
2022-04-03,3510.6,0.011102250253165101,0.008353146273239562
2022-04-04,3509.74,-0.00024500238002774714,0.011102250253165101
2022-04-05,3444.03,-0.018899663331141275,-0.00024500238002774714
2022-04-06,3234.24,-0.06284832742477872,-0.018899663331141275
2022-04-07,3239.76,0.0017052830823837447,-0.06284832742477872
2022-04-08,3249.26,0.002928025121580499,0.0017052830823837447
2022-04-09,3225.1,-0.007463320589181574,0.002928025121580499
2022-04-10,3289.49,0.01976858004467117,-0.007463320589181574
2022-04-11,2992.49,-0.09462672080675906,0.01976858004467117
2022-04-12,2986.92,-0.0018630606066884952,-0.09462672080675906
2022-04-13,3106.01,0.03909618814616188,-0.0018630606066884952
2022-04-14,3013.43,-0.03025997942887642,0.03909618814616188
2022-04-15,3030.41,0.005618959031128566,-0.03025997942887642
2022-04-16,3033.22,0.0009268376207504465,0.005618959031128566
2022-04-17,3046.03,0.004214341887409749,0.0009268376207504465
2022-04-18,3005.6,-0.013361888129119051,0.004214341887409749
2022-04-19,3095.96,0.02962082046975527,-0.013361888129119051
2022-04-20,3086.18,-0.003163955574817151,0.02962082046975527
2022-04-21,3000.27,-0.02823179555420753,-0.003163955574817151
2022-04-22,2972.41,-0.009329213038081735,-0.02823179555420753
2022-04-23,2964.33,-0.0027220343114379084,-0.009329213038081735
2022-04-24,2952.12,-0.004127480950308306,-0.0027220343114379084
2022-04-25,2994.03,0.014096749668791845,-0.004127480950308306
2022-04-26,2829.73,-0.056439005244070625,0.014096749668791845
2022-04-27,2865.71,0.0126348372206524,-0.056439005244070625
2022-04-28,2948.06,0.028331188937623552,0.0126348372206524
2022-04-29,2806.68,-0.04914503673285615,0.028331188937623552
2022-04-30,2790.52,-0.005774331773657175,-0.04914503673285615
2022-05-01,2772.81,-0.006366711959526026,-0.005774331773657175
2022-05-02,2827.09,0.019386667637631916,-0.006366711959526026
2022-05-03,2783.89,-0.015398683875793963,0.019386667637631916
2022-05-04,2944.35,0.05603884947250942,-0.015398683875793963
2022-05-05,2756.21,-0.06603153203377321,0.05603884947250942
2022-05-06,2705.6,-0.018532848473878035,-0.06603153203377321
2022-05-07,2673.39,-0.01197636916903751,-0.018532848473878035
2022-05-08,2539.57,-0.051352554632674886,-0.01197636916903751
2022-05-09,2290.9,-0.1030500219033011,-0.051352554632674886
2022-05-10,2327.31,0.01576834072673223,-0.1030500219033011
2022-05-11,2036.08,-0.13368670353671552,0.01576834072673223
2022-05-12,1927.18,-0.054968596132610396,-0.13368670353671552
2022-05-13,2042.43,0.05808248092433414,-0.054968596132610396
2022-05-14,1995.59,-0.02320052947096911,0.05808248092433414
2022-05-15,2129.83,0.06510241836166077,-0.02320052947096911
2022-05-16,2033.07,-0.04649519840207341,0.06510241836166077
2022-05-17,2051.18,0.00886827137913895,-0.04649519840207341
2022-05-18,1964.62,-0.043116394910496944,0.00886827137913895
2022-05-19,2013.97,0.024809056059371542,-0.043116394910496944
2022-05-20,1957.78,-0.028296720210587628,0.024809056059371542
2022-05-21,1973.08,0.007784595363267219,-0.028296720210587628
2022-05-22,2006.0,0.016546915931526986,0.007784595363267219
2022-05-23,1997.5,-0.004246290881451097,0.016546915931526986
2022-05-24,1968.89,-0.01442646648365063,-0.004246290881451097
2022-05-25,1959.06,-0.005005165809899131,-0.01442646648365063
2022-05-26,1825.36,-0.07068753850956526,-0.005005165809899131
2022-05-27,1743.37,-0.04595720616285584,-0.07068753850956526
2022-05-28,1791.8,0.027400679489019104,-0.04595720616285584
2022-05-29,1795.25,0.001923586826948879,0.027400679489019104
2022-05-30,1952.77,0.0841045894139887,0.001923586826948879
2022-05-31,1952.12,-0.00033291591107743196,0.0841045894139887
2022-06-01,1791.18,-0.08604134097010283,-0.00033291591107743196
2022-06-02,1822.39,0.017274205885092393,-0.08604134097010283
2022-06-03,1758.06,-0.03593789805277762,0.017274205885092393
2022-06-04,1776.54,0.010456724035552959,-0.03593789805277762
2022-06-05,1814.76,0.02128557515954625,0.010456724035552959
2022-06-06,1860.42,0.024849041117770716,0.02128557515954625
2022-06-07,1843.27,-0.009261100457417015,0.024849041117770716
2022-06-08,1795.43,-0.026296620659629177,-0.009261100457417015
2022-06-09,1793.52,-0.0010643782612297316,-0.026296620659629177
2022-06-10,1676.72,-0.06734066522524007,-0.0010643782612297316
2022-06-11,1521.47,-0.09716253130642902,-0.06734066522524007
2022-06-12,1512.03,-0.006223853945991073,-0.09716253130642902
2022-06-13,1240.18,-0.19819658845795965,-0.006223853945991073
2022-06-14,1187.85,-0.043111580029993435,-0.19819658845795965
2022-06-15,1179.49,-0.00706280868145681,-0.043111580029993435
2022-06-16,1098.43,-0.07120025410781194,-0.00706280868145681
2022-06-17,1094.0,-0.0040411835533357456,-0.07120025410781194
2022-06-18,902.98,-0.19189557820446182,-0.0040411835533357456
2022-06-19,1139.88,0.2329778679126267,-0.19189557820446182
2022-06-20,1119.71,-0.01785327050016998,0.2329778679126267
2022-06-21,1121.57,0.0016597662291169485,-0.01785327050016998
2022-06-22,1047.83,-0.0680081304365808,0.0016597662291169485
2022-06-23,1134.6,0.07955880691000909,-0.0680081304365808
2022-06-24,1218.14,0.07104493930072502,0.07955880691000909
2022-06-25,1208.54,-0.007912085714497266,0.07104493930072502
2022-06-26,1246.89,0.03123943160236114,-0.007912085714497266
2022-06-27,1201.7,-0.03691523016380148,0.03123943160236114
2022-06-28,1160.37,-0.03499830115828857,-0.03691523016380148
2022-06-29,1108.1,-0.04609208281668582,-0.03499830115828857
2022-06-30,1009.79,-0.09290444851757838,-0.04609208281668582
2022-07-01,1067.72,0.0557831454376334,-0.09290444851757838
2022-07-02,1062.97,-0.004458656931805507,0.0557831454376334
2022-07-03,1058.31,-0.004393580758985427,-0.004458656931805507
2022-07-04,1121.72,0.058189925400023934,-0.004393580758985427
2022-07-05,1153.17,0.027651450286136692,0.058189925400023934
2022-07-06,1160.54,0.006370742164549448,0.027651450286136692
2022-07-07,1237.91,0.0645390596798289,0.006370742164549448
2022-07-08,1243.1,0.004183786095586964,0.0645390596798289
2022-07-09,1218.91,-0.019651243051064943,0.004183786095586964
2022-07-10,1167.55,-0.04304948056812048,-0.019651243051064943
2022-07-11,1137.58,-0.026004337156064455,-0.04304948056812048
2022-07-12,1046.34,-0.08360483841299599,-0.026004337156064455
2022-07-13,1075.7,0.027673251828535913,-0.08360483841299599
2022-07-14,1193.07,0.10355820454632168,0.027673251828535913
2022-07-15,1256.51,0.0518082195828966,0.10355820454632168
2022-07-16,1347.42,0.06985361625132681,0.0518082195828966
2022-07-17,1344.04,-0.0025116492735250684,0.06985361625132681
2022-07-18,1473.01,0.09162792276086541,-0.0025116492735250684
2022-07-19,1559.03,0.05675590667133926,0.09162792276086541
2022-07-20,1520.85,-0.024794443910486155,0.05675590667133926
2022-07-21,1585.32,0.04151689061156463,-0.024794443910486155
2022-07-22,1527.24,-0.037324094886306926,0.04151689061156463
2022-07-23,1525.36,-0.0012317370357669344,-0.037324094886306926
2022-07-24,1608.46,0.05304675172434291,-0.0012317370357669344
2022-07-25,1522.94,-0.05463452229049757,0.05304675172434291
2022-07-26,1380.31,-0.09833456558489069,-0.05463452229049757
2022-07-27,1601.63,0.14871374904911558,-0.09833456558489069
2022-07-28,1757.68,0.09297289699385533,0.14871374904911558
2022-07-29,1733.09,-0.014088815216932867,0.09297289699385533
2022-07-30,1703.53,-0.017203373683937543,-0.014088815216932867
2022-07-31,1721.09,0.010255242274172361,-0.017203373683937543
2022-08-01,1629.13,-0.05491168104303983,0.010255242274172361
2022-08-02,1652.25,0.014091865372185142,-0.05491168104303983
2022-08-03,1643.3,-0.005431580163317999,0.014091865372185142
2022-08-04,1591.4,-0.03209228324380972,-0.005431580163317999
2022-08-05,1679.94,0.05414394653038554,-0.03209228324380972
2022-08-06,1679.65,-0.00017264011425212718,0.05414394653038554
2022-08-07,1715.53,0.021136632398970814,-0.00017264011425212718
2022-08-08,1797.53,0.0466914295443989,0.021136632398970814
2022-08-09,1697.1,-0.05749258828571786,0.0466914295443989
2022-08-10,1843.5,0.08274502665697962,-0.05749258828571786
2022-08-11,1902.5,0.03150287206164169,0.08274502665697962
2022-08-12,1933.1,0.015956121191805096,0.03150287206164169
2022-08-13,1933.1,0.0,0.015956121191805096
2022-08-14,1940.41,0.003774359006718055,0.0
2022-08-15,1904.16,-0.018858324500234325,0.003774359006718055
2022-08-16,1884.7,-0.010272309411547643,-0.018858324500234325
2022-08-17,1851.45,-0.01779954116453476,-0.010272309411547643
2022-08-18,1877.45,0.013945357267171537,-0.01779954116453476
2022-08-19,1686.7,-0.10714051586125,0.013945357267171537
2022-08-20,1532.82,-0.09566478111579604,-0.10714051586125
2022-08-21,1616.25,0.052999474937894364,-0.09566478111579604
2022-08-22,1579.15,-0.0232219235088996,0.052999474937894364
2022-08-23,1647.46,0.04234798029382434,-0.0232219235088996
2022-08-24,1683.46,0.021616491424103455,0.04234798029382434
2022-08-25,1708.83,0.014957726496447745,0.021616491424103455
2022-08-26,1556.41,-0.09342703861825914,0.014957726496447745
2022-08-27,1480.6,-0.04993447616428599,-0.09342703861825914
2022-08-28,1483.15,0.0017207933390064438,-0.04993447616428599
2022-08-29,1546.05,0.0415350868029071,0.0017207933390064438
2022-08-30,1559.34,0.008559363647302178,0.0415350868029071
2022-08-31,1570.37,0.007048605568422023,0.008559363647302178
2022-09-01,1580.15,0.006208518857033506,0.007048605568422023
2022-09-02,1568.55,-0.007368153510961701,0.006208518857033506
2022-09-03,1552.29,-0.010420365754786682,-0.007368153510961701
2022-09-04,1571.34,0.012197498542420452,-0.010420365754786682
2022-09-05,1597.6,0.0165737446012642,0.012197498542420452
2022-09-06,1582.1,-0.009749424646587273,0.0165737446012642
2022-09-07,1640.0,0.035943163363225894,-0.009749424646587273
2022-09-08,1645.2,0.0031657155380249128,0.035943163363225894
2022-09-09,1721.65,0.0454211759403932,0.0031657155380249128
2022-09-10,1735.73,0.008144940873678709,0.0454211759403932
2022-09-11,1761.55,0.014766029107341233,0.008144940873678709
2022-09-12,1724.3,-0.021372932271596427,0.014766029107341233
2022-09-13,1607.95,-0.0698610952779822,-0.021372932271596427
2022-09-14,1602.8,-0.003207975966114277,-0.0698610952779822
2022-09-15,1503.65,-0.063856614099979,-0.003207975966114277
2022-09-16,1437.85,-0.04474654336565681,-0.063856614099979
2022-09-17,1467.8,0.020615738814608785,-0.04474654336565681
2022-09-18,1374.61,-0.06559462660632828,0.020615738814608785
2022-09-19,1357.47,-0.012547381388253724,-0.06559462660632828
2022-09-20,1343.3,-0.010493400047412864,-0.012547381388253724
2022-09-21,1314.35,-0.021787026239874868,-0.010493400047412864
2022-09-22,1324.3,0.007541771103825859,-0.021787026239874868
2022-09-23,1300.47,-0.018158280361033702,0.007541771103825859
2022-09-24,1342.28,0.0316439230118496,-0.018158280361033702
2022-09-25,1292.46,-0.03782228145567131,0.0316439230118496
2022-09-26,1324.86,0.024759414332449856,-0.03782228145567131
2022-09-27,1324.7,-0.0001207747702972267,0.024759414332449856
2022-09-28,1350.5,0.019288875542454318,-0.0001207747702972267
2022-09-29,1337.9,-0.00937367375309654,0.019288875542454318
2022-09-30,1331.55,-0.004757543297135729,-0.00937367375309654
2022-10-01,1309.55,-0.016660110451195663,-0.004757543297135729
2022-10-02,1302.9,-0.005091017522356397,-0.016660110451195663
2022-10-03,1323.75,0.015876068706730282,-0.005091017522356397
2022-10-04,1362.65,0.028962715305250946,0.015876068706730282
2022-10-05,1345.2,-0.012888632354752651,0.028962715305250946
2022-10-06,1364.05,0.013915514756940925,-0.012888632354752651
2022-10-07,1331.45,-0.024189641707644923,0.013915514756940925
2022-10-08,1325.5,-0.004478827186330419,-0.024189641707644923
2022-10-09,1321.15,-0.0032871773124558026,-0.004478827186330419
2022-10-10,1307.15,-0.01065337473642662,-0.0032871773124558026
2022-10-11,1281.75,-0.019622863016387937,-0.01065337473642662
2022-10-12,1298.92,0.013306818275046334,-0.019622863016387937
2022-10-13,1293.84,-0.003918609127333418,0.013306818275046334
2022-10-14,1301.07,0.005572462019122881,-0.003918609127333418
2022-10-15,1281.4,-0.01523377262572438,0.005572462019122881
2022-10-16,1310.5,0.02245551355853982,-0.01523377262572438
2022-10-17,1330.17,0.01489800983298817,0.02245551355853982
2022-10-18,1314.35,-0.011964506767356466,0.01489800983298817
2022-10-19,1294.55,-0.015179102431705808,-0.011964506767356466
2022-10-20,1282.0,-0.009741785916771504,-0.015179102431705808
2022-10-21,1303.02,0.016263288720599355,-0.009741785916771504
2022-10-22,1311.5,0.0064868731057137075,0.016263288720599355
2022-10-23,1328.75,0.01306713034922942,0.0064868731057137075
2022-10-24,1351.22,0.01676923738567492,0.01306713034922942
2022-10-25,1474.55,0.08734497043850631,0.01676923738567492
2022-10-26,1553.3,0.05202884151352269,0.08734497043850631
2022-10-27,1527.7,-0.016618363622184322,0.05202884151352269
2022-10-28,1559.9,0.02085838025314593,-0.016618363622184322
2022-10-29,1626.7,0.0419317061475846,0.02085838025314593
2022-10-30,1587.21,-0.024575664858421064,0.0419317061475846
2022-10-31,1564.45,-0.014443433408114282,-0.024575664858421064
2022-11-01,1575.35,0.0069431452883824945,-0.014443433408114282
2022-11-02,1511.67,-0.041262469843893895,0.0069431452883824945
2022-11-03,1540.77,0.019067291498964783,-0.041262469843893895
2022-11-04,1631.25,0.05706430062167766,0.019067291498964783
2022-11-05,1611.9,-0.011932984668118048,0.05706430062167766
2022-11-06,1645.8,0.02081298076872689,-0.011932984668118048
2022-11-07,1575.45,-0.043685642434718466,0.02081298076872689
2022-11-08,1337.02,-0.16409768888370724,-0.043685642434718466
2022-11-09,1106.1,-0.1896029419449784,-0.16409768888370724
2022-11-10,1319.0,0.17603355880910615,-0.1896029419449784
2022-11-11,1266.6,-0.04053772863498473,0.17603355880910615
2022-11-12,1256.05,-0.008364268929342326,-0.04053772863498473
2022-11-13,1215.05,-0.03318664796169542,-0.008364268929342326
2022-11-14,1225.5,0.008563695776875211,-0.03318664796169542
2022-11-15,1245.7,0.016348696923879677,0.008563695776875211
2022-11-16,1206.15,-0.0322641522297792,0.016348696923879677
2022-11-17,1206.2,4.1453354618558427e-05,-0.0322641522297792
2022-11-18,1207.85,0.0013669975824391358,4.1453354618558427e-05
2022-11-19,1210.06,0.0018280255389370942,0.0013669975824391358
2022-11-20,1141.2,-0.05858960479891773,0.0018280255389370942
2022-11-21,1093.4,-0.042788232878446034,-0.05858960479891773
2022-11-22,1129.85,0.03279277307147542,-0.042788232878446034
2022-11-23,1168.45,0.03359320362944115,0.03279277307147542
2022-11-24,1195.66,0.023020249996821496,0.03359320362944115
2022-11-25,1199.2,0.002956333629750882,0.023020249996821496
2022-11-26,1209.4,0.008469701050724528,0.002956333629750882
2022-11-27,1214.95,0.004578554825384077,0.008469701050724528
2022-11-28,1172.4,-0.03564999382775927,0.004578554825384077
2022-11-29,1219.07,0.039035343113962194,-0.03564999382775927
2022-11-30,1296.15,0.06131005900481854,0.039035343113962194
2022-12-01,1276.25,-0.015472241476642752,0.06131005900481854
2022-12-02,1291.04,0.011522004621321106,-0.015472241476642752
2022-12-03,1261.2,-0.02338444642929067,0.011522004621321106
2022-12-04,1276.8,0.012293299024638438,-0.02338444642929067
2022-12-05,1259.6,-0.013562737468674773,0.012293299024638438
2022-12-06,1256.34,-0.002591478194589429,-0.013562737468674773
2022-12-07,1232.4,-0.019239244309767114,-0.002591478194589429
2022-12-08,1278.3,0.036567582451463014,-0.019239244309767114
2022-12-09,1259.83,-0.014554278965980598,0.036567582451463014
2022-12-10,1268.0,0.0064640647891759,-0.014554278965980598
2022-12-11,1265.1,-0.0022896855765474847,0.0064640647891759
2022-12-12,1275.11,0.007881278960275082,-0.0022896855765474847
2022-12-13,1318.95,0.033803516112221946,0.007881278960275082
2022-12-14,1311.1,-0.005969485987764753,0.033803516112221946
2022-12-15,1264.57,-0.036134336078573255,-0.005969485987764753
2022-12-16,1194.8,-0.056753336084828056,-0.036134336078573255
2022-12-17,1174.5,-0.01713628224298724,-0.056753336084828056
2022-12-18,1178.45,0.0033574905634293026,-0.01713628224298724
2022-12-19,1175.7,-0.0023363007887012973,0.0033574905634293026
2022-12-20,1216.1,0.033785302113258205,-0.0023363007887012973
2022-12-21,1211.95,-0.0034183843340814023,0.033785302113258205
2022-12-22,1214.8,0.0023488215187211616,-0.0034183843340814023
2022-12-23,1221.7,0.005663877238420617,0.0023488215187211616
2022-12-24,1218.96,-0.0022452952489148896,0.005663877238420617
2022-12-25,1218.4,-0.0004595135801471379,-0.0022452952489148896
2022-12-26,1217.02,-0.0011332748747205658,-0.0004595135801471379
2022-12-27,1210.75,-0.005165245422893047,-0.0011332748747205658
2022-12-28,1186.88,-0.01991198698211244,-0.005165245422893047
2022-12-29,1194.65,0.006525240135313622,-0.01991198698211244
2022-12-30,1198.18,0.0029504833697537765,0.006525240135313622
2022-12-31,1199.08,0.0007508572639462301,0.0029504833697537765
2023-01-01,1202.33,0.002706744774321193,0.0007508572639462301
2023-01-02,1219.2,0.01393356508782086,0.002706744774321193
2023-01-03,1211.21,-0.006575046008511497,0.01393356508782086
2023-01-04,1252.55,0.033561613398041666,-0.006575046008511497
2023-01-05,1251.99,-0.00044718791421353326,0.033561613398041666
2023-01-06,1266.13,0.011230718648627786,-0.00044718791421353326
2023-01-07,1264.25,-0.0014859430962340158,0.011230718648627786
2023-01-08,1269.65,0.004262210959309161,-0.0014859430962340158
2023-01-09,1318.3,0.037601755844522786,0.004262210959309161
2023-01-10,1338.9,0.015505353539409695,0.037601755844522786
2023-01-11,1342.7,0.002834130775328491,0.015505353539409695
2023-01-12,1426.1,0.060260933664058866,0.002834130775328491
2023-01-13,1455.17,0.02017928652575962,0.060260933664058866
2023-01-14,1538.9,0.0559451432013252,0.02017928652575962
2023-01-15,1553.11,0.009191496820862987,0.0559451432013252
2023-01-16,1579.55,0.016880624037654304,0.009191496820862987
2023-01-17,1581.0,0.0009175618811484804,0.016880624037654304
2023-01-18,1529.42,-0.03316897966118135,0.0009175618811484804
2023-01-19,1545.06,0.010174165980954162,-0.03316897966118135
2023-01-20,1637.4,0.05804687341310294,0.010174165980954162
2023-01-21,1662.0,0.014912078473045627,0.05804687341310294
2023-01-22,1628.15,-0.020577295505177527,0.014912078473045627
2023-01-23,1631.35,0.00196349196384721,-0.020577295505177527
2023-01-24,1598.5,-0.020342203374167075,0.00196349196384721
2023-01-25,1618.7,0.012557668440018653,-0.020342203374167075
2023-01-26,1603.25,-0.009590538910942567,0.012557668440018653
2023-01-27,1599.6,-0.00227922105630909,-0.009590538910942567
2023-01-28,1567.31,-0.020392823933582473,-0.00227922105630909
2023-01-29,1643.5,0.04746734006519335,-0.020392823933582473
2023-01-30,1556.75,-0.05422779935171278,0.04746734006519335
2023-01-31,1577.7,0.013367775510846856,-0.05422779935171278
2023-02-01,1635.4,0.03591933246446864,0.013367775510846856
2023-02-02,1636.65,0.0007640470413404393,0.03591933246446864
2023-02-03,1657.09,0.012411582209495143,0.0007640470413404393
2023-02-04,1680.1,0.013790263456644025,0.012411582209495143
2023-02-05,1622.6,-0.03482351447439215,0.013790263456644025
2023-02-06,1638.45,0.009720871996697243,-0.03482351447439215
2023-02-07,1667.85,0.017784698859705923,0.009720871996697243
2023-02-08,1653.0,-0.008943552996343727,0.017784698859705923
2023-02-09,1540.75,-0.07032250797867166,-0.008943552996343727
2023-02-10,1505.65,-0.02304461221090215,-0.07032250797867166
2023-02-11,1535.75,0.0197941624125864,-0.02304461221090215
2023-02-12,1511.5,-0.015916325824523993,0.0197941624125864
2023-02-13,1486.22,-0.01686655144767813,-0.015916325824523993
2023-02-14,1556.67,0.04631294054832926,-0.01686655144767813
2023-02-15,1665.75,0.06772654812248269,0.04631294054832926
2023-02-16,1682.58,0.010052857237085412,0.06772654812248269
2023-02-17,1693.6,0.00652811114092335,0.010052857237085412
2023-02-18,1687.94,-0.0033475903201889102,0.00652811114092335
2023-02-19,1686.4,-0.0009127711534232059,-0.0033475903201889102
2023-02-20,1701.05,0.008649628090648282,-0.0009127711534232059
2023-02-21,1642.4,-0.035087120732967755,0.008649628090648282
2023-02-22,1619.55,-0.014010253843464836,-0.035087120732967755
2023-02-23,1645.05,0.015622446013068537,-0.014010253843464836
2023-02-24,1602.35,-0.026299477204756085,0.015622446013068537
2023-02-25,1574.0,-0.017851151692222875,-0.026299477204756085
2023-02-26,1642.8,0.04278195310505485,-0.017851151692222875
2023-02-27,1627.6,-0.009295565954868638,0.04278195310505485
2023-02-28,1605.62,-0.013596562320395928,-0.009295565954868638
2023-03-01,1656.85,0.03140823447652233,-0.013596562320395928
2023-03-02,1640.9,-0.009673337502556407,0.03140823447652233
2023-03-03,1559.55,-0.05084755368901582,-0.009673337502556407
2023-03-04,1556.34,-0.0020604072259366407,-0.05084755368901582
2023-03-05,1572.2,0.010139001493503838,-0.0020604072259366407
2023-03-06,1566.6,-0.0035682464265180116,0.010139001493503838
2023-03-07,1550.35,-0.010426954058672605,-0.0035682464265180116
2023-03-08,1552.37,0.0013020835172984225,-0.010426954058672605
2023-03-09,1432.3,-0.0805012516059445,0.0013020835172984225
2023-03-10,1426.2,-0.004267979191616128,-0.0805012516059445
2023-03-11,1475.5,0.03398335078879085,-0.004267979191616128
2023-03-12,1558.6,0.05479106702646646,0.03398335078879085
2023-03-13,1672.5,0.07053153059292291,0.05479106702646646
2023-03-14,1705.45,0.01950949251070741,0.07053153059292291
2023-03-15,1652.7,-0.03141869136631021,0.01950949251070741
2023-03-16,1660.22,0.004539809542949828,-0.03141869136631021
2023-03-17,1745.0,0.04980443194679726,0.004539809542949828
2023-03-18,1796.2,0.028918766600321954,0.04980443194679726
2023-03-19,1799.35,0.0017521663199775907,0.028918766600321954
2023-03-20,1762.19,-0.02086813486507468,0.0017521663199775907
2023-03-21,1802.29,0.022500724825765303,-0.02086813486507468
2023-03-22,1737.8,-0.03643813311241194,0.022500724825765303
2023-03-23,1820.13,0.04628798168626508,-0.03643813311241194
2023-03-24,1750.98,-0.03873229591529688,0.04628798168626508
2023-03-25,1732.13,-0.010823766133663747,-0.03873229591529688
2023-03-26,1762.0,0.01709766245371465,-0.010823766133663747
2023-03-27,1707.95,-0.03115570658078546,0.01709766245371465
2023-03-28,1774.7,0.03833757362517997,-0.03115570658078546
2023-03-29,1803.99,0.016369483829435337,0.03833757362517997
2023-03-30,1795.45,-0.004745191487831494,0.016369483829435337
2023-03-31,1817.85,0.01239879720048287,-0.004745191487831494
2023-04-01,1817.45,-0.00022006436971596462,0.01239879720048287
2023-04-02,1788.96,-0.015799974313832153,-0.00022006436971596462
2023-04-03,1780.7,-0.0046278999917892475,-0.015799974313832153
2023-04-04,1878.75,0.05360011665991546,-0.0046278999917892475
2023-04-05,1906.05,0.014426375751468715,0.05360011665991546
2023-04-06,1864.3,-0.02214739031723724,0.014426375751468715
2023-04-07,1854.3,-0.005378381168078523,-0.02214739031723724
2023-04-08,1855.8,0.0008086035857416378,-0.005378381168078523
2023-04-09,1857.2,0.0007541072266876956,0.0008086035857416378
2023-04-10,1886.34,0.015568466515722508,0.0007541072266876956
2023-04-11,1894.8,0.004474848388107571,0.015568466515722508
2023-04-12,1908.95,0.007440060609726358,0.004474848388107571
2023-04-13,2008.53,0.05084975854825602,0.007440060609726358
2023-04-14,2107.05,0.04788575373744945,0.05084975854825602
2023-04-15,2088.95,-0.00862731757198711,0.04788575373744945
2023-04-16,2123.35,0.016333482787815885,-0.00862731757198711
2023-04-17,2077.1,-0.022022340078794653,0.016333482787815885
2023-04-18,2093.3,0.007769078018411805,-0.022022340078794653
2023-04-19,1980.4,-0.055442923613206394,0.007769078018411805
2023-04-20,1937.95,-0.021668131162978537,-0.055442923613206394
2023-04-21,1837.5,-0.05322476123729778,-0.021668131162978537
2023-04-22,1869.5,0.01726506333017658,-0.05322476123729778
2023-04-23,1848.85,-0.011107191253244839,0.01726506333017658
2023-04-24,1839.76,-0.004928695850857012,-0.011107191253244839
2023-04-25,1860.4,0.011156390036875387,-0.004928695850857012
2023-04-26,1866.55,0.0033002887519825315,0.011156390036875387
2023-04-27,1920.0,0.028233378919902755,0.0033002887519825315
2023-04-28,1896.85,-0.012130570432479414,0.028233378919902755
2023-04-29,1904.15,0.0038410991714675096,-0.012130570432479414
2023-04-30,1893.04,-0.005851712294019515,0.0038410991714675096
2023-05-01,1807.05,-0.046488321085824416,-0.005851712294019515
2023-05-02,1870.65,0.03459028265389441,-0.046488321085824416
2023-05-03,1874.0,0.0017892197635015524,0.03459028265389441
2023-05-04,1878.4,0.0023451668354099037,0.0017892197635015524
2023-05-05,1989.9,0.05766403556584265,0.0023451668354099037
2023-05-06,1898.9,-0.046809615068248905,0.05766403556584265
2023-05-07,1912.9,0.007345644027236727,-0.046809615068248905
2023-05-08,1841.85,-0.0378499138839766,0.007345644027236727
2023-05-09,1849.42,0.004101575128589881,-0.0378499138839766
2023-05-10,1858.6,0.004951439720017637,0.004101575128589881
2023-05-11,1796.8,-0.033816211139060144,0.004951439720017637
2023-05-12,1788.71,-0.004512615348177012,-0.033816211139060144
2023-05-13,1803.94,0.008478472009957166,-0.004512615348177012
2023-05-14,1799.25,-0.0026032502580451075,0.008478472009957166
2023-05-15,1826.12,0.014823586022820337,-0.0026032502580451075
2023-05-16,1821.4,-0.0025880612770157476,0.014823586022820337
2023-05-17,1826.15,0.0026044894162282777,-0.0025880612770157476
2023-05-18,1796.6,-0.016313935754840272,0.0026044894162282777
2023-05-19,1812.25,0.00867317738588099,-0.016313935754840272
2023-05-20,1820.5,0.004542021434500986,0.00867317738588099
2023-05-21,1806.8,-0.0075538638350390085,0.004542021434500986
2023-05-22,1818.28,0.006333674499360865,-0.0075538638350390085
2023-05-23,1854.35,0.0196432310431208,0.006333674499360865
2023-05-24,1804.14,-0.02745020638999117,0.0196432310431208
2023-05-25,1809.92,0.003198621455104228,-0.02745020638999117
2023-05-26,1835.65,0.01411599681156034,0.003198621455104228
2023-05-27,1822.05,-0.007436401385214767,0.01411599681156034
2023-05-28,1852.05,0.016330892867472867,-0.007436401385214767
2023-05-29,1894.43,0.022624868031082462,0.016330892867472867
2023-05-30,1904.3,0.005196485251826124,0.022624868031082462
2023-05-31,1865.9,-0.020370976561567552,0.005196485251826124
2023-06-01,1869.59,0.0019756450694423337,-0.020370976561567552
2023-06-02,1904.75,0.018631610880473222,0.0019756450694423337
2023-06-03,1903.82,-0.000488372285915409,0.018631610880473222
2023-06-04,1902.58,-0.0006515342811394877,-0.000488372285915409
2023-06-05,1805.45,-0.052400991611803796,-0.0006515342811394877
2023-06-06,1876.85,0.038784971461302095,-0.052400991611803796
2023-06-07,1842.0,-0.018742901820310378,0.038784971461302095
2023-06-08,1853.05,0.005980992376438008,-0.018742901820310378
2023-06-09,1836.72,-0.008851558021914913,0.005980992376438008
2023-06-10,1757.62,-0.04402075101072599,-0.008851558021914913
2023-06-11,1764.61,0.003969081619584555,-0.04402075101072599
2023-06-12,1738.92,-0.014665471932800834,0.003969081619584555
2023-06-13,1737.44,-0.0008514653772427984,-0.014665471932800834
2023-06-14,1638.05,-0.05890625549092988,-0.0008514653772427984
2023-06-15,1668.9,0.01865821677169675,-0.05890625549092988
2023-06-16,1726.49,0.03392571899904451,0.01865821677169675
2023-06-17,1727.85,0.0007874152922232133,0.03392571899904451
2023-06-18,1739.7,0.006834823509879585,0.0007874152922232133
2023-06-19,1730.0,-0.005591276058680025,0.006834823509879585
2023-06-20,1785.37,0.03150426815494527,-0.005591276058680025
2023-06-21,1879.8,0.05153971153943113,0.03150426815494527
2023-06-22,1888.0,0.004352679519244934,0.05153971153943113
2023-06-23,1906.6,0.00980348335403182,0.004352679519244934
2023-06-24,1895.2,-0.0059971772149019454,0.00980348335403182
2023-06-25,1900.95,0.0030293873516072517,-0.0059971772149019454
2023-06-26,1851.5,-0.026357639842515563,0.0030293873516072517
2023-06-27,1892.95,0.02214033740592542,-0.026357639842515563
2023-06-28,1831.15,-0.03319227399379196,0.02214033740592542
2023-06-29,1849.25,0.009835966702176227,-0.03319227399379196
2023-06-30,1927.04,0.041204995385337166,0.009835966702176227
2023-07-01,1922.95,-0.0021246816426090578,0.041204995385337166
2023-07-02,1918.45,-0.00234289689094449,-0.0021246816426090578
2023-07-03,1958.6,0.02071236396693322,-0.00234289689094449
2023-07-04,1942.63,-0.008187207217282874,0.02071236396693322
2023-07-05,1910.55,-0.016651566365533034,-0.008187207217282874
2023-07-06,1883.3,-0.014365601503176683,-0.016651566365533034
2023-07-07,1865.85,-0.009308843876618228,-0.014365601503176683
2023-07-08,1865.85,0.0,-0.009308843876618228
2023-07-09,1864.15,-0.0009115282132484724,0.0
2023-07-10,1892.35,0.015014257821729679,-0.0009115282132484724
2023-07-11,1873.95,-0.009770940386616474,0.015014257821729679
2023-07-12,1872.91,-0.0005551315110295265,-0.009770940386616474
2023-07-13,1986.28,0.05877017154083784,-0.0005551315110295265
2023-07-14,1915.6,-0.036232653107302074,0.05877017154083784
2023-07-15,1931.9,0.008473085130054155,-0.036232653107302074
2023-07-16,1931.7,-0.0001035303862608616,0.008473085130054155
2023-07-17,1890.25,-0.021691348773868312,-0.0001035303862608616
2023-07-18,1894.6,0.0022986390030547855,-0.021691348773868312
2023-07-19,1898.86,0.0022459716410654067,0.0022986390030547855
2023-07-20,1888.35,-0.005550274202121474,0.0022459716410654067
2023-07-21,1894.85,0.003436247830350047,-0.005550274202121474
2023-07-22,1887.82,-0.0037169555333824975,0.003436247830350047
2023-07-23,1892.98,0.0027295827358056876,-0.0037169555333824975
2023-07-24,1850.4,-0.022750474995921612,0.0027295827358056876
2023-07-25,1862.34,0.0064319296060814605,-0.022750474995921612
2023-07-26,1880.05,0.009464610691704295,0.0064319296060814605
2023-07-27,1858.25,-0.011663187609612328,0.009464610691704295
2023-07-28,1876.3,0.009666567887926017,-0.011663187609612328
2023-07-29,1883.95,0.004068884012675005,0.009666567887926017
2023-07-30,1864.62,-0.010313357539828599,0.004068884012675005
2023-07-31,1852.95,-0.006278315315242881,-0.010313357539828599
2023-08-01,1849.36,-0.0019393303776110262,-0.006278315315242881
2023-08-02,1841.25,-0.004394944496481398,-0.0019393303776110262
2023-08-03,1842.55,0.0007057929605111899,-0.004394944496481398
2023-08-04,1820.78,-0.011885501048442776,0.0007057929605111899
2023-08-05,1833.0,0.00668898815079671,-0.011885501048442776
2023-08-06,1829.85,-0.0017199725768487762,0.00668898815079671
2023-08-07,1825.35,-0.0024622468119375514,-0.0017199725768487762
2023-08-08,1863.15,0.02049685420739379,-0.0024622468119375514
2023-08-09,1851.25,-0.006407517076303898,0.02049685420739379
2023-08-10,1848.4,-0.001540686585897132,-0.006407517076303898
2023-08-11,1843.95,-0.0024103902146515735,-0.001540686585897132
2023-08-12,1846.65,0.0014631769802740877,-0.0024103902146515735
2023-08-13,1854.49,0.004236538864346561,0.0014631769802740877
2023-08-14,1843.05,-0.006187917644390478,0.004236538864346561
2023-08-15,1827.87,-0.008270453470197234,-0.006187917644390478
2023-08-16,1808.05,-0.010902438074503128,-0.008270453470197234
2023-08-17,1716.7,-0.05184507316010606,-0.010902438074503128
2023-08-18,1656.9,-0.03545545670163201,-0.05184507316010606
2023-08-19,1671.17,0.008575593333170256,-0.03545545670163201
2023-08-20,1689.4,0.010849456384974351,0.008575593333170256
2023-08-21,1671.95,-0.01038282640211213,0.010849456384974351
2023-08-22,1630.35,-0.02519589421397867,-0.01038282640211213
2023-08-23,1684.33,0.03257314292217204,-0.02519589421397867
2023-08-24,1649.1,-0.02113817406475334,0.03257314292217204
2023-08-25,1649.1,0.0,-0.02113817406475334
2023-08-26,1646.92,-0.0013228077001255552,0.0
2023-08-27,1653.5,0.003987376587248726,-0.0013228077001255552
2023-08-28,1646.1,-0.00448539968880815,0.003987376587248726
2023-08-29,1726.65,0.04777426129614146,-0.00448539968880815
2023-08-30,1703.48,-0.013509897531274474,0.04777426129614146
2023-08-31,1649.0,-0.03250417393830749,-0.013509897531274474
2023-09-01,1627.42,-0.013173104830957641,-0.03250417393830749
2023-09-02,1634.41,0.004285944209308569,-0.013173104830957641
2023-09-03,1642.4,0.0048767037667742635,0.004285944209308569
2023-09-04,1628.05,-0.008775607083145915,0.0048767037667742635
2023-09-05,1629.25,0.0007368065909117902,-0.008775607083145915
2023-09-06,1627.6,-0.0010132490849548727,0.0007368065909117902
2023-09-07,1637.9,0.0063083963607991345,-0.0010132490849548727
2023-09-08,1636.5,-0.0008551185470986649,0.0063083963607991345
2023-09-09,1633.43,-0.0018777165884419447,-0.0008551185470986649
2023-09-10,1618.59,-0.009126698488949718,-0.0018777165884419447
2023-09-11,1541.3,-0.048929183711169395,-0.009126698488949718
2023-09-12,1598.35,0.03634563097106415,-0.048929183711169395
2023-09-13,1603.9,0.003466316219594154,0.03634563097106415
2023-09-14,1628.27,0.01507993813379721,0.003466316219594154
2023-09-15,1622.25,-0.003704026975851662,0.01507993813379721
2023-09-16,1635.05,0.00785931040224089,-0.003704026975851662
2023-09-17,1617.6,-0.010729815637311764,0.00785931040224089
2023-09-18,1637.45,0.012196584425872282,-0.010729815637311764
2023-09-19,1642.8,0.0032619493903242457,0.012196584425872282
2023-09-20,1624.65,-0.011109695132547547,0.0032619493903242457
2023-09-21,1588.24,-0.02266592306103242,-0.011109695132547547
2023-09-22,1591.66,0.002151011867450385,-0.02266592306103242
2023-09-23,1593.68,0.001268310617254631,0.002151011867450385
2023-09-24,1590.69,-0.0018779230294907905,0.001268310617254631
2023-09-25,1586.0,-0.0029527611492443694,-0.0018779230294907905
2023-09-26,1586.25,0.00015761683380415475,-0.0029527611492443694
2023-09-27,1593.7,0.004685616836990527,0.00015761683380415475
2023-09-28,1656.25,0.03849765386894435,0.004685616836990527
2023-09-29,1668.1,0.007129243425477454,0.03849765386894435
2023-09-30,1680.48,0.007394212714455504,0.007129243425477454
2023-10-01,1674.4,-0.0036245747426752054,0.007394212714455504
2023-10-02,1665.25,-0.005479629838501223,-0.0036245747426752054
2023-10-03,1656.8,-0.00508723121191448,-0.005479629838501223
2023-10-04,1642.1,-0.00891212058358271,-0.00508723121191448
2023-10-05,1616.99,-0.015409514231706146,-0.00891212058358271
2023-10-06,1646.9,0.018328336614077394,-0.015409514231706146
2023-10-07,1634.16,-0.00776582203734184,0.018328336614077394
2023-10-08,1637.2,0.0018585547754270452,-0.00776582203734184
2023-10-09,1577.02,-0.03745047542744934,0.0018585547754270452
2023-10-10,1560.0,-0.01085116894721595,-0.03745047542744934
2023-10-11,1563.74,0.0023945666329980905,-0.01085116894721595
2023-10-12,1535.48,-0.018237352153796835,0.0023945666329980905
2023-10-13,1559.05,0.015233625661625642,-0.018237352153796835
2023-10-14,1555.35,-0.0023760607120129175,0.015233625661625642
2023-10-15,1564.4,0.005801763208962206,-0.0023760607120129175
2023-10-16,1588.25,0.015130417265283563,0.005801763208962206
2023-10-17,1560.51,-0.017620090253841737,0.015130417265283563
2023-10-18,1562.5,0.0012744117177556351,-0.017620090253841737
2023-10-19,1567.05,0.0029077683410701303,0.0012744117177556351
2023-10-20,1603.7,0.02311858856313652,0.0029077683410701303
2023-10-21,1630.86,0.016794023512180924,0.02311858856313652
2023-10-22,1641.0,0.006198329063146792,0.016794023512180924
2023-10-23,1709.42,0.04084831958508223,0.006198329063146792
2023-10-24,1771.6,0.035728961373870105,0.04084831958508223
2023-10-25,1787.9,0.009158653708731413,0.035728961373870105
2023-10-26,1798.3,0.005800027413376747,0.009158653708731413
2023-10-27,1781.51,-0.009380454893751139,0.005800027413376747
2023-10-28,1779.15,-0.0013255971340055937,-0.009380454893751139
2023-10-29,1797.85,0.010455784379105219,-0.0013255971340055937
2023-10-30,1801.3,0.0019171199070128603,0.010455784379105219
2023-10-31,1815.2,0.0076870280361191895,0.0019171199070128603
2023-11-01,1855.95,0.022201039862462447,0.0076870280361191895
2023-11-02,1804.93,-0.027874884476556783,0.022201039862462447
2023-11-03,1828.75,0.01311086348279631,-0.027874884476556783
2023-11-04,1839.54,0.005882867013487982,0.01311086348279631
2023-11-05,1869.6,0.016208963876826073,0.005882867013487982
2023-11-06,1892.99,0.01243308535054205,0.016208963876826073
2023-11-07,1893.25,0.00013733941874190744,0.01243308535054205
2023-11-08,1887.45,-0.0030682172878453815,0.00013733941874190744
2023-11-09,2059.1,0.08704228240801427,-0.0030682172878453815
2023-11-10,2092.95,0.01630555989222445,0.08704228240801427
2023-11-11,2046.0,-0.022687886494753517,0.01630555989222445
2023-11-12,2060.14,0.006887274127848098,-0.022687886494753517
2023-11-13,2059.6,-0.0002621524674336901,0.006887274127848098
2023-11-14,1982.0,-0.03840535328205296,-0.0002621524674336901
2023-11-15,2047.15,0.03234214605441482,-0.03840535328205296
2023-11-16,1955.65,-0.04572596296596675,0.03234214605441482
2023-11-17,1946.78,-0.004545893340806715,-0.04572596296596675
2023-11-18,1961.53,0.0075480553126117495,-0.004545893340806715
2023-11-19,1983.75,0.011264211890432373,0.0075480553126117495
2023-11-20,2026.2,0.021173124778958143,0.011264211890432373
2023-11-21,1986.1,-0.019989200814831257,0.021173124778958143
2023-11-22,2081.95,0.047132037711958015,-0.019989200814831257
2023-11-23,2068.62,-0.006423236244992816,0.047132037711958015
2023-11-24,2088.48,0.009554810368768605,-0.006423236244992816
2023-11-25,2085.05,-0.0016436928797651873,0.009554810368768605
2023-11-26,2075.15,-0.004759395552024426,-0.0016436928797651873
2023-11-27,2015.65,-0.029091716200695318,-0.004759395552024426
2023-11-28,2054.31,0.018998301116815948,-0.029091716200695318
2023-11-29,2029.2,-0.012298398432275611,0.018998301116815948
2023-11-30,2046.35,0.008416091682649745,-0.012298398432275611
2023-12-01,2091.3,0.021728163785278073,0.008416091682649745
2023-12-02,2169.45,0.03668779702738784,0.021728163785278073
2023-12-03,2184.25,0.006798840990353416,0.03668779702738784
2023-12-04,2234.85,0.02290159152325378,0.006798840990353416
2023-12-05,2273.4,0.017102396551152203,0.02290159152325378
2023-12-06,2247.95,-0.011257818479267856,0.017102396551152203
2023-12-07,2370.45,0.053061120749880106,-0.011257818479267856
2023-12-08,2369.45,-0.00042194983642557195,0.053061120749880106
2023-12-09,2355.1,-0.00607467129278922,-0.00042194983642557195
2023-12-10,2360.33,0.002218250358748466,-0.00607467129278922
2023-12-11,2216.7,-0.06278183629004448,0.002218250358748466
2023-12-12,2170.43,-0.02109429887662082,-0.06278183629004448
2023-12-13,2261.3,0.041014564542857644,-0.02109429887662082
2023-12-14,2299.8,0.016882293485615985,0.041014564542857644
2023-12-15,2246.8,-0.0233151809562868,0.016882293485615985
2023-12-16,2230.9,-0.007101890179673698,-0.0233151809562868
2023-12-17,2237.35,0.0028870383170397766,-0.007101890179673698
2023-12-18,2216.15,-0.009520673688616341,0.0028870383170397766
2023-12-19,2185.19,-0.014068674836096959,-0.009520673688616341
2023-12-20,2179.75,-0.0024925899630061244,-0.014068674836096959
2023-12-21,2248.8,0.031186549284397694,-0.0024925899630061244
2023-12-22,2315.5,0.029228906328484554,0.031186549284397694
2023-12-23,2291.61,-0.010371019632595586,0.029228906328484554
2023-12-24,2279.25,-0.005408185823198889,-0.010371019632595586
2023-12-25,2270.89,-0.0036746163445310702,-0.005408185823198889
2023-12-26,2223.75,-0.020976865140436143,-0.0036746163445310702
2023-12-27,2361.45,0.060080877148702666,-0.020976865140436143
2023-12-28,2345.24,-0.006888095069524509,0.060080877148702666
2023-12-29,2285.55,-0.025781046475749653,-0.006888095069524509
2023-12-30,2301.25,0.006845757963814029,-0.025781046475749653
2023-12-31,2281.8,-0.008487848385018579,0.006845757963814029
2024-01-01,2337.95,0.024309871841236227,-0.008487848385018579
2024-01-02,2367.45,0.01253894950953036,0.024309871841236227
2024-01-03,2227.65,-0.060866208367971644,0.01253894950953036
2024-01-04,2275.9,0.021428360404804017,-0.060866208367971644
2024-01-05,2247.9,-0.012379131511493184,0.021428360404804017
2024-01-06,2241.75,-0.00273963620621781,-0.012379131511493184
2024-01-07,2241.25,-0.00022306491281429787,-0.00273963620621781
2024-01-08,2339.4,0.04286074029726402,-0.00022306491281429787
2024-01-09,2318.2,-0.009103463761962088,0.04286074029726402
2024-01-10,2528.45,0.08681544429997058,-0.009103463761962088
2024-01-11,2603.8,0.02936544970868169,0.08681544429997058
2024-01-12,2524.28,-0.031016042931255865,0.02936544970868169
2024-01-13,2572.9,0.019077793856463073,-0.031016042931255865
2024-01-14,2525.45,-0.018614402736171026,0.019077793856463073
2024-01-15,2520.65,-0.001902459898829217,-0.018614402736171026
2024-01-16,2604.38,0.03267783826778365,-0.001902459898829217
2024-01-17,2524.0,-0.0313496983601835,0.03267783826778365
2024-01-18,2453.9,-0.028166349016793494,-0.0313496983601835
2024-01-19,2486.8,0.013318147750872197,-0.028166349016793494
2024-01-20,2463.9,-0.009251282980926196,0.013318147750872197
2024-01-21,2472.16,0.003346801987851599,-0.009251282980926196
2024-01-22,2324.9,-0.06141523505832839,0.003346801987851599
2024-01-23,2201.45,-0.05456079319330541,-0.06141523505832839
2024-01-24,2216.15,0.006655221956553239,-0.05456079319330541
2024-01-25,2218.15,0.0009020590107201932,0.006655221956553239
2024-01-26,2259.2,0.018337253181175163,0.0009020590107201932
2024-01-27,2272.55,0.005891780710886237,0.018337253181175163
2024-01-28,2262.85,-0.004277468267344157,0.005891780710886237
2024-01-29,2306.45,0.01908446515354384,-0.004277468267344157
2024-01-30,2380.2,0.0314749718523305,0.01908446515354384
2024-01-31,2277.7,-0.04401835588252228,0.0314749718523305
2024-02-01,2303.55,0.01128524937399472,-0.04401835588252228
2024-02-02,2295.22,-0.0036227117730479805,0.01128524937399472
2024-02-03,2299.79,0.0019891149341554485,-0.0036227117730479805
2024-02-04,2299.6,-8.26196517833946e-05,0.0019891149341554485
2024-02-05,2287.18,-0.005415577095460067,-8.26196517833946e-05
2024-02-06,2380.55,0.04001193575107529,-0.005415577095460067
2024-02-07,2430.13,0.020613200441266,0.04001193575107529
2024-02-08,2426.1,-0.001659724076131018,0.020613200441266
2024-02-09,2504.35,0.03174419004012547,-0.001659724076131018
2024-02-10,2511.7,0.002930594894542952,0.03174419004012547
2024-02-11,2504.5,-0.0028707009068830868,0.002930594894542952
2024-02-12,2632.46,0.04982965641315744,-0.0028707009068830868
2024-02-13,2633.25,0.0003000545058223981,0.04982965641315744
2024-02-14,2780.45,0.054393960372012044,0.0003000545058223981
2024-02-15,2796.75,0.005845243638376323,0.054393960372012044
2024-02-16,2790.98,-0.0020652401067546484,0.005845243638376323
2024-02-17,2786.45,-0.0016244044286008509,-0.0020652401067546484
2024-02-18,2847.35,0.021620352954596512,-0.0016244044286008509
2024-02-19,2967.75,0.0414153527873625,0.021620352954596512
2024-02-20,2988.5,0.0069674993306654345,0.0414153527873625
2024-02-21,2927.83,-0.020510054977949735,0.0069674993306654345
2024-02-22,2984.85,0.019287960021425143,-0.020510054977949735
2024-02-23,2942.22,-0.014385095880353608,0.019287960021425143
2024-02-24,2985.0,0.014435348399271736,-0.014385095880353608
2024-02-25,3109.25,0.04078179270714799,0.014435348399271736
2024-02-26,3186.15,0.024431751807153304,0.04078179270714799
2024-02-27,3249.7,0.019749393029854383,0.024431751807153304
2024-02-28,3323.95,0.02259115037341658,0.019749393029854383
2024-02-29,3350.3,0.007896059304081071,0.02259115037341658
2024-03-01,3429.7,0.023422899729618564,0.007896059304081071
2024-03-02,3411.95,-0.005188818435559789,0.023422899729618564
2024-03-03,3478.9,0.019432176504491097,-0.005188818435559789
2024-03-04,3586.1,0.030349109153564292,0.019432176504491097
2024-03-05,3523.6,-0.01758206676482935,0.030349109153564292
2024-03-06,3850.8,0.08879772466817105,-0.01758206676482935
2024-03-07,3874.95,0.006251840574581947,0.08879772466817105
2024-03-08,3916.85,0.010754999840955992,0.006251840574581947
2024-03-09,3912.85,-0.0010217506029583231,0.010754999840955992
2024-03-10,3907.15,-0.001457800769683324,-0.0010217506029583231
2024-03-11,4033.35,0.031789088192882155,-0.001457800769683324
2024-03-12,3951.0,-0.020628584728199343,0.031789088192882155
2024-03-13,3992.47,0.010441375560629122,-0.020628584728199343
2024-03-14,3841.5,-0.03854717166433022,0.010441375560629122
2024-03-15,3629.6,-0.05674046595793553,-0.03854717166433022
2024-03-16,3616.95,-0.003491320103930377,-0.05674046595793553
2024-03-17,3632.5,0.004289987198614095,-0.003491320103930377
2024-03-18,3508.58,-0.034709719244913936,0.004289987198614095
2024-03-19,3278.4,-0.06785589871488863,-0.034709719244913936
2024-03-20,3461.15,0.05424540528667776,-0.06785589871488863
2024-03-21,3483.5,0.006436631698860478,0.05424540528667776
2024-03-22,3317.9,-0.0487054828116952,0.006436631698860478
2024-03-23,3387.26,0.020689282311102727,-0.0487054828116952
2024-03-24,3413.45,0.007702175059195713,0.020689282311102727
2024-03-25,3629.1,0.061261173605135416,0.007702175059195713
2024-03-26,3576.15,-0.014697880911504377,0.061261173605135416
2024-03-27,3511.08,-0.018363120282374218,-0.014697880911504377
2024-03-28,3562.25,0.01446868523586444,-0.018363120282374218
2024-03-29,3496.85,-0.018529804441557315,0.01446868523586444
2024-03-30,3508.15,0.0032262697506450443,-0.018529804441557315
2024-03-31,3633.15,0.03501120757545942,0.0032262697506450443
2024-04-01,3497.9,-0.03793725215497265,0.03501120757545942
2024-04-02,3270.75,-0.06714347201448714,-0.03793725215497265
2024-04-03,3307.05,0.011037236920114083,-0.06714347201448714
2024-04-04,3325.95,0.005698794256015391,0.011037236920114083
2024-04-05,3335.75,0.0029421940554148754,0.005698794256015391
2024-04-06,3362.55,0.008002073065484627,0.0029421940554148754
2024-04-07,3401.7,0.011575691957889052,0.008002073065484627
2024-04-08,3689.25,0.08114787869765505,0.011575691957889052
2024-04-09,3512.55,-0.049080915927427665,0.08114787869765505
2024-04-10,3513.3,0.0002134973000700646,-0.049080915927427665
2024-04-11,3524.75,0.0032537450292692096,0.0002134973000700646
2024-04-12,3227.55,-0.08808617627790069,0.0032537450292692096
2024-04-13,2916.15,-0.10145908233281133,-0.08808617627790069
2024-04-14,3068.35,0.05087570468008453,-0.10145908233281133
2024-04-15,3083.2,0.004828060845258767,0.05087570468008453
2024-04-16,3071.4,-0.0038345349685092386,0.004828060845258767
2024-04-17,2972.15,-0.032847887064307024,-0.0038345349685092386
2024-04-18,3070.25,0.03247339486320782,-0.032847887064307024
2024-04-19,3079.75,0.0030894333515899073,0.03247339486320782
2024-04-20,3157.55,0.024947985569932832,0.0030894333515899073
2024-04-21,3149.85,-0.0024415777737796136,0.024947985569932832
2024-04-22,3191.39,0.013101725912111626,-0.0024415777737796136
2024-04-23,3210.94,0.00610717059691068,0.013101725912111626
2024-04-24,3130.4,-0.02540293725105646,0.00610717059691068
2024-04-25,3173.55,0.013690043201233576,-0.02540293725105646
2024-04-26,3143.2,-0.009609445853186288,0.013690043201233576
2024-04-27,3238.7,0.029930625458096577,-0.009609445853186288
2024-04-28,3313.18,0.02273643854332312,0.029930625458096577
2024-04-29,3175.4,-0.04247484460225861,0.02273643854332312
2024-04-30,2962.65,-0.0693494705704347,-0.04247484460225861
2024-05-01,2937.3,-0.00859334604484101,-0.0693494705704347
2024-05-02,2986.35,0.01656111386577985,-0.00859334604484101
2024-05-03,3114.9,0.042145143083602836,0.01656111386577985
2024-05-04,3128.3,0.004292677017201198,0.042145143083602836
2024-05-05,3137.65,0.002984386067457872,0.004292677017201198
2024-05-06,3079.75,-0.018625687220093525,0.002984386067457872
2024-05-07,3048.25,-0.010280769401709312,-0.018625687220093525
2024-05-08,2951.15,-0.032372730562205215,-0.010280769401709312
2024-05-09,3021.45,0.023541923714373858,-0.032372730562205215
2024-05-10,2891.86,-0.04383695489091634,0.023541923714373858
2024-05-11,2922.0,0.010368419609018345,-0.04383695489091634
2024-05-12,2922.45,0.00015399224936094402,0.010368419609018345
2024-05-13,2954.15,0.010788655847410634,0.00015399224936094402
2024-05-14,2890.95,-0.02162579359424623,0.010788655847410634
2024-05-15,3023.4,0.04479685810143722,-0.02162579359424623
2024-05-16,2938.24,-0.028571263293804973,0.04479685810143722
2024-05-17,3089.95,0.050344146910297725,-0.028571263293804973
2024-05-18,3122.03,0.010328521722964964,0.050344146910297725
2024-05-19,3076.72,-0.014619336797624225,0.010328521722964964
2024-05-20,3501.05,0.1291988290300623,-0.014619336797624225
2024-05-21,3745.64,0.06752957339004538,0.1291988290300623
2024-05-22,3748.55,0.0007766016464099017,0.06752957339004538
2024-05-23,3753.4,0.001292997334213844,0.0007766016464099017
2024-05-24,3734.33,-0.005093677585005828,0.001292997334213844
2024-05-25,3744.9,0.0028264960529486116,-0.005093677585005828
2024-05-26,3858.95,0.030000211404024684,0.0028264960529486116
2024-05-27,3889.1,0.0077826426470613795,0.030000211404024684
2024-05-28,3828.17,-0.01579088617605864,0.0077826426470613795
2024-05-29,3749.55,-0.0207510494362619,-0.01579088617605864
2024-05-30,3737.85,-0.0031252529644535763,-0.0207510494362619
2024-05-31,3790.07,0.013873908763475266,-0.0031252529644535763
2024-06-01,3804.05,0.0036818000748817976,0.013873908763475266
2024-06-02,3785.45,-0.004901518476462109,0.0036818000748817976
2024-06-03,3770.85,-0.00386432994151493,-0.004901518476462109
2024-06-04,3806.85,0.009501635283215569,-0.00386432994151493
2024-06-05,3864.05,0.014913780704257768,0.009501635283215569
2024-06-06,3797.93,-0.017259674757925454,0.014913780704257768
2024-06-07,3690.2,-0.028775524341572892,-0.017259674757925454
2024-06-08,3674.63,-0.004228209801552491,-0.028775524341572892
2024-06-09,3699.65,0.0067857732571410785,-0.004228209801552491
2024-06-10,3669.92,-0.008068357117464823,0.0067857732571410785
2024-06-11,3487.1,-0.051099418234799854,-0.008068357117464823
2024-06-12,3556.47,0.01969803466750291,-0.051099418234799854
2024-06-13,3476.94,-0.022615883275030613,0.01969803466750291
2024-06-14,3412.1,-0.018824659097924815,-0.022615883275030613
2024-06-15,3551.95,0.040168810930754945,-0.018824659097924815
2024-06-16,3598.75,0.013089814489977498,0.040168810930754945
2024-06-17,3512.95,-0.024130422611263087,0.013089814489977498
2024-06-18,3459.6,-0.015303164882765764,-0.024130422611263087
2024-06-19,3551.7,0.026273386653343476,-0.015303164882765764
2024-06-20,3523.81,-0.007883571487690411,0.026273386653343476
2024-06-21,3520.9,-0.0008261518687107377,-0.007883571487690411
2024-06-22,3494.57,-0.007506303534705715,-0.0008261518687107377
2024-06-23,3433.45,-0.017644748639778513,-0.007506303534705715
2024-06-24,3308.8,-0.036980000680759385,-0.017644748639778513
2024-06-25,3410.3,0.03021467807338788,-0.036980000680759385
2024-06-26,3389.75,-0.00604409160502463,0.03021467807338788
2024-06-27,3439.3,0.014511789946364605,-0.00604409160502463
2024-06-28,3383.85,-0.016253847786240967,0.014511789946364605
2024-06-29,3378.55,-0.0015674911526047865,-0.016253847786240967
2024-06-30,3415.59,0.010903621935932261,-0.0015674911526047865
2024-07-01,3463.0,0.013785020116552114,0.010903621935932261
2024-07-02,3415.49,-0.01381429806381894,0.013785020116552114
2024-07-03,3255.45,-0.047990452403498474,-0.01381429806381894
2024-07-04,3142.55,-0.03529594269831323,-0.047990452403498474
2024-07-05,2974.33,-0.055015768704694,-0.03529594269831323
2024-07-06,3063.6,0.02957189150334103,-0.055015768704694
2024-07-07,2987.76,-0.025066752293798168,0.02957189150334103
2024-07-08,2997.95,0.0034047789966367425,-0.025066752293798168
2024-07-09,3072.21,0.02446845056789024,0.0034047789966367425
2024-07-10,3096.07,0.007736392966973888,0.02446845056789024
2024-07-11,3116.15,0.00646470019815183,0.007736392966973888
2024-07-12,3109.7,-0.0020720069733778154,0.00646470019815183
2024-07-13,3163.21,0.017061076269029498,-0.0020720069733778154
2024-07-14,3187.45,0.007633889302196203,0.017061076269029498
2024-07-15,3435.1,0.0748248132450743,0.007633889302196203
2024-07-16,3439.9,0.0013963638632531394,0.0748248132450743
2024-07-17,3416.4,-0.006855036105476073,0.0013963638632531394
2024-07-18,3414.0,-0.0007027407176062524,-0.006855036105476073
2024-07-19,3506.65,0.026776541406199422,-0.0007027407176062524
2024-07-20,3523.75,0.004864597667736923,0.026776541406199422
2024-07-21,3465.05,-0.016798700894000276,0.004864597667736923
2024-07-22,3490.0,0.007174673662150887,-0.016798700894000276
2024-07-23,3483.5,-0.0018642007262992583,0.007174673662150887
2024-07-24,3375.11,-0.031609619102077754,-0.0018642007262992583
2024-07-25,3153.4,-0.06794668056471437,-0.031609619102077754
2024-07-26,3255.25,0.03178784180545633,-0.06794668056471437
2024-07-27,3242.65,-0.0038781808868394996,0.03178784180545633
2024-07-28,3275.23,0.009997198889046412,-0.0038781808868394996
2024-07-29,3321.33,0.01397720948940635,0.009997198889046412
2024-07-30,3280.61,-0.012335924403825287,0.01397720948940635
2024-07-31,3220.65,-0.018446178175799757,-0.012335924403825287
2024-08-01,3167.85,-0.016530078192332882,-0.018446178175799757
2024-08-02,3015.95,-0.049138252587404035,-0.016530078192332882
2024-08-03,2892.85,-0.041672696400567956,-0.049138252587404035
2024-08-04,2751.35,-0.05015047504544226,-0.041672696400567956
2024-08-05,2437.25,-0.12122134578569783,-0.05015047504544226
2024-08-06,2489.7,0.0212918667631311,-0.12122134578569783
2024-08-07,2349.45,-0.05798096307973119,0.0212918667631311
2024-08-08,2570.72,0.09000475710224416,-0.05798096307973119
2024-08-09,2594.4,0.009169260698083319,0.09000475710224416
2024-08-10,2605.2,0.004154171679138072,0.009169260698083319
2024-08-11,2557.7,-0.01840103053550861,0.004154171679138072
2024-08-12,2681.45,0.047249275832330795,-0.01840103053550861
2024-08-13,2699.25,0.006616263658181115,0.047249275832330795
2024-08-14,2676.55,-0.008445304854909155,0.006616263658181115
2024-08-15,2549.75,-0.04853333664171308,-0.008445304854909155
2024-08-16,2608.85,0.022914196060848928,-0.04853333664171308
2024-08-17,2614.5,0.002163363436708825,0.022914196060848928
2024-08-18,2666.1,0.019543855784353834,0.002163363436708825
2024-08-19,2616.5,-0.018779183600276625,0.019543855784353834
2024-08-20,2589.45,-0.010392048881594949,-0.018779183600276625
2024-08-21,2631.37,0.016059125160828254,-0.010392048881594949
2024-08-22,2624.9,-0.002461823029508811,0.016059125160828254
2024-08-23,2755.05,0.04839279118066679,-0.002461823029508811
2024-08-24,2793.0,0.013680695702522982,0.04839279118066679
2024-08-25,2770.5,-0.008088477637772398,0.013680695702522982
2024-08-26,2689.0,-0.029858432038539672,-0.008088477637772398
2024-08-27,2581.5,-0.040798751949160876,-0.029858432038539672
2024-08-28,2537.6,-0.017151872879174954,-0.040798751949160876
2024-08-29,2540.25,0.0010437489254619525,-0.017151872879174954
2024-08-30,2518.93,-0.008428293204578082,0.0010437489254619525
2024-08-31,2506.85,-0.004807223262239513,-0.008428293204578082
2024-09-01,2502.07,-0.0019085956457772731,-0.004807223262239513
2024-09-02,2554.2,0.020620673808765675,-0.0019085956457772731
2024-09-03,2462.95,-0.03637924459429041,0.020620673808765675
2024-09-04,2454.95,-0.0032534240454302936,-0.03637924459429041
2024-09-05,2367.05,-0.03646194034617851,-0.0032534240454302936
2024-09-06,2168.6,-0.08756265603818084,-0.03646194034617851
2024-09-07,2271.0,0.04613846506747698,-0.08756265603818084
2024-09-08,2276.89,0.002590213612511122,0.04613846506747698
2024-09-09,2341.6,0.02802397965960644,0.002590213612511122
2024-09-10,2378.0,0.015425341873051081,0.02802397965960644
2024-09-11,2347.75,-0.012802375566004122,0.015425341873051081
2024-09-12,2351.8,0.0017235697045925305,-0.012802375566004122
2024-09-13,2423.45,0.03001115236494533,0.0017235697045925305
2024-09-14,2416.63,-0.002818137102545283,0.03001115236494533
2024-09-15,2363.55,-0.022209281575551184,-0.002818137102545283
2024-09-16,2274.2,-0.03853638388554188,-0.022209281575551184
2024-09-17,2344.5,0.030443817339018648,-0.03853638388554188
2024-09-18,2325.65,-0.008072589688091446,0.030443817339018648
2024-09-19,2465.75,0.05849645099255329,-0.008072589688091446
2024-09-20,2540.6,0.029904252755257356,0.05849645099255329
2024-09-21,2565.95,0.009928506815704686,0.029904252755257356
2024-09-22,2573.4,0.0028992013458248958,0.009928506815704686
2024-09-23,2661.5,0.03366189186192236,0.0028992013458248958
2024-09-24,2650.65,-0.004084980690637744,0.03366189186192236
2024-09-25,2580.3,-0.02689922169663075,-0.004084980690637744
2024-09-26,2631.41,0.019614152957390715,-0.02689922169663075
2024-09-27,2694.19,0.023577778397709203,0.019614152957390715
2024-09-28,2675.85,-0.006830515715257467,0.023577778397709203
2024-09-29,2661.07,-0.005538789333653563,-0.006830515715257467
2024-09-30,2613.3,-0.01811450703877659,-0.005538789333653563
2024-10-01,2451.45,-0.06393410428577952,-0.01811450703877659
2024-10-02,2385.7,-0.027187103899523883,-0.06393410428577952
2024-10-03,2342.25,-0.01838057647635505,-0.027187103899523883
2024-10-04,2428.9,0.036326474117965565,-0.01838057647635505
2024-10-05,2392.1,-0.015266838732521321,0.036326474117965565
2024-10-06,2438.71,0.019297569740859753,-0.015266838732521321
2024-10-07,2441.35,0.0010819540159494904,0.019297569740859753
2024-10-08,2442.05,0.0002866855079634438,0.0010819540159494904
2024-10-09,2354.05,-0.03670060144506645,0.0002866855079634438
2024-10-10,2366.45,0.005253692838181497,-0.03670060144506645
2024-10-11,2456.85,0.037489099721868355,0.005253692838181497
2024-10-12,2469.85,0.005277378436520501,0.037489099721868355
2024-10-13,2459.85,-0.004057047575454427,0.005277378436520501
2024-10-14,2621.35,0.06358907976860319,-0.004057047575454427
2024-10-15,2571.55,-0.01918062229589079,0.06358907976860319
2024-10-16,2617.65,0.017768138762713218,-0.01918062229589079
2024-10-17,2596.64,-0.0080586671254181,0.017768138762713218
2024-10-18,2643.25,0.01779091904506413,-0.0080586671254181
2024-10-19,2644.85,0.0006051322965996979,0.01779091904506413
2024-10-20,2710.85,0.02464788592218035,0.0006051322965996979
2024-10-21,2674.85,-0.013368934839912725,0.02464788592218035
2024-10-22,2632.33,-0.016023918466493408,-0.013368934839912725
2024-10-23,2511.95,-0.046810041593615785,-0.016023918466493408
2024-10-24,2535.9,0.009489259671597612,-0.046810041593615785
2024-10-25,2474.7,-0.024429427068196043,0.009489259671597612
2024-10-26,2486.85,0.004897672818788176,-0.024429427068196043
2024-10-27,2488.7,0.0007436364161764603,0.004897672818788176
2024-10-28,2515.85,0.01085023283134944,0.0007436364161764603
2024-10-29,2620.22,0.04064756509444327,0.01085023283134944
2024-10-30,2679.1,0.02222263351336253,0.04064756509444327
2024-10-31,2517.85,-0.06207555446721624,0.02222263351336253
2024-11-01,2518.6,0.0002978288300465984,-0.06207555446721624
2024-11-02,2494.44,-0.009638936476346026,0.0002978288300465984
2024-11-03,2468.55,-0.010433321385898383,-0.009638936476346026
2024-11-04,2369.3,-0.041036380857070245,-0.010433321385898383
2024-11-05,2415.6,0.019353150581314805,-0.041036380857070245
2024-11-06,2689.45,0.10738900829060302,0.019353150581314805
2024-11-07,2894.85,0.07359658446887975,0.10738900829060302
2024-11-08,2944.0,0.016835904655538088,0.07359658446887975
2024-11-09,3078.85,0.0447869497730695,0.016835904655538088
2024-11-10,3171.35,0.02960121410154652,0.0447869497730695
2024-11-11,3329.1,0.04854463245124472,0.02960121410154652
2024-11-12,3280.95,-0.014568982585969007,0.04854463245124472
2024-11-13,3154.05,-0.03944567330610546,-0.014568982585969007
2024-11-14,3119.4,-0.01104666566482806,-0.03944567330610546
2024-11-15,3091.7,-0.008919574197161802,-0.01104666566482806
2024-11-16,3156.24,0.02066034428125563,-0.008919574197161802
2024-11-17,3062.65,-0.030100891456460978,0.02066034428125563
2024-11-18,3150.42,0.02825522301955514,-0.030100891456460978
2024-11-19,3095.56,-0.0175669505181872,0.02825522301955514
2024-11-20,3080.7,-0.004811982874367115,-0.0175669505181872
2024-11-21,3348.8,0.08344522881937631,-0.004811982874367115
2024-11-22,3320.15,-0.00859211007892766,0.08344522881937631
2024-11-23,3421.2,0.029981404093818973,-0.00859211007892766
2024-11-24,3347.65,-0.021732759585844565,0.029981404093818973
2024-11-25,3438.8,0.02686396617950721,-0.021732759585844565
2024-11-26,3322.95,-0.03426963070349497,0.02686396617950721
2024-11-27,3638.05,0.09059488120211134,-0.03426963070349497
2024-11-28,3572.23,-0.018257773177794957,0.09059488120211134
2024-11-29,3593.9,0.006047913183931747,-0.018257773177794957
2024-11-30,3722.05,0.03503662794475272,0.006047913183931747
2024-12-01,3708.5,-0.003647109573181952,0.03503662794475272
2024-12-02,3616.7,-0.02506547432872759,-0.003647109573181952
2024-12-03,3615.95,-0.0002073928650462363,-0.02506547432872759
2024-12-04,3844.2,0.061210903890192,-0.0002073928650462363
2024-12-05,3860.27,0.004171610326113939,0.061210903890192
2024-12-06,4030.8,0.0432277382071028,0.004171610326113939
2024-12-07,4009.1,-0.005398090198555427,0.0432277382071028
2024-12-08,3993.45,-0.003911258274190085,-0.005398090198555427
2024-12-09,3701.16,-0.07600923492276473,-0.003911258274190085
2024-12-10,3641.8,-0.016168219112994167,-0.07600923492276473
2024-12-11,3831.95,0.05089574709118062,-0.016168219112994167
2024-12-12,3866.7,0.009027618089919972,0.05089574709118062
2024-12-13,3903.85,0.009561815584842976,0.009027618089919972
2024-12-14,3847.75,-0.014474683803623179,0.009561815584842976
2024-12-15,3856.15,0.0021807145287091744,-0.014474683803623179
2024-12-16,4048.91,0.04877843268580363,0.0021807145287091744
2024-12-17,3932.35,-0.0292104975441389,0.04877843268580363
2024-12-18,3690.1,-0.06358365359206726,-0.0292104975441389
2024-12-19,3416.1,-0.07715400845370088,-0.06358365359206726
2024-12-20,3438.3,0.006477613686094274,-0.07715400845370088
2024-12-21,3316.25,-0.036142536718813796,0.006477613686094274
2024-12-22,3438.3,0.03614253671881377,-0.036142536718813796
2024-12-23,3418.4,-0.0058045578409480275,0.03614253671881377
2024-12-24,3487.75,0.020084223818402084,-0.0058045578409480275
2024-12-25,3464.8,-0.006601918247800454,0.020084223818402084
2024-12-26,3333.0,-0.038782111592677235,-0.006601918247800454
2024-12-27,3314.77,-0.00548455969358464,-0.038782111592677235
2024-12-28,3397.95,0.024784068971498797,-0.00548455969358464
2024-12-29,3343.85,-0.01604947084647285,0.024784068971498797
2024-12-30,3313.0,-0.009268714439285152,-0.01604947084647285
2024-12-31,3345.85,0.0098666485946546,-0.009268714439285152
2025-01-01,3366.61,0.006185531441867969,0.0098666485946546
2025-01-02,3451.09,0.024783819818799634,0.006185531441867969
2025-01-03,3612.9,0.045820650779325844,0.024783819818799634
2025-01-04,3657.87,0.012370236839104596,0.045820650779325844
2025-01-05,3646.2,-0.0031954814042840754,0.012370236839104596
2025-01-06,3668.76,0.006168200927347766,-0.0031954814042840754
2025-01-07,3367.49,-0.08568607057859205,0.006168200927347766
2025-01-08,3298.94,-0.020566454984424023,-0.08568607057859205
2025-01-09,3209.41,-0.02751408512609214,-0.020566454984424023
2025-01-10,3266.35,0.017586033908572576,-0.02751408512609214
2025-01-11,3306.88,0.012331993142588581,0.017586033908572576
2025-01-12,3266.13,-0.01239934887887338,0.012331993142588581
2025-01-13,3113.72,-0.047787644934781055,-0.01239934887887338
2025-01-14,3214.78,0.03194077324727477,-0.047787644934781055
2025-01-15,3432.81,0.06562024165456201,0.03194077324727477
2025-01-16,3318.67,-0.03381506750863343,0.06562024165456201
2025-01-17,3474.36,0.04584618913684058,-0.03381506750863343
2025-01-18,3271.73,-0.06009139239475063,0.04584618913684058
2025-01-19,3229.61,-0.012957510087784473,-0.06009139239475063
2025-01-20,3281.04,0.01579905839922696,-0.012957510087784473
2025-01-21,3332.35,0.015517315495167145,0.01579905839922696
2025-01-22,3258.21,-0.022499795980353177,0.015517315495167145
2025-01-23,3248.68,-0.002929204831844572,-0.022499795980353177
2025-01-24,3329.83,0.024672491645473218,-0.002929204831844572
2025-01-25,3339.24,0.002821984548006366,0.024672491645473218
2025-01-26,3297.52,-0.012572565394309319,0.002821984548006366
2025-01-27,3160.35,-0.04248788983273733,-0.012572565394309319
2025-01-28,3052.79,-0.03462685437398821,-0.04248788983273733
2025-01-29,3140.47,0.028316543662538517,-0.03462685437398821
2025-01-30,3244.76,0.032668917234853566,0.028316543662538517
2025-01-31,3317.47,0.02216105674679057,0.032668917234853566
2025-02-01,3149.07,-0.05209527307834892,0.02216105674679057
2025-02-02,2906.32,-0.08021949506598589,-0.05209527307834892
2025-02-03,2815.28,-0.031825952299525756,-0.08021949506598589
2025-02-04,2640.26,-0.06418432662805006,-0.031825952299525756
2025-02-05,2786.33,0.05384792057544967,-0.06418432662805006
2025-02-06,2708.79,-0.02822327701451442,0.05384792057544967
2025-02-07,2589.0,-0.04523033994893005,-0.02822327701451442
2025-02-08,2639.91,0.019473124898625054,-0.04523033994893005
2025-02-09,2556.95,-0.03192968371519844,0.019473124898625054
2025-02-10,2665.7,0.04165154533989134,-0.03192968371519844
2025-02-11,2622.45,-0.016357691963088113,0.04165154533989134
2025-02-12,2683.28,0.022930931458808593,-0.016357691963088113
2025-02-13,2667.29,-0.005976951091987449,0.022930931458808593
2025-02-14,2745.4,0.02886380813897077,-0.005976951091987449
2025-02-15,2700.99,-0.01630841136426682,0.02886380813897077
2025-02-16,2686.88,-0.005237703306594648,-0.01630841136426682
2025-02-17,2776.16,0.03268800870666367,-0.005237703306594648
2025-02-18,2651.71,-0.04586396295979311,0.03268800870666367
2025-02-19,2710.32,0.021861994189956224,-0.04586396295979311
2025-02-20,2727.63,0.006366391182646534,0.021861994189956224
2025-02-21,2640.56,-0.03244208440821149,0.006366391182646534
2025-02-22,2766.6,0.046628113582755086,-0.03244208440821149
2025-02-23,2808.37,0.01498511440632599,0.046628113582755086
2025-02-24,2637.12,-0.06291683127202218,0.01498511440632599
2025-02-25,2512.08,-0.0485763173602807,-0.06291683127202218
2025-02-26,2339.28,-0.07126790551767367,-0.0485763173602807
2025-02-27,2278.79,-0.02619858937498281,-0.07126790551767367
2025-02-28,2225.25,-0.023775331483040698,-0.02619858937498281
2025-03-01,2229.29,0.0018138802694275353,-0.023775331483040698
2025-03-02,2526.79,0.12526657333344768,0.0018138802694275353
2025-03-03,2110.13,-0.18020016549529883,0.12526657333344768
2025-03-04,2177.95,0.031634510441637634,-0.18020016549529883
2025-03-05,2236.23,0.026407344850801245,0.031634510441637634
2025-03-06,2208.52,-0.01246880432317152,0.026407344850801245
2025-03-07,2140.23,-0.03140930803967309,-0.01246880432317152
2025-03-08,2216.6,0.03506119046534124,-0.03140930803967309
2025-03-09,2048.21,-0.07900824937642455,0.03506119046534124
2025-03-10,1871.0,-0.09049319369103845,-0.07900824937642455
2025-03-11,1936.97,0.034651849145131065,-0.09049319369103845
2025-03-12,1892.17,-0.023400577835390374,0.034651849145131065
2025-03-13,1842.42,-0.026644393730282146,-0.023400577835390374
2025-03-14,1925.8,0.04426154095263545,-0.026644393730282146
2025-03-15,1944.29,0.009555406043157945,0.04426154095263545
2025-03-16,1895.68,-0.025319258650016767,0.009555406043157945
2025-03-17,1935.82,0.02095339610812356,-0.025319258650016767
2025-03-18,1905.45,-0.01581280816986883,0.02095339610812356
2025-03-19,2035.02,0.06578744570064927,-0.01581280816986883
2025-03-20,1979.13,-0.027848292650845617,0.06578744570064927
2025-03-21,1974.05,-0.002570084234088692,-0.027848292650845617
2025-03-22,1993.44,0.009774519597258707,-0.002570084234088692
2025-03-23,1992.93,-0.00025587188483878733,0.009774519597258707
2025-03-24,2086.05,0.0456664079270154,-0.00025587188483878733
2025-03-25,2065.69,-0.009808014574244123,0.0456664079270154
2025-03-26,2011.06,-0.02680236478837916,-0.009808014574244123
2025-03-27,2007.2,-0.0019212301778938213,-0.02680236478837916
2025-03-28,1876.9,-0.06711923639000839,-0.0019212301778938213
2025-03-29,1817.75,-0.03202200713203801,-0.06711923639000839
2025-03-30,1815.03,-0.0014974760421964592,-0.03202200713203801
2025-03-31,1819.87,0.002663073460300623,-0.0014974760421964592
2025-04-01,1913.05,0.0499337571080762,0.002663073460300623
2025-04-02,1880.44,-0.017193035062846022,0.0499337571080762
2025-04-03,1798.2,-0.04471962744282807,-0.017193035062846022
2025-04-04,1818.27,0.0110993350109979,-0.04471962744282807
2025-04-05,1789.88,-0.01573692108023636,0.0110993350109979
2025-04-06,1574.01,-0.12852207528411497,-0.01573692108023636
2025-04-07,1569.87,-0.0026336898310564973,-0.12852207528411497
2025-04-08,1480.02,-0.05893721218589527,-0.0026336898310564973
2025-04-09,1673.24,0.12270626538927858,-0.05893721218589527
2025-04-10,1529.45,-0.08985367293473792,0.12270626538927858
2025-04-11,1572.16,0.027542276345375125,-0.08985367293473792
2025-04-12,1649.22,0.04785197887085219,0.027542276345375125
2025-04-13,1590.51,-0.03624772935067412,0.04785197887085219
2025-04-14,1635.04,0.027612549363437267,-0.03624772935067412
2025-04-15,1594.34,-0.025207411384393027,0.027612549363437267
2025-04-16,1572.84,-0.013576955060051372,-0.025207411384393027
2025-04-17,1584.3,0.007259766961542629,-0.013576955060051372
2025-04-18,1593.37,0.005708600723911189,0.007259766961542629
2025-04-19,1613.92,0.012814732201616948,0.005708600723911189
2025-04-20,1589.29,-0.015378626701820065,0.012814732201616948
2025-04-21,1577.53,-0.007427042937519512,-0.015378626701820065
2025-04-22,1696.27,0.07257139012719528,-0.007427042937519512
2025-04-23,1796.35,0.057325105587177336,0.07257139012719528
2025-04-24,1763.18,-0.01863783149999956,0.057325105587177336
2025-04-25,1800.39,0.020884311200531712,-0.01863783149999956
2025-04-26,1806.74,0.003520808265627561,0.020884311200531712
2025-04-27,1803.24,-0.001939069522082619,0.003520808265627561
2025-04-28,1786.76,-0.009181122987326184,-0.001939069522082619
2025-04-29,1809.48,0.012635587327395283,-0.009181122987326184
2025-04-30,1794.88,-0.00810134384573241,0.012635587327395283
2025-05-01,1840.49,0.02509367317817644,-0.00810134384573241
2025-05-02,1847.46,0.0037798822102576234,0.02509367317817644
2025-05-03,1839.43,-0.004355981706614562,0.0037798822102576234
2025-05-04,1836.87,-0.0013927048466050782,-0.004355981706614562
2025-05-05,1809.07,-0.01525013509670976,-0.0013927048466050782
2025-05-06,1775.69,-0.018623821291456417,-0.01525013509670976
2025-05-07,1798.41,0.012713861415112705,-0.018623821291456417
2025-05-08,2184.58,0.1945206491913532,0.012713861415112705
2025-05-09,2340.99,0.06915032642953098,0.1945206491913532
2025-05-10,2491.1,0.062150463173666404,0.06915032642953098
2025-05-11,2511.27,0.008064221282020929,0.062150463173666404
2025-05-12,2486.26,-0.010009027976942201,0.008064221282020929
2025-05-13,2690.79,0.07905525749590274,-0.010009027976942201
2025-05-14,2600.47,-0.03414263287411129,0.07905525749590274
2025-05-15,2537.65,-0.024453742000140867,-0.03414263287411129
2025-05-16,2572.02,0.013453126473630282,-0.024453742000140867
2025-05-17,2490.35,-0.03226831954724149,0.013453126473630282
2025-05-18,2395.64,-0.03877284430054908,-0.03226831954724149
2025-05-19,2521.36,0.05114801993965122,-0.03877284430054908
2025-05-20,2514.17,-0.0028557092843251235,0.05114801993965122
2025-05-21,2507.76,-0.0025528047906137,-0.0028557092843251235
2025-05-22,2641.1,0.05180557263161286,-0.0025528047906137
2025-05-23,2543.52,-0.037646548613016424,0.05180557263161286
2025-05-24,2552.09,0.003363682887952182,-0.037646548613016424
2025-05-25,2524.19,-0.010992412135047225,0.003363682887952182
2025-05-26,2567.33,0.016946229176373766,-0.010992412135047225
2025-05-27,2669.24,0.03892733933885032,0.016946229176373766
2025-05-28,2634.95,-0.012929581217330215,0.03892733933885032
2025-05-29,2644.02,0.0034362797761278326,-0.012929581217330215
2025-05-30,2576.87,-0.025725002114913974,0.0034362797761278326
2025-05-31,2543.07,-0.013203471537850264,-0.025725002114913974
2025-06-01,2527.33,-0.006208603092638831,-0.013203471537850264
2025-06-02,2540.94,0.005370681796408187,-0.006208603092638831
2025-06-03,2616.32,0.02923465896462757,0.005370681796408187
2025-06-04,2605.55,-0.004124964915349929,0.02923465896462757
2025-06-05,2398.91,-0.08262931783531847,-0.004124964915349929
2025-06-06,2501.67,0.04194404133914913,-0.08262931783531847
2025-06-07,2523.45,0.008668503989677395,0.04194404133914913
2025-06-08,2532.58,0.003611533129224891,0.008668503989677395
2025-06-09,2590.77,0.02271658284429219,0.003611533129224891
2025-06-10,2772.92,0.06794578777147486,0.02271658284429219
2025-06-11,2815.87,0.015370355861308733,0.06794578777147486
2025-06-12,2642.52,-0.06353826513347867,0.015370355861308733
2025-06-13,2547.49,-0.03662444663400138,-0.06353826513347867
2025-06-14,2510.16,-0.014762064557977348,-0.03662444663400138
2025-06-15,2504.1,-0.002417107589321802,-0.014762064557977348
2025-06-16,2671.01,0.06452728949428811,-0.002417107589321802
2025-06-17,2511.93,-0.06140529606130872,0.06452728949428811
2025-06-18,2529.65,0.007029571272987799,-0.06140529606130872
2025-06-19,2507.74,-0.008699004113445314,0.007029571272987799
2025-06-20,2427.28,-0.03261066027715932,-0.008699004113445314
2025-06-21,2404.26,-0.00952912495498457,-0.03261066027715932
2025-06-22,2188.27,-0.09413088659087504,-0.00952912495498457
2025-06-23,2348.33,0.07059315992294384,-0.09413088659087504
2025-06-24,2450.48,0.04257948649937509,0.07059315992294384
2025-06-25,2441.81,-0.003544356150749795,0.04257948649937509
2025-06-26,2446.55,0.0019393013139587612,-0.003544356150749795
2025-06-27,2426.83,-0.008092989929962973,0.0019393013139587612
2025-06-28,2430.86,0.001659225238563518,-0.008092989929962973
2025-06-29,2433.76,0.0011922823750008856,0.001659225238563518
2025-06-30,2504.31,0.028575860910664348,0.0011922823750008856
2025-07-01,2416.29,-0.03577994151020642,0.028575860910664348
2025-07-02,2592.84,0.07052049408168837,-0.03577994151020642
2025-07-03,2599.78,0.002673025999295353,0.07052049408168837
2025-07-04,2491.78,-0.042429511538673116,0.002673025999295353
2025-07-05,2507.37,0.006237080519318204,-0.042429511538673116
2025-07-06,2547.01,0.01568572713390182,0.006237080519318204
2025-07-07,2534.61,-0.004880343123517363,0.01568572713390182
2025-07-08,2601.39,0.026006138502393115,-0.004880343123517363
2025-07-09,2739.96,0.05189740419711313,0.026006138502393115
2025-07-10,2820.43,0.02894603384201294,0.05189740419711313
2025-07-11,2975.77,0.05361347344268745,0.02894603384201294
2025-07-12,2919.05,-0.01924460815887826,0.05361347344268745
2025-07-13,2993.48,0.025178369339380165,-0.01924460815887826
2025-07-14,3005.8,0.004107165299381557,0.025178369339380165
2025-07-15,3042.43,0.012112782701779911,0.004107165299381557
2025-07-16,3381.6,0.10569243205080638,0.012112782701779911
2025-07-17,3418.51,0.010855813356606785,0.10569243205080638
2025-07-18,3521.82,0.02977311781555733,0.010855813356606785
2025-07-19,3566.58,0.012629251996495852,0.02977311781555733
2025-07-20,3741.79,0.04795695311595052,0.012629251996495852
2025-07-21,3758.87,0.00455427376309008,0.04795695311595052
2025-07-22,3707.45,-0.01377407155580168,0.00455427376309008
2025-07-23,3570.62,-0.03760505858180331,-0.01377407155580168
2025-07-24,3739.95,0.04633299217257897,-0.03760505858180331
2025-07-25,3686.72,-0.01433506848556603,0.04633299217257897
2025-07-26,3746.9,0.016191657570786826,-0.01433506848556603
2025-07-27,3824.39,0.020470145998148764,0.016191657570786826
2025-07-28,3789.74,-0.009101562278462136,0.020470145998148764
2025-07-29,3763.4,-0.00697461102961814,-0.009101562278462136
2025-07-30,3770.74,0.0019484645419917937,-0.00697461102961814
2025-07-31,3736.39,-0.009151364030403052,0.0019484645419917937
2025-08-01,3539.77,-0.054058151356480746,-0.009151364030403052
2025-08-02,3422.74,-0.033620353383401115,-0.054058151356480746
2025-08-03,3494.95,0.02087766953168043,-0.033620353383401115
2025-08-04,3701.7,0.057473104158666424,0.02087766953168043
2025-08-05,3576.17,-0.03449977825925437,0.057473104158666424
2025-08-06,3676.89,0.027774890848305134,-0.03449977825925437
2025-08-07,3874.48,0.052344174072652044,0.027774890848305134
2025-08-08,4057.67,0.046197456997032066,0.052344174072652044
2025-08-09,4289.54,0.055570583834374195,0.046197456997032066
2025-08-10,4220.0,-0.016344373035649055,0.055570583834374195
2025-08-11,4248.46,0.006721436281538394,-0.016344373035649055
2025-08-12,4619.75,0.083784026745939,0.006721436281538394
2025-08-13,4718.89,0.021233011373859825,0.083784026745939
2025-08-14,4536.6,-0.03939576963911542,0.021233011373859825
2025-08-15,4429.07,-0.023988203071873323,-0.03939576963911542
2025-08-16,4435.3,0.0014056274784928187,-0.023988203071873323
2025-08-17,4470.62,0.007931844251268758,0.0014056274784928187
2025-08-18,4339.56,-0.029754140983748182,0.007931844251268758
2025-08-19,4158.8,-0.04254638936260428,-0.029754140983748182
2025-08-20,4359.08,0.047034454799384846,-0.04254638936260428
2025-08-21,4242.72,-0.027056452922452442,0.047034454799384846
2025-08-22,4842.52,0.1322306733899645,-0.027056452922452442
2025-08-23,4752.42,-0.01878128439546864,0.1322306733899645
2025-08-24,4788.53,0.007569512976725012,-0.01878128439546864
2025-08-25,4358.34,-0.0941322240514131,0.007569512976725012
2025-08-26,4589.99,0.05178659450242473,-0.0941322240514131
2025-08-27,4595.64,0.0012301825160680856,0.05178659450242473
2025-08-28,4459.36,-0.03010276995957443,0.0012301825160680856
2025-08-29,4322.5,-0.031171319402028223,-0.03010276995957443
2025-08-30,4344.55,0.005088247459824549,-0.031171319402028223
2025-08-31,4456.65,0.025475176687834448,0.005088247459824549
2025-09-01,4288.9,-0.03836707291818268,0.025475176687834448
2025-09-02,4314.05,0.005846848266548576,-0.03836707291818268
2025-09-03,4467.2,0.03488467607452776,0.005846848266548576
2025-09-04,4307.8,-0.03633448118474385,0.03488467607452776
2025-09-05,4339.2,0.007262666362766861,-0.03633448118474385
2025-09-06,4279.55,-0.013842135444711925,0.007262666362766861
2025-09-07,4299.77,0.004713669017697139,-0.013842135444711925
2025-09-08,4297.21,-0.0005955579926130823,0.004713669017697139
2025-09-09,4303.12,0.0013743660836907463,-0.0005955579926130823
2025-09-10,4330.62,0.006370377843135966,0.0013743660836907463
2025-09-11,4418.95,0.02019139247640792,0.006370377843135966
2025-09-12,4673.17,0.05593553094874828,0.02019139247640792
2025-09-13,4659.02,-0.003032516664105706,0.05593553094874828
2025-09-14,4619.45,-0.008529475204264511,-0.003032516664105706
2025-09-15,4512.79,-0.023360062865858757,-0.008529475204264511
2025-09-16,4498.92,-0.003078219550345602,-0.023360062865858757
2025-09-17,4503.69,0.0010596927882850476,-0.003078219550345602
2025-09-18,4605.95,0.022451885173630608,0.0010596927882850476
2025-09-19,4462.52,-0.0316353170451494,0.022451885173630608
2025-09-20,4486.92,0.005452868661871351,-0.0316353170451494
2025-09-21,4480.04,-0.0015345225918398343,0.005452868661871351
2025-09-22,4185.84,-0.06792457431207714,-0.0015345225918398343
2025-09-23,4178.03,-0.001867557068667259,-0.06792457431207714
2025-09-24,4168.39,-0.00230997344647585,-0.001867557068667259
2025-09-25,3889.96,-0.06913099533010549,-0.00230997344647585
2025-09-26,4014.93,0.03162103782542856,-0.06913099533010549
2025-09-27,4009.57,-0.0013359089780409343,0.03162103782542856
2025-09-28,4054.44,0.01112857327227388,-0.0013359089780409343
2025-09-29,4228.96,0.04214352302399317,0.01112857327227388
2025-09-30,4194.53,-0.008174804443007559,0.04214352302399317
2025-10-01,4335.45,0.03304411557160066,-0.008174804443007559
2025-10-02,4492.23,0.03552382662915952,0.03304411557160066
2025-10-03,4536.78,0.0098682716118382,0.03552382662915952
2025-10-04,4479.18,-0.01277751535485526,0.0098682716118382
2025-10-05,4499.68,0.004566289177120543,-0.01277751535485526
2025-10-06,4691.98,0.04184838507090101,0.004566289177120543
2025-10-07,4511.57,-0.03920945997169985,0.04184838507090101
2025-10-08,4503.24,-0.0018480705352263936,-0.03920945997169985
2025-10-09,4339.63,-0.03700804667881305,-0.0018480705352263936
2025-10-10,3862.13,-0.11657024626663584,-0.03700804667881305
2025-10-11,3701.16,-0.04257256072657391,-0.11657024626663584
2025-10-12,4142.87,0.11274250034602075,-0.04257256072657391
2025-10-13,4289.58,0.034800041674679365,0.11274250034602075
2025-10-14,4120.71,-0.04016334743790332,0.034800041674679365
2025-10-15,3964.27,-0.03870375144608728,-0.04016334743790332
2025-10-16,3851.12,-0.02895771208055281,-0.03870375144608728
2025-10-17,3858.54,0.0019248584998494433,-0.02895771208055281
2025-10-18,3889.91,0.008097147531314757,0.0019248584998494433
2025-10-19,4000.7,0.02808332469325554,0.008097147531314757
2025-10-20,3998.7,-0.0005000375132316875,0.02808332469325554
2025-10-21,3959.74,-0.009790941750699193,-0.0005000375132316875
2025-10-22,3780.6,-0.0462956393513182,-0.009790941750699193
2025-10-23,3831.26,0.013311003619243058,-0.0462956393513182
2025-10-24,3939.1,0.027758540007449865,0.013311003619243058
2025-10-25,3947.54,0.002140329271268067,0.027758540007449865
2025-10-26,4063.84,0.02903573933053032,0.002140329271268067
2025-10-27,4131.35,0.016475890651351705,0.02903573933053032
2025-10-28,3981.3,-0.03699583094459412,0.016475890651351705
2025-10-29,3952.26,-0.0073208319339031205,-0.03699583094459412
2025-10-30,3757.96,-0.050411310220199824,-0.0073208319339031205
2025-10-31,3860.44,0.026904909642646815,-0.050411310220199824
2025-11-01,3881.89,0.005540981818303832,0.026904909642646815
2025-11-02,3861.94,-0.005152500542100169,0.005540981818303832
2025-11-03,3600.69,-0.07004415413090162,-0.005152500542100169
2025-11-04,3213.53,-0.11375547236202223,-0.07004415413090162
2025-11-05,3442.81,0.0689179770004887,-0.11375547236202223
2025-11-06,3326.46,-0.034379322924513796,0.0689179770004887
2025-11-07,3467.08,0.04140406566405002,-0.034379322924513796
2025-11-08,3407.85,-0.017231147227110877,0.04140406566405002
2025-11-09,3578.82,0.048951543227181954,-0.017231147227110877
2025-11-10,3541.29,-0.01054206959577664,0.048951543227181954
2025-11-11,3418.7,-0.03523070569263397,-0.01054206959577664
2025-11-12,3422.58,0.0011342907806742332,-0.03523070569263397
2025-11-13,3180.1,-0.07348200979482586,0.0011342907806742332
2025-11-14,3166.24,-0.004367878820077494,-0.07348200979482586
2025-11-15,3156.15,-0.0031918336471624693,-0.004367878820077494
2025-11-16,3072.57,-0.02683858542256055,-0.0031918336471624693
2025-11-17,3007.14,-0.02152488399487249,-0.02683858542256055
2025-11-18,3096.84,0.02939277580305104,-0.02152488399487249
2025-11-19,2988.98,-0.035450044678567924,0.02939277580305104
2025-11-20,2878.35,-0.03771497877662003,-0.035450044678567924
2025-11-21,2766.06,-0.039793288320455394,-0.03771497877662003
2025-11-22,2746.46,-0.007111115277319948,-0.039793288320455394
2025-11-23,2842.53,0.03438169097262109,-0.007111115277319948
2025-11-24,2960.83,0.0407751337585565,0.03438169097262109
2025-11-25,2932.23,-0.009706408739737,0.0407751337585565
2025-11-26,3022.24,0.030235052605983144,-0.009706408739737
2025-11-27,3033.94,0.003863826555988656,0.030235052605983144
2025-11-28,3038.22,0.0014097127575030154,0.003863826555988656
2025-11-29,2995.3,-0.01422742411891656,0.0014097127575030154
2025-11-30,3022.13,0.008917487298319452,-0.01422742411891656
2025-12-01,2792.66,-0.07896733414496628,0.008917487298319452
2025-12-02,2997.2,0.070683972858718,-0.07896733414496628
2025-12-03,3165.97,0.05478096622681687,0.070683972858718
2025-12-04,3123.38,-0.013543736962206706,0.05478096622681687
2025-12-05,3019.74,-0.03374501380727285,-0.013543736962206706
2025-12-06,3043.8,0.007935999853206501,-0.03374501380727285
2025-12-07,3086.37,0.013888908241316632,0.007935999853206501
2025-12-08,3148.12,0.019809806209665222,0.013888908241316632
2025-12-09,3300.97,0.04741091540510957,0.019809806209665222
2025-12-10,3341.61,0.012236362100102541,0.04741091540510957
2025-12-11,3250.51,-0.02764081966732524,0.012236362100102541
2025-12-12,3083.12,-0.0528698358340786,-0.02764081966732524
2025-12-13,3112.78,0.009574146310687277,-0.0528698358340786
2025-12-14,3082.29,-0.009843390369075593,0.009574146310687277
2025-12-15,2945.87,-0.045268637778863974,-0.009843390369075593
2025-12-16,2951.53,0.001919490534075883,-0.045268637778863974
2025-12-17,2819.22,-0.045863429024493,0.001919490534075883
2025-12-18,2827.77,0.0030281642196873415,-0.045863429024493
2025-12-19,2974.27,0.05051021557081766,0.0030281642196873415
2025-12-20,2979.06,0.0016091837790383158,0.05051021557081766
2025-12-21,2973.97,-0.0017100539524860306,0.0016091837790383158
2025-12-22,2987.82,0.004646263929415315,-0.0017100539524860306
2025-12-23,2973.17,-0.0049153008126314535,0.004646263929415315
2025-12-24,2949.41,-0.008023573330463,-0.0049153008126314535
2025-12-25,2945.51,-0.0013231733658830807,-0.008023573330463
2025-12-26,2923.84,-0.007384156155059505,-0.0013231733658830807
2025-12-27,2932.79,0.00305636755851525,-0.007384156155059505
2025-12-28,2935.06,0.0007737076146253439,0.00305636755851525
2025-12-29,2934.66,-0.0001362927024182603,0.0007737076146253439
2025-12-30,2965.8,0.010555207259990634,-0.0001362927024182603
2025-12-31,2978.59,0.004303223623218388,0.010555207259990634
