Date,ETH_Volume,Log_ETH_Volume,Lagged_Log_ETH_Volume
2021-01-01,13652004358,23.337152187211448,
2021-01-02,19740771179,23.7059519370073,23.337152187211448
2021-01-03,45200463368,24.534373175236475,23.7059519370073
2021-01-04,56945985763,24.76536903731401,24.534373175236475
2021-01-05,41535932781,24.44982473969564,24.76536903731401
2021-01-06,44699914188,24.523237418832547,24.44982473969564
2021-01-07,40468027280,24.423778049402706,24.523237418832547
2021-01-08,44334826666,24.515036360128246,24.423778049402706
2021-01-09,33233105361,24.226812365473318,24.515036360128246
2021-01-10,40616938053,24.427451009976764,24.226812365473318
2021-01-11,60733630300,24.829763422773873,24.427451009976764
2021-01-12,37494601692,24.347462804680276,24.829763422773873
2021-01-13,30109792795,24.128116297815577,24.347462804680276
2021-01-14,33410915929,24.23214850775522,24.128116297815577
2021-01-15,35972039310,24.306007787792478,24.23214850775522
2021-01-16,32319240157,24.19892856032913,24.306007787792478
2021-01-17,29258032819,24.099419999211978,24.19892856032913
2021-01-18,25817455560,23.97431667219529,24.099419999211978
2021-01-19,47195935190,24.577573606973548,23.97431667219529
2021-01-20,46784030909,24.568807761748097,24.577573606973548
2021-01-21,45932464754,24.550437997114486,24.568807761748097
2021-01-22,43918338506,24.505597803423004,24.550437997114486
2021-01-23,27253895441,24.02846229980231,24.505597803423004
2021-01-24,36418163554,24.3183334858669,24.02846229980231
2021-01-25,43565777745,24.49753776498953,24.3183334858669
2021-01-26,41572917750,24.45071477658594,24.49753776498953
2021-01-27,39394416990,24.396889942448375,24.45071477658594
2021-01-28,34637234789,24.268195090346904,24.396889942448375
2021-01-29,53611955259,24.705037926029,24.268195090346904
2021-01-30,30616574234,24.14480734090385,24.705037926029
2021-01-31,25198853581,23.950064337611497,24.14480734090385
2021-02-01,29210670920,24.097799921928566,23.950064337611497
2021-02-02,45437142801,24.539595730883253,24.097799921928566
2021-02-03,41874566399,24.457944472387286,24.539595730883253
2021-02-04,44396871836,24.516434849758436,24.457944472387286
2021-02-05,40108628454,24.414857321528913,24.516434849758436
2021-02-06,39873420648,24.40897578969335,24.414857321528913
2021-02-07,39889440151,24.40937746794448,24.40897578969335
2021-02-08,48012285956,24.594722772519457,24.40937746794448
2021-02-09,44180727529,24.51155450218623,24.594722772519457
2021-02-10,41916084617,24.458935471285002,24.51155450218623
2021-02-11,36021495262,24.30738168782596,24.458935471285002
2021-02-12,37905036865,24.35834983901719,24.30738168782596
2021-02-13,35359490535,24.288832666665225,24.35834983901719
2021-02-14,31439114900,24.171318652075517,24.288832666665225
2021-02-15,38955610883,24.385688652367282,24.171318652075517
2021-02-16,34269369268,24.25751776787803,24.385688652367282
2021-02-17,35955412703,24.305545471755117,24.25751776787803
2021-02-18,28255902969,24.064568227365744,24.305545471755117
2021-02-19,26268814253,23.99164830270091,24.064568227365744
2021-02-20,34696091102,24.269892869196575,23.99164830270091
2021-02-21,23626547717,23.8856368200111,24.269892869196575
2021-02-22,42409646036,24.470641674158987,23.8856368200111
2021-02-23,52029864713,24.675083712072265,24.470641674158987
2021-02-24,31329000537,24.1678100402526,24.675083712072265
2021-02-25,24481681873,23.921190996192944,24.1678100402526
2021-02-26,31435997881,24.171219502543543,23.921190996192944
2021-02-27,20742103233,23.75543144410475,24.171219502543543
2021-02-28,27637026080,24.042422235266987,23.75543144410475
2021-03-01,24032838645,23.902687008931565,24.042422235266987
2021-03-02,22523669722,23.83783258084999,23.902687008931565
2021-03-03,22674780680,23.844519160574485,23.83783258084999
2021-03-04,22906118718,23.854669904742696,23.844519160574485
2021-03-05,21067146937,23.770980646813655,23.854669904742696
2021-03-06,22746262366,23.84766667724163,23.770980646813655
2021-03-07,23809935410,23.893368784715758,23.84766667724163
2021-03-08,27630991158,24.042203847768192,23.893368784715758
2021-03-09,23461244507,23.878615726803957,24.042203847768192
2021-03-10,25154173185,23.948289651536143,23.878615726803957
2021-03-11,24013132909,23.901866722174212,23.948289651536143
2021-03-12,22435821312,23.833924684217767,23.901866722174212
2021-03-13,25014689475,23.942729068257663,23.833924684217767
2021-03-14,19344589211,23.685678589980686,23.942729068257663
2021-03-15,26244738810,23.9907313796103,23.685678589980686
2021-03-16,23828509590,23.894148582668493,23.9907313796103
2021-03-17,24512917348,23.922466054249483,23.894148582668493
2021-03-18,23263845504,23.870166297285095,23.922466054249483
2021-03-19,21249297710,23.77958968282953,23.870166297285095
2021-03-20,22677674970,23.844646796000724,23.77958968282953
2021-03-21,22977404620,23.857777162170624,23.844646796000724
2021-03-22,23599296129,23.884482723490827,23.857777162170624
2021-03-23,21998237965,23.814228194597153,23.884482723490827
2021-03-24,31228051473,24.164582613499498,23.814228194597153
2021-03-25,29650328701,24.112739048365796,24.164582613499498
2021-03-26,22548516548,23.838935115720084,24.112739048365796
2021-03-27,18102277710,23.619303607632453,23.838935115720084
2021-03-28,16599472938,23.53263678108195,23.619303607632453
2021-03-29,22796570548,23.849875947031997,23.53263678108195
2021-03-30,22512781703,23.837349060551762,23.849875947031997
2021-03-31,30226902621,24.131998180051696,23.837349060551762
2021-04-01,30914259795,24.15448339643886,24.131998180051696
2021-04-02,34862511022,24.274677906056297,24.15448339643886
2021-04-03,32011518871,24.189361639693132,24.274677906056297
2021-04-04,26006501902,23.98161241685866,24.189361639693132
2021-04-05,28889391170,24.08674027712842,23.98161241685866
2021-04-06,29222865881,24.098217317891386,24.08674027712842
2021-04-07,36116271935,24.31000934685161,24.098217317891386
2021-04-08,25312956529,23.95458221736411,24.31000934685161
2021-04-09,19812472092,23.70957747997724,23.95458221736411
2021-04-10,24986243611,23.94159125480846,23.70957747997724
2021-04-11,19692836132,23.703520758432514,23.94159125480846
2021-04-12,21727936609,23.80186467083869,23.703520758432514
2021-04-13,29456642939,24.10618528829697,23.80186467083869
2021-04-14,35592822986,24.295409852963225,24.10618528829697
2021-04-15,32325606817,24.199125533802455,24.295409852963225
2021-04-16,36196928256,24.312240097371134,24.199125533802455
2021-04-17,32349808978,24.199873953022717,24.312240097371134
2021-04-18,50696368718,24.649120122059372,24.199873953022717
2021-04-19,34060654971,24.251408741913853,24.649120122059372
2021-04-20,39433483315,24.39788112267891,24.251408741913853
2021-04-21,38899067643,24.3842361192373,24.39788112267891
2021-04-22,53575904724,24.704365265218996,24.3842361192373
2021-04-23,55413933925,24.73809691396678,24.704365265218996
2021-04-24,31854226936,24.184435924005033,24.73809691396678
2021-04-25,31814355546,24.183183457131804,24.184435924005033
2021-04-26,35208325408,24.28454840885739,24.183183457131804
2021-04-27,32275969215,24.19758880312753,24.28454840885739
2021-04-28,34269031076,24.25750789919133,24.19758880312753
2021-04-29,32578127990,24.20690697959901,24.25750789919133
2021-04-30,29777179889,24.117008161564996,24.20690697959901
2021-05-01,28726205272,24.081075618791402,24.117008161564996
2021-05-02,28032013047,24.056613017132648,24.081075618791402
2021-05-03,49174290212,24.61863676719769,24.056613017132648
2021-05-04,62402045158,24.856863886752656,24.61863676719769
2021-05-05,48334198383,24.601405188118026,24.856863886752656
2021-05-06,44300394788,24.514259425650796,24.601405188118026
2021-05-07,39607240515,24.402277779781294,24.514259425650796
2021-05-08,50208491286,24.6394499984635,24.402277779781294
2021-05-09,50568290278,24.646590542449562,24.6394499984635
2021-05-10,62691789007,24.861496319183537,24.646590542449562
2021-05-11,52679737865,24.68749673782202,24.861496319183537
2021-05-12,69023382175,24.957711156240936,24.68749673782202
2021-05-13,78398214539,25.085066990306203,24.957711156240936
2021-05-14,48174271215,24.598090923265264,25.085066990306203
2021-05-15,42422321751,24.470940517046284,24.598090923265264
2021-05-16,47359478734,24.58103282100044,24.470940517046284
2021-05-17,54061732774,24.713392430074226,24.58103282100044
2021-05-18,40416525218,24.422504578328944,24.713392430074226
2021-05-19,84482912776,25.159815135192556,24.422504578328944
2021-05-20,67610826680,24.937033965159575,25.159815135192556
2021-05-21,53774070802,24.70805723258318,24.937033965159575
2021-05-22,42089937660,24.463074538615892,24.70805723258318
2021-05-23,56005721977,24.74871970062244,24.463074538615892
2021-05-24,53697121740,24.706625238142077,24.74871970062244
2021-05-25,49558333256,24.626416262310507,24.706625238142077
2021-05-26,42499766020,24.472764407449862,24.626416262310507
2021-05-27,33373635283,24.231032062433787,24.472764407449862
2021-05-28,39999114805,24.412123160940478,24.231032062433787
2021-05-29,33773720220,24.24294882873503,24.412123160940478
2021-05-30,25876619428,23.976605673162858,24.24294882873503
2021-05-31,31007383150,24.15749117920354,23.976605673162858
2021-06-01,27363223090,24.032465725759607,24.15749117920354
2021-06-02,27723267359,24.045537874415775,24.032465725759607
2021-06-03,30038207402,24.125735988360066,24.045537874415775
2021-06-04,34173841611,24.254726323180925,24.125735988360066
2021-06-05,30496672724,24.140883423592527,24.254726323180925
2021-06-06,25311639414,23.954530182775947,24.140883423592527
2021-06-07,30600111277,24.144269482401402,23.954530182775947
2021-06-08,41909736778,24.458784018214658,24.144269482401402
2021-06-09,36075832186,24.308889009559266,24.458784018214658
2021-06-10,28753626390,24.08202973153973,24.308889009559266
2021-06-11,24832564195,23.93542170117075,24.08202973153973
2021-06-12,25724364410,23.970704411267032,23.93542170117075
2021-06-13,27092945370,24.022539212493154,23.970704411267032
2021-06-14,26964576331,24.01778985380056,24.022539212493154
2021-06-15,29005279219,24.090743692399727,24.01778985380056
2021-06-16,24101926180,23.905557598730557,24.090743692399727
2021-06-17,21871633186,23.808456345847357,23.905557598730557
2021-06-18,22752818388,23.847954859857047,23.808456345847357
2021-06-19,18765854896,23.65530482650259,23.847954859857047
2021-06-20,22535930423,23.8383767801444,23.65530482650259
2021-06-21,33745173825,24.242103246262015,23.8383767801444
2021-06-22,35547251725,24.294128682893653,24.242103246262015
2021-06-23,28408659206,24.06995983726024,24.294128682893653
2021-06-24,20272845769,23.7325481806987,24.06995983726024
2021-06-25,22774334998,23.848900080895557,23.7325481806987
2021-06-26,20637542361,23.750377698813203,23.848900080895557
2021-06-27,19885474742,23.713255389698748,23.750377698813203
2021-06-28,25514602841,23.96251678563475,23.713255389698748
2021-06-29,24815124419,23.93471915983583,23.96251678563475
2021-06-30,25828056268,23.974727190274155,23.93471915983583
2021-07-01,29061701793,24.092687054729716,23.974727190274155
2021-07-02,31796212554,24.182613017563856,24.092687054729716
2021-07-03,17433361641,23.581651543114592,24.182613017563856
2021-07-04,18787107473,23.656436698819885,23.581651543114592
2021-07-05,20103794829,23.72417443165413,23.656436698819885
2021-07-06,20891861314,23.7626255092637,23.72417443165413
2021-07-07,22398345285,23.832252921873437,23.7626255092637
2021-07-08,23188123689,23.866906074591142,23.832252921873437
2021-07-09,23029574602,23.860045079136412,23.866906074591142
2021-07-10,17581542471,23.590115465456893,23.860045079136412
2021-07-11,14705386138,23.411479667567146,23.590115465456893
2021-07-12,17768129077,23.600672188088918,23.411479667567146
2021-07-13,16621628658,23.533970615435443,23.600672188088918
2021-07-14,17342819679,23.576444406324708,23.533970615435443
2021-07-15,15688092552,23.476167825364104,23.576444406324708
2021-07-16,14884569147,23.423590885546787,23.476167825364104
2021-07-17,13364282076,23.315851468371715,23.423590885546787
2021-07-18,13791868728,23.347345032841012,23.315851468371715
2021-07-19,14157735481,23.37352698876464,23.347345032841012
2021-07-20,17368597636,23.577929679110024,23.37352698876464
2021-07-21,21253359756,23.77978082598408,23.577929679110024
2021-07-22,17495480331,23.585208417719265,23.77978082598408
2021-07-23,16200392492,23.508301306792493,23.585208417719265
2021-07-24,16057446601,23.49943854160416,23.508301306792493
2021-07-25,14566483636,23.40198908526658,23.49943854160416
2021-07-26,29614324233,24.11152400801216,23.40198908526658
2021-07-27,23067480378,23.861689686782615,24.11152400801216
2021-07-28,18991302378,23.667246941725423,23.861689686782615
2021-07-29,16313373113,23.515251044765538,23.667246941725423
2021-07-30,20212848934,23.7295843249783,23.515251044765538
2021-07-31,18001710283,23.61373260605109,23.7295843249783
2021-08-01,22697987055,23.84554208151063,23.61373260605109
2021-08-02,22162754104,23.821678973774524,23.84554208151063
2021-08-03,22696753413,23.84548772975148,23.821678973774524
2021-08-04,25038698173,23.94368839193062,23.84548772975148
2021-08-05,31057928075,24.159119945262276,23.94368839193062
2021-08-06,26528577879,24.00148839939997,24.159119945262276
2021-08-07,33081467129,24.22223905705555,24.00148839939997
2021-08-08,28433638008,24.07083871812298,24.22223905705555
2021-08-09,31983260936,24.188478507133826,24.07083871812298
2021-08-10,27605221710,24.041270784166198,24.188478507133826
2021-08-11,26729035052,24.00901626663268,24.041270784166198
2021-08-12,25403699845,23.958160663552025,24.00901626663268
2021-08-13,23868866254,23.89584077947874,23.958160663552025
2021-08-14,19860862133,23.712016905144893,23.89584077947874
2021-08-15,22166205051,23.821834670956353,23.712016905144893
2021-08-16,23080039949,23.86223400947736,23.821834670956353
2021-08-17,25509056745,23.9622993925247,23.86223400947736
2021-08-18,21539248425,23.79314261600463,23.9622993925247
2021-08-19,19546290360,23.69605135396606,23.79314261600463
2021-08-20,20885619828,23.76232671259737,23.69605135396606
2021-08-21,18113977628,23.619949721831606,23.76232671259737
2021-08-22,15983278460,23.494808916442313,23.619949721831606
2021-08-23,20511110509,23.74423255232358,23.494808916442313
2021-08-24,20131028906,23.72552818835696,23.74423255232358
2021-08-25,18902728235,23.662572099652596,23.72552818835696
2021-08-26,17405668117,23.580061743971203,23.662572099652596
2021-08-27,18489602004,23.640474357181382,23.580061743971203
2021-08-28,13709633698,23.34136461229354,23.640474357181382
2021-08-29,13296586731,23.31077320247035,23.34136461229354
2021-08-30,19306924485,23.68372965011674,23.31077320247035
2021-08-31,27280502987,24.02943810769158,23.68372965011674
2021-09-01,30070890104,24.12682343457293,24.02943810769158
2021-09-02,24387397330,23.91733233294316,24.12682343457293
2021-09-03,26207765094,23.989321581435874,23.91733233294316
2021-09-04,20806963328,23.758553543013523,23.989321581435874
2021-09-05,18371468576,23.634064677235013,23.758553543013523
2021-09-06,18674691198,23.65043503224625,23.634064677235013
2021-09-07,39131346397,24.39018968088243,23.65043503224625
2021-09-08,31738430771,24.18079411071535,24.39018968088243
2021-09-09,24118055831,23.90622660153516,24.18079411071535
2021-09-10,22355974097,23.830359419693323,23.90622660153516
2021-09-11,18627122934,23.64788457775002,23.830359419693323
2021-09-12,16810411424,23.54526425902281,23.64788457775002
2021-09-13,22721552948,23.846579780048007,23.54526425902281
2021-09-14,19125420848,23.674284221541086,23.846579780048007
2021-09-15,17548551804,23.588237265162867,23.674284221541086
2021-09-16,20093903064,23.723682275848294,23.588237265162867
2021-09-17,17722363229,23.598093138298736,23.723682275848294
2021-09-18,15995220233,23.495555779118373,23.598093138298736
2021-09-19,14257609743,23.380556618177337,23.495555779118373
2021-09-20,27371684581,24.032774906552177,23.380556618177337
2021-09-21,30405062665,24.137874966526063,24.032774906552177
2021-09-22,23742102645,23.89051579191943,24.137874966526063
2021-09-23,18516291047,23.64191677866764,23.89051579191943
2021-09-24,25595422789,23.965679375141097,23.64191677866764
2021-09-25,18932786754,23.66416100496194,23.965679375141097
2021-09-26,21172766310,23.77598158478932,23.66416100496194
2021-09-27,19164053681,23.676302157100913,23.77598158478932
2021-09-28,16895079070,23.550288237184578,23.676302157100913
2021-09-29,15763456158,23.480960196699037,23.550288237184578
2021-09-30,17661065099,23.59462834168522,23.480960196699037
2021-10-01,22307625573,23.82819441090575,23.59462834168522
2021-10-02,19202671704,23.67831525754951,23.82819441090575
2021-10-03,15516566862,23.465174119886168,23.67831525754951
2021-10-04,17747154101,23.599491007675205,23.465174119886168
2021-10-05,16632591670,23.5346299610637,23.599491007675205
2021-10-06,21855226591,23.8077059331329,23.5346299610637
2021-10-07,19090322927,23.672447390570326,23.8077059331329
2021-10-08,16222029488,23.509636000371238,23.672447390570326
2021-10-09,12707036942,23.265421766881076,23.509636000371238
2021-10-10,16171746693,23.506531525295316,23.265421766881076
2021-10-11,18579189588,23.64530795194273,23.506531525295316
2021-10-12,18109578443,23.619706830989358,23.64530795194273
2021-10-13,16211275589,23.508972861084718,23.619706830989358
2021-10-14,19443499909,23.69077865624528,23.508972861084718
2021-10-15,20966841512,23.76620805115501,23.69077865624528
2021-10-16,16578095629,23.531348120527145,23.76620805115501
2021-10-17,15908090346,23.490093643556595,23.531348120527145
2021-10-18,17386204158,23.57894286420085,23.490093643556595
2021-10-19,15998757133,23.49577687698151,23.57894286420085
2021-10-20,20338319988,23.735772627695372,23.49577687698151
2021-10-21,28220661820,24.06332023525767,23.735772627695372
2021-10-22,19432937968,23.690235296727963,24.06332023525767
2021-10-23,14781537792,23.41664479252096,23.690235296727963
2021-10-24,14978083638,23.429853878814612,23.41664479252096
2021-10-25,15995727040,23.49558746351932,23.429853878814612
2021-10-26,17157714562,23.565713738103813,23.49558746351932
2021-10-27,26219530404,23.989770405281764,23.565713738103813
2021-10-28,25958154575,23.97975163900587,23.989770405281764
2021-10-29,22967641914,23.85735218899578,23.97975163900587
2021-10-30,14615490626,23.405347804976948,23.85735218899578
2021-10-31,17498160238,23.58536158309227,23.405347804976948
2021-11-01,17985288261,23.6128199418221,23.58536158309227
2021-11-02,20794448222,23.757951875622382,23.6128199418221
2021-11-03,21220463155,23.77823179623713,23.757951875622382
2021-11-04,18415244464,23.636444662020054,23.77823179623713
2021-11-05,15086003586,23.437033236081653,23.636444662020054
2021-11-06,14429076700,23.392511222931095,23.437033236081653
2021-11-07,13541376033,23.329015726519426,23.392511222931095
2021-11-08,19290896267,23.682899125563328,23.329015726519426
2021-11-09,20834172627,23.759860390305196,23.682899125563328
2021-11-10,22748160545,23.84775012390958,23.759860390305196
2021-11-11,17933201129,23.60991964343002,23.84775012390958
2021-11-12,18316060208,23.631044118916464,23.60991964343002
2021-11-13,14457436261,23.39447473927173,23.631044118916464
2021-11-14,12172962219,23.222483117696992,23.39447473927173
2021-11-15,16275851299,23.51294833083129,23.222483117696992
2021-11-16,27417502801,24.034447434759663,23.51294833083129
2021-11-17,22183461850,23.822612886491072,24.034447434759663
2021-11-18,21383250893,23.785873783977877,23.822612886491072
2021-11-19,20626269711,23.749831329017763,23.785873783977877
2021-11-20,15448261277,23.46076229525171,23.749831329017763
2021-11-21,14094831413,23.36907400067473,23.46076229525171
2021-11-22,19752218877,23.706531670185488,23.36907400067473
2021-11-23,22133497059,23.820358001977308,23.706531670185488
2021-11-24,21838037128,23.806919108692533,23.820358001977308
2021-11-25,18705358318,23.65207586083142,23.806919108692533
2021-11-26,26281795488,23.992142349690205,23.65207586083142
2021-11-27,16515693874,23.527576909681017,23.992142349690205
2021-11-28,15953126340,23.492920655747483,23.527576909681017
2021-11-29,19086475837,23.672245849836816,23.492920655747483
2021-11-30,28626354111,24.07759360288973,23.672245849836816
2021-12-01,27634826695,24.042342650997934,24.07759360288973
2021-12-02,21502671027,23.7914429981776,24.042342650997934
2021-12-03,25879591528,23.97672052314698,23.7914429981776
2021-12-04,38478999182,24.3733784536219,23.97672052314698
2021-12-05,25533062707,23.96324002602612,24.3733784536219
2021-12-06,28229518513,24.0636340232038,23.96324002602612
2021-12-07,22366213354,23.83081732471821,24.0636340232038
2021-12-08,18704315119,23.652020089213845,23.83081732471821
2021-12-09,22296131874,23.827679041801787,23.652020089213845
2021-12-10,28014595631,24.055991483841996,23.827679041801787
2021-12-11,19131502454,23.674602156467696,24.055991483841996
2021-12-12,14057603914,23.3664292901716,23.674602156467696
2021-12-13,23999841386,23.90131305835585,23.3664292901716
2021-12-14,23836759957,23.894494762063292,23.90131305835585
2021-12-15,26411188833,23.997053576744413,23.894494762063292
2021-12-16,19825531254,23.71023640128357,23.997053576744413
2021-12-17,23143541098,23.864981576304068,23.71023640128357
2021-12-18,19530895889,23.695263453235526,23.864981576304068
2021-12-19,16167785597,23.506286556012252,23.695263453235526
2021-12-20,21589690675,23.79548175413566,23.506286556012252
2021-12-21,16388555198,23.519849074382783,23.79548175413566
2021-12-22,13921756199,23.356718647615978,23.519849074382783
2021-12-23,18007273742,23.61404160999524,23.356718647615978
2021-12-24,12769090623,23.27029329247396,23.61404160999524
2021-12-25,10894785525,23.111550119513616,23.27029329247396
2021-12-26,11197244172,23.13893352889927,23.111550119513616
2021-12-27,11424360002,23.159013754827235,23.13893352889927
2021-12-28,17299472803,23.57394186417078,23.159013754827235
2021-12-29,15722555672,23.47836218528837,23.57394186417078
2021-12-30,12925377999,23.28245850248386,23.47836218528837
2021-12-31,14157285268,23.373495188470088,23.28245850248386
2022-01-01,9776191466,23.003215824494827,23.373495188470088
2022-01-02,9881471548,23.013927279720676,23.003215824494827
2022-01-03,12080777893,23.214881422495697,23.013927279720676
2022-01-04,14030925983,23.36452972909669,23.214881422495697
2022-01-05,18061338502,23.617039496363905,23.36452972909669
2022-01-06,24293791313,23.913486653124206,23.617039496363905
2022-01-07,24494179209,23.921701342963587,23.913486653124206
2022-01-08,16037732700,23.49821007652569,23.921701342963587
2022-01-09,12334683863,23.23568095733298,23.49821007652569
2022-01-10,19535744145,23.69551165763809,23.23568095733298
2022-01-11,15211447193,23.44531408616015,23.69551165763809
2022-01-12,16662871689,23.536448829119173,23.44531408616015
2022-01-13,15294466275,23.450756918549768,23.536448829119173
2022-01-14,13562957230,23.330608180489886,23.450756918549768
2022-01-15,9619999078,22.987110005782025,23.330608180489886
2022-01-16,9505934874,22.975182164073313,22.987110005782025
2022-01-17,12344309617,23.236461034080918,22.975182164073313
2022-01-18,13024154091,23.29007147744803,23.236461034080918
2022-01-19,13187424144,23.302529496052408,23.29007147744803
2022-01-20,10645922764,23.08844281673923,23.302529496052408
2022-01-21,26796291874,24.011529351979743,23.08844281673923
2022-01-22,27369692036,24.032702108054075,24.011529351979743
2022-01-23,16481489511,23.525503740292475,24.032702108054075
2022-01-24,28220804648,24.063325296359334,23.525503740292475
2022-01-25,16179776932,23.507027961831536,24.063325296359334
2022-01-26,21229909340,23.778676842280344,23.507027961831536
2022-01-27,16126522783,23.50373113132447,23.778676842280344
2022-01-28,14666227351,23.408813228407045,23.50373113132447
2022-01-29,11172062661,23.13668209376764,23.408813228407045
2022-01-30,9501221177,22.974686172239082,23.13668209376764
2022-01-31,13778234614,23.346355982133275,22.974686172239082
2022-02-01,13194846235,23.30309215355604,23.346355982133275
2022-02-02,13876301217,23.353448273587112,23.30309215355604
2022-02-03,12755505065,23.26922878516901,23.353448273587112
2022-02-04,18987223729,23.667032154611032,23.26922878516901
2022-02-05,13102093957,23.29603789842562,23.667032154611032
2022-02-06,9466018022,22.970974172295126,23.29603789842562
2022-02-07,15197063785,23.444368074099046,22.970974172295126
2022-02-08,17136080906,23.56445207204589,23.444368074099046
2022-02-09,13951308490,23.358839139381285,23.56445207204589
2022-02-10,18629485080,23.64801138188647,23.358839139381285
2022-02-11,16043881065,23.498593371775133,23.64801138188647
2022-02-12,11254355757,23.144021069062624,23.498593371775133
2022-02-13,9054963563,22.926578904309032,23.144021069062624
2022-02-14,12164552172,23.221791999680615,22.926578904309032
2022-02-15,13921257873,23.35668285220972,23.221791999680615
2022-02-16,12352406833,23.237116766295888,23.35668285220972
2022-02-17,15860206214,23.487079055212345,23.237116766295888
2022-02-18,15748173433,23.479990222984785,23.487079055212345
2022-02-19,9774183169,23.00301037605258,23.479990222984785
2022-02-20,11641437834,23.177836796878818,23.00301037605258
2022-02-21,18646392740,23.648918545561656,23.177836796878818
2022-02-22,16360200507,23.518117423975003,23.648918545561656
2022-02-23,13382637240,23.317223975363234,23.518117423975003
2022-02-24,29312342666,24.10127451566729,23.317223975363234
2022-02-25,17208902048,23.568692647807588,24.10127451566729
2022-02-26,11724648351,23.184959159443075,23.568692647807588
2022-02-27,16150857254,23.505238965949378,23.184959159443075
2022-02-28,19266124733,23.68161419551605,23.505238965949378
2022-03-01,18757425786,23.65485555287893,23.68161419551605
2022-03-02,16636517503,23.5348659657609,23.65485555287893
2022-03-03,13091199728,23.295206064922038,23.5348659657609
2022-03-04,14496939024,23.397203362294718,23.295206064922038
2022-03-05,8072368396,22.811712757707543,23.397203362294718
2022-03-06,8872976607,22.90627615837103,22.811712757707543
2022-03-07,14594098731,23.403883087444427,22.90627615837103
2022-03-08,13922922903,23.356802448474046,23.403883087444427
2022-03-09,14173665398,23.374651530311088,23.356802448474046
2022-03-10,13292477213,23.310464089066333,23.374651530311088
2022-03-11,12382419582,23.239543527917387,23.310464089066333
2022-03-12,6532996574,22.600131568390378,23.239543527917387
2022-03-13,8632000379,22.878742108808638,22.600131568390378
2022-03-14,11244398839,23.143135960635174,22.878742108808638
2022-03-15,12861105614,23.277473525155276,23.143135960635174
2022-03-16,17915109769,23.60891031489639,23.277473525155276
2022-03-17,12685265194,23.263706935888706,23.60891031489639
2022-03-18,15830879093,23.485228242651804,23.263706935888706
2022-03-19,11576463120,23.17223983238619,23.485228242651804
2022-03-20,12684727326,23.263664533984198,23.17223983238619
2022-03-21,15206116098,23.444963558736003,23.263664533984198
2022-03-22,16830539230,23.546460884445725,23.444963558736003
2022-03-23,16008767658,23.496402387725734,23.546460884445725
2022-03-24,18070503166,23.617546786541954,23.496402387725734
2022-03-25,17030503831,23.558271916092366,23.617546786541954
2022-03-26,8876420740,22.906664242876197,23.558271916092366
2022-03-27,13431866834,23.32089584258674,22.906664242876197
2022-03-28,20620450770,23.749549176111024,23.32089584258674
2022-03-29,19533323636,23.69538774841063,23.749549176111024
2022-03-30,15302506131,23.451282451342905,23.69538774841063
2022-03-31,17685495686,23.59601068782288,23.451282451342905
2022-04-01,20982988937,23.766977895782496,23.59601068782288
2022-04-02,23571556215,23.883306576958834,23.766977895782496
2022-04-03,15333808649,23.453325943134768,23.883306576958834
2022-04-04,18209969743,23.625235069124965,23.453325943134768
2022-04-05,16681503199,23.537566349660587,23.625235069124965
2022-04-06,25632563639,23.967129397251952,23.537566349660587
2022-04-07,16745496605,23.54139519966533,23.967129397251952
2022-04-08,17557050669,23.588721453700725,23.54139519966533
2022-04-09,9908112156,23.016619668251078,23.588721453700725
2022-04-10,10427054790,23.06766968736747,23.016619668251078
2022-04-11,21891804831,23.809378195105207,23.06766968736747
2022-04-12,20235707410,23.730714574386415,23.809378195105207
2022-04-13,16088473629,23.501368928876506,23.730714574386415
2022-04-14,15821419931,23.4846305506943,23.501368928876506
2022-04-15,11256651536,23.14422503852326,23.4846305506943
2022-04-16,8766710365,22.894227472050357,23.14422503852326
2022-04-17,10463091281,23.071119785478153,22.894227472050357
2022-04-18,18629381299,23.648005811078225,23.071119785478153
2022-04-19,14156035096,23.373406878657978,23.648005811078225
2022-04-20,15547362265,23.467156831922534,23.373406878657978
2022-04-21,20783591093,23.757429622556792,23.467156831922534
2022-04-22,16782795477,23.54362011987871,23.757429622556792
2022-04-23,9116955609,22.933401770501455,23.54362011987871
2022-04-24,9696829579,22.995064821503682,22.933401770501455
2022-04-25,22332690614,23.829317388777547,22.995064821503682
2022-04-26,19052045399,23.670440302781618,23.829317388777547
2022-04-27,17419284041,23.580843707698364,23.670440302781618
2022-04-28,18443524633,23.63797917742804,23.580843707698364
2022-04-29,18771041399,23.65558116810485,23.63797917742804
2022-04-30,13520941867,23.32750556985369,23.65558116810485
2022-05-01,15332730152,23.453255606080596,23.32750556985369
2022-05-02,18609741545,23.646951019540673,23.453255606080596
2022-05-03,13026093219,23.290220353424562,23.646951019540673
2022-05-04,18186749944,23.623959140835282,23.290220353424562
2022-05-05,22642925048,23.843113280169234,23.623959140835282
2022-05-06,21027599270,23.76910166275037,23.843113280169234
2022-05-07,13369276367,23.316225102960523,23.76910166275037
2022-05-08,20802269935,23.75832794918966,23.316225102960523
2022-05-09,36333567678,24.316007880339857,23.75832794918966
2022-05-10,38202099639,24.366156315420184,24.316007880339857
2022-05-11,45743399154,24.54631333747158,24.366156315420184
2022-05-12,42463486402,24.471910400119146,24.54631333747158
2022-05-13,24816096567,23.93475833469314,24.471910400119146
2022-05-14,15457044616,23.461330698571636,23.93475833469314
2022-05-15,14846088335,23.42100225571163,23.461330698571636
2022-05-16,21459552191,23.78943570678306,23.42100225571163
2022-05-17,18509929297,23.641573143805452,23.78943570678306
2022-05-18,17740965589,23.59914224239168,23.641573143805452
2022-05-19,18734247914,23.653619125018267,23.59914224239168
2022-05-20,15892482289,23.489112022349175,23.653619125018267
2022-05-21,8546822406,22.868825402395636,23.489112022349175
2022-05-22,10941123403,23.11579431632819,22.868825402395636
2022-05-23,16434529708,23.522650428380885,23.11579431632819
2022-05-24,13057109007,23.292598573886135,23.522650428380885
2022-05-25,13364545730,23.31587119643476,23.292598573886135
2022-05-26,23458681818,23.87850649010206,23.31587119643476
2022-05-27,25470760032,23.96079696577525,23.87850649010206
2022-05-28,23214777872,23.86805489007616,23.96079696577525
2022-05-29,10642556101,23.08812652706448,23.86805489007616
2022-05-30,19580808705,23.697815775800546,23.08812652706448
2022-05-31,18363115560,23.633609900553015,23.697815775800546
2022-06-01,21037797760,23.769586550136196,23.633609900553015
2022-06-02,17065041354,23.560297842624735,23.769586550136196
2022-06-03,14878001811,23.423149570438902,23.560297842624735
2022-06-04,8677951273,22.88405130930335,23.423149570438902
2022-06-05,8850385937,22.90372690371598,22.88405130930335
2022-06-06,16518471852,23.527745097855018,22.90372690371598
2022-06-07,24020076750,23.902155848847098,23.527745097855018
2022-06-08,18041476023,23.615939167690623,23.902155848847098
2022-06-09,12013083393,23.209262175557832,23.615939167690623
2022-06-10,18504740451,23.641292776801272,23.209262175557832
2022-06-11,21127089064,23.773821895903847,23.641292776801272
2022-06-12,23465074882,23.87877897740867,23.773821895903847
2022-06-13,45162788786,24.53353932777559,23.87877897740867
2022-06-14,33327826525,24.22965851636867,24.53353932777559
2022-06-15,37539999450,24.348672853453735,24.22965851636867
2022-06-16,18907671369,23.6628335691996,24.348672853453735
2022-06-17,14591486540,23.40370408188516,23.6628335691996
2022-06-18,21655406608,23.798520988070294,23.40370408188516
2022-06-19,21795481981,23.80496853668452,23.798520988070294
2022-06-20,19739691429,23.70589723906665,23.80496853668452
2022-06-21,15632089439,23.472591653763224,23.70589723906665
2022-06-22,15010593493,23.43202202165021,23.472591653763224
2022-06-23,14657862919,23.408242746448366,23.43202202165021
2022-06-24,16981552654,23.555393453814116,23.408242746448366
2022-06-25,12481946184,23.247549131960426,23.555393453814116
2022-06-26,12096607824,23.2161909051211,23.247549131960426
2022-06-27,12492225250,23.248372307744862,23.2161909051211
2022-06-28,14023205651,23.3639793408476,23.248372307744862
2022-06-29,15386286815,23.45674248310669,23.3639793408476
2022-06-30,16350755497,23.51753994098971,23.45674248310669
2022-07-01,17499453625,23.58543549595991,23.51753994098971
2022-07-02,9935603640,23.019390470037507,23.58543549595991
2022-07-03,8557248150,22.870044497611257,23.019390470037507
2022-07-04,13670889311,23.33853454123559,22.870044497611257
2022-07-05,16195518291,23.508000392206736,23.33853454123559
2022-07-06,15373536703,23.45591347232106,23.508000392206736
2022-07-07,14230795894,23.378674178193876,23.45591347232106
2022-07-08,16315929082,23.515407711861265,23.378674178193876
2022-07-09,8821353104,22.900441108350446,23.515407711861265
2022-07-10,10984558039,23.119756308837516,22.900441108350446
2022-07-11,12064180410,23.21350660251001,23.119756308837516
2022-07-12,12583282453,23.25563498049496,23.21350660251001
2022-07-13,18302588147,23.630308315591492,23.25563498049496
2022-07-14,16688640823,23.537994134695268,23.630308315591492
2022-07-15,17411448225,23.580393770782173,23.537994134695268
2022-07-16,18364013796,23.633658814585555,23.580393770782173
2022-07-17,16079711737,23.50082417373306,23.633658814585555
2022-07-18,27440420623,24.03528296851314,23.50082417373306
2022-07-19,27753529276,24.04662885016914,24.03528296851314
2022-07-20,22942708340,23.85626600357949,24.04662885016914
2022-07-21,20009556587,23.71947582572631,23.85626600357949
2022-07-22,18926100582,23.663807789506336,23.71947582572631
2022-07-23,14998811383,23.431236793775543,23.663807789506336
2022-07-24,17217849557,23.569212447601895,23.431236793775543
2022-07-25,20585056021,23.747831213612233,23.569212447601895
2022-07-26,18238563509,23.626804063502224,23.747831213612233
2022-07-27,23007524016,23.859087130510275,23.626804063502224
2022-07-28,27231399966,24.02763655494362,23.859087130510275
2022-07-29,23249531113,23.869550801593622,24.02763655494362
2022-07-30,15576977870,23.469059883605528,23.869550801593622
2022-07-31,14200735370,23.376559586832464,23.469059883605528
2022-08-01,16191371176,23.50774429382304,23.376559586832464
2022-08-02,20426082309,23.740078465713314,23.50774429382304
2022-08-03,16786218830,23.54382407898103,23.740078465713314
2022-08-04,14467440626,23.3951664874467,23.54382407898103
2022-08-05,18546491876,23.643546490918176,23.3951664874467
2022-08-06,11757911705,23.187792187542946,23.643546490918176
2022-08-07,10252090340,23.050747457348546,23.187792187542946
2022-08-08,16841424404,23.54710742674409,23.050747457348546
2022-08-09,16368619692,23.518631905409684,23.54710742674409
2022-08-10,23512477984,23.880797095220117,23.518631905409684
2022-08-11,23826986482,23.89408466105919,23.880797095220117
2022-08-12,17168141904,23.566321288411032,23.89408466105919
2022-08-13,16038975216,23.498287548066966,23.566321288411032
2022-08-14,14062754456,23.36679561139623,23.498287548066966
2022-08-15,20349931313,23.736343373546763,23.36679561139623
2022-08-16,15637578930,23.472942760208717,23.736343373546763
2022-08-17,20308508124,23.734305754597013,23.472942760208717
2022-08-18,14999352229,23.4312728523828,23.734305754597013
2022-08-19,25906358731,23.977754286368466,23.4312728523828
2022-08-20,18334580263,23.632054745543357,23.977754286368466
2022-08-21,15849221752,23.486386235244026,23.632054745543357
2022-08-22,18557078599,23.64411714884418,23.486386235244026
2022-08-23,18322041914,23.631370648169167,23.64411714884418
2022-08-24,16780932907,23.543509132804772,23.631370648169167
2022-08-25,14818795695,23.419162191366656,23.543509132804772
2022-08-26,26713710143,24.00844275906438,23.419162191366656
2022-08-27,18120831899,23.620328047048226,24.00844275906438
2022-08-28,12823572918,23.274550948361604,23.620328047048226
2022-08-29,17965837488,23.61173787418207,23.274550948361604
2022-08-30,21835784470,23.8068159504197,23.61173787418207
2022-08-31,20591680941,23.748152993361963,23.8068159504197
2022-09-01,16434276817,23.522635040478082,23.748152993361963
2022-09-02,17708478709,23.597309384938598,23.522635040478082
2022-09-03,9516825994,22.97632722616662,23.597309384938598
2022-09-04,8884144998,22.907534064097092,22.97632722616662
2022-09-05,13060541168,23.292861396995928,22.907534064097092
2022-09-06,22946059125,23.856412043021866,23.292861396995928
2022-09-07,19560363854,23.69677110332281,23.856412043021866
2022-09-08,17621046717,23.592359860741112,23.69677110332281
2022-09-09,20242323690,23.73104148159406,23.592359860741112
2022-09-10,13130928217,23.29823621712644,23.73104148159406
2022-09-11,12464301922,23.246134549305168,23.29823621712644
2022-09-12,17688391310,23.596174403165033,23.246134549305168
2022-09-13,23066821734,23.861661133451584,23.596174403165033
2022-09-14,17897150206,23.607907330749725,23.861661133451584
2022-09-15,26946275878,24.017110938407722,23.607907330749725
2022-09-16,16764804299,23.542547543608283,24.017110938407722
2022-09-17,10798098671,23.102635906596664,23.542547543608283
2022-09-18,15762284723,23.48088588060255,23.102635906596664
2022-09-19,18712714223,23.65246903474954,23.48088588060255
2022-09-20,14722317220,23.412630357694894,23.65246903474954
2022-09-21,20643507800,23.750666714670032,23.412630357694894
2022-09-22,18461527259,23.638954796022514,23.750666714670032
2022-09-23,18771106339,23.655584627683158,23.638954796022514
2022-09-24,12098209717,23.21632332132962,23.655584627683158
2022-09-25,11802651633,23.19159005783449,23.21632332132962
2022-09-26,16034549271,23.49801156062256,23.19159005783449
2022-09-27,17870598937,23.606422681896323,23.49801156062256
2022-09-28,18994979566,23.667440547828644,23.606422681896323
2022-09-29,13796915736,23.347710906739003,23.667440547828644
2022-09-30,14250100093,23.380029767706578,23.347710906739003
2022-10-01,6227961237,22.552314866910354,23.380029767706578
2022-10-02,7578351650,22.74856155253058,22.552314866910354
2022-10-03,10153070907,23.041042049088247,22.74856155253058
2022-10-04,10139774963,23.039731641865153,23.041042049088247
2022-10-05,9774451820,23.003037861449915,23.039731641865153
2022-10-06,12033514861,23.210961498905014,23.003037861449915
2022-10-07,10061619355,23.031993958345684,23.210961498905014
2022-10-08,5804676208,22.4819296724183,23.031993958345684
2022-10-09,5486230123,22.42550717590251,22.4819296724183
2022-10-10,8794491050,22.89739134535463,22.42550717590251
2022-10-11,9274845260,22.950571761742786,22.89739134535463
2022-10-12,8355638578,22.846202426713432,22.950571761742786
2022-10-13,17499038202,23.585411756479814,22.846202426713432
2022-10-14,13113767755,23.296928488931464,23.585411756479814
2022-10-15,6798512624,22.639969693438484,23.296928488931464
2022-10-16,7491625206,22.737051594382628,22.639969693438484
2022-10-17,9401189650,22.964102076725155,22.737051594382628
2022-10-18,10416747806,23.066680713806374,22.964102076725155
2022-10-19,8350692785,22.845610340630973,23.066680713806374
2022-10-20,9009111996,22.921502346106873,22.845610340630973
2022-10-21,10412565245,23.06627911044615,22.921502346106873
2022-10-22,7175324564,22.693913832969702,23.06627911044615
2022-10-23,9909510925,23.016760832405488,22.693913832969702
2022-10-24,13092820173,23.295329838506703,23.016760832405488
2022-10-25,25367291294,23.956726436784958,23.295329838506703
2022-10-26,32705548427,24.210810577122828,23.956726436784958
2022-10-27,22813499245,23.85061826985037,24.210810577122828
2022-10-28,19974623205,23.717728465091675,23.85061826985037
2022-10-29,21618154775,23.796799297457767,23.717728465091675
2022-10-30,13930073427,23.357315895865653,23.796799297457767
2022-10-31,19306919714,23.683729403003294,23.357315895865653
2022-11-01,14507311208,23.397918580537503,23.683729403003294
2022-11-02,23254218281,23.86975238396394,23.397918580537503
2022-11-03,14248351007,23.379907018158114,23.86975238396394
2022-11-04,20806964347,23.75855359198751,23.379907018158114
2022-11-05,11006973190,23.121794835261976,23.75855359198751
2022-11-06,11632744705,23.17708977778247,23.121794835261976
2022-11-07,15279963349,23.449808222056255,23.17708977778247
2022-11-08,42048003440,24.462077741619815,23.449808222056255
2022-11-09,38864492427,24.38334687964366,24.462077741619815
2022-11-10,28581002122,24.076008072584287,24.38334687964366
2022-11-11,20920539099,23.76399724536177,24.076008072584287
2022-11-12,10964962767,23.117970823188063,23.76399724536177
2022-11-13,10717455214,23.095139577654642,23.117970823188063
2022-11-14,15028035663,23.43318333775886,23.095139577654642
2022-11-15,11798011594,23.191196845235744,23.43318333775886
2022-11-16,11939561598,23.20312322715135,23.191196845235744
2022-11-17,9723646871,22.997826577541367,23.20312322715135
2022-11-18,7979913378,22.800193393461996,22.997826577541367
2022-11-19,5978745776,22.511476646456337,22.800193393461996
2022-11-20,9651002684,22.990327651977267,22.511476646456337
2022-11-21,14080099208,23.368028233674213,22.990327651977267
2022-11-22,12040670755,23.211555985823484,23.368028233674213
2022-11-23,11242676044,23.14298273528129,23.211555985823484
2022-11-24,9706372376,22.99604845274058,23.14298273528129
2022-11-25,5483308196,22.424974441163066,22.99604845274058
2022-11-26,5074160558,22.347426940902327,22.424974441163066
2022-11-27,4486976868,22.224445008589328,22.347426940902327
2022-11-28,7275411870,22.707766262834422,22.224445008589328
2022-11-29,7639405818,22.756585664587313,22.707766262834422
2022-11-30,9836925304,23.009409030076238,22.756585664587313
2022-12-01,6857935276,22.648672253205653,23.009409030076238
2022-12-02,6213645709,22.550013631325648,22.648672253205653
2022-12-03,5672609405,22.458915061342815,22.550013631325648
2022-12-04,5174128454,22.366936747228507,22.458915061342815
2022-12-05,6120359523,22.534886677333425,22.366936747228507
2022-12-06,5089212680,22.35038897578045,22.534886677333425
2022-12-07,5752205180,22.47284912779989,22.35038897578045
2022-12-08,6227269815,22.552203841751876,22.47284912779989
2022-12-09,5706183865,22.46481631231706,22.552203841751876
2022-12-10,3282499999,21.91187116383658,22.46481631231706
2022-12-11,3362005848,21.93580361137213,21.91187116383658
2022-12-12,5151109364,22.362477938909986,21.93580361137213
2022-12-13,8812883119,22.899480478636264,22.362477938909986
2022-12-14,7830915428,22.78134525301445,22.899480478636264
2022-12-15,6032859783,22.520486994464132,22.78134525301445
2022-12-16,9297811507,22.95304488758514,22.520486994464132
2022-12-17,5077258586,22.348037304448987,22.95304488758514
2022-12-18,3350092519,21.932253800013967,22.348037304448987
2022-12-19,4943628091,22.321365329960013,21.932253800013967
2022-12-20,6684951715,22.623124824587173,22.321365329960013
2022-12-21,4217182733,22.162433143235848,22.623124824587173
2022-12-22,5297471739,22.39049551331194,22.162433143235848
2022-12-23,4835831923,22.29931901371863,22.39049551331194
2022-12-24,2626153345,21.68878600601928,22.29931901371863
2022-12-25,3942720070,22.095136695154817,21.68878600601928
2022-12-26,3282098400,21.91174881088333,22.095136695154817
2022-12-27,4091530737,22.132185000307256,21.91174881088333
2022-12-28,4991669631,22.331036286136065,22.132185000307256
2022-12-29,4132233940,22.142084003251675,22.331036286136065
2022-12-30,4055668253,22.123381308223507,22.142084003251675
2022-12-31,3018513333,21.828030273285584,22.123381308223507
2023-01-01,2399674550,21.598598960938567,21.828030273285584
2023-01-02,3765758498,22.049215138200033,21.598598960938567
2023-01-03,3392972131,21.944972109039558,22.049215138200033
2023-01-04,6404416893,22.580253728806515,21.944972109039558
2023-01-05,4001786456,22.110006712363955,22.580253728806515
2023-01-06,4977252792,22.328143927576356,22.110006712363955
2023-01-07,2565213548,21.66530756668457,22.328143927576356
2023-01-08,3495088905,21.97462465007689,21.66530756668457
2023-01-09,7990438824,22.80151151686852,21.97462465007689
2023-01-10,5830173253,22.486312554362968,22.80151151686852
2023-01-11,6314904311,22.56617843998165,22.486312554362968
2023-01-12,12230193038,23.227173570494763,22.56617843998165
2023-01-13,7684148212,22.762425370058164,23.227173570494763
2023-01-14,15444626014,23.460526948973936,22.762425370058164
2023-01-15,6774614499,22.636448301576674,23.460526948973936
2023-01-16,8454485431,22.857962957716953,22.636448301576674
2023-01-17,7599462786,22.751343395687687,22.857962957716953
2023-01-18,10354880595,23.0607238005831,22.751343395687687
2023-01-19,6432638856,22.584650688517577,23.0607238005831
2023-01-20,8528894754,22.866725618425328,22.584650688517577
2023-01-21,8859250310,22.904727982859185,22.866725618425328
2023-01-22,7517988734,22.74056448355043,22.904727982859185
2023-01-23,8264507375,22.83523596269227,22.74056448355043
2023-01-24,8180274691,22.82499156780409,22.83523596269227
2023-01-25,10598973448,23.084022988846396,22.82499156780409
2023-01-26,8395315241,22.85093967781318,23.084022988846396
2023-01-27,8124465373,22.818145762751126,22.85093967781318
2023-01-28,5803653357,22.48175344533982,22.818145762751126
2023-01-29,8801292300,22.89816439992156,22.48175344533982
2023-01-30,9180418120,22.94033858738254,22.89816439992156
2023-01-31,6585191019,22.608089179921382,22.94033858738254
2023-02-01,8116969489,22.817222705817315,22.608089179921382
2023-02-02,10558081069,23.080157381761243,22.817222705817315
2023-02-03,8169519805,22.823675968693184,23.080157381761243
2023-02-04,5843302512,22.488561972582588,22.823675968693184
2023-02-05,6926696531,22.658648845441533,22.488561972582588
2023-02-06,6919871886,22.657663092820794,22.658648845441533
2023-02-07,8030277434,22.806484913996922,22.657663092820794
2023-02-08,7806089579,22.77816998129874,22.806484913996922
2023-02-09,10524969124,23.077016282923854,22.77816998129874
2023-02-10,8397387897,22.851186529793292,23.077016282923854
2023-02-11,5064007416,22.34542398624219,22.851186529793292
2023-02-12,5319698775,22.39468251745632,22.34542398624219
2023-02-13,9363855114,22.960122913794116,22.39468251745632
2023-02-14,9249575045,22.94784344633434,22.960122913794116
2023-02-15,10015035156,23.02735331639253,22.94784344633434
2023-02-16,12704861676,23.265250566292092,23.02735331639253
2023-02-17,9802443159,23.005897493491148,23.265250566292092
2023-02-18,5491437195,22.426455842361364,23.005897493491148
2023-02-19,6959144003,22.663322315654373,22.426455842361364
2023-02-20,7703604237,22.764954139016776,22.663322315654373
2023-02-21,8721608198,22.88906948423899,22.764954139016776
2023-02-22,9189387004,22.941315068586576,22.88906948423899
2023-02-23,9013236167,22.921960019106496,22.941315068586576
2023-02-24,8909129423,22.910342365799064,22.921960019106496
2023-02-25,5657686235,22.45628085318028,22.910342365799064
2023-02-26,5727967432,22.468626580834403,22.45628085318028
2023-02-27,7239824677,22.70286282716685,22.468626580834403
2023-02-28,6323676957,22.56756667292059,22.70286282716685
2023-03-01,7701847224,22.764726036255613,22.56756667292059
2023-03-02,7080950926,22.680674047214968,22.764726036255613
2023-03-03,9922240199,23.01804455926032,22.680674047214968
2023-03-04,4389045367,22.202377584122214,23.01804455926032
2023-03-05,5020886238,22.33687229650271,22.202377584122214
2023-03-06,5245153345,22.38057031478293,22.33687229650271
2023-03-07,6854058349,22.64810677349361,22.38057031478293
2023-03-08,7130327525,22.687623006502715,22.64810677349361
2023-03-09,9457897583,22.970115952498766,22.687623006502715
2023-03-10,12665194936,23.262123511991035,22.970115952498766
2023-03-11,14917080154,23.425772712436206,23.262123511991035
2023-03-12,11480965122,23.163956294164787,23.425772712436206
2023-03-13,15711468959,23.477656789553023,23.163956294164787
2023-03-14,16159781303,23.505791356717587,23.477656789553023
2023-03-15,12715339905,23.266074968062476,23.505791356717587
2023-03-16,9364980166,22.960243054954475,23.266074968062476
2023-03-17,12467445117,23.24638669328944,22.960243054954475
2023-03-18,10317822213,23.057138548858642,23.24638669328944
2023-03-19,9170565472,22.939264786744303,23.057138548858642
2023-03-20,10978325507,23.11918875748168,22.939264786744303
2023-03-21,10758627746,23.09897385064741,23.11918875748168
2023-03-22,12484103560,23.247721956738673,23.09897385064741
2023-03-23,11012966854,23.1223392204089,23.247721956738673
2023-03-24,10913669383,23.113281912325096,23.1223392204089
2023-03-25,6614309912,22.612501307378324,23.113281912325096
2023-03-26,6990313307,22.667791214362182,22.612501307378324
2023-03-27,8585750760,22.873369777676146,22.667791214362182
2023-03-28,8346890042,22.845154856372545,22.873369777676146
2023-03-29,9136176952,22.935507858323984,22.845154856372545
2023-03-30,9724496987,22.997914001411406,22.935507858323984
2023-03-31,9149379763,22.93695192847182,22.997914001411406
2023-04-01,5556443606,22.438224101343835,22.93695192847182
2023-04-02,6199721188,22.54777015830887,22.438224101343835
2023-04-03,9643826401,22.98958379637748,22.54777015830887
2023-04-04,10398322335,23.06491031613894,22.98958379637748
2023-04-05,10319231689,23.057275145488074,23.06491031613894
2023-04-06,8263191830,22.83507676993513,23.057275145488074
2023-04-07,8356130492,22.846261297081742,22.83507676993513
2023-04-08,5016362733,22.335970952853803,22.846261297081742
2023-04-09,6361497715,22.57352967635495,22.335970952853803
2023-04-10,8380134275,22.849129774581723,22.57352967635495
2023-04-11,8877222956,22.90675461486003,22.849129774581723
2023-04-12,11010714187,23.12213465269802,22.90675461486003
2023-04-13,12546950499,23.252743484870315,23.12213465269802
2023-04-14,16298099411,23.514314337408607,23.252743484870315
2023-04-15,8036468153,22.807255539170868,23.514314337408607
2023-04-16,7898126856,22.789891461469676,22.807255539170868
2023-04-17,9648882546,22.99010794725019,22.789891461469676
2023-04-18,9134015143,22.935271209579533,22.99010794725019
2023-04-19,13779745451,23.346465630010073,22.935271209579533
2023-04-20,11324135406,23.15020216156011,23.346465630010073
2023-04-21,12044274581,23.211855245462782,23.15020216156011
2023-04-22,6970642726,22.664973270666895,23.211855245462782
2023-04-23,6607451862,22.611463919058632,22.664973270666895
2023-04-24,8438191338,22.856033826144014,22.611463919058632
2023-04-25,8677255481,22.883971126795558,22.856033826144014
2023-04-26,14356524696,23.387470358463293,22.883971126795558
2023-04-27,14008145806,23.36290484064221,23.387470358463293
2023-04-28,7691759733,22.763415428225652,23.36290484064221
2023-04-29,4796651246,22.29118385430097,22.763415428225652
2023-04-30,6539641957,22.60114825428078,22.29118385430097
2023-05-01,8625783201,22.87802160165427,22.60114825428078
2023-05-02,7536785767,22.743061637229694,22.87802160165427
2023-05-03,8306390869,22.840291039680064,22.743061637229694
2023-05-04,6578438233,22.60706320350362,22.840291039680064
2023-05-05,9498261360,22.974374604066824,22.60706320350362
2023-05-06,9623243037,22.98744715884712,22.974374604066824
2023-05-07,6883942236,22.652457324208786,22.98744715884712
2023-05-08,9895102899,23.01530581503732,22.652457324208786
2023-05-09,6129516088,22.536381642179784,23.01530581503732
2023-05-10,9945549603,23.020391011978727,22.536381642179784
2023-05-11,8353828312,22.845985751218155,23.020391011978727
2023-05-12,9047198660,22.92572100640926,22.845985751218155
2023-05-13,4647630864,22.25962343509782,22.92572100640926
2023-05-14,4711210241,22.27321066334843,22.25962343509782
2023-05-15,6748889346,22.632643786959108,22.27321066334843
2023-05-16,5595959668,22.44531068643275,22.632643786959108
2023-05-17,6352161579,22.57206099806772,22.44531068643275
2023-05-18,5673124255,22.459005817924236,22.57206099806772
2023-05-19,4796110259,22.29107106363057,22.459005817924236
2023-05-20,2951655969,21.805632195226462,22.29107106363057
2023-05-21,3386768865,21.94314216664656,21.805632195226462
2023-05-22,4534841049,22.23505587006463,21.94314216664656
2023-05-23,6820047160,22.643132223733886,22.23505587006463
2023-05-24,7101647419,22.683592624923758,22.643132223733886
2023-05-25,6321689859,22.567252392117943,22.683592624923758
2023-05-26,5451414258,22.419140908838806,22.567252392117943
2023-05-27,3216737652,21.891633531364977,22.419140908838806
2023-05-28,6359610561,22.573232979876483,21.891633531364977
2023-05-29,5884674572,22.49561727825371,22.573232979876483
2023-05-30,5363439784,22.40287135694144,22.49561727825371
2023-05-31,5984512548,22.51244072702544,22.40287135694144
2023-06-01,5640027197,22.453154724607874,22.51244072702544
2023-06-02,6097746022,22.53118503525187,22.453154724607874
2023-06-03,3472274607,21.9680757224948,22.53118503525187
2023-06-04,3747042696,22.044232751408813,21.9680757224948
2023-06-05,9246593033,22.947520999867237,22.044232751408813
2023-06-06,8704411776,22.8870958347645,22.947520999867237
2023-06-07,7919894455,22.79264371629506,22.8870958347645
2023-06-08,4536041931,22.235320647376756,22.79264371629506
2023-06-09,4610831509,22.251674048405963,22.235320647376756
2023-06-10,10788500406,23.10174662657638,22.251674048405963
2023-06-11,4559112981,22.24039391984038,23.10174662657638
2023-06-12,6031384958,22.52024249925718,22.24039391984038
2023-06-13,6214125203,22.55009079624985,22.52024249925718
2023-06-14,7462905534,22.733210657103182,22.55009079624985
2023-06-15,7328564880,22.71504554650017,22.733210657103182
2023-06-16,6281023479,22.560798778510698,22.71504554650017
2023-06-17,4875187477,22.30742439747729,22.560798778510698
2023-06-18,3820038842,22.06352642757603,22.30742439747729
2023-06-19,5210480121,22.373937842208594,22.06352642757603
2023-06-20,7171072578,22.69332107283872,22.373937842208594
2023-06-21,11731457711,23.185539763928176,22.69332107283872
2023-06-22,8477657143,22.860699968271184,23.185539763928176
2023-06-23,8290615074,22.838389998033726,22.860699968271184
2023-06-24,5026191704,22.337928417799617,22.838389998033726
2023-06-25,6937581709,22.66021909382348,22.337928417799617
2023-06-26,8619702292,22.877316384134648,22.66021909382348
2023-06-27,7686042202,22.762671819836413,22.877316384134648
2023-06-28,7135265016,22.68831523028283,22.762671819836413
2023-06-29,5677228612,22.459729030185034,22.68831523028283
2023-06-30,12895131248,23.28011565443653,22.459729030185034
2023-07-01,5136809625,22.35969802817698,23.28011565443653
2023-07-02,6343966490,22.570770039108638,22.35969802817698
2023-07-03,7858509087,22.784862741807533,22.570770039108638
2023-07-04,5683423776,22.460819665546897,22.784862741807533
2023-07-05,6034088075,22.520690574030183,22.460819665546897
2023-07-06,8905008384,22.909879695181136,22.520690574030183
2023-07-07,6468885150,22.590269619947428,22.909879695181136
2023-07-08,4299007854,22.181650101395384,22.590269619947428
2023-07-09,4392863807,22.203247199183124,22.181650101395384
2023-07-10,6336468234,22.569587389296206,22.203247199183124
2023-07-11,4905225892,22.313566982318193,22.569587389296206
2023-07-12,6379007000,22.57627827955631,22.313566982318193
2023-07-13,11114853969,23.13154824608463,22.57627827955631
2023-07-14,10627449471,23.086706063634047,23.13154824608463
2023-07-15,4380084234,22.200333792656693,23.086706063634047
2023-07-16,4329306566,22.188673219715678,22.200333792656693
2023-07-17,6678090758,22.62209796897151,22.188673219715678
2023-07-18,5814708445,22.483656483224983,22.62209796897151
2023-07-19,6018487800,22.51810186869885,22.483656483224983
2023-07-20,7366830684,22.72025342135053,22.51810186869885
2023-07-21,4668158260,22.264030453966544,22.72025342135053
2023-07-22,4101305643,22.134571209474586,22.264030453966544
2023-07-23,4480604100,22.223023718032703,22.134571209474586
2023-07-24,6344373569,22.570834204948813,22.223023718032703
2023-07-25,4163381707,22.14959349132347,22.570834204948813
2023-07-26,5781548155,22.477937330651937,22.14959349132347
2023-07-27,4291339248,22.179864700189583,22.477937330651937
2023-07-28,3800973336,22.058523011932863,22.179864700189583
2023-07-29,2497302218,21.63847687335914,22.058523011932863
2023-07-30,4003005547,22.110311302666606,21.63847687335914
2023-07-31,4391613314,22.202962494017132,22.110311302666606
2023-08-01,7634860636,22.755990522143275,22.202962494017132
2023-08-02,6448512422,22.587115308906323,22.755990522143275
2023-08-03,4710581074,22.27307710764126,22.587115308906323
2023-08-04,4861242484,22.304559897328637,22.27307710764126
2023-08-05,2866049749,21.776200524540887,22.304559897328637
2023-08-06,2963395076,21.809601433132613,21.776200524540887
2023-08-07,5837881974,22.487633892318883,21.809601433132613
2023-08-08,5812855406,22.48333775110888,22.487633892318883
2023-08-09,5870081833,22.493134411575102,22.48333775110888
2023-08-10,3760304518,22.047765779898583,22.493134411575102
2023-08-11,3353025102,21.93312879083254,22.047765779898583
2023-08-12,2291124840,21.552308730421597,21.93312879083254
2023-08-13,3054625661,21.83992288883794,21.552308730421597
2023-08-14,4083364724,22.130187172749693,21.83992288883794
2023-08-15,4483923893,22.223764368997116,22.130187172749693
2023-08-16,4976573383,22.32800741544743,22.223764368997116
2023-08-17,14208462072,23.37710354462686,22.32800741544743
2023-08-18,9645084584,22.989714252990897,23.37710354462686
2023-08-19,4871231360,22.306612588076643,22.989714252990897
2023-08-20,4105056995,22.13548546404187,22.306612588076643
2023-08-21,5077248383,22.34803529489795,22.13548546404187
2023-08-22,7244623133,22.703525393836767,22.34803529489795
2023-08-23,7191868448,22.69621684251351,22.703525393836767
2023-08-24,5104531920,22.353394593859697,22.69621684251351
2023-08-25,5396997823,22.409108677210593,22.353394593859697
2023-08-26,2423247747,21.608374521593447,22.409108677210593
2023-08-27,2624065031,21.687990490876643,21.608374521593447
2023-08-28,4855588534,22.303396153587986,21.687990490876643
2023-08-29,11304916729,23.1485035767934,22.303396153587986
2023-08-30,5023904190,22.337473195468682,23.1485035767934
2023-08-31,6593153505,22.609297599833983,22.337473195468682
2023-09-01,6104510092,22.53229369427847,22.609297599833983
2023-09-02,2943590996,21.802896100172525,22.53229369427847
2023-09-03,3151878318,21.87126440350143,21.802896100172525
2023-09-04,3887968912,22.081152727627863,21.87126440350143
2023-09-05,4417491902,22.208837928992892,22.081152727627863
2023-09-06,4987397046,22.33017997654332,22.208837928992892
2023-09-07,4907290296,22.313987751872283,22.33017997654332
2023-09-08,4598495496,22.248995020856725,22.313987751872283
2023-09-09,2081625742,21.456415032094938,22.248995020856725
2023-09-10,4339499949,22.19102495929607,21.456415032094938
2023-09-11,7693700923,22.76366776906272,22.19102495929607
2023-09-12,6813819740,22.64221870147659,22.76366776906272
2023-09-13,4979469106,22.32858911707935,22.64221870147659
2023-09-14,5538958553,22.435072333210762,22.32858911707935
2023-09-15,4348584771,22.193116289112464,22.435072333210762
2023-09-16,2819575929,21.759852330801024,22.193116289112464
2023-09-17,3032716258,21.832724509677554,21.759852330801024
2023-09-18,5916674789,22.501040436987516,21.832724509677554
2023-09-19,4405868861,22.206203321152337,22.501040436987516
2023-09-20,5156431986,22.363510701678983,22.206203321152337
2023-09-21,5191732312,22.37033325723785,22.363510701678983
2023-09-22,3460791634,21.9647631958,22.37033325723785
2023-09-23,2101436678,21.465887080144864,21.9647631958
2023-09-24,3086456944,21.85028964991962,21.465887080144864
2023-09-25,4394930984,22.20371766466105,21.85028964991962
2023-09-26,3544861160,21.988764831142376,22.20371766466105
2023-09-27,5533036096,22.434002524607596,21.988764831142376
2023-09-28,6658092168,22.619098819199582,22.434002524607596
2023-09-29,5529687537,22.433397147629314,22.619098819199582
2023-09-30,3155292192,21.87234694101266,22.433397147629314
2023-10-01,5054880180,22.343619985873826,21.87234694101266
2023-10-02,8420552922,22.85394133074058,22.343619985873826
2023-10-03,4742827302,22.27989927204676,22.85394133074058
2023-10-04,5127524863,22.357888896850785,22.27989927204676
2023-10-05,5403759057,22.410360670003005,22.357888896850785
2023-10-06,4941208729,22.320875820200293,22.410360670003005
2023-10-07,2578994988,21.67066562045482,22.320875820200293
2023-10-08,3315554175,21.921890618558265,21.67066562045482
2023-10-09,7020801716,22.67214325302169,21.921890618558265
2023-10-10,5254966125,22.382439395012874,22.67214325302169
2023-10-11,5416504273,22.412716476235396,22.382439395012874
2023-10-12,5003930677,22.33348957593793,22.412716476235396
2023-10-13,4575141511,22.24390346656165,22.33348957593793
2023-10-14,2429214718,21.610833880754125,22.24390346656165
2023-10-15,2923337883,21.795991910989574,21.610833880754125
2023-10-16,8846928526,22.903336176518224,21.795991910989574
2023-10-17,5032686973,22.33921986789288,22.903336176518224
2023-10-18,4354138855,22.19439269061451,22.33921986789288
2023-10-19,5035110867,22.339701382139662,22.19439269061451
2023-10-20,6747486127,22.632435846833573,22.339701382139662
2023-10-21,4212179634,22.16124607845688,22.632435846833573
2023-10-22,5248406817,22.381190404067027,22.16124607845688
2023-10-23,14362295879,23.387872267940224,22.381190404067027
2023-10-24,15888690475,23.488873402204717,23.387872267940224
2023-10-25,9439066475,22.968122921853677,23.488873402204717
2023-10-26,11196672635,23.13888248494791,22.968122921853677
2023-10-27,7493399771,22.737288439501143,23.13888248494791
2023-10-28,4226112731,22.164548431364235,22.737288439501143
2023-10-29,4358528382,22.195400310268052,22.164548431364235
2023-10-30,7534051038,22.742698720549566,22.195400310268052
2023-10-31,6477922747,22.591665732184488,22.742698720549566
2023-11-01,10628825648,23.086835547938726,22.591665732184488
2023-11-02,9004197724,22.92095671932331,23.086835547938726
2023-11-03,7622864055,22.754417996263424,22.92095671932331
2023-11-04,4845080427,22.301229682151362,22.754417996263424
2023-11-05,8867152645,22.90561957215043,22.301229682151362
2023-11-06,8104122602,22.815638732356838,22.90561957215043
2023-11-07,9203228152,22.942820145542235,22.815638732356838
2023-11-08,6751627017,22.63304935234104,22.942820145542235
2023-11-09,24709695029,23.93046151486348,22.63304935234104
2023-11-10,14740624457,23.413873087599928,23.93046151486348
2023-11-11,10228351203,23.048429231192955,23.413873087599928
2023-11-12,7951011698,22.796565015126152,23.048429231192955
2023-11-13,14322027970,23.385064606468784,22.796565015126152
2023-11-14,13087862495,23.294951110562735,23.385064606468784
2023-11-15,12626326991,23.259049914782373,23.294951110562735
2023-11-16,14651619483,23.407816711214526,23.259049914782373
2023-11-17,11881648738,23.19826092391142,23.407816711214526
2023-11-18,8064677046,22.81075950382844,23.19826092391142
2023-11-19,7716048818,22.76656825882317,22.81075950382844
2023-11-20,12866464824,23.277890137372154,22.76656825882317
2023-11-21,13653500841,23.337261797562224,23.277890137372154
2023-11-22,13372200584,23.31644380569089,23.337261797562224
2023-11-23,7828437946,22.78102883100627,23.31644380569089
2023-11-24,12141148820,23.219866249072528,22.78102883100627
2023-11-25,5362623390,22.402719130726034,23.219866249072528
2023-11-26,8054814154,22.80953578118007,22.402719130726034
2023-11-27,10574810069,23.081740601339213,22.80953578118007
2023-11-28,9910633038,23.016874061956525,23.081740601339213
2023-11-29,8945151861,22.914377530956944,23.016874061956525
2023-11-30,8107789163,22.81609106162135,22.914377530956944
2023-12-01,10866891430,23.10898652017939,22.81609106162135
2023-12-02,9130124831,22.93484520407756,23.10898652017939
2023-12-03,8278465782,22.836923496145904,22.93484520407756
2023-12-04,16149367134,23.50514669909803,22.836923496145904
2023-12-05,15383072559,23.456533557339167,23.50514669909803
2023-12-06,12790612571,23.27197734591723,23.456533557339167
2023-12-07,14766891042,23.415653419931786,23.27197734591723
2023-12-08,12543458699,23.252465147439068,23.415653419931786
2023-12-09,10613312823,23.085374976746333,23.252465147439068
2023-12-10,7369608905,22.72063047593229,23.085374976746333
2023-12-11,17989249470,23.613040164750085,22.72063047593229
2023-12-12,11391132228,23.15610101490848,23.613040164750085
2023-12-13,12576395493,23.25508752037351,23.15610101490848
2023-12-14,12608711052,23.25765376536255,23.25508752037351
2023-12-15,10259157898,23.051436597102274,23.25765376536255
2023-12-16,6866555430,22.64992842442806,23.051436597102274
2023-12-17,7410453853,22.72615752309673,22.64992842442806
2023-12-18,10366536490,23.06184881014992,22.72615752309673
2023-12-19,10619179629,23.08592760203633,23.06184881014992
2023-12-20,12652290807,23.261104127187313,23.08592760203633
2023-12-21,12616530536,23.25827373835454,23.261104127187313
2023-12-22,16137246310,23.50439587246888,23.25827373835454
2023-12-23,7995772945,22.802178857108352,23.50439587246888
2023-12-24,9450799236,22.969365150113873,22.802178857108352
2023-12-25,8036302656,22.80723494570855,22.969365150113873
2023-12-26,10668581464,23.090568947217633,22.80723494570855
2023-12-27,14161342927,23.373781760192408,23.090568947217633
2023-12-28,15660799060,23.474426551750092,23.373781760192408
2023-12-29,12536968996,23.251947636077322,23.474426551750092
2023-12-30,6888195427,22.65307497576576,23.251947636077322
2023-12-31,6871481744,22.65064560318493,22.65307497576576
2024-01-01,6906765990,22.65576734635769,22.65064560318493
2024-01-02,12910543630,23.281310150136054,22.65576734635769
2024-01-03,19332933581,23.685075881766124,23.281310150136054
2024-01-04,11044564896,23.125204279289708,23.685075881766124
2024-01-05,10860953290,23.108439927526103,23.125204279289708
2024-01-06,5970741680,22.510136991140318,23.108439927526103
2024-01-07,6490053615,22.59353662879932,22.510136991140318
2024-01-08,13830287095,23.35012674126517,22.59353662879932
2024-01-09,14891130716,23.42403161870412,23.35012674126517
2024-01-10,29042100476,24.09201235472806,23.42403161870412
2024-01-11,22575246883,23.840119872313693,24.09201235472806
2024-01-12,23623839263,23.885522177394346,23.840119872313693
2024-01-13,12250316867,23.228817640296487,23.885522177394346
2024-01-14,9405587417,22.96456975569689,23.228817640296487
2024-01-15,9700630000,22.995456668800298,22.96456975569689
2024-01-16,11063317095,23.126900706247735,22.995456668800298
2024-01-17,10441017520,23.069007878253167,23.126900706247735
2024-01-18,11900028080,23.199806596724976,23.069007878253167
2024-01-19,11405278376,23.157342100626884,23.199806596724976
2024-01-20,5297826161,22.390562415064675,23.157342100626884
2024-01-21,4578471955,22.244631145124732,22.390562415064675
2024-01-22,13923771728,23.356863412621603,22.244631145124732
2024-01-23,16182147521,23.507174466654366,23.356863412621603
2024-01-24,10134722960,23.039233281498966,23.507174466654366
2024-01-25,9302247037,22.953521824802685,23.039233281498966
2024-01-26,9975117607,23.023359589828274,22.953521824802685
2024-01-27,5144367230,22.361168211302484,23.023359589828274
2024-01-28,7296214994,22.71062155666367,22.361168211302484
2024-01-29,8948195551,22.91471773449285,22.71062155666367
2024-01-30,10173440062,23.04304624566181,22.91471773449285
2024-01-31,10807883277,23.103541637860573,23.04304624566181
2024-02-01,8895583113,22.908820711058905,23.103541637860573
2024-02-02,7186143091,22.695420437908176,22.908820711058905
2024-02-03,4647754021,22.25964993362403,22.695420437908176
2024-02-04,5438100035,22.41669557853733,22.25964993362403
2024-02-05,7277068110,22.707993885893778,22.41669557853733
2024-02-06,9520885493,22.97675369539474,22.707993885893778
2024-02-07,9660628536,22.991324548892656,22.97675369539474
2024-02-08,9941841732,23.020018125361222,22.991324548892656
2024-02-09,13634203177,23.335847412005688,23.020018125361222
2024-02-10,6474444159,22.591128596677308,23.335847412005688
2024-02-11,7347245813,22.7175913606266,22.591128596677308
2024-02-12,13022696866,23.289959584843132,22.7175913606266
2024-02-13,18271237044,23.62859391407537,23.289959584843132
2024-02-14,21448973822,23.788942640709845,23.62859391407537
2024-02-15,23734481937,23.890194761747082,23.788942640709845
2024-02-16,17057114638,23.55983323445962,23.890194761747082
2024-02-17,17932379943,23.609873851003098,23.55983323445962
2024-02-18,23355830478,23.87411248916359,23.609873851003098
2024-02-19,15163110589,23.442131380084263,23.87411248916359
2024-02-20,20341598470,23.73593381199128,23.442131380084263
2024-02-21,18897136867,23.662276259017943,23.73593381199128
2024-02-22,18058908246,23.616904931612968,23.662276259017943
2024-02-23,12822717059,23.274484205062585,23.616904931612968
2024-02-24,10701688842,23.09366740166046,23.274484205062585
2024-02-25,14620450464,23.40568710228449,23.09366740166046
2024-02-26,17504464351,23.585721791113365,23.40568710228449
2024-02-27,21090315368,23.77207978476294,23.585721791113365
2024-02-28,32885894265,24.21630965703532,23.77207978476294
2024-02-29,28469171094,24.07208762274401,24.21630965703532
2024-03-01,16880101987,23.549401367979858,24.07208762274401
2024-03-02,12024340617,23.210198817089665,23.549401367979858
2024-03-03,13643324467,23.33651618891678,23.210198817089665
2024-03-04,26772963830,24.010658402956164,23.33651618891678
2024-03-05,47706899137,24.588341860377735,24.010658402956164
2024-03-06,34938642613,24.276859291813533,24.588341860377735
2024-03-07,22457177587,23.83487611437992,24.276859291813533
2024-03-08,26135487051,23.986559884904743,23.83487611437992
2024-03-09,11926623780,23.2020390304888,23.986559884904743
2024-03-10,15783924355,23.482257813143836,23.2020390304888
2024-03-11,28806262507,24.08385864860961,23.482257813143836
2024-03-12,26917010932,24.016024300342618,24.08385864860961
2024-03-13,22028114691,23.815585414933782,24.016024300342618
2024-03-14,25434810823,23.959384577528844,23.815585414933782
2024-03-15,33505075433,24.234962769764326,23.959384577528844
2024-03-16,20199855932,23.728941309248928,24.234962769764326
2024-03-17,19938757095,23.715931267290628,23.728941309248928
2024-03-18,21162220224,23.775483363952063,23.715931267290628
2024-03-19,34166976701,24.254525420991204,23.775483363952063
2024-03-20,36605316331,24.323459321750608,24.254525420991204
2024-03-21,22213647922,23.82397270819147,24.323459321750608
2024-03-22,20574952329,23.74734026656883,23.82397270819147
2024-03-23,13242137554,23.306669821100897,23.74734026656883
2024-03-24,12156660941,23.221143082108924,23.306669821100897
2024-03-25,18603921705,23.64663823979586,23.221143082108924
2024-03-26,18505553577,23.641336717333033,23.64663823979586
2024-03-27,18753082145,23.65462395692041,23.641336717333033
2024-03-28,16419674157,23.521746096498518,23.65462395692041
2024-03-29,12712701619,23.265867458096995,23.521746096498518
2024-03-30,9389066783,22.962811741095596,23.265867458096995
2024-03-31,10499881424,23.074629801093742,22.962811741095596
2024-04-01,16002098681,23.49598571814698,23.074629801093742
2024-04-02,22076539151,23.81778130472046,23.49598571814698
2024-04-03,16010734587,23.49652524591306,23.81778130472046
2024-04-04,14476330517,23.395780774454128,23.49652524591306
2024-04-05,15214447092,23.44551127997024,23.395780774454128
2024-04-06,8956926798,22.91569301380364,23.44551127997024
2024-04-07,9931108526,23.018937942811146,22.91569301380364
2024-04-08,19055143129,23.670602882605873,23.018937942811146
2024-04-09,18279773833,23.629061030521697,23.670602882605873
2024-04-10,16872482726,23.548949890785195,23.629061030521697
2024-04-11,14076734489,23.36778923528027,23.548949890785195
2024-04-12,22104869556,23.81906376309886,23.36778923528027
2024-04-13,29930408174,24.122140796339142,23.81906376309886
2024-04-14,25486284994,23.961406301048612,24.122140796339142
2024-04-15,21925843181,23.81093183197944,23.961406301048612
2024-04-16,19441391169,23.69067019560961,23.81093183197944
2024-04-17,17711869375,23.597500837941958,23.69067019560961
2024-04-18,15183777035,23.44349339449911,23.597500837941958
2024-04-19,20399982867,23.738799897943288,23.44349339449911
2024-04-20,9918642130,23.017681866817536,23.738799897943288
2024-04-21,9394387894,22.963378315374275,23.017681866817536
2024-04-22,12063858733,23.213479938345706,22.963378315374275
2024-04-23,11054442653,23.12609823415496,23.213479938345706
2024-04-24,14000234760,23.36233993499251,23.12609823415496
2024-04-25,13989030260,23.361539306566538,23.36233993499251
2024-04-26,10622333862,23.08622458963324,23.361539306566538
2024-04-27,11820785577,23.19312530839101,23.08622458963324
2024-04-28,11379192678,23.15505232094882,23.19312530839101
2024-04-29,15032246816,23.433463518294786,23.15505232094882
2024-04-30,18266894653,23.628356223158033,23.433463518294786
2024-05-01,20005057445,23.719250950783604,23.628356223158033
2024-05-02,13163903903,23.30074436801605,23.719250950783604
2024-05-03,12862183229,23.277557310320326,23.30074436801605
2024-05-04,8283229638,22.837498782191275,23.277557310320326
2024-05-05,8783447639,22.896134837108885,22.837498782191275
2024-05-06,13008587255,23.288875534412412,22.896134837108885
2024-05-07,11743187337,23.186539108280535,23.288875534412412
2024-05-08,11791662158,23.190658521881208,23.186539108280535
2024-05-09,10861947179,23.108531433630652,23.190658521881208
2024-05-10,12278653601,23.231128112041947,23.108531433630652
2024-05-11,6795916454,22.639587747272646,23.231128112041947
2024-05-12,5908941395,22.499732531338953,22.639587747272646
2024-05-13,13352264795,23.314951854969692,22.499732531338953
2024-05-14,12444516140,23.24454589213869,23.314951854969692
2024-05-15,14666902956,23.408859292703152,23.24454589213869
2024-05-16,13035465176,23.290939570384804,23.408859292703152
2024-05-17,14449438097,23.39392136472801,23.290939570384804
2024-05-18,9407051320,22.964725385433198,23.39392136472801
2024-05-19,8747800800,22.892068168582604,22.964725385433198
2024-05-20,31228143948,24.164585574774975,22.892068168582604
2024-05-21,37643853967,24.35143553661867,24.164585574774975
2024-05-22,25155809461,23.94835469930259,24.35143553661867
2024-05-23,45623656317,24.54369219782909,23.94835469930259
2024-05-24,22257061429,23.825925162803724,24.54369219782909
2024-05-25,10000027764,23.0258537063366,23.825925162803724
2024-05-26,14650794791,23.407760422883296,23.0258537063366
2024-05-27,18949181813,23.665026591447745,23.407760422883296
2024-05-28,19846044324,23.711270545833123,23.665026591447745
2024-05-29,17411416736,23.5803919622578,23.711270545833123
2024-05-30,15065849797,23.435696416633416,23.5803919622578
2024-05-31,15290700646,23.450510679643912,23.435696416633416
2024-06-01,8661024535,22.88209885910507,23.450510679643912
2024-06-02,11126903059,23.132631711852515,22.88209885910507
2024-06-03,14082454300,23.36819548356544,23.132631711852515
2024-06-04,13331489271,23.313394688152265,23.36819548356544
2024-06-05,15480034434,23.462816929524124,23.313394688152265
2024-06-06,13606583873,23.33381962085462,23.462816929524124
2024-06-07,18220286186,23.625801435899653,23.33381962085462
2024-06-08,9096091805,22.93111068624169,23.625801435899653
2024-06-09,7910768788,22.791490805912122,22.93111068624169
2024-06-10,10377300126,23.06288657738317,22.791490805912122
2024-06-11,19184721538,23.677380045971315,23.06288657738317
2024-06-12,17142905351,23.564850242810856,23.677380045971315
2024-06-13,14472382154,23.395507991130785,23.564850242810856
2024-06-14,15793876596,23.482888144644434,23.395507991130785
2024-06-15,12733651076,23.26751401719206,23.482888144644434
2024-06-16,9878388158,23.013615193494267,23.26751401719206
2024-06-17,17838856988,23.60464489186632,23.013615193494267
2024-06-18,21022514455,23.768859817267714,23.60464489186632
2024-06-19,15275373778,23.449507811622855,23.768859817267714
2024-06-20,16115123753,23.503024031551377,23.449507811622855
2024-06-21,15933353456,23.491680450703786,23.503024031551377
2024-06-22,7423703673,22.727943916897704,23.491680450703786
2024-06-23,9418141333,22.965903595344493,22.727943916897704
2024-06-24,23137744903,23.86473109946856,22.965903595344493
2024-06-25,13235546063,23.306171930784547,23.86473109946856
2024-06-26,11694054195,23.182346361117062,23.306171930784547
2024-06-27,11771834016,23.18897556732017,23.182346361117062
2024-06-28,12861158844,23.277477663982175,23.18897556732017
2024-06-29,6584792001,22.608028584854626,23.277477663982175
2024-06-30,8396416013,22.851070786629172,22.608028584854626
2024-07-01,12281551839,23.231364122935304,22.851070786629172
2024-07-02,9421757718,22.966287502395655,23.231364122935304
2024-07-03,16121324440,23.503408731940162,22.966287502395655
2024-07-04,20252514386,23.731544790000726,23.503408731940162
2024-07-05,31131942647,24.16150022378951,23.731544790000726
2024-07-06,11586293705,23.173088659290908,24.16150022378951
2024-07-07,10857947538,23.10816314077313,23.173088659290908
2024-07-08,22627377457,23.84242640198416,23.10816314077313
2024-07-09,15269945822,23.44915240816804,23.84242640198416
2024-07-10,14578679176,23.402825967928067,23.44915240816804
2024-07-11,15230095766,23.446539291817952,23.402825967928067
2024-07-12,12751638331,23.26892559684489,23.446539291817952
2024-07-13,8565105946,22.87096233828989,23.26892559684489
2024-07-14,10517709666,23.076326308195785,22.87096233828989
2024-07-15,18305490390,23.630466873107867,23.076326308195785
2024-07-16,20446664416,23.74108559688941,23.630466873107867
2024-07-17,16739123962,23.541014568619257,23.74108559688941
2024-07-18,15035622003,23.43368802286706,23.541014568619257
2024-07-19,17705629736,23.597148490135297,23.43368802286706
2024-07-20,10360198325,23.061237216934284,23.597148490135297
2024-07-21,13845913681,23.351255984963544,23.061237216934284
2024-07-22,18723199034,23.653029181964445,23.351255984963544
2024-07-23,24468405650,23.920648556986098,23.653029181964445
2024-07-24,16040945448,23.498410380789846,23.920648556986098
2024-07-25,25293745810,23.953823000934864,23.498410380789846
2024-07-26,15993893521,23.495472831399912,23.953823000934864
2024-07-27,15198233287,23.44444502692486,23.495472831399912
2024-07-28,8959236446,22.915950842221626,23.44444502692486
2024-07-29,18334852719,23.6320696056586,22.915950842221626
2024-07-30,14045773047,23.36558733671417,23.6320696056586
2024-07-31,16135380637,23.504280252937495,23.36558733671417
2024-08-01,20217639556,23.72982130564321,23.504280252937495
2024-08-02,21400241741,23.786668055218826,23.72982130564321
2024-08-03,17844091431,23.6049382781065,23.786668055218826
2024-08-04,21139601426,23.77441396318995,23.6049382781065
2024-08-05,67668132244,24.937881185863866,23.77441396318995
2024-08-06,26041995921,23.982976299621342,24.937881185863866
2024-08-07,24264218606,23.91226861677117,23.982976299621342
2024-08-08,23468291180,23.878916035466716,23.91226861677117
2024-08-09,17907141655,23.608465445363368,23.878916035466716
2024-08-10,9361014219,22.959819478296513,23.608465445363368
2024-08-11,13595441987,23.333000425499065,22.959819478296513
2024-08-12,21653090666,23.798414037141587,23.333000425499065
2024-08-13,16383053029,23.51951328561016,23.798414037141587
2024-08-14,15825365408,23.484879895262992,23.51951328561016
2024-08-15,16345801912,23.517236937528157,23.484879895262992
2024-08-16,13275561555,23.309190704874638,23.517236937528157
2024-08-17,6676568717,22.621870027404082,23.309190704874638
2024-08-18,9207267415,22.94325894557889,22.621870027404082
2024-08-19,11968963282,23.20558274307456,22.94325894557889
2024-08-20,13249483464,23.307224404769695,23.20558274307456
2024-08-21,12766015263,23.270052419377244,23.307224404769695
2024-08-22,10723280428,23.095682955852162,23.270052419377244
2024-08-23,16857181970,23.548042632608308,23.095682955852162
2024-08-24,11765811307,23.188463816119164,23.548042632608308
2024-08-25,9375535539,22.961369531331364,23.188463816119164
2024-08-26,12282035835,23.23140353053378,22.961369531331364
2024-08-27,18028996056,23.615247190747784,23.23140353053378
2024-08-28,20359545410,23.736815700776326,23.615247190747784
2024-08-29,13946434277,23.358489705157137,23.736815700776326
2024-08-30,15526218255,23.465795932218704,23.358489705157137
2024-08-31,6646876013,22.617412808755308,23.465795932218704
2024-09-01,11800443265,23.191402932543,22.617412808755308
2024-09-02,12520444224,23.250628683139084,23.191402932543
2024-09-03,11406800197,23.15747552301515,23.250628683139084
2024-09-04,16709600747,23.53924928621022,23.15747552301515
2024-09-05,13632325040,23.335709650645825,23.53924928621022
2024-09-06,25825618367,23.974632796176582,23.335709650645825
2024-09-07,11124608320,23.132425457187917,23.974632796176582
2024-09-08,10718443487,23.095231784938736,23.132425457187917
2024-09-09,15887712451,23.488811845583434,23.095231784938736
2024-09-10,12795818970,23.2723843115438,23.488811845583434
2024-09-11,15355180967,23.454718776311918,23.2723843115438
2024-09-12,12162634681,23.22163435786074,23.454718776311918
2024-09-13,13759640866,23.34500556925635,23.22163435786074
2024-09-14,8170291680,22.823770446527433,23.34500556925635
2024-09-15,10155470375,23.041278350453062,22.823770446527433
2024-09-16,16819033263,23.54577701439354,23.041278350453062
2024-09-17,15356783863,23.454823158822794,23.54577701439354
2024-09-18,18159056422,23.622435249628666,23.454823158822794
2024-09-19,18437147349,23.63763334402963,23.622435249628666
2024-09-20,19112788620,23.67362350919941,23.63763334402963
2024-09-21,10797825021,23.102610563851066,23.67362350919941
2024-09-22,13180663011,23.302016669080288,23.102610563851066
2024-09-23,19912841456,23.714630659857274,23.302016669080288
2024-09-24,16658812503,23.536205192813355,23.714630659857274
2024-09-25,14119729962,23.370838944324383,23.536205192813355
2024-09-26,17336033595,23.576053039053534,23.370838944324383
2024-09-27,17023020294,23.55783239992993,23.576053039053534
2024-09-28,10252590559,23.05079624806151,23.55783239992993
2024-09-29,11126215671,23.13256993282652,23.05079624806151
2024-09-30,17826446789,23.603948966236278,23.13256993282652
2024-10-01,25482371785,23.961252747501984,23.603948966236278
2024-10-02,20148256472,23.72638359415122,23.961252747501984
2024-10-03,18051447791,23.61649172853635,23.72638359415122
2024-10-04,14879264082,23.423234408273487,23.61649172853635
2024-10-05,8152969183,22.821648014784397,23.423234408273487
2024-10-06,8458690205,22.858460176474345,22.821648014784397
2024-10-07,17414044416,23.58054286794106,22.858460176474345
2024-10-08,14067361080,23.36712313397859,23.58054286794106
2024-10-09,14954047093,23.42824780871003,23.36712313397859
2024-10-10,15327769940,23.452932048928666,23.42824780871003
2024-10-11,13489061564,23.325144939438662,23.452932048928666
2024-10-12,9372169184,22.961010409499018,23.325144939438662
2024-10-13,9189490605,22.9413263425068,22.961010409499018
2024-10-14,21434687898,23.788276376498466,22.9413263425068
2024-10-15,22003780898,23.814480134538663,23.788276376498466
2024-10-16,17012396419,23.557208116382316,23.814480134538663
2024-10-17,15150712321,23.44131338568427,23.557208116382316
2024-10-18,17043738652,23.559048738742035,23.44131338568427
2024-10-19,8557834553,22.870113022316676,23.559048738742035
2024-10-20,14559296242,23.401495543519303,22.870113022316676
2024-10-21,17328615363,23.57562503921299,23.401495543519303
2024-10-22,15541911074,23.46680615205965,23.57562503921299
2024-10-23,17876984551,23.60677994319596,23.46680615205965
2024-10-24,16128627601,23.503861641830728,23.60677994319596
2024-10-25,22560233078,23.839454594994532,23.503861641830728
2024-10-26,13597102184,23.333122532278896,23.839454594994532
2024-10-27,9801434566,23.005794596195518,23.333122532278896
2024-10-28,18971841402,23.66622168534426,23.005794596195518
2024-10-29,22185845095,23.82272031413267,23.66622168534426
2024-10-30,22382690746,23.831553762540594,23.82272031413267
2024-10-31,19760409505,23.706946252988644,23.831553762540594
2024-11-01,20215438328,23.72971242310854,23.706946252988644
2024-11-02,9639457439,22.98913066172355,23.72971242310854
2024-11-03,15667779706,23.474872192528608,22.98913066172355
2024-11-04,17110200696,23.562940654530404,23.474872192528608
2024-11-05,17894057485,23.607734510595996,23.562940654530404
2024-11-06,41887574364,24.45825506533503,23.607734510595996
2024-11-07,35352318438,24.288629812371756,24.45825506533503
2024-11-08,32303261101,24.19843402495787,24.288629812371756
2024-11-09,29210133088,24.09778150958354,24.19843402495787
2024-11-10,47418730187,24.582283139220074,24.09778150958354
2024-11-11,55417771668,24.73816616748915,24.582283139220074
2024-11-12,56686078066,24.760794480776184,24.73816616748915
2024-11-13,52010205682,24.67470579938614,24.760794480776184
2024-11-14,35743352141,24.29963013469692,24.67470579938614
2024-11-15,32701369872,24.21068280608226,24.29963013469692
2024-11-16,26650658846,24.006079709429038,24.21068280608226
2024-11-17,28348163224,24.06782807574436,24.006079709429038
2024-11-18,35445557613,24.291263767911282,24.06782807574436
2024-11-19,29823634432,24.11856701786374,24.291263767911282
2024-11-20,29785491216,24.11728723995083,24.11856701786374
2024-11-21,51619069348,24.667157002170832,24.11728723995083
2024-11-22,36775716442,24.32810358501165,24.667157002170832
2024-11-23,38835184688,24.382592494516768,24.32810358501165
2024-11-24,27901454185,24.051944645741628,24.382592494516768
2024-11-25,51544793988,24.66571705274606,24.051944645741628
2024-11-26,39902959158,24.40971632245309,24.66571705274606
2024-11-27,43383987191,24.49335625123803,24.40971632245309
2024-11-28,32362724276,24.200273112119792,24.49335625123803
2024-11-29,27622629486,24.04190118264086,24.200273112119792
2024-11-30,30670867436,24.146579097554913,24.04190118264086
2024-12-01,28018113530,24.0561170497501,24.146579097554913
2024-12-02,47284967570,24.579458271572477,24.0561170497501
2024-12-03,36839829742,24.329845426770177,24.579458271572477
2024-12-04,56799745752,24.762797686466314,24.329845426770177
2024-12-05,60568296606,24.82703743480979,24.762797686466314
2024-12-06,52853668566,24.690792961536637,24.82703743480979
2024-12-07,22574636761,23.840092845798857,24.690792961536637
2024-12-08,20943378971,23.76508839379312,23.840092845798857
2024-12-09,57029832059,24.766840337327075,23.76508839379312
2024-12-10,58416417599,24.7908628105434,24.766840337327075
2024-12-11,35968053196,24.30589697019786,24.7908628105434
2024-12-12,42971675764,24.48380703243694,24.30589697019786
2024-12-13,34895127659,24.27561304778396,24.48380703243694
2024-12-14,28756190559,24.082118904802236,24.27561304778396
2024-12-15,25069616984,23.944922471137918,24.082118904802236
2024-12-16,46536359669,24.563499772358597,23.944922471137918
2024-12-17,35418700472,24.290505779525834,24.563499772358597
2024-12-18,48946681636,24.613997412736364,24.290505779525834
2024-12-19,58879190250,24.79875355872491,24.613997412736364
2024-12-20,66383827229,24.918719297933514,24.79875355872491
2024-12-21,31579389836,24.17577052437129,24.918719297933514
2024-12-22,24780768375,23.933333720535924,24.17577052437129
2024-12-23,34496081389,24.26411157160516,23.933333720535924
2024-12-24,23083678195,23.862391633089747,24.26411157160516
2024-12-25,17651873225,23.59410774642219,23.862391633089747
2024-12-26,22247726776,23.825505672968433,23.59410774642219
2024-12-27,24091627403,23.905130206418054,23.825505672968433
2024-12-28,14305648523,23.383920297828066,23.905130206418054
2024-12-29,13440907792,23.321568713808038,23.383920297828066
2024-12-30,26981583962,24.01842039474995,23.321568713808038
2024-12-31,20845452085,23.76040163597875,24.01842039474995
2025-01-01,14195410493,23.376184544593414,23.76040163597875
2025-01-02,22243574698,23.825319026236397,23.376184544593414
2025-01-03,21877299255,23.808715372466548,23.825319026236397
2025-01-04,16060610759,23.499635574567566,23.808715372466548
2025-01-05,12830306908,23.27507593641022,23.499635574567566
2025-01-06,23973574043,23.900217979117066,23.27507593641022
2025-01-07,32235312545,24.196328351489505,23.900217979117066
2025-01-08,34337730882,24.259510612247638,24.196328351489505
2025-01-09,28815726276,24.084187126306578,24.259510612247638
2025-01-10,26503845190,24.000555660921815,24.084187126306578
2025-01-11,11772144561,23.189001947313592,24.000555660921815
2025-01-12,11647743556,23.17837831201827,23.189001947313592
2025-01-13,39911742769,24.409936422530482,23.17837831201827
2025-01-14,22847737224,23.852117921987027,24.409936422530482
2025-01-15,25991614661,23.981039809910918,23.852117921987027
2025-01-16,26395516475,23.996460002183426,23.981039809910918
2025-01-17,28200207229,24.06259516340958,23.996460002183426
2025-01-18,32420094038,24.20204425386664,24.06259516340958
2025-01-19,57242875399,24.77056902445753,24.20204425386664
2025-01-20,52383187336,24.68185152442286,24.77056902445753
2025-01-21,32804001146,24.21381633105534,24.68185152442286
2025-01-22,22171220981,23.822060932626023,24.21381633105534
2025-01-23,32419520084,24.20202655005986,23.822060932626023
2025-01-24,25578325671,23.965011176341882,24.20202655005986
2025-01-25,13744316078,23.343891199450066,23.965011176341882
2025-01-26,14471528757,23.39544902211289,23.343891199450066
2025-01-27,39412486482,24.3973485188299,23.39544902211289
2025-01-28,20718206194,23.75427867694133,24.3973485188299
2025-01-29,22727786058,23.846854068307216,23.75427867694133
2025-01-30,19958405782,23.716916233998617,23.846854068307216
2025-01-31,30128115902,24.12872465584,23.716916233998617
2025-02-01,19917507079,23.714864934634825,24.12872465584
2025-02-02,42060930305,24.462385125497516,23.714864934634825
2025-02-03,92453553253,25.24997222836222,24.462385125497516
2025-02-04,48795275985,24.610899341533678,25.24997222836222
2025-02-05,31960764447,24.187774876425767,24.610899341533678
2025-02-06,29500645692,24.107677987917057,24.187774876425767
2025-02-07,29526663418,24.108559536748512,24.107677987917057
2025-02-08,17059263074,23.559959181945665,24.108559536748512
2025-02-09,17517088276,23.586442714350618,23.559959181945665
2025-02-10,19414208113,23.689271011917324,23.586442714350618
2025-02-11,21156550492,23.775215410420426,23.689271011917324
2025-02-12,26919387954,24.016112605728964,23.775215410420426
2025-02-13,19481004625,23.69270570595626,24.016112605728964
2025-02-14,17732289901,23.598653102725578,23.69270570595626
2025-02-15,10803019357,23.103091502096742,23.598653102725578
2025-02-16,10593602117,23.083516081972473,23.103091502096742
2025-02-17,24170425078,23.90839561851584,23.083516081972473
2025-02-18,23004152928,23.858940598663146,23.90839561851584
2025-02-19,15272401903,23.44931323935413,23.858940598663146
2025-02-20,15917259320,23.49066984927624,23.44931323935413
2025-02-21,31441524621,24.17139529636602,23.49066984927624
2025-02-22,16403164397,23.52074010420049,24.17139529636602
2025-02-23,20493767269,23.743386641204026,23.52074010420049
2025-02-24,29127380459,24.09494447799021,23.743386641204026
2025-02-25,40044790246,24.41326442075104,24.09494447799021
2025-02-26,28815111323,24.08416578519735,24.41326442075104
2025-02-27,24286213447,23.913174678430135,24.08416578519735
2025-02-28,35737904667,24.299477717846578,23.913174678430135
2025-03-01,16135258239,23.504272667218448,24.299477717846578
2025-03-02,34854193845,24.274439306797902,23.504272667218448
2025-03-03,31473561910,24.17241372592038,24.274439306797902
2025-03-04,33935738380,24.247734525521672,24.17241372592038
2025-03-05,22105432727,23.819089240011298,24.247734525521672
2025-03-06,18509069102,23.641526670641003,23.819089240011298
2025-03-07,22425792863,23.83347760047584,23.641526670641003
2025-03-08,10533204814,23.0777984675942,23.83347760047584
2025-03-09,16103964994,23.502331351535886,23.0777984675942
2025-03-10,35005066442,24.278758643445475,23.502331351535886
2025-03-11,30898385863,24.15396978204232,24.278758643445475
2025-03-12,22898872951,23.854353530181914,24.15396978204232
2025-03-13,17977225564,23.61237154729805,23.854353530181914
2025-03-14,12122715282,23.218346825664213,23.61237154729805
2025-03-15,6456484591,22.58835082566097,23.218346825664213
2025-03-16,9292997638,22.952527011351776,22.58835082566097
2025-03-17,10436892087,23.06861268226551,22.952527011351776
2025-03-18,10170844746,23.042791106094253,23.06861268226551
2025-03-19,20065206266,23.72225312050281,23.042791106094253
2025-03-20,13217865782,23.30483521975943,23.72225312050281
2025-03-21,9708125480,22.996229050149566,23.30483521975943
2025-03-22,6117036512,22.53434358612805,22.996229050149566
2025-03-23,7522339707,22.74114305776687,22.53434358612805
2025-03-24,14044912402,23.365526060530517,22.74114305776687
2025-03-25,11735658914,23.185897814140482,23.365526060530517
2025-03-26,13178523590,23.301854340778046,23.185897814140482
2025-03-27,11593274543,23.173690986145,23.301854340778046
2025-03-28,18160526498,23.62251620187991,23.173690986145
2025-03-29,12194771785,23.22427315462205,23.62251620187991
2025-03-30,9854857162,23.011230283483602,23.22427315462205
2025-03-31,15765030938,23.48106009238997,23.011230283483602
2025-04-01,15001220420,23.431397396072303,23.48106009238997
2025-04-02,22593742104,23.84093880682821,23.431397396072303
2025-04-03,16450974373,23.523650544804838,23.84093880682821
2025-04-04,18061720814,23.61706066356332,23.523650544804838
2025-04-05,6374712479,22.57560482564047,23.61706066356332
2025-04-06,22154445576,23.82130401650478,22.57560482564047
2025-04-07,46073959047,24.55351374766976,23.82130401650478
2025-04-08,21315312919,23.78269156775017,24.55351374766976
2025-04-09,39252195855,24.393273224960264,23.78269156775017
2025-04-10,21379604307,23.785703234748095,24.393273224960264
2025-04-11,14871838813,23.422735249020107,23.785703234748095
2025-04-12,12110995013,23.21737955571082,23.422735249020107
2025-04-13,13909890792,23.35586599180853,23.21737955571082
2025-04-14,16518325094,23.527736213337533,23.35586599180853
2025-04-15,13175452875,23.301621304597113,23.527736213337533
2025-04-16,15339621551,23.453704961851077,23.301621304597113
2025-04-17,11312160796,23.149144160638922,23.453704961851077
2025-04-18,7123507323,22.68666604262693,23.149144160638922
2025-04-19,7168138700,22.692911862320226,22.68666604262693
2025-04-20,7642784469,22.757027833018878,22.692911862320226
2025-04-21,15403785611,23.457879135053584,22.757027833018878
2025-04-22,23747917555,23.890760681688043,23.457879135053584
2025-04-23,22904644756,23.85460555471276,23.890760681688043
2025-04-24,15207402759,23.445048169859554,23.85460555471276
2025-04-25,17459399281,23.58314398132498,23.445048169859554
2025-04-26,11926379867,23.202018579144084,23.58314398132498
2025-04-27,11321944113,23.15000863640667,23.202018579144084
2025-04-28,17043640437,23.559042976198675,23.15000863640667
2025-04-29,14734257744,23.413441078199135,23.559042976198675
2025-04-30,14810431362,23.418597591203035,23.413441078199135
2025-05-01,15861442721,23.487157015031087,23.418597591203035
2025-05-02,13570171872,23.331139976298832,23.487157015031087
2025-05-03,8344452620,22.84486279814012,23.331139976298832
2025-05-04,8918979887,22.9114474145545,22.84486279814012
2025-05-05,11389336489,23.155943358889544,22.9114474145545
2025-05-06,13206516310,23.303976204577285,23.155943358889544
2025-05-07,50540755039,24.64604587822898,23.303976204577285
2025-05-08,37777245241,24.354972780559276,24.64604587822898
2025-05-09,43766026875,24.502123711239534,24.354972780559276
2025-05-10,30265913403,24.13328794600977,24.502123711239534
2025-05-11,26496368543,24.000273524435073,24.13328794600977
2025-05-12,32121858921,24.192802598603123,24.000273524435073
2025-05-13,33528741590,24.235668865852368,24.192802598603123
2025-05-14,26602676588,24.00427767128087,24.235668865852368
2025-05-15,26637688883,24.005592925214145,24.00427767128087
2025-05-16,21298907763,23.781921629614597,24.005592925214145
2025-05-17,18830706230,23.658754684488365,23.781921629614597
2025-05-18,25005164865,23.942348235076885,23.658754684488365
2025-05-19,27351331811,24.03203105972938,23.942348235076885
2025-05-20,23453322578,23.878278009563132,24.03203105972938
2025-05-21,31952904125,24.18752890957031,23.878278009563132
2025-05-22,26596978352,24.0040634504921,24.18752890957031
2025-05-23,30536501878,24.142188587871253,24.0040634504921
2025-05-24,11380899856,23.15520233598067,24.142188587871253
2025-05-25,14556431364,23.401298751047,23.15520233598067
2025-05-26,14936610009,23.427081083875674,23.401298751047
2025-05-27,26264200536,23.99147265251101,23.427081083875674
2025-05-28,19087366068,23.67229249072784,23.99147265251101
2025-05-29,27567479811,24.039902647248965,23.67229249072784
2025-05-30,24599403943,23.92598804963183,24.039902647248965
2025-05-31,13992843765,23.361811876232185,23.92598804963183
2025-06-01,13287852482,23.310116107600358,23.361811876232185
2025-06-02,16744168824,23.541315904695754,23.310116107600358
2025-06-03,18291179016,23.62968475960072,23.541315904695754
2025-06-04,18621211035,23.647567146154042,23.62968475960072
2025-06-05,26194462737,23.988813879460736,23.647567146154042
2025-06-06,19407449565,23.68892282750313,23.988813879460736
2025-06-07,11664303387,23.17979902241971,23.68892282750313
2025-06-08,12097170203,23.216237394677172,23.17979902241971
2025-06-09,20605172560,23.748807976368468,23.216237394677172
2025-06-10,35555755055,24.294367866310097,23.748807976368468
2025-06-11,30705408054,24.147704634136293,24.294367866310097
2025-06-12,25924959613,23.978472033220864,24.147704634136293
2025-06-13,37986747138,24.360503176315735,23.978472033220864
2025-06-14,14285000473,23.3824759057408,24.360503176315735
2025-06-15,13961893828,23.35959758611103,23.3824759057408
2025-06-16,22792449577,23.849695159158077,23.35959758611103
2025-06-17,25653232897,23.967935439490354,23.849695159158077
2025-06-18,19873957905,23.712676063659348,23.967935439490354
2025-06-19,12782730709,23.271360933572293,23.712676063659348
2025-06-20,22592586688,23.840887666758587,23.271360933572293
2025-06-21,16108791762,23.502631032067587,23.840887666758587
2025-06-22,28458151601,24.07170048023964,23.502631032067587
2025-06-23,26247439429,23.990834275664263,24.07170048023964
2025-06-24,19539047009,23.695680711082026,23.990834275664263
2025-06-25,17158118625,23.565737287757862,23.695680711082026
2025-06-26,18300413888,23.63018951336863,23.565737287757862
2025-06-27,15309834970,23.451761267328646,23.63018951336863
2025-06-28,8273074809,22.836272079661622,23.451761267328646
2025-06-29,12500580479,23.24904091849644,22.836272079661622
2025-06-30,16859727663,23.54819363654269,23.24904091849644
2025-07-01,15025451796,23.433011386532904,23.54819363654269
2025-07-02,22792512025,23.849697899009023,23.433011386532904
2025-07-03,20873559425,23.76174909572122,23.849697899009023
2025-07-04,17222740209,23.569496452728757,23.76174909572122
2025-07-05,9289382302,22.952137896926466,23.569496452728757
2025-07-06,13190436110,23.302757866813653,22.952137896926466
2025-07-07,18440266947,23.637802531488514,23.302757866813653
2025-07-08,17537487206,23.58760655285227,23.637802531488514
2025-07-09,27229452849,24.027565049746762,23.58760655285227
2025-07-10,33929201261,24.2475418746756,24.027565049746762
2025-07-11,36226558863,24.313058357022303,24.2475418746756
2025-07-12,16317198254,23.51548549613168,24.313058357022303
2025-07-13,17361753131,23.577535527888546,23.51548549613168
2025-07-14,36349290556,24.316440523706593,23.577535527888546
2025-07-15,39013656112,24.38717757850345,24.316440523706593
2025-07-16,46771354461,24.568536768303357,24.38717757850345
2025-07-17,47532846793,24.584686820434722,24.568536768303357
2025-07-18,59198465810,24.804161463128942,24.584686820434722
2025-07-19,26031719746,23.982581621615296,24.804161463128942
2025-07-20,44600451066,24.521009809508733,23.982581621615296
2025-07-21,42611467663,24.475389247962678,24.521009809508733
2025-07-22,45248868820,24.535443508326843,24.475389247962678
2025-07-23,41283228953,24.443722175821293,24.535443508326843
2025-07-24,40377960354,24.421549937262647,24.443722175821293
2025-07-25,42264509577,24.467213553734606,24.421549937262647
2025-07-26,24635287361,23.927445697619586,24.467213553734606
2025-07-27,28897450394,24.08701920651214,23.927445697619586
2025-07-28,35831336149,24.302088658916002,24.08701920651214
2025-07-29,35540435995,24.293936927324175,24.302088658916002
2025-07-30,34392494235,24.261104186675656,24.293936927324175
2025-07-31,32839839444,24.21490823248093,24.261104186675656
2025-08-01,46261558200,24.557577176710314,24.21490823248093
2025-08-02,30165065282,24.12995031300056,24.557577176710314
2025-08-03,19363593865,23.6866605350898,24.12995031300056
2025-08-04,30905749658,24.1542080766151,23.6866605350898
2025-08-05,32778742296,24.213046041496735,24.1542080766151
2025-08-06,26924415763,24.016299361071923,24.213046041496735
2025-08-07,38627826066,24.377238736245047,24.016299361071923
2025-08-08,45460293892,24.54010512019813,24.377238736245047
2025-08-09,45279715746,24.536124993127288,24.54010512019813
2025-08-10,36173931367,24.311604568378005,24.536124993127288
2025-08-11,49989853803,24.635085897842707,24.311604568378005
2025-08-12,57237189036,24.77046968204306,24.635085897842707
2025-08-13,62550014642,24.859232307944037,24.77046968204306
2025-08-14,75681632806,25.04980133658943,24.859232307944037
2025-08-15,55445715824,24.738670285792193,25.04980133658943
2025-08-16,26816931514,24.01229929788918,24.738670285792193
2025-08-17,31348101438,24.168419542000112,24.01229929788918
2025-08-18,53518423360,24.70329179343859,24.168419542000112
2025-08-19,50440367102,24.6440576260103,24.70329179343859
2025-08-20,49577862965,24.626810259861294,24.6440576260103
2025-08-21,33618359942,24.23833818152402,24.626810259861294
2025-08-22,75965521535,25.053545410282933,24.23833818152402
2025-08-23,36503623278,24.320677360498536,25.053545410282933
2025-08-24,52405003873,24.682267917473713,24.320677360498536
2025-08-25,63936163545,24.8811509779178,24.682267917473713
2025-08-26,53829747706,24.709092082642233,24.8811509779178
2025-08-27,43509902322,24.496254388721297,24.709092082642233
2025-08-28,36045274078,24.308041598547106,24.496254388721297
2025-08-29,46899991962,24.571283341012702,24.308041598547106
2025-08-30,25883112278,23.976856557385787,24.571283341012702
2025-08-31,26683044984,24.007294181316603,23.976856557385787
2025-09-01,37530746508,24.348426340862744,24.007294181316603
2025-09-02,39884692334,24.4092584364525,24.348426340862744
2025-09-03,35260873497,24.286039786638216,24.4092584364525
2025-09-04,34919798552,24.276319799058104,24.286039786638216
2025-09-05,44163736676,24.511169852092703,24.276319799058104
2025-09-06,18108246446,23.619633276213243,24.511169852092703
2025-09-07,17426783536,23.581274143362258,23.619633276213243
2025-09-08,32277142378,24.19762515034523,23.581274143362258
2025-09-09,30703320925,24.147636659142005,24.19762515034523
2025-09-10,39521365146,24.400107252397493,24.147636659142005
2025-09-11,35959212991,24.305651160631804,24.400107252397493
2025-09-12,43839753626,24.50380685972549,24.305651160631804
2025-09-13,34843845977,24.27414237253397,24.50380685972549
2025-09-14,28394160275,24.069449336850315,24.27414237253397
2025-09-15,40224062009,24.417731210945146,24.069449336850315
2025-09-16,32761501436,24.212519926260786,24.417731210945146
2025-09-17,44120899417,24.510199416822022,24.212519926260786
2025-09-18,33497259158,24.234729456251202,24.510199416822022
2025-09-19,30352619653,24.136148665488133,24.234729456251202
2025-09-20,18056494322,23.616771253246846,24.136148665488133
2025-09-21,19330306133,23.684939967237312,23.616771253246846
2025-09-22,58221334533,24.787517697244393,23.684939967237312
2025-09-23,32460075911,24.203276737631477,24.787517697244393
2025-09-24,33538388785,24.23595655357697,24.203276737631477
2025-09-25,68963092031,24.9568373003332,24.23595655357697
2025-09-26,47873508328,24.591828126322124,24.9568373003332
2025-09-27,20382555776,23.7379452629627,24.591828126322124
2025-09-28,24631307054,23.927284115230712,23.7379452629627
2025-09-29,38560429932,24.375492456315396,23.927284115230712
2025-09-30,37679153330,24.352372816391505,24.375492456315396
2025-10-01,46161664723,24.55541552268573,24.352372816391505
2025-10-02,48074066058,24.59600870146188,24.55541552268573
2025-10-03,49603450230,24.627326229346743,24.59600870146188
2025-10-04,21832270764,23.806655022437507,24.627326229346743
2025-10-05,44880806324,24.527276064220494,23.806655022437507
2025-10-06,44992456374,24.52976067653089,24.527276064220494
2025-10-07,54879425294,24.728404348261105,24.52976067653089
2025-10-08,40456628235,24.423496329449677,24.728404348261105
2025-10-09,47903074596,24.592445527111266,24.423496329449677
2025-10-10,97736621123,25.30554215813766,24.592445527111266
2025-10-11,62475475938,24.858039931693632,25.30554215813766
2025-10-12,61216174681,24.83767728371887,24.858039931693632
2025-10-13,50253782420,24.640351653092598,24.83767728371887
2025-10-14,67094148347,24.929362669177845,24.640351653092598
2025-10-15,50462889453,24.644504040767227,24.929362669177845
2025-10-16,49147390731,24.61808959425652,24.644504040767227
2025-10-17,57404271888,24.773384560638558,24.61808959425652
2025-10-18,23815676385,23.89360987243354,24.773384560638558
2025-10-19,32870655221,24.215846158132415,23.89360987243354
2025-10-20,40224612563,24.417744898032048,24.215846158132415
2025-10-21,49960290350,24.63449433383622,24.417744898032048
2025-10-22,46173305673,24.555667668758055,24.63449433383622
2025-10-23,36361652714,24.316780559403096,24.555667668758055
2025-10-24,34090708715,24.252290712407845,24.316780559403096
2025-10-25,15245229017,23.447532439707377,24.252290712407845
2025-10-26,29120786315,24.09471806248588,23.447532439707377
2025-10-27,40271333201,24.418905717817513,24.09471806248588
2025-10-28,39684155177,24.40421783104292,24.418905717817513
2025-10-29,35255876156,24.28589805177287,24.40421783104292
2025-10-30,39981939289,24.411693671320503,24.28589805177287
2025-10-31,37800100395,24.355577595520806,24.411693671320503
2025-11-01,17490279524,23.584911107781746,24.355577595520806
2025-11-02,20479611654,23.742695674730903,23.584911107781746
2025-11-03,53091469560,24.695282103701366,23.742695674730903
2025-11-04,76827517773,25.064828717260305,24.695282103701366
2025-11-05,46955882330,24.572474323996516,25.064828717260305
2025-11-06,36731850433,24.326910074844683,24.572474323996516
2025-11-07,42609994022,24.475354664162516,24.326910074844683
2025-11-08,23613870398,23.885100105061902,24.475354664162516
2025-11-09,28821543888,24.084388996103783,23.885100105061902
2025-11-10,35638045619,24.296679601317035,24.084388996103783
2025-11-11,39734688531,24.405490409651733,24.296679601317035
2025-11-12,34898956623,24.27572276951878,24.405490409651733
2025-11-13,50283416669,24.640941171203842,24.27572276951878
2025-11-14,47003809463,24.573494487776156,24.640941171203842
2025-11-15,19932940649,23.7156395091579,24.573494487776156
2025-11-16,30987886524,24.15686220777571,23.7156395091579
2025-11-17,41026793235,24.437491183753384,24.15686220777571
2025-11-18,41581494270,24.450921055959988,24.437491183753384
2025-11-19,40229739844,24.417872356170818,24.450921055959988
2025-11-20,43917885207,24.505587481963797,24.417872356170818
2025-11-21,51476486049,24.66439095877818,24.505587481963797
2025-11-22,15408928941,23.458212979709764,24.66439095877818
2025-11-23,20358404499,23.73675966106888,23.458212979709764
2025-11-24,32491657389,24.20424919760704,23.73675966106888
2025-11-25,23336017779,23.873263831381614,24.20424919760704
2025-11-26,21433162961,23.788205230547824,23.873263831381614
2025-11-27,16972780500,23.554876750737936,23.788205230547824
2025-11-28,20659958964,23.7514633143823,23.554876750737936
2025-11-29,12775481230,23.270793641994015,23.7514633143823
2025-11-30,11530446514,23.16825689675681,23.270793641994015
2025-12-01,36679598313,24.325486533156937,23.16825689675681
2025-12-02,26593645111,24.00393811859007,24.325486533156937
2025-12-03,29949301036,24.12277182353938,24.00393811859007
2025-12-04,27434991113,24.03508508352801,24.12277182353938
2025-12-05,28000268228,24.05547992664716,24.03508508352801
2025-12-06,10962819760,23.117775362748397,24.05547992664716
2025-12-07,20383496376,23.73799140920206,23.117775362748397
2025-12-08,25262165670,23.952573685348103,23.73799140920206
2025-12-09,32012553374,24.18939395575688,23.952573685348103
2025-12-10,30694387989,24.147345673168065,24.18939395575688
2025-12-11,29066243707,24.092843327722683,24.147345673168065
2025-12-12,24391003174,23.917480178873706,24.092843327722683
2025-12-13,9916869400,23.01750312375845,23.917480178873706
2025-12-14,15619543350,23.471788745975417,23.01750312375845
2025-12-15,28765976892,24.082459167818325,23.471788745975417
2025-12-16,22709189818,23.846035517306415,24.082459167818325
2025-12-17,26159825528,23.98749069409421,23.846035517306415
2025-12-18,29194181349,24.097235257494106,23.98749069409421
2025-12-19,27870687989,24.05084136378323,24.097235257494106
2025-12-20,7612418215,22.75304672641076,24.05084136378323
2025-12-21,11178096676,23.137222046530894,22.75304672641076
2025-12-22,20342034264,23.735955235545212,23.137222046530894
2025-12-23,21453213168,23.78914026914379,23.735955235545212
2025-12-24,13984770325,23.361234740512312,23.78914026914379
2025-12-25,11828871179,23.193809090181034,23.361234740512312
2025-12-26,18562196049,23.64439287891062,23.193809090181034
2025-12-27,7378783299,22.721874597332977,23.64439287891062
2025-12-28,9227601389,22.945464980507875,22.721874597332977
2025-12-29,25957694515,23.979733915709105,22.945464980507875
2025-12-30,18816704381,23.65801084317666,23.979733915709105
2025-12-31,16451891101,23.52370626809745,23.65801084317666
