Date,BTC_Return,BTC_Lagged_Return,Log_BTC_Volume,Lagged_Log_BTC_Volume,ETH_Return,ETH_Lagged_Return,Log_ETH_Volume,Lagged_Log_ETH_Volume,SP500_Return,Lagged_SP500_Return,VIX_Change,Lagged_VIX_Change,Gold_Return,Lagged_Gold_Return,DXY_Return,Lagged_DXY_Return,US10Y_Change,Lagged_US10Y_Change,Lagged_SP500_Return_Aligned,SP500_Source_Date,Lagged_VIX_Change_Aligned,VIX_Source_Date,Lagged_Gold_Return_Aligned,Gold_Source_Date,Lagged_DXY_Return_Aligned,DXY_Source_Date,Lagged_US10Y_Change_Aligned,US10Y_Source_Date,SP500_Information_Age_Days,VIX_Information_Age_Days,Gold_Information_Age_Days,DXY_Information_Age_Days,US10Y_Information_Age_Days,Day_of_Week,Weekend,Forecast_Sample,OOS_Forecast,Forecast_Number,BTC_Benchmark_Complete,ETH_Benchmark_Complete
2021-01-01,,,24.43023815752363,,,,23.337152187211448,,,,,,,,,,,,,,,,,,,,,,,,,,,Friday,0,Initial_Estimation,0,,0,0
2021-01-02,0.080031048361755,,24.94079247470659,24.43023815752363,0.0524557755459907,,23.7059519370073,23.337152187211448,,,,,,,,,,,,,,,,,,2021-01-01,,,,,,1.0,,Saturday,1,Initial_Estimation,0,,0,0
2021-01-03,-0.080031048361755,0.080031048361755,25.088467156553605,24.94079247470659,-0.0524557755459908,0.0524557755459907,24.534373175236475,23.7059519370073,,,,,,,,,,,,,,,,,,2021-01-01,,,,,,2.0,,Sunday,1,Initial_Estimation,0,,0,0
2021-01-04,0.0590033398665824,-0.080031048361755,25.11973117188423,25.088467156553605,0.3220380289599853,-0.0524557755459908,24.76536903731401,24.534373175236475,,,,,,,-0.0007563707912069,,,,,,,,,,,2021-01-01,,,,,,3.0,,Monday,0,Initial_Estimation,0,,0,0
2021-01-05,0.0856449076337689,0.0590033398665824,24.936094297045063,25.11973117188423,0.0744312961541276,0.3220380289599853,24.44982473969564,24.76536903731401,0.007057576170722,,-1.629999999999999,,0.0041053068384807,,-0.0048297687371074,-0.0007563707912069,0.0299999999999999,,,2021-01-04,,2021-01-04,,2021-01-04,-0.0007563707912069,2021-01-04,,2021-01-04,1.0,1.0,1.0,1.0,1.0,Tuesday,0,Initial_Estimation,0,,0,0
2021-01-06,0.0617214774948189,0.0856449076337689,25.044605640671257,24.936094297045063,0.0874659336204694,0.0744312961541276,24.523237418832547,24.44982473969564,0.0056936608662176,0.007057576170722,-0.2699999999999996,-1.629999999999999,-0.0237341055974173,0.0041053068384807,0.0010504789585075,-0.0048297687371074,0.08,0.0299999999999999,0.007057576170722,2021-01-05,-1.629999999999999,2021-01-05,0.0041053068384807,2021-01-05,-0.0048297687371074,2021-01-05,0.0299999999999999,2021-01-05,1.0,1.0,1.0,1.0,1.0,Wednesday,0,Initial_Estimation,0,,1,1
2021-01-07,0.1006314949050913,0.0617214774948189,25.163114829949617,25.044605640671257,0.0585521481689383,0.0874659336204694,24.423778049402703,24.523237418832547,0.0147382211783408,0.0056936608662176,-2.6999999999999993,-0.2699999999999996,0.0028278319590516,-0.0237341055974173,0.0033007010496898,0.0010504789585075,0.04,0.08,0.0056936608662176,2021-01-06,-0.2699999999999996,2021-01-06,-0.0237341055974173,2021-01-06,0.0010504789585075,2021-01-06,0.08,2021-01-06,1.0,1.0,1.0,1.0,1.0,Thursday,0,Initial_Estimation,0,,1,1
2021-01-08,0.0077107603978929,0.1006314949050913,25.201823717892157,25.163114829949617,-0.0514169536540314,0.0585521481689383,24.51503636012825,24.423778049402703,0.0054768655361056,0.0147382211783408,-0.8100000000000023,-2.6999999999999993,-0.0417528469568522,0.0028278319590516,0.0030235011138996,0.0033007010496898,0.0499999999999998,0.04,0.0147382211783408,2021-01-07,-2.6999999999999993,2021-01-07,0.0028278319590516,2021-01-07,0.0033007010496898,2021-01-07,0.04,2021-01-07,1.0,1.0,1.0,1.0,1.0,Friday,0,Initial_Estimation,0,,1,1
2021-01-09,0.0195675442998421,0.0077107603978929,24.850144751248727,25.201823717892157,0.0807209526697571,-0.0514169536540314,24.22681236547332,24.51503636012825,,,,,,,,,,,0.0054768655361056,2021-01-08,-0.8100000000000023,2021-01-08,-0.0417528469568522,2021-01-08,0.0030235011138996,2021-01-08,0.0499999999999998,2021-01-08,1.0,1.0,1.0,1.0,1.0,Saturday,1,Initial_Estimation,0,,1,1
2021-01-10,-0.0566634520820478,0.0195675442998421,25.105051788783506,24.850144751248727,0.0069518584406703,0.0807209526697571,24.427451009976764,24.22681236547332,,,,,,,,,,,0.0054768655361056,2021-01-08,-0.8100000000000023,2021-01-08,-0.0417528469568522,2021-01-08,0.0030235011138996,2021-01-08,0.0499999999999998,2021-01-08,2.0,2.0,2.0,2.0,2.0,Sunday,1,Initial_Estimation,0,,1,1
2021-01-11,-0.1289135667911746,-0.0566634520820478,25.538053040983616,25.105051788783506,-0.2294594895192086,0.0069518584406703,24.829763422773873,24.427451009976764,-0.0065763737616643,0.0054768655361056,2.5199999999999996,-0.8100000000000023,0.0084155016326218,-0.0417528469568522,0.0040650687614056,0.0030235011138996,0.02,0.0499999999999998,0.0054768655361056,2021-01-08,-0.8100000000000023,2021-01-08,-0.0417528469568522,2021-01-08,0.0030235011138996,2021-01-08,0.0499999999999998,2021-01-08,3.0,3.0,3.0,3.0,3.0,Monday,0,Initial_Estimation,0,,1,1
2021-01-12,0.0215156084179575,-0.1289135667911746,25.037726410892976,25.538053040983616,0.0401845274810145,-0.2294594895192086,24.347462804680276,24.829763422773873,0.000415745716966,-0.0065763737616643,-0.75,2.5199999999999996,-0.0036289551927896,0.0084155016326218,-0.0041205654288449,0.0040650687614056,0.0,0.02,-0.0065763737616643,2021-01-11,2.5199999999999996,2021-01-11,0.0084155016326218,2021-01-11,0.0040650687614056,2021-01-11,0.02,2021-01-11,1.0,1.0,1.0,1.0,1.0,Tuesday,0,Initial_Estimation,0,,1,1
2021-01-13,0.0721662657821702,0.0215156084179575,24.962638393246884,25.037726410892976,0.0445522325809228,0.0401845274810145,24.128116297815577,24.347462804680276,0.0022730179027713,0.000415745716966,-1.1199999999999974,-0.75,0.005789249861382,-0.0036289551927896,0.0029038857079124,-0.0041205654288449,-0.0499999999999998,0.0,0.000415745716966,2021-01-12,-0.75,2021-01-12,-0.0036289551927896,2021-01-12,-0.0041205654288449,2021-01-12,0.0,2021-01-12,1.0,1.0,1.0,1.0,1.0,Wednesday,0,Initial_Estimation,0,,1,1
2021-01-14,0.038165394438249,0.0721662657821702,24.876130691306088,24.962638393246884,0.0521246694827394,0.0445522325809228,24.23214850775522,24.128116297815577,-0.0037605002910535,0.0022730179027713,1.0399999999999991,-1.1199999999999974,-0.0017818664700342,0.005789249861382,-0.0012846497220631,0.0029038857079124,0.0499999999999998,-0.0499999999999998,0.0022730179027713,2021-01-13,-1.1199999999999974,2021-01-13,0.005789249861382,2021-01-13,0.0029038857079124,2021-01-13,-0.0499999999999998,2021-01-13,1.0,1.0,1.0,1.0,1.0,Thursday,0,Initial_Estimation,0,,1,1
2021-01-15,-0.0660631270807206,0.038165394438249,24.939249072012196,24.876130691306088,-0.0233999092366631,0.0521246694827394,24.30600778779248,24.23214850775522,-0.0072159905065941,-0.0037605002910535,1.09,1.0399999999999991,-0.011414407787474,-0.0017818664700342,0.0058891618793119,-0.0012846497220631,-0.0399999999999998,0.0499999999999998,-0.0037605002910535,2021-01-14,1.0399999999999991,2021-01-14,-0.0017818664700342,2021-01-14,-0.0012846497220631,2021-01-14,0.0499999999999998,2021-01-14,1.0,1.0,1.0,1.0,1.0,Friday,0,Initial_Estimation,0,,1,1
2021-01-16,-0.009190284843198,-0.0660631270807206,24.778630246911472,24.939249072012196,0.0634835492424225,-0.0233999092366631,24.19892856032913,24.30600778779248,,,,,,,,,,,-0.0072159905065941,2021-01-15,1.09,2021-01-15,-0.011414407787474,2021-01-15,0.0058891618793119,2021-01-15,-0.0399999999999998,2021-01-15,1.0,1.0,1.0,1.0,1.0,Saturday,1,Initial_Estimation,0,,1,1
2021-01-17,0.009190284843198,-0.009190284843198,24.68140599601327,24.778630246911472,-0.0634835492424225,0.0634835492424225,24.099419999211975,24.19892856032913,,,,,,,,,,,-0.0072159905065941,2021-01-15,1.09,2021-01-15,-0.011414407787474,2021-01-15,0.0058891618793119,2021-01-15,-0.0399999999999998,2021-01-15,2.0,2.0,2.0,2.0,2.0,Sunday,1,Initial_Estimation,0,,1,1
2021-01-18,-0.0007486212001674,0.009190284843198,24.625474891287045,24.68140599601327,0.0622605254677991,-0.0634835492424225,23.97431667219529,24.099419999211975,,,,,,,-7.711926498149255e-05,0.0058891618793119,,,-0.0072159905065941,2021-01-15,1.09,2021-01-15,-0.011414407787474,2021-01-15,0.0058891618793119,2021-01-15,-0.0399999999999998,2021-01-15,3.0,3.0,3.0,3.0,3.0,Monday,0,Initial_Estimation,0,,1,1
2021-01-19,0.0066925530277567,-0.0007486212001674,24.77059208534973,24.625474891287045,0.1331554781016388,0.0622605254677991,24.577573606973548,23.97431667219529,0.00810348077151,-0.0072159905065941,-1.1000000000000014,1.09,0.0055603888553312,-0.011414407787474,-0.0029459977282241,-7.711926498149255e-05,-0.01,-0.0399999999999998,-0.0072159905065941,2021-01-15,1.09,2021-01-15,-0.011414407787474,2021-01-15,-7.711926498149255e-05,2021-01-18,-0.0399999999999998,2021-01-15,4.0,4.0,4.0,1.0,4.0,Tuesday,0,Initial_Estimation,0,,1,1
2021-01-20,-0.043817424824704,0.0066925530277567,24.925486345890263,24.77059208534973,-0.0623450804054326,0.1331554781016388,24.568807761748097,24.577573606973548,0.0138393688876857,0.00810348077151,-1.66,-1.1000000000000014,0.0142497279427101,0.0055603888553312,-0.0002541815643642,-0.0029459977282241,0.0,-0.01,0.00810348077151,2021-01-19,-1.1000000000000014,2021-01-19,0.0055603888553312,2021-01-19,-0.0029459977282241,2021-01-19,-0.01,2021-01-19,1.0,1.0,1.0,1.0,1.0,Wednesday,0,Initial_Estimation,0,,1,1
2021-01-21,-0.1125675819575238,-0.043817424824704,25.04929163633945,24.925486345890263,-0.1229533139763345,-0.0623450804054326,24.55043799711449,24.568807761748097,0.0003166807728557,0.0138393688876857,-0.259999999999998,-1.66,-0.0003215992599331,0.0142497279427101,-0.0038094018581602,-0.0002541815643642,0.02,0.0,0.0138393688876857,2021-01-20,-1.66,2021-01-20,0.0142497279427101,2021-01-20,-0.0002541815643642,2021-01-20,0.0,2021-01-20,1.0,1.0,1.0,1.0,1.0,Thursday,0,Initial_Estimation,0,,1,1
2021-01-22,0.0656790339388585,-0.1125675819575238,25.069759493050633,25.04929163633945,0.0605040745316164,-0.1229533139763345,24.505597803423004,24.55043799711449,-0.0030151272949282,0.0003166807728557,0.5899999999999999,-0.259999999999998,-0.0051599671898233,-0.0003215992599331,0.00118645679193,-0.0038094018581602,-0.02,0.02,0.0003166807728557,2021-01-21,-0.259999999999998,2021-01-21,-0.0003215992599331,2021-01-21,-0.0038094018581602,2021-01-21,0.02,2021-01-21,1.0,1.0,1.0,1.0,1.0,Friday,0,Initial_Estimation,0,,1,1
2021-01-23,-0.0285954641795404,0.0656790339388585,24.601830047322867,25.069759493050633,0.002752888055569,0.0605040745316164,24.02846229980231,24.505597803423004,,,,,,,,,,,-0.0030151272949282,2021-01-22,0.5899999999999999,2021-01-22,-0.0051599671898233,2021-01-22,0.00118645679193,2021-01-22,-0.02,2021-01-22,1.0,1.0,1.0,1.0,1.0,Saturday,1,Initial_Estimation,0,,1,1
2021-01-24,-0.0145861987089724,-0.0285954641795404,24.607790825594662,24.601830047322867,0.0858458694609986,0.002752888055569,24.3183334858669,24.02846229980231,,,,,,,,,,,-0.0030151272949282,2021-01-22,0.5899999999999999,2021-01-22,-0.0051599671898233,2021-01-22,0.00118645679193,2021-01-22,-0.02,2021-01-22,2.0,2.0,2.0,2.0,2.0,Sunday,1,Initial_Estimation,0,,1,1
2021-01-25,0.0246251396389837,-0.0145861987089724,24.815893172879065,24.607790825594662,-0.0096601970016136,0.0858458694609986,24.49753776498953,24.3183334858669,0.0036092820235481,-0.0030151272949282,1.2800000000000011,0.5899999999999999,-0.0004311576432208,-0.0051599671898233,0.0016940805362521,0.00118645679193,-0.05,-0.02,-0.0030151272949282,2021-01-22,0.5899999999999999,2021-01-22,-0.0051599671898233,2021-01-22,0.00118645679193,2021-01-22,-0.02,2021-01-22,3.0,3.0,3.0,3.0,3.0,Monday,0,Initial_Estimation,0,,1,1
2021-01-26,-0.0212542892844156,0.0246251396389837,24.82185838817352,24.815893172879065,-0.0088173993914652,-0.0096601970016136,24.45071477658594,24.49753776498953,-0.0014899457394751,0.0036092820235481,-0.1700000000000017,1.2800000000000011,-0.0022668798944576,-0.0004311576432208,-0.0024479274080125,0.0016940805362521,0.0,-0.05,0.0036092820235481,2021-01-25,1.2800000000000011,2021-01-25,-0.0004311576432208,2021-01-25,0.0016940805362521,2021-01-25,-0.05,2021-01-25,1.0,1.0,1.0,1.0,1.0,Tuesday,0,Initial_Estimation,0,,1,1
2021-01-27,-0.0316053100409713,-0.0212542892844156,24.859659832317668,24.82185838817352,-0.0443441457519921,-0.0088173993914652,24.396889942448375,24.45071477658594,-0.0260132898920486,-0.0014899457394751,14.19,-0.1700000000000017,-0.0031388308031131,-0.0022668798944576,0.0052760648226071,-0.0024479274080125,-0.01,0.0,-0.0014899457394751,2021-01-26,-0.1700000000000017,2021-01-26,-0.0022668798944576,2021-01-26,-0.0024479274080125,2021-01-26,0.0,2021-01-26,1.0,1.0,1.0,1.0,1.0,Wednesday,0,Initial_Estimation,0,,1,1
2021-01-28,0.0700842388772838,-0.0316053100409713,25.060780836369627,24.859659832317668,0.0578148186055521,-0.0443441457519921,24.268195090346904,24.396889942448375,0.0097133349275994,-0.0260132898920486,-7.0,14.19,-0.0038014599418898,-0.0031388308031131,-0.002120352861198,0.0052760648226071,0.03,-0.01,-0.0260132898920486,2021-01-27,14.19,2021-01-27,-0.0031388308031131,2021-01-27,0.0052760648226071,2021-01-27,-0.01,2021-01-27,1.0,1.0,1.0,1.0,1.0,Thursday,0,Initial_Estimation,0,,1,1
2021-01-29,0.0404795754539982,0.0700842388772838,25.493056608748173,25.060780836369627,0.0144945496128033,0.0578148186055521,24.705037926029,24.268195090346904,-0.0195004059671278,0.0097133349275994,2.8800000000000026,-7.0,0.0051015112416478,-0.0038014599418898,0.0014251075385139,-0.002120352861198,0.04,0.03,0.0097133349275994,2021-01-28,-7.0,2021-01-28,-0.0038014599418898,2021-01-28,-0.002120352861198,2021-01-28,0.03,2021-01-28,1.0,1.0,1.0,1.0,1.0,Friday,0,Initial_Estimation,0,,1,1
2021-01-30,0.001332699873233,0.0404795754539982,24.89983271128527,25.493056608748173,0.011964741425828,0.0144945496128033,24.14480734090385,24.705037926029,,,,,,,,,,,-0.0195004059671278,2021-01-29,2.8800000000000026,2021-01-29,0.0051015112416478,2021-01-29,0.0014251075385139,2021-01-29,0.04,2021-01-29,1.0,1.0,1.0,1.0,1.0,Saturday,1,Initial_Estimation,0,,1,1
2021-01-31,-0.0703967583968336,0.001332699873233,24.68891572258051,24.89983271128527,-0.073236667738258,0.011964741425828,23.950064337611497,24.14480734090385,,,,,,,,,,,-0.0195004059671278,2021-01-29,2.8800000000000026,2021-01-29,0.0051015112416478,2021-01-29,0.0014251075385139,2021-01-29,0.04,2021-01-29,2.0,2.0,2.0,2.0,2.0,Sunday,1,Initial_Estimation,0,,1,1
2021-02-01,0.0405526049461602,-0.0703967583968336,24.840682197485386,24.68891572258051,0.0451274982165844,-0.073236667738258,24.09779992192857,23.950064337611497,0.0159242691407183,-0.0195004059671278,-2.850000000000005,2.8800000000000026,0.0072813890080445,0.0051015112416478,0.0043621051301195,0.0014251075385139,-0.02,0.04,-0.0195004059671278,2021-01-29,2.8800000000000026,2021-01-29,0.0051015112416478,2021-01-29,0.0014251075385139,2021-01-29,0.04,2021-01-29,3.0,3.0,3.0,3.0,3.0,Monday,0,Initial_Estimation,0,,1,1
2021-02-02,0.058263573246995,0.0405526049461602,24.86780569366391,24.840682197485386,0.1182157035707724,0.0451274982165844,24.539595730883253,24.09779992192857,0.0138025419656492,0.0159242691407183,-4.68,-2.850000000000005,-0.0164173754445026,0.0072813890080445,0.0023822996605418,0.0043621051301195,0.03,-0.02,0.0159242691407183,2021-02-01,-2.850000000000005,2021-02-01,0.0072813890080445,2021-02-01,0.0043621051301195,2021-02-01,-0.02,2021-02-01,1.0,1.0,1.0,1.0,1.0,Tuesday,0,Initial_Estimation,0,,1,1
2021-02-03,0.0442345582815795,0.058263573246995,24.836870692483757,24.86780569366391,0.0719670119028979,0.1182157035707724,24.45794447238729,24.539595730883253,0.0010082963259948,0.0138025419656492,-2.6499999999999986,-4.68,0.0009282503708198,-0.0164173754445026,-0.0002851377453956,0.0023822996605418,0.0299999999999998,0.03,0.0138025419656492,2021-02-02,-4.68,2021-02-02,-0.0164173754445026,2021-02-02,0.0023822996605418,2021-02-02,0.03,2021-02-02,1.0,1.0,1.0,1.0,1.0,Wednesday,0,Initial_Estimation,0,,1,1
2021-02-04,0.0102890167719705,0.0442345582815795,24.95502283567307,24.836870692483757,0.0055070656306023,0.0719670119028979,24.516434849758436,24.45794447238729,0.010794829768938,0.0010082963259948,-1.1400000000000006,-2.6499999999999986,-0.023916484486413,0.0009282503708198,0.0039189979003442,-0.0002851377453956,0.0,0.0299999999999998,0.0010082963259948,2021-02-03,-2.6499999999999986,2021-02-03,0.0009282503708198,2021-02-03,-0.0002851377453956,2021-02-03,0.0299999999999998,2021-02-03,1.0,1.0,1.0,1.0,1.0,Thursday,0,Initial_Estimation,0,,1,1
2021-02-05,0.0047382197675478,0.0102890167719705,24.79396753643208,24.95502283567307,0.0464735196858439,0.0055070656306023,24.414857321528913,24.516434849758436,0.0038898969855535,0.010794829768938,-0.8999999999999986,-1.1400000000000006,0.0122230532843277,-0.023916484486413,-0.0053349234550751,0.0039189979003442,0.04,0.0,0.010794829768938,2021-02-04,-1.1400000000000006,2021-02-04,-0.023916484486413,2021-02-04,0.0039189979003442,2021-02-04,0.0,2021-02-04,1.0,1.0,1.0,1.0,1.0,Friday,0,Initial_Estimation,0,,1,1
2021-02-06,0.0566321495747865,0.0047382197675478,24.99052722609659,24.79396753643208,-0.0055543556123134,0.0464735196858439,24.40897578969335,24.414857321528913,,,,,,,,,,,0.0038898969855535,2021-02-05,-0.8999999999999986,2021-02-05,0.0122230532843277,2021-02-05,-0.0053349234550751,2021-02-05,0.04,2021-02-05,1.0,1.0,1.0,1.0,1.0,Saturday,1,Initial_Estimation,0,,1,1
2021-02-07,-0.0554418956858912,0.0566321495747865,24.905325767982458,24.99052722609659,-0.0938991442931581,-0.0055543556123134,24.40937746794448,24.40897578969335,,,,,,,,,,,0.0038898969855535,2021-02-05,-0.8999999999999986,2021-02-05,0.0122230532843277,2021-02-05,-0.0053349234550751,2021-02-05,0.04,2021-02-05,2.0,2.0,2.0,2.0,2.0,Sunday,1,Initial_Estimation,0,,1,1
2021-02-08,0.1644048484687006,-0.0554418956858912,25.34300165408327,24.905325767982458,0.0897643901184346,-0.0938991442931581,24.594722772519457,24.40937746794448,0.0073721051298863,0.0038898969855535,0.3699999999999974,-0.8999999999999986,0.0115297201895688,0.0122230532843277,-0.0011869698496513,-0.0053349234550751,0.0,0.04,0.0038898969855535,2021-02-05,-0.8999999999999986,2021-02-05,0.0122230532843277,2021-02-05,-0.0053349234550751,2021-02-05,0.04,2021-02-05,3.0,3.0,3.0,3.0,3.0,Monday,0,Initial_Estimation,0,,1,1
2021-02-09,0.0579743056167431,0.1644048484687006,25.242985393373804,25.34300165408327,0.0380474103410317,0.0897643901184346,24.51155450218623,24.594722772519457,-0.0011141179817578,0.0073721051298863,0.3900000000000005,0.3699999999999974,0.0018542895508146,0.0115297201895688,-0.0054583783583834,-0.0011869698496513,-0.01,0.0,0.0073721051298863,2021-02-08,0.3699999999999974,2021-02-08,0.0115297201895688,2021-02-08,-0.0011869698496513,2021-02-08,0.0,2021-02-08,1.0,1.0,1.0,1.0,1.0,Tuesday,0,Initial_Estimation,0,,1,1
2021-02-10,-0.0503693366697898,0.0579743056167431,25.1926287842043,25.242985393373804,-0.023343404821077,0.0380474103410317,24.458935471285,24.51155450218623,-0.0003452195438772,-0.0011141179817578,0.3599999999999994,0.3900000000000005,0.0028836096711605,0.0018542895508146,-0.0007521708224763,-0.0054583783583834,-0.03,-0.01,-0.0011141179817578,2021-02-09,0.3900000000000005,2021-02-09,0.0018542895508146,2021-02-09,-0.0054583783583834,2021-02-09,-0.01,2021-02-09,1.0,1.0,1.0,1.0,1.0,Wednesday,0,Initial_Estimation,0,,1,1
2021-02-11,0.0415069799481858,-0.0503693366697898,25.12250488212595,25.1926287842043,0.02317955236702,-0.023343404821077,24.30738168782596,24.458935471285,0.0016610747648429,-0.0003452195438772,-0.7399999999999984,0.3599999999999994,-0.0085663877674986,0.0028836096711605,0.0005088833439464,-0.0007521708224763,0.01,-0.03,-0.0003452195438772,2021-02-10,0.3599999999999994,2021-02-10,0.0028836096711605,2021-02-10,-0.0007521708224763,2021-02-10,-0.03,2021-02-10,1.0,1.0,1.0,1.0,1.0,Thursday,0,Initial_Estimation,0,,1,1
2021-02-12,0.0214093207947683,0.0415069799481858,25.06127581182624,25.12250488212595,0.0459787008021474,0.02317955236702,24.35834983901719,24.30738168782596,0.004699921149026,0.0016610747648429,-1.2800000000000011,-0.7399999999999984,-0.0018099820260786,-0.0085663877674986,0.0006965289921564,0.0005088833439464,0.04,0.01,0.0016610747648429,2021-02-11,-0.7399999999999984,2021-02-11,-0.0085663877674986,2021-02-11,0.0005088833439464,2021-02-11,0.01,2021-02-11,1.0,1.0,1.0,1.0,1.0,Friday,0,Initial_Estimation,0,,1,1
2021-02-13,-0.0160892263185813,0.0214093207947683,24.97533263844879,25.06127581182624,-0.0213651990064852,0.0459787008021474,24.288832666665225,24.35834983901719,,,,,,,,,,,0.004699921149026,2021-02-12,-1.2800000000000011,2021-02-12,-0.0018099820260786,2021-02-12,0.0006965289921564,2021-02-12,0.04,2021-02-12,1.0,1.0,1.0,1.0,1.0,Saturday,1,Initial_Estimation,0,,1,1
2021-02-14,0.0306195455637617,-0.0160892263185813,24.989442062631085,24.97533263844879,-0.005251270987551,-0.0213651990064852,24.171318652075517,24.288832666665225,,,,,,,,,,,0.004699921149026,2021-02-12,-1.2800000000000011,2021-02-12,-0.0018099820260786,2021-02-12,0.0006965289921564,2021-02-12,0.04,2021-02-12,2.0,2.0,2.0,2.0,2.0,Sunday,1,Initial_Estimation,0,,1,1
2021-02-15,-0.0089821477746308,0.0306195455637617,25.06797868029333,24.989442062631085,-0.0083759808263714,-0.005251270987551,24.38568865236728,24.171318652075517,,,,,,,0.0,0.0006965289921564,,,0.004699921149026,2021-02-12,-1.2800000000000011,2021-02-12,-0.0018099820260786,2021-02-12,0.0006965289921564,2021-02-12,0.04,2021-02-12,3.0,3.0,3.0,3.0,3.0,Monday,0,Initial_Estimation,0,,1,1
2021-02-16,0.0077575928774363,-0.0089821477746308,25.06771498514824,25.06797868029333,-0.0203762035598103,-0.0083759808263714,24.25751776787803,24.38568865236728,-0.0005694370099799,0.004699921149026,1.490000000000002,-1.2800000000000011,-0.0134853513199866,-0.0018099820260786,0.0003204614672513,0.0,0.1,0.04,0.004699921149026,2021-02-12,-1.2800000000000011,2021-02-12,-0.0018099820260786,2021-02-12,0.0,2021-02-15,0.04,2021-02-12,4.0,4.0,4.0,1.0,4.0,Tuesday,0,Initial_Estimation,0,,1,1
2021-02-17,0.0754203269020155,0.0077575928774363,25.115497044953084,25.06771498514824,0.0567384585075147,-0.0203762035598103,24.305545471755117,24.25751776787803,-0.0003204508720288,-0.0005694370099799,0.0399999999999991,1.490000000000002,-0.0146290623491079,-0.0134853513199866,0.004871606680796,0.0003204614672513,-0.01,0.1,-0.0005694370099799,2021-02-16,1.490000000000002,2021-02-16,-0.0134853513199866,2021-02-16,0.0003204614672513,2021-02-16,0.1,2021-02-16,1.0,1.0,1.0,1.0,1.0,Wednesday,0,Initial_Estimation,0,,1,1
2021-02-18,-0.0068577131073469,0.0754203269020155,24.675561378687096,25.115497044953084,0.0479493463315288,0.0567384585075147,24.064568227365744,24.305545471755117,-0.004425586869627,-0.0003204508720288,0.9899999999999984,0.0399999999999991,0.0012978130348198,-0.0146290623491079,-0.0039549910264234,0.004871606680796,0.0,-0.01,-0.0003204508720288,2021-02-17,0.0399999999999991,2021-02-17,-0.0146290623491079,2021-02-17,0.004871606680796,2021-02-17,-0.01,2021-02-17,1.0,1.0,1.0,1.0,1.0,Thursday,0,Initial_Estimation,0,,1,1
2021-02-19,0.06660585521165,-0.0068577131073469,24.87423482565333,24.675561378687096,0.0053894953580914,0.0479493463315288,23.99164830270091,24.064568227365744,-0.001856616582049,-0.004425586869627,-0.4399999999999977,0.9899999999999984,0.0013524313819186,0.0012978130348198,-0.0025199509345131,-0.0039549910264234,0.05,0.0,-0.004425586869627,2021-02-18,0.9899999999999984,2021-02-18,0.0012978130348198,2021-02-18,-0.0039549910264234,2021-02-18,0.0,2021-02-18,1.0,1.0,1.0,1.0,1.0,Friday,0,Initial_Estimation,0,,1,1
2021-02-20,0.0159824264123471,0.06660585521165,24.944910375496477,24.87423482565333,0.0042419392954262,0.0053894953580914,24.269892869196575,23.99164830270091,,,,,,,,,,,-0.001856616582049,2021-02-19,-0.4399999999999977,2021-02-19,0.0013524313819186,2021-02-19,-0.0025199509345131,2021-02-19,0.05,2021-02-19,1.0,1.0,1.0,1.0,1.0,Saturday,1,Initial_Estimation,0,,1,1
2021-02-21,0.0177747366303669,0.0159824264123471,24.672538097924036,24.944910375496477,-0.0071738699958365,0.0042419392954262,23.8856368200111,24.269892869196575,,,,,,,,,,,-0.001856616582049,2021-02-19,-0.4399999999999977,2021-02-19,0.0013524313819186,2021-02-19,-0.0025199509345131,2021-02-19,0.05,2021-02-19,2.0,2.0,2.0,2.0,2.0,Sunday,1,Initial_Estimation,0,,1,1
2021-02-22,-0.0459002091499422,0.0177747366303669,25.24562403794631,24.672538097924036,-0.0800683295812938,-0.0071738699958365,24.470641674158987,23.8856368200111,-0.0077629028925333,-0.001856616582049,1.3999999999999986,-0.4399999999999977,0.0172508966591061,0.0013524313819186,-0.0039251827259819,-0.0025199509345131,0.03,0.05,-0.001856616582049,2021-02-19,-0.4399999999999977,2021-02-19,0.0013524313819186,2021-02-19,-0.0025199509345131,2021-02-19,0.05,2021-02-19,3.0,3.0,3.0,3.0,3.0,Monday,0,Initial_Estimation,0,,1,1
2021-02-23,-0.1364952129320099,-0.0459002091499422,25.38767137733276,25.24562403794631,-0.1595073799137253,-0.0800683295812938,24.675083712072265,24.470641674158987,0.0012554994192235,-0.0077629028925333,-0.3399999999999998,1.3999999999999986,-0.0012738096892075,0.0172508966591061,0.0017649120182995,-0.0039251827259819,0.0,0.03,-0.0077629028925333,2021-02-22,1.3999999999999986,2021-02-22,0.0172508966591061,2021-02-22,-0.0039251827259819,2021-02-22,0.03,2021-02-22,1.0,1.0,1.0,1.0,1.0,Tuesday,0,Initial_Estimation,0,,1,1
2021-02-24,0.0165801178661248,-0.1364952129320099,24.877380089172124,25.38767137733276,0.0356897513817808,-0.1595073799137253,24.1678100402526,24.675083712072265,0.0112877152777821,0.0012554994192235,-1.7699999999999996,-0.3399999999999998,-0.0044434642604026,-0.0012738096892075,7.762898892147117e-05,0.0017649120182995,0.0099999999999997,0.0,0.0012554994192235,2021-02-23,-0.3399999999999998,2021-02-23,-0.0012738096892075,2021-02-23,0.0017649120182995,2021-02-23,0.0,2021-02-23,1.0,1.0,1.0,1.0,1.0,Wednesday,0,Initial_Estimation,0,,1,1
2021-02-25,-0.0143333366090367,0.0165801178661248,24.721587007487383,24.877380089172124,-0.0441579222918986,0.0356897513817808,23.921190996192944,24.1678100402526,-0.0247834347905641,0.0112877152777821,7.550000000000001,-1.7699999999999996,-0.0123223244489771,-0.0044434642604026,-0.0004658643531651,7.762898892147117e-05,0.1600000000000001,0.0099999999999997,0.0112877152777821,2021-02-24,-1.7699999999999996,2021-02-24,-0.0044434642604026,2021-02-24,7.762898892147117e-05,2021-02-24,0.0099999999999997,2021-02-24,1.0,1.0,1.0,1.0,1.0,Thursday,0,Initial_Estimation,0,,1,1
2021-02-26,-0.0512551579720103,-0.0143333366090367,26.583960721423335,24.721587007487383,-0.0634993031484929,-0.0441579222918986,24.171219502543543,23.921190996192944,-0.0047614837180722,-0.0247834347905641,-0.9400000000000012,7.550000000000001,-0.0264398264228997,-0.0123223244489771,0.0082314994681254,-0.0004658643531651,-0.1,0.1600000000000001,-0.0247834347905641,2021-02-25,7.550000000000001,2021-02-25,-0.0123223244489771,2021-02-25,-0.0004658643531651,2021-02-25,0.1600000000000001,2021-02-25,1.0,1.0,1.0,1.0,1.0,Friday,0,Initial_Estimation,0,,1,1
2021-02-27,0.0262180434113659,-0.0512551579720103,24.54996940884827,26.583960721423335,0.0532817296860809,-0.0634993031484929,23.75543144410475,24.171219502543543,,,,,,,,,,,-0.0047614837180722,2021-02-26,-0.9400000000000012,2021-02-26,-0.0264398264228997,2021-02-26,0.0082314994681254,2021-02-26,-0.1,2021-02-26,1.0,1.0,1.0,1.0,1.0,Saturday,1,Initial_Estimation,0,,1,1
2021-02-28,-0.0817452286912186,0.0262180434113659,24.701898107746885,24.54996940884827,-0.1253055701615588,0.0532817296860809,24.042422235266987,23.75543144410475,,,,,,,,,,,-0.0047614837180722,2021-02-26,-0.9400000000000012,2021-02-26,-0.0264398264228997,2021-02-26,0.0082314994681254,2021-02-26,-0.1,2021-02-26,2.0,2.0,2.0,2.0,2.0,Sunday,1,Initial_Estimation,0,,1,1
2021-03-01,0.123424927298235,-0.0817452286912186,24.71023489389307,24.701898107746885,0.1509862104572935,-0.1253055701615588,23.902687008931565,24.042422235266987,0.0235121300819969,-0.0047614837180722,-4.599999999999998,-0.9400000000000012,-0.0032458010444414,-0.0264398264228997,0.0017590347437421,0.0082314994681254,0.01,-0.1,-0.0047614837180722,2021-02-26,-0.9400000000000012,2021-02-26,-0.0264398264228997,2021-02-26,0.0082314994681254,2021-02-26,-0.1,2021-02-26,3.0,3.0,3.0,3.0,3.0,Monday,0,Initial_Estimation,0,,1,1
2021-03-02,-0.0292694886608832,0.123424927298235,24.584645814833475,24.71023489389307,-0.0519905181851338,0.1509862104572935,23.83783258084999,23.902687008931565,-0.0081136713125529,0.0235121300819969,0.75,-4.599999999999998,0.0061349744805834,-0.0032458010444414,-0.0027939124122871,0.0017590347437421,-0.03,0.01,0.0235121300819969,2021-03-01,-4.599999999999998,2021-03-01,-0.0032458010444414,2021-03-01,0.0017590347437421,2021-03-01,0.01,2021-03-01,1.0,1.0,1.0,1.0,1.0,Tuesday,0,Initial_Estimation,0,,1,1
2021-03-03,0.0709923352701496,-0.0292694886608832,24.69771535933184,24.584645814833475,0.0830074678344419,-0.0519905181851338,23.844519160574485,23.83783258084999,-0.0131523181319871,-0.0081136713125529,2.5700000000000003,0.75,-0.0103236774863877,0.0061349744805834,0.0017828455407992,-0.0027939124122871,0.05,-0.03,-0.0081136713125529,2021-03-02,0.75,2021-03-02,0.0061349744805834,2021-03-02,-0.0027939124122871,2021-03-02,-0.03,2021-03-02,1.0,1.0,1.0,1.0,1.0,Wednesday,0,Initial_Estimation,0,,1,1
2021-03-04,-0.0616202099889658,0.0709923352701496,24.681099652291607,24.69771535933184,-0.0506059588147548,0.0830074678344419,23.854669904742696,23.844519160574485,-0.0135080379600822,-0.0131523181319871,1.8999999999999984,2.5700000000000003,-0.008842158417799,-0.0103236774863877,0.0074927231104325,0.0017828455407992,0.07,0.05,-0.0131523181319871,2021-03-03,2.5700000000000003,2021-03-03,-0.0103236774863877,2021-03-03,0.0017828455407992,2021-03-03,0.05,2021-03-03,1.0,1.0,1.0,1.0,1.0,Thursday,0,Initial_Estimation,0,,1,1
2021-03-05,0.023786320748312,-0.0616202099889658,24.60742274169485,24.681099652291607,0.0103907943364806,-0.0506059588147548,23.770980646813655,23.854669904742696,0.0193083638155838,-0.0135080379600822,-3.91,1.8999999999999984,-0.0012947745929176,-0.008842158417799,0.0037689034199688,0.0074927231104325,0.02,0.07,-0.0135080379600822,2021-03-04,1.8999999999999984,2021-03-04,-0.008842158417799,2021-03-04,0.0074927231104325,2021-03-04,0.07,2021-03-04,1.0,1.0,1.0,1.0,1.0,Friday,0,Initial_Estimation,0,,1,1
2021-03-06,-0.0092820905185617,0.023786320748312,24.260262673180794,24.60742274169485,0.0696904623912392,0.0103907943364806,23.84766667724163,23.770980646813655,,,,,,,,,,,0.0193083638155838,2021-03-05,-3.91,2021-03-05,-0.0012947745929176,2021-03-05,0.0037689034199688,2021-03-05,0.02,2021-03-05,1.0,1.0,1.0,1.0,1.0,Saturday,1,Initial_Estimation,0,,1,1
2021-03-07,0.0495599959892408,-0.0092820905185617,24.48765758368362,24.260262673180794,0.0198568082843228,0.0696904623912392,23.89336878471576,23.84766667724163,,,,,,,,,,,0.0193083638155838,2021-03-05,-3.91,2021-03-05,-0.0012947745929176,2021-03-05,0.0037689034199688,2021-03-05,0.02,2021-03-05,2.0,2.0,2.0,2.0,2.0,Sunday,1,Initial_Estimation,0,,1,1
2021-03-08,0.016019160384772,0.0495599959892408,24.606836445629455,24.48765758368362,0.0664959873104259,0.0198568082843228,24.042203847768192,23.89336878471576,-0.0053736840305412,0.0193083638155838,0.8099999999999987,-3.91,-0.0120273091991434,-0.0012947745929176,0.0036464308676623,0.0037689034199688,0.03,0.02,0.0193083638155838,2021-03-05,-3.91,2021-03-05,-0.0012947745929176,2021-03-05,0.0037689034199688,2021-03-05,0.02,2021-03-05,3.0,3.0,3.0,3.0,3.0,Monday,0,Initial_Estimation,0,,1,1
2021-03-09,0.0457064921203025,0.016019160384772,24.65336895532767,24.606836445629455,0.0187550952749812,0.0664959873104259,23.878615726803957,24.042203847768192,0.0140554414186134,-0.0053736840305412,-1.4399999999999975,0.8099999999999987,0.0229217973896339,-0.0120273091991434,-0.0038530255893583,0.0036464308676623,-0.04,0.03,-0.0053736840305412,2021-03-08,0.8099999999999987,2021-03-08,-0.0120273091991434,2021-03-08,0.0036464308676623,2021-03-08,0.03,2021-03-08,1.0,1.0,1.0,1.0,1.0,Tuesday,0,Initial_Estimation,0,,1,1
2021-03-10,0.0466237136390687,0.0457064921203025,24.77148927817727,24.65336895532767,-0.0051032710643535,0.0187550952749812,23.948289651536143,23.878615726803957,0.0060121736231132,0.0140554414186134,-1.4700000000000024,-1.4399999999999975,0.0028504277167953,0.0229217973896339,-0.0014691401644533,-0.0038530255893583,-0.02,-0.04,0.0140554414186134,2021-03-09,-1.4399999999999975,2021-03-09,0.0229217973896339,2021-03-09,-0.0038530255893583,2021-03-09,-0.04,2021-03-09,1.0,1.0,1.0,1.0,1.0,Wednesday,0,Initial_Estimation,0,,1,1
2021-03-11,0.012472062741432,0.0466237136390687,24.762315135556328,24.77148927817727,0.0138156529979082,-0.0051032710643535,23.901866722174212,23.948289651536143,0.0103418182182793,0.0060121736231132,-0.6499999999999986,-1.4700000000000024,0.000464631413656,0.0028504277167953,-0.0043985380040833,-0.0014691401644533,0.01,-0.02,0.0060121736231132,2021-03-10,-1.4700000000000024,2021-03-10,0.0028504277167953,2021-03-10,-0.0014691401644533,2021-03-10,-0.02,2021-03-10,1.0,1.0,1.0,1.0,1.0,Thursday,0,Initial_Estimation,0,,1,1
2021-03-12,-0.0114409731321581,0.012472062741432,24.74306544158646,24.762315135556328,-0.0461714084051587,0.0138156529979082,23.833924684217767,23.901866722174212,0.0010148833501624,0.0103418182182793,-1.2199999999999989,-0.6499999999999986,-0.0016270843199136,0.000464631413656,0.0028290724989808,-0.0043985380040833,0.0999999999999998,0.01,0.0103418182182793,2021-03-11,-0.6499999999999986,2021-03-11,0.000464631413656,2021-03-11,-0.0043985380040833,2021-03-11,0.01,2021-03-11,1.0,1.0,1.0,1.0,1.0,Friday,0,Initial_Estimation,0,,1,1
2021-03-13,0.0784113923290044,-0.0114409731321581,24.828712373787074,24.74306544158646,0.0947230634983449,-0.0461714084051587,23.942729068257663,23.833924684217767,,,,,,,,,,,0.0010148833501624,2021-03-12,-1.2199999999999989,2021-03-12,-0.0016270843199136,2021-03-12,0.0028290724989808,2021-03-12,0.0999999999999998,2021-03-12,1.0,1.0,1.0,1.0,1.0,Saturday,1,Initial_Estimation,0,,1,1
2021-03-14,-0.0315089300382529,0.0784113923290044,24.505208073813257,24.828712373787074,-0.0415475290082825,0.0947230634983449,23.68567858998069,23.942729068257663,,,,,,,,,,,0.0010148833501624,2021-03-12,-1.2199999999999989,2021-03-12,-0.0016270843199136,2021-03-12,0.0028290724989808,2021-03-12,0.0999999999999998,2021-03-12,2.0,2.0,2.0,2.0,2.0,Sunday,1,Initial_Estimation,0,,1,1
2021-03-15,-0.0566746203935254,-0.0315089300382529,24.919254566099035,24.505208073813257,-0.0337628089117958,-0.0415475290082825,23.9907313796103,23.68567858998069,0.0064709765908568,0.0010148833501624,-0.6600000000000001,-1.2199999999999989,0.0054518313595629,-0.0016270843199136,0.0016783647516273,0.0028290724989808,-0.0199999999999997,0.0999999999999998,0.0010148833501624,2021-03-12,-1.2199999999999989,2021-03-12,-0.0016270843199136,2021-03-12,0.0028290724989808,2021-03-12,0.0999999999999998,2021-03-12,3.0,3.0,3.0,3.0,3.0,Monday,0,Initial_Estimation,0,,1,1
2021-03-16,0.0003747406090539,-0.0566746203935254,24.813431657024317,24.919254566099035,0.0029859249298734,-0.0337628089117958,23.894148582668493,23.9907313796103,-0.0015709218841469,0.0064709765908568,-0.240000000000002,-0.6600000000000001,0.0009827728334724,0.0054518313595629,0.0003483979174915,0.0016783647516273,0.0,-0.0199999999999997,0.0064709765908568,2021-03-15,-0.6600000000000001,2021-03-15,0.0054518313595629,2021-03-15,0.0016783647516273,2021-03-15,-0.0199999999999997,2021-03-15,1.0,1.0,1.0,1.0,1.0,Tuesday,0,Initial_Estimation,0,,1,1
2021-03-17,0.0227741415021691,0.0003747406090539,24.821906378072907,24.813431657024317,0.010023190744648,0.0029859249298734,23.922466054249483,23.894148582668493,0.0028752053049775,-0.0015709218841469,-0.5599999999999987,-0.240000000000002,-0.0021981421073807,0.0009827728334724,-0.0046152165583706,0.0003483979174915,0.0099999999999997,0.0,-0.0015709218841469,2021-03-16,-0.240000000000002,2021-03-16,0.0009827728334724,2021-03-16,0.0003483979174915,2021-03-16,0.0,2021-03-16,1.0,1.0,1.0,1.0,1.0,Wednesday,0,Initial_Estimation,0,,1,1
2021-03-18,-0.0042150631842789,0.0227741415021691,24.74407223131215,24.821906378072907,-0.0236715907368449,0.010023190744648,23.870166297285095,23.922466054249483,-0.0148705206018101,0.0028752053049775,2.349999999999998,-0.5599999999999987,0.0031222357504656,-0.0021981421073807,0.0045825594094457,-0.0046152165583706,0.08,0.0099999999999997,0.0028752053049775,2021-03-17,-0.5599999999999987,2021-03-17,-0.0021981421073807,2021-03-17,-0.0046152165583706,2021-03-17,0.0099999999999997,2021-03-17,1.0,1.0,1.0,1.0,1.0,Thursday,0,Initial_Estimation,0,,1,1
2021-03-19,0.0155904066802492,-0.0042150631842789,24.616388832830783,24.74407223131215,0.0244642804183393,-0.0236715907368449,23.77958968282953,23.870166297285095,-0.0006029206064693,-0.0148705206018101,-0.629999999999999,2.349999999999998,0.0052971527058642,0.0031222357504656,0.0006203035333108,0.0045825594094457,0.03,0.08,-0.0148705206018101,2021-03-18,2.349999999999998,2021-03-18,0.0031222357504656,2021-03-18,0.0045825594094457,2021-03-18,0.08,2021-03-18,1.0,1.0,1.0,1.0,1.0,Friday,0,Initial_Estimation,0,,1,1
2021-03-20,0.0023829901861541,0.0155904066802492,24.642497422457815,24.616388832830783,0.00593069809497,0.0244642804183393,23.844646796000724,23.77958968282953,,,,,,,,,,,-0.0006029206064693,2021-03-19,-0.629999999999999,2021-03-19,0.0052971527058642,2021-03-19,0.0006203035333108,2021-03-19,0.03,2021-03-19,1.0,1.0,1.0,1.0,1.0,Saturday,1,Initial_Estimation,0,,1,1
2021-03-21,-0.0215760270183098,0.0023829901861541,24.67342078108569,24.642497422457815,-0.0203966345380342,0.00593069809497,23.857777162170624,23.844646796000724,,,,,,,,,,,-0.0006029206064693,2021-03-19,-0.629999999999999,2021-03-19,0.0052971527058642,2021-03-19,0.0006203035333108,2021-03-19,0.03,2021-03-19,2.0,2.0,2.0,2.0,2.0,Sunday,1,Initial_Estimation,0,,1,1
2021-03-22,-0.048400878196925,-0.0215760270183098,24.757886137071175,24.67342078108569,-0.0651334509977006,-0.0203966345380342,23.884482723490827,23.857777162170624,0.007000559550654,-0.0006029206064693,-2.0700000000000003,-0.629999999999999,-0.0020694279115334,0.0052971527058642,-0.0019274647834654,0.0006203035333108,-0.05,0.03,-0.0006029206064693,2021-03-19,-0.629999999999999,2021-03-19,0.0052971527058642,2021-03-19,0.0006203035333108,2021-03-19,0.03,2021-03-19,3.0,3.0,3.0,3.0,3.0,Monday,0,Initial_Estimation,0,,1,1
2021-03-23,-0.0023962359963134,-0.048400878196925,24.75635579409804,24.757886137071175,-0.0036532773841372,-0.0651334509977006,23.814228194597153,23.884482723490827,-0.0076601008099493,0.007000559550654,1.4200000000000017,-2.0700000000000003,-0.0075668795165003,-0.0020694279115334,0.0064538082959921,-0.0019274647834654,-0.06,-0.05,0.007000559550654,2021-03-22,-2.0700000000000003,2021-03-22,-0.0020694279115334,2021-03-22,-0.0019274647834654,2021-03-22,-0.05,2021-03-22,1.0,1.0,1.0,1.0,1.0,Tuesday,0,Initial_Estimation,0,,1,1
2021-03-24,-0.0073363877229259,-0.0023962359963134,24.979831621338356,24.75635579409804,-0.036839315069871,-0.0036532773841372,24.164582613499498,23.814228194597153,-0.0054823039848238,-0.0076601008099493,0.8999999999999986,1.4200000000000017,0.0047432257484864,-0.0075668795165003,0.0020772034472519,0.0064538082959921,-0.0099999999999997,-0.06,-0.0076601008099493,2021-03-23,1.4200000000000017,2021-03-23,-0.0075668795165003,2021-03-23,0.0064538082959921,2021-03-23,-0.06,2021-03-23,1.0,1.0,1.0,1.0,1.0,Wednesday,0,Initial_Estimation,0,,1,1
2021-03-25,-0.0386379006274353,-0.0073363877229259,24.942770789780496,24.979831621338356,-0.0051757180814085,-0.036839315069871,24.112739048365796,24.164582613499498,0.0052265508159267,-0.0054823039848238,-1.3900000000000006,0.8999999999999986,-0.0046272278102745,0.0047432257484864,0.0,0.0020772034472519,0.0099999999999997,-0.0099999999999997,-0.0054823039848238,2021-03-24,0.8999999999999986,2021-03-24,0.0047432257484864,2021-03-24,0.0020772034472519,2021-03-24,-0.0099999999999997,2021-03-24,1.0,1.0,1.0,1.0,1.0,Thursday,0,Initial_Estimation,0,,1,1
2021-03-26,0.0377539062258782,-0.0386379006274353,24.76019662292636,24.942770789780496,0.0381022360854666,-0.0051757180814085,23.838935115720084,24.112739048365796,0.0164944138263532,0.0052265508159267,-0.9499999999999992,-1.3900000000000006,0.0042231567839576,-0.0046272278102745,0.00256889193265,0.0,0.04,0.0099999999999997,0.0052265508159267,2021-03-25,-1.3900000000000006,2021-03-25,-0.0046272278102745,2021-03-25,0.0,2021-03-25,0.0099999999999997,2021-03-25,1.0,1.0,1.0,1.0,1.0,Friday,0,Initial_Estimation,0,,1,1
2021-03-27,0.0343097033870508,0.0377539062258782,24.57906852978471,24.76019662292636,0.0315336651703143,0.0381022360854666,23.619303607632453,23.838935115720084,,,,,,,,,,,0.0164944138263532,2021-03-26,-0.9499999999999992,2021-03-26,0.0042231567839576,2021-03-26,0.00256889193265,2021-03-26,0.04,2021-03-26,1.0,1.0,1.0,1.0,1.0,Saturday,1,Initial_Estimation,0,,1,1
2021-03-28,0.0014732752987717,0.0343097033870508,24.58791587278832,24.57906852978471,-0.0099211860871282,0.0315336651703143,23.53263678108195,23.619303607632453,,,,,,,,,,,0.0164944138263532,2021-03-26,-0.9499999999999992,2021-03-26,0.0042231567839576,2021-03-26,0.00256889193265,2021-03-26,0.04,2021-03-26,2.0,2.0,2.0,2.0,2.0,Sunday,1,Initial_Estimation,0,,1,1
2021-03-29,0.0226226701933095,0.0014732752987717,24.777232525230858,24.58791587278832,0.0599189785601627,-0.0099211860871282,23.849875947031997,23.53263678108195,-0.0008684019308247,0.0164944138263532,1.879999999999999,-0.9499999999999992,-0.0116715757573865,0.0042231567839576,0.001916967901664,0.00256889193265,0.06,0.04,0.0164944138263532,2021-03-26,-0.9499999999999992,2021-03-26,0.0042231567839576,2021-03-26,0.00256889193265,2021-03-26,0.04,2021-03-26,3.0,3.0,3.0,3.0,3.0,Monday,0,Initial_Estimation,0,,1,1
2021-03-30,0.0245065702182991,0.0226226701933095,24.719889450381057,24.777232525230858,0.0185365625278024,0.0599189785601627,23.83734906055176,23.849875947031997,-0.0031628196118815,-0.0008684019308247,-1.129999999999999,1.879999999999999,-0.0166081268362684,-0.0116715757573865,0.0037907917453235,0.001916967901664,0.0,0.06,-0.0008684019308247,2021-03-29,1.879999999999999,2021-03-29,-0.0116715757573865,2021-03-29,0.001916967901664,2021-03-29,0.06,2021-03-29,1.0,1.0,1.0,1.0,1.0,Tuesday,0,Initial_Estimation,0,,1,1
2021-03-31,0.0047268432060294,0.0245065702182991,24.90563388668339,24.719889450381057,0.0523915980993644,0.0185365625278024,24.131998180051696,23.83734906055176,0.0036159929659948,-0.0031628196118815,-0.2100000000000008,-1.129999999999999,0.0176006096113774,-0.0166081268362684,-0.0006969425947817,0.0037907917453235,0.01,0.0,-0.0031628196118815,2021-03-30,-1.129999999999999,2021-03-30,-0.0166081268362684,2021-03-30,0.0037907917453235,2021-03-30,0.0,2021-03-30,1.0,1.0,1.0,1.0,1.0,Wednesday,0,Initial_Estimation,0,,1,1
2021-04-01,-0.0016271068944738,0.0047268432060294,24.845049866461093,24.90563388668339,0.0150211048941037,0.0523915980993644,24.15448339643886,24.131998180051696,0.0117557742368885,0.0036159929659948,-2.0700000000000003,-0.2100000000000008,0.0073830821038836,0.0176006096113774,-0.0032552496770577,-0.0006969425947817,-0.05,0.01,0.0036159929659948,2021-03-31,-0.2100000000000008,2021-03-31,0.0176006096113774,2021-03-31,-0.0006969425947817,2021-03-31,0.01,2021-03-31,1.0,1.0,1.0,1.0,1.0,Thursday,0,Initial_Estimation,0,,1,1
2021-04-02,-0.0031408129419757,-0.0016271068944738,24.796180078437818,24.845049866461093,0.0599164456392268,0.0150211048941037,24.274677906056297,24.15448339643886,,,,,,,0.0010002635936789,-0.0032552496770577,0.03,-0.05,0.0117557742368885,2021-04-01,-2.0700000000000003,2021-04-01,0.0073830821038836,2021-04-01,-0.0032552496770577,2021-04-01,-0.05,2021-04-01,1.0,1.0,1.0,1.0,1.0,Friday,0,Initial_Estimation,0,,1,1
2021-04-03,-0.0101927070942089,-0.0031408129419757,24.811614869915477,24.796180078437818,-0.0144663715529175,0.0599164456392268,24.189361639693132,24.274677906056297,,,,,,,,,,,0.0117557742368885,2021-04-01,-2.0700000000000003,2021-04-01,0.0073830821038836,2021-04-01,0.0010002635936789,2021-04-02,0.03,2021-04-02,2.0,2.0,2.0,1.0,1.0,Saturday,1,Initial_Estimation,0,,1,1
2021-04-04,0.0006612574278993,-0.0101927070942089,24.650170813861035,24.811614869915477,0.0058010724572622,-0.0144663715529175,23.98161241685866,24.189361639693132,,,,,,,,,,,0.0117557742368885,2021-04-01,-2.0700000000000003,2021-04-01,0.0073830821038836,2021-04-01,0.0010002635936789,2021-04-02,0.03,2021-04-02,3.0,3.0,3.0,2.0,2.0,Sunday,1,Initial_Estimation,0,,1,1
2021-04-05,0.0115729261582385,0.0006612574278993,24.829312859410123,24.650170813861035,0.0151105985263657,0.0058010724572622,24.08674027712842,23.98161241685866,0.0143350384671663,0.0117557742368885,0.5800000000000018,-2.0700000000000003,0.0002895613166316,0.0073830821038836,-0.0046008798033706,0.0010002635936789,0.01,0.03,0.0117557742368885,2021-04-01,-2.0700000000000003,2021-04-01,0.0073830821038836,2021-04-01,0.0010002635936789,2021-04-02,0.03,2021-04-02,4.0,4.0,4.0,3.0,3.0,Monday,0,Initial_Estimation,0,,1,1
2021-04-06,-0.009180631916966,0.0115729261582385,24.913799404631813,24.829312859410123,0.0083050077598713,0.0151105985263657,24.098217317891383,24.08674027712842,-0.0009740121110818,0.0143350384671663,0.2100000000000008,0.5800000000000018,0.0083610116593772,0.0002895613166316,-0.0028118766161329,-0.0046008798033706,-0.06,0.01,0.0143350384671663,2021-04-05,0.5800000000000018,2021-04-05,0.0002895613166316,2021-04-05,-0.0046008798033706,2021-04-05,0.01,2021-04-05,1.0,1.0,1.0,1.0,1.0,Tuesday,0,Initial_Estimation,0,,1,1
2021-04-07,-0.0351804220943013,-0.009180631916966,25.04932119440768,24.913799404631813,-0.0652912498144372,0.0083050077598713,24.31000934685161,24.098217317891383,0.0014741432833555,-0.0009740121110818,-0.9600000000000009,0.2100000000000008,-0.0008042420147873,0.0083610116593772,0.0012987717611135,-0.0028118766161329,0.01,-0.06,-0.0009740121110818,2021-04-06,0.2100000000000008,2021-04-06,0.0083610116593772,2021-04-06,-0.0028118766161329,2021-04-06,-0.06,2021-04-06,1.0,1.0,1.0,1.0,1.0,Wednesday,0,Initial_Estimation,0,,1,1
2021-04-08,0.0250960582859728,-0.0351804220943013,24.694573378743332,25.04932119440768,0.0327354588349813,-0.0652912498144372,23.95458221736411,24.31000934685161,0.0042117580408072,0.0014741432833555,-0.2100000000000008,-0.9600000000000009,0.0095514313177296,-0.0008042420147873,-0.0042923638098419,0.0012987717611135,-0.04,0.01,0.0014741432833555,2021-04-07,-0.9600000000000009,2021-04-07,-0.0008042420147873,2021-04-07,0.0012987717611135,2021-04-07,0.01,2021-04-07,1.0,1.0,1.0,1.0,1.0,Thursday,0,Initial_Estimation,0,,1,1
2021-04-09,0.0113371780323242,0.0250960582859728,24.56605040958275,24.694573378743332,0.0082086702392727,0.0327354588349813,23.70957747997724,23.95458221736411,0.0076903163725556,0.0042117580408072,-0.259999999999998,-0.2100000000000008,-0.0077141033508086,0.0095514313177296,0.0011290726519992,-0.0042923638098419,0.03,-0.04,0.0042117580408072,2021-04-08,-0.2100000000000008,2021-04-08,0.0095514313177296,2021-04-08,-0.0042923638098419,2021-04-08,-0.04,2021-04-08,1.0,1.0,1.0,1.0,1.0,Friday,0,Initial_Estimation,0,,1,1
2021-04-10,0.0044165288001542,0.0113371780323242,24.787811978900027,24.56605040958275,0.0113409514202149,0.0082086702392727,23.94159125480846,23.70957747997724,,,,,,,,,,,0.0076903163725556,2021-04-09,-0.259999999999998,2021-04-09,-0.0077141033508086,2021-04-09,0.0011290726519992,2021-04-09,0.03,2021-04-09,1.0,1.0,1.0,1.0,1.0,Saturday,1,Initial_Estimation,0,,1,1
2021-04-11,0.0210425201142192,0.0044165288001542,24.557981196906088,24.787811978900027,0.0247514162046563,0.0113409514202149,23.70352075843251,23.94159125480846,,,,,,,,,,,0.0076903163725556,2021-04-09,-0.259999999999998,2021-04-09,-0.0077141033508086,2021-04-09,0.0011290726519992,2021-04-09,0.03,2021-04-09,2.0,2.0,2.0,2.0,2.0,Sunday,1,Initial_Estimation,0,,1,1
2021-04-12,0.0018909304454057,0.0210425201142192,24.671209665316407,24.557981196906088,-0.0012350197192224,0.0247514162046563,23.80186467083869,23.70352075843251,-0.0001962021566731,0.0076903163725556,0.2199999999999988,-0.259999999999998,-0.0069651153108131,-0.0077141033508086,-0.0002712953283305,0.0011290726519992,0.02,0.03,0.0076903163725556,2021-04-09,-0.259999999999998,2021-04-09,-0.0077141033508086,2021-04-09,0.0011290726519992,2021-04-09,0.03,2021-04-09,3.0,3.0,3.0,3.0,3.0,Monday,0,Initial_Estimation,0,,1,1
2021-04-13,0.0529091171577436,0.0018909304454057,24.97152468479972,24.671209665316407,0.0709709640419451,-0.0012350197192224,24.10618528829697,23.80186467083869,0.0032891663811453,-0.0001962021566731,-0.2600000000000015,0.2199999999999988,0.0086271889668262,-0.0069651153108131,-0.0031088671161523,-0.0002712953283305,-0.05,0.02,-0.0001962021566731,2021-04-12,0.2199999999999988,2021-04-12,-0.0069651153108131,2021-04-12,-0.0002712953283305,2021-04-12,0.02,2021-04-12,1.0,1.0,1.0,1.0,1.0,Tuesday,0,Initial_Estimation,0,,1,1
2021-04-14,-0.0128687234159119,0.0529091171577436,25.072921382073368,24.97152468479972,0.0290976161583718,0.0709709640419451,24.295409852963225,24.10618528829697,-0.004096179929697,0.0032891663811453,0.3399999999999998,-0.2600000000000015,-0.0064921815096036,0.0086271889668262,-0.0017652639948145,-0.0031088671161523,0.0,-0.05,0.0032891663811453,2021-04-13,-0.2600000000000015,2021-04-13,0.0086271889668262,2021-04-13,-0.0031088671161523,2021-04-13,-0.05,2021-04-13,1.0,1.0,1.0,1.0,1.0,Wednesday,0,Initial_Estimation,0,,1,1
2021-04-15,0.0161660812333117,-0.0128687234159119,24.833391578378464,25.072921382073368,0.0544424435494709,0.0290976161583718,24.199125533802455,24.295409852963225,0.0110331580161543,-0.004096179929697,-0.4199999999999981,0.3399999999999998,0.0174275185107293,-0.0064921815096036,0.0,-0.0017652639948145,-0.0799999999999998,0.0,-0.004096179929697,2021-04-14,0.3399999999999998,2021-04-14,-0.0064921815096036,2021-04-14,-0.0017652639948145,2021-04-14,0.0,2021-04-14,1.0,1.0,1.0,1.0,1.0,Thursday,0,Initial_Estimation,0,,1,1
2021-04-16,-0.0222049880726641,0.0161660812333117,25.157564750328778,24.833391578378464,-0.017119441246603,0.0544424435494709,24.312240097371134,24.199125533802455,0.0036022533265398,0.0110331580161543,-0.3200000000000003,-0.4199999999999981,0.0076741012505068,0.0174275185107293,-0.0014625151314074,0.0,0.03,-0.0799999999999998,0.0110331580161543,2021-04-15,-0.4199999999999981,2021-04-15,0.0174275185107293,2021-04-15,0.0,2021-04-15,-0.0799999999999998,2021-04-15,1.0,1.0,1.0,1.0,1.0,Friday,0,Initial_Estimation,0,,1,1
2021-04-17,-0.0186101790088928,-0.0222049880726641,24.91502078408822,25.157564750328778,-0.0278953287031623,-0.017119441246603,24.199873953022717,24.312240097371134,,,,,,,,,,,0.0036022533265398,2021-04-16,-0.3200000000000003,2021-04-16,0.0076741012505068,2021-04-16,-0.0014625151314074,2021-04-16,0.03,2021-04-16,1.0,1.0,1.0,1.0,1.0,Saturday,1,Initial_Estimation,0,,1,1
2021-04-18,-0.091188297268459,-0.0186101790088928,25.302798910213777,24.91502078408822,-0.09675362722932,-0.0278953287031623,24.649120122059372,24.199873953022717,,,,,,,,,,,0.0036022533265398,2021-04-16,-0.3200000000000003,2021-04-16,0.0076741012505068,2021-04-16,-0.0014625151314074,2021-04-16,0.03,2021-04-16,2.0,2.0,2.0,2.0,2.0,Sunday,1,Initial_Estimation,0,,1,1
2021-04-19,0.0114903302487506,-0.091188297268459,24.90294469946891,25.302798910213777,0.0165708906092724,-0.09675362722932,24.251408741913853,24.649120122059372,-0.0053205822668759,0.0036022533265398,1.0399999999999991,-0.3200000000000003,-0.0054108888186167,0.0076741012505068,-0.0053333459753625,-0.0014625151314074,0.02,0.03,0.0036022533265398,2021-04-16,-0.3200000000000003,2021-04-16,0.0076741012505068,2021-04-16,-0.0014625151314074,2021-04-16,0.03,2021-04-16,3.0,3.0,3.0,3.0,3.0,Monday,0,Initial_Estimation,0,,1,1
2021-04-20,0.0103859101003708,0.0114903302487506,24.940555259360405,24.90294469946891,0.0438226777581628,0.0165708906092724,24.39788112267891,24.251408741913853,-0.006825603130708,-0.0053205822668759,1.3900000000000006,1.0399999999999991,0.004454866391931,-0.0054108888186167,0.0018868965063033,-0.0053333459753625,-0.03,0.02,-0.0053205822668759,2021-04-19,1.0399999999999991,2021-04-19,-0.0054108888186167,2021-04-19,-0.0053333459753625,2021-04-19,0.02,2021-04-19,1.0,1.0,1.0,1.0,1.0,Tuesday,0,Initial_Estimation,0,,1,1
2021-04-21,-0.0320886542496926,0.0103859101003708,24.72926381238288,24.940555259360405,0.0412425207111409,0.0438226777581628,24.3842361192373,24.39788112267891,0.0092630254691135,-0.006825603130708,-1.1799999999999995,1.3900000000000006,0.0084043522416786,0.004454866391931,-0.0009430032059144,0.0018868965063033,-0.01,-0.03,-0.006825603130708,2021-04-20,1.3900000000000006,2021-04-20,0.004454866391931,2021-04-20,0.0018868965063033,2021-04-20,-0.03,2021-04-20,1.0,1.0,1.0,1.0,1.0,Wednesday,0,Initial_Estimation,0,,1,1
2021-04-22,-0.063621193762261,-0.0320886542496926,25.03806541665235,24.72926381238288,0.0014297829498524,0.0412425207111409,24.704365265218996,24.3842361192373,-0.0092533518567931,0.0092630254691135,1.2100000000000009,-1.1799999999999995,-0.0062124714463313,0.0084043522416786,0.0019508138228357,-0.0009430032059144,0.0,-0.01,0.0092630254691135,2021-04-21,-1.1799999999999995,2021-04-21,0.0084043522416786,2021-04-21,-0.0009430032059144,2021-04-21,-0.01,2021-04-21,1.0,1.0,1.0,1.0,1.0,Thursday,0,Initial_Estimation,0,,1,1
2021-04-23,-0.0206377383290158,-0.063621193762261,25.18535826348893,25.03806541665235,-0.0358644431745241,0.0014297829498524,24.73809691396678,24.704365265218996,0.0108694238615419,-0.0092533518567931,-1.3800000000000026,1.2100000000000009,-0.0023607178798454,-0.0062124714463313,-0.005203313750782,0.0019508138228357,0.01,0.0,-0.0092533518567931,2021-04-22,1.2100000000000009,2021-04-22,-0.0062124714463313,2021-04-22,0.0019508138228357,2021-04-22,0.0,2021-04-22,1.0,1.0,1.0,1.0,1.0,Friday,0,Initial_Estimation,0,,1,1
2021-04-24,0.0082178824334508,-0.0206377383290158,24.61538190317048,25.18535826348893,-0.0114652150865731,-0.0358644431745241,24.184435924005033,24.73809691396678,,,,,,,,,,,0.0108694238615419,2021-04-23,-1.3800000000000026,2021-04-23,-0.0023607178798454,2021-04-23,-0.005203313750782,2021-04-23,0.01,2021-04-23,1.0,1.0,1.0,1.0,1.0,Saturday,1,Initial_Estimation,0,,1,1
2021-04-25,-0.01980683328835,0.0082178824334508,24.55444995970447,24.61538190317048,0.0135466855965543,-0.0114652150865731,24.183183457131804,24.184435924005033,,,,,,,,,,,0.0108694238615419,2021-04-23,-1.3800000000000026,2021-04-23,-0.0023607178798454,2021-04-23,-0.005203313750782,2021-04-23,0.01,2021-04-23,2.0,2.0,2.0,2.0,2.0,Sunday,1,Initial_Estimation,0,,1,1
2021-04-26,0.0638941138094086,-0.01980683328835,24.788594133389942,24.55444995970447,0.0548659742275471,0.0135466855965543,24.28454840885739,24.183183457131804,0.0017806378908788,0.0108694238615419,0.3100000000000023,-1.3800000000000026,0.0012372484577462,-0.0023607178798454,-0.000572479180696,-0.005203313750782,0.0,0.01,0.0108694238615419,2021-04-23,-1.3800000000000026,2021-04-23,-0.0023607178798454,2021-04-23,-0.005203313750782,2021-04-23,0.01,2021-04-23,3.0,3.0,3.0,3.0,3.0,Monday,0,Initial_Estimation,0,,1,1
2021-04-27,0.0355311171283563,0.0638941138094086,24.62419195416704,24.788594133389942,0.0739522624891822,0.0548659742275471,24.19758880312753,24.28454840885739,-0.0002149423126992,0.0017806378908788,-0.0800000000000018,0.3100000000000023,-0.0006746605385477,0.0012372484577462,0.0011226310364806,-0.000572479180696,0.0499999999999998,0.0,0.0017806378908788,2021-04-26,0.3100000000000023,2021-04-26,0.0012372484577462,2021-04-26,-0.000572479180696,2021-04-26,0.0,2021-04-26,1.0,1.0,1.0,1.0,1.0,Tuesday,0,Initial_Estimation,0,,1,1
2021-04-28,-0.0139127672652601,0.0355311171283563,24.59447878434556,24.62419195416704,0.0221753649139366,0.0739522624891822,24.25750789919133,24.19758880312753,-0.0008458882928303,-0.0002149423126992,-0.2799999999999976,-0.0800000000000018,-0.0027033407396791,-0.0006746605385477,-0.003305460319656,0.0011226310364806,0.0,0.0499999999999998,-0.0002149423126992,2021-04-27,-0.0800000000000018,2021-04-27,-0.0006746605385477,2021-04-27,0.0011226310364806,2021-04-27,0.0499999999999998,2021-04-27,1.0,1.0,1.0,1.0,1.0,Wednesday,0,Initial_Estimation,0,,1,1
2021-04-29,-0.0268580958434291,-0.0139127672652601,24.55383862318793,24.59447878434556,0.0008308055783679,0.0221753649139366,24.20690697959901,24.25750789919133,0.0067400325437081,-0.0008458882928303,0.3299999999999983,-0.2799999999999976,-0.002880286458205,-0.0027033407396791,5.5180633818783546e-05,-0.003305460319656,0.02,0.0,-0.0008458882928303,2021-04-28,-0.2799999999999976,2021-04-28,-0.0027033407396791,2021-04-28,-0.003305460319656,2021-04-28,0.0,2021-04-28,1.0,1.0,1.0,1.0,1.0,Thursday,0,Initial_Estimation,0,,1,1
2021-04-30,0.0695813536890553,-0.0268580958434291,24.682094791385698,24.55383862318793,0.0204151350177977,0.0008308055783679,24.117008161564996,24.20690697959901,-0.0072206437182024,0.0067400325437081,1.0,0.3299999999999983,-0.000452524051558,-0.002880286458205,0.0073229790563907,5.5180633818783546e-05,0.0,0.02,0.0067400325437081,2021-04-29,0.3299999999999983,2021-04-29,-0.002880286458205,2021-04-29,5.5180633818783546e-05,2021-04-29,0.02,2021-04-29,1.0,1.0,1.0,1.0,1.0,Friday,0,Initial_Estimation,0,,1,1
2021-05-01,0.0158377100868964,0.0695813536890553,24.480654684090425,24.682094791385698,0.0648510604405764,0.0204151350177977,24.0810756187914,24.117008161564996,,,,,,,,,,,-0.0072206437182024,2021-04-30,1.0,2021-04-30,-0.000452524051558,2021-04-30,0.0073229790563907,2021-04-30,0.0,2021-04-30,1.0,1.0,1.0,1.0,1.0,Saturday,1,Initial_Estimation,0,,1,1
2021-05-02,-0.015585070714703,0.0158377100868964,24.365509694186677,24.480654684090425,-0.0047051876047732,0.0648510604405764,24.056613017132648,24.0810756187914,,,,,,,,,,,-0.0072206437182024,2021-04-30,1.0,2021-04-30,-0.000452524051558,2021-04-30,0.0073229790563907,2021-04-30,0.0,2021-04-30,2.0,2.0,2.0,2.0,2.0,Sunday,1,Initial_Estimation,0,,1,1
2021-05-03,-8.490997897532871e-05,-0.015585070714703,24.668977726037333,24.365509694186677,0.1129495358925967,-0.0047051876047732,24.61863676719769,24.056613017132648,0.0027442656970409,-0.0072206437182024,-0.3000000000000007,1.0,0.0135444648451691,-0.000452524051558,-0.0036767773620165,0.0073229790563907,-0.02,0.0,-0.0072206437182024,2021-04-30,1.0,2021-04-30,-0.000452524051558,2021-04-30,0.0073229790563907,2021-04-30,0.0,2021-04-30,3.0,3.0,3.0,3.0,3.0,Monday,0,Initial_Estimation,0,,1,1
2021-05-04,-0.0363717668308283,-8.490997897532871e-05,24.951043763590512,24.668977726037333,0.0353288476727532,0.1129495358925967,24.856863886752656,24.61863676719769,-0.0067007377404054,0.0027442656970409,1.1700000000000017,-0.3000000000000007,-0.0087463975749406,0.0135444648451691,0.0037644159405748,-0.0036767773620165,-0.0199999999999997,-0.02,0.0027442656970409,2021-05-03,-0.3000000000000007,2021-05-03,0.0135444648451691,2021-05-03,-0.0036767773620165,2021-05-03,-0.02,2021-05-03,1.0,1.0,1.0,1.0,1.0,Tuesday,0,Initial_Estimation,0,,1,1
2021-05-05,0.0372835780767014,-0.0363717668308283,24.960863584216867,24.951043763590512,0.0173557510227563,0.0353288476727532,24.601405188118022,24.856863886752656,0.000703291456874,-0.0067007377404054,-0.3300000000000018,1.1700000000000017,0.0046630196017758,-0.0087463975749406,0.0002190628500075,0.0037644159405748,-0.02,-0.0199999999999997,-0.0067007377404054,2021-05-04,1.1700000000000017,2021-05-04,-0.0087463975749406,2021-05-04,0.0037644159405748,2021-05-04,-0.0199999999999997,2021-05-04,1.0,1.0,1.0,1.0,1.0,Wednesday,0,Initial_Estimation,0,,1,1
2021-05-06,-0.0161864920887249,0.0372835780767014,24.964927570901033,24.960863584216867,0.0006432510068875,0.0173557510227563,24.514259425650796,24.601405188118022,0.0081322341159119,0.000703291456874,-0.759999999999998,-0.3300000000000018,0.0174468391579783,0.0046630196017758,-0.0039175070264735,0.0002190628500075,-0.01,-0.02,0.000703291456874,2021-05-05,-0.3300000000000018,2021-05-05,0.0046630196017758,2021-05-05,0.0002190628500075,2021-05-05,-0.02,2021-05-05,1.0,1.0,1.0,1.0,1.0,Thursday,0,Initial_Estimation,0,,1,1
2021-05-07,0.0305870085782472,-0.0161864920887249,24.94913595568148,24.964927570901033,0.00979648862612,0.0006432510068875,24.402277779781297,24.514259425650796,0.0073462962378118,0.0081322341159119,-1.6999999999999993,-0.759999999999998,0.008555953960274,0.0174468391579783,-0.007925686136929,-0.0039175070264735,0.02,-0.01,0.0081322341159119,2021-05-06,-0.759999999999998,2021-05-06,0.0174468391579783,2021-05-06,-0.0039175070264735,2021-05-06,-0.01,2021-05-06,1.0,1.0,1.0,1.0,1.0,Friday,0,Initial_Estimation,0,,1,1
2021-05-08,0.0225795817484736,0.0305870085782472,24.903527826588444,24.94913595568148,0.0946734613858069,0.00979648862612,24.6394499984635,24.402277779781297,,,,,,,,,,,0.0073462962378118,2021-05-07,-1.6999999999999993,2021-05-07,0.008555953960274,2021-05-07,-0.007925686136929,2021-05-07,0.02,2021-05-07,1.0,1.0,1.0,1.0,1.0,Saturday,1,Initial_Estimation,0,,1,1
2021-05-09,-0.0180338910445325,0.0225795817484736,24.911505796018027,24.903527826588444,0.0156978656642001,0.0946734613858069,24.64659054244956,24.6394499984635,,,,,,,,,,,0.0073462962378118,2021-05-07,-1.6999999999999993,2021-05-07,0.008555953960274,2021-05-07,-0.007925686136929,2021-05-07,0.02,2021-05-07,2.0,2.0,2.0,2.0,2.0,Sunday,1,Initial_Estimation,0,,1,1
2021-05-10,-0.0467976286465352,-0.0180338910445325,24.996823606406604,24.911505796018027,0.0001840942567792,0.0156978656642001,24.861496319183537,24.64659054244956,-0.0104904993990263,0.0073462962378118,2.969999999999999,-1.6999999999999993,0.0034890862723269,0.008555953960274,-0.0002327579051213,-0.007925686136929,0.0299999999999998,0.02,0.0073462962378118,2021-05-07,-1.6999999999999993,2021-05-07,0.008555953960274,2021-05-07,-0.007925686136929,2021-05-07,0.02,2021-05-07,3.0,3.0,3.0,3.0,3.0,Monday,0,Initial_Estimation,0,,1,1
2021-05-11,0.0285484177227731,-0.0467976286465352,24.839182641552945,24.996823606406604,0.0577588993723264,0.0001840942567792,24.68749673782202,24.861496319183537,-0.0087117316932158,-0.0104904993990263,2.1799999999999997,2.969999999999999,-0.0008711143226879,0.0034890862723269,-0.0007873448588912,-0.0002327579051213,0.01,0.0299999999999998,-0.0104904993990263,2021-05-10,2.969999999999999,2021-05-10,0.0034890862723269,2021-05-10,-0.0002327579051213,2021-05-10,0.0299999999999998,2021-05-10,1.0,1.0,1.0,1.0,1.0,Tuesday,0,Initial_Estimation,0,,1,1
2021-05-12,-0.0436610088661049,0.0285484177227731,25.04362188611435,24.839182641552945,-0.0102722479273784,0.0577588993723264,24.957711156240936,24.68749673782202,-0.0216827684526845,-0.0087117316932158,5.75,2.1799999999999997,-0.0072707980974615,-0.0008711143226879,0.0063255654536198,-0.0007873448588912,0.05,0.01,-0.0087117316932158,2021-05-11,2.1799999999999997,2021-05-11,-0.0008711143226879,2021-05-11,-0.0007873448588912,2021-05-11,0.01,2021-05-11,1.0,1.0,1.0,1.0,1.0,Wednesday,0,Initial_Estimation,0,,1,1
2021-05-13,-0.0996051046138775,-0.0436610088661049,25.295097963425903,25.04362188611435,-0.098217645498194,-0.0102722479273784,25.085066990306203,24.957711156240936,0.0120996541922006,-0.0216827684526845,-4.460000000000001,5.75,0.0006582236054634,-0.0072707980974615,0.0004298349610168,0.0063255654536198,-0.03,0.05,-0.0216827684526845,2021-05-12,5.75,2021-05-12,-0.0072707980974615,2021-05-12,0.0063255654536198,2021-05-12,0.05,2021-05-12,1.0,1.0,1.0,1.0,1.0,Thursday,0,Initial_Estimation,0,,1,1
2021-05-14,-0.00252318952539,-0.0996051046138775,24.74391896120366,25.295097963425903,0.0725623279076517,-0.098217645498194,24.598090923265264,25.085066990306203,0.0148077551664606,0.0120996541922006,-4.32,-4.460000000000001,0.0077013654827954,0.0006582236054634,-0.0047605199445853,0.0004298349610168,-0.03,-0.03,0.0120996541922006,2021-05-13,-4.460000000000001,2021-05-13,0.0006582236054634,2021-05-13,0.0004298349610168,2021-05-13,-0.03,2021-05-13,1.0,1.0,1.0,1.0,1.0,Friday,0,Initial_Estimation,0,,1,1
2021-05-15,-0.0197314327162686,-0.00252318952539,24.803529180413197,24.74391896120366,-0.0529043207047081,0.0725623279076517,24.470940517046284,24.598090923265264,,,,,,,,,,,0.0148077551664606,2021-05-14,-4.32,2021-05-14,0.0077013654827954,2021-05-14,-0.0047605199445853,2021-05-14,-0.03,2021-05-14,1.0,1.0,1.0,1.0,1.0,Saturday,1,Initial_Estimation,0,,1,1
2021-05-16,-0.0903512391429558,-0.0197314327162686,24.88289663374558,24.803529180413197,-0.1214142854015924,-0.0529043207047081,24.58103282100044,24.470940517046284,,,,,,,,,,,0.0148077551664606,2021-05-14,-4.32,2021-05-14,0.0077013654827954,2021-05-14,-0.0047605199445853,2021-05-14,-0.03,2021-05-14,2.0,2.0,2.0,2.0,2.0,Sunday,1,Initial_Estimation,0,,1,1
2021-05-17,0.0169955186360603,-0.0903512391429558,25.03946830372632,24.88289663374558,0.0246823718907152,-0.1214142854015924,24.713392430074222,24.58103282100044,-0.0025332441694025,0.0148077551664606,0.91,-4.32,0.015977009251871,0.0077013654827954,-0.0017397572053084,-0.0047605199445853,0.01,-0.03,0.0148077551664606,2021-05-14,-4.32,2021-05-14,0.0077013654827954,2021-05-14,-0.0047605199445853,2021-05-14,-0.03,2021-05-14,3.0,3.0,3.0,3.0,3.0,Monday,0,Initial_Estimation,0,,1,1
2021-05-18,-0.0351620928008199,0.0169955186360603,24.751957748000727,25.03946830372632,-0.0005085354144676,0.0246823718907152,24.422504578328944,24.713392430074222,-0.0085537819278382,-0.0025332441694025,1.620000000000001,0.91,0.0001606558106968,0.015977009251871,-0.0046022069513256,-0.0017397572053084,0.0,0.01,-0.0025332441694025,2021-05-17,0.91,2021-05-17,0.015977009251871,2021-05-17,-0.0017397572053084,2021-05-17,0.01,2021-05-17,1.0,1.0,1.0,1.0,1.0,Tuesday,0,Initial_Estimation,0,,1,1
2021-05-19,-0.1202665549542469,-0.0351620928008199,25.56238576644706,24.751957748000727,-0.2787636473505414,-0.0005085354144676,25.159815135192556,24.422504578328944,-0.0029477755951036,-0.0085537819278382,0.8399999999999999,1.620000000000001,0.0072017593538749,0.0001606558106968,0.0049016164514969,-0.0046022069513256,0.04,0.0,-0.0085537819278382,2021-05-18,1.620000000000001,2021-05-18,0.0001606558106968,2021-05-18,-0.0046022069513256,2021-05-18,0.0,2021-05-18,1.0,1.0,1.0,1.0,1.0,Wednesday,0,Initial_Estimation,0,,1,1
2021-05-20,0.043482999164663,-0.1202665549542469,25.203801431674435,25.56238576644706,0.0600270344783509,-0.2787636473505414,24.937033965159575,25.159815135192556,0.0104994438686107,-0.0029477755951036,-1.509999999999998,0.8399999999999999,0.0002657383486841,0.0072017593538749,-0.0042555856200416,0.0049016164514969,-0.05,0.04,-0.0029477755951036,2021-05-19,0.8399999999999999,2021-05-19,0.0072017593538749,2021-05-19,0.0049016164514969,2021-05-19,0.04,2021-05-19,1.0,1.0,1.0,1.0,1.0,Thursday,0,Initial_Estimation,0,,1,1
2021-05-21,-0.1288903317827315,0.043482999164663,25.130614360089695,25.203801431674435,-0.2042675703481339,0.0600270344783509,24.70805723258318,24.937033965159575,-0.0007841270013964,0.0104994438686107,-0.5200000000000031,-1.509999999999998,-0.0027139022410788,0.0002657383486841,0.0023244831820502,-0.0042555856200416,0.0,-0.05,0.0104994438686107,2021-05-20,-1.509999999999998,2021-05-20,0.0002657383486841,2021-05-20,-0.0042555856200416,2021-05-20,-0.05,2021-05-20,1.0,1.0,1.0,1.0,1.0,Friday,0,Initial_Estimation,0,,1,1
2021-05-22,0.0778548649915373,-0.1288903317827315,24.77291412528298,25.130614360089695,0.0469352042860224,-0.2042675703481339,24.463074538615892,24.70805723258318,,,,,,,,,,,-0.0007841270013964,2021-05-21,-0.5200000000000031,2021-05-21,-0.0027139022410788,2021-05-21,0.0023244831820502,2021-05-21,0.0,2021-05-21,1.0,1.0,1.0,1.0,1.0,Saturday,1,Initial_Estimation,0,,1,1
2021-05-23,-0.1561187071804131,0.0778548649915373,25.085972975700106,24.77291412528298,-0.2180117590621507,0.0469352042860224,24.74871970062244,24.463074538615892,,,,,,,,,,,-0.0007841270013964,2021-05-21,-0.5200000000000031,2021-05-21,-0.0027139022410788,2021-05-21,0.0023244831820502,2021-05-21,0.0,2021-05-21,2.0,2.0,2.0,2.0,2.0,Sunday,1,Initial_Estimation,0,,1,1
2021-05-24,0.1805808591030929,-0.1561187071804131,24.93331103254432,25.085972975700106,0.3236673188485697,-0.2180117590621507,24.706625238142077,24.74871970062244,0.009862511119055,-0.0007841270013964,-1.75,-0.5200000000000031,0.0042006945389998,-0.0027139022410788,-0.0019237083453454,0.0023244831820502,-0.0199999999999997,0.0,-0.0007841270013964,2021-05-21,-0.5200000000000031,2021-05-21,-0.0027139022410788,2021-05-21,0.0023244831820502,2021-05-21,0.0,2021-05-21,3.0,3.0,3.0,3.0,3.0,Monday,0,Initial_Estimation,0,,1,1
2021-05-25,-0.0359718757383968,0.1805808591030929,24.75239459633635,24.93331103254432,-0.0268580039298718,0.3236673188485697,24.626416262310507,24.706625238142077,-0.0021275639556263,0.009862511119055,0.4400000000000013,-1.75,0.0071377891404298,0.0042006945389998,-0.0022843399000951,-0.0019237083453454,-0.05,-0.0199999999999997,0.009862511119055,2021-05-24,-1.75,2021-05-24,0.0042006945389998,2021-05-24,-0.0019237083453454,2021-05-24,-0.0199999999999997,2021-05-24,1.0,1.0,1.0,1.0,1.0,Tuesday,0,Initial_Estimation,0,,1,1
2021-05-26,0.0295318542211743,-0.0359718757383968,24.661867191163356,24.75239459633635,0.0912089048578151,-0.0268580039298718,24.472764407449866,24.626416262310507,0.001874973712845,-0.0021275639556263,-1.4800000000000004,0.4400000000000013,0.0016845154384025,0.0071377891404298,0.0044857350054542,-0.0022843399000951,0.02,-0.05,-0.0021275639556263,2021-05-25,0.4400000000000013,2021-05-25,0.0071377891404298,2021-05-25,-0.0022843399000951,2021-05-25,-0.05,2021-05-25,1.0,1.0,1.0,1.0,1.0,Wednesday,0,Initial_Estimation,0,,1,1
2021-05-27,-0.0079352456293715,0.0295318542211743,24.489360205546618,24.661867191163356,-0.0281047500912404,0.0912089048578151,24.231032062433787,24.472764407449866,0.0011647198427041,0.001874973712845,-0.620000000000001,-1.4800000000000004,-0.0029497507067687,0.0016845154384025,-0.0007888319585994,0.0044857350054542,0.03,0.02,0.001874973712845,2021-05-26,-1.4800000000000004,2021-05-26,0.0016845154384025,2021-05-26,0.0044857350054542,2021-05-26,0.02,2021-05-26,1.0,1.0,1.0,1.0,1.0,Thursday,0,Initial_Estimation,0,,1,1
2021-05-28,-0.0881849129340732,-0.0079352456293715,24.73423226761472,24.489360205546618,-0.1143550261585485,-0.0281047500912404,24.41212316094048,24.231032062433787,0.0007685910772065,0.0011647198427041,0.0200000000000031,-0.620000000000001,0.0035806730456278,-0.0029497507067687,0.0006666592840322,-0.0007888319585994,-0.03,0.03,0.0011647198427041,2021-05-27,-0.620000000000001,2021-05-27,-0.0029497507067687,2021-05-27,-0.0007888319585994,2021-05-27,0.03,2021-05-27,1.0,1.0,1.0,1.0,1.0,Friday,0,Initial_Estimation,0,,1,1
2021-05-29,-0.0251342262811701,-0.0881849129340732,24.535048824231183,24.73423226761472,-0.0817049340478926,-0.1143550261585485,24.24294882873503,24.41212316094048,,,,,,,,,,,0.0007685910772065,2021-05-28,0.0200000000000031,2021-05-28,0.0035806730456278,2021-05-28,0.0006666592840322,2021-05-28,-0.03,2021-05-28,1.0,1.0,1.0,1.0,1.0,Saturday,1,Initial_Estimation,0,,1,1
2021-05-30,0.0488282783029096,-0.0251342262811701,24.177880152308756,24.535048824231183,0.0860283942848272,-0.0817049340478926,23.976605673162855,24.24294882873503,,,,,,,,,,,0.0007685910772065,2021-05-28,0.0200000000000031,2021-05-28,0.0035806730456278,2021-05-28,0.0006666592840322,2021-05-28,-0.03,2021-05-28,2.0,2.0,2.0,2.0,2.0,Sunday,1,Initial_Estimation,0,,1,1
2021-05-31,0.0173290183949184,0.0488282783029096,24.387079954766502,24.177880152308756,0.0639398695598973,0.0860283942848272,24.15749117920354,23.976605673162855,,,,,,,0.0,0.0006666592840322,,,0.0007685910772065,2021-05-28,0.0200000000000031,2021-05-28,0.0035806730456278,2021-05-28,0.0006666592840322,2021-05-28,-0.03,2021-05-28,3.0,3.0,3.0,3.0,3.0,Monday,0,Initial_Estimation,0,,1,1
2021-06-01,-0.0100513502544599,0.0173290183949184,24.26825827203208,24.387079954766502,-0.0080220581798565,0.0639398695598973,24.032465725759607,24.15749117920354,-0.0004924965749694,0.0007685910772065,1.139999999999997,0.0200000000000031,0.0002102404020442,0.0035806730456278,-0.0022239281497028,0.0,0.04,-0.03,0.0007685910772065,2021-05-28,0.0200000000000031,2021-05-28,0.0035806730456278,2021-05-28,0.0,2021-05-31,-0.03,2021-05-28,4.0,4.0,4.0,1.0,4.0,Tuesday,0,Initial_Estimation,0,,1,1
2021-06-02,0.0382436959433785,-0.0100513502544599,24.221918586456898,24.26825827203208,0.0543525096369146,-0.0080220581798565,24.045537874415775,24.032465725759607,0.0014458704850342,-0.0004924965749694,-0.4199999999999981,1.139999999999997,0.0024144330207268,0.0002102404020442,0.0008679203838474,-0.0022239281497028,-0.03,0.04,-0.0004924965749694,2021-06-01,1.139999999999997,2021-06-01,0.0002102404020442,2021-06-01,-0.0022239281497028,2021-06-01,0.04,2021-06-01,1.0,1.0,1.0,1.0,1.0,Wednesday,0,Initial_Estimation,0,,1,1
2021-06-03,0.0252383762359877,0.0382436959433785,24.291692300002502,24.221918586456898,0.0361290202753046,0.0543525096369146,24.125735988360063,24.045537874415775,-0.0036352984992414,0.0014458704850342,0.5599999999999987,-0.4199999999999981,-0.0192135739831947,0.0024144330207268,0.0066843908993152,0.0008679203838474,0.0399999999999998,-0.03,0.0014458704850342,2021-06-02,-0.4199999999999981,2021-06-02,0.0024144330207268,2021-06-02,0.0008679203838474,2021-06-02,-0.03,2021-06-02,1.0,1.0,1.0,1.0,1.0,Thursday,0,Initial_Estimation,0,,1,1
2021-06-04,-0.0438171422187824,0.0252383762359877,24.45690568438459,24.291692300002502,-0.0435718649858327,0.0361290202753046,24.254726323180925,24.125735988360063,0.0087952943520972,-0.0036352984992414,-1.6199999999999974,0.5599999999999987,0.0098911190108288,-0.0192135739831947,-0.004162797738935,0.0066843908993152,-0.0699999999999998,0.0399999999999998,-0.0036352984992414,2021-06-03,0.5599999999999987,2021-06-03,-0.0192135739831947,2021-06-03,0.0066843908993152,2021-06-03,0.0399999999999998,2021-06-03,1.0,1.0,1.0,1.0,1.0,Friday,0,Initial_Estimation,0,,1,1
2021-06-05,-0.0328953798669838,-0.0438171422187824,24.305658402365857,24.45690568438459,-0.0255741002283074,-0.0435718649858327,24.140883423592527,24.254726323180925,,,,,,,,,,,0.0087952943520972,2021-06-04,-1.6199999999999974,2021-06-04,0.0098911190108288,2021-06-04,-0.004162797738935,2021-06-04,-0.0699999999999998,2021-06-04,1.0,1.0,1.0,1.0,1.0,Saturday,1,Initial_Estimation,0,,1,1
2021-06-06,0.0036023522508515,-0.0328953798669838,24.087572396097595,24.305658402365857,0.0287659342143718,-0.0255741002283074,23.954530182775947,24.140883423592527,,,,,,,,,,,0.0087952943520972,2021-06-04,-1.6199999999999974,2021-06-04,0.0098911190108288,2021-06-04,-0.004162797738935,2021-06-04,-0.0699999999999998,2021-06-04,2.0,2.0,2.0,2.0,2.0,Sunday,1,Initial_Estimation,0,,1,1
2021-06-07,-0.0433601169879568,0.0036023522508515,24.24028690378345,24.087572396097595,-0.0194447726031958,0.0287659342143718,24.1442694824014,23.954530182775947,-0.0007970285684825,0.0087952943520972,0.0,-1.6199999999999974,0.003697252307318,0.0098911190108288,-0.0020656804653226,-0.004162797738935,0.01,-0.0699999999999998,0.0087952943520972,2021-06-04,-1.6199999999999974,2021-06-04,0.0098911190108288,2021-06-04,-0.004162797738935,2021-06-04,-0.0699999999999998,2021-06-04,3.0,3.0,3.0,3.0,3.0,Monday,0,Initial_Estimation,0,,1,1
2021-06-08,-0.0242084045923671,-0.0433601169879568,24.633327929881716,24.24028690378345,-0.0468058760767637,-0.0194447726031958,24.458784018214654,24.1442694824014,0.0001750696142765,-0.0007970285684825,0.6499999999999986,0.0,-0.0024281340281699,0.003697252307318,0.001399798035551,-0.0020656804653226,-0.04,0.01,-0.0007970285684825,2021-06-07,0.0,2021-06-07,0.003697252307318,2021-06-07,-0.0020656804653226,2021-06-07,0.01,2021-06-07,1.0,1.0,1.0,1.0,1.0,Tuesday,0,Initial_Estimation,0,,1,1
2021-06-09,0.0797579688293612,-0.0242084045923671,24.711748257865725,24.633327929881716,0.0093983221067733,-0.0468058760767637,24.308889009559262,24.458784018214654,-0.0018255417468125,0.0001750696142765,0.8200000000000003,0.6499999999999986,0.0005283457753793,-0.0024281340281699,0.0004883571319505,0.001399798035551,-0.03,-0.04,0.0001750696142765,2021-06-08,0.6499999999999986,2021-06-08,-0.0024281340281699,2021-06-08,0.001399798035551,2021-06-08,-0.04,2021-06-08,1.0,1.0,1.0,1.0,1.0,Wednesday,0,Initial_Estimation,0,,1,1
2021-06-10,0.0021010309771162,0.0797579688293612,24.497773130974625,24.711748257865725,-0.0365262801161025,0.0093983221067733,24.08202973153973,24.308889009559262,0.0046413670230826,-0.0018255417468125,-1.7899999999999991,0.8200000000000003,0.000528066773524,0.0005283457753793,-0.0004994589298867,0.0004883571319505,-0.05,-0.03,-0.0018255417468125,2021-06-09,0.8200000000000003,2021-06-09,0.0005283457753793,2021-06-09,0.0004883571319505,2021-06-09,-0.03,2021-06-09,1.0,1.0,1.0,1.0,1.0,Thursday,0,Initial_Estimation,0,,1,1
2021-06-11,0.0175710276814784,0.0021010309771162,24.379098640705823,24.497773130974625,-0.0362470702026484,-0.0365262801161025,23.93542170117075,24.08202973153973,0.001946594193743,0.0046413670230826,-0.450000000000001,-1.7899999999999991,-0.0089087061072183,0.000528066773524,0.0053147442823422,-0.0004994589298867,0.02,-0.05,0.0046413670230826,2021-06-10,-1.7899999999999991,2021-06-10,0.000528066773524,2021-06-10,-0.0004994589298867,2021-06-10,-0.05,2021-06-10,1.0,1.0,1.0,1.0,1.0,Friday,0,Initial_Estimation,0,,1,1
2021-06-12,-0.0309213930248541,0.0175710276814784,24.358856020510704,24.379098640705823,0.011177592736756,-0.0362470702026484,23.970704411267032,23.93542170117075,,,,,,,,,,,0.001946594193743,2021-06-11,-0.450000000000001,2021-06-11,-0.0089087061072183,2021-06-11,0.0053147442823422,2021-06-11,0.02,2021-06-11,1.0,1.0,1.0,1.0,1.0,Saturday,1,Initial_Estimation,0,,1,1
2021-06-13,0.0866417736801441,-0.0309213930248541,24.42873474295661,24.358856020510704,0.0481893032866409,0.011177592736756,24.02253921249315,23.970704411267032,,,,,,,,,,,0.001946594193743,2021-06-11,-0.450000000000001,2021-06-11,-0.0089087061072183,2021-06-11,0.0053147442823422,2021-06-11,0.02,2021-06-11,2.0,2.0,2.0,2.0,2.0,Sunday,1,Initial_Estimation,0,,1,1
2021-06-14,0.0145958194533898,0.0866417736801441,24.487923101737735,24.42873474295661,0.0057406684637927,0.0481893032866409,24.01778985380056,24.02253921249315,0.001813565540193,0.001946594193743,0.7400000000000002,-0.450000000000001,-0.0071631376615428,-0.0089087061072183,-0.0003644858305068,0.0053147442823422,0.04,0.02,0.001946594193743,2021-06-11,-0.450000000000001,2021-06-11,-0.0089087061072183,2021-06-11,0.0053147442823422,2021-06-11,0.02,2021-06-11,3.0,3.0,3.0,3.0,3.0,Monday,0,Initial_Estimation,0,,1,1
2021-06-15,0.0026987820118396,0.0145958194533898,24.56099945159624,24.487923101737735,-0.0077725816757817,0.0057406684637927,24.090743692399727,24.01778985380056,-0.0020137061101785,0.001813565540193,0.629999999999999,0.7400000000000002,-0.0051095983158909,-0.0071631376615428,0.0001546465776479,-0.0003644858305068,0.0,0.04,0.001813565540193,2021-06-14,0.7400000000000002,2021-06-14,-0.0071631376615428,2021-06-14,-0.0003644858305068,2021-06-14,0.04,2021-06-14,1.0,1.0,1.0,1.0,1.0,Tuesday,0,Initial_Estimation,0,,1,1
2021-06-16,-0.036244820765527,0.0026987820118396,24.392239353477844,24.56099945159624,-0.049809655583132,-0.0077725816757817,23.905557598730557,24.090743692399727,-0.0054047867832929,-0.0020137061101785,1.129999999999999,0.629999999999999,0.0026925164354793,-0.0051095983158909,0.006528523449391,0.0001546465776479,0.06,0.0,-0.0020137061101785,2021-06-15,0.629999999999999,2021-06-15,-0.0051095983158909,2021-06-15,0.0001546465776479,2021-06-15,0.0,2021-06-15,1.0,1.0,1.0,1.0,1.0,Wednesday,0,Initial_Estimation,0,,1,1
2021-06-17,-0.0204226496236067,-0.036244820765527,24.336793046385925,24.392239353477844,-0.0232597548074201,-0.049809655583132,23.808456345847357,23.905557598730557,-0.0004357319180995,-0.0054047867832929,-0.3999999999999986,1.129999999999999,-0.0471834688953602,0.0026925164354793,0.0083052417635519,0.006528523449391,-0.05,0.06,-0.0054047867832929,2021-06-16,1.129999999999999,2021-06-16,0.0026925164354793,2021-06-16,0.006528523449391,2021-06-16,0.06,2021-06-16,1.0,1.0,1.0,1.0,1.0,Thursday,0,Initial_Estimation,0,,1,1
2021-06-18,-0.0614039789579797,-0.0204226496236067,24.31234946583688,24.336793046385925,-0.0659377072087078,-0.0232597548074201,23.847954859857047,23.808456345847357,-0.0132114349482558,-0.0004357319180995,2.9499999999999993,-0.3999999999999986,-0.0033317501481472,-0.0471834688953602,0.0036499166061555,0.0083052417635519,-0.07,-0.05,-0.0004357319180995,2021-06-17,-0.3999999999999986,2021-06-17,-0.0471834688953602,2021-06-17,0.0083052417635519,2021-06-17,-0.05,2021-06-17,1.0,1.0,1.0,1.0,1.0,Friday,0,Initial_Estimation,0,,1,1
2021-06-19,0.0169343381557793,-0.0614039789579797,24.163917228872883,24.31234946583688,0.0136927694576764,-0.0659377072087078,23.65530482650259,23.847954859857047,,,,,,,,,,,-0.0132114349482558,2021-06-18,2.9499999999999993,2021-06-18,-0.0033317501481472,2021-06-18,0.0036499166061555,2021-06-18,-0.07,2021-06-18,1.0,1.0,1.0,1.0,1.0,Saturday,1,Initial_Estimation,0,,1,1
2021-06-20,-0.0080999094911071,0.0169343381557793,24.325062112965806,24.163917228872883,0.0165757900566552,0.0136927694576764,23.8383767801444,23.65530482650259,,,,,,,,,,,-0.0132114349482558,2021-06-18,2.9499999999999993,2021-06-18,-0.0033317501481472,2021-06-18,0.0036499166061555,2021-06-18,-0.07,2021-06-18,2.0,2.0,2.0,2.0,2.0,Sunday,1,Initial_Estimation,0,,1,1
2021-06-21,-0.0950467467108153,-0.0080999094911071,24.68994819850049,24.325062112965806,-0.153468709806034,0.0165757900566552,24.242103246262015,23.8383767801444,0.0139052011437347,-0.0132114349482558,-2.8099999999999987,2.9499999999999993,0.007831701368745,-0.0033317501481472,-0.0035410955731189,0.0036499166061555,0.05,-0.07,-0.0132114349482558,2021-06-18,2.9499999999999993,2021-06-18,-0.0033317501481472,2021-06-18,0.0036499166061555,2021-06-18,-0.07,2021-06-18,3.0,3.0,3.0,3.0,3.0,Monday,0,Initial_Estimation,0,,1,1
2021-06-22,0.0098382484899708,-0.0950467467108153,24.80019891280092,24.68994819850049,-0.0049182290226143,-0.153468709806034,24.294128682893653,24.242103246262015,0.005111429423335,0.0139052011437347,-1.2300000000000004,-2.8099999999999987,-0.0030915399958522,0.007831701368745,-0.0015572680177388,-0.0035410955731189,-0.02,0.05,0.0139052011437347,2021-06-21,-2.8099999999999987,2021-06-21,0.007831701368745,2021-06-21,-0.0035410955731189,2021-06-21,0.05,2021-06-21,1.0,1.0,1.0,1.0,1.0,Tuesday,0,Initial_Estimation,0,,1,1
2021-06-23,0.0050414884422234,0.0098382484899708,24.558777252999853,24.80019891280092,-0.0004973011157077,-0.0049182290226143,24.06995983726024,24.294128682893653,-0.0010838474815418,0.005111429423335,-0.3399999999999998,-1.2300000000000004,0.0033721157314263,-0.0030915399958522,0.0005012039896158,-0.0015572680177388,0.02,-0.02,0.005111429423335,2021-06-22,-1.2300000000000004,2021-06-22,-0.0030915399958522,2021-06-22,-0.0015572680177388,2021-06-22,-0.02,2021-06-22,1.0,1.0,1.0,1.0,1.0,Wednesday,0,Initial_Estimation,0,,1,1
2021-06-24,0.0530321873221081,0.0050414884422234,24.223504855616625,24.558777252999853,0.0379157162505123,-0.0004973011157077,23.7325481806987,24.06995983726024,0.0057943377765723,-0.0010838474815418,-0.3499999999999996,-0.3399999999999998,-0.0037663122158099,0.0033721157314263,0.0001307075637969,0.0005012039896158,-0.01,0.02,-0.0010838474815418,2021-06-23,-0.3399999999999998,2021-06-23,0.0033721157314263,2021-06-23,0.0005012039896158,2021-06-23,0.02,2021-06-23,1.0,1.0,1.0,1.0,1.0,Thursday,0,Initial_Estimation,0,,1,1
2021-06-25,-0.0791488395792011,0.0530321873221081,24.417901299066155,24.223504855616625,-0.0710074938703317,0.0379157162505123,23.848900080895557,23.7325481806987,0.0033250724723028,0.0057943377765723,-0.3500000000000014,-0.3499999999999996,0.0005630313834598,-0.0037663122158099,0.0004029074728505,0.0001307075637969,0.05,-0.01,0.0057943377765723,2021-06-24,-0.3499999999999996,2021-06-24,-0.0037663122158099,2021-06-24,0.0001307075637969,2021-06-24,-0.01,2021-06-24,1.0,1.0,1.0,1.0,1.0,Friday,0,Initial_Estimation,0,,1,1
2021-06-26,-0.0285659979159818,-0.0791488395792011,24.376139428279433,24.417901299066155,-0.055283737094331,-0.0710074938703317,23.750377698813203,23.848900080895557,,,,,,,,,,,0.0033250724723028,2021-06-25,-0.3500000000000014,2021-06-25,0.0005630313834598,2021-06-25,0.0004029074728505,2021-06-25,0.05,2021-06-25,1.0,1.0,1.0,1.0,1.0,Saturday,1,Initial_Estimation,0,,1,1
2021-06-27,0.041390178522145,-0.0285659979159818,24.293126392183268,24.376139428279433,0.0278477176451602,-0.055283737094331,23.713255389698748,23.750377698813203,,,,,,,,,,,0.0033250724723028,2021-06-25,-0.3500000000000014,2021-06-25,0.0005630313834598,2021-06-25,0.0004029074728505,2021-06-25,0.05,2021-06-25,2.0,2.0,2.0,2.0,2.0,Sunday,1,Initial_Estimation,0,,1,1
2021-06-28,0.0606957733452742,0.041390178522145,24.246460288721583,24.293126392183268,0.1598507652470664,0.0278477176451602,23.96251678563475,23.713255389698748,0.0023123663514123,0.0033250724723028,0.1400000000000005,-0.3500000000000014,0.0016871946194519,0.0005630313834598,0.0003918623307174,0.0004029074728505,-0.05,0.05,0.0033250724723028,2021-06-25,-0.3500000000000014,2021-06-25,0.0005630313834598,2021-06-25,0.0004029074728505,2021-06-25,0.05,2021-06-25,3.0,3.0,3.0,3.0,3.0,Monday,0,Initial_Estimation,0,,1,1
2021-06-29,0.0421259198441428,0.0606957733452742,24.35825547188117,24.246460288721583,0.0277104731223516,0.1598507652470664,23.93471915983583,23.96251678563475,0.0002773113863416,0.0023123663514123,0.2599999999999998,0.1400000000000005,-0.0094851245460208,0.0016871946194519,0.001761482710161,0.0003918623307174,0.0,-0.05,0.0023123663514123,2021-06-28,0.1400000000000005,2021-06-28,0.0016871946194519,2021-06-28,0.0003918623307174,2021-06-28,-0.05,2021-06-28,1.0,1.0,1.0,1.0,1.0,Tuesday,0,Initial_Estimation,0,,1,1
2021-06-30,-0.0444573251141905,0.0421259198441428,24.25136121169242,24.35825547188117,0.0209306658603192,0.0277104731223516,23.974727190274155,23.93471915983583,0.0013272329146112,0.0002773113863416,-0.1899999999999995,0.2599999999999998,0.0045279677650164,-0.0094851245460208,0.0041954691998059,0.001761482710161,-0.04,0.0,0.0002773113863416,2021-06-29,0.2599999999999998,2021-06-29,-0.0094851245460208,2021-06-29,0.001761482710161,2021-06-29,0.0,2021-06-29,1.0,1.0,1.0,1.0,1.0,Wednesday,0,Initial_Estimation,0,,1,1
2021-07-01,-0.0343672199226181,-0.0444573251141905,24.35660501941306,24.25136121169242,-0.0534946270716372,0.0209306658603192,24.092687054729716,23.974727190274155,0.0052080549958111,0.0013272329146112,-0.3499999999999996,-0.1899999999999995,0.0028759009759461,0.0045279677650164,0.0017402305602898,0.0041954691998059,0.03,-0.04,0.0013272329146112,2021-06-30,-0.1899999999999995,2021-06-30,0.0045279677650164,2021-06-30,0.0041954691998059,2021-06-30,-0.04,2021-06-30,1.0,1.0,1.0,1.0,1.0,Thursday,0,Initial_Estimation,0,,1,1
2021-07-02,-0.0080339212674657,-0.0343672199226181,24.37985386335287,24.35660501941306,-0.0132739537181995,-0.0534946270716372,24.182613017563856,24.092687054729716,0.0074721182313641,0.0052080549958111,-0.4100000000000001,-0.3499999999999996,0.0037656085928761,0.0028759009759461,-0.0040146572482688,0.0017402305602898,-0.04,0.03,0.0052080549958111,2021-07-01,-0.3499999999999996,2021-07-01,0.0028759009759461,2021-07-01,0.0017402305602898,2021-07-01,0.03,2021-07-01,1.0,1.0,1.0,1.0,1.0,Friday,0,Initial_Estimation,0,,1,1
2021-07-03,0.046419876433366,-0.0080339212674657,23.917191320378013,24.37985386335287,0.0589578811678348,-0.0132739537181995,23.581651543114592,24.182613017563856,,,,,,,,,,,0.0074721182313641,2021-07-02,-0.4100000000000001,2021-07-02,0.0037656085928761,2021-07-02,-0.0040146572482688,2021-07-02,-0.04,2021-07-02,1.0,1.0,1.0,1.0,1.0,Saturday,1,Initial_Estimation,0,,1,1
2021-07-04,0.0233249476710147,0.046419876433366,23.939109385548225,23.917191320378013,0.0571006121724668,0.0589578811678348,23.656436698819885,23.581651543114592,,,,,,,,,,,0.0074721182313641,2021-07-02,-0.4100000000000001,2021-07-02,0.0037656085928761,2021-07-02,-0.0040146572482688,2021-07-02,-0.04,2021-07-02,2.0,2.0,2.0,2.0,2.0,Sunday,1,Initial_Estimation,0,,1,1
2021-07-05,-0.0486209663324271,0.0233249476710147,24.00873635315962,23.939109385548225,-0.0588586760508027,0.0571006121724668,23.72417443165413,23.656436698819885,,,,,,,-0.0001518125335005,-0.0040146572482688,,,0.0074721182313641,2021-07-02,-0.4100000000000001,2021-07-02,0.0037656085928761,2021-07-02,-0.0040146572482688,2021-07-02,-0.04,2021-07-02,3.0,3.0,3.0,3.0,3.0,Monday,0,Initial_Estimation,0,,1,1
2021-07-06,0.0025567800640823,-0.0486209663324271,24.000458111072643,24.00873635315962,0.0412853414086397,-0.0588586760508027,23.7626255092637,23.72417443165413,-0.0020239476634912,0.0074721182313641,1.370000000000001,-0.4100000000000001,0.0060960589714808,0.0037656085928761,0.0036155442670056,-0.0001518125335005,-0.0699999999999998,-0.04,0.0074721182313641,2021-07-02,-0.4100000000000001,2021-07-02,0.0037656085928761,2021-07-02,-0.0001518125335005,2021-07-05,-0.04,2021-07-02,4.0,4.0,4.0,1.0,4.0,Tuesday,0,Initial_Estimation,0,,1,1
2021-07-07,0.0174304527361601,0.0025567800640823,23.933949294907748,24.000458111072643,0.0230501271714635,0.0412853414086397,23.832252921873437,23.7626255092637,0.0033533824363036,-0.0020239476634912,-0.240000000000002,1.370000000000001,0.0044506332158106,0.0060960589714808,0.0010583725811102,0.0036155442670056,-0.04,-0.0699999999999998,-0.0020239476634912,2021-07-06,1.370000000000001,2021-07-06,0.0060960589714808,2021-07-06,0.0036155442670056,2021-07-06,-0.0699999999999998,2021-07-06,1.0,1.0,1.0,1.0,1.0,Wednesday,0,Initial_Estimation,0,,1,1
2021-07-08,-0.0512202438696949,0.0174304527361601,24.12147198084758,23.933949294907748,-0.1001665171530884,0.0230501271714635,23.866906074591142,23.832252921873437,-0.0085978672165738,0.0033533824363036,2.8000000000000007,-0.240000000000002,-0.0010552467875135,0.0044506332158106,-0.0024532463765827,0.0010583725811102,-0.03,-0.04,0.0033533824363036,2021-07-07,-0.240000000000002,2021-07-07,0.0044506332158106,2021-07-07,0.0010583725811102,2021-07-07,-0.04,2021-07-07,1.0,1.0,1.0,1.0,1.0,Thursday,0,Initial_Estimation,0,,1,1
2021-07-09,0.0211983955071065,-0.0512202438696949,24.035122623021447,24.12147198084758,-0.0015069406346698,-0.1001665171530884,23.860045079136412,23.866906074591142,0.0112148299185709,-0.0085978672165738,-2.8200000000000003,2.8000000000000007,0.005762440859237,-0.0010552467875135,-0.0031103212880422,-0.0024532463765827,0.07,-0.03,-0.0085978672165738,2021-07-08,2.8000000000000007,2021-07-08,-0.0010552467875135,2021-07-08,-0.0024532463765827,2021-07-08,-0.03,2021-07-08,1.0,1.0,1.0,1.0,1.0,Friday,0,Initial_Estimation,0,,1,1
2021-07-10,-0.0055747724360915,0.0211983955071065,23.857536411836477,24.035122623021447,-0.019069090660851,-0.0015069406346698,23.590115465456893,23.860045079136412,,,,,,,,,,,0.0112148299185709,2021-07-09,-2.8200000000000003,2021-07-09,0.005762440859237,2021-07-09,-0.0031103212880422,2021-07-09,0.07,2021-07-09,1.0,1.0,1.0,1.0,1.0,Saturday,1,Initial_Estimation,0,,1,1
2021-07-11,0.0155176791366463,-0.0055747724360915,23.724419854746714,23.857536411836477,0.0164288158142216,-0.019069090660851,23.411479667567143,23.590115465456893,,,,,,,,,,,0.0112148299185709,2021-07-09,-2.8200000000000003,2021-07-09,0.005762440859237,2021-07-09,-0.0031103212880422,2021-07-09,0.07,2021-07-09,2.0,2.0,2.0,2.0,2.0,Sunday,1,Initial_Estimation,0,,1,1
2021-07-12,-0.0302097648044511,0.0155176791366463,23.914626550737314,23.724419854746714,-0.0491863375670498,0.0164288158142216,23.60067218808892,23.411479667567143,0.0034452147239393,0.0112148299185709,-0.009999999999998,-2.8200000000000003,-0.0024892835423589,0.005762440859237,0.0014208938835419,-0.0031103212880422,0.0099999999999997,0.07,0.0112148299185709,2021-07-09,-2.8200000000000003,2021-07-09,0.005762440859237,2021-07-09,-0.0031103212880422,2021-07-09,0.07,2021-07-09,3.0,3.0,3.0,3.0,3.0,Monday,0,Initial_Estimation,0,,1,1
2021-07-13,-0.0103570853040248,-0.0302097648044511,23.674045548429977,23.914626550737314,-0.0399523861066131,-0.0491863375670498,23.533970615435443,23.60067218808892,-0.0035230289676471,0.0034452147239393,0.9499999999999992,-0.009999999999998,0.0021577503670339,-0.0024892835423589,0.0053077475929945,0.0014208938835419,0.04,0.0099999999999997,0.0034452147239393,2021-07-12,-0.009999999999998,2021-07-12,-0.0024892835423589,2021-07-12,0.0014208938835419,2021-07-12,0.0099999999999997,2021-07-12,1.0,1.0,1.0,1.0,1.0,Tuesday,0,Initial_Estimation,0,,1,1
2021-07-14,0.0089572433687439,-0.0103570853040248,23.785559484759087,23.674045548429977,0.0207138886502083,-0.0399523861066131,23.576444406324708,23.533970615435443,0.0011642922750682,-0.0035230289676471,-0.7900000000000027,0.9499999999999992,0.0082010664750303,0.0021577503670339,-0.0036940666974279,0.0053077475929945,-0.0499999999999998,0.04,-0.0035230289676471,2021-07-13,0.9499999999999992,2021-07-13,0.0021577503670339,2021-07-13,0.0053077475929945,2021-07-13,0.04,2021-07-13,1.0,1.0,1.0,1.0,1.0,Wednesday,0,Initial_Estimation,0,,1,1
2021-07-15,-0.032401971416823,0.0089572433687439,23.78199752142465,23.785559484759087,-0.0318956684667643,0.0207138886502083,23.476167825364104,23.576444406324708,-0.0032675689369965,0.0011642922750682,0.6800000000000033,-0.7900000000000027,0.0022449022507048,0.0082010664750303,0.0023130894366997,-0.0036940666974279,-0.06,-0.0499999999999998,0.0011642922750682,2021-07-14,-0.7900000000000027,2021-07-14,0.0082010664750303,2021-07-14,-0.0036940666974279,2021-07-14,-0.0499999999999998,2021-07-14,1.0,1.0,1.0,1.0,1.0,Thursday,0,Initial_Estimation,0,,1,1
2021-07-16,0.0024227198257123,-0.032401971416823,23.888718813873464,23.78199752142465,-0.0129003709169978,-0.0318956684667643,23.423590885546787,23.476167825364104,-0.0075675003916981,-0.0032675689369965,1.4399999999999975,0.6800000000000033,-0.0076313331571564,0.0022449022507048,0.0006799380762843,0.0023130894366997,0.0,-0.06,-0.0032675689369965,2021-07-15,0.6800000000000033,2021-07-15,0.0022449022507048,2021-07-15,0.0023130894366997,2021-07-15,-0.06,2021-07-15,1.0,1.0,1.0,1.0,1.0,Friday,0,Initial_Estimation,0,,1,1
2021-07-17,-0.0032567592005505,0.0024227198257123,23.662164176234793,23.888718813873464,-0.0013471559159939,-0.0129003709169978,23.315851468371715,23.423590885546787,,,,,,,,,,,-0.0075675003916981,2021-07-16,1.4399999999999975,2021-07-16,-0.0076313331571564,2021-07-16,0.0006799380762843,2021-07-16,0.0,2021-07-16,1.0,1.0,1.0,1.0,1.0,Saturday,1,Initial_Estimation,0,,1,1
2021-07-18,-0.0024721778339373,-0.0032567592005505,23.65648349545581,23.662164176234793,-0.0023038387276053,-0.0013471559159939,23.347345032841012,23.315851468371715,,,,,,,,,,,-0.0075675003916981,2021-07-16,1.4399999999999975,2021-07-16,-0.0076313331571564,2021-07-16,0.0006799380762843,2021-07-16,0.0,2021-07-16,2.0,2.0,2.0,2.0,2.0,Sunday,1,Initial_Estimation,0,,1,1
2021-07-19,-0.0281527105504755,-0.0024721778339373,23.74050465515748,23.65648349545581,-0.0403185102446018,-0.0023038387276053,23.37352698876464,23.347345032841012,-0.0159968003279633,-0.0075675003916981,4.050000000000001,1.4399999999999975,-0.00320161948591,-0.0076313331571564,0.002198537350016,0.0006799380762843,-0.1200000000000001,0.0,-0.0075675003916981,2021-07-16,1.4399999999999975,2021-07-16,-0.0076313331571564,2021-07-16,0.0006799380762843,2021-07-16,0.0,2021-07-16,3.0,3.0,3.0,3.0,3.0,Monday,0,Initial_Estimation,0,,1,1
2021-07-20,-0.0300368048666911,-0.0281527105504755,23.865185765649247,23.74050465515748,-0.0140560562865008,-0.0403185102446018,23.577929679110024,23.37352698876464,0.0150488474881451,-0.0159968003279633,-2.7699999999999996,4.050000000000001,0.0012156445618103,-0.00320161948591,0.0008823656579028,0.002198537350016,0.04,-0.1200000000000001,-0.0159968003279633,2021-07-19,4.050000000000001,2021-07-19,-0.00320161948591,2021-07-19,0.002198537350016,2021-07-19,-0.1200000000000001,2021-07-19,1.0,1.0,1.0,1.0,1.0,Tuesday,0,Initial_Estimation,0,,1,1
2021-07-21,0.0629144420619479,-0.0300368048666911,24.062695063004444,23.865185765649247,0.0814863466821475,-0.0140560562865008,23.77978082598408,23.577929679110024,0.0082080686588838,0.0150488474881451,-1.8200000000000005,-2.7699999999999996,-0.0044274796393197,0.0012156445618103,-0.0023583011785997,0.0008823656579028,0.07,0.04,0.0150488474881451,2021-07-20,-2.7699999999999996,2021-07-20,0.0012156445618103,2021-07-20,0.0008823656579028,2021-07-20,0.04,2021-07-20,1.0,1.0,1.0,1.0,1.0,Wednesday,0,Initial_Estimation,0,,1,1
2021-07-22,0.0136769640861463,0.0629144420619479,23.696508633271577,24.062695063004444,0.0351628788235737,0.0814863466821475,23.585208417719265,23.77978082598408,0.0020146302382427,0.0082080686588838,-0.2199999999999988,-1.8200000000000005,0.0011640986772757,-0.0044274796393197,0.0007328534190133,-0.0023583011785997,-0.03,0.07,0.0082080686588838,2021-07-21,-1.8200000000000005,2021-07-21,-0.0044274796393197,2021-07-21,-0.0023583011785997,2021-07-21,0.07,2021-07-21,1.0,1.0,1.0,1.0,1.0,Thursday,0,Initial_Estimation,0,,1,1
2021-07-23,0.0079472470638237,0.0136769640861463,23.839091639000184,23.696508633271577,0.0122339853940764,0.0351628788235737,23.508301306792493,23.585208417719265,0.0100943190601663,0.0020146302382427,-0.490000000000002,-0.2199999999999988,-0.0019964378645119,0.0011640986772757,0.0009691279684286,0.0007328534190133,0.03,-0.03,0.0020146302382427,2021-07-22,-0.2199999999999988,2021-07-22,0.0011640986772757,2021-07-22,0.0007328534190133,2021-07-22,-0.03,2021-07-22,1.0,1.0,1.0,1.0,1.0,Friday,0,Initial_Estimation,0,,1,1
2021-07-24,0.0435166859392158,0.0079472470638237,23.79895036169826,23.839091639000184,0.0539787765246547,0.0122339853940764,23.49943854160416,23.508301306792493,,,,,,,,,,,0.0100943190601663,2021-07-23,-0.490000000000002,2021-07-23,-0.0019964378645119,2021-07-23,0.0009691279684286,2021-07-23,0.03,2021-07-23,1.0,1.0,1.0,1.0,1.0,Saturday,1,Initial_Estimation,0,,1,1
2021-07-25,0.0158269093855703,0.0435166859392158,23.760940371064265,23.79895036169826,0.0016742227008973,0.0539787765246547,23.40198908526658,23.49943854160416,,,,,,,,,,,0.0100943190601663,2021-07-23,-0.490000000000002,2021-07-23,-0.0019964378645119,2021-07-23,0.0009691279684286,2021-07-23,0.03,2021-07-23,2.0,2.0,2.0,2.0,2.0,Sunday,1,Initial_Estimation,0,,1,1
2021-07-26,0.0904938290311216,0.0158269093855703,24.65552522288033,23.760940371064265,0.0485114319951483,0.0016742227008973,24.11152400801216,23.40198908526658,0.0023794199422129,0.0100943190601663,0.379999999999999,-0.490000000000002,-0.0014999993148864,-0.0019964378645119,-0.0028346492647224,0.0009691279684286,-0.01,0.03,0.0100943190601663,2021-07-23,-0.490000000000002,2021-07-23,-0.0019964378645119,2021-07-23,0.0009691279684286,2021-07-23,0.03,2021-07-23,3.0,3.0,3.0,3.0,3.0,Monday,0,Initial_Estimation,0,,1,1
2021-07-27,0.0078419853923356,0.0904938290311216,24.281392051791613,24.65552522288033,-0.0092422427553606,0.0485114319951483,23.861689686782615,24.11152400801216,-0.0047236186726493,0.0023794199422129,1.7800000000000011,0.379999999999999,0.0004446939315025,-0.0014999993148864,-0.0023449203260619,-0.0028346492647224,-0.04,-0.01,0.0023794199422129,2021-07-26,0.379999999999999,2021-07-26,-0.0014999993148864,2021-07-26,-0.0028346492647224,2021-07-26,-0.01,2021-07-26,1.0,1.0,1.0,1.0,1.0,Tuesday,0,Initial_Estimation,0,,1,1
2021-07-28,0.0489995089046583,0.0078419853923356,24.37916757187344,24.281392051791613,0.0224595885292666,-0.0092422427553606,23.667246941725423,23.861689686782615,-0.0001863191743724,-0.0047236186726493,-1.0500000000000007,1.7800000000000011,0.0,0.0004446939315025,-0.0011907727356135,-0.0023449203260619,0.01,-0.04,-0.0047236186726493,2021-07-27,1.7800000000000011,2021-07-27,0.0004446939315025,2021-07-27,-0.0023449203260619,2021-07-27,-0.04,2021-07-27,1.0,1.0,1.0,1.0,1.0,Wednesday,0,Initial_Estimation,0,,1,1
2021-07-29,-0.0057770369167308,0.0489995089046583,24.025274213535088,24.37916757187344,0.0076813626018547,0.0224595885292666,23.515251044765535,23.667246941725423,0.0041973850116203,-0.0001863191743724,-0.6099999999999994,-1.0500000000000007,0.0174626144547206,0.0,-0.0049732438294078,-0.0011907727356135,0.02,0.01,-0.0001863191743724,2021-07-28,-1.0500000000000007,2021-07-28,0.0,2021-07-28,-0.0011907727356135,2021-07-28,0.01,2021-07-28,1.0,1.0,1.0,1.0,1.0,Thursday,0,Initial_Estimation,0,,1,1
2021-07-30,0.0238900827897376,-0.0057770369167308,24.221976514012944,24.025274213535088,0.0451409699270122,0.0076813626018547,23.7295843249783,23.515251044765535,-0.0054206823821932,0.0041973850116203,0.5399999999999991,-0.6099999999999994,-0.0102091978222092,0.0174626144547206,0.0033688726588017,-0.0049732438294078,-0.04,0.02,0.0041973850116203,2021-07-29,-0.6099999999999994,2021-07-29,0.0174626144547206,2021-07-29,-0.0049732438294078,2021-07-29,0.02,2021-07-29,1.0,1.0,1.0,1.0,1.0,Friday,0,Initial_Estimation,0,,1,1
2021-07-31,0.0208835622914419,0.0238900827897376,23.973750607405485,24.221976514012944,0.0293186577203348,0.0451409699270122,23.61373260605109,23.7295843249783,,,,,,,,,,,-0.0054206823821932,2021-07-30,0.5399999999999991,2021-07-30,-0.0102091978222092,2021-07-30,0.0033688726588017,2021-07-30,-0.04,2021-07-30,1.0,1.0,1.0,1.0,1.0,Saturday,1,Initial_Estimation,0,,1,1
2021-08-01,-0.0067634762460287,0.0208835622914419,24.00749627916756,23.973750607405485,0.0693948854136024,0.0293186577203348,23.84554208151063,23.61373260605109,,,,,,,,,,,-0.0054206823821932,2021-07-30,0.5399999999999991,2021-07-30,-0.0102091978222092,2021-07-30,0.0033688726588017,2021-07-30,-0.04,2021-07-30,2.0,2.0,2.0,2.0,2.0,Sunday,1,Initial_Estimation,0,,1,1
2021-08-02,-0.0599502001113984,-0.0067634762460287,23.965673227421444,24.00749627916756,-0.0278455325366974,0.0693948854136024,23.821678973774524,23.84554208151063,-0.0018445946098472,-0.0054206823821932,1.2200000000000024,0.5399999999999991,0.0030297211452917,-0.0102091978222092,-0.0013679150117523,0.0033688726588017,-0.04,-0.04,-0.0054206823821932,2021-07-30,0.5399999999999991,2021-07-30,-0.0102091978222092,2021-07-30,0.0033688726588017,2021-07-30,-0.04,2021-07-30,3.0,3.0,3.0,3.0,3.0,Monday,0,Initial_Estimation,0,,1,1
2021-08-03,-0.0204278045873717,-0.0599502001113984,23.9886370216001,23.965673227421444,-0.0443019892077464,-0.0278455325366974,23.84548772975148,23.821678973774524,0.0081700190326528,-0.0018445946098472,-1.4200000000000017,1.2200000000000024,-0.0044099074320683,0.0030297211452917,0.0003584443553523,-0.0013679150117523,-0.01,-0.04,-0.0018445946098472,2021-08-02,1.2200000000000024,2021-08-02,0.0030297211452917,2021-08-02,-0.0013679150117523,2021-08-02,-0.04,2021-08-02,1.0,1.0,1.0,1.0,1.0,Tuesday,0,Initial_Estimation,0,,1,1
2021-08-04,0.0429784392305415,-0.0204278045873717,23.95693421940953,23.9886370216001,0.0867316710613609,-0.0443019892077464,23.94368839193062,23.84548772975148,-0.0046432082296428,0.0081700190326528,-0.0700000000000002,-1.4200000000000017,0.0002209713408759,-0.0044099074320683,0.0020504371141745,0.0003584443553523,0.0,-0.01,0.0081700190326528,2021-08-03,-1.4200000000000017,2021-08-03,-0.0044099074320683,2021-08-03,0.0003584443553523,2021-08-03,-0.01,2021-08-03,1.0,1.0,1.0,1.0,1.0,Wednesday,0,Initial_Estimation,0,,1,1
2021-08-05,0.0285222064627736,0.0429784392305415,24.283886573904965,23.95693421940953,0.034783120184549,0.0867316710613609,24.159119945262276,23.94368839193062,0.0059874994315475,-0.0046432082296428,-0.6899999999999977,-0.0700000000000002,-0.0029870718363273,0.0002209713408759,-0.0002818214354691,0.0020504371141745,0.04,0.0,-0.0046432082296428,2021-08-04,-0.0700000000000002,2021-08-04,0.0002209713408759,2021-08-04,0.0020504371141745,2021-08-04,0.0,2021-08-04,1.0,1.0,1.0,1.0,1.0,Thursday,0,Initial_Estimation,0,,1,1
2021-08-06,0.043908232825527,0.0285222064627736,24.366794385811406,24.283886573904965,0.0380867242870356,0.034783120184549,24.00148839939997,24.159119945262276,0.0016738821949274,0.0059874994315475,-1.1300000000000026,-0.6899999999999977,-0.025302169337171,-0.0029870718363273,0.0060093996371595,-0.0002818214354691,0.08,0.04,0.0059874994315475,2021-08-05,-0.6899999999999977,2021-08-05,-0.0029870718363273,2021-08-05,-0.0002818214354691,2021-08-05,0.04,2021-08-05,1.0,1.0,1.0,1.0,1.0,Friday,0,Initial_Estimation,0,,1,1
2021-08-07,0.0289029238973058,0.043908232825527,24.412916547090937,24.366794385811406,0.0557292119985755,0.0380867242870356,24.22223905705555,24.00148839939997,,,,,,,,,,,0.0016738821949274,2021-08-06,-1.1300000000000026,2021-08-06,-0.025302169337171,2021-08-06,0.0060093996371595,2021-08-06,0.08,2021-08-06,1.0,1.0,1.0,1.0,1.0,Saturday,1,Initial_Estimation,0,,1,1
2021-08-08,-0.0027167521505833,0.0289029238973058,24.31515698461381,24.412916547090937,-0.0296480931008672,0.0557292119985755,24.07083871812298,24.22223905705555,,,,,,,,,,,0.0016738821949274,2021-08-06,-1.1300000000000026,2021-08-06,-0.025302169337171,2021-08-06,0.0060093996371595,2021-08-06,0.08,2021-08-06,2.0,2.0,2.0,2.0,2.0,Sunday,1,Initial_Estimation,0,,1,1
2021-08-09,0.0358514297237697,-0.0027167521505833,24.37998564506672,24.31515698461381,0.0256266508547697,-0.0296480931008672,24.188478507133823,24.07083871812298,-0.0009403678951865,0.0016738821949274,0.5700000000000003,-1.1300000000000026,-0.0210147110603117,-0.025302169337171,0.0015612805669524,0.0060093996371595,0.02,0.08,0.0016738821949274,2021-08-06,-1.1300000000000026,2021-08-06,-0.025302169337171,2021-08-06,0.0060093996371595,2021-08-06,0.08,2021-08-06,3.0,3.0,3.0,3.0,3.0,Monday,0,Initial_Estimation,0,,1,1
2021-08-10,0.003831203661653,0.0358514297237697,24.236184050016934,24.37998564506672,0.0281488885366816,0.0256266508547697,24.0412707841662,24.188478507133823,0.0009922089864754,-0.0009403678951865,0.0700000000000002,0.5700000000000003,0.0031284564647309,-0.0210147110603117,0.0011827958368197,0.0015612805669524,0.03,0.02,-0.0009403678951865,2021-08-09,0.5700000000000003,2021-08-09,-0.0210147110603117,2021-08-09,0.0015612805669524,2021-08-09,0.02,2021-08-09,1.0,1.0,1.0,1.0,1.0,Tuesday,0,Initial_Estimation,0,,1,1
2021-08-11,0.0151420464569744,0.003831203661653,24.258985634636304,24.236184050016934,0.024576195848122,0.0281488885366816,24.00901626663268,24.0412707841662,0.0024649821979919,0.0009922089864754,-0.7300000000000004,0.0700000000000002,0.0124167927387501,0.0031284564647309,-0.0014302846338347,0.0011827958368197,-0.01,0.03,0.0009922089864754,2021-08-10,0.0700000000000002,2021-08-10,0.0031284564647309,2021-08-10,0.0011827958368197,2021-08-10,0.03,2021-08-10,1.0,1.0,1.0,1.0,1.0,Wednesday,0,Initial_Estimation,0,,1,1
2021-08-12,-0.0409231411813161,0.0151420464569744,24.24146434349683,24.258985634636304,-0.0533409432585433,0.024576195848122,23.958160663552025,24.00901626663268,0.0029477387419454,0.0024649821979919,-0.4699999999999988,-0.7300000000000004,-0.0008001511567647,0.0124167927387501,0.0012153348775123,-0.0014302846338347,0.01,-0.01,0.0024649821979919,2021-08-11,-0.7300000000000004,2021-08-11,0.0124167927387501,2021-08-11,-0.0014302846338347,2021-08-11,-0.01,2021-08-11,1.0,1.0,1.0,1.0,1.0,Thursday,0,Initial_Estimation,0,,1,1
2021-08-13,0.067987824867454,-0.0409231411813161,24.180977744017213,24.24146434349683,0.0678914178526498,-0.0533409432585433,23.89584077947874,23.958160663552025,0.0016060338344795,0.0029477387419454,-0.1400000000000005,-0.4699999999999988,0.014868869094078,-0.0008001511567647,-0.0055725462577027,0.0012153348775123,-0.07,0.01,0.0029477387419454,2021-08-12,-0.4699999999999988,2021-08-12,-0.0008001511567647,2021-08-12,0.0012153348775123,2021-08-12,0.01,2021-08-12,1.0,1.0,1.0,1.0,1.0,Friday,0,Initial_Estimation,0,,1,1
2021-08-14,-0.0201753669623848,0.067987824867454,24.164047789980497,24.180977744017213,-0.0157935097384843,0.0678914178526498,23.712016905144893,23.89584077947874,,,,,,,,,,,0.0016060338344795,2021-08-13,-0.1400000000000005,2021-08-13,0.014868869094078,2021-08-13,-0.0055725462577027,2021-08-13,-0.07,2021-08-13,1.0,1.0,1.0,1.0,1.0,Saturday,1,Initial_Estimation,0,,1,1
2021-08-15,0.001192065006967,-0.0201753669623848,24.156896798823404,24.164047789980497,0.0094692282465763,-0.0157935097384843,23.821834670956353,23.712016905144893,,,,,,,,,,,0.0016060338344795,2021-08-13,-0.1400000000000005,2021-08-13,0.014868869094078,2021-08-13,-0.0055725462577027,2021-08-13,-0.07,2021-08-13,2.0,2.0,2.0,2.0,2.0,Sunday,1,Initial_Estimation,0,,1,1
2021-08-16,-0.0137716447236283,0.001192065006967,24.21298912231783,24.156896798823404,-0.0305847178605557,0.0094692282465763,23.86223400947736,23.821834670956353,0.0026174309818667,0.0016060338344795,0.6700000000000017,-0.1400000000000005,0.0065692234347381,0.014868869094078,0.0011882515738151,-0.0055725462577027,-0.03,-0.07,0.0016060338344795,2021-08-13,-0.1400000000000005,2021-08-13,0.014868869094078,2021-08-13,-0.0055725462577027,2021-08-13,-0.07,2021-08-13,3.0,3.0,3.0,3.0,3.0,Monday,0,Initial_Estimation,0,,1,1
2021-08-17,-0.0239586274772273,-0.0137716447236283,24.23335835811699,24.21298912231783,-0.0295687881342588,-0.0305847178605557,23.9622993925247,23.86223400947736,-0.0070857697907681,0.0026174309818667,1.7899999999999991,0.6700000000000017,-0.0010638733336789,0.0065692234347381,0.0054048947778491,0.0011882515738151,0.0,-0.03,0.0026174309818667,2021-08-16,0.6700000000000017,2021-08-16,0.0065692234347381,2021-08-16,0.0011882515738151,2021-08-16,-0.03,2021-08-16,1.0,1.0,1.0,1.0,1.0,Tuesday,0,Initial_Estimation,0,,1,1
2021-08-18,-0.0099888190312047,-0.0239586274772273,24.195049759640455,24.23335835811699,-0.0211013337264047,-0.0295687881342588,23.79314261600463,23.9622993925247,-0.0108066397201445,-0.0070857697907681,3.66,1.7899999999999991,-0.0019065919740294,-0.0010638733336789,6.442399581318396e-05,0.0054048947778491,0.01,0.0,-0.0070857697907681,2021-08-17,1.7899999999999991,2021-08-17,-0.0010638733336789,2021-08-17,0.0054048947778491,2021-08-17,0.0,2021-08-17,1.0,1.0,1.0,1.0,1.0,Wednesday,0,Initial_Estimation,0,,1,1
2021-08-19,0.0450286126608196,-0.0099888190312047,24.3396905135232,24.195049759640455,0.0488355955710705,-0.0211013337264047,23.69605135396606,23.79314261600463,0.0012559520255743,-0.0108066397201445,0.1000000000000014,3.66,-0.0007861331433283,-0.0019065919740294,0.0046276541578789,6.442399581318396e-05,-0.03,0.01,-0.0108066397201445,2021-08-18,3.66,2021-08-18,-0.0019065919740294,2021-08-18,6.442399581318396e-05,2021-08-18,0.01,2021-08-18,1.0,1.0,1.0,1.0,1.0,Thursday,0,Initial_Estimation,0,,1,1
2021-08-20,0.0434910344688163,0.0450286126608196,24.270203413597304,24.3396905135232,0.03162205511895,0.0488355955710705,23.76232671259737,23.69605135396606,0.0081085771490773,0.0012559520255743,-3.110000000000003,0.1000000000000014,0.00044931419328,-0.0007861331433283,-0.0007697900564027,0.0046276541578789,0.02,-0.03,0.0012559520255743,2021-08-19,0.1000000000000014,2021-08-19,-0.0007861331433283,2021-08-19,0.0046276541578789,2021-08-19,-0.03,2021-08-19,1.0,1.0,1.0,1.0,1.0,Friday,0,Initial_Estimation,0,,1,1
2021-08-21,0.0072584200021115,0.0434910344688163,24.42666943596159,24.270203413597304,-0.0087865256125072,0.03162205511895,23.61994972183161,23.76232671259737,,,,,,,,,,,0.0081085771490773,2021-08-20,-3.110000000000003,2021-08-20,0.00044931419328,2021-08-20,-0.0007697900564027,2021-08-20,0.02,2021-08-20,1.0,1.0,1.0,1.0,1.0,Saturday,1,Initial_Estimation,0,,1,1
2021-08-22,-0.0125149354163298,0.0072584200021115,23.95687165593603,24.42666943596159,-0.0241724238659939,-0.0087865256125072,23.494808916442313,23.61994972183161,,,,,,,,,,,0.0081085771490773,2021-08-20,-3.110000000000003,2021-08-20,0.00044931419328,2021-08-20,-0.0007697900564027,2021-08-20,0.02,2021-08-20,2.0,2.0,2.0,2.0,2.0,Sunday,1,Initial_Estimation,0,,1,1
2021-08-23,0.0227656518038158,-0.0125149354163298,24.258558519011373,23.95687165593603,0.0572971847874521,-0.0241724238659939,23.74423255232358,23.494808916442313,0.008487698356534,0.0081085771490773,-1.41,-3.110000000000003,0.0123878329172534,0.00044931419328,-0.0057708763886461,-0.0007697900564027,-0.01,0.02,0.0081085771490773,2021-08-20,-3.110000000000003,2021-08-20,0.00044931419328,2021-08-20,-0.0007697900564027,2021-08-20,0.02,2021-08-20,3.0,3.0,3.0,3.0,3.0,Monday,0,Initial_Estimation,0,,1,1
2021-08-24,-0.0241617806985034,0.0227656518038158,24.28888012942972,24.258558519011373,-0.0375067407513736,0.0572971847874521,23.72552818835696,23.74423255232358,0.0014945751943348,0.008487698356534,0.0700000000000002,-1.41,0.001330095775109,0.0123878329172534,-0.0006994850998946,-0.0057708763886461,0.04,-0.01,0.008487698356534,2021-08-23,-1.41,2021-08-23,0.0123878329172534,2021-08-23,-0.0057708763886461,2021-08-23,-0.01,2021-08-23,1.0,1.0,1.0,1.0,1.0,Tuesday,0,Initial_Estimation,0,,1,1
2021-08-25,0.0072508353740094,-0.0241617806985034,24.208998892575657,24.28888012942972,-0.0028478653269148,-0.0375067407513736,23.662572099652596,23.72552818835696,0.002217666081518,0.0014945751943348,-0.4299999999999997,0.0700000000000002,-0.0096834329865471,0.001330095775109,-0.0007322930791712,-0.0006994850998946,0.06,0.04,0.0014945751943348,2021-08-24,0.0700000000000002,2021-08-24,0.001330095775109,2021-08-24,-0.0006994850998946,2021-08-24,0.04,2021-08-24,1.0,1.0,1.0,1.0,1.0,Wednesday,0,Initial_Estimation,0,,1,1
2021-08-26,-0.0346407998843048,0.0072508353740094,24.20961744228939,24.208998892575657,-0.0281544913373204,-0.0028478653269148,23.580061743971203,23.662572099652596,-0.0058419628594696,0.002217666081518,2.0500000000000007,-0.4299999999999997,0.0022343882098449,-0.0096834329865471,0.0025499376332727,-0.0007322930791712,-0.01,0.06,0.002217666081518,2021-08-25,-0.4299999999999997,2021-08-25,-0.0096834329865471,2021-08-25,-0.0007322930791712,2021-08-25,0.06,2021-08-25,1.0,1.0,1.0,1.0,1.0,Thursday,0,Initial_Estimation,0,,1,1
2021-08-27,0.0394278988698203,-0.0346407998843048,24.26454618176988,24.20961744228939,0.0454675034359913,-0.0281544913373204,23.640474357181382,23.580061743971203,0.0087690455528976,-0.0058419628594696,-2.4499999999999993,2.0500000000000007,0.0135227204233646,0.0022343882098449,-0.0040485013412209,0.0025499376332727,-0.03,-0.01,-0.0058419628594696,2021-08-26,2.0500000000000007,2021-08-26,0.0022343882098449,2021-08-26,0.0025499376332727,2021-08-26,-0.01,2021-08-26,1.0,1.0,1.0,1.0,1.0,Friday,0,Initial_Estimation,0,,1,1
2021-08-28,-0.0035542537597342,0.0394278988698203,24.075556666701345,24.26454618176988,-0.0076168762828586,0.0454675034359913,23.34136461229354,23.640474357181382,,,,,,,,,,,0.0087690455528976,2021-08-27,-2.4499999999999993,2021-08-27,0.0135227204233646,2021-08-27,-0.0040485013412209,2021-08-27,-0.03,2021-08-27,1.0,1.0,1.0,1.0,1.0,Saturday,1,Initial_Estimation,0,,1,1
2021-08-29,0.0035463850760071,-0.0035542537597342,23.97710912115549,24.075556666701345,-0.0002284479441901,-0.0076168762828586,23.31077320247035,23.34136461229354,,,,,,,,,,,0.0087690455528976,2021-08-27,-2.4499999999999993,2021-08-27,0.0135227204233646,2021-08-27,-0.0040485013412209,2021-08-27,-0.03,2021-08-27,2.0,2.0,2.0,2.0,2.0,Sunday,1,Initial_Estimation,0,,1,1
2021-08-30,-0.0055059600004545,0.0035463850760071,24.18420924330882,23.97710912115549,0.0311323617873041,-0.0002284479441901,23.68372965011674,23.31077320247035,0.0042973414690568,0.0087690455528976,-0.1999999999999993,-2.4499999999999993,-0.0041924022333912,0.0135227204233646,-0.0003561042235981,-0.0040485013412209,-0.02,-0.03,0.0087690455528976,2021-08-27,-2.4499999999999993,2021-08-27,0.0135227204233646,2021-08-27,-0.0040485013412209,2021-08-27,-0.03,2021-08-27,3.0,3.0,3.0,3.0,3.0,Monday,0,Initial_Estimation,0,,1,1
2021-08-31,-0.0344482636852645,-0.0055059600004545,24.270880168001227,24.18420924330882,0.0150096459307488,0.0311323617873041,24.02943810769158,23.68372965011674,-0.0013500571571324,0.0042973414690568,0.2899999999999991,-0.1999999999999993,0.003311261303656,-0.0041924022333912,-0.0002914523523024,-0.0003561042235981,0.01,-0.02,0.0042973414690568,2021-08-30,-0.1999999999999993,2021-08-30,-0.0041924022333912,2021-08-30,-0.0003561042235981,2021-08-30,-0.02,2021-08-30,1.0,1.0,1.0,1.0,1.0,Tuesday,0,Initial_Estimation,0,,1,1
2021-09-01,0.026568437506651,-0.0344482636852645,24.39039544685475,24.270880168001227,0.0946980943554624,0.0150096459307488,24.12682343457293,24.02943810769158,0.0003117134648978,-0.0013500571571324,-0.370000000000001,0.2899999999999991,-0.0010473937325582,0.003311261303656,-0.0019127386623142,-0.0002914523523024,0.01,0.01,-0.0013500571571324,2021-08-31,0.2899999999999991,2021-08-31,0.003311261303656,2021-08-31,-0.0002914523523024,2021-08-31,0.01,2021-08-31,1.0,1.0,1.0,1.0,1.0,Wednesday,0,Initial_Estimation,0,,1,1
2021-09-02,0.0260031971529444,0.026568437506651,24.399770799858075,24.39039544685475,0.0213488750065184,0.0946980943554624,23.91733233294316,24.12682343457293,0.0028385281677768,0.0003117134648978,0.3000000000000007,-0.370000000000001,-0.0024297457991779,-0.0010473937325582,-0.0024258976342413,-0.0019127386623142,-0.02,0.01,0.0003117134648978,2021-09-01,-0.370000000000001,2021-09-01,-0.0010473937325582,2021-09-01,-0.0019127386623142,2021-09-01,0.01,2021-09-01,1.0,1.0,1.0,1.0,1.0,Thursday,0,Initial_Estimation,0,,1,1
2021-09-03,0.0117532528170744,0.0260031971529444,24.489249368702374,24.399770799858075,0.0280473376782377,0.0213488750065184,23.98932158143587,23.91733233294316,-0.0003350829692366,0.0028385281677768,0.0,0.3000000000000007,0.0121993343858036,-0.0024297457991779,-0.0020623039980539,-0.0024258976342413,0.04,-0.02,0.0028385281677768,2021-09-02,0.3000000000000007,2021-09-02,-0.0024297457991779,2021-09-02,-0.0024258976342413,2021-09-02,-0.02,2021-09-02,1.0,1.0,1.0,1.0,1.0,Friday,0,Initial_Estimation,0,,1,1
2021-09-04,0.0011517251757057,0.0117532528170744,24.34684188531311,24.489249368702374,-0.0092782981064962,0.0280473376782377,23.758553543013523,23.98932158143587,,,,,,,,,,,-0.0003350829692366,2021-09-03,0.0,2021-09-03,0.0121993343858036,2021-09-03,-0.0020623039980539,2021-09-03,0.04,2021-09-03,1.0,1.0,1.0,1.0,1.0,Saturday,1,Initial_Estimation,0,,1,1
2021-09-05,0.0039526090929854,0.0011517251757057,24.1351616629214,24.34684188531311,0.0108316380352389,-0.0092782981064962,23.634064677235013,23.758553543013523,,,,,,,,,,,-0.0003350829692366,2021-09-03,0.0,2021-09-03,0.0121993343858036,2021-09-03,-0.0020623039980539,2021-09-03,0.04,2021-09-03,2.0,2.0,2.0,2.0,2.0,Sunday,1,Initial_Estimation,0,,1,1
2021-09-06,0.0301624996751534,0.0039526090929854,24.383851403196697,24.1351616629214,0.0078141661179171,0.0108316380352389,23.65043503224625,23.634064677235013,,,,,,,0.0,-0.0020623039980539,,,-0.0003350829692366,2021-09-03,0.0,2021-09-03,0.0121993343858036,2021-09-03,-0.0020623039980539,2021-09-03,0.04,2021-09-03,3.0,3.0,3.0,3.0,3.0,Monday,0,Initial_Estimation,0,,1,1
2021-09-07,-0.1038596586197925,0.0301624996751534,24.900879583594165,24.383851403196697,-0.1463962653323896,0.0078141661179171,24.39018968088243,23.65043503224625,-0.0034012661634819,-0.0003350829692366,1.7300000000000004,0.0,-0.0193013599339951,0.0121993343858036,0.0051694263492502,0.0,0.0499999999999998,0.04,-0.0003350829692366,2021-09-03,0.0,2021-09-03,0.0121993343858036,2021-09-03,0.0,2021-09-06,0.04,2021-09-03,4.0,4.0,4.0,1.0,4.0,Tuesday,0,Initial_Estimation,0,,1,1
2021-09-08,-0.0161854561304631,-0.1038596586197925,24.615244540632663,24.900879583594165,0.0163993315552889,-0.1463962653323896,24.18079411071535,24.39018968088243,-0.0013194454045593,-0.0034012661634819,-0.1799999999999997,1.7300000000000004,-0.0028997250439288,-0.0193013599339951,0.0015229662976616,0.0051694263492502,-0.0299999999999998,0.0499999999999998,-0.0034012661634819,2021-09-07,1.7300000000000004,2021-09-07,-0.0193013599339951,2021-09-07,0.0051694263492502,2021-09-07,0.0499999999999998,2021-09-07,1.0,1.0,1.0,1.0,1.0,Wednesday,0,Initial_Estimation,0,,1,1
2021-09-09,0.0041419908017895,-0.0161854561304631,24.378398650135377,24.615244540632663,-0.0118573941427897,0.0163993315552889,23.90622660153516,24.18079411071535,-0.0046162382762889,-0.0013194454045593,0.8399999999999999,-0.1799999999999997,0.0037346122321662,-0.0028997250439288,-0.0018797404147814,0.0015229662976616,-0.05,-0.0299999999999998,-0.0013194454045593,2021-09-08,-0.1799999999999997,2021-09-08,-0.0028997250439288,2021-09-08,0.0015229662976616,2021-09-08,-0.0299999999999998,2021-09-08,1.0,1.0,1.0,1.0,1.0,Thursday,0,Initial_Estimation,0,,1,1
2021-09-10,-0.0260441017903811,0.0041419908017895,24.39078545015967,24.378398650135377,-0.0546975426643514,-0.0118573941427897,23.830359419693323,23.90622660153516,-0.0077526176231305,-0.0046162382762889,2.1499999999999986,0.8399999999999999,-0.0043490722735307,0.0037346122321662,0.001113146590968,-0.0018797404147814,0.05,-0.05,-0.0046162382762889,2021-09-09,0.8399999999999999,2021-09-09,0.0037346122321662,2021-09-09,-0.0018797404147814,2021-09-09,-0.05,2021-09-09,1.0,1.0,1.0,1.0,1.0,Friday,0,Initial_Estimation,0,,1,1
2021-09-11,0.0056696216949768,-0.0260441017903811,24.264220385465077,24.39078545015967,0.0143208415291356,-0.0546975426643514,23.64788457775002,23.830359419693323,,,,,,,,,,,-0.0077526176231305,2021-09-10,2.1499999999999986,2021-09-10,-0.0043490722735307,2021-09-10,0.001113146590968,2021-09-10,0.05,2021-09-10,1.0,1.0,1.0,1.0,1.0,Saturday,1,Initial_Estimation,0,,1,1
2021-09-12,0.012858139822515,0.0056696216949768,24.05124644474273,24.264220385465077,0.0328530519708269,0.0143208415291356,23.54526425902281,23.64788457775002,,,,,,,,,,,-0.0077526176231305,2021-09-10,2.1499999999999986,2021-09-10,-0.0043490722735307,2021-09-10,0.001113146590968,2021-09-10,0.05,2021-09-10,2.0,2.0,2.0,2.0,2.0,Sunday,1,Initial_Estimation,0,,1,1
2021-09-13,-0.0159089165482556,0.012858139822515,24.43610454341758,24.05124644474273,-0.0346114637190478,0.0328530519708269,23.846579780048007,23.54526425902281,0.0022739222394134,-0.0077526176231305,-1.5799999999999983,2.1499999999999986,0.0013401970011455,-0.0043490722735307,0.0010040107290121,0.001113146590968,-0.02,0.05,-0.0077526176231305,2021-09-10,2.1499999999999986,2021-09-10,-0.0043490722735307,2021-09-10,0.001113146590968,2021-09-10,0.05,2021-09-10,3.0,3.0,3.0,3.0,3.0,Monday,0,Initial_Estimation,0,,1,1
2021-09-14,0.0358274380447522,-0.0159089165482556,24.37786831236904,24.43610454341758,0.026009545516557,-0.0346114637190478,23.67428422154109,23.846579780048007,-0.0057631743778016,0.0022739222394134,0.0899999999999998,-1.5799999999999983,0.0070620313762865,0.0013401970011455,-0.00056125809631,0.0010040107290121,-0.05,-0.02,0.0022739222394134,2021-09-13,-1.5799999999999983,2021-09-13,0.0013401970011455,2021-09-13,0.0010040107290121,2021-09-13,-0.02,2021-09-13,1.0,1.0,1.0,1.0,1.0,Tuesday,0,Initial_Estimation,0,,1,1
2021-09-15,0.0233955019979384,0.0358274380447522,24.14048407873497,24.37786831236904,0.0535661157561889,0.026009545516557,23.588237265162867,23.67428422154109,0.0084382066732456,-0.0057631743778016,-1.2800000000000011,0.0899999999999998,-0.006838828378296,0.0070620313762865,-0.00081006209505,-0.00056125809631,0.03,-0.05,-0.0057631743778016,2021-09-14,0.0899999999999998,2021-09-14,0.0070620313762865,2021-09-14,-0.00056125809631,2021-09-14,-0.05,2021-09-14,1.0,1.0,1.0,1.0,1.0,Wednesday,0,Initial_Estimation,0,,1,1
2021-09-16,-0.0165816466927165,0.0233955019979384,24.18160865795323,24.14048407873497,-0.0182405496934471,0.0535661157561889,23.723682275848297,23.588237265162867,-0.0015523011230354,0.0084382066732456,0.5100000000000016,-1.2800000000000011,-0.021314620752901,-0.006838828378296,0.0041406140676057,-0.00081006209505,0.03,0.03,0.0084382066732456,2021-09-15,-1.2800000000000011,2021-09-15,-0.006838828378296,2021-09-15,-0.00081006209505,2021-09-15,0.03,2021-09-15,1.0,1.0,1.0,1.0,1.0,Thursday,0,Initial_Estimation,0,,1,1
2021-09-17,-0.0036148172872654,-0.0165816466927165,24.0811281283165,24.18160865795323,-0.035497354289747,-0.0182405496934471,23.598093138298736,23.723682275848297,-0.0091526831464338,-0.0015523011230354,2.1199999999999974,0.5100000000000016,-0.0029680108385332,-0.021314620752901,0.0028260292707252,0.0041406140676057,0.03,0.03,-0.0015523011230354,2021-09-16,0.5100000000000016,2021-09-16,-0.021314620752901,2021-09-16,0.0041406140676057,2021-09-16,0.03,2021-09-16,1.0,1.0,1.0,1.0,1.0,Friday,0,Initial_Estimation,0,,1,1
2021-09-18,0.0211225700550249,-0.0036148172872654,24.075820109411023,24.0811281283165,0.0060422073913639,-0.035497354289747,23.495555779118373,23.598093138298736,,,,,,,,,,,-0.0091526831464338,2021-09-17,2.1199999999999974,2021-09-17,-0.0029680108385332,2021-09-17,0.0028260292707252,2021-09-17,0.03,2021-09-17,1.0,1.0,1.0,1.0,1.0,Saturday,1,Initial_Estimation,0,,1,1
2021-09-19,-0.0067261497416647,0.0211225700550249,24.017906530339967,24.075820109411023,-0.0099717654166852,0.0060422073913639,23.380556618177337,23.495555779118373,,,,,,,,,,,-0.0091526831464338,2021-09-17,2.1199999999999974,2021-09-17,-0.0029680108385332,2021-09-17,0.0028260292707252,2021-09-17,0.03,2021-09-17,2.0,2.0,2.0,2.0,2.0,Sunday,1,Initial_Estimation,0,,1,1
2021-09-20,-0.0902541546192582,-0.0067261497416647,24.505404406187058,24.017906530339967,-0.1078808311941688,-0.0099717654166852,24.032774906552177,23.380556618177337,-0.0171230203737694,-0.0091526831464338,4.900000000000002,2.1199999999999974,0.0070631554491709,-0.0029680108385332,0.000868767852316,0.0028260292707252,-0.06,0.03,-0.0091526831464338,2021-09-17,2.1199999999999974,2021-09-17,-0.0029680108385332,2021-09-17,0.0028260292707252,2021-09-17,0.03,2021-09-17,3.0,3.0,3.0,3.0,3.0,Monday,0,Initial_Estimation,0,,1,1
2021-09-21,-0.0622346475604014,-0.0902541546192582,24.60896725052161,24.505404406187058,-0.0843519341274107,-0.1078808311941688,24.137874966526063,24.032774906552177,-0.0008126796836591,-0.0171230203737694,-1.3500000000000014,4.900000000000002,0.0080276031615123,0.0070631554491709,-0.0007722008105723,0.000868767852316,0.02,-0.06,-0.0171230203737694,2021-09-20,4.900000000000002,2021-09-20,0.0070631554491709,2021-09-20,0.000868767852316,2021-09-20,-0.06,2021-09-20,1.0,1.0,1.0,1.0,1.0,Tuesday,0,Initial_Estimation,0,,1,1
2021-09-22,0.0601830052401226,-0.0622346475604014,24.364521813754543,24.60896725052161,0.0871834572010553,-0.0843519341274107,23.89051579191943,24.137874966526063,0.0094745406640912,-0.0008126796836591,-3.4899999999999984,-1.3500000000000014,0.000394039007263,0.0080276031615123,0.0027642973470134,-0.0007722008105723,-0.01,0.02,-0.0008126796836591,2021-09-21,-1.3500000000000014,2021-09-21,0.0080276031615123,2021-09-21,-0.0007722008105723,2021-09-21,0.02,2021-09-21,1.0,1.0,1.0,1.0,1.0,Wednesday,0,Initial_Estimation,0,,1,1
2021-09-23,0.0284865597858338,0.0601830052401226,24.256779085322368,24.364521813754543,0.0371618603381112,0.0871834572010553,23.64191677866764,23.89051579191943,0.0120617158632502,0.0094745406640912,-2.240000000000002,-3.4899999999999984,-0.0164570737255682,0.000394039007263,-0.0046006676499567,0.0027642973470134,0.0899999999999998,-0.01,0.0094745406640912,2021-09-22,-3.4899999999999984,2021-09-22,0.000394039007263,2021-09-22,0.0027642973470134,2021-09-22,-0.01,2021-09-22,1.0,1.0,1.0,1.0,1.0,Thursday,0,Initial_Estimation,0,,1,1
2021-09-24,-0.0391281266485704,0.0284865597858338,24.480722809626883,24.256779085322368,-0.0693553075615389,0.0371618603381112,23.965679375141097,23.64191677866764,0.0014599428049598,0.0120617158632502,-0.879999999999999,-2.240000000000002,0.0011437069101939,-0.0164570737255682,0.0031551861333156,-0.0046006676499567,0.06,0.0899999999999998,0.0120617158632502,2021-09-23,-2.240000000000002,2021-09-23,-0.0164570737255682,2021-09-23,-0.0046006676499567,2021-09-23,0.0899999999999998,2021-09-23,1.0,1.0,1.0,1.0,1.0,Friday,0,Initial_Estimation,0,,1,1
2021-09-25,-0.0076450067732404,-0.0391281266485704,24.176572226018436,24.480722809626883,-0.0032596357162316,-0.0693553075615389,23.66416100496194,23.965679375141097,,,,,,,,,,,0.0014599428049598,2021-09-24,-0.879999999999999,2021-09-24,0.0011437069101939,2021-09-24,0.0031551861333156,2021-09-24,0.06,2021-09-24,1.0,1.0,1.0,1.0,1.0,Saturday,1,Initial_Estimation,0,,1,1
2021-09-26,0.0114627331577824,-0.0076450067732404,24.146264568597687,24.176572226018436,0.0391326487090068,-0.0032596357162316,23.77598158478932,23.66416100496194,,,,,,,,,,,0.0014599428049598,2021-09-24,-0.879999999999999,2021-09-24,0.0011437069101939,2021-09-24,0.0031551861333156,2021-09-24,0.06,2021-09-24,2.0,2.0,2.0,2.0,2.0,Sunday,1,Initial_Estimation,0,,1,1
2021-09-27,-0.0107871885658004,0.0114627331577824,24.15660860992695,24.146264568597687,-0.0279088502122375,0.0391326487090068,23.676302157100913,23.77598158478932,-0.0027802175328761,0.0014599428049598,1.0100000000000016,-0.879999999999999,0.0001714711735557,0.0011437069101939,0.0005998607645997,0.0031551861333156,0.01,0.06,0.0014599428049598,2021-09-24,-0.879999999999999,2021-09-24,0.0011437069101939,2021-09-24,0.0031551861333156,2021-09-24,0.06,2021-09-24,3.0,3.0,3.0,3.0,3.0,Monday,0,Initial_Estimation,0,,1,1
2021-09-28,-0.0216927809555096,-0.0107871885658004,24.131602359192215,24.15660860992695,-0.0315421751058553,-0.0279088502122375,23.550288237184574,23.676302157100913,-0.0205743215874744,-0.0027802175328761,4.489999999999998,1.0100000000000016,-0.0081473575773747,0.0001714711735557,0.0040930011348056,0.0005998607645997,0.06,0.01,-0.0027802175328761,2021-09-27,1.0100000000000016,2021-09-27,0.0001714711735557,2021-09-27,0.0005998607645997,2021-09-27,0.01,2021-09-27,1.0,1.0,1.0,1.0,1.0,Tuesday,0,Initial_Estimation,0,,1,1
2021-09-29,-0.015916444008173,-0.0216927809555096,24.1443429640095,24.131602359192215,-0.0146253026879901,-0.0315421751058553,23.480960196699037,23.550288237184574,0.0015679363733049,-0.0205743215874744,-0.6900000000000013,4.489999999999998,-0.0082724265616064,-0.0081473575773747,0.0060817607609057,0.0040930011348056,0.01,0.06,-0.0205743215874744,2021-09-28,4.489999999999998,2021-09-28,-0.0081473575773747,2021-09-28,0.0040930011348056,2021-09-28,0.06,2021-09-28,1.0,1.0,1.0,1.0,1.0,Wednesday,0,Initial_Estimation,0,,1,1
2021-09-30,0.0547944564219613,-0.015916444008173,24.161813013614942,24.1443429640095,0.0520824286437586,-0.0146253026879901,23.59462834168522,23.480960196699037,-0.0119812209738146,0.0015679363733049,0.5800000000000018,-0.6900000000000013,0.0194438065012595,-0.0082724265616064,-0.0011454754975288,0.0060817607609057,-0.03,0.01,0.0015679363733049,2021-09-29,-0.6900000000000013,2021-09-29,-0.0082724265616064,2021-09-29,0.0060817607609057,2021-09-29,0.01,2021-09-29,1.0,1.0,1.0,1.0,1.0,Thursday,0,Initial_Estimation,0,,1,1
2021-10-01,0.1026471410569198,0.0547944564219613,24.480986454620233,24.161813013614942,0.1022059548535201,0.0520824286437586,23.82819441090575,23.59462834168522,0.0114259522163595,-0.0119812209738146,-1.990000000000002,0.5800000000000018,0.000967998907259,0.0194438065012595,-0.0020715488246233,-0.0011454754975288,-0.04,-0.03,-0.0119812209738146,2021-09-30,0.5800000000000018,2021-09-30,0.0194438065012595,2021-09-30,-0.0011454754975288,2021-09-30,-0.03,2021-09-30,1.0,1.0,1.0,1.0,1.0,Friday,0,Initial_Estimation,0,,1,1
2021-10-02,-0.0023411929744173,0.1026471410569198,24.14473457564164,24.480986454620233,0.0404574434608425,0.1022059548535201,23.67831525754951,23.82819441090575,,,,,,,,,,,0.0114259522163595,2021-10-01,-1.990000000000002,2021-10-01,0.000967998907259,2021-10-01,-0.0020715488246233,2021-10-01,-0.04,2021-10-01,1.0,1.0,1.0,1.0,1.0,Saturday,1,Initial_Estimation,0,,1,1
2021-10-03,0.018658069966403,-0.0023411929744173,24.005608954854686,24.14473457564164,0.0111907048561112,0.0404574434608425,23.465174119886168,23.67831525754951,,,,,,,,,,,0.0114259522163595,2021-10-01,-1.990000000000002,2021-10-01,0.000967998907259,2021-10-01,-0.0020715488246233,2021-10-01,-0.04,2021-10-01,2.0,2.0,2.0,2.0,2.0,Sunday,1,Initial_Estimation,0,,1,1
2021-10-04,0.0015251147749352,0.018658069966403,24.2313178076427,24.005608954854686,-0.0241526396191549,0.0111907048561112,23.599491007675205,23.465174119886168,-0.0130709339999375,0.0114259522163595,1.8100000000000025,-1.990000000000002,0.0052225092017402,0.000967998907259,-0.0027580936599681,-0.0020715488246233,0.01,-0.04,0.0114259522163595,2021-10-01,-1.990000000000002,2021-10-01,0.000967998907259,2021-10-01,-0.0020715488246233,2021-10-01,-0.04,2021-10-01,3.0,3.0,3.0,3.0,3.0,Monday,0,Initial_Estimation,0,,1,1
2021-10-05,0.0493312374471269,0.0015251147749352,24.30327596661547,24.2313178076427,0.0412292281580396,-0.0241526396191549,23.5346299610637,23.599491007675205,0.0104694589772618,-0.0130709339999375,-1.66,1.8100000000000025,-0.0037438217890526,0.0052225092017402,0.0021198297161682,-0.0027580936599681,0.05,0.01,-0.0130709339999375,2021-10-04,1.8100000000000025,2021-10-04,0.0052225092017402,2021-10-04,-0.0027580936599681,2021-10-04,0.01,2021-10-04,1.0,1.0,1.0,1.0,1.0,Tuesday,0,Initial_Estimation,0,,1,1
2021-10-06,0.065012311809755,0.0493312374471269,24.615794662930647,24.30327596661547,0.0099909274182943,0.0412292281580396,23.8077059331329,23.5346299610637,0.0040944935476352,0.0104694589772618,-0.3000000000000007,-1.66,0.0005113629953223,-0.0037438217890526,0.0030917837432737,0.0021198297161682,-0.01,0.05,0.0104694589772618,2021-10-05,-1.66,2021-10-05,-0.0037438217890526,2021-10-05,0.0021198297161682,2021-10-05,0.05,2021-10-05,1.0,1.0,1.0,1.0,1.0,Wednesday,0,Initial_Estimation,0,,1,1
2021-10-07,-0.0135400033159952,0.065012311809755,24.3289772574918,24.615794662930647,0.0176923368048864,0.0099909274182943,23.672447390570326,23.8077059331329,0.0082640477350165,0.0040944935476352,-1.4600000000000009,-0.3000000000000007,-0.0014779309010644,0.0005113629953223,-0.0005199408021294,0.0030917837432737,0.05,-0.01,0.0040944935476352,2021-10-06,-0.3000000000000007,2021-10-06,0.0005113629953223,2021-10-06,0.0030917837432737,2021-10-06,-0.01,2021-10-06,1.0,1.0,1.0,1.0,1.0,Thursday,0,Initial_Estimation,0,,1,1
2021-10-08,-0.0035744171942366,-0.0135400033159952,24.27290833617014,24.3289772574918,-0.0193726033453764,0.0176923368048864,23.50963600037124,23.672447390570326,-0.001915574290979,0.0082640477350165,-0.7699999999999996,-1.4600000000000009,-0.0009105774646536,-0.0014779309010644,-0.0015933380609513,-0.0005199408021294,0.03,0.05,0.0082640477350165,2021-10-07,-1.4600000000000009,2021-10-07,-0.0014779309010644,2021-10-07,-0.0005199408021294,2021-10-07,0.05,2021-10-07,1.0,1.0,1.0,1.0,1.0,Friday,0,Initial_Estimation,0,,1,1
2021-10-09,0.0107833403610984,-0.0035744171942366,24.204235471681784,24.27290833617014,0.0065142244996275,-0.0193726033453764,23.265421766881076,23.50963600037124,,,,,,,,,,,-0.001915574290979,2021-10-08,-0.7699999999999996,2021-10-08,-0.0009105774646536,2021-10-08,-0.0015933380609513,2021-10-08,0.03,2021-10-08,1.0,1.0,1.0,1.0,1.0,Saturday,1,Initial_Estimation,0,,1,1
2021-10-10,0.0138831245607869,0.0107833403610984,24.400269865592033,24.204235471681784,-0.0153779882275316,0.0065142244996275,23.506531525295316,23.265421766881076,,,,,,,,,,,-0.001915574290979,2021-10-08,-0.7699999999999996,2021-10-08,-0.0009105774646536,2021-10-08,-0.0015933380609513,2021-10-08,0.03,2021-10-08,2.0,2.0,2.0,2.0,2.0,Sunday,1,Initial_Estimation,0,,1,1
2021-10-11,0.0349893860367737,0.0138831245607869,24.47599603740693,24.400269865592033,-0.0091606217884925,-0.0153779882275316,23.64530795194273,23.506531525295316,-0.0068894637904681,-0.001915574290979,1.2300000000000004,-0.7699999999999996,-0.0009684544494238,-0.0009105774646536,0.0026435521783666,-0.0015933380609513,,,-0.001915574290979,2021-10-08,-0.7699999999999996,2021-10-08,-0.0009105774646536,2021-10-08,-0.0015933380609513,2021-10-08,0.03,2021-10-08,3.0,3.0,3.0,3.0,3.0,Monday,0,Initial_Estimation,0,,1,1
2021-10-12,-0.0349476548727202,0.0349893860367737,24.438878720960822,24.47599603740693,-0.0039908301293571,-0.0091606217884925,23.61970683098936,23.64530795194273,-0.0024196966754627,-0.0068894637904681,-0.1499999999999985,1.2300000000000004,0.0021065641406037,-0.0009684544494238,0.0021182858285204,0.0026435521783666,-0.02,0.03,-0.0068894637904681,2021-10-11,1.2300000000000004,2021-10-11,-0.0009684544494238,2021-10-11,0.0026435521783666,2021-10-11,0.03,2021-10-08,1.0,1.0,1.0,1.0,4.0,Tuesday,0,Initial_Estimation,0,,1,1
2021-10-13,0.0289231818900693,-0.0349476548727202,24.45338926332747,24.438878720960822,0.0271650804697519,-0.0039908301293571,23.50897286108472,23.61970683098936,0.0030179781813102,-0.0024196966754627,-1.2100000000000009,-0.1499999999999985,0.0199330374123858,0.0021065641406037,-0.0046236481870049,0.0021182858285204,-0.03,-0.02,-0.0024196966754627,2021-10-12,-0.1499999999999985,2021-10-12,0.0021065641406037,2021-10-12,0.0021182858285204,2021-10-12,-0.02,2021-10-12,1.0,1.0,1.0,1.0,1.0,Wednesday,0,Initial_Estimation,0,,1,1
2021-10-14,0.0082160813814197,0.0289231818900693,24.323745442389885,24.45338926332747,0.0517336995310318,0.0271650804697519,23.69077865624528,23.50897286108472,0.016919170336133,0.0030179781813102,-1.7800000000000011,-1.2100000000000009,0.0016711234290114,0.0199330374123858,-0.0013188965727275,-0.0046236481870049,-0.04,-0.03,0.0030179781813102,2021-10-13,-1.2100000000000009,2021-10-13,0.0199330374123858,2021-10-13,-0.0046236481870049,2021-10-13,-0.03,2021-10-13,1.0,1.0,1.0,1.0,1.0,Thursday,0,Initial_Estimation,0,,1,1
2021-10-15,0.0846912369836083,0.0082160813814197,24.67027139104839,24.323745442389885,0.0305041042083045,0.0517336995310318,23.76620805115501,23.69077865624528,0.0074324416209213,0.016919170336133,-0.5599999999999987,-1.7800000000000011,-0.0165552762862792,0.0016711234290114,-0.0002022427665188,-0.0013188965727275,0.07,-0.04,0.016919170336133,2021-10-14,-1.7800000000000011,2021-10-14,0.0016711234290114,2021-10-14,-0.0013188965727275,2021-10-14,-0.04,2021-10-14,1.0,1.0,1.0,1.0,1.0,Friday,0,Initial_Estimation,0,,1,1
2021-10-16,-0.0246644953439308,0.0846912369836083,24.25698055416347,24.67027139104839,-0.0126521763312203,0.0305041042083045,23.531348120527145,23.76620805115501,,,,,,,,,,,0.0074324416209213,2021-10-15,-0.5599999999999987,2021-10-15,-0.0165552762862792,2021-10-15,-0.0002022427665188,2021-10-15,0.07,2021-10-15,1.0,1.0,1.0,1.0,1.0,Saturday,1,Initial_Estimation,0,,1,1
2021-10-17,0.0002447076051371,-0.0246644953439308,24.091677165601805,24.25698055416347,-0.0072234816935856,-0.0126521763312203,23.490093643556595,23.531348120527145,,,,,,,,,,,0.0074324416209213,2021-10-15,-0.5599999999999987,2021-10-15,-0.0165552762862792,2021-10-15,-0.0002022427665188,2021-10-15,0.07,2021-10-15,2.0,2.0,2.0,2.0,2.0,Sunday,1,Initial_Estimation,0,,1,1
2021-10-18,0.0058911770261133,0.0002447076051371,24.36231308862633,24.091677165601805,-0.0189116190422271,-0.0072234816935856,23.57894286420085,23.490093643556595,0.003369122716967,0.0074324416209213,0.009999999999998,-0.5599999999999987,-0.001358948308654,-0.0165552762862792,0.0001703124172514,-0.0002022427665188,0.0,0.07,0.0074324416209213,2021-10-15,-0.5599999999999987,2021-10-15,-0.0165552762862792,2021-10-15,-0.0002022427665188,2021-10-15,0.07,2021-10-15,3.0,3.0,3.0,3.0,3.0,Monday,0,Initial_Estimation,0,,1,1
2021-10-19,0.043866167821734,0.0058911770261133,24.42385635670193,24.36231308862633,0.0191034872477572,-0.0189116190422271,23.49577687698151,23.57894286420085,0.0073661600060432,0.003369122716967,-0.6099999999999994,0.009999999999998,0.0027726159189181,-0.001358948308654,-0.0023336736096809,0.0001703124172514,0.0599999999999998,0.0,0.003369122716967,2021-10-18,0.009999999999998,2021-10-18,-0.001358948308654,2021-10-18,0.0001703124172514,2021-10-18,0.0,2021-10-18,1.0,1.0,1.0,1.0,1.0,Tuesday,0,Initial_Estimation,0,,1,1
2021-10-20,0.0288009734335815,0.043866167821734,24.431677185192004,24.42385635670193,0.0768016889564263,0.0191034872477572,23.735772627695372,23.49577687698151,0.0036573205869523,0.0073661600060432,-0.209999999999999,-0.6099999999999994,0.0081040596104608,0.0027726159189181,-0.0018794187878372,-0.0023336736096809,0.0,0.0599999999999998,0.0073661600060432,2021-10-19,-0.6099999999999994,2021-10-19,0.0027726159189181,2021-10-19,-0.0023336736096809,2021-10-19,0.0599999999999998,2021-10-19,1.0,1.0,1.0,1.0,1.0,Wednesday,0,Initial_Estimation,0,,1,1
2021-10-21,-0.0517466858070423,0.0288009734335815,24.54990787452713,24.431677185192004,-0.0045542495733778,0.0768016889564263,24.06332023525767,23.735772627695372,0.0029914274720985,0.0036573205869523,-0.4800000000000004,-0.209999999999999,-0.0016268056619152,0.0081040596104608,0.0022634106007302,-0.0018794187878372,0.03,0.0,0.0036573205869523,2021-10-20,-0.209999999999999,2021-10-20,0.0081040596104608,2021-10-20,-0.0018794187878372,2021-10-20,0.0,2021-10-20,1.0,1.0,1.0,1.0,1.0,Thursday,0,Initial_Estimation,0,,1,1
2021-10-22,-0.0316548655458604,-0.0517466858070423,24.37221047514637,24.54990787452713,-0.0261397588460977,-0.0045542495733778,23.690235296727963,24.06332023525767,-0.0010731549583585,0.0029914274720985,0.4199999999999999,-0.4800000000000004,0.0079962676316408,-0.0016268056619152,-0.0013659746430622,0.0022634106007302,-0.02,0.03,0.0029914274720985,2021-10-21,-0.4800000000000004,2021-10-21,-0.0016268056619152,2021-10-21,0.0022634106007302,2021-10-21,0.03,2021-10-21,1.0,1.0,1.0,1.0,1.0,Friday,0,Initial_Estimation,0,,1,1
2021-10-23,0.0066212594710055,-0.0316548655458604,24.01474306664263,24.37221047514637,0.0258023051510786,-0.0261397588460977,23.41664479252096,23.690235296727963,,,,,,,,,,,-0.0010731549583585,2021-10-22,0.4199999999999999,2021-10-22,0.0079962676316408,2021-10-22,-0.0013659746430622,2021-10-22,-0.02,2021-10-22,1.0,1.0,1.0,1.0,1.0,Saturday,1,Initial_Estimation,0,,1,1
2021-10-24,-0.0133796594167622,0.0066212594710055,24.0307451796817,24.01474306664263,-0.0158957327210568,0.0258023051510786,23.429853878814612,23.41664479252096,,,,,,,,,,,-0.0010731549583585,2021-10-22,0.4199999999999999,2021-10-22,0.0079962676316408,2021-10-22,-0.0013659746430622,2021-10-22,-0.02,2021-10-22,2.0,2.0,2.0,2.0,2.0,Sunday,1,Initial_Estimation,0,,1,1
2021-10-25,0.0363976645696493,-0.0133796594167622,24.159344775262465,24.0307451796817,0.0379676259966428,-0.0158957327210568,23.49558746351932,23.429853878814612,0.0047369422309476,-0.0010731549583585,-0.1899999999999995,0.4199999999999999,0.0058309203107931,0.0079962676316408,0.0018244383711525,-0.0013659746430622,-0.02,-0.02,-0.0010731549583585,2021-10-22,0.4199999999999999,2021-10-22,0.0079962676316408,2021-10-22,-0.0013659746430622,2021-10-22,-0.02,2021-10-22,3.0,3.0,3.0,3.0,3.0,Monday,0,Initial_Estimation,0,,1,1
2021-10-26,-0.0072762519596499,0.0363976645696493,24.27514977921142,24.159344775262465,0.019790853167407,0.0379676259966428,23.565713738103813,23.49558746351932,0.00181812861651,0.0047369422309476,0.7400000000000002,-0.1899999999999995,-0.0073916189533362,0.0058309203107931,0.0014486426836498,0.0018244383711525,-0.01,-0.02,0.0047369422309476,2021-10-25,-0.1899999999999995,2021-10-25,0.0058309203107931,2021-10-25,0.0018244383711525,2021-10-25,-0.02,2021-10-25,1.0,1.0,1.0,1.0,1.0,Tuesday,0,Initial_Estimation,0,,1,1
2021-10-27,-0.0525500752472109,-0.0072762519596499,24.499631234223553,24.27514977921142,-0.0679662556595919,0.019790853167407,23.989770405281764,23.565713738103813,-0.0050644004514438,0.00181812861651,1.0,0.7400000000000002,0.0028964946878651,-0.0073916189533362,-0.0015659040967842,0.0014486426836498,-0.0899999999999998,-0.01,0.00181812861651,2021-10-26,0.7400000000000002,2021-10-26,-0.0073916189533362,2021-10-26,0.0014486426836498,2021-10-26,-0.01,2021-10-26,1.0,1.0,1.0,1.0,1.0,Wednesday,0,Initial_Estimation,0,,1,1
2021-10-28,0.0413867471347011,-0.0525500752472109,24.535625030687193,24.499631234223553,0.0658883682049227,-0.0679662556595919,23.97975163900587,23.989770405281764,0.0097813440400895,-0.0050644004514438,-0.4499999999999993,1.0,0.0020558146825891,0.0028964946878651,-0.0048838710571988,-0.0015659040967842,0.03,-0.0899999999999998,-0.0050644004514438,2021-10-27,1.0,2021-10-27,0.0028964946878651,2021-10-27,-0.0015659040967842,2021-10-27,-0.0899999999999998,2021-10-27,1.0,1.0,1.0,1.0,1.0,Thursday,0,Initial_Estimation,0,,1,1
2021-10-29,0.0158041781058094,0.0413867471347011,24.33030818894654,24.535625030687193,0.0343231131653978,0.0658883682049227,23.85735218899578,23.97975163900587,0.0019474456805769,0.0097813440400895,-0.2699999999999996,-0.4499999999999993,-0.0103778065309083,0.0020558146825891,0.0083001308650442,-0.0048838710571988,-0.02,0.03,0.0097813440400895,2021-10-28,-0.4499999999999993,2021-10-28,0.0020558146825891,2021-10-28,-0.0048838710571988,2021-10-28,0.03,2021-10-28,1.0,1.0,1.0,1.0,1.0,Friday,0,Initial_Estimation,0,,1,1
2021-10-30,-0.0114403529470952,0.0158041781058094,24.193925181441635,24.33030818894654,-0.0210197791274437,0.0343231131653978,23.405347804976948,23.85735218899578,,,,,,,,,,,0.0019474456805769,2021-10-29,-0.2699999999999996,2021-10-29,-0.0103778065309083,2021-10-29,0.0083001308650442,2021-10-29,-0.02,2021-10-29,1.0,1.0,1.0,1.0,1.0,Saturday,1,Initial_Estimation,0,,1,1
2021-10-31,-0.0165222355600537,-0.0114403529470952,24.19651097247165,24.193925181441635,-0.0160852977978936,-0.0210197791274437,23.58536158309227,23.405347804976948,,,,,,,,,,,0.0019474456805769,2021-10-29,-0.2699999999999996,2021-10-29,-0.0103778065309083,2021-10-29,0.0083001308650442,2021-10-29,-0.02,2021-10-29,2.0,2.0,2.0,2.0,2.0,Sunday,1,Initial_Estimation,0,,1,1
2021-11-01,0.0010800868216645,-0.0165222355600537,24.310958631705024,24.19651097247165,0.0160783399450869,-0.0160852977978936,23.6128199418221,23.58536158309227,0.0017984504334932,0.0019474456805769,0.1499999999999985,-0.2699999999999996,0.0067633782134925,-0.0103778065309083,-0.0025957185242816,0.0083001308650442,0.03,-0.02,0.0019474456805769,2021-10-29,-0.2699999999999996,2021-10-29,-0.0103778065309083,2021-10-29,0.0083001308650442,2021-10-29,-0.02,2021-10-29,3.0,3.0,3.0,3.0,3.0,Monday,0,Initial_Estimation,0,,1,1
2021-11-02,0.0388036053501234,0.0010800868216645,24.354162981508576,24.310958631705024,0.0440091840049068,0.0160783399450869,23.757951875622386,23.6128199418221,0.0036736112761163,0.0017984504334932,-0.379999999999999,0.1499999999999985,-0.0035716453755408,0.0067633782134925,0.0022450519886208,-0.0025957185242816,-0.02,0.03,0.0017984504334932,2021-11-01,0.1499999999999985,2021-11-01,0.0067633782134925,2021-11-01,-0.0025957185242816,2021-11-01,0.03,2021-11-01,1.0,1.0,1.0,1.0,1.0,Tuesday,0,Initial_Estimation,0,,1,1
2021-11-03,-0.0056958077031905,0.0388036053501234,24.31024355107457,24.354162981508576,0.0248092614869334,0.0440091840049068,23.77823179623713,23.757951875622386,0.0064405112404735,0.0036736112761163,-0.9300000000000016,-0.379999999999999,-0.0141319110606203,-0.0035716453755408,-0.0024048448973515,0.0022450519886208,0.04,-0.02,0.0036736112761163,2021-11-02,-0.379999999999999,2021-11-02,-0.0035716453755408,2021-11-02,0.0022450519886208,2021-11-02,-0.02,2021-11-02,1.0,1.0,1.0,1.0,1.0,Wednesday,0,Initial_Estimation,0,,1,1
2021-11-04,-0.0227506480726536,-0.0056958077031905,24.2080641084678,24.31024355107457,-0.0226742258180839,0.0248092614869334,23.636444662020057,23.77823179623713,0.0041731721062601,0.0064405112404735,0.3399999999999998,-0.9300000000000016,0.0165330339646609,-0.0141319110606203,0.0051325486853322,-0.0024048448973515,-0.07,0.04,0.0064405112404735,2021-11-03,-0.9300000000000016,2021-11-03,-0.0141319110606203,2021-11-03,-0.0024048448973515,2021-11-03,0.04,2021-11-03,1.0,1.0,1.0,1.0,1.0,Thursday,0,Initial_Estimation,0,,1,1
2021-11-05,-0.0063472757658493,-0.0227506480726536,24.144432578605382,24.2080641084678,-0.013893665474607,-0.0226742258180839,23.437033236081653,23.636444662020057,0.0037259083006282,0.0041731721062601,1.040000000000001,0.3399999999999998,0.0129663390595695,0.0165330339646609,-0.0002862185775395,0.0051325486853322,-0.08,-0.07,0.0041731721062601,2021-11-04,0.3399999999999998,2021-11-04,0.0165330339646609,2021-11-04,0.0051325486853322,2021-11-04,-0.07,2021-11-04,1.0,1.0,1.0,1.0,1.0,Friday,0,Initial_Estimation,0,,1,1
2021-11-06,0.0036841881141458,-0.0063472757658493,24.093829914217295,24.144432578605382,0.0075082683766918,-0.013893665474607,23.392511222931095,23.437033236081653,,,,,,,,,,,0.0037259083006282,2021-11-05,1.040000000000001,2021-11-05,0.0129663390595695,2021-11-05,-0.0002862185775395,2021-11-05,-0.08,2021-11-05,1.0,1.0,1.0,1.0,1.0,Saturday,1,Initial_Estimation,0,,1,1
2021-11-07,0.0209713737991203,0.0036841881141458,23.931151664496312,24.093829914217295,0.0278811413309422,0.0075082683766918,23.329015726519422,23.392511222931095,,,,,,,,,,,0.0037259083006282,2021-11-05,1.040000000000001,2021-11-05,0.0129663390595695,2021-11-05,-0.0002862185775395,2021-11-05,-0.08,2021-11-05,2.0,2.0,2.0,2.0,2.0,Sunday,1,Initial_Estimation,0,,1,1
2021-11-08,0.0565595814340615,0.0209713737991203,24.439896838141387,23.931151664496312,0.0338905690913143,0.0278811413309422,23.682899125563328,23.329015726519422,0.0008873067844048,0.0037259083006282,0.7399999999999984,1.040000000000001,0.0060376712598167,0.0129663390595695,-0.0028773331808144,-0.0002862185775395,0.06,-0.08,0.0037259083006282,2021-11-05,1.040000000000001,2021-11-05,0.0129663390595695,2021-11-05,-0.0002862185775395,2021-11-05,-0.08,2021-11-05,3.0,3.0,3.0,3.0,3.0,Monday,0,Initial_Estimation,0,,1,1
2021-11-09,0.023774688308326,0.0565595814340615,24.46942294675876,24.439896838141387,0.0057853205436449,0.0338905690913143,23.759860390305196,23.682899125563328,-0.0035048693855752,0.0008873067844048,0.5600000000000023,0.7399999999999984,0.0015310188776383,0.0060376712598167,-0.000999978807185,-0.0028773331808144,-0.05,0.06,0.0008873067844048,2021-11-08,0.7399999999999984,2021-11-08,0.0060376712598167,2021-11-08,-0.0028773331808144,2021-11-08,0.06,2021-11-08,1.0,1.0,1.0,1.0,1.0,Tuesday,0,Initial_Estimation,0,,1,1
2021-11-10,-0.0521839048520103,0.023774688308326,24.60957769300066,24.46942294675876,-0.0526306708070309,0.0057853205436449,23.84775012390958,23.759860390305196,-0.0082598337573755,-0.0035048693855752,0.9499999999999992,0.5600000000000023,0.0094622625403595,0.0015310188776383,0.0094807521399071,-0.000999978807185,0.1,-0.05,-0.0035048693855752,2021-11-09,0.5600000000000023,2021-11-09,0.0015310188776383,2021-11-09,-0.000999978807185,2021-11-09,-0.05,2021-11-09,1.0,1.0,1.0,1.0,1.0,Wednesday,0,Initial_Estimation,0,,1,1
2021-11-11,0.0122186079636349,-0.0521839048520103,24.303463522699214,24.60957769300066,0.0413024226171782,-0.0526306708070309,23.60991964343002,23.84775012390958,0.0005507757255752,-0.0082598337573755,-1.0700000000000005,0.9499999999999992,0.00840792702102,0.0094622625403595,0.0034521262733499,0.0094807521399071,,,-0.0082598337573755,2021-11-10,0.9499999999999992,2021-11-10,0.0094622625403595,2021-11-10,0.0094807521399071,2021-11-10,0.1,2021-11-10,1.0,1.0,1.0,1.0,1.0,Thursday,0,Initial_Estimation,0,,1,1
2021-11-12,-0.0146039984041446,0.0122186079636349,24.309140162826168,24.303463522699214,-0.0188360567929113,0.0413024226171782,23.631044118916464,23.60991964343002,0.0071966809110384,0.0005507757255752,-1.370000000000001,-1.0700000000000005,0.0025194048720461,0.00840792702102,-0.0005254695190954,0.0034521262733499,0.02,0.1,0.0005507757255752,2021-11-11,-1.0700000000000005,2021-11-11,0.00840792702102,2021-11-11,0.0034521262733499,2021-11-11,0.1,2021-11-10,1.0,1.0,1.0,1.0,2.0,Friday,0,Initial_Estimation,0,,1,1
2021-11-13,0.0038820446227084,-0.0146039984041446,24.140147205250297,24.309140162826168,-0.0001696340096636,-0.0188360567929113,23.39447473927173,23.631044118916464,,,,,,,,,,,0.0071966809110384,2021-11-12,-1.370000000000001,2021-11-12,0.0025194048720461,2021-11-12,-0.0005254695190954,2021-11-12,0.02,2021-11-12,1.0,1.0,1.0,1.0,1.0,Saturday,1,Initial_Estimation,0,,1,1
2021-11-14,-0.0021906346899728,0.0038820446227084,23.947013462936447,24.140147205250297,-0.0214385162137397,-0.0001696340096636,23.222483117696992,23.39447473927173,,,,,,,,,,,0.0071966809110384,2021-11-12,-1.370000000000001,2021-11-12,0.0025194048720461,2021-11-12,-0.0005254695190954,2021-11-12,0.02,2021-11-12,2.0,2.0,2.0,2.0,2.0,Sunday,1,Initial_Estimation,0,,1,1
2021-11-15,-0.0049949067917721,-0.0021906346899728,24.142917340609458,23.947013462936447,0.001593755098612,-0.0214385162137397,23.51294833083129,23.222483117696992,-1.0677315509449458e-05,0.0071966809110384,0.1999999999999993,-1.370000000000001,-0.0009641397790913,0.0025194048720461,0.0029285978891847,-0.0005254695190954,0.0499999999999998,0.02,0.0071966809110384,2021-11-12,-1.370000000000001,2021-11-12,0.0025194048720461,2021-11-12,-0.0005254695190954,2021-11-12,0.02,2021-11-12,3.0,3.0,3.0,3.0,3.0,Monday,0,Initial_Estimation,0,,1,1
2021-11-16,-0.0552512204108809,-0.0049949067917721,24.570095933134457,24.142917340609458,-0.0702267213979707,0.001593755098612,24.034447434759663,23.51294833083129,0.0038577581225869,-1.0677315509449458e-05,-0.1199999999999974,0.1999999999999993,-0.006720997509486,-0.0009641397790913,0.0053104315638387,0.0029285978891847,0.0,0.0499999999999998,-1.0677315509449458e-05,2021-11-15,0.1999999999999993,2021-11-15,-0.0009641397790913,2021-11-15,0.0029285978891847,2021-11-15,0.0499999999999998,2021-11-15,1.0,1.0,1.0,1.0,1.0,Tuesday,0,Initial_Estimation,0,,1,1
2021-11-17,-0.0060130007102082,-0.0552512204108809,24.391391231010537,24.570095933134457,0.0002913390102391,-0.0702267213979707,23.822612886491072,24.034447434759663,-0.0026050195943357,0.0038577581225869,0.7399999999999984,-0.1199999999999974,0.0086482831087354,-0.006720997509486,-0.0009074647415584,0.0053104315638387,-0.0299999999999998,0.0,0.0038577581225869,2021-11-16,-0.1199999999999974,2021-11-16,-0.006720997509486,2021-11-16,0.0053104315638387,2021-11-16,0.0,2021-11-16,1.0,1.0,1.0,1.0,1.0,Wednesday,0,Initial_Estimation,0,,1,1
2021-11-18,-0.0428828333220794,-0.0060130007102082,24.446265004162928,24.391391231010537,-0.0563676104343758,0.0002913390102391,23.785873783977877,23.822612886491072,0.0033790397745142,-0.0026050195943357,0.4800000000000004,0.7399999999999984,-0.0046639864134909,0.0086482831087354,-0.0029680434806169,-0.0009074647415584,-0.01,-0.0299999999999998,-0.0026050195943357,2021-11-17,0.7399999999999984,2021-11-17,0.0086482831087354,2021-11-17,-0.0009074647415584,2021-11-17,-0.0299999999999998,2021-11-17,1.0,1.0,1.0,1.0,1.0,Thursday,0,Initial_Estimation,0,,1,1
2021-11-19,0.0047009345691923,-0.0428828333220794,24.37916765137754,24.446265004162928,0.064483841152172,-0.0563676104343758,23.749831329017763,23.785873783977877,-0.0013996279870592,0.0033790397745142,0.3200000000000003,0.4800000000000004,-0.0052799265793109,-0.0046639864134909,0.0050841816420117,-0.0029680434806169,-0.05,-0.01,0.0033790397745142,2021-11-18,0.4800000000000004,2021-11-18,-0.0046639864134909,2021-11-18,-0.0029680434806169,2021-11-18,-0.01,2021-11-18,1.0,1.0,1.0,1.0,1.0,Friday,0,Initial_Estimation,0,,1,1
2021-11-20,0.030255149382418,0.0047009345691923,24.14505850104972,24.37916765137754,0.0321219666427431,0.064483841152172,23.46076229525171,23.749831329017763,,,,,,,,,,,-0.0013996279870592,2021-11-19,0.3200000000000003,2021-11-19,-0.0052799265793109,2021-11-19,0.0050841816420117,2021-11-19,-0.05,2021-11-19,1.0,1.0,1.0,1.0,1.0,Saturday,1,Initial_Estimation,0,,1,1
2021-11-21,-0.0021094622544302,0.030255149382418,23.98609912364766,24.14505850104972,-0.0124770727669925,0.0321219666427431,23.36907400067473,23.46076229525171,,,,,,,,,,,-0.0013996279870592,2021-11-19,0.3200000000000003,2021-11-19,-0.0052799265793109,2021-11-19,0.0050841816420117,2021-11-19,-0.05,2021-11-19,2.0,2.0,2.0,2.0,2.0,Sunday,1,Initial_Estimation,0,,1,1
2021-11-22,-0.0561197597794876,-0.0021094622544302,24.279645417180248,23.98609912364766,-0.0700320375566945,-0.0124770727669925,23.706531670185488,23.36907400067473,-0.0032022541195681,-0.0013996279870592,1.2600000000000016,0.3200000000000003,-0.024719596086009,-0.0052799265793109,0.0053692379962157,0.0050841816420117,0.0899999999999998,-0.05,-0.0013996279870592,2021-11-19,0.3200000000000003,2021-11-19,-0.0052799265793109,2021-11-19,0.0050841816420117,2021-11-19,-0.05,2021-11-19,3.0,3.0,3.0,3.0,3.0,Monday,0,Initial_Estimation,0,,1,1
2021-11-23,0.0253222396899314,-0.0561197597794876,24.3472281355565,24.279645417180248,0.0642851586840718,-0.0700320375566945,23.820358001977308,23.706531670185488,0.0016557072327826,-0.0032022541195681,0.2099999999999973,1.2600000000000016,-0.0125367291779845,-0.024719596086009,-0.000590554257498,0.0053692379962157,0.04,0.0899999999999998,-0.0032022541195681,2021-11-22,1.2600000000000016,2021-11-22,-0.024719596086009,2021-11-22,0.0053692379962157,2021-11-22,0.0899999999999998,2021-11-22,1.0,1.0,1.0,1.0,1.0,Tuesday,0,Initial_Estimation,0,,1,1
2021-11-24,-0.0065999008773256,0.0253222396899314,24.32428537568201,24.3472281355565,-0.021377824313336,0.0642851586840718,23.806919108692533,23.820358001977308,0.0022912737234973,0.0016557072327826,-0.8000000000000007,0.2099999999999973,0.0003363468974658,-0.0125367291779845,0.0039717479266559,-0.000590554257498,-0.03,0.04,0.0016557072327826,2021-11-23,0.2099999999999973,2021-11-23,-0.0125367291779845,2021-11-23,-0.000590554257498,2021-11-23,0.04,2021-11-23,1.0,1.0,1.0,1.0,1.0,Wednesday,0,Initial_Estimation,0,,1,1
2021-11-25,0.0261222427749622,-0.0065999008773256,24.25794508390663,24.32428537568201,0.055236172356964,-0.021377824313336,23.65207586083142,23.806919108692533,,,,,,,-0.0010431245104105,0.0039717479266559,,,0.0022912737234973,2021-11-24,-0.8000000000000007,2021-11-24,0.0003363468974658,2021-11-24,0.0039717479266559,2021-11-24,-0.03,2021-11-24,1.0,1.0,1.0,1.0,1.0,Thursday,0,Initial_Estimation,0,,1,1
2021-11-26,-0.0856475758173612,0.0261222427749622,24.456419277897403,24.25794508390663,-0.1003883197624228,0.055236172356964,23.992142349690205,23.65207586083142,-0.0229870449732837,0.0022912737234973,10.040000000000004,-0.8000000000000007,0.0006724229725988,0.0003363468974658,-0.0071035178382646,-0.0010431245104105,-0.1599999999999999,-0.03,0.0022912737234973,2021-11-24,-0.8000000000000007,2021-11-24,0.0003363468974658,2021-11-24,-0.0010431245104105,2021-11-25,-0.03,2021-11-24,2.0,2.0,2.0,1.0,2.0,Friday,0,Initial_Estimation,0,,1,1
2021-11-27,0.0111340412431399,-0.0856475758173612,24.142985867408463,24.456419277897403,0.0030482856471983,-0.1003883197624228,23.527576909681017,23.992142349690205,,,,,,,,,,,-0.0229870449732837,2021-11-26,10.040000000000004,2021-11-26,0.0006724229725988,2021-11-26,-0.0071035178382646,2021-11-26,-0.1599999999999999,2021-11-26,1.0,1.0,1.0,1.0,1.0,Saturday,1,Initial_Estimation,0,,1,1
2021-11-28,-0.0127924644226825,0.0111340412431399,24.059636170766723,24.142985867408463,-0.0111592142093843,0.0030482856471983,23.492920655747483,23.527576909681017,,,,,,,,,,,-0.0229870449732837,2021-11-26,10.040000000000004,2021-11-26,0.0006724229725988,2021-11-26,-0.0071035178382646,2021-11-26,-0.1599999999999999,2021-11-26,2.0,2.0,2.0,2.0,2.0,Sunday,1,Initial_Estimation,0,,1,1
2021-11-29,0.0782069999252328,-0.0127924644226825,24.200523865499083,24.059636170766723,0.0977877157672243,-0.0111592142093843,23.672245849836816,23.492920655747483,0.0131138573926837,-0.0229870449732837,-5.66,10.040000000000004,-0.0016818032430744,0.0006724229725988,0.0026191357278729,-0.0071035178382646,0.04,-0.1599999999999999,-0.0229870449732837,2021-11-26,10.040000000000004,2021-11-26,0.0006724229725988,2021-11-26,-0.0071035178382646,2021-11-26,-0.1599999999999999,2021-11-26,3.0,3.0,3.0,3.0,3.0,Monday,0,Initial_Estimation,0,,1,1
2021-11-30,-0.0204675311382368,0.0782069999252328,24.326276750366297,24.200523865499083,0.0388624157221586,0.0977877157672243,24.07759360288973,23.672245849836816,-0.0191433769923367,0.0131138573926837,4.23,-5.66,-0.0048933268890934,-0.0016818032430744,-0.0036082915380788,0.0026191357278729,-0.09,0.04,0.0131138573926837,2021-11-29,-5.66,2021-11-29,-0.0016818032430744,2021-11-29,0.0026191357278729,2021-11-29,0.04,2021-11-29,1.0,1.0,1.0,1.0,1.0,Tuesday,0,Initial_Estimation,0,,1,1
2021-12-01,-0.002040783157435,-0.0204675311382368,24.33034382724612,24.326276750366297,-0.0134990264455906,0.0388624157221586,24.042342650997934,24.07759360288973,-0.0118855501134298,-0.0191433769923367,3.93,4.23,0.0045004577028668,-0.0048933268890934,0.0003541260934198,-0.0036082915380788,0.0,-0.09,-0.0191433769923367,2021-11-30,4.23,2021-11-30,-0.0048933268890934,2021-11-30,-0.0036082915380788,2021-11-30,-0.09,2021-11-30,1.0,1.0,1.0,1.0,1.0,Wednesday,0,Initial_Estimation,0,,1,1
2021-12-02,-0.0020629694684725,-0.002040783157435,24.20080581811699,24.33034382724612,-0.0043154533416008,-0.0134990264455906,23.7914429981776,24.042342650997934,0.014094625715697,-0.0118855501134298,-3.1700000000000017,3.93,-0.0118003937395348,0.0045004577028668,0.0013320569758843,0.0003541260934198,0.01,0.0,-0.0118855501134298,2021-12-01,3.93,2021-12-01,0.0045004577028668,2021-12-01,0.0003541260934198,2021-12-01,0.0,2021-12-01,1.0,1.0,1.0,1.0,1.0,Thursday,0,Initial_Estimation,0,,1,1
2021-12-03,-0.0595783850968424,-0.0020629694684725,24.406859702289513,24.20080581811699,-0.075994007363454,-0.0043154533416008,23.97672052314698,23.7914429981776,-0.0084844725376341,0.014094625715697,2.7200000000000024,-3.1700000000000017,0.0120248995305794,-0.0118003937395348,-0.0004056731890058,0.0013320569758843,-0.0899999999999998,0.01,0.014094625715697,2021-12-02,-3.1700000000000017,2021-12-02,-0.0118003937395348,2021-12-02,0.0013320569758843,2021-12-02,0.01,2021-12-02,1.0,1.0,1.0,1.0,1.0,Friday,0,Initial_Estimation,0,,1,1
2021-12-04,-0.094832450301164,-0.0595783850968424,24.84044237891157,24.406859702289513,-0.0347700142014265,-0.075994007363454,24.3733784536219,23.97672052314698,,,,,,,,,,,-0.0084844725376341,2021-12-03,2.7200000000000024,2021-12-03,0.0120248995305794,2021-12-03,-0.0004056731890058,2021-12-03,-0.0899999999999998,2021-12-03,1.0,1.0,1.0,1.0,1.0,Saturday,1,Initial_Estimation,0,,1,1
2021-12-05,0.0117298704305079,-0.094832450301164,24.33952624116923,24.84044237891157,0.0216631283982978,-0.0347700142014265,23.96324002602612,24.3733784536219,,,,,,,,,,,-0.0084844725376341,2021-12-03,2.7200000000000024,2021-12-03,0.0120248995305794,2021-12-03,-0.0004056731890058,2021-12-03,-0.0899999999999998,2021-12-03,2.0,2.0,2.0,2.0,2.0,Sunday,1,Initial_Estimation,0,,1,1
2021-12-06,0.0157517646820925,0.0117298704305079,24.353119758795003,24.33952624116923,0.0387654116570497,0.0216631283982978,24.0636340232038,23.96324002602612,0.011662655055923,-0.0084844725376341,-3.490000000000002,2.7200000000000024,-0.0025284463533586,0.0120248995305794,0.0021928351949898,-0.0004056731890058,0.0799999999999998,-0.0899999999999998,-0.0084844725376341,2021-12-03,2.7200000000000024,2021-12-03,0.0120248995305794,2021-12-03,-0.0004056731890058,2021-12-03,-0.0899999999999998,2021-12-03,3.0,3.0,3.0,3.0,3.0,Monday,0,Initial_Estimation,0,,1,1
2021-12-07,0.008091311445448,0.0157517646820925,24.240075450945813,24.353119758795003,-0.0077339834190816,0.0387654116570497,23.83081732471821,24.0636340232038,0.0204955861717456,0.011662655055923,-5.289999999999999,-3.490000000000002,0.0028650763234604,-0.0025284463533586,0.0004255385462016,0.0021928351949898,0.05,0.0799999999999998,0.011662655055923,2021-12-06,-3.490000000000002,2021-12-06,-0.0025284463533586,2021-12-06,0.0021928351949898,2021-12-06,0.0799999999999998,2021-12-06,1.0,1.0,1.0,1.0,1.0,Tuesday,0,Initial_Estimation,0,,1,1
2021-12-08,0.0020506606388563,0.008091311445448,24.07245737027439,24.240075450945813,0.029421111936686,-0.0077339834190816,23.652020089213845,23.83081732471821,0.0030805438956169,0.0204955861717456,-1.990000000000002,-5.289999999999999,0.0004487093895392,0.0028650763234604,-0.0049411583760631,0.0004255385462016,0.04,0.05,0.0204955861717456,2021-12-07,-5.289999999999999,2021-12-07,0.0028650763234604,2021-12-07,0.0004255385462016,2021-12-07,0.05,2021-12-07,1.0,1.0,1.0,1.0,1.0,Wednesday,0,Initial_Estimation,0,,1,1
2021-12-09,-0.053522531122847,0.0020506606388563,24.111161044048604,24.07245737027439,-0.0590090411327237,0.029421111936686,23.827679041801787,23.652020089213845,-0.0072070383872084,0.0030805438956169,1.6799999999999995,-1.990000000000002,-0.0049466367466601,0.0004487093895392,0.0039237164278277,-0.0049411583760631,-0.03,0.04,0.0030805438956169,2021-12-08,-1.990000000000002,2021-12-08,0.0004487093895392,2021-12-08,-0.0049411583760631,2021-12-08,0.04,2021-12-08,1.0,1.0,1.0,1.0,1.0,Thursday,0,Initial_Estimation,0,,1,1
2021-12-10,-0.0001080445413369,-0.053522531122847,24.156155830748265,24.111161044048604,-0.0415823138910028,-0.0590090411327237,24.055991483841996,23.827679041801787,0.0095038068188789,-0.0072070383872084,-2.889999999999997,1.6799999999999995,0.0046662340904448,-0.0049466367466601,-0.0018090331807027,0.0039237164278277,-0.01,-0.03,-0.0072070383872084,2021-12-09,1.6799999999999995,2021-12-09,-0.0049466367466601,2021-12-09,0.0039237164278277,2021-12-09,-0.03,2021-12-09,1.0,1.0,1.0,1.0,1.0,Friday,0,Initial_Estimation,0,,1,1
2021-12-11,0.0166411859180973,-0.0001080445413369,23.972704591246817,24.156155830748265,0.0081408127131492,-0.0415823138910028,23.674602156467696,24.055991483841996,,,,,,,,,,,0.0095038068188789,2021-12-10,-2.889999999999997,2021-12-10,0.0046662340904448,2021-12-10,-0.0018090331807027,2021-12-10,-0.01,2021-12-10,1.0,1.0,1.0,1.0,1.0,Saturday,1,Initial_Estimation,0,,1,1
2021-12-12,0.0300515893087567,0.0166411859180973,23.811541903701528,23.972704591246817,0.0145163958628981,0.0081408127131492,23.3664292901716,23.674602156467696,,,,,,,,,,,0.0095038068188789,2021-12-10,-2.889999999999997,2021-12-10,0.0046662340904448,2021-12-10,-0.0018090331807027,2021-12-10,-0.01,2021-12-10,2.0,2.0,2.0,2.0,2.0,Sunday,1,Initial_Estimation,0,,1,1
2021-12-13,-0.0713504309528726,0.0300515893087567,24.19419845639346,23.811541903701528,-0.0807288283163792,0.0145163958628981,23.90131305835585,23.3664292901716,-0.0091782002130428,0.0095038068188789,1.6199999999999974,-2.889999999999997,0.0019052030554421,0.0046662340904448,0.0022867368888752,-0.0018090331807027,-0.06,-0.01,0.0095038068188789,2021-12-10,-2.889999999999997,2021-12-10,0.0046662340904448,2021-12-10,-0.0018090331807027,2021-12-10,-0.01,2021-12-10,3.0,3.0,3.0,3.0,3.0,Monday,0,Initial_Estimation,0,,1,1
2021-12-14,0.0313526559193321,-0.0713504309528726,24.268235054921075,24.19419845639346,0.0216502274239867,-0.0807288283163792,23.894494762063292,23.90131305835585,-0.0074986431218743,-0.0091782002130428,1.5800000000000018,1.6199999999999974,-0.0089409452626436,0.0019052030554421,0.0026336542119243,0.0022867368888752,0.02,-0.06,-0.0091782002130428,2021-12-13,1.6199999999999974,2021-12-13,0.0019052030554421,2021-12-13,0.0022867368888752,2021-12-13,-0.06,2021-12-13,1.0,1.0,1.0,1.0,1.0,Tuesday,0,Initial_Estimation,0,,1,1
2021-12-15,0.0182827742114846,0.0313526559193321,24.32172342824248,24.268235054921075,0.0530335440032016,0.0216502274239867,23.997053576744413,23.894494762063292,0.016216212899904,-0.0074986431218743,-2.6000000000000014,1.5800000000000018,-0.0044155457125834,-0.0089409452626436,-0.00062149762206,0.0026336542119243,0.03,0.02,-0.0074986431218743,2021-12-14,1.5800000000000018,2021-12-14,-0.0089409452626436,2021-12-14,0.0026336542119243,2021-12-14,0.02,2021-12-14,1.0,1.0,1.0,1.0,1.0,Wednesday,0,Initial_Estimation,0,,1,1
2021-12-16,-0.0220662198081722,0.0182827742114846,24.02898522611448,24.32172342824248,-0.0079825604017543,0.0530335440032016,23.71023640128357,23.997053576744413,-0.0087818258427533,0.016216212899904,1.2800000000000011,-2.6000000000000014,0.0191059983916743,-0.0044155457125834,-0.0048713956933053,-0.00062149762206,-0.03,0.03,0.016216212899904,2021-12-15,-2.6000000000000014,2021-12-15,-0.0044155457125834,2021-12-15,-0.00062149762206,2021-12-15,0.03,2021-12-15,1.0,1.0,1.0,1.0,1.0,Thursday,0,Initial_Estimation,0,,1,1
2021-12-17,-0.0263817000234571,-0.0220662198081722,24.216821328034683,24.02898522611448,-0.0313026272999752,-0.0079825604017543,23.864981576304068,23.71023640128357,-0.0103410109066452,-0.0087818258427533,1.0,1.2800000000000011,0.0039996015951266,0.0191059983916743,0.0054307609319471,-0.0048713956933053,-0.03,-0.03,-0.0087818258427533,2021-12-16,1.2800000000000011,2021-12-16,0.0191059983916743,2021-12-16,-0.0048713956933053,2021-12-16,-0.03,2021-12-16,1.0,1.0,1.0,1.0,1.0,Friday,0,Initial_Estimation,0,,1,1
2021-12-18,0.0020559674766725,-0.0263817000234571,23.98513573495921,24.216821328034683,0.0181341278400372,-0.0313026272999752,23.69526345323553,23.864981576304068,,,,,,,,,,,-0.0103410109066452,2021-12-17,1.0,2021-12-17,0.0039996015951266,2021-12-17,0.0054307609319471,2021-12-17,-0.03,2021-12-17,1.0,1.0,1.0,1.0,1.0,Saturday,1,Initial_Estimation,0,,1,1
2021-12-19,0.0039088761768328,0.0020559674766725,23.948284907818984,23.98513573495921,-0.01302842901258,0.0181341278400372,23.506286556012252,23.69526345323553,,,,,,,,,,,-0.0103410109066452,2021-12-17,1.0,2021-12-17,0.0039996015951266,2021-12-17,0.0054307609319471,2021-12-17,-0.03,2021-12-17,2.0,2.0,2.0,2.0,2.0,Sunday,1,Initial_Estimation,0,,1,1
2021-12-20,-0.0036207562573501,0.0039088761768328,24.156023322055876,23.948284907818984,-0.0036300273146727,-0.01302842901258,23.79548175413566,23.506286556012252,-0.0114533730102017,-0.0103410109066452,1.3000000000000007,1.0,-0.0056150794682417,0.0039996015951266,-0.0001449905758665,0.0054307609319471,0.02,-0.03,-0.0103410109066452,2021-12-17,1.0,2021-12-17,0.0039996015951266,2021-12-17,0.0054307609319471,2021-12-17,-0.03,2021-12-17,3.0,3.0,3.0,3.0,3.0,Monday,0,Initial_Estimation,0,,1,1
2021-12-21,0.0443079327994015,-0.0036207562573501,24.021167382181048,24.156023322055876,0.0288317789619159,-0.0036300273146727,23.519849074382783,23.79548175413566,0.0176217638618087,-0.0114533730102017,-1.8599999999999992,1.3000000000000007,-0.0032387379200195,-0.0056150794682417,-0.0006216264018409,-0.0001449905758665,0.05,0.02,-0.0114533730102017,2021-12-20,1.3000000000000007,2021-12-20,-0.0056150794682417,2021-12-20,-0.0001449905758665,2021-12-20,0.02,2021-12-20,1.0,1.0,1.0,1.0,1.0,Tuesday,0,Initial_Estimation,0,,1,1
2021-12-22,-0.0008911107435415,0.0443079327994015,23.919813413829058,24.021167382181048,-0.0029466601618721,0.0288317789619159,23.356718647615978,23.519849074382783,0.0101287113522767,0.0176217638618087,-2.3800000000000026,-1.8599999999999992,0.0076333849811133,-0.0032387379200195,-0.0043101948151172,-0.0006216264018409,-0.02,0.05,0.0176217638618087,2021-12-21,-1.8599999999999992,2021-12-21,-0.0032387379200195,2021-12-21,-0.0006216264018409,2021-12-21,0.05,2021-12-21,1.0,1.0,1.0,1.0,1.0,Wednesday,0,Initial_Estimation,0,,1,1
2021-12-23,0.0356101987009811,-0.0008911107435415,24.06343419802564,23.919813413829058,0.0244084350276612,-0.0029466601618721,23.61404160999524,23.356718647615978,0.0062044168953242,0.0101287113522767,-0.6699999999999982,-2.3800000000000026,0.0053144366558234,0.0076333849811133,-0.0005934563801544,-0.0043101948151172,0.04,-0.02,0.0101287113522767,2021-12-22,-2.3800000000000026,2021-12-22,0.0076333849811133,2021-12-22,-0.0043101948151172,2021-12-22,-0.02,2021-12-22,1.0,1.0,1.0,1.0,1.0,Thursday,0,Initial_Estimation,0,,1,1
2021-12-24,0.0011585821349003,0.0356101987009811,23.916533031155765,24.06343419802564,-0.0115469191968789,0.0244084350276612,23.27029329247396,23.61404160999524,,,,,,,,,,,0.0062044168953242,2021-12-23,-0.6699999999999982,2021-12-23,0.0053144366558234,2021-12-23,-0.0005934563801544,2021-12-23,0.04,2021-12-23,1.0,1.0,1.0,1.0,1.0,Friday,0,Initial_Estimation,0,,1,1
2021-12-25,0.0014778985833539,0.0011585821349003,23.669316722293782,23.916533031155765,0.0128802381559468,-0.0115469191968789,23.111550119513616,23.27029329247396,,,,,,,,,,,0.0062044168953242,2021-12-23,-0.6699999999999982,2021-12-23,0.0053144366558234,2021-12-23,-0.0005934563801544,2021-12-23,0.04,2021-12-23,2.0,2.0,2.0,2.0,2.0,Saturday,1,Initial_Estimation,0,,1,1
2021-12-26,-0.00337376197427,0.0014778985833539,23.76609030660428,23.669316722293782,-0.0088246119557893,0.0128802381559468,23.13893352889927,23.111550119513616,,,,,,,,,,,0.0062044168953242,2021-12-23,-0.6699999999999982,2021-12-23,0.0053144366558234,2021-12-23,-0.0005934563801544,2021-12-23,0.04,2021-12-23,3.0,3.0,3.0,3.0,3.0,Sunday,1,Initial_Estimation,0,,1,1
2021-12-27,0.0032808810334948,-0.00337376197427,23.91474356878833,23.76609030660428,-0.0056573764112858,-0.0088246119557893,23.159013754827235,23.13893352889927,0.0137440720688972,0.0062044168953242,-0.2800000000000011,-0.6699999999999982,-0.0017130253953704,0.0053144366558234,0.0007703839808013,-0.0005934563801544,-0.02,0.04,0.0062044168953242,2021-12-23,-0.6699999999999982,2021-12-23,0.0053144366558234,2021-12-23,-0.0005934563801544,2021-12-23,0.04,2021-12-23,4.0,4.0,4.0,4.0,4.0,Monday,0,Initial_Estimation,0,,1,1
2021-12-28,-0.0694962024958733,0.0032808810334948,24.232730811110866,23.91474356878833,-0.0643742093193324,-0.0056573764112858,23.57394186417078,23.159013754827235,-0.0010106980314378,0.0137440720688972,-0.1400000000000005,-0.2800000000000011,0.0011607527646842,-0.0017130253953704,0.0011336749439566,0.0007703839808013,0.01,-0.02,0.0137440720688972,2021-12-27,-0.2800000000000011,2021-12-27,-0.0017130253953704,2021-12-27,0.0007703839808013,2021-12-27,-0.02,2021-12-27,1.0,1.0,1.0,1.0,1.0,Tuesday,0,Initial_Estimation,0,,1,1
2021-12-29,-0.0068810188065096,-0.0694962024958733,24.1261027504747,24.232730811110866,-0.0215066619422799,-0.0643742093193324,23.47836218528837,23.57394186417078,0.0014009215802245,-0.0010106980314378,-0.5899999999999999,-0.1400000000000005,-0.0028213310498173,0.0011607527646842,-0.0028418129685133,0.0011336749439566,0.06,0.01,-0.0010106980314378,2021-12-28,-0.1400000000000005,2021-12-28,0.0011607527646842,2021-12-28,0.0011336749439566,2021-12-28,0.01,2021-12-28,1.0,1.0,1.0,1.0,1.0,Wednesday,0,Initial_Estimation,0,,1,1
2021-12-30,0.0014962849041532,-0.0068810188065096,24.007423319932485,24.1261027504747,0.0026582361973866,-0.0215066619422799,23.28245850248386,23.47836218528837,-0.0029942175300769,0.0014009215802245,0.379999999999999,-0.5899999999999999,0.0042014411628216,-0.0028213310498173,0.0004064680587706,-0.0028418129685133,-0.03,0.06,0.0014009215802245,2021-12-29,-0.5899999999999999,2021-12-29,-0.0028213310498173,2021-12-29,-0.0028418129685133,2021-12-29,0.06,2021-12-29,1.0,1.0,1.0,1.0,1.0,Thursday,0,Initial_Estimation,0,,1,1
2021-12-31,-0.0208311926711714,0.0014962849041532,24.33348546260177,24.007423319932485,-0.0128689287261108,0.0026582361973866,23.373495188470088,23.28245850248386,-0.0026296753415458,-0.0029942175300769,-0.1099999999999994,0.379999999999999,0.0081314930917433,0.0042014411628216,0.0,0.0004064680587706,0.0,-0.03,-0.0029942175300769,2021-12-30,0.379999999999999,2021-12-30,0.0042014411628216,2021-12-30,0.0004064680587706,2021-12-30,-0.03,2021-12-30,1.0,1.0,1.0,1.0,1.0,Friday,0,Initial_Estimation,0,,1,1
2022-01-01,0.0,-0.0208311926711714,23.92530743820885,24.33348546260177,0.0,-0.0128689287261108,23.003215824494827,23.373495188470088,,,,,,,,,,,-0.0026296753415458,2021-12-31,-0.1099999999999994,2021-12-31,0.0081314930917433,2021-12-31,0.0,2021-12-31,0.0,2021-12-31,1.0,1.0,1.0,1.0,1.0,Saturday,1,Initial_Estimation,0,,1,1
2022-01-02,0.0,0.0,24.053739190498582,23.92530743820885,0.0,0.0,23.013927279720676,23.003215824494827,,,,,,,,,,,-0.0026296753415458,2021-12-31,-0.1099999999999994,2021-12-31,0.0081314930917433,2021-12-31,0.0,2021-12-31,0.0,2021-12-31,2.0,2.0,2.0,2.0,2.0,Sunday,1,Initial_Estimation,0,,1,1
2022-01-03,-0.0073377543299262,0.0,24.221941602582724,24.053739190498582,0.0095987269729479,0.0,23.214881422495697,23.013927279720676,0.0063538488355527,-0.0026296753415458,-0.6199999999999974,-0.1099999999999994,-0.0154956230730246,0.0081314930917433,0.0025496811102673,0.0,0.1099999999999998,0.0,-0.0026296753415458,2021-12-31,-0.1099999999999994,2021-12-31,0.0081314930917433,2021-12-31,0.0,2021-12-31,0.0,2021-12-31,3.0,3.0,3.0,3.0,3.0,Monday,0,Initial_Estimation,0,,1,1
2022-01-04,0.0047998888576867,-0.0073377543299262,24.472644679270676,24.221941602582724,0.0268214855160592,0.0095987269729479,23.36452972909669,23.214881422495697,-0.0006298161854054,0.0063538488355527,0.3099999999999987,-0.6199999999999974,0.0080810621241728,-0.0154956230730246,0.0005091570443805,0.0025496811102673,0.03,0.1099999999999998,0.0063538488355527,2022-01-03,-0.6199999999999974,2022-01-03,-0.0154956230730246,2022-01-03,0.0025496811102673,2022-01-03,0.1099999999999998,2022-01-03,1.0,1.0,1.0,1.0,1.0,Tuesday,0,Initial_Estimation,0,,1,1
2022-01-05,-0.0577496363692908,0.0047998888576867,24.33015089501273,24.472644679270676,-0.0738343621576307,0.0268214855160592,23.617039496363905,23.36452972909669,-0.0195832727758022,-0.0006298161854054,2.8200000000000003,0.3099999999999987,0.0058264198557907,0.0080810621241728,-0.000945783797824,0.0005091570443805,0.05,0.03,-0.0006298161854054,2022-01-04,0.3099999999999987,2022-01-04,0.0080810621241728,2022-01-04,0.0005091570443805,2022-01-04,0.03,2022-01-04,1.0,1.0,1.0,1.0,1.0,Wednesday,0,Initial_Estimation,0,,1,1
2022-01-06,-0.0112261149425133,-0.0577496363692908,24.131374225458277,24.33015089501273,-0.0360142741126266,-0.0738343621576307,23.91348665312421,23.617039496363905,-0.0009641755290858,-0.0195832727758022,-0.120000000000001,2.8200000000000003,-0.0198716998297805,0.0058264198557907,0.0015481246370882,-0.000945783797824,0.02,0.05,-0.0195832727758022,2022-01-05,2.8200000000000003,2022-01-05,0.0058264198557907,2022-01-05,-0.000945783797824,2022-01-05,0.05,2022-01-05,1.0,1.0,1.0,1.0,1.0,Thursday,0,Initial_Estimation,0,,1,1
2022-01-07,-0.0291530506206192,-0.0112261149425133,25.156420466646654,24.131374225458277,-0.063938706702363,-0.0360142741126266,23.921701342963587,23.91348665312421,-0.0040584367372055,-0.0009641755290858,-0.8499999999999979,-0.120000000000001,0.0046295360824668,-0.0198716998297805,-0.0062591657123943,0.0015481246370882,0.03,0.02,-0.0009641755290858,2022-01-06,-0.120000000000001,2022-01-06,-0.0198716998297805,2022-01-06,0.0015481246370882,2022-01-06,0.02,2022-01-06,1.0,1.0,1.0,1.0,1.0,Friday,0,Initial_Estimation,0,,1,1
2022-01-08,-0.0024909396362369,-0.0291530506206192,24.057837395059085,25.156420466646654,-0.0432708257384491,-0.063938706702363,23.49821007652569,23.921701342963587,,,,,,,,,,,-0.0040584367372055,2022-01-07,-0.8499999999999979,2022-01-07,0.0046295360824668,2022-01-07,-0.0062591657123943,2022-01-07,0.03,2022-01-07,1.0,1.0,1.0,1.0,1.0,Saturday,1,Initial_Estimation,0,,1,1
2022-01-09,0.0074505994397851,-0.0024909396362369,23.781709230394423,24.057837395059085,0.0278674640837205,-0.0432708257384491,23.23568095733298,23.49821007652569,,,,,,,,,,,-0.0040584367372055,2022-01-07,-0.8499999999999979,2022-01-07,0.0046295360824668,2022-01-07,-0.0062591657123943,2022-01-07,0.03,2022-01-07,2.0,2.0,2.0,2.0,2.0,Sunday,1,Initial_Estimation,0,,1,1
2022-01-10,-0.0087119389688502,0.0074505994397851,24.192253706708915,23.781709230394423,-0.0292583436491641,0.0278674640837205,23.69551165763809,23.23568095733298,-0.0014421248375173,-0.0040584367372055,0.639999999999997,-0.8499999999999979,0.0007787864912479,0.0046295360824668,0.0028376212249139,-0.0062591657123943,0.02,0.03,-0.0040584367372055,2022-01-07,-0.8499999999999979,2022-01-07,0.0046295360824668,2022-01-07,-0.0062591657123943,2022-01-07,0.03,2022-01-07,3.0,3.0,3.0,3.0,3.0,Monday,0,Initial_Estimation,0,,1,1
2022-01-11,0.0226036191474711,-0.0087119389688502,23.993885512886255,24.192253706708915,0.0498820781181025,-0.0292583436491641,23.44531408616015,23.69551165763809,0.0091183321129914,-0.0014421248375173,-0.9899999999999984,0.639999999999997,0.0111695665923586,0.0007787864912479,-0.0038306024973504,0.0028376212249139,-0.03,0.02,-0.0014421248375173,2022-01-10,0.639999999999997,2022-01-10,0.0007787864912479,2022-01-10,0.0028376212249139,2022-01-10,0.02,2022-01-10,1.0,1.0,1.0,1.0,1.0,Tuesday,0,Initial_Estimation,0,,1,1
2022-01-12,0.0257059527126192,0.0226036191474711,24.234809445596653,23.993885512886255,0.0412999255421201,0.0498820781181025,23.536448829119173,23.44531408616015,0.0028137340560308,0.0091183321129914,-0.7899999999999991,-0.9899999999999984,0.004717752871602,0.0111695665923586,-0.0074420803331744,-0.0038306024973504,-0.01,-0.03,0.0091183321129914,2022-01-11,-0.9899999999999984,2022-01-11,0.0111695665923586,2022-01-11,-0.0038306024973504,2022-01-11,-0.03,2022-01-11,1.0,1.0,1.0,1.0,1.0,Wednesday,0,Initial_Estimation,0,,1,1
2022-01-13,-0.0223147216334491,0.0257059527126192,24.588011370231424,24.234809445596653,-0.0291750985320775,0.0412999255421201,23.450756918549768,23.536448829119173,-0.0143459624589062,0.0028137340560308,2.6899999999999977,-0.7899999999999991,-0.0032891160891035,0.004717752871602,-0.0013178357775549,-0.0074420803331744,-0.04,-0.01,0.0028137340560308,2022-01-12,-0.7899999999999991,2022-01-12,0.004717752871602,2022-01-12,-0.0074420803331744,2022-01-12,-0.01,2022-01-12,1.0,1.0,1.0,1.0,1.0,Thursday,0,Initial_Estimation,0,,1,1
2022-01-14,0.0113948231306319,-0.0223147216334491,23.88355460720501,24.588011370231424,0.0187277344645936,-0.0291750985320775,23.33060818048989,23.450756918549768,0.000819577212714,-0.0143459624589062,-1.1199999999999974,2.6899999999999977,-0.0025840249884074,-0.0032891160891035,0.003948308674797,-0.0013178357775549,0.08,-0.04,-0.0143459624589062,2022-01-13,2.6899999999999977,2022-01-13,-0.0032891160891035,2022-01-13,-0.0013178357775549,2022-01-13,-0.04,2022-01-13,1.0,1.0,1.0,1.0,1.0,Friday,0,Initial_Estimation,0,,1,1
2022-01-15,0.0001634188897177,0.0113948231306319,23.63405813021384,23.88355460720501,0.0008875323287535,0.0187277344645936,22.987110005782025,23.33060818048989,,,,,,,,,,,0.000819577212714,2022-01-14,-1.1199999999999974,2022-01-14,-0.0025840249884074,2022-01-14,0.003948308674797,2022-01-14,0.08,2022-01-14,1.0,1.0,1.0,1.0,1.0,Saturday,1,Initial_Estimation,0,,1,1
2022-01-16,-0.0053338810090456,0.0001634188897177,23.60818374097066,23.63405813021384,0.0035153942998423,0.0008875323287535,22.975182164073313,22.987110005782025,,,,,,,,,,,0.000819577212714,2022-01-14,-1.1199999999999974,2022-01-14,-0.0025840249884074,2022-01-14,0.003948308674797,2022-01-14,0.08,2022-01-14,2.0,2.0,2.0,2.0,2.0,Sunday,1,Initial_Estimation,0,,1,1
2022-01-17,-0.0319203165053058,-0.0053338810090456,23.80015885114209,23.60818374097066,-0.0559108051764745,0.0035153942998423,23.23646103408092,22.975182164073313,,,,,,,0.0009767728414545,0.003948308674797,,,0.000819577212714,2022-01-14,-1.1199999999999974,2022-01-14,-0.0025840249884074,2022-01-14,0.003948308674797,2022-01-14,0.08,2022-01-14,3.0,3.0,3.0,3.0,3.0,Monday,0,Initial_Estimation,0,,1,1
2022-01-18,0.0154359061551415,-0.0319203165053058,23.833094769902296,23.80015885114209,-0.0004801784334196,-0.0559108051764745,23.29007147744803,23.23646103408092,-0.0185590545844367,0.000819577212714,3.599999999999998,-1.1199999999999974,-0.0023147889058235,-0.0025840249884074,0.0049636208511661,0.0009767728414545,0.09,0.08,0.000819577212714,2022-01-14,-1.1199999999999974,2022-01-14,-0.0025840249884074,2022-01-14,0.0009767728414545,2022-01-17,0.08,2022-01-14,4.0,4.0,4.0,1.0,4.0,Tuesday,0,Initial_Estimation,0,,1,1
2022-01-19,-0.0157899174875604,0.0154359061551415,23.862732294718583,23.833094769902296,-0.0158064894474614,-0.0004801784334196,23.302529496052408,23.29007147744803,-0.0097367691046557,-0.0185590545844367,1.0600000000000025,3.599999999999998,0.0168521395559486,-0.0023147889058235,-0.0023216667857219,0.0049636208511661,-0.04,0.09,-0.0185590545844367,2022-01-18,3.599999999999998,2022-01-18,-0.0023147889058235,2022-01-18,0.0049636208511661,2022-01-18,0.09,2022-01-18,1.0,1.0,1.0,1.0,1.0,Wednesday,0,Initial_Estimation,0,,1,1
2022-01-20,-0.0098212321829606,-0.0157899174875604,23.737919660546307,23.862732294718583,-0.0111758254539784,-0.0158064894474614,23.08844281673923,23.302529496052408,-0.0110987896542402,-0.0097367691046557,1.7399999999999984,1.0600000000000025,-0.00032557824789,0.0168521395559486,0.0023530037785221,-0.0023216667857219,0.0,-0.04,-0.0097367691046557,2022-01-19,1.0600000000000025,2022-01-19,0.0168521395559486,2022-01-19,-0.0023216667857219,2022-01-19,-0.04,2022-01-19,1.0,1.0,1.0,1.0,1.0,Thursday,0,Initial_Estimation,0,,1,1
2022-01-21,-0.1188198260353961,-0.0098212321829606,24.484744798200797,23.737919660546307,-0.1657811857327557,-0.0111758254539784,24.011529351979743,23.08844281673923,-0.0190959863586353,-0.0110987896542402,3.2600000000000016,1.7399999999999984,-0.0058242284387881,-0.00032557824789,-0.0009719037012872,0.0023530037785221,-0.08,0.0,-0.0110987896542402,2022-01-20,1.7399999999999984,2022-01-20,-0.00032557824789,2022-01-20,0.0023530037785221,2022-01-20,0.0,2022-01-20,1.0,1.0,1.0,1.0,1.0,Friday,0,Initial_Estimation,0,,1,1
2022-01-22,-0.036069214005282,-0.1188198260353961,24.404979311776422,24.484744798200797,-0.0644618921978484,-0.1657811857327557,24.032702108054075,24.011529351979743,,,,,,,,,,,-0.0190959863586353,2022-01-21,3.2600000000000016,2022-01-21,-0.0058242284387881,2022-01-21,-0.0009719037012872,2022-01-21,-0.08,2022-01-21,1.0,1.0,1.0,1.0,1.0,Saturday,1,Initial_Estimation,0,,1,1
2022-01-23,-0.001270598265269,-0.036069214005282,23.982053518803728,24.404979311776422,-0.0032337318396252,-0.0644618921978484,23.525503740292475,24.032702108054075,,,,,,,,,,,-0.0190959863586353,2022-01-21,3.2600000000000016,2022-01-21,-0.0058242284387881,2022-01-21,-0.0009719037012872,2022-01-21,-0.08,2022-01-21,2.0,2.0,2.0,2.0,2.0,Sunday,1,Initial_Estimation,0,,1,1
2022-01-24,0.0409318714429361,-0.001270598265269,24.45751672748629,23.982053518803728,0.0017982632562538,-0.0032337318396252,24.063325296359334,23.525503740292475,0.0027679180076168,-0.0190959863586353,1.0499999999999972,3.2600000000000016,0.0053899149643273,-0.0058242284387881,0.0028816056690746,-0.0009719037012872,0.0,-0.08,-0.0190959863586353,2022-01-21,3.2600000000000016,2022-01-21,-0.0058242284387881,2022-01-21,-0.0009719037012872,2022-01-21,-0.08,2022-01-21,3.0,3.0,3.0,3.0,3.0,Monday,0,Initial_Estimation,0,,1,1
2022-01-25,-0.006483963526929,0.0409318714429361,23.997697065070454,24.45751672748629,-0.0120347710497087,0.0017982632562538,23.507027961831536,24.063325296359334,-0.0122466619621604,0.0027679180076168,1.2600000000000016,1.0499999999999972,0.0059549766118189,0.0053899149643273,0.0003127182538278,0.0028816056690746,0.03,0.0,0.0027679180076168,2022-01-24,1.0499999999999972,2022-01-24,0.0053899149643273,2022-01-24,0.0028816056690746,2022-01-24,0.0,2022-01-24,1.0,1.0,1.0,1.0,1.0,Tuesday,0,Initial_Estimation,0,,1,1
2022-01-26,-0.0064939535540623,-0.006483963526929,24.167669505531286,23.997697065070454,0.0019531821964747,-0.0120347710497087,23.778676842280344,23.507027961831536,-0.0014977525030699,-0.0122466619621604,0.8000000000000007,1.2600000000000016,-0.0123826743254616,0.0059549766118189,0.0045960837490931,0.0003127182538278,0.07,0.03,-0.0122466619621604,2022-01-25,1.2600000000000016,2022-01-25,0.0059549766118189,2022-01-25,0.0003127182538278,2022-01-25,0.03,2022-01-25,1.0,1.0,1.0,1.0,1.0,Wednesday,0,Initial_Estimation,0,,1,1
2022-01-27,-0.004200014458555,-0.0064939535540623,23.94379735555695,24.167669505531286,-0.024328984846311,0.0019531821964747,23.50373113132447,23.778676842280344,-0.005398540617999,-0.0014977525030699,-1.4700000000000024,0.8000000000000007,-0.020203808692925,-0.0123826743254616,0.0089339332627786,0.0045960837490931,-0.04,0.07,-0.0014977525030699,2022-01-26,0.8000000000000007,2022-01-26,-0.0123826743254616,2022-01-26,0.0045960837490931,2022-01-26,0.07,2022-01-26,1.0,1.0,1.0,1.0,1.0,Thursday,0,Initial_Estimation,0,,1,1
2022-01-28,0.0436268082264392,-0.004200014458555,23.825105720548702,23.94379735555695,0.0717612717758391,-0.024328984846311,23.408813228407045,23.50373113132447,0.024055891707799,-0.005398540617999,-2.8299999999999983,-1.4700000000000024,-0.004695120268889,-0.020203808692925,0.0001542218226936,0.0089339332627786,-0.03,-0.04,-0.005398540617999,2022-01-27,-1.4700000000000024,2022-01-27,-0.020203808692925,2022-01-27,0.0089339332627786,2022-01-27,-0.04,2022-01-27,1.0,1.0,1.0,1.0,1.0,Friday,0,Initial_Estimation,0,,1,1
2022-01-29,0.0150161031638222,0.0436268082264392,23.56783697025161,23.825105720548702,0.0314124162564088,0.0717612717758391,23.13668209376764,23.408813228407045,,,,,,,,,,,0.024055891707799,2022-01-28,-2.8299999999999983,2022-01-28,-0.004695120268889,2022-01-28,0.0001542218226936,2022-01-28,-0.03,2022-01-28,1.0,1.0,1.0,1.0,1.0,Saturday,1,Initial_Estimation,0,,1,1
2022-01-30,-0.0165961466959177,0.0150161031638222,23.40726569616492,23.56783697025161,-0.021491088933105,0.0314124162564088,22.97468617223908,23.13668209376764,,,,,,,,,,,0.024055891707799,2022-01-28,-2.8299999999999983,2022-01-28,-0.004695120268889,2022-01-28,0.0001542218226936,2022-01-28,-0.03,2022-01-28,2.0,2.0,2.0,2.0,2.0,Sunday,1,Initial_Estimation,0,,1,1
2022-01-31,0.0181195082885852,-0.0165961466959177,23.75507593152482,23.40726569616492,0.0454661909494513,-0.021491088933105,23.346355982133275,22.97468617223908,0.0187098915113968,0.024055891707799,-2.830000000000002,-2.8299999999999983,0.005642617008805,-0.004695120268889,-0.007533186649002,0.0001542218226936,0.01,-0.03,0.024055891707799,2022-01-28,-2.8299999999999983,2022-01-28,-0.004695120268889,2022-01-28,0.0001542218226936,2022-01-28,-0.03,2022-01-28,3.0,3.0,3.0,3.0,3.0,Monday,0,Initial_Estimation,0,,1,1
2022-02-01,0.0097531404096719,0.0181195082885852,23.733320076174746,23.75507593152482,0.0430742383258565,0.0454661909494513,23.30309215355604,23.346355982133275,0.0068395085033043,0.0187098915113968,-2.8699999999999974,-2.830000000000002,0.0029483228634129,0.005642617008805,-0.0016068423827921,-0.007533186649002,0.02,0.01,0.0187098915113968,2022-01-31,-2.830000000000002,2022-01-31,0.005642617008805,2022-01-31,-0.007533186649002,2022-01-31,0.01,2022-01-31,1.0,1.0,1.0,1.0,1.0,Tuesday,0,Initial_Estimation,0,,1,1
2022-02-02,-0.0501440749775682,0.0097531404096719,23.67583950364319,23.733320076174746,-0.0522286921860414,0.0430742383258565,23.353448273587112,23.30309215355604,0.0093784345745179,0.0068395085033043,0.129999999999999,-2.8699999999999974,0.0049313868291021,0.0029483228634129,-0.0046692853694222,-0.0016068423827921,-0.03,0.02,0.0068395085033043,2022-02-01,-2.8699999999999974,2022-02-01,0.0029483228634129,2022-02-01,-0.0016068423827921,2022-02-01,0.02,2022-02-01,1.0,1.0,1.0,1.0,1.0,Wednesday,0,Initial_Estimation,0,,1,1
2022-02-03,0.0012473495780541,-0.0501440749775682,23.645972194120812,23.67583950364319,0.0019555862647202,-0.0522286921860414,23.26922878516901,23.353448273587112,-0.0246934841681758,0.0093784345745179,2.2600000000000016,0.129999999999999,-0.003432787411577,0.0049313868291021,-0.0058228740432921,-0.0046692853694222,0.04,-0.03,0.0093784345745179,2022-02-02,0.129999999999999,2022-02-02,0.0049313868291021,2022-02-02,-0.0046692853694222,2022-02-02,-0.03,2022-02-02,1.0,1.0,1.0,1.0,1.0,Thursday,0,Initial_Estimation,0,,1,1
2022-02-04,0.0949156911409115,0.0012473495780541,24.10467575812537,23.645972194120812,0.1049753420196087,0.0019555862647202,23.667032154611032,23.26922878516901,0.0051437130908578,-0.0246934841681758,-1.1300000000000026,2.2600000000000016,0.0019946679986083,-0.003432787411577,0.0011107386505369,-0.0058228740432921,0.1099999999999998,0.04,-0.0246934841681758,2022-02-03,2.2600000000000016,2022-02-03,-0.003432787411577,2022-02-03,-0.0058228740432921,2022-02-03,0.04,2022-02-03,1.0,1.0,1.0,1.0,1.0,Friday,0,Initial_Estimation,0,,1,1
2022-02-05,0.024925246464891,0.0949156911409115,23.70148801031965,24.10467575812537,0.0223016784113386,0.1049753420196087,23.29603789842562,23.667032154611032,,,,,,,,,,,0.0051437130908578,2022-02-04,-1.1300000000000026,2022-02-04,0.0019946679986083,2022-02-04,0.0011107386505369,2022-02-04,0.1099999999999998,2022-02-04,1.0,1.0,1.0,1.0,1.0,Saturday,1,Initial_Estimation,0,,1,1
2022-02-06,0.0002323848375335,0.024925246464891,23.50469643769041,23.70148801031965,-0.0062618734320395,0.0223016784113386,22.97097417229513,23.29603789842562,,,,,,,,,,,0.0051437130908578,2022-02-04,-1.1300000000000026,2022-02-04,0.0019946679986083,2022-02-04,0.0011107386505369,2022-02-04,0.1099999999999998,2022-02-04,2.0,2.0,2.0,2.0,2.0,Sunday,1,Initial_Estimation,0,,1,1
2022-02-07,0.0565153344284808,0.0002323848375335,24.078134978824774,23.50469643769041,0.0485166863984975,-0.0062618734320395,23.44436807409905,22.97097417229513,-0.0037086548006097,0.0051437130908578,-0.3599999999999994,-1.1300000000000026,0.0077194914593634,0.0019946679986083,-0.0009010708683683,0.0011107386505369,-0.01,0.1099999999999998,0.0051437130908578,2022-02-04,-1.1300000000000026,2022-02-04,0.0019946679986083,2022-02-04,0.0011107386505369,2022-02-04,0.1099999999999998,2022-02-04,3.0,3.0,3.0,3.0,3.0,Monday,0,Initial_Estimation,0,,1,1
2022-02-08,0.0028460845048666,0.0565153344284808,24.222176534869075,24.078134978824774,-0.0115653579510763,0.0485166863984975,23.56445207204589,23.44436807409905,0.0083661309627788,-0.0037086548006097,-1.4199999999999982,-0.3599999999999994,0.0032901982304388,0.0077194914593634,0.0025544135077685,-0.0009010708683683,0.04,-0.01,-0.0037086548006097,2022-02-07,-0.3599999999999994,2022-02-07,0.0077194914593634,2022-02-07,-0.0009010708683683,2022-02-07,-0.01,2022-02-07,1.0,1.0,1.0,1.0,1.0,Tuesday,0,Initial_Estimation,0,,1,1
2022-02-09,0.0059104113741016,0.0028460845048666,23.869394063010255,24.222176534869075,0.0384970294917901,-0.0115653579510763,23.358839139381285,23.56445207204589,0.0144128123983563,0.0083661309627788,-1.4800000000000004,-1.4199999999999982,0.0046971388769453,0.0032901982304388,-0.0015590914389366,0.0025544135077685,-0.02,0.04,0.0083661309627788,2022-02-08,-1.4199999999999982,2022-02-08,0.0032901982304388,2022-02-08,0.0025544135077685,2022-02-08,0.04,2022-02-08,1.0,1.0,1.0,1.0,1.0,Wednesday,0,Initial_Estimation,0,,1,1
2022-02-10,-0.016326076120825,0.0059104113741016,24.193430933152417,23.869394063010255,-0.038734455537901,0.0384970294917901,23.64801138188647,23.358839139381285,-0.0182818035103296,0.0144128123983563,3.9499999999999993,-1.4800000000000004,0.0005447513489833,0.0046971388769453,0.0006176490798144,-0.0015590914389366,0.0899999999999998,-0.02,0.0144128123983563,2022-02-09,-1.4800000000000004,2022-02-09,0.0046971388769453,2022-02-09,-0.0015590914389366,2022-02-09,-0.02,2022-02-09,1.0,1.0,1.0,1.0,1.0,Thursday,0,Initial_Estimation,0,,1,1
2022-02-11,-0.0278910129606845,-0.016326076120825,24.017431892405337,24.193430933152417,-0.0623112866181488,-0.038734455537901,23.498593371775133,23.64801138188647,-0.0191516962340657,-0.0182818035103296,3.4499999999999993,3.9499999999999993,0.0025020941289907,0.0005447513489833,0.0055209261741008,0.0006176490798144,-0.1099999999999998,0.0899999999999998,-0.0182818035103296,2022-02-10,3.9499999999999993,2022-02-10,0.0005447513489833,2022-02-10,0.0006176490798144,2022-02-10,0.0899999999999998,2022-02-10,1.0,1.0,1.0,1.0,1.0,Friday,0,Initial_Estimation,0,,1,1
2022-02-12,-0.0159603059144816,-0.0278910129606845,23.62206808617604,24.017431892405337,-0.0171398323176698,-0.0623112866181488,23.144021069062624,23.498593371775133,,,,,,,,,,,-0.0191516962340657,2022-02-11,3.4499999999999993,2022-02-11,0.0025020941289907,2022-02-11,0.0055209261741008,2022-02-11,-0.1099999999999998,2022-02-11,1.0,1.0,1.0,1.0,1.0,Saturday,1,Initial_Estimation,0,,1,1
2022-02-13,0.0092761335428084,-0.0159603059144816,23.41393852081452,23.62206808617604,0.0038212454781142,-0.0171398323176698,22.926578904309032,23.144021069062624,,,,,,,,,,,-0.0191516962340657,2022-02-11,3.4499999999999993,2022-02-11,0.0025020941289907,2022-02-11,0.0055209261741008,2022-02-11,-0.1099999999999998,2022-02-11,2.0,2.0,2.0,2.0,2.0,Sunday,1,Initial_Estimation,0,,1,1
2022-02-14,-0.0007819120145295,0.0092761335428084,23.759553654101765,23.41393852081452,0.0091056766650633,0.0038212454781142,23.221791999680615,22.926578904309032,-0.0038479420653191,-0.0191516962340657,0.9699999999999988,3.4499999999999993,0.0146680535421404,0.0025020941289907,0.0030344621530152,0.0055209261741008,0.06,-0.1099999999999998,-0.0191516962340657,2022-02-11,3.4499999999999993,2022-02-11,0.0025020941289907,2022-02-11,0.0055209261741008,2022-02-11,-0.1099999999999998,2022-02-11,3.0,3.0,3.0,3.0,3.0,Monday,0,Initial_Estimation,0,,1,1
2022-02-15,0.0402495833853346,-0.0007819120145295,23.84658444974433,23.759553654101765,0.0607993127339801,0.0091056766650633,23.35668285220972,23.221791999680615,0.0156437392123729,-0.0038479420653191,-2.629999999999999,0.9699999999999988,-0.0070914399462048,0.0146680535421404,-0.00400285412544,0.0030344621530152,0.0699999999999998,0.06,-0.0038479420653191,2022-02-14,0.9699999999999988,2022-02-14,0.0146680535421404,2022-02-14,0.0030344621530152,2022-02-14,0.06,2022-02-14,1.0,1.0,1.0,1.0,1.0,Tuesday,0,Initial_Estimation,0,,1,1
2022-02-16,0.0022462100053733,0.0402495833853346,23.708571322838218,23.84658444974433,0.0142209978680093,0.0607993127339801,23.237116766295888,23.35668285220972,0.0008808327792157,0.0156437392123729,-1.41,-2.629999999999999,0.0082684510502585,-0.0070914399462048,-0.0030048538442223,-0.00400285412544,-0.02,0.0699999999999998,0.0156437392123729,2022-02-15,-2.629999999999999,2022-02-15,-0.0070914399462048,2022-02-15,-0.00400285412544,2022-02-15,0.0699999999999998,2022-02-15,1.0,1.0,1.0,1.0,1.0,Wednesday,0,Initial_Estimation,0,,1,1
2022-02-17,-0.0800387476072418,0.0022462100053733,23.99080468696889,23.708571322838218,-0.0819341563151699,0.0142209978680093,23.487079055212345,23.237116766295888,-0.0214005030040234,0.0008808327792157,3.82,-1.41,0.0161768627744012,0.0082684510502585,0.001033937251706,-0.0030048538442223,-0.0599999999999998,-0.02,0.0008808327792157,2022-02-16,-1.41,2022-02-16,0.0082684510502585,2022-02-16,-0.0030048538442223,2022-02-16,-0.02,2022-02-16,1.0,1.0,1.0,1.0,1.0,Thursday,0,Initial_Estimation,0,,1,1
2022-02-18,-0.0174720160847491,-0.0800387476072418,23.872148620495953,23.99080468696889,-0.0396897895270309,-0.0819341563151699,23.479990222984785,23.487079055212345,-0.0071920421176204,-0.0214005030040234,-0.3599999999999994,3.82,-0.0011054540785265,0.0161768627744012,0.0025333228729631,0.001033937251706,-0.05,-0.0599999999999998,-0.0214005030040234,2022-02-17,3.82,2022-02-17,0.0161768627744012,2022-02-17,0.001033937251706,2022-02-17,-0.0599999999999998,2022-02-17,1.0,1.0,1.0,1.0,1.0,Friday,0,Initial_Estimation,0,,1,1
2022-02-19,-0.0012583567333529,-0.0174720160847491,23.343326572923065,23.872148620495953,-0.0153632764304847,-0.0396897895270309,23.00301037605258,23.479990222984785,,,,,,,,,,,-0.0071920421176204,2022-02-18,-0.3599999999999994,2022-02-18,-0.0011054540785265,2022-02-18,0.0025333228729631,2022-02-18,-0.05,2022-02-18,1.0,1.0,1.0,1.0,1.0,Saturday,1,Initial_Estimation,0,,1,1
2022-02-20,-0.0422152412744252,-0.0012583567333529,23.632381734687534,23.343326572923065,-0.0348252527537662,-0.0153632764304847,23.177836796878815,23.00301037605258,,,,,,,,,,,-0.0071920421176204,2022-02-18,-0.3599999999999994,2022-02-18,-0.0011054540785265,2022-02-18,0.0025333228729631,2022-02-18,-0.05,2022-02-18,2.0,2.0,2.0,2.0,2.0,Sunday,1,Initial_Estimation,0,,1,1
2022-02-21,-0.0322254031795982,-0.0422152412744252,24.100184282707193,23.632381734687534,-0.0242603003714983,-0.0348252527537662,23.648918545561656,23.177836796878815,,,,,,,0.0003643537186169,0.0025333228729631,,,-0.0071920421176204,2022-02-18,-0.3599999999999994,2022-02-18,-0.0011054540785265,2022-02-18,0.0025333228729631,2022-02-18,-0.05,2022-02-18,3.0,3.0,3.0,3.0,3.0,Monday,0,Initial_Estimation,0,,1,1
2022-02-22,0.0219467676322048,-0.0322254031795982,23.96167564322479,24.100184282707193,0.0092357608217207,-0.0242603003714983,23.518117423975003,23.648918545561656,-0.0101946540428157,-0.0071920421176204,1.0599999999999987,-0.3599999999999994,0.0039424973379259,-0.0011054540785265,-0.0005517873364261,0.0003643537186169,0.02,-0.05,-0.0071920421176204,2022-02-18,-0.3599999999999994,2022-02-18,-0.0011054540785265,2022-02-18,0.0003643537186169,2022-02-21,-0.05,2022-02-18,4.0,4.0,4.0,1.0,4.0,Tuesday,0,Initial_Estimation,0,,1,1
2022-02-23,-0.0095083005623664,0.0219467676322048,23.8074243705416,23.96167564322479,0.0047025238801442,0.0092357608217207,23.31722397536323,23.518117423975003,-0.0185837901943339,-0.0101946540428157,2.210000000000001,1.0599999999999987,0.0016250236299235,0.0039424973379259,0.0017168279325556,-0.0005517873364261,0.05,0.02,-0.0101946540428157,2022-02-22,1.0599999999999987,2022-02-22,0.0039424973379259,2022-02-22,-0.0005517873364261,2022-02-22,0.02,2022-02-22,1.0,1.0,1.0,1.0,1.0,Wednesday,0,Initial_Estimation,0,,1,1
2022-02-24,0.0230106235837963,-0.0095083005623664,24.56021614240826,23.8074243705416,0.0064798535811783,0.0047025238801442,24.10127451566729,23.31722397536323,0.0148460597115355,-0.0185837901943339,-0.6999999999999993,2.210000000000001,0.0082936211860425,0.0016250236299235,0.0097969510149045,0.0017168279325556,-0.03,0.05,-0.0185837901943339,2022-02-23,2.210000000000001,2022-02-23,0.0016250236299235,2022-02-23,0.0017168279325556,2022-02-23,0.05,2022-02-23,1.0,1.0,1.0,1.0,1.0,Thursday,0,Initial_Estimation,0,,1,1
2022-02-25,0.0151744224182289,0.0230106235837963,24.002129814172033,24.56021614240826,0.027007433251168,0.0064798535811783,23.568692647807588,24.10127451566729,0.0221261483647568,0.0148460597115355,-2.7300000000000004,-0.6999999999999993,-0.020254641338243,0.0082936211860425,-0.0053883445124649,0.0097969510149045,0.01,-0.03,0.0148460597115355,2022-02-24,-0.6999999999999993,2022-02-24,0.0082936211860425,2022-02-24,0.0097969510149045,2022-02-24,-0.03,2022-02-24,1.0,1.0,1.0,1.0,1.0,Friday,0,Initial_Estimation,0,,1,1
2022-02-26,0.0120072134165406,0.0151744224182289,23.583610947226784,24.002129814172033,0.0425645365446129,0.027007433251168,23.184959159443075,23.568692647807588,,,,,,,,,,,0.0221261483647568,2022-02-25,-2.7300000000000004,2022-02-25,-0.020254641338243,2022-02-25,-0.0053883445124649,2022-02-25,0.01,2022-02-25,1.0,1.0,1.0,1.0,1.0,Saturday,1,Initial_Estimation,0,,1,1
2022-02-27,-0.0123974210438763,0.0120072134165406,23.878141773700225,23.583610947226784,-0.021867276676342,0.0425645365446129,23.505238965949378,23.184959159443075,,,,,,,,,,,0.0221261483647568,2022-02-25,-2.7300000000000004,2022-02-25,-0.020254641338243,2022-02-25,-0.0053883445124649,2022-02-25,0.01,2022-02-25,2.0,2.0,2.0,2.0,2.0,Sunday,1,Initial_Estimation,0,,1,1
2022-02-28,0.066136831059334,-0.0123974210438763,24.298136769629124,23.878141773700225,0.0199337866922546,-0.021867276676342,23.68161419551605,23.505238965949378,-0.0024456003393256,0.0221261483647568,2.5599999999999987,-2.7300000000000004,0.0068147992580523,-0.020254641338243,0.0009517800037773,-0.0053883445124649,-0.1399999999999999,0.01,0.0221261483647568,2022-02-25,-2.7300000000000004,2022-02-25,-0.020254641338243,2022-02-25,-0.0053883445124649,2022-02-25,0.01,2022-02-25,3.0,3.0,3.0,3.0,3.0,Monday,0,Initial_Estimation,0,,1,1
2022-03-01,0.0524180235428388,0.066136831059334,24.203861030535386,24.298136769629124,0.0469726573222859,0.0199337866922546,23.65485555287893,23.68161419551605,-0.0155944267561353,-0.0024456003393256,3.1700000000000017,2.5599999999999987,0.0223862747717803,0.0068147992580523,0.0072328201729695,0.0009517800037773,-0.1100000000000001,-0.1399999999999999,-0.0024456003393256,2022-02-28,2.5599999999999987,2022-02-28,0.0068147992580523,2022-02-28,0.0009517800037773,2022-02-28,-0.1399999999999999,2022-02-28,1.0,1.0,1.0,1.0,1.0,Tuesday,0,Initial_Estimation,0,,1,1
2022-03-02,0.0045344464018058,0.0524180235428388,24.096856044331652,24.203861030535386,0.0064051783863995,0.0469726573222859,23.5348659657609,23.65485555287893,0.0184709834489893,-0.0155944267561353,-2.580000000000002,3.1700000000000017,-0.011130495531632,0.0223862747717803,-0.0002464141618472,0.0072328201729695,0.1400000000000001,-0.1100000000000001,-0.0155944267561353,2022-03-01,3.1700000000000017,2022-03-01,0.0223862747717803,2022-03-01,0.0072328201729695,2022-03-01,-0.1100000000000001,2022-03-01,1.0,1.0,1.0,1.0,1.0,Wednesday,0,Initial_Estimation,0,,1,1
2022-03-03,-0.046366545615747,0.0045344464018058,23.940852134451475,24.096856044331652,-0.0593327630846819,0.0064051783863995,23.29520606492204,23.5348659657609,-0.005268565551901,0.0184709834489893,-0.259999999999998,-2.580000000000002,0.0070033745789622,-0.011130495531632,0.0040989963627491,-0.0002464141618472,0.0,0.1400000000000001,0.0184709834489893,2022-03-02,-2.580000000000002,2022-03-02,-0.011130495531632,2022-03-02,-0.0002464141618472,2022-03-02,0.1400000000000001,2022-03-02,1.0,1.0,1.0,1.0,1.0,Thursday,0,Initial_Estimation,0,,1,1
2022-03-04,-0.0662246169248151,-0.046366545615747,24.07374068856721,23.940852134451475,-0.0725859913282848,-0.0593327630846819,23.39720336229472,23.29520606492204,-0.0079656579014163,-0.005268565551901,1.5,-0.259999999999998,0.0157459086883662,0.0070033745789622,0.0087867675236169,0.0040989963627491,-0.1200000000000001,0.0,-0.005268565551901,2022-03-03,-0.259999999999998,2022-03-03,0.0070033745789622,2022-03-03,0.0040989963627491,2022-03-03,0.0,2022-03-03,1.0,1.0,1.0,1.0,1.0,Friday,0,Initial_Estimation,0,,1,1
2022-03-05,-0.0006172601463716,-0.0662246169248151,23.555061556058806,24.07374068856721,0.0181014859296149,-0.0725859913282848,22.811712757707543,23.39720336229472,,,,,,,,,,,-0.0079656579014163,2022-03-04,1.5,2022-03-04,0.0157459086883662,2022-03-04,0.0087867675236169,2022-03-04,-0.1200000000000001,2022-03-04,1.0,1.0,1.0,1.0,1.0,Saturday,1,Initial_Estimation,0,,1,1
2022-03-06,-0.0093769582442595,-0.0006172601463716,23.70617777517257,23.555061556058806,-0.0089413962322577,0.0181014859296149,22.90627615837103,22.811712757707543,,,,,,,,,,,-0.0079656579014163,2022-03-04,1.5,2022-03-04,0.0157459086883662,2022-03-04,0.0087867675236169,2022-03-04,-0.1200000000000001,2022-03-04,2.0,2.0,2.0,2.0,2.0,Sunday,1,Initial_Estimation,0,,1,1
2022-03-07,-0.030419874571259,-0.0093769582442595,24.074787685220453,23.70617777517257,-0.0580854198983333,-0.0089413962322577,23.403883087444427,22.90627615837103,-0.029962522550535,-0.0079656579014163,4.470000000000002,1.5,0.0145494098873358,0.0157459086883662,0.006517116543938,0.0087867675236169,0.04,-0.1200000000000001,-0.0079656579014163,2022-03-04,1.5,2022-03-04,0.0157459086883662,2022-03-04,0.0087867675236169,2022-03-04,-0.1200000000000001,2022-03-04,3.0,3.0,3.0,3.0,3.0,Monday,0,Initial_Estimation,0,,1,1
2022-03-08,0.0174645940630572,-0.030419874571259,23.97273229953079,24.074787685220453,0.0299197533545671,-0.0580854198983333,23.35680244847405,23.403883087444427,-0.0072601279980952,-0.029962522550535,-1.3200000000000005,4.470000000000002,0.0229062822203621,0.0145494098873358,-0.0023291583719174,0.006517116543938,0.08,0.04,-0.029962522550535,2022-03-07,4.470000000000002,2022-03-07,0.0145494098873358,2022-03-07,0.006517116543938,2022-03-07,0.04,2022-03-07,1.0,1.0,1.0,1.0,1.0,Tuesday,0,Initial_Estimation,0,,1,1
2022-03-09,0.0843441123658824,0.0174645940630572,24.19784133744128,23.97273229953079,0.0565646851521662,0.0299197533545671,23.374651530311088,23.35680244847405,0.0253736723456352,-0.0072601279980952,-2.6799999999999997,-1.3200000000000005,-0.0269265901137716,0.0229062822203621,-0.0111050220046512,-0.0023291583719174,0.0799999999999998,0.08,-0.0072601279980952,2022-03-08,-1.3200000000000005,2022-03-08,0.0229062822203621,2022-03-08,-0.0023291583719174,2022-03-08,0.08,2022-03-08,1.0,1.0,1.0,1.0,1.0,Wednesday,0,Initial_Estimation,0,,1,1
2022-03-10,-0.0630204700194895,0.0843441123658824,24.159768092521283,24.19784133744128,-0.0391055013554657,0.0565646851521662,23.310464089066333,23.374651530311088,-0.0043010818993905,0.0253736723456352,-2.2200000000000024,-2.6799999999999997,0.006124492623627,-0.0269265901137716,0.0054867169072244,-0.0111050220046512,0.04,0.0799999999999998,0.0253736723456352,2022-03-09,-2.6799999999999997,2022-03-09,-0.0269265901137716,2022-03-09,-0.0111050220046512,2022-03-09,0.0799999999999998,2022-03-09,1.0,1.0,1.0,1.0,1.0,Thursday,0,Initial_Estimation,0,,1,1
2022-03-11,-0.0121431577748301,-0.0630204700194895,23.995299055359244,24.159768092521283,-0.0125707616265371,-0.0391055013554657,23.239543527917387,23.310464089066333,-0.0130462882845121,-0.0043010818993905,0.5199999999999996,-2.2200000000000024,-0.0077371892700182,0.006124492623627,0.0062439799889185,0.0054867169072244,0.02,0.04,-0.0043010818993905,2022-03-10,-2.2200000000000024,2022-03-10,0.006124492623627,2022-03-10,0.0054867169072244,2022-03-10,0.04,2022-03-10,1.0,1.0,1.0,1.0,1.0,Friday,0,Initial_Estimation,0,,1,1
2022-03-12,0.0062597772593119,-0.0121431577748301,23.405413488674863,23.995299055359244,0.0061872653286927,-0.0125707616265371,22.600131568390378,23.239543527917387,,,,,,,,,,,-0.0130462882845121,2022-03-11,0.5199999999999996,2022-03-11,-0.0077371892700182,2022-03-11,0.0062439799889185,2022-03-11,0.02,2022-03-11,1.0,1.0,1.0,1.0,1.0,Saturday,1,Initial_Estimation,0,,1,1
2022-03-13,-0.0038111053614369,0.0062597772593119,23.574015419025052,23.405413488674863,-0.0032361736136195,0.0061872653286927,22.87874210880864,22.600131568390378,,,,,,,,,,,-0.0130462882845121,2022-03-11,0.5199999999999996,2022-03-11,-0.0077371892700182,2022-03-11,0.0062439799889185,2022-03-11,0.02,2022-03-11,2.0,2.0,2.0,2.0,2.0,Sunday,1,Initial_Estimation,0,,1,1
2022-03-14,-0.0059341502515488,-0.0038111053614369,23.914653667653223,23.574015419025052,-0.0207043489022057,-0.0032361736136195,23.143135960635178,22.87874210880864,-0.0074486283971046,-0.0130462882845121,1.0199999999999996,0.5199999999999996,-0.0117191692117069,-0.0077371892700182,-0.0012618425582683,0.0062439799889185,0.1400000000000001,0.02,-0.0130462882845121,2022-03-11,0.5199999999999996,2022-03-11,-0.0077371892700182,2022-03-11,0.0062439799889185,2022-03-11,0.02,2022-03-11,3.0,3.0,3.0,3.0,3.0,Monday,0,Initial_Estimation,0,,1,1
2022-03-15,0.0185989070644737,-0.0059341502515488,23.898565915364134,23.914653667653223,0.0383827027072444,-0.0207043489022057,23.277473525155276,23.143135960635178,0.0211825511406567,-0.0074486283971046,-1.9400000000000013,1.0199999999999996,-0.0159978596574402,-0.0117191692117069,0.0009894193521804,-0.0012618425582683,0.0099999999999997,0.1400000000000001,-0.0074486283971046,2022-03-14,1.0199999999999996,2022-03-14,-0.0117191692117069,2022-03-14,-0.0012618425582683,2022-03-14,0.1400000000000001,2022-03-14,1.0,1.0,1.0,1.0,1.0,Tuesday,0,Initial_Estimation,0,,1,1
2022-03-16,0.0449772855620747,0.0185989070644737,24.40252204055857,23.898565915364134,0.0549834512287169,0.0383827027072444,23.60891031489639,23.277473525155276,0.0221369988429547,0.0211825511406567,-3.1599999999999966,-1.9400000000000013,-0.0106869256400506,-0.0159978596574402,-0.0048453676974098,0.0009894193521804,0.04,0.0099999999999997,0.0211825511406567,2022-03-15,-1.9400000000000013,2022-03-15,-0.0159978596574402,2022-03-15,0.0009894193521804,2022-03-15,0.0099999999999997,2022-03-15,1.0,1.0,1.0,1.0,1.0,Wednesday,0,Initial_Estimation,0,,1,1
2022-03-17,-0.01317638892735,0.0449772855620747,23.814744608422313,24.40252204055857,0.0126223633736466,0.0549834512287169,23.263706935888703,23.60891031489639,0.0122721914045034,0.0221369988429547,-1.0,-3.1599999999999966,0.0177142762522131,-0.0106869256400506,-0.0065516633800162,-0.0048453676974098,0.0100000000000002,0.04,0.0221369988429547,2022-03-16,-3.1599999999999966,2022-03-16,-0.0106869256400506,2022-03-16,-0.0048453676974098,2022-03-16,0.04,2022-03-16,1.0,1.0,1.0,1.0,1.0,Thursday,0,Initial_Estimation,0,,1,1
2022-03-18,0.0251474835277611,-0.01317638892735,24.261949092762496,23.814744608422313,0.0486285800410162,0.0126223633736466,23.485228242651804,23.263706935888703,0.0115947704463186,0.0122721914045034,-1.8000000000000007,-1.0,-0.0071829493533294,0.0177142762522131,0.0026400704402515,-0.0065516633800162,-0.06,0.0100000000000002,0.0122721914045034,2022-03-17,-1.0,2022-03-17,0.0177142762522131,2022-03-17,-0.0065516633800162,2022-03-17,0.0100000000000002,2022-03-17,1.0,1.0,1.0,1.0,1.0,Friday,0,Initial_Estimation,0,,1,1
2022-03-19,0.0108841148076205,0.0251474835277611,23.70209877710183,24.261949092762496,0.001941350169528,0.0486285800410162,23.17223983238619,23.485228242651804,,,,,,,,,,,0.0115947704463186,2022-03-18,-1.8000000000000007,2022-03-18,-0.0071829493533294,2022-03-18,0.0026400704402515,2022-03-18,-0.06,2022-03-18,1.0,1.0,1.0,1.0,1.0,Saturday,1,Initial_Estimation,0,,1,1
2022-03-20,-0.0279303868984861,0.0108841148076205,23.725375068514193,23.70209877710183,-0.0440756634860588,0.001941350169528,23.2636645339842,23.17223983238619,,,,,,,,,,,0.0115947704463186,2022-03-18,-1.8000000000000007,2022-03-18,-0.0071829493533294,2022-03-18,0.0026400704402515,2022-03-18,-0.06,2022-03-18,2.0,2.0,2.0,2.0,2.0,Sunday,1,Initial_Estimation,0,,1,1
2022-03-21,0.0023983029241863,-0.0279303868984861,23.92664392064225,23.725375068514193,0.0292012668795101,-0.0440756634860588,23.444963558736003,23.2636645339842,-0.0004347679998561,0.0115947704463186,-0.3399999999999998,-1.8000000000000007,0.0002074385102122,-0.0071829493533294,0.0026940356148957,0.0026400704402515,0.1799999999999997,-0.06,0.0115947704463186,2022-03-18,-1.8000000000000007,2022-03-18,-0.0071829493533294,2022-03-18,0.0026400704402515,2022-03-18,-0.06,2022-03-18,3.0,3.0,3.0,3.0,3.0,Monday,0,Initial_Estimation,0,,1,1
2022-03-22,0.0347392567148299,0.0023983029241863,24.18914711592851,23.92664392064225,0.0311971514350083,0.0292012668795101,23.546460884445725,23.444963558736003,0.011240769260246,-0.0004347679998561,-0.5899999999999999,-0.3399999999999998,-0.0041046609285687,0.0002074385102122,-5.076374048648963e-05,0.0026940356148957,0.06,0.1799999999999997,-0.0004347679998561,2022-03-21,-0.3399999999999998,2022-03-21,0.0002074385102122,2022-03-21,0.0026940356148957,2022-03-21,0.1799999999999997,2022-03-21,1.0,1.0,1.0,1.0,1.0,Tuesday,0,Initial_Estimation,0,,1,1
2022-03-23,-0.0052916065558876,0.0347392567148299,23.95181247118945,24.18914711592851,-0.0064341558437781,0.0311971514350083,23.496402387725738,23.546460884445725,-0.0123487131510434,0.011240769260246,0.629999999999999,-0.5899999999999999,0.0082441680820088,-0.0041046609285687,0.001308880789555,-5.076374048648963e-05,-0.06,0.06,0.011240769260246,2022-03-22,-0.5899999999999999,2022-03-22,-0.0041046609285687,2022-03-22,-5.076374048648963e-05,2022-03-22,0.06,2022-03-22,1.0,1.0,1.0,1.0,1.0,Wednesday,0,Initial_Estimation,0,,1,1
2022-03-24,0.0353002410592323,-0.0052916065558876,24.15863892874272,23.95181247118945,0.0405246093488951,-0.0064341558437781,23.61754678654195,23.496402387725738,0.0142420303090453,-0.0123487131510434,-1.8999999999999984,0.629999999999999,0.0128266087251296,0.0082441680820088,0.0016919020706739,0.001308880789555,0.02,-0.06,-0.0123487131510434,2022-03-23,0.629999999999999,2022-03-23,0.0082441680820088,2022-03-23,0.001308880789555,2022-03-23,-0.06,2022-03-23,1.0,1.0,1.0,1.0,1.0,Thursday,0,Initial_Estimation,0,,1,1
2022-03-25,0.0151316704390118,0.0353002410592323,24.14342932075565,24.15863892874272,0.006428868542807,0.0405246093488951,23.55827191609237,23.61754678654195,0.0050534023741785,0.0142420303090453,-0.860000000000003,-1.8999999999999984,-0.0039842350856929,0.0128266087251296,0.0,0.0016919020706739,0.1400000000000001,0.02,0.0142420303090453,2022-03-24,-1.8999999999999984,2022-03-24,0.0128266087251296,2022-03-24,0.0016919020706739,2022-03-24,0.02,2022-03-24,1.0,1.0,1.0,1.0,1.0,Friday,0,Initial_Estimation,0,,1,1
2022-03-26,0.0006060903574119,0.0151316704390118,23.55356057277089,24.14342932075565,0.0055041036958123,0.006428868542807,22.906664242876197,23.55827191609237,,,,,,,,,,,0.0050534023741785,2022-03-25,-0.860000000000003,2022-03-25,-0.0039842350856929,2022-03-25,0.0,2022-03-25,0.1400000000000001,2022-03-25,1.0,1.0,1.0,1.0,1.0,Saturday,1,Initial_Estimation,0,,1,1
2022-03-27,0.007660831817949,0.0006060903574119,24.061199962978613,23.55356057277089,0.0114150354286311,0.0055041036958123,23.32089584258674,22.906664242876197,,,,,,,,,,,0.0050534023741785,2022-03-25,-0.860000000000003,2022-03-25,-0.0039842350856929,2022-03-25,0.0,2022-03-25,0.1400000000000001,2022-03-25,2.0,2.0,2.0,2.0,2.0,Sunday,1,Initial_Estimation,0,,1,1
2022-03-28,0.0651520542480003,0.007660831817949,24.31679494228176,24.061199962978613,0.072149989243552,0.0114150354286311,23.749549176111024,23.32089584258674,0.0071195596488213,0.0050534023741785,-1.1799999999999995,-0.860000000000003,-0.0072944655661713,-0.0039842350856929,0.0030523573324733,0.0,-0.02,0.1400000000000001,0.0050534023741785,2022-03-25,-0.860000000000003,2022-03-25,-0.0039842350856929,2022-03-25,0.0,2022-03-25,0.1400000000000001,2022-03-25,3.0,3.0,3.0,3.0,3.0,Monday,0,Initial_Estimation,0,,1,1
2022-03-29,-0.0105987140071045,0.0651520542480003,24.169980065251295,24.31679494228176,-0.0058087846396903,0.072149989243552,23.69538774841063,23.749549176111024,0.0121820272852555,0.0071195596488213,-0.7300000000000004,-1.1799999999999995,-0.0143319390326869,-0.0072944655661713,-0.0069571662170842,0.0030523573324733,-0.0499999999999998,-0.02,0.0071195596488213,2022-03-28,-1.1799999999999995,2022-03-28,-0.0072944655661713,2022-03-28,0.0030523573324733,2022-03-28,-0.02,2022-03-28,1.0,1.0,1.0,1.0,1.0,Tuesday,0,Initial_Estimation,0,,1,1
2022-03-30,-0.0035980116015225,-0.0105987140071045,24.102009134012143,24.169980065251295,0.0046819382120452,-0.0058087846396903,23.451282451342905,23.69538774841063,-0.0063136103509489,0.0121820272852555,0.4299999999999997,-0.7300000000000004,0.0111820174360052,-0.0143319390326869,-0.0062386795345057,-0.0069571662170842,-0.06,-0.0499999999999998,0.0121820272852555,2022-03-29,-0.7300000000000004,2022-03-29,-0.0143319390326869,2022-03-29,-0.0069571662170842,2022-03-29,-0.0499999999999998,2022-03-29,1.0,1.0,1.0,1.0,1.0,Wednesday,0,Initial_Estimation,0,,1,1
2022-03-31,-0.032798016085671,-0.0035980116015225,24.229646531746955,24.102009134012143,-0.0340157706159417,0.0046819382120452,23.59601068782288,23.451282451342905,-0.0157763272793972,-0.0063136103509489,1.2300000000000004,0.4299999999999997,0.0080871748716578,0.0111820174360052,0.0053033208782955,-0.0062386795345057,-0.0300000000000002,-0.06,-0.0063136103509489,2022-03-30,0.4299999999999997,2022-03-30,0.0111820174360052,2022-03-30,-0.0062386795345057,2022-03-30,-0.06,2022-03-30,1.0,1.0,1.0,1.0,1.0,Thursday,0,Initial_Estimation,0,,1,1
2022-04-01,0.0086605018938496,-0.032798016085671,24.365122975858434,24.229646531746955,0.0422606242155683,-0.0340157706159417,23.766977895782496,23.59601068782288,0.0034044855260572,-0.0157763272793972,-0.9299999999999996,1.2300000000000004,-0.0155626935164289,0.0080871748716578,0.0032496575839555,0.0053033208782955,0.0700000000000002,-0.0300000000000002,-0.0157763272793972,2022-03-31,1.2300000000000004,2022-03-31,0.0080871748716578,2022-03-31,0.0053033208782955,2022-03-31,-0.0300000000000002,2022-03-31,1.0,1.0,1.0,1.0,1.0,Friday,0,Initial_Estimation,0,,1,1
2022-04-02,0.0006649692980942,0.0086605018938496,24.10210152228261,24.365122975858434,0.0083531462732395,0.0422606242155683,23.883306576958834,23.766977895782496,,,,,,,,,,,0.0034044855260572,2022-04-01,-0.9299999999999996,2022-04-01,-0.0155626935164289,2022-04-01,0.0032496575839555,2022-04-01,0.0700000000000002,2022-04-01,1.0,1.0,1.0,1.0,1.0,Saturday,1,Initial_Estimation,0,,1,1
2022-04-03,0.0085657570096499,0.0006649692980942,23.958581685419976,24.10210152228261,0.0111022502531651,0.0083531462732395,23.453325943134768,23.883306576958834,,,,,,,,,,,0.0034044855260572,2022-04-01,-0.9299999999999996,2022-04-01,-0.0155626935164289,2022-04-01,0.0032496575839555,2022-04-01,0.0700000000000002,2022-04-01,2.0,2.0,2.0,2.0,2.0,Sunday,1,Initial_Estimation,0,,1,1
2022-04-04,-0.0059863955079796,0.0085657570096499,24.204499324875695,23.958581685419976,-0.0002450023800277,0.0111022502531651,23.625235069124965,23.453325943134768,0.0080583226226329,0.0034044855260572,-1.0599999999999987,-0.9299999999999996,0.0052490704821979,-0.0155626935164289,0.0037240975683382,0.0032496575839555,0.0299999999999998,0.0700000000000002,0.0034044855260572,2022-04-01,-0.9299999999999996,2022-04-01,-0.0155626935164289,2022-04-01,0.0032496575839555,2022-04-01,0.0700000000000002,2022-04-01,3.0,3.0,3.0,3.0,3.0,Monday,0,Initial_Estimation,0,,1,1
2022-04-05,-0.0092191839632886,-0.0059863955079796,24.11241101688998,24.204499324875695,-0.0188996633311412,-0.0002450023800277,23.537566349660587,23.625235069124965,-0.0126311551370503,0.0080583226226329,2.460000000000001,-1.0599999999999987,-0.0032709080317566,0.0052490704821979,0.0047563473923917,0.0037240975683382,0.1200000000000001,0.0299999999999998,0.0080583226226329,2022-04-04,-1.0599999999999987,2022-04-04,0.0052490704821979,2022-04-04,0.0037240975683382,2022-04-04,0.0299999999999998,2022-04-04,1.0,1.0,1.0,1.0,1.0,Tuesday,0,Initial_Estimation,0,,1,1
2022-04-06,-0.0447381910713068,-0.0092191839632886,24.396864019606657,24.11241101688998,-0.0628483274247787,-0.0188996633311412,23.967129397251952,23.537566349660587,-0.0097643862227005,-0.0126311551370503,1.0700000000000005,2.460000000000001,-0.0023429578535094,-0.0032709080317566,0.0012759268525255,0.0047563473923917,0.0699999999999998,0.1200000000000001,-0.0126311551370503,2022-04-05,2.460000000000001,2022-04-05,-0.0032709080317566,2022-04-05,0.0047563473923917,2022-04-05,0.1200000000000001,2022-04-05,1.0,1.0,1.0,1.0,1.0,Wednesday,0,Initial_Estimation,0,,1,1
2022-04-07,-0.007100568776418,-0.0447381910713068,23.985276746348713,24.396864019606657,0.0017052830823837,-0.0628483274247787,23.54139519966533,23.967129397251952,0.0042443524395117,-0.0097643862227005,-0.5500000000000007,1.0700000000000005,0.0079954862997662,-0.0023429578535094,0.0015249564028717,0.0012759268525255,0.0500000000000002,0.0699999999999998,-0.0097643862227005,2022-04-06,1.0700000000000005,2022-04-06,-0.0023429578535094,2022-04-06,0.0012759268525255,2022-04-06,0.0699999999999998,2022-04-06,1.0,1.0,1.0,1.0,1.0,Thursday,0,Initial_Estimation,0,,1,1
2022-04-08,-0.0176879425610839,-0.007100568776418,24.02707070336122,23.985276746348713,0.0029280251215804,0.0017052830823837,23.588721453700725,23.54139519966533,-0.0026545074879774,0.0042443524395117,-0.3900000000000005,-0.5500000000000007,0.0040253585389149,0.0079954862997662,0.0004510215714876,0.0015249564028717,0.06,0.0500000000000002,0.0042443524395117,2022-04-07,-0.5500000000000007,2022-04-07,0.0079954862997662,2022-04-07,0.0015249564028717,2022-04-07,0.0500000000000002,2022-04-07,1.0,1.0,1.0,1.0,1.0,Friday,0,Initial_Estimation,0,,1,1
2022-04-09,-0.0087422870142321,-0.0176879425610839,23.499022815956096,24.02707070336122,-0.0074633205891815,0.0029280251215804,23.01661966825108,23.588721453700725,,,,,,,,,,,-0.0026545074879774,2022-04-08,-0.3900000000000005,2022-04-08,0.0040253585389149,2022-04-08,0.0004510215714876,2022-04-08,0.06,2022-04-08,1.0,1.0,1.0,1.0,1.0,Saturday,1,Initial_Estimation,0,,1,1
2022-04-10,0.0160077229003593,-0.0087422870142321,23.594255162232244,23.499022815956096,0.0197685800446711,-0.0074633205891815,23.06766968736747,23.01661966825108,,,,,,,,,,,-0.0026545074879774,2022-04-08,-0.3900000000000005,2022-04-08,0.0040253585389149,2022-04-08,0.0004510215714876,2022-04-08,0.06,2022-04-08,2.0,2.0,2.0,2.0,2.0,Sunday,1,Initial_Estimation,0,,1,1
2022-04-11,-0.0792113826130451,0.0160077229003593,24.248152103790183,23.594255162232244,-0.094626720806759,0.0197685800446711,23.809378195105207,23.06766968736747,-0.0170213337629498,-0.0026545074879774,3.210000000000001,-0.3900000000000005,0.0013896773770587,0.0040253585389149,0.0013618523293607,0.0004510215714876,0.0699999999999998,0.06,-0.0026545074879774,2022-04-08,-0.3900000000000005,2022-04-08,0.0040253585389149,2022-04-08,0.0004510215714876,2022-04-08,0.06,2022-04-08,3.0,3.0,3.0,3.0,3.0,Monday,0,Initial_Estimation,0,,1,1
2022-04-12,-0.0077533730220785,-0.0792113826130451,24.156978837841187,24.248152103790183,-0.0018630606066884,-0.094626720806759,23.730714574386415,23.809378195105207,-0.0034233936348681,-0.0170213337629498,-0.1099999999999994,3.210000000000001,0.0141969122210424,0.0013896773770587,0.0035959763857609,0.0013618523293607,-0.0699999999999998,0.0699999999999998,-0.0170213337629498,2022-04-11,3.210000000000001,2022-04-11,0.0013896773770587,2022-04-11,0.0013618523293607,2022-04-11,0.0699999999999998,2022-04-11,1.0,1.0,1.0,1.0,1.0,Tuesday,0,Initial_Estimation,0,,1,1
2022-04-13,0.0425212623733497,-0.0077533730220785,24.044377087670032,24.156978837841187,0.0390961881461618,-0.0018630606066884,23.501368928876506,23.730714574386415,0.011112682823133,-0.0034233936348681,-2.4400000000000013,-0.1099999999999994,0.0045028152622562,0.0141969122210424,-0.0041665269825494,0.0035959763857609,-0.02,-0.0699999999999998,-0.0034233936348681,2022-04-12,-0.1099999999999994,2022-04-12,0.0141969122210424,2022-04-12,0.0035959763857609,2022-04-12,-0.0699999999999998,2022-04-12,1.0,1.0,1.0,1.0,1.0,Wednesday,0,Initial_Estimation,0,,1,1
2022-04-14,-0.0328666182952596,0.0425212623733497,23.915469171452095,24.044377087670032,-0.0302599794288764,0.0390961881461618,23.4846305506943,23.501368928876506,-0.0122184799515257,0.011112682823133,0.879999999999999,-2.4400000000000013,-0.0051114641128363,0.0045028152622562,0.0044556408505638,-0.0041665269825494,0.1299999999999999,-0.02,0.011112682823133,2022-04-13,-2.4400000000000013,2022-04-13,0.0045028152622562,2022-04-13,-0.0041665269825494,2022-04-13,-0.02,2022-04-13,1.0,1.0,1.0,1.0,1.0,Thursday,0,Initial_Estimation,0,,1,1
2022-04-15,0.0121598598553616,-0.0328666182952596,23.803194751848288,23.915469171452095,0.0056189590311285,-0.0302599794288764,23.14422503852326,23.4846305506943,,,,,,,0.0,0.0044556408505638,,,-0.0122184799515257,2022-04-14,0.879999999999999,2022-04-14,-0.0051114641128363,2022-04-14,0.0044556408505638,2022-04-14,0.1299999999999999,2022-04-14,1.0,1.0,1.0,1.0,1.0,Friday,0,Initial_Estimation,0,,1,1
2022-04-16,-0.0015526059113027,0.0121598598553616,23.54661603457996,23.803194751848288,0.0009268376207504,0.0056189590311285,22.894227472050357,23.14422503852326,,,,,,,,,,,-0.0122184799515257,2022-04-14,0.879999999999999,2022-04-14,-0.0051114641128363,2022-04-14,0.0,2022-04-15,0.1299999999999999,2022-04-14,2.0,2.0,2.0,1.0,2.0,Saturday,1,Initial_Estimation,0,,1,1
2022-04-17,-0.001383348162007,-0.0015526059113027,23.6723064775782,23.54661603457996,0.0042143418874097,0.0009268376207504,23.071119785478153,22.894227472050357,,,,,,,,,,,-0.0122184799515257,2022-04-14,0.879999999999999,2022-04-14,-0.0051114641128363,2022-04-14,0.0,2022-04-15,0.1299999999999999,2022-04-14,3.0,3.0,3.0,2.0,3.0,Sunday,1,Initial_Estimation,0,,1,1
2022-04-18,0.0096085774637206,-0.001383348162007,24.24091743316572,23.6723064775782,-0.013361888129119,0.0042143418874097,23.648005811078225,23.071119785478153,-0.0002049115017166,-0.0122184799515257,-0.5299999999999976,0.879999999999999,0.0060701283313464,-0.0051114641128363,0.0045748008699117,0.0,0.02,0.1299999999999999,-0.0122184799515257,2022-04-14,0.879999999999999,2022-04-14,-0.0051114641128363,2022-04-14,0.0,2022-04-15,0.1299999999999999,2022-04-14,4.0,4.0,4.0,3.0,4.0,Monday,0,Initial_Estimation,0,,1,1
2022-04-19,0.0152706571990988,0.0096085774637206,23.954196965637067,24.24091743316572,0.0296208204697552,-0.013361888129119,23.373406878657978,23.648005811078225,0.0159300401614975,-0.0002049115017166,-0.8000000000000007,-0.5299999999999976,-0.0138122712855413,0.0060701283313464,0.0017844578497719,0.0045748008699117,0.08,0.02,-0.0002049115017166,2022-04-18,-0.5299999999999976,2022-04-18,0.0060701283313464,2022-04-18,0.0045748008699117,2022-04-18,0.02,2022-04-18,1.0,1.0,1.0,1.0,1.0,Tuesday,0,Initial_Estimation,0,,1,1
2022-04-20,0.0031578324683069,0.0152706571990988,24.049004213127876,23.954196965637067,-0.0031639555748171,0.0296208204697552,23.467156831922537,23.373406878657978,-0.0006187189576933,0.0159300401614975,-1.0500000000000007,-0.8000000000000007,-0.0017399709321988,-0.0138122712855413,-0.0056717029532512,0.0017844578497719,-0.08,0.08,0.0159300401614975,2022-04-19,-0.8000000000000007,2022-04-19,-0.0138122712855413,2022-04-19,0.0017844578497719,2022-04-19,0.08,2022-04-19,1.0,1.0,1.0,1.0,1.0,Wednesday,0,Initial_Estimation,0,,1,1
2022-04-21,-0.0188696693457205,0.0031578324683069,24.28920861554553,24.049004213127876,-0.0282317955542075,-0.0031639555748171,23.757429622556792,23.467156831922537,-0.0148628473164761,-0.0006187189576933,2.359999999999999,-1.0500000000000007,-0.0037976152973985,-0.0017399709321988,0.0018709451737605,-0.0056717029532512,0.0499999999999998,-0.08,-0.0006187189576933,2022-04-20,-1.0500000000000007,2022-04-20,-0.0017399709321988,2022-04-20,-0.0056717029532512,2022-04-20,-0.08,2022-04-20,1.0,1.0,1.0,1.0,1.0,Thursday,0,Initial_Estimation,0,,1,1
2022-04-22,-0.0265616098262653,-0.0188696693457205,24.05588871477223,24.28920861554553,-0.0093292130380817,-0.0282317955542075,23.54362011987871,23.757429622556792,-0.0281319905210302,-0.0148628473164761,5.530000000000001,2.359999999999999,-0.0071725709734077,-0.0037976152973985,0.006362819908736,0.0018709451737605,0.0,0.0499999999999998,-0.0148628473164761,2022-04-21,2.359999999999999,2022-04-21,-0.0037976152973985,2022-04-21,0.0018709451737605,2022-04-21,0.0499999999999998,2022-04-21,1.0,1.0,1.0,1.0,1.0,Friday,0,Initial_Estimation,0,,1,1
2022-04-23,0.0055389390318335,-0.0265616098262653,23.50444389307777,24.05588871477223,-0.0027220343114379,-0.0093292130380817,22.933401770501455,23.54362011987871,,,,,,,,,,,-0.0281319905210302,2022-04-22,5.530000000000001,2022-04-22,-0.0071725709734077,2022-04-22,0.006362819908736,2022-04-22,0.0,2022-04-22,1.0,1.0,1.0,1.0,1.0,Saturday,1,Initial_Estimation,0,,1,1
2022-04-24,-0.0036695912833239,0.0055389390318335,23.611657756644593,23.50444389307777,-0.0041274809503083,-0.0027220343114379,22.99506482150368,22.933401770501455,,,,,,,,,,,-0.0281319905210302,2022-04-22,5.530000000000001,2022-04-22,-0.0071725709734077,2022-04-22,0.006362819908736,2022-04-22,0.0,2022-04-22,2.0,2.0,2.0,2.0,2.0,Sunday,1,Initial_Estimation,0,,1,1
2022-04-25,0.0130178605410775,-0.0036695912833239,24.291268647410707,23.611657756644593,0.0140967496687918,-0.0041274809503083,23.829317388777547,22.99506482150368,0.0056816875728607,-0.0281319905210302,-1.1900000000000013,5.530000000000001,-0.0197695101877407,-0.0071725709734077,0.0052421143632514,0.006362819908736,-0.0899999999999998,0.0,-0.0281319905210302,2022-04-22,5.530000000000001,2022-04-22,-0.0071725709734077,2022-04-22,0.006362819908736,2022-04-22,0.0,2022-04-22,3.0,3.0,3.0,3.0,3.0,Monday,0,Initial_Estimation,0,,1,1
2022-04-26,-0.0526788774858655,0.0130178605410775,24.2662257213104,24.291268647410707,-0.0564390052440706,0.0140967496687918,23.670440302781618,23.829317388777547,-0.0285500284302731,0.0056816875728607,6.5000000000000036,-1.1900000000000013,0.0043219765242018,-0.0197695101877407,0.0054005178916095,0.0052421143632514,-0.04,-0.0899999999999998,0.0056816875728607,2022-04-25,-1.1900000000000013,2022-04-25,-0.0197695101877407,2022-04-25,0.0052421143632514,2022-04-25,-0.0899999999999998,2022-04-25,1.0,1.0,1.0,1.0,1.0,Tuesday,0,Initial_Estimation,0,,1,1
2022-04-27,0.0255367618031925,-0.0526788774858655,24.156640440410506,24.2662257213104,0.0126348372206524,-0.0564390052440706,23.580843707698364,23.670440302781618,0.0020959051404105,-0.0285500284302731,-1.9200000000000017,6.5000000000000036,-0.0081852963010797,0.0043219765242018,0.0063432884907461,0.0054005178916095,0.0499999999999998,-0.04,-0.0285500284302731,2022-04-26,6.5000000000000036,2022-04-26,0.0043219765242018,2022-04-26,0.0054005178916095,2022-04-26,-0.04,2022-04-26,1.0,1.0,1.0,1.0,1.0,Wednesday,0,Initial_Estimation,0,,1,1
2022-04-28,0.0196083720837567,0.0255367618031925,24.24679013465321,24.156640440410506,0.0283311889376235,0.0126348372206524,23.63797917742804,23.580843707698364,0.0244456460045813,0.0020959051404105,-1.610000000000003,-1.9200000000000017,0.0014835623851351,-0.0081852963010797,0.0064770263757839,0.0063432884907461,0.0300000000000002,0.0499999999999998,0.0020959051404105,2022-04-27,-1.9200000000000017,2022-04-27,-0.0081852963010797,2022-04-27,0.0063432884907461,2022-04-27,0.0499999999999998,2022-04-27,1.0,1.0,1.0,1.0,1.0,Thursday,0,Initial_Estimation,0,,1,1
2022-04-29,-0.0336795077747833,0.0196083720837567,24.15347153437641,24.24679013465321,-0.0491450367328561,0.0283311889376235,23.65558116810485,23.63797917742804,-0.0369592023268587,0.0244456460045813,3.41,-1.610000000000003,0.0108479724442234,0.0014835623851351,-0.0064284621763308,0.0064770263757839,0.04,0.0300000000000002,0.0244456460045813,2022-04-28,-1.610000000000003,2022-04-28,0.0014835623851351,2022-04-28,0.0064770263757839,2022-04-28,0.0300000000000002,2022-04-28,1.0,1.0,1.0,1.0,1.0,Friday,0,Initial_Estimation,0,,1,1
2022-04-30,-0.0060172160576151,-0.0336795077747833,23.896964938001048,24.15347153437641,-0.0057743317736571,-0.0491450367328561,23.32750556985369,23.65558116810485,,,,,,,,,,,-0.0369592023268587,2022-04-29,3.41,2022-04-29,0.0108479724442234,2022-04-29,-0.0064284621763308,2022-04-29,0.04,2022-04-29,1.0,1.0,1.0,1.0,1.0,Saturday,1,Initial_Estimation,0,,1,1
2022-05-01,-0.010222401097252,-0.0060172160576151,24.019204924022286,23.896964938001048,-0.006366711959526,-0.0057743317736571,23.453255606080596,23.32750556985369,,,,,,,,,,,-0.0369592023268587,2022-04-29,3.41,2022-04-29,0.0108479724442234,2022-04-29,-0.0064284621763308,2022-04-29,0.04,2022-04-29,2.0,2.0,2.0,2.0,2.0,Sunday,1,Initial_Estimation,0,,1,1
2022-05-02,0.0099259769204375,-0.010222401097252,24.217426477638465,24.019204924022286,0.0193866676376319,-0.006366711959526,23.646951019540673,23.453255606080596,0.0056592700373755,-0.0369592023268587,-1.0599999999999952,3.41,-0.0251929203845654,0.0108479724442234,0.0075954753822188,-0.0064284621763308,0.1,0.04,-0.0369592023268587,2022-04-29,3.41,2022-04-29,0.0108479724442234,2022-04-29,-0.0064284621763308,2022-04-29,0.04,2022-04-29,3.0,3.0,3.0,3.0,3.0,Monday,0,Initial_Estimation,0,,1,1
2022-05-03,-0.0142695544176393,0.0099259769204375,24.031138984454778,24.217426477638465,-0.0153986838757939,0.0193866676376319,23.29022035342456,23.646951019540673,0.0048254415515728,0.0056592700373755,-3.0900000000000034,-1.0599999999999952,0.0037527518532821,-0.0251929203845654,-0.0026929348494187,0.0075954753822188,-0.02,0.1,0.0056592700373755,2022-05-02,-1.0599999999999952,2022-05-02,-0.0251929203845654,2022-05-02,0.0075954753822188,2022-05-02,0.1,2022-05-02,1.0,1.0,1.0,1.0,1.0,Tuesday,0,Initial_Estimation,0,,1,1
2022-05-04,0.052457973503341,-0.0142695544176393,24.327523905491837,24.031138984454778,0.0560388494725094,-0.0153986838757939,23.62395914083528,23.29022035342456,0.0294252350476066,0.0048254415515728,-3.8299999999999983,-3.0900000000000034,-0.0009636752202483,0.0037527518532821,-0.0085221722079837,-0.0026929348494187,-0.04,-0.02,0.0048254415515728,2022-05-03,-3.0900000000000034,2022-05-03,0.0037527518532821,2022-05-03,-0.0026929348494187,2022-05-03,-0.02,2022-05-03,1.0,1.0,1.0,1.0,1.0,Wednesday,0,Initial_Estimation,0,,1,1
2022-05-05,-0.0880316319458134,0.052457973503341,24.48693398168874,24.327523905491837,-0.0660315320337732,0.0560388494725094,23.84311328016923,23.62395914083528,-0.0363007239912506,0.0294252350476066,5.779999999999998,-3.8299999999999983,0.0037423192566449,-0.0009636752202483,0.0112922169776319,-0.0085221722079837,0.1199999999999996,-0.04,0.0294252350476066,2022-05-04,-3.8299999999999983,2022-05-04,-0.0009636752202483,2022-05-04,-0.0085221722079837,2022-05-04,-0.04,2022-05-04,1.0,1.0,1.0,1.0,1.0,Thursday,0,Initial_Estimation,0,,1,1
2022-05-06,-0.0103375148467028,-0.0880316319458134,24.35545793508169,24.48693398168874,-0.018532848473878,-0.0660315320337732,23.76910166275037,23.84311328016923,-0.0056903182606495,-0.0363007239912506,-1.009999999999998,5.779999999999998,0.0038346613166858,0.0037423192566449,-0.0008871232718798,0.0112922169776319,0.0700000000000002,0.1199999999999996,-0.0363007239912506,2022-05-05,5.779999999999998,2022-05-05,0.0037423192566449,2022-05-05,0.0112922169776319,2022-05-05,0.1199999999999996,2022-05-05,1.0,1.0,1.0,1.0,1.0,Friday,0,Initial_Estimation,0,,1,1
2022-05-07,-0.008177932249238,-0.0103375148467028,23.916860628784885,24.35545793508169,-0.0119763691690375,-0.018532848473878,23.316225102960523,23.76910166275037,,,,,,,,,,,-0.0056903182606495,2022-05-06,-1.009999999999998,2022-05-06,0.0038346613166858,2022-05-06,-0.0008871232718798,2022-05-06,0.0700000000000002,2022-05-06,1.0,1.0,1.0,1.0,1.0,Saturday,1,Initial_Estimation,0,,1,1
2022-05-08,-0.044726679693298,-0.008177932249238,24.32775888155433,23.916860628784885,-0.0513525546326748,-0.0119763691690375,23.75832794918966,23.316225102960523,,,,,,,,,,,-0.0056903182606495,2022-05-06,-1.009999999999998,2022-05-06,0.0038346613166858,2022-05-06,-0.0008871232718798,2022-05-06,0.0700000000000002,2022-05-06,2.0,2.0,2.0,2.0,2.0,Sunday,1,Initial_Estimation,0,,1,1
2022-05-09,-0.1002865499732628,-0.044726679693298,24.87202747966775,24.32775888155433,-0.1030500219033011,-0.0513525546326748,24.316007880339857,23.75832794918966,-0.0325615549868777,-0.0056903182606495,4.559999999999999,-1.009999999999998,-0.012893727062383,0.0038346613166858,-8.682607295955609e-05,-0.0008871232718798,-0.0700000000000002,0.0700000000000002,-0.0056903182606495,2022-05-06,-1.009999999999998,2022-05-06,0.0038346613166858,2022-05-06,-0.0008871232718798,2022-05-06,0.0700000000000002,2022-05-06,3.0,3.0,3.0,3.0,3.0,Monday,0,Initial_Estimation,0,,1,1
2022-05-10,0.0014249143838826,-0.1002865499732628,24.814456076469337,24.87202747966775,0.0157683407267322,-0.1030500219033011,24.366156315420184,24.316007880339857,0.0024548671098168,-0.0325615549868777,-1.759999999999998,4.559999999999999,-0.0093048824833891,-0.012893727062383,0.002591885673743,-8.682607295955609e-05,-0.0599999999999996,-0.0700000000000002,-0.0325615549868777,2022-05-09,4.559999999999999,2022-05-09,-0.012893727062383,2022-05-09,-8.682607295955609e-05,2022-05-09,-0.0700000000000002,2022-05-09,1.0,1.0,1.0,1.0,1.0,Tuesday,0,Initial_Estimation,0,,1,1
2022-05-11,-0.0865548297877443,0.0014249143838826,24.977300789540177,24.814456076469337,-0.1336867035367155,0.0157683407267322,24.54631333747158,24.366156315420184,-0.0166002025205236,0.0024548671098168,-0.4299999999999997,-1.759999999999998,0.0068788090723762,-0.0093048824833891,-0.0007123398739846,0.002591885673743,-0.08,-0.0599999999999996,0.0024548671098168,2022-05-10,-1.759999999999998,2022-05-10,-0.0093048824833891,2022-05-10,0.002591885673743,2022-05-10,-0.0599999999999996,2022-05-10,1.0,1.0,1.0,1.0,1.0,Wednesday,0,Initial_Estimation,0,,1,1
2022-05-12,0.0039984579014391,-0.0865548297877443,24.927796850324604,24.977300789540177,-0.0549685961326103,-0.1336867035367155,24.471910400119143,24.54631333747158,-0.0012968422441889,-0.0166002025205236,-0.7900000000000027,-0.4299999999999997,-0.0156677813693514,0.0068788090723762,0.0096312622485185,-0.0007123398739846,-0.0700000000000002,-0.08,-0.0166002025205236,2022-05-11,-0.4299999999999997,2022-05-11,0.0068788090723762,2022-05-11,-0.0007123398739846,2022-05-11,-0.08,2022-05-11,1.0,1.0,1.0,1.0,1.0,Thursday,0,Initial_Estimation,0,,1,1
2022-05-13,0.0415861779135118,0.0039984579014391,24.48076433187799,24.927796850324604,0.0580824809243341,-0.0549685961326103,23.93475833469314,24.471910400119143,0.0235893145316264,-0.0012968422441889,-2.8999999999999986,-0.7900000000000027,-0.0090329012966146,-0.0156677813693514,-0.0027505341722185,0.0096312622485185,0.0900000000000003,-0.0700000000000002,-0.0012968422441889,2022-05-12,-0.7900000000000027,2022-05-12,-0.0156677813693514,2022-05-12,0.0096312622485185,2022-05-12,-0.0700000000000002,2022-05-12,1.0,1.0,1.0,1.0,1.0,Friday,0,Initial_Estimation,0,,1,1
2022-05-14,-0.0138140191551315,0.0415861779135118,24.075968412516644,24.48076433187799,-0.0232005294709691,0.0580824809243341,23.461330698571636,23.93475833469314,,,,,,,,,,,0.0235893145316264,2022-05-13,-2.8999999999999986,2022-05-13,-0.0090329012966146,2022-05-13,-0.0027505341722185,2022-05-13,0.0900000000000003,2022-05-13,1.0,1.0,1.0,1.0,1.0,Saturday,1,Initial_Estimation,0,,1,1
2022-05-15,0.0542409901438015,-0.0138140191551315,23.975010400168852,24.075968412516644,0.0651024183616607,-0.0232005294709691,23.42100225571163,23.461330698571636,,,,,,,,,,,0.0235893145316264,2022-05-13,-2.8999999999999986,2022-05-13,-0.0090329012966146,2022-05-13,-0.0027505341722185,2022-05-13,0.0900000000000003,2022-05-13,2.0,2.0,2.0,2.0,2.0,Sunday,1,Initial_Estimation,0,,1,1
2022-05-16,-0.0354859113272006,0.0542409901438015,24.208004331596836,23.975010400168852,-0.0464951984020734,0.0651024183616607,23.78943570678306,23.42100225571163,-0.0039542376502765,0.0235893145316264,-1.400000000000002,-2.8999999999999986,0.0033693177472658,-0.0090329012966146,-0.0036023991053541,-0.0027505341722185,-0.0500000000000002,0.0900000000000003,0.0235893145316264,2022-05-13,-2.8999999999999986,2022-05-13,-0.0090329012966146,2022-05-13,-0.0027505341722185,2022-05-13,0.0900000000000003,2022-05-13,3.0,3.0,3.0,3.0,3.0,Monday,0,Initial_Estimation,0,,1,1
2022-05-17,0.0056454575887365,-0.0354859113272006,24.09405464472168,24.208004331596836,0.0088682713791389,-0.0464951984020734,23.641573143805452,23.78943570678306,0.0199688981344408,-0.0039542376502765,-1.3699999999999974,-1.400000000000002,0.0025882941096002,0.0033693177472658,-0.0079693214250136,-0.0036023991053541,0.1,-0.0500000000000002,-0.0039542376502765,2022-05-16,-1.400000000000002,2022-05-16,0.0033693177472658,2022-05-16,-0.0036023991053541,2022-05-16,-0.0500000000000002,2022-05-16,1.0,1.0,1.0,1.0,1.0,Tuesday,0,Initial_Estimation,0,,1,1
2022-05-18,-0.0293798973249103,0.0056454575887365,24.166413162962165,24.09405464472168,-0.0431163949104969,0.0088682713791389,23.59914224239168,23.641573143805452,-0.0412337679854393,0.0199688981344408,4.859999999999999,-1.3699999999999974,-0.0012657478221988,0.0025882941096002,0.0043442651708622,-0.0079693214250136,-0.0899999999999998,0.1,0.0199688981344408,2022-05-17,-1.3699999999999974,2022-05-17,0.0025882941096002,2022-05-17,-0.0079693214250136,2022-05-17,0.1,2022-05-17,1.0,1.0,1.0,1.0,1.0,Wednesday,0,Initial_Estimation,0,,1,1
2022-05-19,0.0335260318989073,-0.0293798973249103,24.242940759914138,24.166413162962165,0.0248090560593715,-0.0431163949104969,23.653619125018267,23.59914224239168,-0.0058508922136055,-0.0412337679854393,-1.6099999999999994,4.859999999999999,0.0138362804129985,-0.0012657478221988,-0.0105165252117077,0.0043442651708622,-0.0500000000000002,-0.0899999999999998,-0.0412337679854393,2022-05-18,4.859999999999999,2022-05-18,-0.0012657478221988,2022-05-18,0.0043442651708622,2022-05-18,-0.0899999999999998,2022-05-18,1.0,1.0,1.0,1.0,1.0,Thursday,0,Initial_Estimation,0,,1,1
2022-05-20,-0.0369494031457224,0.0335260318989073,24.149135753111196,24.242940759914138,-0.0282967202105876,0.0248090560593715,23.489112022349175,23.653619125018267,0.0001461135715191,-0.0058508922136055,0.0799999999999983,-1.6099999999999994,0.0003258743749988,0.0138362804129985,0.0041384595238145,-0.0105165252117077,-0.06,-0.0500000000000002,-0.0058508922136055,2022-05-19,-1.6099999999999994,2022-05-19,0.0138362804129985,2022-05-19,-0.0105165252117077,2022-05-19,-0.0500000000000002,2022-05-19,1.0,1.0,1.0,1.0,1.0,Friday,0,Initial_Estimation,0,,1,1
2022-05-21,0.0099968658752662,-0.0369494031457224,23.57251697020438,24.149135753111196,0.0077845953632672,-0.0282967202105876,22.868825402395636,23.489112022349175,,,,,,,,,,,0.0001461135715191,2022-05-20,0.0799999999999983,2022-05-20,0.0003258743749988,2022-05-20,0.0041384595238145,2022-05-20,-0.06,2022-05-20,1.0,1.0,1.0,1.0,1.0,Saturday,1,Initial_Estimation,0,,1,1
2022-05-22,0.0173070766678518,0.0099968658752662,23.79741791443933,23.57251697020438,0.0165469159315269,0.0077845953632672,23.11579431632819,22.868825402395636,,,,,,,,,,,0.0001461135715191,2022-05-20,0.0799999999999983,2022-05-20,0.0003258743749988,2022-05-20,0.0041384595238145,2022-05-20,-0.06,2022-05-20,2.0,2.0,2.0,2.0,2.0,Sunday,1,Initial_Estimation,0,,1,1
2022-05-23,-0.0202428021413224,0.0173070766678518,24.17272799262603,23.79741791443933,-0.004246290881451,0.0165469159315269,23.522650428380885,23.11579431632819,0.018385022946529,0.0001461135715191,-0.9499999999999992,0.0799999999999983,0.0032523878632937,0.0003258743749988,-0.0104666056415095,0.0041384595238145,0.08,-0.06,0.0001461135715191,2022-05-20,0.0799999999999983,2022-05-20,0.0003258743749988,2022-05-20,0.0041384595238145,2022-05-20,-0.06,2022-05-20,3.0,3.0,3.0,3.0,3.0,Monday,0,Initial_Estimation,0,,1,1
2022-05-24,0.0044383247084452,-0.0202428021413224,24.004797395807824,24.17272799262603,-0.0144264664836506,-0.004246290881451,23.292598573886135,23.522650428380885,-0.0081539459482493,0.018385022946529,0.9699999999999988,-0.9499999999999992,0.0093188891918034,0.0032523878632937,-0.0021477650422964,-0.0104666056415095,-0.1,0.08,0.018385022946529,2022-05-23,-0.9499999999999992,2022-05-23,0.0032523878632937,2022-05-23,-0.0104666056415095,2022-05-23,0.08,2022-05-23,1.0,1.0,1.0,1.0,1.0,Tuesday,0,Initial_Estimation,0,,1,1
2022-05-25,0.0111089085230299,0.0044383247084452,24.03836282839899,24.004797395807824,-0.0050051658098991,-0.0144264664836506,23.31587119643476,23.292598573886135,0.0094063856025386,-0.0081539459482493,-1.0799999999999983,0.9699999999999988,-0.0101852117453088,0.0093188891918034,0.0019518134025339,-0.0021477650422964,-0.0099999999999997,-0.1,-0.0081539459482493,2022-05-24,0.9699999999999988,2022-05-24,0.0093188891918034,2022-05-24,-0.0021477650422964,2022-05-24,-0.1,2022-05-24,1.0,1.0,1.0,1.0,1.0,Wednesday,0,Initial_Estimation,0,,1,1
2022-05-26,-0.0111824561256447,0.0111089085230299,24.328065757976717,24.03836282839899,-0.0706875385095652,-0.0050051658098991,23.87850649010206,23.31587119643476,0.0196881394393449,0.0094063856025386,-0.870000000000001,-1.0799999999999983,0.0006498122657287,-0.0101852117453088,-0.0022267463893507,0.0019518134025339,0.0,-0.0099999999999997,0.0094063856025386,2022-05-25,-1.0799999999999983,2022-05-25,-0.0101852117453088,2022-05-25,0.0019518134025339,2022-05-25,-0.0099999999999997,2022-05-25,1.0,1.0,1.0,1.0,1.0,Thursday,0,Initial_Estimation,0,,1,1
2022-05-27,-0.0239561492724792,-0.0111824561256447,24.322822310226588,24.328065757976717,-0.0459572061628558,-0.0706875385095652,23.96079696577525,23.87850649010206,0.0244410954912931,0.0196881394393449,-1.7800000000000011,-0.870000000000001,0.0021088629963046,0.0006498122657287,-0.0015823332392353,-0.0022267463893507,-0.0099999999999997,0.0,0.0196881394393449,2022-05-26,-0.870000000000001,2022-05-26,0.0006498122657287,2022-05-26,-0.0022267463893507,2022-05-26,0.0,2022-05-26,1.0,1.0,1.0,1.0,1.0,Friday,0,Initial_Estimation,0,,1,1
2022-05-28,0.0089273363284124,-0.0239561492724792,24.293349864064997,24.322822310226588,0.0274006794890191,-0.0459572061628558,23.86805489007616,23.96079696577525,,,,,,,,,,,0.0244410954912931,2022-05-27,-1.7800000000000011,2022-05-27,0.0021088629963046,2022-05-27,-0.0015823332392353,2022-05-27,-0.0099999999999997,2022-05-27,1.0,1.0,1.0,1.0,1.0,Saturday,1,Initial_Estimation,0,,1,1
2022-05-29,0.0056440242236431,0.0089273363284124,23.61883995070335,24.293349864064997,0.0019235868269488,0.0274006794890191,23.08812652706448,23.86805489007616,,,,,,,,,,,0.0244410954912931,2022-05-27,-1.7800000000000011,2022-05-27,0.0021088629963046,2022-05-27,-0.0015823332392353,2022-05-27,-0.0099999999999997,2022-05-27,2.0,2.0,2.0,2.0,2.0,Sunday,1,Initial_Estimation,0,,1,1
2022-05-30,0.0688468880127759,0.0056440242236431,24.393930231398528,23.61883995070335,0.0841045894139887,0.0019235868269488,23.697815775800542,23.08812652706448,,,0.8200000000000003,-1.7800000000000011,,,0.0,-0.0015823332392353,,,0.0244410954912931,2022-05-27,-1.7800000000000011,2022-05-27,0.0021088629963046,2022-05-27,-0.0015823332392353,2022-05-27,-0.0099999999999997,2022-05-27,3.0,3.0,3.0,3.0,3.0,Monday,0,Initial_Estimation,0,,1,1
2022-05-31,0.0178065085874949,0.0688468880127759,24.235951241709596,24.393930231398528,-0.0003329159110774,0.0841045894139887,23.633609900553015,23.697815775800542,-0.0062940551963996,0.0244410954912931,-0.3499999999999978,0.8200000000000003,-0.0046562605275042,0.0021088629963046,0.0008258775417805,0.0,0.1099999999999998,-0.0099999999999997,0.0244410954912931,2022-05-27,0.8200000000000003,2022-05-30,0.0021088629963046,2022-05-27,0.0,2022-05-30,-0.0099999999999997,2022-05-27,4.0,1.0,4.0,1.0,4.0,Tuesday,0,Initial_Estimation,0,,1,1
2022-06-01,-0.071147036433701,0.0178065085874949,24.44014504709155,24.235951241709596,-0.0860413409701028,-0.0003329159110774,23.769586550136196,23.633609900553015,-0.007510923912143,-0.0062940551963996,-0.5,-0.3499999999999978,0.0003256091489701,-0.0046562605275042,0.0073048060437922,0.0008258775417805,0.0899999999999998,0.1099999999999998,-0.0062940551963996,2022-05-31,-0.3499999999999978,2022-05-31,-0.0046562605275042,2022-05-31,0.0008258775417805,2022-05-31,0.1099999999999998,2022-05-31,1.0,1.0,1.0,1.0,1.0,Wednesday,0,Initial_Estimation,0,,1,1
2022-06-02,0.0202356007358813,-0.071147036433701,24.093438973891516,24.44014504709155,0.0172742058850923,-0.0860413409701028,23.560297842624735,23.769586550136196,0.0182632627382027,-0.007510923912143,-0.9700000000000024,-0.5,0.0125075493629948,0.0003256091489701,-0.0065974534776539,0.0073048060437922,-0.02,0.0899999999999998,-0.007510923912143,2022-06-01,-0.5,2022-06-01,0.0003256091489701,2022-06-01,0.0073048060437922,2022-06-01,0.0899999999999998,2022-06-01,1.0,1.0,1.0,1.0,1.0,Thursday,0,Initial_Estimation,0,,1,1
2022-06-03,-0.0195016480692901,0.0202356007358813,23.98809150855593,24.093438973891516,-0.0359378980527776,0.0172742058850923,23.423149570438905,23.560297842624735,-0.0164824572024004,0.0182632627382027,0.0700000000000002,-0.9700000000000024,-0.0113689499804972,0.0125075493629948,0.0030985885041761,-0.0065974534776539,0.04,-0.02,0.0182632627382027,2022-06-02,-0.9700000000000024,2022-06-02,0.0125075493629948,2022-06-02,-0.0065974534776539,2022-06-02,-0.02,2022-06-02,1.0,1.0,1.0,1.0,1.0,Friday,0,Initial_Estimation,0,,1,1
2022-06-04,0.0027689429287963,-0.0195016480692901,23.531967742114016,23.98809150855593,0.0104567240355529,-0.0359378980527776,22.88405130930335,23.423149570438905,,,,,,,,,,,-0.0164824572024004,2022-06-03,0.0700000000000002,2022-06-03,-0.0113689499804972,2022-06-03,0.0030985885041761,2022-06-03,0.04,2022-06-03,1.0,1.0,1.0,1.0,1.0,Saturday,1,Initial_Estimation,0,,1,1
2022-06-05,0.0086513101094264,0.0027689429287963,23.571894194534742,23.531967742114016,0.0212855751595462,0.0104567240355529,22.90372690371598,22.88405130930335,,,,,,,,,,,-0.0164824572024004,2022-06-03,0.0700000000000002,2022-06-03,-0.0113689499804972,2022-06-03,0.0030985885041761,2022-06-03,0.04,2022-06-03,2.0,2.0,2.0,2.0,2.0,Sunday,1,Initial_Estimation,0,,1,1
2022-06-06,0.0476826640862692,0.0086513101094264,24.187354659960892,23.571894194534742,0.0248490411177707,0.0212855751595462,23.527745097855018,22.90372690371598,0.0031324562641237,-0.0164824572024004,0.2800000000000011,0.0700000000000002,-0.0033654014737372,-0.0113689499804972,0.002903554247623,0.0030985885041761,0.08,0.04,-0.0164824572024004,2022-06-03,0.0700000000000002,2022-06-03,-0.0113689499804972,2022-06-03,0.0030985885041761,2022-06-03,0.04,2022-06-03,3.0,3.0,3.0,3.0,3.0,Monday,0,Initial_Estimation,0,,1,1
2022-06-07,-0.0036482000611266,0.0476826640862692,24.43123624456405,24.187354659960892,-0.009261100457417,0.0248490411177707,23.902155848847094,23.527745097855018,0.0094783319340661,0.0031324562641237,-1.0500000000000007,0.2800000000000011,0.0045027059219527,-0.0033654014737372,-0.0011623649082887,0.002903554247623,-0.06,0.08,0.0031324562641237,2022-06-06,0.2800000000000011,2022-06-06,-0.0033654014737372,2022-06-06,0.002903554247623,2022-06-06,0.08,2022-06-06,1.0,1.0,1.0,1.0,1.0,Tuesday,0,Initial_Estimation,0,,1,1
2022-06-08,-0.0370676212487823,-0.0036482000611266,24.132499478102275,24.43123624456405,-0.0262966206596291,-0.009261100457417,23.615939167690623,23.902155848847094,-0.0108525855374208,0.0094783319340661,-0.0599999999999987,-1.0500000000000007,0.0023787784288539,0.0045027059219527,0.0021868601900874,-0.0011623649082887,0.0499999999999998,-0.06,0.0094783319340661,2022-06-07,-1.0500000000000007,2022-06-07,0.0045027059219527,2022-06-07,-0.0011623649082887,2022-06-07,-0.06,2022-06-07,1.0,1.0,1.0,1.0,1.0,Wednesday,0,Initial_Estimation,0,,1,1
2022-06-09,-0.0009279474387144,-0.0370676212487823,23.80020958347084,24.132499478102275,-0.0010643782612297,-0.0262966206596291,23.209262175557832,23.615939167690623,-0.0240864699337348,-0.0108525855374208,2.129999999999999,-0.0599999999999987,-0.0016753458803278,0.0023787784288539,0.006619225684165,0.0021868601900874,0.0100000000000002,0.0499999999999998,-0.0108525855374208,2022-06-08,-0.0599999999999987,2022-06-08,0.0023787784288539,2022-06-08,0.0021868601900874,2022-06-08,0.0499999999999998,2022-06-08,1.0,1.0,1.0,1.0,1.0,Thursday,0,Initial_Estimation,0,,1,1
2022-06-10,-0.0326987851251014,-0.0009279474387144,24.120035983750935,23.80020958347084,-0.06734066522524,-0.0010643782612297,23.641292776801272,23.209262175557832,-0.0295424253353611,-0.0240864699337348,1.66,2.129999999999999,0.0122034419736006,-0.0016753458803278,0.008921268017023,0.006619225684165,0.1099999999999998,0.0100000000000002,-0.0240864699337348,2022-06-09,2.129999999999999,2022-06-09,-0.0016753458803278,2022-06-09,0.006619225684165,2022-06-09,0.0100000000000002,2022-06-09,1.0,1.0,1.0,1.0,1.0,Friday,0,Initial_Estimation,0,,1,1
2022-06-11,-0.0283137791898021,-0.0326987851251014,24.02819364149312,24.120035983750935,-0.097162531306429,-0.06734066522524,23.773821895903847,23.641292776801272,,,,,,,,,,,-0.0295424253353611,2022-06-10,1.66,2022-06-10,0.0122034419736006,2022-06-10,0.008921268017023,2022-06-10,0.1099999999999998,2022-06-10,1.0,1.0,1.0,1.0,1.0,Saturday,1,Initial_Estimation,0,,1,1
2022-06-12,-0.0167237408923858,-0.0283137791898021,24.254415471739772,24.02819364149312,-0.006223853945991,-0.097162531306429,23.87877897740867,23.773821895903847,,,,,,,,,,,-0.0295424253353611,2022-06-10,1.66,2022-06-10,0.0122034419736006,2022-06-10,0.008921268017023,2022-06-10,0.1099999999999998,2022-06-10,2.0,2.0,2.0,2.0,2.0,Sunday,1,Initial_Estimation,0,,1,1
2022-06-13,-0.1843789031133295,-0.0167237408923858,24.945777209534818,24.254415471739772,-0.1981965884579596,-0.006223853945991,24.53353932777559,23.87877897740867,-0.0395398731989581,-0.0295424253353611,6.270000000000003,1.66,-0.0235177753303883,0.0122034419736006,0.0088899670684743,0.008921268017023,0.2800000000000002,0.1099999999999998,-0.0295424253353611,2022-06-10,1.66,2022-06-10,0.0122034419736006,2022-06-10,0.008921268017023,2022-06-10,0.1099999999999998,2022-06-10,3.0,3.0,3.0,3.0,3.0,Monday,0,Initial_Estimation,0,,1,1
2022-06-14,-0.0550228117881107,-0.1843789031133295,24.653395429108684,24.945777209534818,-0.0431115800299934,-0.1981965884579596,24.22965851636867,24.53353932777559,-0.0037808440639954,-0.0395398731989581,-1.3300000000000054,6.270000000000003,-0.0101719090102981,-0.0235177753303883,0.004178622958009,0.0088899670684743,0.06,0.2800000000000002,-0.0395398731989581,2022-06-13,6.270000000000003,2022-06-13,-0.0235177753303883,2022-06-13,0.0088899670684743,2022-06-13,0.2800000000000002,2022-06-13,1.0,1.0,1.0,1.0,1.0,Tuesday,0,Initial_Estimation,0,,1,1
2022-06-15,-0.0147539584607765,-0.0550228117881107,24.728997868561756,24.653395429108684,-0.0070628086814568,-0.0431115800299934,24.348672853453735,24.22965851636867,0.0144870561846448,-0.0037808440639954,-3.0699999999999967,-1.3300000000000054,0.0032002061906902,-0.0101719090102981,-0.003417573434033,0.004178622958009,-0.1600000000000001,0.06,-0.0037808440639954,2022-06-14,-1.3300000000000054,2022-06-14,-0.0101719090102981,2022-06-14,0.004178622958009,2022-06-14,0.06,2022-06-14,1.0,1.0,1.0,1.0,1.0,Wednesday,0,Initial_Estimation,0,,1,1
2022-06-16,-0.0457153183449115,-0.0147539584607765,24.16317019899043,24.728997868561756,-0.0712002541078119,-0.0070628086814568,23.6628335691996,24.348672853453735,-0.0330522150170839,0.0144870561846448,3.330000000000002,-3.0699999999999967,0.0166078126636865,0.0032002061906902,-0.0146274681776571,-0.003417573434033,-0.0500000000000002,-0.1600000000000001,0.0144870561846448,2022-06-15,-3.0699999999999967,2022-06-15,0.0032002061906902,2022-06-15,-0.003417573434033,2022-06-15,-0.1600000000000001,2022-06-15,1.0,1.0,1.0,1.0,1.0,Thursday,0,Initial_Estimation,0,,1,1
2022-06-17,-0.0020277132505329,-0.0457153183449115,24.023995215586996,24.16317019899043,-0.0040411835533357,-0.0712002541078119,23.40370408188516,23.6628335691996,0.0021984287507105,-0.0330522150170839,-1.820000000000004,3.330000000000002,-0.0054871926378129,0.0166078126636865,0.0102626050115899,-0.0146274681776571,-0.0299999999999998,-0.0500000000000002,-0.0330522150170839,2022-06-16,3.330000000000002,2022-06-16,0.0166078126636865,2022-06-16,-0.0146274681776571,2022-06-16,-0.0500000000000002,2022-06-16,1.0,1.0,1.0,1.0,1.0,Friday,0,Initial_Estimation,0,,1,1
2022-06-18,-0.1485606352542539,-0.0020277132505329,24.461160114753845,24.023995215586996,-0.1918955782044618,-0.0040411835533357,23.798520988070297,23.40370408188516,,,,,,,,,,,0.0021984287507105,2022-06-17,-1.820000000000004,2022-06-17,-0.0054871926378129,2022-06-17,0.0102626050115899,2022-06-17,-0.0299999999999998,2022-06-17,1.0,1.0,1.0,1.0,1.0,Saturday,1,Initial_Estimation,0,,1,1
2022-06-19,0.1475932639555627,-0.1485606352542539,24.287996674342185,24.461160114753845,0.2329778679126267,-0.1918955782044618,23.80496853668452,23.798520988070297,,,,,,,,,,,0.0021984287507105,2022-06-17,-1.820000000000004,2022-06-17,-0.0054871926378129,2022-06-17,0.0102626050115899,2022-06-17,-0.0299999999999998,2022-06-17,2.0,2.0,2.0,2.0,2.0,Sunday,1,Initial_Estimation,0,,1,1
2022-06-20,-0.0093679897161622,0.1475932639555627,24.15137965251176,24.287996674342185,-0.0178532705001699,0.2329778679126267,23.70589723906665,23.80496853668452,,,-0.0999999999999978,-1.820000000000004,,,0.0,0.0102626050115899,,,0.0021984287507105,2022-06-17,-1.820000000000004,2022-06-17,-0.0054871926378129,2022-06-17,0.0102626050115899,2022-06-17,-0.0299999999999998,2022-06-17,3.0,3.0,3.0,3.0,3.0,Monday,0,Initial_Estimation,0,,1,1
2022-06-21,0.0201101059259753,-0.0093679897161622,24.08953399229753,24.15137965251176,0.0016597662291169,-0.0178532705001699,23.472591653763224,23.70589723906665,0.0241824885017845,0.0021984287507105,-0.8399999999999999,-0.0999999999999978,-0.0005449294523729,-0.0054871926378129,-0.0025342495692107,0.0,0.06,-0.0299999999999998,0.0021984287507105,2022-06-17,-0.0999999999999978,2022-06-20,-0.0054871926378129,2022-06-17,0.0,2022-06-20,-0.0299999999999998,2022-06-17,4.0,1.0,4.0,1.0,4.0,Tuesday,0,Initial_Estimation,0,,1,1
2022-06-22,-0.047959057900862,0.0201101059259753,24.075790819234587,24.08953399229753,-0.0680081304365808,0.0016597662291169,23.43202202165021,23.472591653763224,-0.0013023811491289,0.0241824885017845,-1.240000000000002,-0.8399999999999999,-0.0001634968281963,-0.0005449294523729,-0.0022815301894246,-0.0025342495692107,-0.1499999999999999,0.06,0.0241824885017845,2022-06-21,-0.8399999999999999,2022-06-21,-0.0005449294523729,2022-06-21,-0.0025342495692107,2022-06-21,0.06,2022-06-21,1.0,1.0,1.0,1.0,1.0,Wednesday,0,Initial_Estimation,0,,1,1
2022-06-23,0.0462511413991159,-0.047959057900862,23.98857083811101,24.075790819234587,0.079558806910009,-0.0680081304365808,23.40824274644837,23.43202202165021,0.0094870490606574,-0.0013023811491289,0.1000000000000014,-1.240000000000002,-0.0046995155652061,-0.0001634968281963,0.0022432281201507,-0.0022815301894246,-0.0700000000000002,-0.1499999999999999,-0.0013023811491289,2022-06-22,-1.240000000000002,2022-06-22,-0.0001634968281963,2022-06-22,-0.0022815301894246,2022-06-22,-0.1499999999999999,2022-06-22,1.0,1.0,1.0,1.0,1.0,Thursday,0,Initial_Estimation,0,,1,1
2022-06-24,0.018126788668555,0.0462511413991159,23.940451631237107,23.98857083811101,0.071044939300725,0.079558806910009,23.555393453814116,23.40824274644837,0.0301055370808076,0.0094870490606574,-1.8200000000000005,0.1000000000000014,0.0004381188607517,-0.0046995155652061,-0.0023584012158428,0.0022432281201507,0.04,-0.0700000000000002,0.0094870490606574,2022-06-23,0.1000000000000014,2022-06-23,-0.0046995155652061,2022-06-23,0.0022432281201507,2022-06-23,-0.0700000000000002,2022-06-23,1.0,1.0,1.0,1.0,1.0,Friday,0,Initial_Estimation,0,,1,1
2022-06-25,0.0005666352978009,0.018126788668555,23.634122925590553,23.940451631237107,-0.0079120857144972,0.071044939300725,23.247549131960422,23.555393453814116,,,,,,,,,,,0.0301055370808076,2022-06-24,-1.8200000000000005,2022-06-24,0.0004381188607517,2022-06-24,-0.0023584012158428,2022-06-24,0.04,2022-06-24,1.0,1.0,1.0,1.0,1.0,Saturday,1,Initial_Estimation,0,,1,1
2022-06-26,0.0086944404873448,0.0005666352978009,23.615145928790337,23.634122925590553,0.0312394316023611,-0.0079120857144972,23.2161909051211,23.247549131960422,,,,,,,,,,,0.0301055370808076,2022-06-24,-1.8200000000000005,2022-06-24,0.0004381188607517,2022-06-24,-0.0023584012158428,2022-06-24,0.04,2022-06-24,2.0,2.0,2.0,2.0,2.0,Sunday,1,Initial_Estimation,0,,1,1
2022-06-27,-0.0226079579725671,0.0086944404873448,23.766153401230333,23.615145928790337,-0.0369152301638014,0.0312394316023611,23.248372307744862,23.2161909051211,-0.0029775299301252,0.0301055370808076,-0.2800000000000011,-1.8200000000000005,-0.0030706694898497,0.0004381188607517,-0.0023639764233041,-0.0023584012158428,0.0700000000000002,0.04,0.0301055370808076,2022-06-24,-1.8200000000000005,2022-06-24,0.0004381188607517,2022-06-24,-0.0023584012158428,2022-06-24,0.04,2022-06-24,3.0,3.0,3.0,3.0,3.0,Monday,0,Initial_Estimation,0,,1,1
2022-06-28,-0.0313492498829643,-0.0226079579725671,23.785793543567053,23.766153401230333,-0.0349983011582885,-0.0369152301638014,23.3639793408476,23.248372307744862,-0.0203486583832487,-0.0029775299301252,1.41,-0.2800000000000011,-0.0018689673378129,-0.0030706694898497,0.005440297425698,-0.0023639764233041,0.0,0.0700000000000002,-0.0029775299301252,2022-06-27,-0.2800000000000011,2022-06-27,-0.0030706694898497,2022-06-27,-0.0023639764233041,2022-06-27,0.0700000000000002,2022-06-27,1.0,1.0,1.0,1.0,1.0,Tuesday,0,Initial_Estimation,0,,1,1
2022-06-29,-0.0028042763787749,-0.0313492498829643,23.882508012762433,23.785793543567053,-0.0460920828166858,-0.0349983011582885,23.45674248310669,23.3639793408476,-0.0007120065009618,-0.0203486583832487,-0.1999999999999993,1.41,-0.0020929997061283,-0.0018689673378129,0.0057248787160172,0.005440297425698,-0.1,0.0,-0.0203486583832487,2022-06-28,1.41,2022-06-28,-0.0018689673378129,2022-06-28,0.005440297425698,2022-06-28,0.0,2022-06-28,1.0,1.0,1.0,1.0,1.0,Wednesday,0,Initial_Estimation,0,,1,1
2022-06-30,-0.0752321590322272,-0.0028042763787749,23.99158836938368,23.882508012762433,-0.0929044485175783,-0.0460920828166858,23.51753994098971,23.45674248310669,-0.0087978148306084,-0.0007120065009618,0.5500000000000007,-0.1999999999999993,-0.0053070917753328,-0.0020929997061283,-0.0040135236033501,0.0057248787160172,-0.1200000000000001,-0.1,-0.0007120065009618,2022-06-29,-0.1999999999999993,2022-06-29,-0.0020929997061283,2022-06-29,0.0057248787160172,2022-06-29,-0.1,2022-06-29,1.0,1.0,1.0,1.0,1.0,Thursday,0,Initial_Estimation,0,,1,1
2022-07-01,0.035293539559028,-0.0752321590322272,24.149726437770415,23.99158836938368,0.0557831454376334,-0.0929044485175783,23.58543549595991,23.51753994098971,0.0104984599156418,-0.0087978148306084,-2.0100000000000016,0.5500000000000007,-0.002886458385911,-0.0053070917753328,0.0043179318171123,-0.0040135236033501,-0.1,-0.1200000000000001,-0.0087978148306084,2022-06-30,0.5500000000000007,2022-06-30,-0.0053070917753328,2022-06-30,-0.0040135236033501,2022-06-30,-0.1200000000000001,2022-06-30,1.0,1.0,1.0,1.0,1.0,Friday,0,Initial_Estimation,0,,1,1
2022-07-02,-0.0088174947147554,0.035293539559028,23.619200909757215,24.149726437770415,-0.0044586569318055,0.0557831454376334,23.019390470037507,23.58543549595991,,,,,,,,,,,0.0104984599156418,2022-07-01,-2.0100000000000016,2022-07-01,-0.002886458385911,2022-07-01,0.0043179318171123,2022-07-01,-0.1,2022-07-01,1.0,1.0,1.0,1.0,1.0,Saturday,1,Initial_Estimation,0,,1,1
2022-07-03,-0.0013592605802073,-0.0088174947147554,23.519987377743067,23.619200909757215,-0.0043935807589854,-0.0044586569318055,22.870044497611257,23.019390470037507,,,,,,,,,,,0.0104984599156418,2022-07-01,-2.0100000000000016,2022-07-01,-0.002886458385911,2022-07-01,0.0043179318171123,2022-07-01,-0.1,2022-07-01,2.0,2.0,2.0,2.0,2.0,Sunday,1,Initial_Estimation,0,,1,1
2022-07-04,0.0280570012050291,-0.0013592605802073,23.79571088971098,23.519987377743067,0.0581899254000239,-0.0043935807589854,23.33853454123559,22.870044497611257,,,0.8300000000000018,-2.0100000000000016,,,0.0,0.0043179318171123,,,0.0104984599156418,2022-07-01,-2.0100000000000016,2022-07-01,-0.002886458385911,2022-07-01,0.0043179318171123,2022-07-01,-0.1,2022-07-01,3.0,3.0,3.0,3.0,3.0,Monday,0,Initial_Estimation,0,,1,1
2022-07-05,0.0340649804324418,0.0280570012050291,24.008511517160574,23.79571088971098,0.0276514502861366,0.0581899254000239,23.508000392206736,23.33853454123559,0.0015829235665797,0.0104984599156418,0.009999999999998,0.8300000000000018,-0.0208393391496992,-0.002886458385911,0.0131997967029926,0.0,-0.06,-0.1,0.0104984599156418,2022-07-01,0.8300000000000018,2022-07-04,-0.002886458385911,2022-07-01,0.0,2022-07-04,-0.1,2022-07-01,4.0,1.0,4.0,1.0,4.0,Tuesday,0,Initial_Estimation,0,,1,1
2022-07-06,-0.0030810248506869,0.0340649804324418,23.92596934026365,24.008511517160574,0.0063707421645494,0.0276514502861366,23.45591347232106,23.508000392206736,0.0035667473495814,0.0015829235665797,-0.8099999999999987,0.009999999999998,-0.0153862524860039,-0.0208393391496992,0.0052520588262669,0.0131997967029926,0.1100000000000003,-0.06,0.0015829235665797,2022-07-05,0.009999999999998,2022-07-05,-0.0208393391496992,2022-07-05,0.0131997967029926,2022-07-05,-0.06,2022-07-05,1.0,1.0,1.0,1.0,1.0,Wednesday,0,Initial_Estimation,0,,1,1
2022-07-07,0.0588203600304972,-0.0030810248506869,23.974220490780073,23.92596934026365,0.0645390596798289,0.0063707421645494,23.378674178193876,23.45591347232106,0.014853713471199,0.0035667473495814,-0.6500000000000021,-0.8099999999999987,0.0017277129141139,-0.0153862524860039,0.0003174217908701,0.0052520588262669,0.0799999999999996,0.1100000000000003,0.0035667473495814,2022-07-06,-0.8099999999999987,2022-07-06,-0.0153862524860039,2022-07-06,0.0052520588262669,2022-07-06,0.1100000000000003,2022-07-06,1.0,1.0,1.0,1.0,1.0,Thursday,0,Initial_Estimation,0,,1,1
2022-07-08,0.0102736235571644,0.0588203600304972,24.633283522824637,23.974220490780073,0.0041837860955869,0.0645390596798289,23.515407711861265,23.378674178193876,-0.0008305563153684,0.014853713471199,-1.4399999999999975,-0.6500000000000021,0.0015523655104664,0.0017277129141139,-0.0011487973916444,0.0003174217908701,0.08,0.0799999999999996,0.014853713471199,2022-07-07,-0.6500000000000021,2022-07-07,0.0017277129141139,2022-07-07,0.0003174217908701,2022-07-07,0.0799999999999996,2022-07-07,1.0,1.0,1.0,1.0,1.0,Friday,0,Initial_Estimation,0,,1,1
2022-07-09,-0.0076297200761398,0.0102736235571644,24.11242868853968,24.633283522824637,-0.0196512430510649,0.0041837860955869,22.90044110835045,23.515407711861265,,,,,,,,,,,-0.0008305563153684,2022-07-08,-1.4399999999999975,2022-07-08,0.0015523655104664,2022-07-08,-0.0011487973916444,2022-07-08,0.08,2022-07-08,1.0,1.0,1.0,1.0,1.0,Saturday,1,Initial_Estimation,0,,1,1
2022-07-10,-0.0327054196635402,-0.0076297200761398,24.07977289232155,24.11242868853968,-0.0430494805681204,-0.0196512430510649,23.119756308837516,22.90044110835045,,,,,,,,,,,-0.0008305563153684,2022-07-08,-1.4399999999999975,2022-07-08,0.0015523655104664,2022-07-08,-0.0011487973916444,2022-07-08,0.08,2022-07-08,2.0,2.0,2.0,2.0,2.0,Sunday,1,Initial_Estimation,0,,1,1
2022-07-11,-0.0272334356551336,-0.0327054196635402,23.907560528586032,24.07977289232155,-0.0260043371560644,-0.0430494805681204,23.21350660251001,23.119756308837516,-0.0115944299781058,-0.0008305563153684,1.5300000000000011,-1.4399999999999975,-0.0061084588373548,0.0015523655104664,0.0094313997839711,-0.0011487973916444,-0.0999999999999996,0.08,-0.0008305563153684,2022-07-08,-1.4399999999999975,2022-07-08,0.0015523655104664,2022-07-08,-0.0011487973916444,2022-07-08,0.08,2022-07-08,3.0,3.0,3.0,3.0,3.0,Monday,0,Initial_Estimation,0,,1,1
2022-07-12,-0.0490206893640034,-0.0272334356551336,23.974036375165976,23.907560528586032,-0.0836048384129959,-0.0260043371560644,23.25563498049496,23.21350660251001,-0.0092868990190167,-0.0115944299781058,1.1199999999999974,1.5300000000000011,-0.0038803228702107,-0.0061084588373548,0.0004720190005867,0.0094313997839711,-0.0300000000000002,-0.0999999999999996,-0.0115944299781058,2022-07-11,1.5300000000000011,2022-07-11,-0.0061084588373548,2022-07-11,0.0094313997839711,2022-07-11,-0.0999999999999996,2022-07-11,1.0,1.0,1.0,1.0,1.0,Tuesday,0,Initial_Estimation,0,,1,1
2022-07-13,0.011518431598486,-0.0490206893640034,24.22105834055134,23.974036375165976,0.0276732518285359,-0.0836048384129959,23.630308315591492,23.25563498049496,-0.0044668590316626,-0.0092868990190167,-0.4699999999999988,1.1199999999999974,0.0063050981654516,-0.0038803228702107,-0.0010646719733273,0.0004720190005867,-0.0499999999999998,-0.0300000000000002,-0.0092868990190167,2022-07-12,1.1199999999999974,2022-07-12,-0.0038803228702107,2022-07-12,0.0004720190005867,2022-07-12,-0.0300000000000002,2022-07-12,1.0,1.0,1.0,1.0,1.0,Wednesday,0,Initial_Estimation,0,,1,1
2022-07-14,0.0498976182442665,0.011518431598486,24.162360727642763,24.22105834055134,0.1035582045463216,0.0276732518285359,23.537994134695268,23.630308315591492,-0.0030031001895847,-0.0044668590316626,-0.4200000000000017,-0.4699999999999988,-0.0172743712091077,0.0063050981654516,0.0054226210353303,-0.0010646719733273,0.0499999999999998,-0.0499999999999998,-0.0044668590316626,2022-07-13,-0.4699999999999988,2022-07-13,0.0063050981654516,2022-07-13,-0.0010646719733273,2022-07-13,-0.0499999999999998,2022-07-13,1.0,1.0,1.0,1.0,1.0,Thursday,0,Initial_Estimation,0,,1,1
2022-07-15,0.0126644108264618,0.0498976182442665,23.97772404731201,24.162360727642763,0.0518082195828966,0.1035582045463216,23.580393770782173,23.537994134695268,0.0190192234925153,-0.0030031001895847,-2.169999999999998,-0.4200000000000017,-0.0012327780896654,-0.0172743712091077,-0.0044412303445827,0.0054226210353303,-0.0299999999999998,0.0499999999999998,-0.0030031001895847,2022-07-14,-0.4200000000000017,2022-07-14,-0.0172743712091077,2022-07-14,0.0054226210353303,2022-07-14,0.0499999999999998,2022-07-14,1.0,1.0,1.0,1.0,1.0,Friday,0,Initial_Estimation,0,,1,1
2022-07-16,0.0131546648226308,0.0126644108264618,23.91386374599489,23.97772404731201,0.0698536162513268,0.0518082195828966,23.633658814585555,23.580393770782173,,,,,,,,,,,0.0190192234925153,2022-07-15,-2.169999999999998,2022-07-15,-0.0012327780896654,2022-07-15,-0.0044412303445827,2022-07-15,-0.0299999999999998,2022-07-15,1.0,1.0,1.0,1.0,1.0,Saturday,1,Initial_Estimation,0,,1,1
2022-07-17,-0.0131472585168782,0.0131546648226308,23.85561607588576,23.91386374599489,-0.002511649273525,0.0698536162513268,23.50082417373306,23.633658814585555,,,,,,,,,,,0.0190192234925153,2022-07-15,-2.169999999999998,2022-07-15,-0.0012327780896654,2022-07-15,-0.0044412303445827,2022-07-15,-0.0299999999999998,2022-07-15,2.0,2.0,2.0,2.0,2.0,Sunday,1,Initial_Estimation,0,,1,1
2022-07-18,0.0263394121060928,-0.0131472585168782,24.411506976430903,23.85561607588576,0.0916279227608654,-0.002511649273525,24.03528296851314,23.50082417373306,-0.0083987907288606,0.0190192234925153,1.0700000000000005,-2.169999999999998,0.003986361713753,-0.0012327780896654,-0.0064708319868195,-0.0044412303445827,0.0299999999999998,-0.0299999999999998,0.0190192234925153,2022-07-15,-2.169999999999998,2022-07-15,-0.0012327780896654,2022-07-15,-0.0044412303445827,2022-07-15,-0.0299999999999998,2022-07-15,3.0,3.0,3.0,3.0,3.0,Monday,0,Initial_Estimation,0,,1,1
2022-07-19,0.0808134403140167,0.0263394121060928,24.610282835969976,24.411506976430903,0.0567559066713392,0.0916279227608654,24.04662885016914,24.03528296851314,0.0272535580198029,-0.0083987907288606,-0.8000000000000007,1.0700000000000005,0.0004679742946601,0.003986361713753,-0.0063911116033594,-0.0064708319868195,0.0499999999999998,0.0299999999999998,-0.0083987907288606,2022-07-18,1.0700000000000005,2022-07-18,0.003986361713753,2022-07-18,-0.0064708319868195,2022-07-18,0.0299999999999998,2022-07-18,1.0,1.0,1.0,1.0,1.0,Tuesday,0,Initial_Estimation,0,,1,1
2022-07-20,-0.0014926185398364,0.0808134403140167,24.48289609610627,24.610282835969976,-0.0247944439104861,0.0567559066713392,23.85626600357949,24.04662885016914,0.005878503718335,0.0272535580198029,-0.620000000000001,-0.8000000000000007,-0.0061592803605348,0.0004679742946601,0.0036864159113932,-0.0063911116033594,0.0300000000000002,0.0499999999999998,0.0272535580198029,2022-07-19,-0.8000000000000007,2022-07-19,0.0004679742946601,2022-07-19,-0.0063911116033594,2022-07-19,0.0499999999999998,2022-07-19,1.0,1.0,1.0,1.0,1.0,Wednesday,0,Initial_Estimation,0,,1,1
2022-07-21,-0.0056970691646656,-0.0014926185398364,24.23871446049126,24.48289609610627,0.0415168906115646,-0.0247944439104861,23.71947582572631,23.85626600357949,0.0098130542384489,0.005878503718335,-0.7699999999999996,-0.620000000000001,0.007736953992708,-0.0061592803605348,-0.0015515036806061,0.0036864159113932,-0.1299999999999999,0.0300000000000002,0.005878503718335,2022-07-20,-0.620000000000001,2022-07-20,-0.0061592803605348,2022-07-20,0.0036864159113932,2022-07-20,0.0300000000000002,2022-07-20,1.0,1.0,1.0,1.0,1.0,Thursday,0,Initial_Estimation,0,,1,1
2022-07-22,-0.0228214160985842,-0.0056970691646656,24.170759979878603,24.23871446049126,-0.0373240948863069,0.0415168906115646,23.663807789506336,23.71947582572631,-0.0093762699234227,0.0098130542384489,-0.0799999999999983,-0.7699999999999996,0.0083726430851239,0.007736953992708,-0.0016850780995348,-0.0015515036806061,-0.1400000000000001,-0.1299999999999999,0.0098130542384489,2022-07-21,-0.7699999999999996,2022-07-21,0.007736953992708,2022-07-21,-0.0015515036806061,2022-07-21,-0.1299999999999999,2022-07-21,1.0,1.0,1.0,1.0,1.0,Friday,0,Initial_Estimation,0,,1,1
2022-07-23,-0.0122656417955162,-0.0228214160985842,23.902227553749032,24.170759979878603,-0.0012317370357669,-0.0373240948863069,23.431236793775543,23.663807789506336,,,,,,,,,,,-0.0093762699234227,2022-07-22,-0.0799999999999983,2022-07-22,0.0083726430851239,2022-07-22,-0.0016850780995348,2022-07-22,-0.1400000000000001,2022-07-22,1.0,1.0,1.0,1.0,1.0,Saturday,1,Initial_Estimation,0,,1,1
2022-07-24,0.0189339041565206,-0.0122656417955162,23.883049415688102,23.902227553749032,0.0530467517243429,-0.0012317370357669,23.569212447601895,23.431236793775543,,,,,,,,,,,-0.0093762699234227,2022-07-22,-0.0799999999999983,2022-07-22,0.0083726430851239,2022-07-22,-0.0016850780995348,2022-07-22,-0.1400000000000001,2022-07-22,2.0,2.0,2.0,2.0,2.0,Sunday,1,Initial_Estimation,0,,1,1
2022-07-25,-0.0261726795953437,0.0189339041565206,24.294896652132344,23.883049415688102,-0.0546345222904975,0.0530467517243429,23.747831213612233,23.569212447601895,0.0013142512363463,-0.0093762699234227,0.3299999999999983,-0.0799999999999983,-0.0047009608311534,0.0083726430851239,-0.0023169329308718,-0.0016850780995348,0.04,-0.1400000000000001,-0.0093762699234227,2022-07-22,-0.0799999999999983,2022-07-22,0.0083726430851239,2022-07-22,-0.0016850780995348,2022-07-22,-0.1400000000000001,2022-07-22,3.0,3.0,3.0,3.0,3.0,Monday,0,Initial_Estimation,0,,1,1
2022-07-26,-0.0549407846047325,-0.0261726795953437,24.07753490504411,24.294896652132344,-0.0983345655848906,-0.0546345222904975,23.626804063502224,23.747831213612233,-0.0116103328957499,0.0013142512363463,1.3300000000000018,0.3299999999999983,-0.0007565681663268,-0.0047009608311534,0.0066082834364359,-0.0023169329308718,0.0,0.04,0.0013142512363463,2022-07-25,0.3299999999999983,2022-07-25,-0.0047009608311534,2022-07-25,-0.0023169329308718,2022-07-25,0.04,2022-07-25,1.0,1.0,1.0,1.0,1.0,Tuesday,0,Initial_Estimation,0,,1,1
2022-07-27,0.0823551252781424,-0.0549407846047325,24.181440577097874,24.07753490504411,0.1487137490491155,-0.0983345655848906,23.859087130510275,23.626804063502224,0.0258200345335637,-0.0116103328957499,-1.4500000000000028,1.3300000000000018,0.0008147256292718,-0.0007565681663268,-0.0068994521049875,0.0066082834364359,-0.0300000000000002,0.0,-0.0116103328957499,2022-07-26,1.3300000000000018,2022-07-26,-0.0007565681663268,2022-07-26,0.0066082834364359,2022-07-26,0.0,2022-07-26,1.0,1.0,1.0,1.0,1.0,Wednesday,0,Initial_Estimation,0,,1,1
2022-07-28,0.0535995013436736,0.0823551252781424,24.41744089849729,24.181440577097874,0.0929728969938553,0.1487137490491155,24.02763655494362,23.859087130510275,0.0120603632756901,0.0258200345335637,-0.91,-1.4500000000000028,0.0179863458479984,0.0008147256292718,-0.0009492348095074,-0.0068994521049875,-0.0999999999999996,-0.0300000000000002,0.0258200345335637,2022-07-27,-1.4500000000000028,2022-07-27,0.0008147256292718,2022-07-27,-0.0068994521049875,2022-07-27,-0.0300000000000002,2022-07-27,1.0,1.0,1.0,1.0,1.0,Thursday,0,Initial_Estimation,0,,1,1
2022-07-29,-0.0036723936443711,0.0535995013436736,24.303647909077743,24.41744089849729,-0.0140888152169328,0.0929728969938553,23.869550801593626,24.02763655494362,0.0141077495382919,0.0120603632756901,-1.0,-0.91,0.0071729644467121,0.0179863458479984,-0.0042213636989314,-0.0009492348095074,-0.0100000000000002,-0.0999999999999996,0.0120603632756901,2022-07-28,-0.91,2022-07-28,0.0179863458479984,2022-07-28,-0.0009492348095074,2022-07-28,-0.0999999999999996,2022-07-28,1.0,1.0,1.0,1.0,1.0,Friday,0,Initial_Estimation,0,,1,1
2022-07-30,0.0008342177470648,-0.0036723936443711,24.06074989649172,24.303647909077743,-0.0172033736839375,-0.0140888152169328,23.469059883605528,23.869550801593626,,,,,,,,,,,0.0141077495382919,2022-07-29,-1.0,2022-07-29,0.0071729644467121,2022-07-29,-0.0042213636989314,2022-07-29,-0.0100000000000002,2022-07-29,1.0,1.0,1.0,1.0,1.0,Saturday,1,Initial_Estimation,0,,1,1
2022-07-31,-0.0103522563898918,0.0008342177470648,23.882544167901663,24.06074989649172,0.0102552422741723,-0.0172033736839375,23.376559586832464,23.469059883605528,,,,,,,,,,,0.0141077495382919,2022-07-29,-1.0,2022-07-29,0.0071729644467121,2022-07-29,-0.0042213636989314,2022-07-29,-0.0100000000000002,2022-07-29,2.0,2.0,2.0,2.0,2.0,Sunday,1,Initial_Estimation,0,,1,1
2022-08-01,-0.0253324249511978,-0.0103522563898918,23.975543908977205,23.882544167901663,-0.0549116810430398,0.0102552422741723,23.50774429382304,23.376559586832464,-0.0028270386343186,0.0141077495382919,1.5100000000000016,-1.0,0.0034542210192803,0.0071729644467121,-0.0042866738932277,-0.0042213636989314,-0.0699999999999998,-0.0100000000000002,0.0141077495382919,2022-07-29,-1.0,2022-07-29,0.0071729644467121,2022-07-29,-0.0042213636989314,2022-07-29,-0.0100000000000002,2022-07-29,3.0,3.0,3.0,3.0,3.0,Monday,0,Initial_Estimation,0,,1,1
2022-08-02,-0.0048456767976222,-0.0253324249511978,24.069276414585644,23.975543908977205,0.0140918653721851,-0.0549116810430398,23.740078465713314,23.50774429382304,-0.0066847025099674,-0.0028270386343186,1.09,1.5100000000000016,0.0011863935181123,0.0034542210192803,0.0074731914096437,-0.0042866738932277,0.1499999999999999,-0.0699999999999998,-0.0028270386343186,2022-08-01,1.5100000000000016,2022-08-01,0.0034542210192803,2022-08-01,-0.0042866738932277,2022-08-01,-0.0699999999999998,2022-08-01,1.0,1.0,1.0,1.0,1.0,Tuesday,0,Initial_Estimation,0,,1,1
2022-08-03,0.0134621877657205,-0.0048456767976222,23.992384863756023,24.069276414585644,-0.0054315801633179,0.0140918653721851,23.54382407898103,23.740078465713314,0.0155174607500355,-0.0066847025099674,-1.9800000000000004,1.09,-0.0074240094327752,0.0011863935181123,0.0024912232562943,0.0074731914096437,-0.02,0.1499999999999999,-0.0066847025099674,2022-08-02,1.09,2022-08-02,0.0011863935181123,2022-08-02,0.0074731914096437,2022-08-02,0.1499999999999999,2022-08-02,1.0,1.0,1.0,1.0,1.0,Wednesday,0,Initial_Estimation,0,,1,1
2022-08-04,-0.0356778934473267,0.0134621877657205,23.946939325359672,23.992384863756023,-0.0320922832438097,-0.0054315801633179,23.3951664874467,23.54382407898103,-0.0007776471390832,0.0155174607500355,-0.509999999999998,-1.9800000000000004,0.01720048045395,-0.0074240094327752,-0.0076626560730758,0.0024912232562943,-0.0499999999999998,-0.02,0.0155174607500355,2022-08-03,-1.9800000000000004,2022-08-03,-0.0074240094327752,2022-08-03,0.0024912232562943,2022-08-03,-0.02,2022-08-03,1.0,1.0,1.0,1.0,1.0,Thursday,0,Initial_Estimation,0,,1,1
2022-08-05,0.0198286667051284,-0.0356778934473267,24.086458399447164,23.946939325359672,0.0541439465303855,-0.0320922832438097,23.643546490918176,23.3951664874467,-0.0016270689959386,-0.0007776471390832,-0.2900000000000027,-0.509999999999998,-0.0087606420240442,0.01720048045395,0.0087418249363433,-0.0076626560730758,0.1499999999999999,-0.0499999999999998,-0.0007776471390832,2022-08-04,-0.509999999999998,2022-08-04,0.01720048045395,2022-08-04,-0.0076626560730758,2022-08-04,-0.0499999999999998,2022-08-04,1.0,1.0,1.0,1.0,1.0,Friday,0,Initial_Estimation,0,,1,1
2022-08-06,0.0,0.0198286667051284,23.494494878051103,24.086458399447164,-0.0001726401142521,0.0541439465303855,23.187792187542943,23.643546490918176,,,,,,,,,,,-0.0016270689959386,2022-08-05,-0.2900000000000027,2022-08-05,-0.0087606420240442,2022-08-05,0.0087418249363433,2022-08-05,0.1499999999999999,2022-08-05,1.0,1.0,1.0,1.0,1.0,Saturday,1,Initial_Estimation,0,,1,1
2022-08-07,0.0089142370634124,0.0,23.488755485472712,23.494494878051103,0.0211366323989708,-0.0001726401142521,23.050747457348542,23.187792187542943,,,,,,,,,,,-0.0016270689959386,2022-08-05,-0.2900000000000027,2022-08-05,-0.0087606420240442,2022-08-05,0.0087418249363433,2022-08-05,0.1499999999999999,2022-08-05,2.0,2.0,2.0,2.0,2.0,Sunday,1,Initial_Estimation,0,,1,1
2022-08-08,0.0382411053767915,0.0089142370634124,24.0758171137071,23.488755485472712,0.0466914295443989,0.0211366323989708,23.54710742674409,23.050747457348542,-0.0012383454103545,-0.0016270689959386,0.1400000000000005,-0.2900000000000027,0.0078097001300701,-0.0087606420240442,-0.0017460202693478,0.0087418249363433,-0.06,0.1499999999999999,-0.0016270689959386,2022-08-05,-0.2900000000000027,2022-08-05,-0.0087606420240442,2022-08-05,0.0087418249363433,2022-08-05,0.1499999999999999,2022-08-05,3.0,3.0,3.0,3.0,3.0,Monday,0,Initial_Estimation,0,,1,1
2022-08-09,-0.0393020394436371,0.0382411053767915,23.882634482234483,24.0758171137071,-0.0574925882857178,0.0466914295443989,23.518631905409684,23.54710742674409,-0.0042577821983481,-0.0012383454103545,0.4800000000000004,0.1400000000000005,0.004021425813643,0.0078097001300701,-0.0005732840403429,-0.0017460202693478,0.0299999999999998,-0.06,-0.0012383454103545,2022-08-08,0.1400000000000005,2022-08-08,0.0078097001300701,2022-08-08,-0.0017460202693478,2022-08-08,-0.06,2022-08-08,1.0,1.0,1.0,1.0,1.0,Tuesday,0,Initial_Estimation,0,,1,1
2022-08-10,0.0323207445467036,-0.0393020394436371,24.21483491268678,23.882634482234483,0.0827450266569796,-0.0574925882857178,23.880797095220117,23.518631905409684,0.0210671549078569,-0.0042577821983481,-2.030000000000001,0.4800000000000004,0.0008914506924313,0.004021425813643,-0.0111359093772626,-0.0005732840403429,-0.02,0.0299999999999998,-0.0042577821983481,2022-08-09,0.4800000000000004,2022-08-09,0.004021425813643,2022-08-09,-0.0005732840403429,2022-08-09,0.0299999999999998,2022-08-09,1.0,1.0,1.0,1.0,1.0,Wednesday,0,Initial_Estimation,0,,1,1
2022-08-11,0.012867517101746,0.0323207445467036,24.3376112899384,24.21483491268678,0.0315028720616416,0.0827450266569796,23.89408466105919,23.880797095220117,-0.0007056718966173,0.0210671549078569,0.4600000000000008,-2.030000000000001,-0.0032912335706651,0.0008914506924313,-0.0010081508895306,-0.0111359093772626,0.0900000000000003,-0.02,0.0210671549078569,2022-08-10,-2.030000000000001,2022-08-10,0.0008914506924313,2022-08-10,-0.0111359093772626,2022-08-10,-0.02,2022-08-10,1.0,1.0,1.0,1.0,1.0,Thursday,0,Initial_Estimation,0,,1,1
2022-08-12,0.0012793002735188,0.012867517101746,24.02889917847777,24.3376112899384,0.015956121191805,0.0315028720616416,23.566321288411032,23.89408466105919,0.017174074409836,-0.0007056718966173,-0.6699999999999982,0.4600000000000008,0.0049605901659817,-0.0032912335706651,0.0051347629202327,-0.0010081508895306,-0.0300000000000002,0.0900000000000003,-0.0007056718966173,2022-08-11,0.4600000000000008,2022-08-11,-0.0032912335706651,2022-08-11,-0.0010081508895306,2022-08-11,0.0900000000000003,2022-08-11,1.0,1.0,1.0,1.0,1.0,Friday,0,Initial_Estimation,0,,1,1
2022-08-13,-0.0004537579485495,0.0012793002735188,23.85820974013345,24.02889917847777,0.0,0.015956121191805,23.49828754806697,23.566321288411032,,,,,,,,,,,0.017174074409836,2022-08-12,-0.6699999999999982,2022-08-12,0.0049605901659817,2022-08-12,0.0051347629202327,2022-08-12,-0.0300000000000002,2022-08-12,1.0,1.0,1.0,1.0,1.0,Saturday,1,Initial_Estimation,0,,1,1
2022-08-14,0.0036448667350576,-0.0004537579485495,23.858504957515414,23.85820974013345,0.003774359006718,0.0,23.36679561139623,23.49828754806697,,,,,,,,,,,0.017174074409836,2022-08-12,-0.6699999999999982,2022-08-12,0.0049605901659817,2022-08-12,0.0051347629202327,2022-08-12,-0.0300000000000002,2022-08-12,2.0,2.0,2.0,2.0,2.0,Sunday,1,Initial_Estimation,0,,1,1
2022-08-15,-0.0104692054247437,0.0036448667350576,24.282136307035696,23.858504957515414,-0.0188583245002343,0.003774359006718,23.736343373546763,23.36679561139623,0.0039616294239327,0.017174074409836,0.4199999999999981,-0.6699999999999982,-0.0096089852037341,0.0049605901659817,0.0086249279816701,0.0051347629202327,-0.0499999999999998,-0.0300000000000002,0.017174074409836,2022-08-12,-0.6699999999999982,2022-08-12,0.0049605901659817,2022-08-12,0.0051347629202327,2022-08-12,-0.0300000000000002,2022-08-12,3.0,3.0,3.0,3.0,3.0,Monday,0,Initial_Estimation,0,,1,1
2022-08-16,-0.0035605098398064,-0.0104692054247437,24.046634484391653,24.282136307035696,-0.0102723094115476,-0.0188583245002343,23.472942760208717,23.736343373546763,0.0018739092755182,0.0039616294239327,-0.259999999999998,0.4199999999999981,-0.0046137893685845,-0.0096089852037341,-0.0004318316299281,0.0086249279816701,0.0299999999999998,-0.0499999999999998,0.0039616294239327,2022-08-15,0.4199999999999981,2022-08-15,-0.0096089852037341,2022-08-15,0.0086249279816701,2022-08-15,-0.0499999999999998,2022-08-15,1.0,1.0,1.0,1.0,1.0,Tuesday,0,Initial_Estimation,0,,1,1
2022-08-17,-0.0243543490047847,-0.0035605098398064,24.155044898050612,24.046634484391653,-0.0177995411645347,-0.0102723094115476,23.734305754597013,23.472942760208717,-0.0072640786404786,0.0018739092755182,0.2099999999999973,-0.259999999999998,-0.0073015195437198,-0.0046137893685845,0.0006945943942028,-0.0004318316299281,0.0700000000000002,0.0299999999999998,0.0018739092755182,2022-08-16,-0.259999999999998,2022-08-16,-0.0046137893685845,2022-08-16,-0.0004318316299281,2022-08-16,0.0299999999999998,2022-08-16,1.0,1.0,1.0,1.0,1.0,Wednesday,0,Initial_Estimation,0,,1,1
2022-08-18,0.0003493772109194,-0.0243543490047847,23.890747863303005,24.155044898050612,0.0139453572671715,-0.0177995411645347,23.4312728523828,23.734305754597013,0.0022669440331611,-0.0072640786404786,-0.3399999999999998,0.2099999999999973,-0.0028444665106128,-0.0073015195437198,0.0085024197373759,0.0006945943942028,-0.0100000000000002,0.0700000000000002,-0.0072640786404786,2022-08-17,0.2099999999999973,2022-08-17,-0.0073015195437198,2022-08-17,0.0006945943942028,2022-08-17,0.0700000000000002,2022-08-17,1.0,1.0,1.0,1.0,1.0,Thursday,0,Initial_Estimation,0,,1,1
2022-08-19,-0.0943002992434991,0.0003493772109194,24.424805073280368,23.890747863303005,-0.10714051586125,0.0139453572671715,23.977754286368462,23.4312728523828,-0.0129838693813596,0.0022669440331611,1.0400000000000027,-0.3399999999999998,-0.0043964061726091,-0.0028444665106128,0.0063528196110021,0.0085024197373759,0.1,-0.0100000000000002,0.0022669440331611,2022-08-18,-0.3399999999999998,2022-08-18,-0.0028444665106128,2022-08-18,0.0085024197373759,2022-08-18,-0.0100000000000002,2022-08-18,1.0,1.0,1.0,1.0,1.0,Friday,0,Initial_Estimation,0,,1,1
2022-08-20,-0.0233036104765178,-0.0943002992434991,24.04092474954152,24.424805073280368,-0.095664781115796,-0.10714051586125,23.632054745543357,23.977754286368462,,,,,,,,,,,-0.0129838693813596,2022-08-19,1.0400000000000027,2022-08-19,-0.0043964061726091,2022-08-19,0.0063528196110021,2022-08-19,0.1,2022-08-19,1.0,1.0,1.0,1.0,1.0,Saturday,1,Initial_Estimation,0,,1,1
2022-08-21,2.401623497595127e-05,-0.0233036104765178,23.863198350912914,24.04092474954152,0.0529994749378943,-0.095664781115796,23.486386235244023,23.632054745543357,,,,,,,,,,,-0.0129838693813596,2022-08-19,1.0400000000000027,2022-08-19,-0.0043964061726091,2022-08-19,0.0063528196110021,2022-08-19,0.1,2022-08-19,2.0,2.0,2.0,2.0,2.0,Sunday,1,Initial_Estimation,0,,1,1
2022-08-22,0.0145434567954651,2.401623497595127e-05,24.17852513748584,23.863198350912914,-0.0232219235088996,0.0529994749378943,23.64411714884418,23.486386235244023,-0.0216324277252874,-0.0129838693813596,3.1999999999999993,1.0400000000000027,-0.0078125257667417,-0.0043964061726091,0.0080749926610096,0.0063528196110021,0.0499999999999998,0.1,-0.0129838693813596,2022-08-19,1.0400000000000027,2022-08-19,-0.0043964061726091,2022-08-19,0.0063528196110021,2022-08-19,0.1,2022-08-19,3.0,3.0,3.0,3.0,3.0,Monday,0,Initial_Estimation,0,,1,1
2022-08-23,0.0166405797981408,0.0145434567954651,24.18519075776413,24.17852513748584,0.0423479802938243,-0.0232219235088996,23.631370648169167,23.64411714884418,-0.0022403090640503,-0.0216324277252874,0.3099999999999987,3.1999999999999993,0.0073546922238179,-0.0078125257667417,-0.0038774339937789,0.0080749926610096,0.02,0.0499999999999998,-0.0216324277252874,2022-08-22,3.1999999999999993,2022-08-22,-0.0078125257667417,2022-08-22,0.0080749926610096,2022-08-22,0.0499999999999998,2022-08-22,1.0,1.0,1.0,1.0,1.0,Tuesday,0,Initial_Estimation,0,,1,1
2022-08-24,0.0100254809950662,0.0166405797981408,24.187821461241416,24.18519075776413,0.0216164914241034,0.0423479802938243,23.543509132804772,23.631370648169167,0.0029119072513373,-0.0022403090640503,-1.2899999999999991,0.3099999999999987,0.0005723115660449,0.0073546922238179,0.0004878026428867,-0.0038774339937789,0.06,0.02,-0.0022403090640503,2022-08-23,0.3099999999999987,2022-08-23,0.0073546922238179,2022-08-23,-0.0038774339937789,2022-08-23,0.02,2022-08-23,1.0,1.0,1.0,1.0,1.0,Wednesday,0,Initial_Estimation,0,,1,1
2022-08-25,-0.002281888113109,0.0100254809950662,24.158177761907048,24.187821461241416,0.0149577264964477,0.0216164914241034,23.419162191366656,23.543509132804772,0.01399321864529,0.0029119072513373,-1.0399999999999991,-1.2899999999999991,0.0056482263089466,0.0005723115660449,-0.0019065431500517,0.0004878026428867,-0.08,0.06,0.0029119072513373,2022-08-24,-1.2899999999999991,2022-08-24,0.0005723115660449,2022-08-24,0.0004878026428867,2022-08-24,0.06,2022-08-24,1.0,1.0,1.0,1.0,1.0,Thursday,0,Initial_Estimation,0,,1,1
2022-08-26,-0.0471265709653355,-0.002281888113109,24.468686045560258,24.158177761907048,-0.0934270386182591,0.0149577264964477,24.00844275906438,23.419162191366656,-0.0342685267489854,0.01399321864529,3.7799999999999976,-1.0399999999999991,-0.0123649042539839,0.0056482263089466,0.0030652705189849,-0.0019065431500517,0.0100000000000002,-0.08,0.01399321864529,2022-08-25,-1.0399999999999991,2022-08-25,0.0056482263089466,2022-08-25,-0.0019065431500517,2022-08-25,-0.08,2022-08-25,1.0,1.0,1.0,1.0,1.0,Friday,0,Initial_Estimation,0,,1,1
2022-08-27,-0.0325410019125901,-0.0471265709653355,24.12834666080964,24.468686045560258,-0.0499344761642859,-0.0934270386182591,23.620328047048226,24.00844275906438,,,,,,,,,,,-0.0342685267489854,2022-08-26,3.7799999999999976,2022-08-26,-0.0123649042539839,2022-08-26,0.0030652705189849,2022-08-26,0.0100000000000002,2022-08-26,1.0,1.0,1.0,1.0,1.0,Saturday,1,Initial_Estimation,0,,1,1
2022-08-28,-0.000112321675387,-0.0325410019125901,23.916487821623974,24.12834666080964,0.0017207933390064,-0.0499344761642859,23.274550948361604,23.620328047048226,,,,,,,,,,,-0.0342685267489854,2022-08-26,3.7799999999999976,2022-08-26,-0.0123649042539839,2022-08-26,0.0030652705189849,2022-08-26,0.0100000000000002,2022-08-26,2.0,2.0,2.0,2.0,2.0,Sunday,1,Initial_Estimation,0,,1,1
2022-08-29,0.0095509070177792,-0.000112321675387,24.208738619721696,23.916487821623974,0.0415350868029071,0.0017207933390064,23.61173787418207,23.274550948361604,-0.0066887235092639,-0.0342685267489854,0.6500000000000021,3.7799999999999976,0.0002879603826907,-0.0123649042539839,0.000294066295689,0.0030652705189849,0.08,0.0100000000000002,-0.0342685267489854,2022-08-26,3.7799999999999976,2022-08-26,-0.0123649042539839,2022-08-26,0.0030652705189849,2022-08-26,0.0100000000000002,2022-08-26,3.0,3.0,3.0,3.0,3.0,Monday,0,Initial_Estimation,0,,1,1
2022-08-30,-0.01005713649117,0.0095509070177792,24.263742733996857,24.208738619721696,0.0085593636473021,0.0415350868029071,23.8068159504197,23.61173787418207,-0.0110893677916536,-0.0066887235092639,0.0,0.6500000000000021,-0.007746165501607,0.0002879603826907,-0.0005698320068899,0.000294066295689,-0.0100000000000002,0.08,-0.0066887235092639,2022-08-29,0.6500000000000021,2022-08-29,0.0002879603826907,2022-08-29,0.000294066295689,2022-08-29,0.08,2022-08-29,1.0,1.0,1.0,1.0,1.0,Tuesday,0,Initial_Estimation,0,,1,1
2022-08-31,0.0113181166814314,-0.01005713649117,24.22657545046021,24.263742733996857,0.007048605568422,0.0085593636473021,23.748152993361963,23.8068159504197,-0.0078477602570987,-0.0110893677916536,-0.3399999999999998,0.0,-0.0060535122831442,-0.007746165501607,-0.0006713477327465,-0.0005698320068899,0.04,-0.0100000000000002,-0.0110893677916536,2022-08-30,0.0,2022-08-30,-0.007746165501607,2022-08-30,-0.0005698320068899,2022-08-30,-0.0100000000000002,2022-08-30,1.0,1.0,1.0,1.0,1.0,Wednesday,0,Initial_Estimation,0,,1,1
2022-09-01,-0.0064055435610391,0.0113181166814314,24.13051258457581,24.22657545046021,0.0062085188570335,0.007048605568422,23.52263504047808,23.748152993361963,0.0029917276491103,-0.0078477602570987,-0.3100000000000023,-0.3399999999999998,-0.0095032527996111,-0.0060535122831442,0.009075527855854,-0.0006713477327465,0.1099999999999998,0.04,-0.0078477602570987,2022-08-31,-0.3399999999999998,2022-08-31,-0.0060535122831442,2022-08-31,-0.0006713477327465,2022-08-31,0.04,2022-08-31,1.0,1.0,1.0,1.0,1.0,Thursday,0,Initial_Estimation,0,,1,1
2022-09-02,-0.0048938007695615,-0.0064055435610391,24.094828376670744,24.13051258457581,-0.0073681535109617,0.0062085188570335,23.5973093849386,23.52263504047808,-0.0107945304411661,0.0029917276491103,-0.0899999999999998,-0.3100000000000023,0.007750199166291,-0.0095032527996111,-0.0014323186392148,0.009075527855854,-0.0599999999999996,0.1099999999999998,0.0029917276491103,2022-09-01,-0.3100000000000023,2022-09-01,-0.0095032527996111,2022-09-01,0.009075527855854,2022-09-01,0.1099999999999998,2022-09-01,1.0,1.0,1.0,1.0,1.0,Friday,0,Initial_Estimation,0,,1,1
2022-09-03,-0.0117006776053255,-0.0048938007695615,23.88506542395342,24.094828376670744,-0.0104203657547866,-0.0073681535109617,22.97632722616662,23.5973093849386,,,,,,,,,,,-0.0107945304411661,2022-09-02,-0.0899999999999998,2022-09-02,0.007750199166291,2022-09-02,-0.0014323186392148,2022-09-02,-0.0599999999999996,2022-09-02,1.0,1.0,1.0,1.0,1.0,Saturday,1,Initial_Estimation,0,,1,1
2022-09-04,0.0078165649874125,-0.0117006776053255,23.951928084265234,23.88506542395342,0.0121974985424204,-0.0104203657547866,22.907534064097092,22.97632722616662,,,,,,,,,,,-0.0107945304411661,2022-09-02,-0.0899999999999998,2022-09-02,0.007750199166291,2022-09-02,-0.0014323186392148,2022-09-02,-0.0599999999999996,2022-09-02,2.0,2.0,2.0,2.0,2.0,Sunday,1,Initial_Estimation,0,,1,1
2022-09-05,-0.0080698385495395,0.0078165649874125,24.084108476887884,23.951928084265234,0.0165737446012642,0.0121974985424204,23.292861396995928,22.907534064097092,,,0.5199999999999996,-0.0899999999999998,,,0.0026622918715327,-0.0014323186392148,,,-0.0107945304411661,2022-09-02,-0.0899999999999998,2022-09-02,0.007750199166291,2022-09-02,-0.0014323186392148,2022-09-02,-0.0599999999999996,2022-09-02,3.0,3.0,3.0,3.0,3.0,Monday,0,Initial_Estimation,0,,1,1
2022-09-06,-0.0389735174054103,-0.0080698385495395,24.493816953804338,24.084108476887884,-0.0097494246465872,0.0165737446012642,23.856412043021862,23.292861396995928,-0.0041034472098145,-0.0107945304411661,0.9200000000000016,0.5199999999999996,-0.0055129013074622,0.007750199166291,0.0035266351766462,0.0026622918715327,0.1299999999999999,-0.0599999999999996,-0.0107945304411661,2022-09-02,0.5199999999999996,2022-09-05,0.007750199166291,2022-09-02,0.0026622918715327,2022-09-05,-0.0599999999999996,2022-09-02,4.0,1.0,4.0,1.0,4.0,Tuesday,0,Initial_Estimation,0,,1,1
2022-09-07,0.0209798816016302,-0.0389735174054103,24.28544074621993,24.493816953804338,0.0359431633632258,-0.0097494246465872,23.69677110332281,23.856412043021862,0.0181748042285588,-0.0041034472098145,-2.2699999999999996,0.9200000000000016,0.0087244890395395,-0.0055129013074622,-0.0033991689322665,0.0035266351766462,-0.06,0.1299999999999999,-0.0041034472098145,2022-09-06,0.9200000000000016,2022-09-06,-0.0055129013074622,2022-09-06,0.0035266351766462,2022-09-06,0.1299999999999999,2022-09-06,1.0,1.0,1.0,1.0,1.0,Wednesday,0,Initial_Estimation,0,,1,1
2022-09-08,-0.000412732812958,0.0209798816016302,24.195060779448152,24.28544074621993,0.0031657155380249,0.0359431633632258,23.592359860741112,23.69677110332281,0.0065890133889801,0.0181748042285588,-1.0300000000000011,-2.2699999999999996,-0.0042649255334941,0.0087244890395395,-0.0012115858223494,-0.0033991689322665,0.02,-0.06,0.0181748042285588,2022-09-07,-2.2699999999999996,2022-09-07,0.0087244890395395,2022-09-07,-0.0033991689322665,2022-09-07,-0.06,2022-09-07,1.0,1.0,1.0,1.0,1.0,Thursday,0,Initial_Estimation,0,,1,1
2022-09-09,0.0944888977604284,-0.000412732812958,24.604201152302014,24.195060779448152,0.0454211759403932,0.0031657155380249,23.73104148159406,23.592359860741112,0.0151559715070184,0.0065890133889801,-0.8200000000000003,-1.0300000000000011,0.0047894205732026,-0.0042649255334941,-0.0064377708511917,-0.0012115858223494,0.04,0.02,0.0065890133889801,2022-09-08,-1.0300000000000011,2022-09-08,-0.0042649255334941,2022-09-08,-0.0012115858223494,2022-09-08,0.02,2022-09-08,1.0,1.0,1.0,1.0,1.0,Friday,0,Initial_Estimation,0,,1,1
2022-09-10,0.0063228701379036,0.0944888977604284,24.331849646446795,24.604201152302014,0.0081449408736787,0.0454211759403932,23.29823621712644,23.73104148159406,,,,,,,,,,,0.0151559715070184,2022-09-09,-0.8200000000000003,2022-09-09,0.0047894205732026,2022-09-09,-0.0064377708511917,2022-09-09,0.04,2022-09-09,1.0,1.0,1.0,1.0,1.0,Saturday,1,Initial_Estimation,0,,1,1
2022-09-11,0.0073968218962669,0.0063228701379036,24.264049840195643,24.331849646446795,0.0147660291073412,0.0081449408736787,23.246134549305168,23.29823621712644,,,,,,,,,,,0.0151559715070184,2022-09-09,-0.8200000000000003,2022-09-09,0.0047894205732026,2022-09-09,-0.0064377708511917,2022-09-09,0.04,2022-09-09,2.0,2.0,2.0,2.0,2.0,Sunday,1,Initial_Estimation,0,,1,1
2022-09-12,0.0368830980871875,0.0073968218962669,24.639521650688422,24.264049840195643,-0.0213729322715964,0.0147660291073412,23.596174403165033,23.246134549305168,0.0105286398814687,0.0151559715070184,1.0800000000000018,-0.8200000000000003,0.0069100090105372,0.0047894205732026,-0.0061932808286984,-0.0064377708511917,0.04,0.04,0.0151559715070184,2022-09-09,-0.8200000000000003,2022-09-09,0.0047894205732026,2022-09-09,-0.0064377708511917,2022-09-09,0.04,2022-09-09,3.0,3.0,3.0,3.0,3.0,Monday,0,Initial_Estimation,0,,1,1
2022-09-13,-0.101843205741871,0.0368830980871875,24.65687647602992,24.639521650688422,-0.0698610952779822,-0.0213729322715964,23.861661133451584,23.596174403165033,-0.044199110119582,0.0105286398814687,3.3999999999999986,1.0800000000000018,-0.0134574142146379,0.0069100090105372,0.0136150078092396,-0.0061932808286984,0.0499999999999998,0.04,0.0105286398814687,2022-09-12,1.0800000000000018,2022-09-12,0.0069100090105372,2022-09-12,-0.0061932808286984,2022-09-12,0.04,2022-09-12,1.0,1.0,1.0,1.0,1.0,Tuesday,0,Initial_Estimation,0,,1,1
2022-09-14,-0.0144098657043516,-0.101843205741871,24.35748794693933,24.65687647602992,-0.0032079759661142,-0.0698610952779822,23.607907330749725,23.861661133451584,0.0033812717048818,-0.044199110119582,-1.1099999999999994,3.3999999999999986,-0.0049978054933323,-0.0134574142146379,-0.0014307001479025,0.0136150078092396,-0.0099999999999997,0.0499999999999998,-0.044199110119582,2022-09-13,3.3999999999999986,2022-09-13,-0.0134574142146379,2022-09-13,0.0136150078092396,2022-09-13,0.0499999999999998,2022-09-13,1.0,1.0,1.0,1.0,1.0,Wednesday,0,Initial_Estimation,0,,1,1
2022-09-15,-0.0049253755901763,-0.0144098657043516,24.317532684227913,24.35748794693933,-0.063856614099979,-0.0032079759661142,24.01711093840772,23.607907330749725,-0.0113822947247386,0.0033812717048818,0.1099999999999994,-1.1099999999999994,-0.0185019557629872,-0.0049978054933323,0.0007383875228941,-0.0014307001479025,0.04,-0.0099999999999997,0.0033812717048818,2022-09-14,-1.1099999999999994,2022-09-14,-0.0049978054933323,2022-09-14,-0.0014307001479025,2022-09-14,-0.0099999999999997,2022-09-14,1.0,1.0,1.0,1.0,1.0,Thursday,0,Initial_Estimation,0,,1,1
2022-09-16,-0.0048484943466215,-0.0049253755901763,24.128566862897692,24.317532684227913,-0.0447465433656568,-0.063856614099979,23.542547543608283,24.01711093840772,-0.0072080449142468,-0.0113822947247386,0.0300000000000011,0.1099999999999994,0.0037756940386221,-0.0185019557629872,0.0002277873205203,0.0007383875228941,0.0,0.04,-0.0113822947247386,2022-09-15,0.1099999999999994,2022-09-15,-0.0185019557629872,2022-09-15,0.0007383875228941,2022-09-15,0.04,2022-09-15,1.0,1.0,1.0,1.0,1.0,Friday,0,Initial_Estimation,0,,1,1
2022-09-17,0.0164197407437364,-0.0048484943466215,23.94043813563748,24.128566862897692,0.0206157388146087,-0.0447465433656568,23.102635906596664,23.542547543608283,,,,,,,,,,,-0.0072080449142468,2022-09-16,0.0300000000000011,2022-09-16,0.0037756940386221,2022-09-16,0.0002277873205203,2022-09-16,0.0,2022-09-16,1.0,1.0,1.0,1.0,1.0,Saturday,1,Initial_Estimation,0,,1,1
2022-09-18,-0.0224626688700028,0.0164197407437364,24.16543813404382,23.94043813563748,-0.0655946266063282,0.0206157388146087,23.48088588060255,23.102635906596664,,,,,,,,,,,-0.0072080449142468,2022-09-16,0.0300000000000011,2022-09-16,0.0037756940386221,2022-09-16,0.0002277873205203,2022-09-16,0.0,2022-09-16,2.0,2.0,2.0,2.0,2.0,Sunday,1,Initial_Estimation,0,,1,1
2022-09-19,-0.0053816942057484,-0.0224626688700028,24.416560594844753,24.16543813404382,-0.0125473813882537,-0.0655946266063282,23.65246903474954,23.48088588060255,0.0068337454395362,-0.0072080449142468,-0.5399999999999991,0.0300000000000011,-0.0032954882641918,0.0037756940386221,-0.0002460125478806,0.0002277873205203,0.04,0.0,-0.0072080449142468,2022-09-16,0.0300000000000011,2022-09-16,0.0037756940386221,2022-09-16,0.0002277873205203,2022-09-16,0.0,2022-09-16,3.0,3.0,3.0,3.0,3.0,Monday,0,Initial_Estimation,0,,1,1
2022-09-20,-0.0287934490950808,-0.0053816942057484,24.32852850523025,24.416560594844753,-0.0104934000474128,-0.0125473813882537,23.412630357694898,23.65246903474954,-0.0113361245530725,0.0068337454395362,1.3999999999999986,-0.5399999999999991,-0.0039087215289053,-0.0032954882641918,0.0043464096939543,-0.0002460125478806,0.0799999999999996,0.04,0.0068337454395362,2022-09-19,-0.5399999999999991,2022-09-19,-0.0032954882641918,2022-09-19,-0.0002460125478806,2022-09-19,0.04,2022-09-19,1.0,1.0,1.0,1.0,1.0,Tuesday,0,Initial_Estimation,0,,1,1
2022-09-21,-0.0026849904145972,-0.0287934490950808,24.55978468932142,24.32852850523025,-0.0217870262398748,-0.0104934000474128,23.750666714670032,23.412630357694898,-0.0172646737897742,-0.0113361245530725,0.8299999999999983,1.3999999999999986,0.0029480059385479,-0.0039087215289053,0.0038667602297954,0.0043464096939543,-0.06,0.0799999999999996,-0.0113361245530725,2022-09-20,1.3999999999999986,2022-09-20,-0.0039087215289053,2022-09-20,0.0043464096939543,2022-09-20,0.0799999999999996,2022-09-20,1.0,1.0,1.0,1.0,1.0,Wednesday,0,Initial_Estimation,0,,1,1
2022-09-22,0.0170972906836159,-0.0026849904145972,24.44014384582626,24.55978468932142,0.0075417711038258,-0.0217870262398748,23.638954796022514,23.750666714670032,-0.0084633092689318,-0.0172646737897742,-0.639999999999997,0.8299999999999983,0.0037177432020477,0.0029480059385479,0.0064055715768883,0.0038667602297954,0.1900000000000004,-0.06,-0.0172646737897742,2022-09-21,0.8299999999999983,2022-09-21,0.0029480059385479,2022-09-21,0.0038667602297954,2022-09-21,-0.06,2022-09-21,1.0,1.0,1.0,1.0,1.0,Thursday,0,Initial_Estimation,0,,1,1
2022-09-23,-0.0209625925415199,0.0170972906836159,24.384159261202655,24.44014384582626,-0.0181582803610337,0.0075417711038258,23.65558462768316,23.638954796022514,-0.0173828260775679,-0.0084633092689318,2.5700000000000003,-0.639999999999997,-0.0153798147774759,0.0037177432020477,0.016380156478666,0.0064055715768883,-0.0100000000000002,0.1900000000000004,-0.0084633092689318,2022-09-22,-0.639999999999997,2022-09-22,0.0037177432020477,2022-09-22,0.0064055715768883,2022-09-22,0.1900000000000004,2022-09-22,1.0,1.0,1.0,1.0,1.0,Friday,0,Initial_Estimation,0,,1,1
2022-09-24,0.0159301589244108,-0.0209625925415199,23.987101381781063,24.384159261202655,0.0316439230118496,-0.0181582803610337,23.21632332132962,23.65558462768316,,,,,,,,,,,-0.0173828260775679,2022-09-23,2.5700000000000003,2022-09-23,-0.0153798147774759,2022-09-23,0.016380156478666,2022-09-23,-0.0100000000000002,2022-09-23,1.0,1.0,1.0,1.0,1.0,Saturday,1,Initial_Estimation,0,,1,1
2022-09-25,-0.0130430073830856,0.0159301589244108,23.874289544220453,23.987101381781063,-0.0378222814556713,0.0316439230118496,23.19159005783449,23.21632332132962,,,,,,,,,,,-0.0173828260775679,2022-09-23,2.5700000000000003,2022-09-23,-0.0153798147774759,2022-09-23,0.016380156478666,2022-09-23,-0.0100000000000002,2022-09-23,2.0,2.0,2.0,2.0,2.0,Sunday,1,Initial_Estimation,0,,1,1
2022-09-26,0.0110932878753982,-0.0130430073830856,24.510831545528564,23.874289544220453,0.0247594143324498,-0.0378222814556713,23.49801156062256,23.19159005783449,-0.0103943768659704,-0.0173828260775679,2.3399999999999963,2.5700000000000003,-0.0134616236735988,-0.0153798147774759,0.0080160573544103,0.016380156478666,0.1899999999999999,-0.0100000000000002,-0.0173828260775679,2022-09-23,2.5700000000000003,2022-09-23,-0.0153798147774759,2022-09-23,0.016380156478666,2022-09-23,-0.0100000000000002,2022-09-23,3.0,3.0,3.0,3.0,3.0,Monday,0,Initial_Estimation,0,,1,1
2022-09-27,-0.0023603714904418,0.0110932878753982,24.793513036206505,24.510831545528564,-0.0001207747702972,0.0247594143324498,23.606422681896323,23.49801156062256,-0.0021226109775338,-0.0103943768659704,0.3400000000000034,2.3399999999999963,0.0020922483593887,-0.0134616236735988,2.629168876060721e-05,0.0080160573544103,0.0900000000000003,0.1899999999999999,-0.0103943768659704,2022-09-26,2.3399999999999963,2022-09-26,-0.0134616236735988,2022-09-26,0.0080160573544103,2022-09-26,0.1899999999999999,2022-09-26,1.0,1.0,1.0,1.0,1.0,Tuesday,0,Initial_Estimation,0,,1,1
2022-09-28,0.0258593879907255,-0.0023603714904418,24.69490210558024,24.793513036206505,0.0192888755424543,-0.0001207747702972,23.667440547828644,23.606422681896323,0.0194811443877764,-0.0021226109775338,-2.4200000000000017,0.3400000000000034,0.0205051591268747,0.0020922483593887,-0.0132506018835079,2.629168876060721e-05,-0.25,0.0900000000000003,-0.0021226109775338,2022-09-27,0.3400000000000034,2022-09-27,0.0020922483593887,2022-09-27,2.629168876060721e-05,2022-09-27,0.0900000000000003,2022-09-27,1.0,1.0,1.0,1.0,1.0,Wednesday,0,Initial_Estimation,0,,1,1
2022-09-29,-0.00344753792838,0.0258593879907255,24.437760496735685,24.69490210558024,-0.0093736737530965,0.0192888755424543,23.347710906739003,23.667440547828644,-0.021352776272162,0.0194811443877764,1.66,-2.4200000000000017,-0.0011449724954999,0.0205051591268747,-0.0031130783219774,-0.0132506018835079,0.0399999999999995,-0.25,0.0194811443877764,2022-09-28,-2.4200000000000017,2022-09-28,0.0205051591268747,2022-09-28,-0.0132506018835079,2022-09-28,-0.25,2022-09-28,1.0,1.0,1.0,1.0,1.0,Thursday,0,Initial_Estimation,0,,1,1
2022-09-30,-0.0039574100781976,-0.00344753792838,24.50689276905497,24.437760496735685,-0.0047575432971357,-0.0093736737530965,23.380029767706574,23.347710906739003,-0.015181392276394,-0.021352776272162,-0.2199999999999988,1.66,0.0023487766438895,-0.0011449724954999,-0.0012211918387472,-0.0031130783219774,0.0700000000000002,0.0399999999999995,-0.021352776272162,2022-09-29,1.66,2022-09-29,-0.0011449724954999,2022-09-29,-0.0031130783219774,2022-09-29,0.0399999999999995,2022-09-29,1.0,1.0,1.0,1.0,1.0,Friday,0,Initial_Estimation,0,,1,1
2022-10-01,-0.0089978888172232,-0.0039574100781976,23.652833610575495,24.50689276905497,-0.0166601104511956,-0.0047575432971357,22.55231486691035,23.380029767706574,,,,,,,,,,,-0.015181392276394,2022-09-30,-0.2199999999999988,2022-09-30,0.0023487766438895,2022-09-30,-0.0012211918387472,2022-09-30,0.0700000000000002,2022-09-30,1.0,1.0,1.0,1.0,1.0,Saturday,1,Initial_Estimation,0,,1,1
2022-10-02,-0.0007425747417368,-0.0089978888172232,23.756580719568497,23.652833610575495,-0.0050910175223563,-0.0166601104511956,22.74856155253058,22.55231486691035,,,,,,,,,,,-0.015181392276394,2022-09-30,-0.2199999999999988,2022-09-30,0.0023487766438895,2022-09-30,-0.0012211918387472,2022-09-30,0.0700000000000002,2022-09-30,2.0,2.0,2.0,2.0,2.0,Sunday,1,Initial_Estimation,0,,1,1
2022-10-03,0.0185815743859891,-0.0007425747417368,24.14049172268965,23.756580719568497,0.0158760687067302,-0.0050910175223563,23.041042049088247,22.74856155253058,0.0255546287974076,-0.015181392276394,-1.5199999999999996,-0.2199999999999988,0.0181806930336514,0.0023487766438895,-0.0033234791292032,-0.0012211918387472,-0.1600000000000001,0.0700000000000002,-0.015181392276394,2022-09-30,-0.2199999999999988,2022-09-30,0.0023487766438895,2022-09-30,-0.0012211918387472,2022-09-30,0.0700000000000002,2022-09-30,3.0,3.0,3.0,3.0,3.0,Monday,0,Initial_Estimation,0,,1,1
2022-10-04,0.0375314737930256,0.0185815743859891,24.303648715464092,24.14049172268965,0.0289627153052509,0.0158760687067302,23.039731641865153,23.041042049088247,0.0301253408653039,0.0255546287974076,-1.0300000000000011,-1.5199999999999996,0.0165205580261364,0.0181806930336514,-0.0151483893980913,-0.0033234791292032,-0.0499999999999998,-0.1600000000000001,0.0255546287974076,2022-10-03,-1.5199999999999996,2022-10-03,0.0181806930336514,2022-10-03,-0.0033234791292032,2022-10-03,-0.1600000000000001,2022-10-03,1.0,1.0,1.0,1.0,1.0,Tuesday,0,Initial_Estimation,0,,1,1
2022-10-05,-0.0176950792544445,0.0375314737930256,24.226532039739464,24.303648715464092,-0.0128886323547526,0.0289627153052509,23.003037861449915,23.039731641865153,-0.0020200133350643,0.0301253408653039,-0.5199999999999996,-1.0300000000000011,-0.0056518438412799,0.0165205580261364,0.0091255454902,-0.0151483893980913,0.1399999999999996,-0.0499999999999998,0.0301253408653039,2022-10-04,-1.0300000000000011,2022-10-04,0.0165205580261364,2022-10-04,-0.0151483893980913,2022-10-04,-0.0499999999999998,2022-10-04,1.0,1.0,1.0,1.0,1.0,Wednesday,0,Initial_Estimation,0,,1,1
2022-10-06,0.0027540657711351,-0.0176950792544445,24.270334373741495,24.226532039739464,0.0139155147569409,-0.0128886323547526,23.210961498905014,23.003037861449915,-0.0102979203835742,-0.0020200133350643,1.9699999999999989,-0.5199999999999996,0.0001752369260138,-0.0056518438412799,0.0106031477150702,0.0091255454902,0.0700000000000002,0.1399999999999996,-0.0020200133350643,2022-10-05,-0.5199999999999996,2022-10-05,-0.0056518438412799,2022-10-05,0.0091255454902,2022-10-05,0.1399999999999996,2022-10-05,1.0,1.0,1.0,1.0,1.0,Thursday,0,Initial_Estimation,0,,1,1
2022-10-07,-0.0249404575596858,0.0027540657711351,24.098369567513608,24.270334373741495,-0.0241896417076449,0.0139155147569409,23.031993958345684,23.210961498905014,-0.0284031671674905,-0.0102979203835742,0.8399999999999999,1.9699999999999989,-0.0065646747282682,0.0001752369260138,0.0047722182698219,0.0106031477150702,0.06,0.0700000000000002,-0.0102979203835742,2022-10-06,1.9699999999999989,2022-10-06,0.0001752369260138,2022-10-06,0.0106031477150702,2022-10-06,0.0700000000000002,2022-10-06,1.0,1.0,1.0,1.0,1.0,Friday,0,Initial_Estimation,0,,1,1
2022-10-08,-0.0046837388541856,-0.0249404575596858,23.52282647262252,24.098369567513608,-0.0044788271863304,-0.0241896417076449,22.4819296724183,23.031993958345684,,,,,,,,,,,-0.0284031671674905,2022-10-07,0.8399999999999999,2022-10-07,-0.0065646747282682,2022-10-07,0.0047722182698219,2022-10-07,0.06,2022-10-07,1.0,1.0,1.0,1.0,1.0,Saturday,1,Initial_Estimation,0,,1,1
2022-10-09,0.001207894599893,-0.0046837388541856,23.546860275064507,23.52282647262252,-0.0032871773124558,-0.0044788271863304,22.42550717590251,22.4819296724183,,,,,,,,,,,-0.0284031671674905,2022-10-07,0.8399999999999999,2022-10-07,-0.0065646747282682,2022-10-07,0.0047722182698219,2022-10-07,0.06,2022-10-07,2.0,2.0,2.0,2.0,2.0,Sunday,1,Initial_Estimation,0,,1,1
2022-10-10,-0.0125847203389174,0.001207894599893,24.03472167351757,23.546860275064507,-0.0106533747364266,-0.0032871773124558,22.89739134535463,22.42550717590251,-0.0075206675446196,-0.0284031671674905,1.0900000000000034,0.8399999999999999,-0.019716744595091,-0.0065646747282682,0.0030893318778117,0.0047722182698219,,,-0.0284031671674905,2022-10-07,0.8399999999999999,2022-10-07,-0.0065646747282682,2022-10-07,0.0047722182698219,2022-10-07,0.06,2022-10-07,3.0,3.0,3.0,3.0,3.0,Monday,0,Initial_Estimation,0,,1,1
2022-10-11,-0.0115003881203162,-0.0125847203389174,24.080564722548495,24.03472167351757,-0.0196228630163879,-0.0106533747364266,22.950571761742783,22.89739134535463,-0.0065405726393698,-0.0075206675446196,1.1799999999999995,1.0900000000000034,0.0068140743893408,-0.019716744595091,0.0006803172130835,0.0030893318778117,0.04,0.06,-0.0075206675446196,2022-10-10,1.0900000000000034,2022-10-10,-0.019716744595091,2022-10-10,0.0030893318778117,2022-10-10,0.06,2022-10-07,1.0,1.0,1.0,1.0,4.0,Tuesday,0,Initial_Estimation,0,,1,1
2022-10-12,0.0080174586552741,-0.0115003881203162,23.940146626895213,24.080564722548495,0.0133068182750463,-0.0196228630163879,22.846202426713432,22.950571761742783,-0.0032961833504644,-0.0065405726393698,-0.0600000000000022,1.1799999999999995,-0.0050163750124518,0.0068140743893408,0.0008740140310334,0.0006803172130835,-0.02,0.04,-0.0065405726393698,2022-10-11,1.1799999999999995,2022-10-11,0.0068140743893408,2022-10-11,0.0006803172130835,2022-10-11,0.04,2022-10-11,1.0,1.0,1.0,1.0,1.0,Wednesday,0,Initial_Estimation,0,,1,1
2022-10-13,0.0113843233804958,0.0080174586552741,24.512439394187343,23.940146626895213,-0.0039186091273334,0.0133068182750463,23.585411756479814,22.846202426713432,0.0256342914468971,-0.0032961833504644,-1.629999999999999,-0.0600000000000022,-0.0001796538182474,-0.0050163750124518,-0.0084809731895081,0.0008740140310334,0.06,-0.02,-0.0032961833504644,2022-10-12,-0.0600000000000022,2022-10-12,-0.0050163750124518,2022-10-12,0.0008740140310334,2022-10-12,-0.02,2022-10-12,1.0,1.0,1.0,1.0,1.0,Thursday,0,Initial_Estimation,0,,1,1
2022-10-14,-0.0112594166203613,0.0113843233804958,24.372685824309695,24.512439394187343,0.0055724620191228,-0.0039186091273334,23.296928488931464,23.585411756479814,-0.0239471637719518,0.0256342914468971,0.0800000000000018,-1.629999999999999,-0.017091365852745,-0.0001796538182474,0.0084015489271193,-0.0084809731895081,0.0299999999999998,0.06,0.0256342914468971,2022-10-13,-1.629999999999999,2022-10-13,-0.0001796538182474,2022-10-13,-0.0084809731895081,2022-10-13,0.06,2022-10-13,1.0,1.0,1.0,1.0,1.0,Friday,0,Initial_Estimation,0,,1,1
2022-10-15,-0.00412835034498,-0.0112594166203613,23.507797676141323,24.372685824309695,-0.0152337726257243,0.0055724620191228,22.639969693438484,23.296928488931464,,,,,,,,,,,-0.0239471637719518,2022-10-14,0.0800000000000018,2022-10-14,-0.017091365852745,2022-10-14,0.0084015489271193,2022-10-14,0.0299999999999998,2022-10-14,1.0,1.0,1.0,1.0,1.0,Saturday,1,Initial_Estimation,0,,1,1
2022-10-16,0.0121790872267456,-0.00412835034498,23.613021663529157,23.507797676141323,0.0224555135585398,-0.0152337726257243,22.737051594382628,22.639969693438484,,,,,,,,,,,-0.0239471637719518,2022-10-14,0.0800000000000018,2022-10-14,-0.017091365852745,2022-10-14,0.0084015489271193,2022-10-14,0.0299999999999998,2022-10-14,2.0,2.0,2.0,2.0,2.0,Sunday,1,Initial_Estimation,0,,1,1
2022-10-17,0.0101651736762403,0.0121790872267456,24.036453270412625,23.613021663529157,0.0148980098329881,0.0224555135585398,22.964102076725155,22.737051594382628,0.0261355569119064,-0.0239471637719518,-0.6500000000000021,0.0800000000000018,0.0092764778685072,-0.017091365852745,-0.011289225731642,0.0084015489271193,0.0199999999999995,0.0299999999999998,-0.0239471637719518,2022-10-14,0.0800000000000018,2022-10-14,-0.017091365852745,2022-10-14,0.0084015489271193,2022-10-14,0.0299999999999998,2022-10-14,3.0,3.0,3.0,3.0,3.0,Monday,0,Initial_Estimation,0,,1,1
2022-10-18,-0.0079780222171724,0.0101651736762403,24.14361244110977,24.036453270412625,-0.0119645067673564,0.0148980098329881,23.066680713806377,22.964102076725155,0.0113627601815439,0.0261355569119064,-0.870000000000001,-0.6500000000000021,-0.0048396948669639,0.0092764778685072,0.0008118875045045,-0.011289225731642,-0.0099999999999997,0.0199999999999995,0.0261355569119064,2022-10-17,-0.6500000000000021,2022-10-17,0.0092764778685072,2022-10-17,-0.011289225731642,2022-10-17,0.0199999999999995,2022-10-17,1.0,1.0,1.0,1.0,1.0,Tuesday,0,Initial_Estimation,0,,1,1
2022-10-19,-0.0091433401235625,-0.0079780222171724,23.83345951047243,24.14361244110977,-0.0151791024317058,-0.0119645067673564,22.845610340630973,23.066680713806377,-0.0066944367047117,0.0113627601815439,0.2600000000000015,-0.870000000000001,-0.0131239484768745,-0.0048396948669639,0.0075873032939733,0.0008118875045045,0.1299999999999999,-0.0099999999999997,0.0113627601815439,2022-10-18,-0.870000000000001,2022-10-18,-0.0048396948669639,2022-10-18,0.0008118875045045,2022-10-18,-0.0099999999999997,2022-10-18,1.0,1.0,1.0,1.0,1.0,Wednesday,0,Initial_Estimation,0,,1,1
2022-10-20,-0.0086127656565021,-0.0091433401235625,23.921692982207578,23.83345951047243,-0.0097417859167715,-0.0151791024317058,22.921502346106873,22.845610340630973,-0.007982718516093,-0.0066944367047117,-0.7800000000000011,0.2600000000000015,0.0020256268035833,-0.0131239484768745,-0.0009120492961716,0.0075873032939733,0.1000000000000005,0.1299999999999999,-0.0066944367047117,2022-10-19,0.2600000000000015,2022-10-19,-0.0131239484768745,2022-10-19,0.0075873032939733,2022-10-19,0.1299999999999999,2022-10-19,1.0,1.0,1.0,1.0,1.0,Thursday,0,Initial_Estimation,0,,1,1
2022-10-21,0.0077267952003836,-0.0086127656565021,24.203252459975193,23.921692982207578,0.0162632887205993,-0.0097417859167715,23.06627911044615,22.921502346106873,0.0234477678524365,-0.007982718516093,-0.2899999999999991,-0.7800000000000011,0.0123104430338203,0.0020256268035833,-0.0077281580577396,-0.0009120492961716,-0.0300000000000002,0.1000000000000005,-0.007982718516093,2022-10-20,-0.7800000000000011,2022-10-20,0.0020256268035833,2022-10-20,-0.0009120492961716,2022-10-20,0.1000000000000005,2022-10-20,1.0,1.0,1.0,1.0,1.0,Friday,0,Initial_Estimation,0,,1,1
2022-10-22,0.002025112495143,0.0077267952003836,23.50236090673963,24.203252459975193,0.0064868731057137,0.0162632887205993,22.693913832969702,23.06627911044615,,,,,,,,,,,0.0234477678524365,2022-10-21,-0.2899999999999991,2022-10-21,0.0123104430338203,2022-10-21,-0.0077281580577396,2022-10-21,-0.0300000000000002,2022-10-21,1.0,1.0,1.0,1.0,1.0,Saturday,1,Initial_Estimation,0,,1,1
2022-10-23,0.0145573527307532,0.002025112495143,23.820145508503987,23.50236090673963,0.0130671303492294,0.0064868731057137,23.016760832405488,22.693913832969702,,,,,,,,,,,0.0234477678524365,2022-10-21,-0.2899999999999991,2022-10-21,0.0123104430338203,2022-10-21,-0.0077281580577396,2022-10-21,-0.0300000000000002,2022-10-21,2.0,2.0,2.0,2.0,2.0,Sunday,1,Initial_Estimation,0,,1,1
2022-10-24,-0.0060022768078256,0.0145573527307532,24.131181791865053,23.820145508503987,0.0167692373856749,0.0130671303492294,23.295329838506703,23.016760832405488,0.0118119170597982,0.0234477678524365,0.1600000000000001,-0.2899999999999991,-0.0013940959691325,0.0123104430338203,-0.0002053562268099,-0.0077281580577396,0.04,-0.0300000000000002,0.0234477678524365,2022-10-21,-0.2899999999999991,2022-10-21,0.0123104430338203,2022-10-21,-0.0077281580577396,2022-10-21,-0.0300000000000002,2022-10-21,3.0,3.0,3.0,3.0,3.0,Monday,0,Initial_Estimation,0,,1,1
2022-10-25,0.0405980676783853,-0.0060022768078256,24.58948623412239,24.131181791865053,0.0873449704385063,0.0167692373856749,23.95672643678496,23.295329838506703,0.0161357653252692,0.0118119170597982,-1.3900000000000006,0.1600000000000001,0.002483779957048,-0.0013940959691325,-0.0093210028074385,-0.0002053562268099,-0.1500000000000003,0.04,0.0118119170597982,2022-10-24,0.1600000000000001,2022-10-24,-0.0013940959691325,2022-10-24,-0.0002053562268099,2022-10-24,0.04,2022-10-24,1.0,1.0,1.0,1.0,1.0,Tuesday,0,Initial_Estimation,0,,1,1
2022-10-26,0.027622853064975,0.0405980676783853,24.799038173746403,24.58948623412239,0.0520288415135226,0.0873449704385063,24.210810577122828,23.95672643678496,-0.0074151380567922,0.0161357653252692,-1.1799999999999995,-1.3900000000000006,0.0067534934731103,0.002483779957048,-0.0113302820974183,-0.0093210028074385,-0.0599999999999996,-0.1500000000000003,0.0161357653252692,2022-10-25,-1.3900000000000006,2022-10-25,0.002483779957048,2022-10-25,-0.0093210028074385,2022-10-25,-0.1500000000000003,2022-10-25,1.0,1.0,1.0,1.0,1.0,Wednesday,0,Initial_Estimation,0,,1,1
2022-10-27,-0.01718174072025,0.027622853064975,24.62776280067673,24.799038173746403,-0.0166183636221843,0.0520288415135226,23.85061826985037,24.210810577122828,-0.0061011723843323,-0.0074151380567922,0.1099999999999994,-1.1799999999999995,-0.0019851715705815,0.0067534934731103,0.008053174211441,-0.0113302820974183,-0.08,-0.0599999999999996,-0.0074151380567922,2022-10-26,-1.1799999999999995,2022-10-26,0.0067534934731103,2022-10-26,-0.0113302820974183,2022-10-26,-0.0599999999999996,2022-10-26,1.0,1.0,1.0,1.0,1.0,Thursday,0,Initial_Estimation,0,,1,1
2022-10-28,0.0114606578902926,-0.01718174072025,24.507335370698392,24.62776280067673,0.0208583802531459,-0.0166183636221843,23.717728465091675,23.85061826985037,0.0243280345757693,-0.0061011723843323,-1.6400000000000006,0.1099999999999994,-0.0127868760706451,-0.0019851715705815,0.0014909259603081,0.008053174211441,0.0599999999999996,-0.08,-0.0061011723843323,2022-10-27,0.1099999999999994,2022-10-27,-0.0019851715705815,2022-10-27,0.008053174211441,2022-10-27,-0.08,2022-10-27,1.0,1.0,1.0,1.0,1.0,Friday,0,Initial_Estimation,0,,1,1
2022-10-29,0.0094002145328041,0.0114606578902926,24.42134882444157,24.507335370698392,0.0419317061475846,0.0208583802531459,23.796799297457767,23.717728465091675,,,,,,,,,,,0.0243280345757693,2022-10-28,-1.6400000000000006,2022-10-28,-0.0127868760706451,2022-10-28,0.0014909259603081,2022-10-28,0.0599999999999996,2022-10-28,1.0,1.0,1.0,1.0,1.0,Saturday,1,Initial_Estimation,0,,1,1
2022-10-30,-0.0080017780109403,0.0094002145328041,24.17281981438811,24.42134882444157,-0.024575664858421,0.0419317061475846,23.357315895865653,23.796799297457767,,,,,,,,,,,0.0243280345757693,2022-10-28,-1.6400000000000006,2022-10-28,-0.0127868760706451,2022-10-28,0.0014909259603081,2022-10-28,0.0599999999999996,2022-10-28,2.0,2.0,2.0,2.0,2.0,Sunday,1,Initial_Estimation,0,,1,1
2022-10-31,-0.0119464536627986,-0.0080017780109403,24.544673892636077,24.17281981438811,-0.0144434334081142,-0.024575664858421,23.683729403003294,23.357315895865653,-0.0074823069661265,0.0243280345757693,0.129999999999999,-1.6400000000000006,-0.0022591682158683,-0.0127868760706451,0.0069732465994311,0.0014909259603081,0.08,0.0599999999999996,0.0243280345757693,2022-10-28,-1.6400000000000006,2022-10-28,-0.0127868760706451,2022-10-28,0.0014909259603081,2022-10-28,0.0599999999999996,2022-10-28,3.0,3.0,3.0,3.0,3.0,Monday,0,Initial_Estimation,0,,1,1
2022-11-01,0.0032029563015248,-0.0119464536627986,24.407617635655356,24.544673892636077,0.0069431452883824,-0.0144434334081142,23.397918580537503,23.683729403003294,-0.0041096940897468,-0.0074823069661265,-0.0700000000000002,0.129999999999999,0.0055472576754134,-0.0022591682158683,-0.0004125412599763,0.0069732465994311,-0.0299999999999993,0.08,-0.0074823069661265,2022-10-31,0.129999999999999,2022-10-31,-0.0022591682158683,2022-10-31,0.0069732465994311,2022-10-31,0.08,2022-10-31,1.0,1.0,1.0,1.0,1.0,Tuesday,0,Initial_Estimation,0,,1,1
2022-11-02,-0.015139938768447,0.0032029563015248,24.7405884068689,24.407617635655356,-0.0412624698438938,0.0069431452883824,23.86975238396394,23.397918580537503,-0.0253198028276198,-0.0041096940897468,0.0500000000000007,-0.0700000000000002,0.0004254117317392,0.0055472576754134,-0.0012206835547686,-0.0004125412599763,0.0299999999999993,-0.0299999999999993,-0.0041096940897468,2022-11-01,-0.0700000000000002,2022-11-01,0.0055472576754134,2022-11-01,-0.0004125412599763,2022-11-01,-0.0299999999999993,2022-11-01,1.0,1.0,1.0,1.0,1.0,Wednesday,0,Initial_Estimation,0,,1,1
2022-11-03,0.0032272758938861,-0.015139938768447,24.489771624243417,24.7405884068689,0.0190672914989647,-0.0412624698438938,23.37990701815811,23.86975238396394,-0.0106424092389834,-0.0253198028276198,-0.5599999999999987,0.0500000000000007,-0.0112435662590358,0.0004254117317392,0.014134668497959,-0.0012206835547686,0.04,0.0299999999999993,-0.0253198028276198,2022-11-02,0.0500000000000007,2022-11-02,0.0004254117317392,2022-11-02,-0.0012206835547686,2022-11-02,0.0299999999999993,2022-11-02,1.0,1.0,1.0,1.0,1.0,Thursday,0,Initial_Estimation,0,,1,1
2022-11-04,0.0432424733873387,0.0032272758938861,24.883284649340386,24.489771624243417,0.0570643006216776,0.0190672914989647,23.75855359198751,23.37990701815811,0.0135267814579937,-0.0106424092389834,-0.75,-0.5599999999999987,0.0273972833302079,-0.0112435662590358,-0.0183466789370698,0.014134668497959,0.0300000000000002,0.04,-0.0106424092389834,2022-11-03,-0.5599999999999987,2022-11-03,-0.0112435662590358,2022-11-03,0.014134668497959,2022-11-03,0.04,2022-11-03,1.0,1.0,1.0,1.0,1.0,Friday,0,Initial_Estimation,0,,1,1
2022-11-05,0.010406053410797,0.0432424733873387,24.356792388893975,24.883284649340386,-0.011932984668118,0.0570643006216776,23.121794835261976,23.75855359198751,,,,,,,,,,,0.0135267814579937,2022-11-04,-0.75,2022-11-04,0.0273972833302079,2022-11-04,-0.0183466789370698,2022-11-04,0.0300000000000002,2022-11-04,1.0,1.0,1.0,1.0,1.0,Saturday,1,Initial_Estimation,0,,1,1
2022-11-06,-0.0071942020983318,0.010406053410797,24.28097377487861,24.356792388893975,0.0208129807687268,-0.011932984668118,23.17708977778247,23.121794835261976,,,,,,,,,,,0.0135267814579937,2022-11-04,-0.75,2022-11-04,0.0273972833302079,2022-11-04,-0.0183466789370698,2022-11-04,0.0300000000000002,2022-11-04,2.0,2.0,2.0,2.0,2.0,Sunday,1,Initial_Estimation,0,,1,1
2022-11-07,-0.0254207402346604,-0.0071942020983318,24.70315031581071,24.28097377487861,-0.0436856424347184,0.0208129807687268,23.449808222056255,23.17708977778247,0.0095680618026735,0.0135267814579937,-0.1999999999999993,-0.75,0.0023887739038996,0.0273972833302079,-0.0068507985241024,-0.0183466789370698,0.0499999999999998,0.0300000000000002,0.0135267814579937,2022-11-04,-0.75,2022-11-04,0.0273972833302079,2022-11-04,-0.0183466789370698,2022-11-04,0.0300000000000002,2022-11-04,3.0,3.0,3.0,3.0,3.0,Monday,0,Initial_Estimation,0,,1,1
2022-11-08,-0.0998869716618257,-0.0254207402346604,25.502326013826615,24.70315031581071,-0.1640976888837072,-0.0436856424347184,24.462077741619815,23.449808222056255,0.00558226759398,0.0095680618026735,1.1899999999999975,-0.1999999999999993,0.0210123860447711,0.0023887739038996,-0.0044048925407322,-0.0068507985241024,-0.08,0.0499999999999998,0.0095680618026735,2022-11-07,-0.1999999999999993,2022-11-07,0.0023887739038996,2022-11-07,-0.0068507985241024,2022-11-07,0.0499999999999998,2022-11-07,1.0,1.0,1.0,1.0,1.0,Tuesday,0,Initial_Estimation,0,,1,1
2022-11-09,-0.1736863072264869,-0.0998869716618257,25.357073542731495,25.502326013826615,-0.1896029419449784,-0.1640976888837072,24.38334687964366,24.462077741619815,-0.0209967748870899,0.00558226759398,0.5500000000000007,1.1899999999999975,-0.001168838908441,0.0210123860447711,0.008293073848181,-0.0044048925407322,-0.0199999999999995,-0.08,0.00558226759398,2022-11-08,1.1899999999999975,2022-11-08,0.0210123860447711,2022-11-08,-0.0044048925407322,2022-11-08,-0.08,2022-11-08,1.0,1.0,1.0,1.0,1.0,Wednesday,0,Initial_Estimation,0,,1,1
2022-11-10,0.1247618143545182,-0.1736863072264869,25.14454063296658,25.357073542731495,0.1760335588091061,-0.1896029419449784,24.076008072584287,24.38334687964366,0.0539525042809639,-0.0209967748870899,-2.5599999999999987,0.5500000000000007,0.0232353956511795,-0.001168838908441,-0.0214220438418628,0.008293073848181,-0.3000000000000002,-0.0199999999999995,-0.0209967748870899,2022-11-09,0.5500000000000007,2022-11-09,-0.001168838908441,2022-11-09,0.008293073848181,2022-11-09,-0.0199999999999995,2022-11-09,1.0,1.0,1.0,1.0,1.0,Thursday,0,Initial_Estimation,0,,1,1
2022-11-11,-0.0610703414240702,0.1247618143545182,24.746322333022007,25.14454063296658,-0.0405377286349847,0.1760335588091061,23.76399724536177,24.076008072584287,0.0091983590448269,0.0539525042809639,-1.0100000000000016,-2.5599999999999987,0.0089298724701124,0.0232353956511795,-0.0178467939259559,-0.0214220438418628,,,0.0539525042809639,2022-11-10,-2.5599999999999987,2022-11-10,0.0232353956511795,2022-11-10,-0.0214220438418628,2022-11-10,-0.3000000000000002,2022-11-10,1.0,1.0,1.0,1.0,1.0,Friday,0,Initial_Estimation,0,,1,1
2022-11-12,0.0019560733471548,-0.0610703414240702,24.11500864528699,24.746322333022007,-0.0083642689293423,-0.0405377286349847,23.117970823188063,23.76399724536177,,,,,,,,,,,0.0091983590448269,2022-11-11,-1.0100000000000016,2022-11-11,0.0089298724701124,2022-11-11,-0.0178467939259559,2022-11-11,-0.3000000000000002,2022-11-10,1.0,1.0,1.0,1.0,2.0,Saturday,1,Initial_Estimation,0,,1,1
2022-11-13,-0.0253523075266246,0.0019560733471548,24.026820388630014,24.11500864528699,-0.0331866479616954,-0.0083642689293423,23.09513957765464,23.117970823188063,,,,,,,,,,,0.0091983590448269,2022-11-11,-1.0100000000000016,2022-11-11,0.0089298724701124,2022-11-11,-0.0178467939259559,2022-11-11,-0.3000000000000002,2022-11-10,2.0,2.0,2.0,2.0,3.0,Sunday,1,Initial_Estimation,0,,1,1
2022-11-14,0.0011197491564505,-0.0253523075266246,24.62786622385394,24.026820388630014,0.0085636957768752,-0.0331866479616954,23.43318333775886,23.09513957765464,-0.0089759576650217,0.0091983590448269,1.2100000000000009,-1.0100000000000016,0.0042942633729377,0.0089298724701124,0.0034561813584194,-0.0178467939259559,0.06,-0.3000000000000002,0.0091983590448269,2022-11-11,-1.0100000000000016,2022-11-11,0.0089298724701124,2022-11-11,-0.0178467939259559,2022-11-11,-0.3000000000000002,2022-11-10,3.0,3.0,3.0,3.0,4.0,Monday,0,Initial_Estimation,0,,1,1
2022-11-15,0.0300799977696493,0.0011197491564505,24.32329867239901,24.62786622385394,0.0163486969238796,0.0085636957768752,23.191196845235744,23.43318333775886,0.0086753813075978,-0.0089759576650217,0.8099999999999987,1.2100000000000009,0.0001127999329213,0.0042942633729377,-0.0024030349865858,0.0034561813584194,-0.08,0.06,-0.0089759576650217,2022-11-14,1.2100000000000009,2022-11-14,0.0042942633729377,2022-11-14,0.0034561813584194,2022-11-14,0.06,2022-11-14,1.0,1.0,1.0,1.0,1.0,Tuesday,0,Initial_Estimation,0,,1,1
2022-11-16,-0.0214426823322843,0.0300799977696493,24.24743316382052,24.32329867239901,-0.0322641522297792,0.0163486969238796,23.20312322715135,23.191196845235744,-0.008286297872085,0.0086753813075978,-0.4299999999999997,0.8099999999999987,-0.0004511383955566,0.0001127999329213,-0.0011566402305062,-0.0024030349865858,-0.1299999999999999,-0.08,0.0086753813075978,2022-11-15,0.8099999999999987,2022-11-15,0.0001127999329213,2022-11-15,-0.0024030349865858,2022-11-15,-0.08,2022-11-15,1.0,1.0,1.0,1.0,1.0,Wednesday,0,Initial_Estimation,0,,1,1
2022-11-17,0.009098830684421,-0.0214426823322843,24.05077771183967,24.24743316382052,4.1453354618558427e-05,-0.0322641522297792,22.997826577541367,23.20312322715135,-0.0030941096237371,-0.008286297872085,-0.1799999999999997,-0.4299999999999997,-0.0069047481313083,-0.0004511383955566,0.003878394343875,-0.0011566402305062,0.1,-0.1299999999999999,-0.008286297872085,2022-11-16,-0.4299999999999997,2022-11-16,-0.0004511383955566,2022-11-16,-0.0011566402305062,2022-11-16,-0.1299999999999999,2022-11-16,1.0,1.0,1.0,1.0,1.0,Thursday,0,Initial_Estimation,0,,1,1
2022-11-18,-0.0027848674746367,0.009098830684421,24.013986623625183,24.05077771183967,0.0013669975824391,4.1453354618558427e-05,22.800193393461996,22.997826577541367,0.0047472883302355,-0.0030941096237371,-0.8099999999999987,-0.1799999999999997,-0.0050673517653606,-0.0069047481313083,0.0022094904693262,0.003878394343875,0.0499999999999998,0.1,-0.0030941096237371,2022-11-17,-0.1799999999999997,2022-11-17,-0.0069047481313083,2022-11-17,0.003878394343875,2022-11-17,0.1,2022-11-17,1.0,1.0,1.0,1.0,1.0,Friday,0,Initial_Estimation,0,,1,1
2022-11-19,0.0015641784766467,-0.0027848674746367,23.502471586542875,24.013986623625183,0.001828025538937,0.0013669975824391,22.511476646456337,22.800193393461996,,,,,,,,,,,0.0047472883302355,2022-11-18,-0.8099999999999987,2022-11-18,-0.0050673517653606,2022-11-18,0.0022094904693262,2022-11-18,0.0499999999999998,2022-11-18,1.0,1.0,1.0,1.0,1.0,Saturday,1,Initial_Estimation,0,,1,1
2022-11-20,-0.0250544566965422,0.0015641784766467,23.78260081821365,23.502471586542875,-0.0585896047989177,0.001828025538937,22.990327651977267,22.511476646456337,,,,,,,,,,,0.0047472883302355,2022-11-18,-0.8099999999999987,2022-11-18,-0.0050673517653606,2022-11-18,0.0022094904693262,2022-11-18,0.0499999999999998,2022-11-18,2.0,2.0,2.0,2.0,2.0,Sunday,1,Initial_Estimation,0,,1,1
2022-11-21,-0.0390004093916574,-0.0250544566965422,24.34572461359062,23.78260081821365,-0.042788232878446,-0.0585896047989177,23.368028233674213,22.990327651977267,-0.0038912128014762,0.0047472883302355,-0.7600000000000016,-0.8099999999999987,-0.008311170299651,-0.0050673517653606,0.0084278663353792,0.0022094904693262,0.0100000000000002,0.0499999999999998,0.0047472883302355,2022-11-18,-0.8099999999999987,2022-11-18,-0.0050673517653606,2022-11-18,0.0022094904693262,2022-11-18,0.0499999999999998,2022-11-18,3.0,3.0,3.0,3.0,3.0,Monday,0,Initial_Estimation,0,,1,1
2022-11-22,0.0320061322198471,-0.0390004093916574,24.148402010887622,24.34572461359062,0.0327927730714754,-0.042788232878446,23.211555985823484,23.368028233674213,0.0134885719219573,-0.0038912128014762,-1.0700000000000005,-0.7600000000000016,0.0005178953391911,-0.008311170299651,-0.0057008296421857,0.0084278663353792,-0.0700000000000002,0.0100000000000002,-0.0038912128014762,2022-11-21,-0.7600000000000016,2022-11-21,-0.008311170299651,2022-11-21,0.0084278663353792,2022-11-21,0.0100000000000002,2022-11-21,1.0,1.0,1.0,1.0,1.0,Tuesday,0,Initial_Estimation,0,,1,1
2022-11-23,0.0205190453097939,0.0320061322198471,24.218526428177658,24.148402010887622,0.0335932036294411,0.0327927730714754,23.14298273528129,23.211555985823484,0.0058972831306427,0.0134885719219573,-0.9399999999999976,-1.0700000000000005,0.0037896091787737,0.0005178953391911,-0.0107456331257964,-0.0057008296421857,-0.0499999999999998,-0.0700000000000002,0.0134885719219573,2022-11-22,-1.0700000000000005,2022-11-22,0.0005178953391911,2022-11-22,-0.0057008296421857,2022-11-22,-0.0700000000000002,2022-11-22,1.0,1.0,1.0,1.0,1.0,Wednesday,0,Initial_Estimation,0,,1,1
2022-11-24,0.0047398836383597,0.0205190453097939,23.986313077453655,24.218526428177658,0.0230202499968214,0.0335932036294411,22.99604845274058,23.14298273528129,,,0.0700000000000002,-0.9399999999999976,,,-0.0024351810574842,-0.0107456331257964,,,0.0058972831306427,2022-11-23,-0.9399999999999976,2022-11-23,0.0037896091787737,2022-11-23,-0.0107456331257964,2022-11-23,-0.0499999999999998,2022-11-23,1.0,1.0,1.0,1.0,1.0,Thursday,0,Initial_Estimation,0,,1,1
2022-11-25,-0.002717309525187,0.0047398836383597,23.650625902219332,23.986313077453655,0.0029563336297508,0.0230202499968214,22.424974441163062,22.99604845274058,-0.000283110944129,0.0058972831306427,0.0799999999999983,0.0700000000000002,0.0048024929294994,0.0037896091787737,0.0013315895572634,-0.0024351810574842,-0.0299999999999998,-0.0499999999999998,0.0058972831306427,2022-11-23,0.0700000000000002,2022-11-24,0.0037896091787737,2022-11-23,-0.0024351810574842,2022-11-24,-0.0499999999999998,2022-11-23,2.0,1.0,2.0,1.0,2.0,Friday,0,Initial_Estimation,0,,1,1
2022-11-26,0.0003377583751124,-0.002717309525187,23.613638081731345,23.650625902219332,0.0084697010507245,0.0029563336297508,22.347426940902327,22.424974441163062,,,,,,,,,,,-0.000283110944129,2022-11-25,0.0799999999999983,2022-11-25,0.0048024929294994,2022-11-25,0.0013315895572634,2022-11-25,-0.0299999999999998,2022-11-25,1.0,1.0,1.0,1.0,1.0,Saturday,1,Initial_Estimation,0,,1,1
2022-11-27,0.0041902145109899,0.0003377583751124,23.740950313498505,23.613638081731345,0.004578554825384,0.0084697010507245,22.224445008589328,22.347426940902327,,,,,,,,,,,-0.000283110944129,2022-11-25,0.0799999999999983,2022-11-25,0.0048024929294994,2022-11-25,0.0013315895572634,2022-11-25,-0.0299999999999998,2022-11-25,2.0,2.0,2.0,2.0,2.0,Sunday,1,Initial_Estimation,0,,1,1
2022-11-28,-0.0232807424464879,0.0041902145109899,24.046250299816492,23.740950313498505,-0.0356499938277592,0.004578554825384,22.707766262834426,22.224445008589328,-0.015564652905563,-0.000283110944129,1.7100000000000009,0.0799999999999983,-0.0075571855340836,0.0048024929294994,0.0067908462624095,0.0013315895572634,0.0099999999999997,-0.0299999999999998,-0.000283110944129,2022-11-25,0.0799999999999983,2022-11-25,0.0048024929294994,2022-11-25,0.0013315895572634,2022-11-25,-0.0299999999999998,2022-11-25,3.0,3.0,3.0,3.0,3.0,Monday,0,Initial_Estimation,0,,1,1
2022-11-29,0.0166041989552135,-0.0232807424464879,23.883736208211925,24.046250299816492,0.0390353431139621,-0.0356499938277592,22.756585664587313,22.707766262834426,-0.001593118872794,-0.015564652905563,-0.3200000000000003,1.7100000000000009,0.0047585291615505,-0.0075571855340836,0.001320824723763,0.0067908462624095,0.06,0.0099999999999997,-0.015564652905563,2022-11-28,1.7100000000000009,2022-11-28,-0.0075571855340836,2022-11-28,0.0067908462624095,2022-11-28,0.0099999999999997,2022-11-28,1.0,1.0,1.0,1.0,1.0,Tuesday,0,Initial_Estimation,0,,1,1
2022-11-30,0.0375343477223156,0.0166041989552135,24.108454987300355,23.883736208211925,0.0613100590048185,0.0390353431139621,23.00940903007624,22.756585664587313,0.0304785875825892,-0.001593118872794,-1.3100000000000025,-0.3200000000000003,-0.0013736405532714,0.0047585291615505,-0.0081966131076059,0.001320824723763,-0.0699999999999998,0.06,-0.001593118872794,2022-11-29,-0.3200000000000003,2022-11-29,0.0047585291615505,2022-11-29,0.001320824723763,2022-11-29,0.06,2022-11-29,1.0,1.0,1.0,1.0,1.0,Wednesday,0,Initial_Estimation,0,,1,1
2022-12-01,-0.0099351240894332,0.0375343477223156,23.85420154307421,24.108454987300355,-0.0154722414766427,0.0613100590048185,22.648672253205653,23.00940903007624,-0.0008680002702717,0.0304785875825892,-0.7399999999999984,-1.3100000000000025,0.0310701183883798,-0.0013736405532714,-0.0116007718365102,-0.0081966131076059,-0.1500000000000003,-0.0699999999999998,0.0304785875825892,2022-11-30,-1.3100000000000025,2022-11-30,-0.0013736405532714,2022-11-30,-0.0081966131076059,2022-11-30,-0.0699999999999998,2022-11-30,1.0,1.0,1.0,1.0,1.0,Thursday,0,Initial_Estimation,0,,1,1
2022-12-02,0.0054821837175708,-0.0099351240894332,23.695714392710233,23.85420154307421,0.0115220046213211,-0.0154722414766427,22.550013631325648,22.648672253205653,-0.0011953459028422,-0.0008680002702717,-0.7800000000000011,-0.7399999999999984,-0.0028912731689037,0.0310701183883798,-0.0017489121544114,-0.0116007718365102,-0.02,-0.1500000000000003,-0.0008680002702717,2022-12-01,-0.7399999999999984,2022-12-01,0.0310701183883798,2022-12-01,-0.0116007718365102,2022-12-01,-0.1500000000000003,2022-12-01,1.0,1.0,1.0,1.0,1.0,Friday,0,Initial_Estimation,0,,1,1
2022-12-03,-0.0043032115536996,0.0054821837175708,23.509373804968515,23.695714392710233,-0.0233844464292906,0.0115220046213211,22.458915061342815,22.550013631325648,,,,,,,,,,,-0.0011953459028422,2022-12-02,-0.7800000000000011,2022-12-02,-0.0028912731689037,2022-12-02,-0.0017489121544114,2022-12-02,-0.02,2022-12-02,1.0,1.0,1.0,1.0,1.0,Saturday,1,Initial_Estimation,0,,1,1
2022-12-04,0.0096900614568371,-0.0043032115536996,23.546103232428266,23.509373804968515,0.0122932990246384,-0.0233844464292906,22.366936747228507,22.458915061342815,,,,,,,,,,,-0.0011953459028422,2022-12-02,-0.7800000000000011,2022-12-02,-0.0028912731689037,2022-12-02,-0.0017489121544114,2022-12-02,-0.02,2022-12-02,2.0,2.0,2.0,2.0,2.0,Sunday,1,Initial_Estimation,0,,1,1
2022-12-05,-0.0084573768539614,0.0096900614568371,23.823767358924204,23.546103232428266,-0.0135627374686747,0.0122932990246384,22.534886677333425,22.366936747228507,-0.0180562836020754,-0.0011953459028422,1.6900000000000013,-0.7800000000000011,-0.0159967487215729,-0.0028912731689037,0.0070913495220616,-0.0017489121544114,0.0900000000000003,-0.02,-0.0011953459028422,2022-12-02,-0.7800000000000011,2022-12-02,-0.0028912731689037,2022-12-02,-0.0017489121544114,2022-12-02,-0.02,2022-12-02,3.0,3.0,3.0,3.0,3.0,Monday,0,Initial_Estimation,0,,1,1
2022-12-06,0.0016192547607532,-0.0084573768539614,23.71347902678808,23.823767358924204,-0.0025914781945894,-0.0135627374686747,22.35038897578045,22.534886677333425,-0.0145038499217487,-0.0180562836020754,1.4200000000000017,1.6900000000000013,0.0010744618189316,-0.0159967487215729,0.0027410659889763,0.0070913495220616,-0.0900000000000003,0.0900000000000003,-0.0180562836020754,2022-12-05,1.6900000000000013,2022-12-05,-0.0159967487215729,2022-12-05,0.0070913495220616,2022-12-05,0.0900000000000003,2022-12-05,1.0,1.0,1.0,1.0,1.0,Tuesday,0,Initial_Estimation,0,,1,1
2022-12-07,-0.0094678820728763,0.0016192547607532,23.702635184482116,23.71347902678808,-0.0192392443097671,-0.0025914781945894,22.47284912779989,22.35038897578045,-0.0018640849162627,-0.0145038499217487,0.509999999999998,1.4200000000000017,0.0091144723181207,0.0010744618189316,-0.0045377383515189,0.0027410659889763,-0.0899999999999998,-0.0900000000000003,-0.0145038499217487,2022-12-06,1.4200000000000017,2022-12-06,0.0010744618189316,2022-12-06,0.0027410659889763,2022-12-06,-0.0900000000000003,2022-12-06,1.0,1.0,1.0,1.0,1.0,Wednesday,0,Initial_Estimation,0,,1,1
2022-12-08,0.0204971098632363,-0.0094678820728763,23.743525039609928,23.702635184482116,0.036567582451463,-0.0192392443097671,22.552203841751876,22.47284912779989,0.0074936120907241,-0.0018640849162627,-0.3900000000000005,0.509999999999998,0.0017905836665891,0.0091144723181207,-0.0031066283788297,-0.0045377383515189,0.06,-0.0899999999999998,-0.0018640849162627,2022-12-07,0.509999999999998,2022-12-07,0.0091144723181207,2022-12-07,-0.0045377383515189,2022-12-07,-0.0899999999999998,2022-12-07,1.0,1.0,1.0,1.0,1.0,Thursday,0,Initial_Estimation,0,,1,1
2022-12-09,-0.0045294923325307,0.0204971098632363,23.735286057065448,23.743525039609928,-0.0145542789659805,0.036567582451463,22.46481631231706,22.552203841751876,-0.0073766872148234,0.0074936120907241,0.5399999999999991,-0.3900000000000005,0.0052414665587995,0.0017905836665891,0.0003435376780103,-0.0031066283788297,0.0899999999999998,0.06,0.0074936120907241,2022-12-08,-0.3900000000000005,2022-12-08,0.0017905836665891,2022-12-08,-0.0031066283788297,2022-12-08,0.06,2022-12-08,1.0,1.0,1.0,1.0,1.0,Friday,0,Initial_Estimation,0,,1,1
2022-12-10,0.0013493575951867,-0.0045294923325307,23.265401701183677,23.735286057065448,0.0064640647891759,-0.0145542789659805,21.91187116383658,22.46481631231706,,,,,,,,,,,-0.0073766872148234,2022-12-09,0.5399999999999991,2022-12-09,0.0052414665587995,2022-12-09,0.0003435376780103,2022-12-09,0.0899999999999998,2022-12-09,1.0,1.0,1.0,1.0,1.0,Saturday,1,Initial_Estimation,0,,1,1
2022-12-11,-0.001069406067637,0.0013493575951867,23.37103417475044,23.265401701183677,-0.0022896855765474,0.0064640647891759,21.93580361137213,21.91187116383658,,,,,,,,,,,-0.0073766872148234,2022-12-09,0.5399999999999991,2022-12-09,0.0052414665587995,2022-12-09,0.0003435376780103,2022-12-09,0.0899999999999998,2022-12-09,2.0,2.0,2.0,2.0,2.0,Sunday,1,Initial_Estimation,0,,1,1
2022-12-12,0.003408064688133,-0.001069406067637,23.69969200830623,23.37103417475044,0.007881278960275,-0.0022896855765474,22.362477938909983,21.93580361137213,0.0141782628310539,-0.0073766872148234,2.1700000000000017,0.5399999999999991,-0.0098363145420593,0.0052414665587995,0.0030580043931358,0.0003435376780103,0.04,0.0899999999999998,-0.0073766872148234,2022-12-09,0.5399999999999991,2022-12-09,0.0052414665587995,2022-12-09,0.0003435376780103,2022-12-09,0.0899999999999998,2022-12-09,3.0,3.0,3.0,3.0,3.0,Monday,0,Initial_Estimation,0,,1,1
2022-12-13,0.0337700513373471,0.003408064688133,24.00548227691165,23.69969200830623,0.0338035161122219,0.007881278960275,22.899480478636264,22.362477938909983,0.0072632622332616,0.0141782628310539,-2.4499999999999993,2.1700000000000017,0.0185850131055225,-0.0098363145420593,-0.011008618619652,0.0030580043931358,-0.1,0.04,0.0141782628310539,2022-12-12,2.1700000000000017,2022-12-12,-0.0098363145420593,2022-12-12,0.0030580043931358,2022-12-12,0.04,2022-12-12,1.0,1.0,1.0,1.0,1.0,Tuesday,0,Initial_Estimation,0,,1,1
2022-12-14,0.0040353285300085,0.0337700513373471,23.963295590201888,24.00548227691165,-0.0059694859877647,0.0338035161122219,22.78134525301445,22.899480478636264,-0.0060711580284131,0.0072632622332616,-1.41,-2.4499999999999993,-0.0035345617904352,0.0185850131055225,-0.0020216613383827,-0.011008618619652,-0.0199999999999995,-0.1,0.0072632622332616,2022-12-13,-2.4499999999999993,2022-12-13,0.0185850131055225,2022-12-13,-0.011008618619652,2022-12-13,-0.1,2022-12-13,1.0,1.0,1.0,1.0,1.0,Wednesday,0,Initial_Estimation,0,,1,1
2022-12-15,-0.024753598608119,0.0040353285300085,23.766093903891193,23.963295590201888,-0.0361343360785732,-0.0059694859877647,22.520486994464132,22.78134525301445,-0.0252374607919639,-0.0060711580284131,1.6899999999999975,-1.41,-0.0169056104459163,-0.0035345617904352,0.0075650297423142,-0.0020216613383827,-0.0500000000000002,-0.0199999999999995,-0.0060711580284131,2022-12-14,-1.41,2022-12-14,-0.0035345617904352,2022-12-14,-0.0020216613383827,2022-12-14,-0.0199999999999995,2022-12-14,1.0,1.0,1.0,1.0,1.0,Thursday,0,Initial_Estimation,0,,1,1
2022-12-16,-0.0327124635106214,-0.024753598608119,23.902635840757934,23.766093903891193,-0.056753336084828,-0.0361343360785732,22.95304488758514,22.520486994464132,-0.011200267830704,-0.0252374607919639,-0.2099999999999973,1.6899999999999975,0.0071765552477973,-0.0169056104459163,0.0013667275697547,0.0075650297423142,0.04,-0.0500000000000002,-0.0252374607919639,2022-12-15,1.6899999999999975,2022-12-15,-0.0169056104459163,2022-12-15,0.0075650297423142,2022-12-15,-0.0500000000000002,2022-12-15,1.0,1.0,1.0,1.0,1.0,Friday,0,Initial_Estimation,0,,1,1
2022-12-17,-0.0094960674497821,-0.0327124635106214,23.394899728743,23.902635840757934,-0.0171362822429872,-0.056753336084828,22.348037304448987,22.95304488758514,,,,,,,,,,,-0.011200267830704,2022-12-16,-0.2099999999999973,2022-12-16,0.0071765552477973,2022-12-16,0.0013667275697547,2022-12-16,0.04,2022-12-16,1.0,1.0,1.0,1.0,1.0,Saturday,1,Initial_Estimation,0,,1,1
2022-12-18,0.0021640486021318,-0.0094960674497821,23.114260509638942,23.394899728743,0.0033574905634293,-0.0171362822429872,21.932253800013967,22.348037304448987,,,,,,,,,,,-0.011200267830704,2022-12-16,-0.2099999999999973,2022-12-16,0.0071765552477973,2022-12-16,0.0013667275697547,2022-12-16,0.04,2022-12-16,2.0,2.0,2.0,2.0,2.0,Sunday,1,Initial_Estimation,0,,1,1
2022-12-19,-0.0073566403655369,0.0021640486021318,23.569399750606756,23.114260509638942,-0.0023363007887012,0.0033574905634293,22.321365329960013,21.932253800013967,-0.0090482780342915,-0.011200267830704,-0.1999999999999993,-0.2099999999999973,-0.0012857697271356,0.0071765552477973,0.0001910019010496,0.0013667275697547,0.0899999999999998,0.04,-0.011200267830704,2022-12-16,-0.2099999999999973,2022-12-16,0.0071765552477973,2022-12-16,0.0013667275697547,2022-12-16,0.04,2022-12-16,3.0,3.0,3.0,3.0,3.0,Monday,0,Initial_Estimation,0,,1,1
2022-12-20,0.0181838394867826,-0.0073566403655369,23.84660370713156,23.569399750606756,0.0337853021132582,-0.0023363007887012,22.623124824587173,22.321365329960013,0.0010367470114196,-0.0090482780342915,-0.9400000000000012,-0.1999999999999993,0.0156513759026935,-0.0012857697271356,-0.0072453667922479,0.0001910019010496,0.1200000000000001,0.0899999999999998,-0.0090482780342915,2022-12-19,-0.1999999999999993,2022-12-19,-0.0012857697271356,2022-12-19,0.0001910019010496,2022-12-19,0.0899999999999998,2022-12-19,1.0,1.0,1.0,1.0,1.0,Tuesday,0,Initial_Estimation,0,,1,1
2022-12-21,-0.006178947333745,0.0181838394867826,23.4234817664587,23.84660370713156,-0.0034183843340814,0.0337853021132582,22.162433143235848,22.623124824587173,0.0147585944409617,0.0010367470114196,-1.41,-0.9400000000000012,0.0,0.0156513759026935,0.0018930754667389,-0.0072453667922479,-0.0099999999999997,0.1200000000000001,0.0010367470114196,2022-12-20,-0.9400000000000012,2022-12-20,0.0156513759026935,2022-12-20,-0.0072453667922479,2022-12-20,0.1200000000000001,2022-12-20,1.0,1.0,1.0,1.0,1.0,Wednesday,0,Initial_Estimation,0,,1,1
2022-12-22,5.210834069605938e-05,-0.006178947333745,23.523078906303564,23.4234817664587,0.0023488215187211,-0.0034183843340814,22.39049551331194,22.162433143235848,-0.0145571295023748,0.0147585944409617,1.8999999999999984,-1.41,-0.0160429898509304,0.0,0.0025983379512278,0.0018930754667389,-0.0100000000000002,-0.0099999999999997,0.0147585944409617,2022-12-21,-1.41,2022-12-21,0.0,2022-12-21,0.0018930754667389,2022-12-21,-0.0099999999999997,2022-12-21,1.0,1.0,1.0,1.0,1.0,Thursday,0,Initial_Estimation,0,,1,1
2022-12-23,0.0012468124582419,5.210834069605938e-05,23.453029597370236,23.523078906303564,0.0056638772384206,0.0023488215187211,22.29931901371863,22.39049551331194,0.0058509063889847,-0.0145571295023748,-1.099999999999998,1.8999999999999984,0.0049680664595954,-0.0160429898509304,-0.0011401362691755,0.0025983379512278,0.08,-0.0100000000000002,-0.0145571295023748,2022-12-22,1.8999999999999984,2022-12-22,-0.0160429898509304,2022-12-22,0.0025983379512278,2022-12-22,-0.0100000000000002,2022-12-22,1.0,1.0,1.0,1.0,1.0,Friday,0,Initial_Estimation,0,,1,1
2022-12-24,0.0010804040007895,0.0012468124582419,22.99998283857804,23.453029597370236,-0.0022452952489148,0.0056638772384206,21.68878600601928,22.29931901371863,,,,,,,,,,,0.0058509063889847,2022-12-23,-1.099999999999998,2022-12-23,0.0049680664595954,2022-12-23,-0.0011401362691755,2022-12-23,0.08,2022-12-23,1.0,1.0,1.0,1.0,1.0,Saturday,1,Initial_Estimation,0,,1,1
2022-12-25,-0.0005348547105575,0.0010804040007895,23.179119501224346,22.99998283857804,-0.0004595135801471,-0.0022452952489148,22.095136695154817,21.68878600601928,,,,,,,,,,,0.0058509063889847,2022-12-23,-1.099999999999998,2022-12-23,0.0049680664595954,2022-12-23,-0.0011401362691755,2022-12-23,0.08,2022-12-23,2.0,2.0,2.0,2.0,2.0,Sunday,1,Initial_Estimation,0,,1,1
2022-12-26,0.0006016914395928,-0.0005348547105575,23.198707653178356,23.179119501224346,-0.0011332748747205,-0.0004595135801471,21.91174881088333,22.095136695154817,,,,,,,,,,,0.0058509063889847,2022-12-23,-1.099999999999998,2022-12-23,0.0049680664595954,2022-12-23,-0.0011401362691755,2022-12-23,0.08,2022-12-23,3.0,3.0,3.0,3.0,3.0,Monday,0,Initial_Estimation,0,,1,1
2022-12-27,-0.0086365597018379,0.0006016914395928,23.48001605459932,23.198707653178356,-0.005165245422893,-0.0011332748747205,22.132185000307256,21.91174881088333,-0.0040578262550561,0.0058509063889847,0.7799999999999976,-1.099999999999998,0.0104689930762978,0.0049680664595954,-0.0012950076872292,-0.0011401362691755,0.0899999999999998,0.08,0.0058509063889847,2022-12-23,-1.099999999999998,2022-12-23,0.0049680664595954,2022-12-23,-0.0011401362691755,2022-12-23,0.08,2022-12-23,4.0,4.0,4.0,4.0,4.0,Tuesday,0,Initial_Estimation,0,,1,1
2022-12-28,-0.0102619828961874,-0.0086365597018379,23.556815237470506,23.48001605459932,-0.0199119869821124,-0.005165245422893,22.331036286136065,22.132185000307256,-0.0120934626990492,-0.0040578262550561,0.490000000000002,0.7799999999999976,-0.0038093315032526,0.0104689930762978,0.0027223682230851,-0.0012950076872292,0.04,0.0899999999999998,-0.0040578262550561,2022-12-27,0.7799999999999976,2022-12-27,0.0104689930762978,2022-12-27,-0.0012950076872292,2022-12-27,0.0899999999999998,2022-12-27,1.0,1.0,1.0,1.0,1.0,Wednesday,0,Initial_Estimation,0,,1,1
2022-12-29,0.0045906274934456,-0.0102619828961874,23.39549799445425,23.556815237470506,0.0065252401353136,-0.0199119869821124,22.142084003251675,22.331036286136065,0.0173106189600936,-0.0120934626990492,-0.6999999999999993,0.490000000000002,0.0063957738601456,-0.0038093315032526,-0.0060202103101028,0.0027223682230851,-0.0499999999999998,0.04,-0.0120934626990492,2022-12-28,0.490000000000002,2022-12-28,-0.0038093315032526,2022-12-28,0.0027223682230851,2022-12-28,0.04,2022-12-28,1.0,1.0,1.0,1.0,1.0,Thursday,0,Initial_Estimation,0,,1,1
2022-12-30,-0.0010325635246763,0.0045906274934456,23.491417411465072,23.39549799445425,0.0029504833697537,0.0065252401353136,22.123381308223507,22.142084003251675,-0.0025439680351095,0.0173106189600936,0.2300000000000004,-0.6999999999999993,0.000109887433919,0.0063957738601456,-0.003028580908463,-0.0060202103101028,0.0499999999999998,-0.0499999999999998,0.0173106189600936,2022-12-29,-0.6999999999999993,2022-12-29,0.0063957738601456,2022-12-29,-0.0060202103101028,2022-12-29,-0.0499999999999998,2022-12-29,1.0,1.0,1.0,1.0,1.0,Friday,0,Initial_Estimation,0,,1,1
2022-12-31,-0.002204054460503,-0.0010325635246763,23.142672299433013,23.491417411465072,0.0007508572639462,0.0029504833697537,21.828030273285584,22.123381308223507,,,,,,,,,,,-0.0025439680351095,2022-12-30,0.2300000000000004,2022-12-30,0.000109887433919,2022-12-30,-0.003028580908463,2022-12-30,0.0499999999999998,2022-12-30,1.0,1.0,1.0,1.0,1.0,Saturday,1,Initial_Estimation,0,,1,1
2023-01-01,0.0037490367711626,-0.002204054460503,22.947279656676145,23.142672299433013,0.0027067447743211,0.0007508572639462,21.598598960938567,21.828030273285584,,,,,,,,,,,-0.0025439680351095,2022-12-30,0.2300000000000004,2022-12-30,0.000109887433919,2022-12-30,-0.003028580908463,2022-12-30,0.0499999999999998,2022-12-30,2.0,2.0,2.0,2.0,2.0,Sunday,1,Initial_Estimation,0,,1,1
2023-01-02,0.0099151412360177,0.0037490367711626,23.216287407106577,22.947279656676145,0.0139335650878208,0.0027067447743211,22.049215138200033,21.598598960938567,,,,,,,,,,,-0.0025439680351095,2022-12-30,0.2300000000000004,2022-12-30,0.000109887433919,2022-12-30,-0.003028580908463,2022-12-30,0.0499999999999998,2022-12-30,3.0,3.0,3.0,3.0,3.0,Monday,0,Initial_Estimation,0,,1,1
2023-01-03,-0.0064880015097703,0.0099151412360177,23.35537617823332,23.216287407106577,-0.0065750460085114,0.0139335650878208,21.94497210903956,22.049215138200033,-0.004008544390807,-0.0025439680351095,1.2299999999999969,0.2300000000000004,0.0109308628042519,0.000109887433919,0.0095751548714323,-0.003028580908463,-0.0899999999999998,0.0499999999999998,-0.0025439680351095,2022-12-30,0.2300000000000004,2022-12-30,0.000109887433919,2022-12-30,-0.003028580908463,2022-12-30,0.0499999999999998,2022-12-30,4.0,4.0,4.0,4.0,4.0,Tuesday,0,Initial_Estimation,0,,1,1
2023-01-04,0.0094619672286615,-0.0064880015097703,23.63679750618338,23.35537617823332,0.0335616133980416,-0.0065750460085114,22.580253728806515,21.94497210903956,0.0075106740753847,-0.004008544390807,-0.889999999999997,1.2299999999999969,0.0070955464419848,0.0109308628042519,-0.0025866295329665,0.0095751548714323,-0.1,-0.0899999999999998,-0.004008544390807,2023-01-03,1.2299999999999969,2023-01-03,0.0109308628042519,2023-01-03,0.0095751548714323,2023-01-03,-0.0899999999999998,2023-01-03,1.0,1.0,1.0,1.0,1.0,Wednesday,0,Initial_Estimation,0,,1,1
2023-01-05,0.0019905995180767,0.0094619672286615,23.34013295821234,23.63679750618338,-0.0004471879142135,0.0335616133980416,22.110006712363955,22.580253728806515,-0.0117139023845192,0.0075106740753847,0.4499999999999993,-0.889999999999997,-0.0097625243971206,0.0070955464419848,0.0075875943362453,-0.0025866295329665,0.02,-0.1,0.0075106740753847,2023-01-04,-0.889999999999997,2023-01-04,0.0070955464419848,2023-01-04,-0.0025866295329665,2023-01-04,-0.1,2023-01-04,1.0,1.0,1.0,1.0,1.0,Thursday,0,Initial_Estimation,0,,1,1
2023-01-06,0.0048925023477927,0.0019905995180767,23.391442407092228,23.34013295821234,0.0112307186486277,-0.0004471879142135,22.328143927576356,22.110006712363955,0.0225838411760265,-0.0117139023845192,-1.3300000000000018,0.4499999999999993,0.0158964700992711,-0.0097625243971206,-0.0111335099227438,0.0075875943362453,-0.1600000000000001,0.02,-0.0117139023845192,2023-01-05,0.4499999999999993,2023-01-05,-0.0097625243971206,2023-01-05,0.0075875943362453,2023-01-05,0.02,2023-01-05,1.0,1.0,1.0,1.0,1.0,Friday,0,Initial_Estimation,0,,1,1
2023-01-07,0.0004814729682183,0.0048925023477927,22.766402143952305,23.391442407092228,-0.001485943096234,0.0112307186486277,21.66530756668457,22.328143927576356,,,,,,,,,,,0.0225838411760265,2023-01-06,-1.3300000000000018,2023-01-06,0.0158964700992711,2023-01-06,-0.0111335099227438,2023-01-06,-0.1600000000000001,2023-01-06,1.0,1.0,1.0,1.0,1.0,Saturday,1,Initial_Estimation,0,,1,1
2023-01-08,0.0007637998779118,0.0004814729682183,23.002462327943583,22.766402143952305,0.0042622109593091,-0.001485943096234,21.97462465007689,21.66530756668457,,,,,,,,,,,0.0225838411760265,2023-01-06,-1.3300000000000018,2023-01-06,0.0158964700992711,2023-01-06,-0.0111335099227438,2023-01-06,-0.1600000000000001,2023-01-06,2.0,2.0,2.0,2.0,2.0,Sunday,1,Initial_Estimation,0,,1,1
2023-01-09,0.0131758596555025,0.0007637998779118,23.647756473112235,23.002462327943583,0.0376017558445227,0.0042622109593091,22.80151151686852,21.97462465007689,-0.0007679298504944,0.0225838411760265,0.8399999999999999,-1.3300000000000018,0.0045492332582912,0.0158964700992711,-0.0084880633357361,-0.0111335099227438,-0.02,-0.1600000000000001,0.0225838411760265,2023-01-06,-1.3300000000000018,2023-01-06,0.0158964700992711,2023-01-06,-0.0111335099227438,2023-01-06,-0.1600000000000001,2023-01-06,3.0,3.0,3.0,3.0,3.0,Monday,0,Initial_Estimation,0,,1,1
2023-01-10,0.0170636314912679,0.0131758596555025,23.483803419333896,23.647756473112235,0.0155053535394096,0.0376017558445227,22.486312554362968,22.80151151686852,0.0069540205524518,-0.0007679298504944,-1.3900000000000006,0.8399999999999999,-0.0005875467452382,0.0045492332582912,0.002278932506841,-0.0084880633357361,0.08,-0.02,-0.0007679298504944,2023-01-09,0.8399999999999999,2023-01-09,0.0045492332582912,2023-01-09,-0.0084880633357361,2023-01-09,-0.02,2023-01-09,1.0,1.0,1.0,1.0,1.0,Tuesday,0,Initial_Estimation,0,,1,1
2023-01-11,0.0051181633183403,0.0170636314912679,23.6341090497309,23.483803419333896,0.0028341307753284,0.0155053535394096,22.56617843998165,22.486312554362968,0.0127675441312289,0.0069540205524518,0.5100000000000016,-1.3900000000000006,0.0016016233411999,-0.0005875467452382,-0.0004650622104516,0.002278932506841,-0.0699999999999998,0.08,0.0069540205524518,2023-01-10,-1.3900000000000006,2023-01-10,-0.0005875467452382,2023-01-10,0.002278932506841,2023-01-10,0.08,2023-01-10,1.0,1.0,1.0,1.0,1.0,Wednesday,0,Initial_Estimation,0,,1,1
2023-01-12,0.0696124786386686,0.0051181633183403,24.277794668958975,23.6341090497309,0.0602609336640588,0.0028341307753284,23.227173570494763,22.56617843998165,0.0034101315868827,0.0127675441312289,-2.2600000000000016,0.5100000000000016,0.0110873656676158,0.0016016233411999,-0.0091708928634491,-0.0004650622104516,-0.1099999999999998,-0.0699999999999998,0.0127675441312289,2023-01-11,0.5100000000000016,2023-01-11,0.0016016233411999,2023-01-11,-0.0004650622104516,2023-01-11,-0.0699999999999998,2023-01-11,1.0,1.0,1.0,1.0,1.0,Thursday,0,Initial_Estimation,0,,1,1
2023-01-13,0.0508019656654789,0.0696124786386686,24.098291360351933,24.277794668958975,0.0201792865257596,0.0602609336640588,22.762425370058164,23.227173570494763,0.0039888505532251,0.0034101315868827,-0.4799999999999969,-2.2600000000000016,0.0120088620431228,0.0110873656676158,-0.0004108584063664,-0.0091708928634491,0.06,-0.1099999999999998,0.0034101315868827,2023-01-12,-2.2600000000000016,2023-01-12,0.0110873656676158,2023-01-12,-0.0091708928634491,2023-01-12,-0.1099999999999998,2023-01-12,1.0,1.0,1.0,1.0,1.0,Friday,0,Initial_Estimation,0,,1,1
2023-01-14,0.0535557174045764,0.0508019656654789,24.3860011068238,24.098291360351933,0.0559451432013252,0.0201792865257596,23.460526948973936,22.762425370058164,,,,,,,,,,,0.0039888505532251,2023-01-13,-0.4799999999999969,2023-01-13,0.0120088620431228,2023-01-13,-0.0004108584063664,2023-01-13,0.06,2023-01-13,1.0,1.0,1.0,1.0,1.0,Saturday,1,Initial_Estimation,0,,1,1
2023-01-15,0.0001435132034611,0.0535557174045764,23.683288418727667,24.3860011068238,0.0091914968208629,0.0559451432013252,22.63644830157667,23.460526948973936,,,,,,,,,,,0.0039888505532251,2023-01-13,-0.4799999999999969,2023-01-13,0.0120088620431228,2023-01-13,-0.0004108584063664,2023-01-13,0.06,2023-01-13,2.0,2.0,2.0,2.0,2.0,Sunday,1,Initial_Estimation,0,,1,1
2023-01-16,0.0109240661157926,0.0001435132034611,24.011387612474326,23.683288418727667,0.0168806240376543,0.0091914968208629,22.857962957716953,22.63644830157667,,,1.139999999999997,-0.4799999999999969,,,0.0006357807846465,-0.0004108584063664,,,0.0039888505532251,2023-01-13,-0.4799999999999969,2023-01-13,0.0120088620431228,2023-01-13,-0.0004108584063664,2023-01-13,0.06,2023-01-13,3.0,3.0,3.0,3.0,3.0,Monday,0,Initial_Estimation,0,,1,1
2023-01-17,0.0088206424806384,0.0109240661157926,23.94214099629439,24.011387612474326,0.0009175618811484,0.0168806240376543,22.751343395687687,22.857962957716953,-0.0020325261125498,0.0039888505532251,-0.129999999999999,1.139999999999997,-0.0058553457304772,0.0120088620431228,0.0011824548551346,0.0006357807846465,0.0399999999999995,0.06,0.0039888505532251,2023-01-13,1.139999999999997,2023-01-16,0.0120088620431228,2023-01-13,0.0006357807846465,2023-01-16,0.06,2023-01-13,4.0,1.0,4.0,1.0,4.0,Tuesday,0,Initial_Estimation,0,,1,1
2023-01-18,-0.0258622561936282,0.0088206424806384,24.12465071496336,23.94214099629439,-0.0331689796611813,0.0009175618811484,23.0607238005831,22.751343395687687,-0.0156850016602764,-0.0020325261125498,0.9800000000000004,-0.129999999999999,-0.0014691611288529,-0.0058553457304772,-0.0002637324010539,0.0011824548551346,-0.1599999999999997,0.0399999999999995,-0.0020325261125498,2023-01-17,-0.129999999999999,2023-01-17,-0.0058553457304772,2023-01-17,0.0011824548551346,2023-01-17,0.0399999999999995,2023-01-17,1.0,1.0,1.0,1.0,1.0,Wednesday,0,Initial_Estimation,0,,1,1
2023-01-19,0.0078834649050828,-0.0258622561936282,23.775040402922397,24.12465071496336,0.0101741659809541,-0.0331689796611813,22.584650688517577,23.0607238005831,-0.0076676696075208,-0.0156850016602764,0.1799999999999997,0.9800000000000004,0.0092513144711382,-0.0014691611288529,-0.0029840400577488,-0.0002637324010539,0.02,-0.1599999999999997,-0.0156850016602764,2023-01-18,0.9800000000000004,2023-01-18,-0.0014691611288529,2023-01-18,-0.0002637324010539,2023-01-18,-0.1599999999999997,2023-01-18,1.0,1.0,1.0,1.0,1.0,Thursday,0,Initial_Estimation,0,,1,1
2023-01-20,0.0637273391424708,0.0078834649050828,24.083611859733573,23.775040402922397,0.0580468734131029,0.0101741659809541,22.866725618425328,22.584650688517577,0.0187416715591724,-0.0076676696075208,-0.6699999999999982,0.1799999999999997,0.0022346631765941,0.0092513144711382,-0.0004508257047003,-0.0029840400577488,0.0899999999999998,0.02,-0.0076676696075208,2023-01-19,0.1799999999999997,2023-01-19,0.0092513144711382,2023-01-19,-0.0029840400577488,2023-01-19,0.02,2023-01-19,1.0,1.0,1.0,1.0,1.0,Friday,0,Initial_Estimation,0,,1,1
2023-01-21,0.0388406866847333,0.0637273391424708,24.20272829889987,24.083611859733573,0.0149120784730456,0.0580468734131029,22.904727982859185,22.866725618425328,,,,,,,,,,,0.0187416715591724,2023-01-20,-0.6699999999999982,2023-01-20,0.0022346631765941,2023-01-20,-0.0004508257047003,2023-01-20,0.0899999999999998,2023-01-20,1.0,1.0,1.0,1.0,1.0,Saturday,1,Initial_Estimation,0,,1,1
2023-01-22,-0.0299646248422945,0.0388406866847333,23.931945304391387,24.20272829889987,-0.0205772955051775,0.0149120784730456,22.74056448355043,22.904727982859185,,,,,,,,,,,0.0187416715591724,2023-01-20,-0.6699999999999982,2023-01-20,0.0022346631765941,2023-01-20,-0.0004508257047003,2023-01-20,0.0899999999999998,2023-01-20,2.0,2.0,2.0,2.0,2.0,Sunday,1,Initial_Estimation,0,,1,1
2023-01-23,0.0211343542849607,-0.0299646248422945,24.00111600076186,23.931945304391387,0.0019634919638472,-0.0205772955051775,22.83523596269227,22.74056448355043,0.0118113284157092,0.0187416715591724,-0.0400000000000027,-0.6699999999999982,0.0003632807471507,0.0022346631765941,0.0012343866372664,-0.0004508257047003,0.04,0.0899999999999998,0.0187416715591724,2023-01-20,-0.6699999999999982,2023-01-20,0.0022346631765941,2023-01-20,-0.0004508257047003,2023-01-20,0.0899999999999998,2023-01-20,3.0,3.0,3.0,3.0,3.0,Monday,0,Initial_Estimation,0,,1,1
2023-01-24,-0.0042535062917915,0.0211343542849607,23.99682186332148,24.00111600076186,-0.020342203374167,0.0019634919638472,22.82499156780409,22.83523596269227,-0.000711729632521,0.0118113284157092,-0.6099999999999994,-0.0400000000000027,0.0035224324574504,0.0003632807471507,-0.0021562716630823,0.0012343866372664,-0.06,0.04,0.0118113284157092,2023-01-23,-0.0400000000000027,2023-01-23,0.0003632807471507,2023-01-23,0.0012343866372664,2023-01-23,0.04,2023-01-23,1.0,1.0,1.0,1.0,1.0,Tuesday,0,Initial_Estimation,0,,1,1
2023-01-25,0.0299577800985333,-0.0042535062917915,24.14705172347376,23.99682186332148,0.0125576684400186,-0.020342203374167,23.084022988846396,22.82499156780409,-0.0001817464343489,-0.000711729632521,-0.120000000000001,-0.6099999999999994,0.0037676113849673,0.0035224324574504,-0.0027215713476397,-0.0021562716630823,0.0,-0.06,-0.000711729632521,2023-01-24,-0.6099999999999994,2023-01-24,0.0035224324574504,2023-01-24,-0.0021562716630823,2023-01-24,-0.06,2023-01-24,1.0,1.0,1.0,1.0,1.0,Wednesday,0,Initial_Estimation,0,,1,1
2023-01-26,-0.0222321234466292,0.0299577800985333,23.99503157516349,24.14705172347376,-0.0095905389109425,0.0125576684400186,22.85093967781318,23.084022988846396,0.010947717569977,-0.0001817464343489,-0.3499999999999978,-0.120000000000001,-0.0062527531393145,0.0037676113849673,0.0019461378267441,-0.0027215713476397,0.0300000000000002,0.0,-0.0001817464343489,2023-01-25,-0.120000000000001,2023-01-25,0.0037676113849673,2023-01-25,-0.0027215713476397,2023-01-25,0.0,2023-01-25,1.0,1.0,1.0,1.0,1.0,Thursday,0,Initial_Estimation,0,,1,1
2023-01-27,0.0004331723443877,-0.0222321234466292,23.95735871853214,23.99503157516349,-0.002279221056309,-0.0095905389109425,22.81814576275113,22.85093967781318,0.0024917027916841,0.010947717569977,-0.2199999999999988,-0.3499999999999978,-0.0002592218208407,-0.0062527531393145,0.00086373590757,0.0019461378267441,0.0299999999999998,0.0300000000000002,0.010947717569977,2023-01-26,-0.3499999999999978,2023-01-26,-0.0062527531393145,2023-01-26,0.0019461378267441,2023-01-26,0.0300000000000002,2023-01-26,1.0,1.0,1.0,1.0,1.0,Friday,0,Initial_Estimation,0,,1,1
2023-01-28,-0.0036962186797031,0.0004331723443877,23.411992425778426,23.95735871853214,-0.0203928239335824,-0.002279221056309,22.48175344533982,22.81814576275113,,,,,,,,,,,0.0024917027916841,2023-01-27,-0.2199999999999988,2023-01-27,-0.0002592218208407,2023-01-27,0.00086373590757,2023-01-27,0.0299999999999998,2023-01-27,1.0,1.0,1.0,1.0,1.0,Saturday,1,Initial_Estimation,0,,1,1
2023-01-29,0.0337714283220362,-0.0036962186797031,24.034672975380477,23.411992425778426,0.0474673400651933,-0.0203928239335824,22.89816439992156,22.48175344533982,,,,,,,,,,,0.0024917027916841,2023-01-27,-0.2199999999999988,2023-01-27,-0.0002592218208407,2023-01-27,0.00086373590757,2023-01-27,0.0299999999999998,2023-01-27,2.0,2.0,2.0,2.0,2.0,Sunday,1,Initial_Estimation,0,,1,1
2023-01-30,-0.0451071814078736,0.0337714283220362,24.02668850850279,24.034672975380477,-0.0542277993517127,0.0474673400651933,22.94033858738254,22.89816439992156,-0.013053559781991,0.0024917027916841,1.4299999999999995,-0.2199999999999988,-0.002959862564306,-0.0002592218208407,0.00341817054408,0.00086373590757,0.0299999999999998,0.0299999999999998,0.0024917027916841,2023-01-27,-0.2199999999999988,2023-01-27,-0.0002592218208407,2023-01-27,0.00086373590757,2023-01-27,0.0299999999999998,2023-01-27,3.0,3.0,3.0,3.0,3.0,Monday,0,Initial_Estimation,0,,1,1
2023-01-31,0.0090157729168108,-0.0451071814078736,23.851684150008392,24.02668850850279,0.0133677755108468,-0.0542277993517127,22.608089179921382,22.94033858738254,0.0145362853223181,-0.013053559781991,-0.5400000000000027,1.4299999999999995,0.0034264261246514,-0.002959862564306,-0.0017516995471129,0.00341817054408,-0.0299999999999998,0.0299999999999998,-0.013053559781991,2023-01-30,1.4299999999999995,2023-01-30,-0.002959862564306,2023-01-30,0.00341817054408,2023-01-30,0.0299999999999998,2023-01-30,1.0,1.0,1.0,1.0,1.0,Tuesday,0,Initial_Estimation,0,,1,1
2023-02-01,0.0313735244688523,0.0090157729168108,24.00730207093976,23.851684150008392,0.0359193324644686,0.0133677755108468,22.817222705817315,22.608089179921382,0.0103980897352104,0.0145362853223181,-1.5299999999999976,-0.5400000000000027,-0.0008814202993876,0.0034264261246514,-0.0086566148457234,-0.0017516995471129,-0.1299999999999999,-0.0299999999999998,0.0145362853223181,2023-01-31,-0.5400000000000027,2023-01-31,0.0034264261246514,2023-01-31,-0.0017516995471129,2023-01-31,-0.0299999999999998,2023-01-31,1.0,1.0,1.0,1.0,1.0,Wednesday,0,Initial_Estimation,0,,1,1
2023-02-02,-0.0096522774436749,0.0313735244688523,24.191091332588055,24.00730207093976,0.0007640470413404,0.0359193324644686,23.080157381761243,22.817222705817315,0.0145924312176421,0.0103980897352104,0.8599999999999994,-1.5299999999999976,-0.0059832127234186,-0.0008814202993876,0.00525209738738,-0.0086566148457234,0.0099999999999997,-0.1299999999999999,0.0103980897352104,2023-02-01,-1.5299999999999976,2023-02-01,-0.0008814202993876,2023-02-01,-0.0086566148457234,2023-02-01,-0.1299999999999999,2023-02-01,1.0,1.0,1.0,1.0,1.0,Thursday,0,Initial_Estimation,0,,1,1
2023-02-03,-0.0030452186054788,-0.0096522774436749,24.022174498928667,24.191091332588055,0.0124115822094951,0.0007640470413404,22.823675968693184,23.080157381761243,-0.010408643989373,0.0145924312176421,-0.4000000000000021,0.8599999999999994,-0.0282618425537974,-0.0059832127234186,0.0113845804882595,0.00525209738738,0.1299999999999999,0.0099999999999997,0.0145924312176421,2023-02-02,0.8599999999999994,2023-02-02,-0.0059832127234186,2023-02-02,0.00525209738738,2023-02-02,0.0099999999999997,2023-02-02,1.0,1.0,1.0,1.0,1.0,Friday,0,Initial_Estimation,0,,1,1
2023-02-04,0.0015549374737963,-0.0030452186054788,23.473052720546253,24.022174498928667,0.013790263456644,0.0124115822094951,22.488561972582588,22.823675968693184,,,,,,,,,,,-0.010408643989373,2023-02-03,-0.4000000000000021,2023-02-03,-0.0282618425537974,2023-02-03,0.0113845804882595,2023-02-03,0.1299999999999999,2023-02-03,1.0,1.0,1.0,1.0,1.0,Saturday,1,Initial_Estimation,0,,1,1
2023-02-05,-0.0223026467670293,0.0015549374737963,23.69697040240197,23.473052720546253,-0.0348235144743921,0.013790263456644,22.658648845441533,22.488561972582588,,,,,,,,,,,-0.010408643989373,2023-02-03,-0.4000000000000021,2023-02-03,-0.0282618425537974,2023-02-03,0.0113845804882595,2023-02-03,0.1299999999999999,2023-02-03,2.0,2.0,2.0,2.0,2.0,Sunday,1,Initial_Estimation,0,,1,1
2023-02-06,0.0004801396862209,-0.0223026467670293,23.89400156107216,23.69697040240197,0.0097208719966972,-0.0348235144743921,22.65766309282079,22.658648845441533,-0.006159416919169,-0.010408643989373,1.1000000000000014,-0.4000000000000021,0.0017698252343863,-0.0282618425537974,0.0068366071757044,0.0113845804882595,0.1,0.1299999999999999,-0.010408643989373,2023-02-03,-0.4000000000000021,2023-02-03,-0.0282618425537974,2023-02-03,0.0113845804882595,2023-02-03,0.1299999999999999,2023-02-03,3.0,3.0,3.0,3.0,3.0,Monday,0,Initial_Estimation,0,,1,1
2023-02-07,0.0122309767534471,0.0004801396862209,24.026040229640188,23.89400156107216,0.0177846988597059,0.0097208719966972,22.80648491399692,22.65766309282079,0.0127903830409191,-0.006159416919169,-0.7699999999999996,1.1000000000000014,0.0029428310618131,0.0017698252343863,-0.0018739621418513,0.0068366071757044,0.04,0.1,-0.006159416919169,2023-02-06,1.1000000000000014,2023-02-06,0.0017698252343863,2023-02-06,0.0068366071757044,2023-02-06,0.1,2023-02-06,1.0,1.0,1.0,1.0,1.0,Tuesday,0,Initial_Estimation,0,,1,1
2023-02-08,-0.0103305777256266,0.0122309767534471,23.95688712152062,24.026040229640188,-0.0089435529963437,0.0177846988597059,22.77816998129874,22.80648491399692,-0.0111425398110028,0.0127903830409191,0.9699999999999988,-0.7699999999999996,0.00304077120981,0.0029428310618131,-0.0001740509393475,-0.0018739621418513,-0.04,0.04,0.0127903830409191,2023-02-07,-0.7699999999999996,2023-02-07,0.0029428310618131,2023-02-07,-0.0018739621418513,2023-02-07,0.04,2023-02-07,1.0,1.0,1.0,1.0,1.0,Wednesday,0,Initial_Estimation,0,,1,1
2023-02-09,-0.0491240746067781,-0.0103305777256266,24.206736427172142,23.95688712152062,-0.0703225079786716,-0.0089435529963437,23.077016282923857,22.77816998129874,-0.0088690430324459,-0.0111425398110028,1.0800000000000018,0.9699999999999988,-0.0059836022716233,0.00304077120981,-0.0018196781868645,-0.0001740509393475,0.04,-0.04,-0.0111425398110028,2023-02-08,0.9699999999999988,2023-02-08,0.00304077120981,2023-02-08,-0.0001740509393475,2023-02-08,-0.04,2023-02-08,1.0,1.0,1.0,1.0,1.0,Thursday,0,Initial_Estimation,0,,1,1
2023-02-10,-0.0147246165175745,-0.0491240746067781,24.022002442565064,24.206736427172142,-0.0230446122109021,-0.0703225079786716,22.851186529793292,23.077016282923857,0.0021928652588764,-0.0088690430324459,-0.1799999999999997,1.0800000000000018,-0.0018234933150134,-0.0059836022716233,0.0039545424775211,-0.0018196781868645,0.0700000000000002,0.04,-0.0088690430324459,2023-02-09,1.0800000000000018,2023-02-09,-0.0059836022716233,2023-02-09,-0.0018196781868645,2023-02-09,0.04,2023-02-09,1.0,1.0,1.0,1.0,1.0,Friday,0,Initial_Estimation,0,,1,1
2023-02-11,0.0133283039287673,-0.0147246165175745,23.517874471096853,24.022002442565064,0.0197941624125864,-0.0230446122109021,22.34542398624219,22.851186529793292,,,,,,,,,,,0.0021928652588764,2023-02-10,-0.1799999999999997,2023-02-10,-0.0018234933150134,2023-02-10,0.0039545424775211,2023-02-10,0.0700000000000002,2023-02-10,1.0,1.0,1.0,1.0,1.0,Saturday,1,Initial_Estimation,0,,1,1
2023-02-12,-0.0039936705287315,0.0133283039287673,23.60364597814049,23.517874471096853,-0.0159163258245239,0.0197941624125864,22.39468251745632,22.34542398624219,,,,,,,,,,,0.0021928652588764,2023-02-10,-0.1799999999999997,2023-02-10,-0.0018234933150134,2023-02-10,0.0039545424775211,2023-02-10,0.0700000000000002,2023-02-10,2.0,2.0,2.0,2.0,2.0,Sunday,1,Initial_Estimation,0,,1,1
2023-02-13,-0.0050955230549247,-0.0039936705287315,23.89792819805018,23.60364597814049,-0.0168665514476781,-0.0159163258245239,22.960122913794116,22.39468251745632,0.0113835509599289,0.0021928652588764,-0.1900000000000012,-0.1799999999999997,-0.0058686060692318,-0.0018234933150134,-0.0027539575323268,0.0039545424775211,-0.02,0.0700000000000002,0.0021928652588764,2023-02-10,-0.1799999999999997,2023-02-10,-0.0018234933150134,2023-02-10,0.0039545424775211,2023-02-10,0.0700000000000002,2023-02-10,3.0,3.0,3.0,3.0,3.0,Monday,0,Initial_Estimation,0,,1,1
2023-02-14,0.0284454964394883,-0.0050955230549247,24.011391439322384,23.89792819805018,0.0463129405483292,-0.0168665514476781,22.94784344633434,22.960122913794116,-0.0002804160812822,0.0113835509599289,-1.4299999999999995,-0.1900000000000012,0.0011333148745895,-0.0058686060692318,-0.0010843362891884,-0.0027539575323268,0.0499999999999998,-0.02,0.0113835509599289,2023-02-13,-0.1900000000000012,2023-02-13,-0.0058686060692318,2023-02-13,-0.0027539575323268,2023-02-13,-0.02,2023-02-13,1.0,1.0,1.0,1.0,1.0,Tuesday,0,Initial_Estimation,0,,1,1
2023-02-15,0.0829565552662216,0.0284454964394883,24.203992345468205,24.011391439322384,0.0677265481224826,0.0463129405483292,23.02735331639253,22.94784344633434,0.0027692856551893,-0.0002804160812822,-0.6799999999999997,-1.4299999999999995,-0.0107370746218953,0.0011333148745895,0.0066616709313274,-0.0010843362891884,0.04,0.0499999999999998,-0.0002804160812822,2023-02-14,-1.4299999999999995,2023-02-14,0.0011333148745895,2023-02-14,-0.0010843362891884,2023-02-14,0.0499999999999998,2023-02-14,1.0,1.0,1.0,1.0,1.0,Wednesday,0,Initial_Estimation,0,,1,1
2023-02-16,0.014798031836726,0.0829565552662216,24.3949143014656,24.203992345468205,0.0100528572370854,0.0677265481224826,23.265250566292092,23.02735331639253,-0.0138846441726422,0.0027692856551893,1.9400000000000013,-0.6799999999999997,0.0042435453113469,-0.0107370746218953,-0.0006449160148254,0.0066616709313274,0.0499999999999998,0.04,0.0027692856551893,2023-02-15,-0.6799999999999997,2023-02-15,-0.0107370746218953,2023-02-15,0.0066616709313274,2023-02-15,0.04,2023-02-15,1.0,1.0,1.0,1.0,1.0,Thursday,0,Initial_Estimation,0,,1,1
2023-02-17,-0.0021416560121062,0.014798031836726,24.44554262096676,24.3949143014656,0.0065281111409233,0.0100528572370854,23.005897493491148,23.265250566292092,-0.0027712852059047,-0.0138846441726422,-0.1500000000000021,1.9400000000000013,-0.0008689852683103,0.0042435453113469,5.7770631352780654e-05,-0.0006449160148254,-0.04,0.0499999999999998,-0.0138846441726422,2023-02-16,1.9400000000000013,2023-02-16,0.0042435453113469,2023-02-16,-0.0006449160148254,2023-02-16,0.0499999999999998,2023-02-16,1.0,1.0,1.0,1.0,1.0,Friday,0,Initial_Estimation,0,,1,1
2023-02-18,0.0054572617060909,-0.0021416560121062,23.700091866390743,24.44554262096676,-0.0033475903201889,0.0065281111409233,22.426455842361364,23.005897493491148,,,,,,,,,,,-0.0027712852059047,2023-02-17,-0.1500000000000021,2023-02-17,-0.0008689852683103,2023-02-17,5.7770631352780654e-05,2023-02-17,-0.04,2023-02-17,1.0,1.0,1.0,1.0,1.0,Saturday,1,Initial_Estimation,0,,1,1
2023-02-19,-0.0032184221523994,0.0054572617060909,23.96410296416104,23.700091866390743,-0.0009127711534232,-0.0033475903201889,22.663322315654373,22.426455842361364,,,,,,,,,,,-0.0027712852059047,2023-02-17,-0.1500000000000021,2023-02-17,-0.0008689852683103,2023-02-17,5.7770631352780654e-05,2023-02-17,-0.04,2023-02-17,2.0,2.0,2.0,2.0,2.0,Sunday,1,Initial_Estimation,0,,1,1
2023-02-20,0.0089802770216935,-0.0032184221523994,24.09012628158023,23.96410296416104,0.0086496280906482,-0.0009127711534232,22.764954139016776,22.663322315654373,,,1.2100000000000009,-0.1500000000000021,,,-3.851338340539821e-05,5.7770631352780654e-05,,,-0.0027712852059047,2023-02-17,-0.1500000000000021,2023-02-17,-0.0008689852683103,2023-02-17,5.7770631352780654e-05,2023-02-17,-0.04,2023-02-17,3.0,3.0,3.0,3.0,3.0,Monday,0,Initial_Estimation,0,,1,1
2023-02-21,-0.0228639910859691,0.0089802770216935,24.165352369721766,24.09012628158023,-0.0350871207329677,0.0086496280906482,22.88906948423899,22.764954139016776,-0.0202447844141239,-0.0027712852059047,1.6400000000000006,1.2100000000000009,-0.0040289837072367,-0.0008689852683103,0.0030571949554461,-3.851338340539821e-05,0.1300000000000003,-0.04,-0.0027712852059047,2023-02-17,1.2100000000000009,2023-02-20,-0.0008689852683103,2023-02-17,-3.851338340539821e-05,2023-02-20,-0.04,2023-02-17,4.0,1.0,4.0,1.0,4.0,Tuesday,0,Initial_Estimation,0,,1,1
2023-02-22,-0.0166012623434153,-0.0228639910859691,24.131107654737825,24.165352369721766,-0.0140102538434648,-0.0350871207329677,22.941315068586576,22.88906948423899,-0.0015747857327715,-0.0202447844141239,-0.5800000000000018,1.6400000000000006,-0.0005457026056294,-0.0040289837072367,0.0039183614113768,0.0030571949554461,-0.02,0.1300000000000003,-0.0202447844141239,2023-02-21,1.6400000000000006,2023-02-21,-0.0040289837072367,2023-02-21,0.0030571949554461,2023-02-21,0.1300000000000003,2023-02-21,1.0,1.0,1.0,1.0,1.0,Wednesday,0,Initial_Estimation,0,,1,1
2023-02-23,0.0031665172778657,-0.0166012623434153,24.140213990239417,24.131107654737825,0.0156224460130685,-0.0140102538434648,22.921960019106496,22.941315068586576,0.0053152734602749,-0.0015747857327715,-1.1499999999999986,-0.5800000000000018,-0.0076712704966514,-0.0005457026056294,0.0001242930832499,0.0039183614113768,-0.0500000000000002,-0.02,-0.0015747857327715,2023-02-22,-0.5800000000000018,2023-02-22,-0.0005457026056294,2023-02-22,0.0039183614113768,2023-02-22,-0.02,2023-02-22,1.0,1.0,1.0,1.0,1.0,Thursday,0,Initial_Estimation,0,,1,1
2023-02-24,-0.0325743679004299,0.0031665172778657,24.01210587204464,24.140213990239417,-0.026299477204756,0.0156224460130685,22.910342365799064,22.921960019106496,-0.0105934574217271,0.0053152734602749,0.5300000000000011,-1.1499999999999986,-0.0050733267789026,-0.0076712704966514,0.0058719403080475,0.0001242930832499,0.0700000000000002,-0.0500000000000002,0.0053152734602749,2023-02-23,-1.1499999999999986,2023-02-23,-0.0076712704966514,2023-02-23,0.0001242930832499,2023-02-23,-0.0500000000000002,2023-02-23,1.0,1.0,1.0,1.0,1.0,Friday,0,Initial_Estimation,0,,1,1
2023-02-25,-0.0075342733672327,-0.0325743679004299,23.50212992563441,24.01210587204464,-0.0178511516922228,-0.026299477204756,22.45628085318028,22.910342365799064,,,,,,,,,,,-0.0105934574217271,2023-02-24,0.5300000000000011,2023-02-24,-0.0050733267789026,2023-02-24,0.0058719403080475,2023-02-24,0.0700000000000002,2023-02-24,1.0,1.0,1.0,1.0,1.0,Saturday,1,Initial_Estimation,0,,1,1
2023-02-26,0.0266819427813667,-0.0075342733672327,23.535347761773355,23.50212992563441,0.0427819531050548,-0.0178511516922228,22.468626580834403,22.45628085318028,,,,,,,,,,,-0.0105934574217271,2023-02-24,0.5300000000000011,2023-02-24,-0.0050733267789026,2023-02-24,0.0058719403080475,2023-02-24,0.0700000000000002,2023-02-24,2.0,2.0,2.0,2.0,2.0,Sunday,1,Initial_Estimation,0,,1,1
2023-02-27,-0.0075028773839099,0.0266819427813667,23.843900785447328,23.535347761773355,-0.0092955659548686,0.0427819531050548,22.70286282716685,22.468626580834403,0.0030683048311681,-0.0105934574217271,-0.7200000000000024,0.5300000000000011,0.0045231204376497,-0.0050733267789026,-0.0051551663335261,0.0058719403080475,-0.0300000000000002,0.0700000000000002,-0.0105934574217271,2023-02-24,0.5300000000000011,2023-02-24,-0.0050733267789026,2023-02-24,0.0058719403080475,2023-02-24,0.0700000000000002,2023-02-24,3.0,3.0,3.0,3.0,3.0,Monday,0,Initial_Estimation,0,,1,1
2023-02-28,-0.0101588072920765,-0.0075028773839099,23.745414282469564,23.843900785447328,-0.0135965623203959,-0.0092955659548686,22.56756667292059,22.70286282716685,-0.0030405976856194,0.0030683048311681,-0.25,-0.7200000000000024,0.0065279171634006,0.0045231204376497,0.0018707472216708,-0.0051551663335261,0.0,-0.0300000000000002,0.0030683048311681,2023-02-27,-0.7200000000000024,2023-02-27,0.0045231204376497,2023-02-27,-0.0051551663335261,2023-02-27,-0.0300000000000002,2023-02-27,1.0,1.0,1.0,1.0,1.0,Tuesday,0,Initial_Estimation,0,,1,1
2023-03-01,0.0175821059128636,-0.0101588072920765,23.92856354296883,23.745414282469564,0.0314082344765223,-0.0135965623203959,22.764726036255613,22.56756667292059,-0.0047364616152703,-0.0030405976856194,-0.120000000000001,-0.25,0.0048000565715693,0.0065279171634006,-0.0036875734400301,0.0018707472216708,0.0899999999999998,0.0,-0.0030405976856194,2023-02-28,-0.25,2023-02-28,0.0065279171634006,2023-02-28,0.0018707472216708,2023-02-28,0.0,2023-02-28,1.0,1.0,1.0,1.0,1.0,Wednesday,0,Initial_Estimation,0,,1,1
2023-03-02,-0.0062632531529887,0.0175821059128636,23.73813377601525,23.92856354296883,-0.0096733375025564,0.0314082344765223,22.680674047214968,22.764726036255613,0.0075535420169248,-0.0047364616152703,-0.9899999999999984,-0.120000000000001,-0.0022880546197603,0.0048000565715693,0.005193081213813,-0.0036875734400301,0.0700000000000002,0.0899999999999998,-0.0047364616152703,2023-03-01,-0.120000000000001,2023-03-01,0.0048000565715693,2023-03-01,-0.0036875734400301,2023-03-01,0.0899999999999998,2023-03-01,1.0,1.0,1.0,1.0,1.0,Thursday,0,Initial_Estimation,0,,1,1
2023-03-03,-0.0512188462478385,-0.0062632531529887,23.98375967645077,23.73813377601525,-0.0508475536890158,-0.0096733375025564,23.01804455926032,22.680674047214968,0.0160188002574141,0.0075535420169248,-1.1000000000000014,-0.9899999999999984,0.0077148874232907,-0.0022880546197603,-0.0048294518055842,0.005193081213813,-0.1099999999999998,0.0700000000000002,0.0075535420169248,2023-03-02,-0.9899999999999984,2023-03-02,-0.0022880546197603,2023-03-02,0.005193081213813,2023-03-02,0.0700000000000002,2023-03-02,1.0,1.0,1.0,1.0,1.0,Friday,0,Initial_Estimation,0,,1,1
2023-03-04,-0.0015708345894177,-0.0512188462478385,23.136140440291012,23.98375967645077,-0.0020604072259366,-0.0508475536890158,22.202377584122218,23.01804455926032,,,,,,,,,,,0.0160188002574141,2023-03-03,-1.1000000000000014,2023-03-03,0.0077148874232907,2023-03-03,-0.0048294518055842,2023-03-03,-0.1099999999999998,2023-03-03,1.0,1.0,1.0,1.0,1.0,Saturday,1,Initial_Estimation,0,,1,1
2023-03-05,0.012413411999834,-0.0015708345894177,23.312307381600824,23.136140440291012,0.0101390014935038,-0.0020604072259366,22.33687229650271,22.202377584122218,,,,,,,,,,,0.0160188002574141,2023-03-03,-1.1000000000000014,2023-03-03,0.0077148874232907,2023-03-03,-0.0048294518055842,2023-03-03,-0.1099999999999998,2023-03-03,2.0,2.0,2.0,2.0,2.0,Sunday,1,Initial_Estimation,0,,1,1
2023-03-06,-0.0033185255234446,0.012413411999834,23.577042354938367,23.312307381600824,-0.003568246426518,0.0101390014935038,22.38057031478293,22.33687229650271,0.0006869235239955,0.0160188002574141,0.120000000000001,-1.1000000000000014,0.0001082764604962,0.0077148874232907,-0.0016373746303143,-0.0048294518055842,0.0099999999999997,-0.1099999999999998,0.0160188002574141,2023-03-03,-1.1000000000000014,2023-03-03,0.0077148874232907,2023-03-03,-0.0048294518055842,2023-03-03,-0.1099999999999998,2023-03-03,3.0,3.0,3.0,3.0,3.0,Monday,0,Initial_Estimation,0,,1,1
2023-03-07,-0.0160602355532112,-0.0033185255234446,23.848509969537627,23.577042354938367,-0.0104269540586726,-0.003568246426518,22.64810677349361,22.38057031478293,-0.0154456391739597,0.0006869235239955,0.9800000000000004,0.120000000000001,-0.0185706355718125,0.0001082764604962,0.0120497731159963,-0.0016373746303143,-0.0099999999999997,0.0099999999999997,0.0006869235239955,2023-03-06,0.120000000000001,2023-03-06,0.0001082764604962,2023-03-06,-0.0016373746303143,2023-03-06,0.0099999999999997,2023-03-06,1.0,1.0,1.0,1.0,1.0,Tuesday,0,Initial_Estimation,0,,1,1
2023-03-08,-0.0024309263786345,-0.0160602355532112,23.83840541227763,23.848509969537627,0.0013020835172984,-0.0104269540586726,22.687623006502715,22.64810677349361,0.0014138210863556,-0.0154456391739597,-0.4800000000000004,0.9800000000000004,-0.0006618172911648,-0.0185706355718125,0.0004070562787837,0.0120497731159963,0.0099999999999997,-0.0099999999999997,-0.0154456391739597,2023-03-07,0.9800000000000004,2023-03-07,-0.0185706355718125,2023-03-07,0.0120497731159963,2023-03-07,-0.0099999999999997,2023-03-07,1.0,1.0,1.0,1.0,1.0,Wednesday,0,Initial_Estimation,0,,1,1
2023-03-09,-0.0839672047810062,-0.0024309263786345,24.136545406494957,23.83840541227763,-0.0805012516059445,0.0013020835172984,22.97011595249877,22.687623006502715,-0.0186318729452824,0.0014138210863556,3.5,-0.4800000000000004,0.0091159871573076,-0.0006618172911648,-0.0033085773449497,0.0004070562787837,-0.0499999999999998,0.0099999999999997,0.0014138210863556,2023-03-08,-0.4800000000000004,2023-03-08,-0.0006618172911648,2023-03-08,0.0004070562787837,2023-03-08,0.0099999999999997,2023-03-08,1.0,1.0,1.0,1.0,1.0,Thursday,0,Initial_Estimation,0,,1,1
2023-03-10,-0.0065401645916323,-0.0839672047810062,24.40154575631868,24.136545406494957,-0.0042679791916161,-0.0805012516059445,23.262123511991035,22.97011595249877,-0.0145839747501901,-0.0186318729452824,2.1900000000000013,3.5,0.0177177721475145,0.0091159871573076,-0.0069848057755573,-0.0033085773449497,-0.2299999999999999,-0.0499999999999998,-0.0186318729452824,2023-03-09,3.5,2023-03-09,0.0091159871573076,2023-03-09,-0.0033085773449497,2023-03-09,-0.0499999999999998,2023-03-09,1.0,1.0,1.0,1.0,1.0,Friday,0,Initial_Estimation,0,,1,1
2023-03-11,0.0199021347344428,-0.0065401645916323,24.13045483881574,24.40154575631868,0.0339833507887908,-0.0042679791916161,23.425772712436206,23.262123511991035,,,,,,,,,,,-0.0145839747501901,2023-03-10,2.1900000000000013,2023-03-10,0.0177177721475145,2023-03-10,-0.0069848057755573,2023-03-10,-0.2299999999999999,2023-03-10,1.0,1.0,1.0,1.0,1.0,Saturday,1,Initial_Estimation,0,,1,1
2023-03-12,0.0473444289519804,0.0199021347344428,24.100137585640436,24.13045483881574,0.0547910670264664,0.0339833507887908,23.163956294164787,23.425772712436206,,,,,,,,,,,-0.0145839747501901,2023-03-10,2.1900000000000013,2023-03-10,0.0177177721475145,2023-03-10,-0.0069848057755573,2023-03-10,-0.2299999999999999,2023-03-10,2.0,2.0,2.0,2.0,2.0,Sunday,1,Initial_Estimation,0,,1,1
2023-03-13,0.119992890023821,0.0473444289519804,24.624558733871407,24.100137585640436,0.0705315305929229,0.0547910670264664,23.477656789553023,23.163956294164787,-0.001510881613259,-0.0145839747501901,1.7199999999999989,2.1900000000000013,0.02634169415623,0.0177177721475145,-0.009425013685037,-0.0069848057755573,-0.1500000000000003,-0.2299999999999999,-0.0145839747501901,2023-03-10,2.1900000000000013,2023-03-10,0.0177177721475145,2023-03-10,-0.0069848057755573,2023-03-10,-0.2299999999999999,2023-03-10,3.0,3.0,3.0,3.0,3.0,Monday,0,Initial_Estimation,0,,1,1
2023-03-14,0.0163331958705191,0.119992890023821,24.72370678269669,24.624558733871407,0.0195094925107074,0.0705315305929229,23.505791356717587,23.477656789553023,0.0163423808013715,-0.001510881613259,-2.789999999999999,1.7199999999999989,-0.0028811671051432,0.02634169415623,1.930576470189277e-05,-0.009425013685037,0.0900000000000003,-0.1500000000000003,-0.001510881613259,2023-03-13,1.7199999999999989,2023-03-13,0.02634169415623,2023-03-13,-0.009425013685037,2023-03-13,-0.1500000000000003,2023-03-13,1.0,1.0,1.0,1.0,1.0,Tuesday,0,Initial_Estimation,0,,1,1
2023-03-15,-0.0095688421416218,0.0163331958705191,24.499599728113537,24.72370678269669,-0.0314186913663102,0.0195094925107074,23.266074968062476,23.505791356717587,-0.0070053363982352,0.0163423808013715,2.41,-2.789999999999999,0.0106450727633268,-0.0028811671051432,0.0100748536374386,1.930576470189277e-05,-0.1300000000000003,0.0900000000000003,0.0163423808013715,2023-03-14,-2.789999999999999,2023-03-14,-0.0028811671051432,2023-03-14,1.930576470189277e-05,2023-03-14,0.0900000000000003,2023-03-14,1.0,1.0,1.0,1.0,1.0,Wednesday,0,Initial_Estimation,0,,1,1
2023-03-16,0.0142936929195867,-0.0095688421416218,24.245679221461977,24.499599728113537,0.0045398095429498,-0.0314186913663102,22.960243054954475,23.266074968062476,0.0174095512869645,-0.0070053363982352,-3.150000000000002,2.41,-0.003952561643726,0.0106450727633268,-0.0021811511344944,0.0100748536374386,0.0500000000000002,-0.1300000000000003,-0.0070053363982352,2023-03-15,2.41,2023-03-15,0.0106450727633268,2023-03-15,0.0100748536374386,2023-03-15,-0.1300000000000003,2023-03-15,1.0,1.0,1.0,1.0,1.0,Thursday,0,Initial_Estimation,0,,1,1
2023-03-17,0.080435119686541,0.0142936929195867,24.649788440000012,24.245679221461977,0.0498044319467972,0.0045398095429498,23.24638669328944,22.960243054954475,-0.0110805864492273,0.0174095512869645,2.520000000000003,-3.150000000000002,0.0261278225162686,-0.003952561643726,-0.0068228165078368,-0.0021811511344944,-0.1699999999999999,0.0500000000000002,0.0174095512869645,2023-03-16,-3.150000000000002,2023-03-16,-0.003952561643726,2023-03-16,-0.0021811511344944,2023-03-16,0.0500000000000002,2023-03-16,1.0,1.0,1.0,1.0,1.0,Friday,0,Initial_Estimation,0,,1,1
2023-03-18,0.0214820139097278,0.080435119686541,24.29906160661418,24.649788440000012,0.0289187666003219,0.0498044319467972,23.05713854885864,23.24638669328944,,,,,,,,,,,-0.0110805864492273,2023-03-17,2.520000000000003,2023-03-17,0.0261278225162686,2023-03-17,-0.0068228165078368,2023-03-17,-0.1699999999999999,2023-03-17,1.0,1.0,1.0,1.0,1.0,Saturday,1,Initial_Estimation,0,,1,1
2023-03-19,0.0205120581793106,0.0214820139097278,24.3547663815336,24.29906160661418,0.0017521663199775,0.0289187666003219,22.939264786744303,23.05713854885864,,,,,,,,,,,-0.0110805864492273,2023-03-17,2.520000000000003,2023-03-17,0.0261278225162686,2023-03-17,-0.0068228165078368,2023-03-17,-0.1699999999999999,2023-03-17,2.0,2.0,2.0,2.0,2.0,Sunday,1,Initial_Estimation,0,,1,1
2023-03-20,0.0037105793965355,0.0205120581793106,24.52489406861049,24.3547663815336,-0.0208681348650746,0.0017521663199775,23.11918875748168,22.939264786744303,0.0088788249095972,-0.0110805864492273,-1.360000000000003,2.520000000000003,0.0047606584436176,0.0261278225162686,-0.0041258289640111,-0.0068228165078368,0.08,-0.1699999999999999,-0.0110805864492273,2023-03-17,2.520000000000003,2023-03-17,0.0261278225162686,2023-03-17,-0.0068228165078368,2023-03-17,-0.1699999999999999,2023-03-17,3.0,3.0,3.0,3.0,3.0,Monday,0,Initial_Estimation,0,,1,1
2023-03-21,0.0026851382263055,0.0037105793965355,24.309619443653748,24.52489406861049,0.0225007248257653,-0.0208681348650746,23.09897385064741,23.11918875748168,0.0128986355419847,0.0088788249095972,-2.7699999999999996,-1.360000000000003,-0.0210361845168744,0.0047606584436176,-0.0002420873753574,-0.0041258289640111,0.1199999999999996,0.08,0.0088788249095972,2023-03-20,-1.360000000000003,2023-03-20,0.0047606584436176,2023-03-20,-0.0041258289640111,2023-03-20,0.08,2023-03-20,1.0,1.0,1.0,1.0,1.0,Tuesday,0,Initial_Estimation,0,,1,1
2023-03-22,-0.0274734640865047,0.0026851382263055,24.231283325245037,24.309619443653748,-0.0364381331124119,0.0225007248257653,23.247721956738673,23.09897385064741,-0.0166002119224959,0.0128986355419847,0.8800000000000026,-2.7699999999999996,0.0045305105898103,-0.0210361845168744,-0.008852111772097,-0.0002420873753574,-0.1099999999999998,0.1199999999999996,0.0128986355419847,2023-03-21,-2.7699999999999996,2023-03-21,-0.0210361845168744,2023-03-21,-0.0002420873753574,2023-03-21,0.1199999999999996,2023-03-21,1.0,1.0,1.0,1.0,1.0,Wednesday,0,Initial_Estimation,0,,1,1
2023-03-23,0.0337932436597478,-0.0274734640865047,23.91046248114556,24.231283325245037,0.046287981686265,-0.0364381331124119,23.1223392204089,23.247721956738673,0.0029800838470393,-0.0166002119224959,0.3499999999999978,0.8800000000000026,0.0238553660380627,0.0045305105898103,0.0018157152168677,-0.008852111772097,-0.1,-0.1099999999999998,-0.0166002119224959,2023-03-22,0.8800000000000026,2023-03-22,0.0045305105898103,2023-03-22,-0.008852111772097,2023-03-22,-0.1099999999999998,2023-03-22,1.0,1.0,1.0,1.0,1.0,Thursday,0,Initial_Estimation,0,,1,1
2023-03-24,-0.0255404519639118,0.0337932436597478,23.980604817324316,23.91046248114556,-0.0387322959152968,0.046287981686265,23.113281912325096,23.1223392204089,0.0056239581242103,0.0029800838470393,-0.870000000000001,0.3499999999999978,-0.0058855136919059,0.0238553660380627,0.0056796231414288,0.0018157152168677,0.0,-0.1,0.0029800838470393,2023-03-23,0.3499999999999978,2023-03-23,0.0238553660380627,2023-03-23,0.0018157152168677,2023-03-23,-0.1,2023-03-23,1.0,1.0,1.0,1.0,1.0,Friday,0,Initial_Estimation,0,,1,1
2023-03-25,-0.0085852372025268,-0.0255404519639118,23.317251529119137,23.980604817324316,-0.0108237661336637,-0.0387322959152968,22.612501307378324,23.113281912325096,,,,,,,,,,,0.0056239581242103,2023-03-24,-0.870000000000001,2023-03-24,-0.0058855136919059,2023-03-24,0.0056796231414288,2023-03-24,0.0,2023-03-24,1.0,1.0,1.0,1.0,1.0,Saturday,1,Initial_Estimation,0,,1,1
2023-03-26,0.0153689606933266,-0.0085852372025268,23.35359685942288,23.317251529119137,0.0170976624537146,-0.0108237661336637,22.667791214362182,22.612501307378324,,,,,,,,,,,0.0056239581242103,2023-03-24,-0.870000000000001,2023-03-24,-0.0058855136919059,2023-03-24,0.0056796231414288,2023-03-24,0.0,2023-03-24,2.0,2.0,2.0,2.0,2.0,Sunday,1,Initial_Estimation,0,,1,1
2023-03-27,-0.0277481615816516,0.0153689606933266,23.624077089753868,23.35359685942288,-0.0311557065807854,0.0170976624537146,22.873369777676142,22.667791214362182,0.0016455897389303,0.0056239581242103,-1.139999999999997,-0.870000000000001,-0.0150974788690447,-0.0058855136919059,-0.0025148940541519,0.0056796231414288,0.1499999999999999,0.0,0.0056239581242103,2023-03-24,-0.870000000000001,2023-03-24,-0.0058855136919059,2023-03-24,0.0056796231414288,2023-03-24,0.0,2023-03-24,3.0,3.0,3.0,3.0,3.0,Monday,0,Initial_Estimation,0,,1,1
2023-03-28,0.0097136367275965,-0.0277481615816516,23.60154254287676,23.624077089753868,0.0383375736251799,-0.0311557065807854,22.845154856372545,22.873369777676142,-0.0015750808409301,0.0016455897389303,-0.6300000000000026,-1.139999999999997,0.0101916902101823,-0.0150974788690447,-0.0041600356164909,-0.0025148940541519,0.02,0.1499999999999999,0.0016455897389303,2023-03-27,-1.139999999999997,2023-03-27,-0.0150974788690447,2023-03-27,-0.0025148940541519,2023-03-27,0.1499999999999999,2023-03-27,1.0,1.0,1.0,1.0,1.0,Tuesday,0,Initial_Estimation,0,,1,1
2023-03-29,0.0388713922830189,0.0097136367275965,23.752672021724628,23.60154254287676,0.0163694838294353,0.0383375736251799,22.935507858323984,22.845154856372545,0.0141368611458865,-0.0015750808409301,-0.8499999999999979,-0.6300000000000026,-0.0031992150318794,0.0101916902101823,0.0020480818589377,-0.0041600356164909,0.02,0.02,-0.0015750808409301,2023-03-28,-0.6300000000000026,2023-03-28,0.0101916902101823,2023-03-28,-0.0041600356164909,2023-03-28,0.02,2023-03-28,1.0,1.0,1.0,1.0,1.0,Wednesday,0,Initial_Estimation,0,,1,1
2023-03-30,-0.0085597579795878,0.0388713922830189,23.83390367469264,23.752672021724628,-0.0047451914878314,0.0163694838294353,22.99791400141141,22.935507858323984,0.0056989944606091,0.0141368611458865,-0.1000000000000014,-0.8499999999999979,0.0071965003238306,-0.0031992150318794,-0.004844137920092,0.0020480818589377,-0.02,0.02,0.0141368611458865,2023-03-29,-0.8499999999999979,2023-03-29,-0.0031992150318794,2023-03-29,0.0020480818589377,2023-03-29,0.02,2023-03-29,1.0,1.0,1.0,1.0,1.0,Thursday,0,Initial_Estimation,0,,1,1
2023-03-31,0.0085069266611699,-0.0085597579795878,23.667774687250756,23.83390367469264,0.0123987972004828,-0.0047451914878314,22.93695192847182,22.99791400141141,0.0143333328094268,0.0056989944606091,-0.3200000000000003,-0.1000000000000014,-0.0057225733806422,0.0071965003238306,0.0035377510633407,-0.004844137920092,-0.0699999999999998,-0.02,0.0056989944606091,2023-03-30,-0.1000000000000014,2023-03-30,0.0071965003238306,2023-03-30,-0.004844137920092,2023-03-30,-0.02,2023-03-30,1.0,1.0,1.0,1.0,1.0,Friday,0,Initial_Estimation,0,,1,1
2023-04-01,0.0024976267952646,0.0085069266611699,23.10986756809777,23.667774687250756,-0.0002200643697159,0.0123987972004828,22.438224101343835,22.93695192847182,,,,,,,,,,,0.0143333328094268,2023-03-31,-0.3200000000000003,2023-03-31,-0.0057225733806422,2023-03-31,0.0035377510633407,2023-03-31,-0.0699999999999998,2023-03-31,1.0,1.0,1.0,1.0,1.0,Saturday,1,Initial_Estimation,0,,1,1
2023-04-02,-0.0136901214849346,0.0024976267952646,23.231615701184396,23.10986756809777,-0.0157999743138321,-0.0002200643697159,22.54777015830887,22.438224101343835,,,,,,,,,,,0.0143333328094268,2023-03-31,-0.3200000000000003,2023-03-31,-0.0057225733806422,2023-03-31,0.0035377510633407,2023-03-31,-0.0699999999999998,2023-03-31,2.0,2.0,2.0,2.0,2.0,Sunday,1,Initial_Estimation,0,,1,1
2023-04-03,-0.0174031468636835,-0.0136901214849346,23.696573616791376,23.231615701184396,-0.0046278999917892,-0.0157999743138321,22.98958379637748,22.54777015830887,0.0036920936495169,0.0143333328094268,-0.1499999999999985,-0.3200000000000003,0.007538817015696,-0.0057225733806422,-0.0040371708654337,0.0035377510633407,-0.0499999999999998,-0.0699999999999998,0.0143333328094268,2023-03-31,-0.3200000000000003,2023-03-31,-0.0057225733806422,2023-03-31,0.0035377510633407,2023-03-31,-0.0699999999999998,2023-03-31,3.0,3.0,3.0,3.0,3.0,Monday,0,Initial_Estimation,0,,1,1
2023-04-04,0.0241301270860143,-0.0174031468636835,23.450107622321507,23.696573616791376,0.0536001166599154,-0.0046278999917892,23.06491031613894,22.98958379637748,-0.0058139203852082,0.0036920936495169,0.4499999999999993,-0.1499999999999985,0.0191213868564354,0.007538817015696,-0.0049784322110461,-0.0040371708654337,-0.08,-0.0499999999999998,0.0036920936495169,2023-04-03,-0.1499999999999985,2023-04-03,0.007538817015696,2023-04-03,-0.0040371708654337,2023-04-03,-0.0499999999999998,2023-04-03,1.0,1.0,1.0,1.0,1.0,Tuesday,0,Initial_Estimation,0,,1,1
2023-04-05,-0.0037350756874449,0.0241301270860143,23.559551866407215,23.450107622321507,0.0144263757514687,0.0536001166599154,23.057275145488074,23.06491031613894,-0.0024954291924703,-0.0058139203852082,0.0799999999999983,0.4499999999999993,-0.0006430347062673,0.0191213868564354,0.0026150488265348,-0.0049784322110461,-0.0500000000000002,-0.08,-0.0058139203852082,2023-04-04,0.4499999999999993,2023-04-04,0.0191213868564354,2023-04-04,-0.0049784322110461,2023-04-04,-0.08,2023-04-04,1.0,1.0,1.0,1.0,1.0,Wednesday,0,Initial_Estimation,0,,1,1
2023-04-06,-0.0058632916389525,-0.0037350756874449,23.350670492816143,23.559551866407215,-0.0221473903172372,0.0144263757514687,22.83507676993513,23.057275145488074,0.0035727397253701,-0.0024954291924703,-0.6799999999999997,0.0799999999999983,-0.0044634074749701,-0.0006430347062673,-0.0002945884130223,0.0026150488265348,0.0,-0.0500000000000002,-0.0024954291924703,2023-04-05,0.0799999999999983,2023-04-05,-0.0006430347062673,2023-04-05,0.0026150488265348,2023-04-05,-0.0500000000000002,2023-04-05,1.0,1.0,1.0,1.0,1.0,Thursday,0,Initial_Estimation,0,,1,1
2023-04-07,-0.0037397937495494,-0.0058632916389525,23.108506881377775,23.350670492816143,-0.0053783811680785,-0.0221473903172372,22.846261297081742,22.83507676993513,,,,,,,0.0026481767587207,-0.0002945884130223,0.0900000000000003,0.0,0.0035727397253701,2023-04-06,-0.6799999999999997,2023-04-06,-0.0044634074749701,2023-04-06,-0.0002945884130223,2023-04-06,0.0,2023-04-06,1.0,1.0,1.0,1.0,1.0,Friday,0,Initial_Estimation,0,,1,1
2023-04-08,0.0014918680923394,-0.0037397937495494,22.9611263174623,23.108506881377775,0.0008086035857416,-0.0053783811680785,22.335970952853803,22.846261297081742,,,,,,,,,,,0.0035727397253701,2023-04-06,-0.6799999999999997,2023-04-06,-0.0044634074749701,2023-04-06,0.0026481767587207,2023-04-07,0.0900000000000003,2023-04-07,2.0,2.0,2.0,1.0,1.0,Saturday,1,Initial_Estimation,0,,1,1
2023-04-09,0.0073785173084555,0.0014918680923394,23.22267703131275,22.9611263174623,0.0007541072266876,0.0008086035857416,22.57352967635495,22.335970952853803,,,,,,,,,,,0.0035727397253701,2023-04-06,-0.6799999999999997,2023-04-06,-0.0044634074749701,2023-04-06,0.0026481767587207,2023-04-07,0.0900000000000003,2023-04-07,3.0,3.0,3.0,2.0,2.0,Sunday,1,Initial_Estimation,0,,1,1
2023-04-10,0.0348480396582683,0.0073785173084555,23.682458604584365,23.22267703131275,0.0155684665157225,0.0007541072266876,22.849129774581723,22.57352967635495,0.0009958450470119,0.0035727397253701,0.5700000000000003,-0.6799999999999997,-0.0113972984929286,-0.0044634074749701,0.0047491172467025,0.0026481767587207,0.02,0.0900000000000003,0.0035727397253701,2023-04-06,-0.6799999999999997,2023-04-06,-0.0044634074749701,2023-04-06,0.0026481767587207,2023-04-07,0.0900000000000003,2023-04-07,4.0,4.0,4.0,3.0,3.0,Monday,0,Initial_Estimation,0,,1,1
2023-04-11,0.0356552344794392,0.0348480396582683,23.725042796668912,23.682458604584365,0.0044748483881075,0.0155684665157225,22.90675461486003,22.849129774581723,-4.137234502690973e-05,0.0009958450470119,0.1300000000000025,0.5700000000000003,0.0078620666603218,-0.0113972984929286,-0.0036526688461414,0.0047491172467025,0.02,0.02,0.0009958450470119,2023-04-10,0.5700000000000003,2023-04-10,-0.0113972984929286,2023-04-10,0.0047491172467025,2023-04-10,0.02,2023-04-10,1.0,1.0,1.0,1.0,1.0,Tuesday,0,Initial_Estimation,0,,1,1
2023-04-12,-0.0074795907504231,0.0356552344794392,23.64921545896928,23.725042796668912,0.0074400606097263,0.0044748483881075,23.12213465269802,22.90675461486003,-0.0041434586507983,-4.137234502690973e-05,-0.0100000000000015,0.1300000000000025,0.0030380656754726,0.0078620666603218,-0.006912017465102,-0.0036526688461414,-0.02,0.02,-4.137234502690973e-05,2023-04-11,0.1300000000000025,2023-04-11,0.0078620666603218,2023-04-11,-0.0036526688461414,2023-04-11,0.02,2023-04-11,1.0,1.0,1.0,1.0,1.0,Wednesday,0,Initial_Estimation,0,,1,1
2023-04-13,0.010880877259658,-0.0074795907504231,23.584764814513623,23.64921545896928,0.050849758548256,0.0074400606097263,23.252743484870315,23.12213465269802,0.01317544674833,-0.0041434586507983,-1.2899999999999991,-0.0100000000000015,0.015004488526765,0.0030380656754726,-0.004829376679854,-0.006912017465102,0.04,-0.02,-0.0041434586507983,2023-04-12,-0.0100000000000015,2023-04-12,0.0030380656754726,2023-04-12,-0.006912017465102,2023-04-12,-0.02,2023-04-12,1.0,1.0,1.0,1.0,1.0,Thursday,0,Initial_Estimation,0,,1,1
2023-04-14,0.005697927347134,0.010880877259658,23.843866875379433,23.584764814513623,0.0478857537374494,0.050849758548256,23.514314337408607,23.252743484870315,-0.002071498810492,0.01317544674833,-0.7300000000000004,-1.2899999999999991,-0.0193403321015038,0.015004488526765,0.0053415607621262,-0.004829376679854,0.0699999999999998,0.04,0.01317544674833,2023-04-13,-1.2899999999999991,2023-04-13,0.015004488526765,2023-04-13,-0.004829376679854,2023-04-13,0.04,2023-04-13,1.0,1.0,1.0,1.0,1.0,Friday,0,Initial_Estimation,0,,1,1
2023-04-15,-0.0051658446019027,0.005697927347134,23.20321734510599,23.843866875379433,-0.0086273175719871,0.0478857537374494,22.807255539170868,23.514314337408607,,,,,,,,,,,-0.002071498810492,2023-04-14,-0.7300000000000004,2023-04-14,-0.0193403321015038,2023-04-14,0.0053415607621262,2023-04-14,0.0699999999999998,2023-04-14,1.0,1.0,1.0,1.0,1.0,Saturday,1,Initial_Estimation,0,,1,1
2023-04-16,0.0019098645583388,-0.0051658446019027,23.276984396504336,23.20321734510599,0.0163334827878158,-0.0086273175719871,22.789891461469676,22.807255539170868,,,,,,,,,,,-0.002071498810492,2023-04-14,-0.7300000000000004,2023-04-14,-0.0193403321015038,2023-04-14,0.0053415607621262,2023-04-14,0.0699999999999998,2023-04-14,2.0,2.0,2.0,2.0,2.0,Sunday,1,Initial_Estimation,0,,1,1
2023-04-17,-0.0304853956067538,0.0019098645583388,23.606511529196275,23.276984396504336,-0.0220223400787946,0.0163334827878158,22.99010794725019,22.789891461469676,0.0033007789687629,-0.002071498810492,-0.120000000000001,-0.7300000000000004,-0.0040036086885234,-0.0193403321015038,0.0054111251327191,0.0053415607621262,0.08,0.0699999999999998,-0.002071498810492,2023-04-14,-0.7300000000000004,2023-04-14,-0.0193403321015038,2023-04-14,0.0053415607621262,2023-04-14,0.0699999999999998,2023-04-14,3.0,3.0,3.0,3.0,3.0,Monday,0,Initial_Estimation,0,,1,1
2023-04-18,0.0324770595671189,-0.0304853956067538,23.692681316310896,23.606511529196275,0.0077690780184118,-0.0220223400787946,22.935271209579533,22.99010794725019,0.0008547842551524,0.0033007789687629,-0.120000000000001,-0.120000000000001,0.0065974216321085,-0.0040036086885234,-0.003512424630681,0.0054111251327191,-0.02,0.08,0.0033007789687629,2023-04-17,-0.120000000000001,2023-04-17,-0.0040036086885234,2023-04-17,0.0054111251327191,2023-04-17,0.08,2023-04-17,1.0,1.0,1.0,1.0,1.0,Tuesday,0,Initial_Estimation,0,,1,1
2023-04-19,-0.0397903417120372,0.0324770595671189,23.924855734148345,23.692681316310896,-0.0554429236132063,0.0077690780184118,23.346465630010073,22.935271209579533,-8.424204429116194e-05,0.0008547842551524,-0.3699999999999974,-0.120000000000001,-0.0060960930887571,0.0065974216321085,0.0021893555057856,-0.003512424630681,0.02,-0.02,0.0008547842551524,2023-04-18,-0.120000000000001,2023-04-18,0.0065974216321085,2023-04-18,-0.003512424630681,2023-04-18,-0.02,2023-04-18,1.0,1.0,1.0,1.0,1.0,Wednesday,0,Initial_Estimation,0,,1,1
2023-04-20,-0.0360588374878132,-0.0397903417120372,23.78386596927538,23.924855734148345,-0.0216681311629785,-0.0554429236132063,23.15020216156011,23.346465630010073,-0.0059703399458197,-8.424204429116194e-05,0.7100000000000009,-0.3699999999999974,0.0061956951669839,-0.0060960930887571,-0.0012560843227871,0.0021893555057856,-0.06,0.02,-8.424204429116194e-05,2023-04-19,-0.3699999999999974,2023-04-19,-0.0060960930887571,2023-04-19,0.0021893555057856,2023-04-19,0.02,2023-04-19,1.0,1.0,1.0,1.0,1.0,Thursday,0,Initial_Estimation,0,,1,1
2023-04-21,-0.0340966958862672,-0.0360588374878132,23.75627001875482,23.78386596927538,-0.0532247612372977,-0.0216681311629785,23.211855245462782,23.15020216156011,0.0009027859909253,-0.0059703399458197,-0.4000000000000021,0.7100000000000009,-0.014095679073773,0.0061956951669839,-0.0001767634614888,-0.0012560843227871,0.0299999999999998,-0.06,-0.0059703399458197,2023-04-20,0.7100000000000009,2023-04-20,0.0061956951669839,2023-04-20,-0.0012560843227871,2023-04-20,-0.06,2023-04-20,1.0,1.0,1.0,1.0,1.0,Friday,0,Initial_Estimation,0,,1,1
2023-04-22,0.0136609169748734,-0.0340966958862672,23.29784061353405,23.75627001875482,0.0172650633301765,-0.0532247612372977,22.664973270666895,23.211855245462782,,,,,,,,,,,0.0009027859909253,2023-04-21,-0.4000000000000021,2023-04-21,-0.014095679073773,2023-04-21,-0.0001767634614888,2023-04-21,0.0299999999999998,2023-04-21,1.0,1.0,1.0,1.0,1.0,Saturday,1,Initial_Estimation,0,,1,1
2023-04-23,-0.0046601533152525,0.0136609169748734,23.271573394785523,23.29784061353405,-0.0111071912532448,0.0172650633301765,22.611463919058632,22.664973270666895,,,,,,,,,,,0.0009027859909253,2023-04-21,-0.4000000000000021,2023-04-21,-0.014095679073773,2023-04-21,-0.0001767634614888,2023-04-21,0.0299999999999998,2023-04-21,2.0,2.0,2.0,2.0,2.0,Sunday,1,Initial_Estimation,0,,1,1
2023-04-24,-0.0016098010324917,-0.0046601533152525,23.597016240626907,23.271573394785523,-0.004928695850857,-0.0111071912532448,22.856033826144017,22.611463919058632,0.0008512120612239,0.0009027859909253,0.120000000000001,-0.4000000000000021,0.0048379752909055,-0.014095679073773,-0.0046660516808112,-0.0001767634614888,-0.0499999999999998,0.0299999999999998,0.0009027859909253,2023-04-21,-0.4000000000000021,2023-04-21,-0.014095679073773,2023-04-21,-0.0001767634614888,2023-04-21,0.0299999999999998,2023-04-21,3.0,3.0,3.0,3.0,3.0,Monday,0,Initial_Estimation,0,,1,1
2023-04-25,0.0185501953333436,-0.0016098010324917,23.59871418930383,23.597016240626907,0.0111563900368753,-0.004928695850857,22.88397112679556,22.856033826144017,-0.0159371455949679,0.0008512120612239,1.870000000000001,0.120000000000001,0.0024604086846927,0.0048379752909055,0.0050686341051795,-0.0046660516808112,-0.1200000000000001,-0.0499999999999998,0.0008512120612239,2023-04-24,0.120000000000001,2023-04-24,0.0048379752909055,2023-04-24,-0.0046660516808112,2023-04-24,-0.0499999999999998,2023-04-24,1.0,1.0,1.0,1.0,1.0,Tuesday,0,Initial_Estimation,0,,1,1
2023-04-26,0.0156207465210544,0.0185501953333436,24.18443639750566,23.59871418930383,0.0033002887519825,0.0111563900368753,23.387470358463293,22.88397112679556,-0.0038486098771117,-0.0159371455949679,0.0799999999999983,1.870000000000001,-0.0041711993186772,0.0024604086846927,-0.0038951507468888,0.0050686341051795,0.0300000000000002,-0.1200000000000001,-0.0159371455949679,2023-04-25,1.870000000000001,2023-04-25,0.0024604086846927,2023-04-25,0.0050686341051795,2023-04-25,-0.1200000000000001,2023-04-25,1.0,1.0,1.0,1.0,1.0,Wednesday,0,Initial_Estimation,0,,1,1
2023-04-27,0.0417947623745062,0.0156207465210544,24.024769763932287,24.18443639750566,0.0282333789199027,0.0033002887519825,23.36290484064221,23.387470358463293,0.0193771673800021,-0.0038486098771117,-1.8099999999999987,0.0799999999999983,0.0021129262655032,-0.0041711993186772,0.0003547322301572,-0.0038951507468888,0.0999999999999996,0.0300000000000002,-0.0038486098771117,2023-04-26,0.0799999999999983,2023-04-26,-0.0041711993186772,2023-04-26,-0.0038951507468888,2023-04-26,0.0300000000000002,2023-04-26,1.0,1.0,1.0,1.0,1.0,Thursday,0,Initial_Estimation,0,,1,1
2023-04-28,-0.0093233656099714,0.0417947623745062,23.588004346057936,24.024769763932287,-0.0121305704324794,0.0282333789199027,22.763415428225652,23.36290484064221,0.0082193596125703,0.0193771673800021,-1.2500000000000018,-1.8099999999999987,0.000100477975901,0.0021129262655032,0.0015357205644726,0.0003547322301572,-0.0899999999999998,0.0999999999999996,0.0193771673800021,2023-04-27,-1.8099999999999987,2023-04-27,0.0021129262655032,2023-04-27,0.0003547322301572,2023-04-27,0.0999999999999996,2023-04-27,1.0,1.0,1.0,1.0,1.0,Friday,0,Initial_Estimation,0,,1,1
2023-04-29,-0.0037716010588585,-0.0093233656099714,23.09001134832494,23.588004346057936,0.0038410991714675,-0.0121305704324794,22.29118385430097,22.763415428225652,,,,,,,,,,,0.0082193596125703,2023-04-28,-1.2500000000000018,2023-04-28,0.000100477975901,2023-04-28,0.0015357205644726,2023-04-28,-0.0899999999999998,2023-04-28,1.0,1.0,1.0,1.0,1.0,Saturday,1,Initial_Estimation,0,,1,1
2023-04-30,0.0034309261786324,-0.0037716010588585,23.407856282098095,23.09001134832494,-0.0058517122940195,0.0038410991714675,22.60114825428078,22.29118385430097,,,,,,,,,,,0.0082193596125703,2023-04-28,-1.2500000000000018,2023-04-28,0.000100477975901,2023-04-28,0.0015357205644726,2023-04-28,-0.0899999999999998,2023-04-28,2.0,2.0,2.0,2.0,2.0,Sunday,1,Initial_Estimation,0,,1,1
2023-05-01,-0.0588384349770868,0.0034309261786324,23.64941220477483,23.407856282098095,-0.0464883210858244,-0.0058517122940195,22.87802160165427,22.60114825428078,-0.0003862138497272,0.0082193596125703,0.2999999999999989,-1.2500000000000018,-0.0033723203832884,0.000100477975901,0.0048280354811502,0.0015357205644726,0.1499999999999999,-0.0899999999999998,0.0082193596125703,2023-04-28,-1.2500000000000018,2023-04-28,0.000100477975901,2023-04-28,0.0015357205644726,2023-04-28,-0.0899999999999998,2023-04-28,3.0,3.0,3.0,3.0,3.0,Monday,0,Initial_Estimation,0,,1,1
2023-05-02,0.0363672827881594,-0.0588384349770868,23.522552752364373,23.64941220477483,0.0345902826538944,-0.0464883210858244,22.743061637229697,22.87802160165427,-0.011653897528004,-0.0003862138497272,1.7000000000000028,0.2999999999999989,0.0154592086638971,-0.0033723203832884,-0.0018911469608985,0.0048280354811502,-0.1499999999999999,0.1499999999999999,-0.0003862138497272,2023-05-01,0.2999999999999989,2023-05-01,-0.0033723203832884,2023-05-01,0.0048280354811502,2023-05-01,0.1499999999999999,2023-05-01,1.0,1.0,1.0,1.0,1.0,Tuesday,0,Initial_Estimation,0,,1,1
2023-05-03,-0.0058141202283623,0.0363672827881594,23.67415619890861,23.522552752364373,0.0017892197635015,0.0345902826538944,22.840291039680064,22.743061637229697,-0.0070228890905811,-0.011653897528004,0.5599999999999987,1.7000000000000028,0.0070741231818441,0.0154592086638971,-0.0060501608548578,-0.0018911469608985,-0.06,-0.1499999999999999,-0.011653897528004,2023-05-02,1.7000000000000028,2023-05-02,0.0154592086638971,2023-05-02,-0.0018911469608985,2023-05-02,-0.1499999999999999,2023-05-02,1.0,1.0,1.0,1.0,1.0,Wednesday,0,Initial_Estimation,0,,1,1
2023-05-04,0.0123316433635266,-0.0058141202283623,23.467241488937884,23.67415619890861,0.0023451668354099,0.0017892197635015,22.60706320350362,22.840291039680064,-0.0072449062412514,-0.0070228890905811,1.75,0.5599999999999987,0.0095178192524349,0.0070741231818441,0.0005524262503491,-0.0060501608548578,-0.0099999999999997,-0.06,-0.0070228890905811,2023-05-03,0.5599999999999987,2023-05-03,0.0070741231818441,2023-05-03,-0.0060501608548578,2023-05-03,-0.06,2023-05-03,1.0,1.0,1.0,1.0,1.0,Thursday,0,Initial_Estimation,0,,1,1
2023-05-05,0.0219834225229609,0.0123316433635266,23.61010728830372,23.467241488937884,0.0576640355658426,0.0023451668354099,22.974374604066824,22.60706320350362,0.0183061591680684,-0.0072449062412514,-2.8999999999999986,1.75,-0.0150541414369173,0.0095178192524349,-0.0018261419692854,0.0005524262503491,0.0699999999999998,-0.0099999999999997,-0.0072449062412514,2023-05-04,1.75,2023-05-04,0.0095178192524349,2023-05-04,0.0005524262503491,2023-05-04,-0.0099999999999997,2023-05-04,1.0,1.0,1.0,1.0,1.0,Friday,0,Initial_Estimation,0,,1,1
2023-05-06,-0.0230745867994733,0.0219834225229609,23.490456686473944,23.61010728830372,-0.0468096150682489,0.0576640355658426,22.98744715884712,22.974374604066824,,,,,,,,,,,0.0183061591680684,2023-05-05,-2.8999999999999986,2023-05-05,-0.0150541414369173,2023-05-05,-0.0018261419692854,2023-05-05,0.0699999999999998,2023-05-05,1.0,1.0,1.0,1.0,1.0,Saturday,1,Initial_Estimation,0,,1,1
2023-05-07,0.0035117194194289,-0.0230745867994733,23.148188509984013,23.490456686473944,0.0073456440272367,-0.0468096150682489,22.652457324208783,22.98744715884712,,,,,,,,,,,0.0183061591680684,2023-05-05,-2.8999999999999986,2023-05-05,-0.0150541414369173,2023-05-05,-0.0018261419692854,2023-05-05,0.0699999999999998,2023-05-05,2.0,2.0,2.0,2.0,2.0,Sunday,1,Initial_Estimation,0,,1,1
2023-05-08,-0.0494699212968874,0.0035117194194289,23.67415260291308,23.148188509984013,-0.0378499138839766,0.0073456440272367,23.01530581503732,22.652457324208783,0.0004519981658632,0.0183061591680684,-0.2100000000000008,-2.8999999999999986,0.0044019282459867,-0.0150541414369173,0.0016091537647018,-0.0018261419692854,0.08,0.0699999999999998,0.0183061591680684,2023-05-05,-2.8999999999999986,2023-05-05,-0.0150541414369173,2023-05-05,-0.0018261419692854,2023-05-05,0.0699999999999998,2023-05-05,3.0,3.0,3.0,3.0,3.0,Monday,0,Initial_Estimation,0,,1,1
2023-05-09,0.0036499996647609,-0.0494699212968874,23.371466471432623,23.67415260291308,0.0041015751285898,-0.0378499138839766,22.536381642179784,23.01530581503732,-0.004589891663841,0.0004519981658632,0.7300000000000004,-0.2100000000000008,0.0048738077246031,0.0044019282459867,0.0022465055609753,0.0016091537647018,0.0099999999999997,0.08,0.0004519981658632,2023-05-08,-0.2100000000000008,2023-05-08,0.0044019282459867,2023-05-08,0.0016091537647018,2023-05-08,0.08,2023-05-08,1.0,1.0,1.0,1.0,1.0,Tuesday,0,Initial_Estimation,0,,1,1
2023-05-10,0.0080087692540533,0.0036499996647609,23.75127288261077,23.371466471432623,0.0049514397200176,0.0041015751285898,23.020391011978727,22.536381642179784,0.0044738902330266,-0.004589891663841,-0.7699999999999996,0.7300000000000004,-0.0028032335667185,0.0048738077246031,-0.0012605747131686,0.0022465055609753,-0.0999999999999996,0.0099999999999997,-0.004589891663841,2023-05-09,0.7300000000000004,2023-05-09,0.0048738077246031,2023-05-09,0.0022465055609753,2023-05-09,0.0099999999999997,2023-05-09,1.0,1.0,1.0,1.0,1.0,Wednesday,0,Initial_Estimation,0,,1,1
2023-05-11,-0.0318000088695618,0.0080087692540533,23.54013121606279,23.75127288261077,-0.0338162111390601,0.0049514397200176,22.845985751218155,23.020391011978727,-0.0016980602174566,0.0044738902330266,-0.0100000000000015,-0.7699999999999996,-0.0078117914404175,-0.0028032335667185,0.0057091073091845,-0.0012605747131686,-0.04,-0.0999999999999996,0.0044738902330266,2023-05-10,-0.7699999999999996,2023-05-10,-0.0028032335667185,2023-05-10,-0.0012605747131686,2023-05-10,-0.0999999999999996,2023-05-10,1.0,1.0,1.0,1.0,1.0,Thursday,0,Initial_Estimation,0,,1,1
2023-05-12,-0.0209355666054244,-0.0318000088695618,23.684075342578108,23.54013121606279,-0.004512615348177,-0.0338162111390601,22.92572100640926,22.845985751218155,-0.0015845521626198,-0.0016980602174566,0.1000000000000014,-0.0100000000000015,-9.925105453308256e-05,-0.0078117914404175,0.006085815822529,0.0057091073091845,0.0699999999999998,-0.04,-0.0016980602174566,2023-05-11,-0.0100000000000015,2023-05-11,-0.0078117914404175,2023-05-11,0.0057091073091845,2023-05-11,-0.04,2023-05-11,1.0,1.0,1.0,1.0,1.0,Friday,0,Initial_Estimation,0,,1,1
2023-05-13,0.0177361002971444,-0.0209355666054244,23.025768087009077,23.684075342578108,0.0084784720099571,-0.004512615348177,22.25962343509782,22.92572100640926,,,,,,,,,,,-0.0015845521626198,2023-05-12,0.1000000000000014,2023-05-12,-9.925105453308256e-05,2023-05-12,0.006085815822529,2023-05-12,0.0699999999999998,2023-05-12,1.0,1.0,1.0,1.0,1.0,Saturday,1,Initial_Estimation,0,,1,1
2023-05-14,0.0013526869078331,0.0177361002971444,23.02733572298949,23.025768087009077,-0.0026032502580451,0.0084784720099571,22.27321066334843,22.25962343509782,,,,,,,,,,,-0.0015845521626198,2023-05-12,0.1000000000000014,2023-05-12,-9.925105453308256e-05,2023-05-12,0.006085815822529,2023-05-12,0.0699999999999998,2023-05-12,2.0,2.0,2.0,2.0,2.0,Sunday,1,Initial_Estimation,0,,1,1
2023-05-15,0.0146854601520794,0.0013526869078331,23.39141249606612,23.02733572298949,0.0148235860228203,-0.0026032502580451,22.632643786959108,22.27321066334843,0.0029538685652344,-0.0015845521626198,0.0899999999999998,0.1000000000000014,0.0017358962821522,-9.925105453308256e-05,-0.0024084062052212,0.006085815822529,0.04,0.0699999999999998,-0.0015845521626198,2023-05-12,0.1000000000000014,2023-05-12,-9.925105453308256e-05,2023-05-12,0.006085815822529,2023-05-12,0.0699999999999998,2023-05-12,3.0,3.0,3.0,3.0,3.0,Monday,0,Initial_Estimation,0,,1,1
2023-05-16,-0.0146743314617592,0.0146854601520794,23.26740310333769,23.39141249606612,-0.0025880612770157,0.0148235860228203,22.44531068643275,22.632643786959108,-0.0063981358619931,0.0029538685652344,0.8699999999999974,0.0899999999999998,-0.0147766144147917,0.0017358962821522,0.0012683052266507,-0.0024084062052212,0.04,0.04,0.0029538685652344,2023-05-15,0.0899999999999998,2023-05-15,0.0017358962821522,2023-05-15,-0.0024084062052212,2023-05-15,0.04,2023-05-15,1.0,1.0,1.0,1.0,1.0,Tuesday,0,Initial_Estimation,0,,1,1
2023-05-17,0.0139978342287959,-0.0146743314617592,23.44060654235323,23.26740310333769,0.0026044894162282,-0.0025880612770157,22.57206099806772,22.44531068643275,0.0118206601644478,-0.0063981358619931,-1.1199999999999974,0.8699999999999974,-0.0038800145874982,-0.0147766144147917,0.003095706452888,0.0012683052266507,0.0299999999999998,0.04,-0.0063981358619931,2023-05-16,0.8699999999999974,2023-05-16,-0.0147766144147917,2023-05-16,0.0012683052266507,2023-05-16,0.04,2023-05-16,1.0,1.0,1.0,1.0,1.0,Wednesday,0,Initial_Estimation,0,,1,1
2023-05-18,-0.0227160578886712,0.0139978342287959,23.446069245644836,23.44060654235323,-0.0163139357548402,0.0026044894162282,22.459005817924236,22.57206099806772,0.0094007742847056,0.0118206601644478,-0.8200000000000003,-1.1199999999999974,-0.012293130260797,-0.0038800145874982,0.0068001773190646,0.003095706452888,0.08,0.0299999999999998,0.0118206601644478,2023-05-17,-1.1199999999999974,2023-05-17,-0.0038800145874982,2023-05-17,0.003095706452888,2023-05-17,0.0299999999999998,2023-05-17,1.0,1.0,1.0,1.0,1.0,Thursday,0,Initial_Estimation,0,,1,1
2023-05-19,0.0042568350906844,-0.0227160578886712,23.144432162597283,23.446069245644836,0.0086731773858809,-0.0163139357548402,22.29107106363057,22.459005817924236,-0.0014469557460591,0.0094007742847056,0.759999999999998,-0.8200000000000003,0.0112828760710556,-0.012293130260797,-0.0037334047291244,0.0068001773190646,0.0500000000000002,0.08,0.0094007742847056,2023-05-18,-0.8200000000000003,2023-05-18,-0.012293130260797,2023-05-18,0.0068001773190646,2023-05-18,0.08,2023-05-18,1.0,1.0,1.0,1.0,1.0,Friday,0,Initial_Estimation,0,,1,1
2023-05-20,0.007609539317408,0.0042568350906844,22.67557140024487,23.144432162597283,0.0045420214345009,0.0086731773858809,21.805632195226465,22.29107106363057,,,,,,,,,,,-0.0014469557460591,2023-05-19,0.759999999999998,2023-05-19,0.0112828760710556,2023-05-19,-0.0037334047291244,2023-05-19,0.0500000000000002,2023-05-19,1.0,1.0,1.0,1.0,1.0,Saturday,1,Initial_Estimation,0,,1,1
2023-05-21,-0.0056489102087107,0.007609539317408,22.880526491444105,22.67557140024487,-0.007553863835039,0.0045420214345009,21.94314216664656,21.805632195226465,,,,,,,,,,,-0.0014469557460591,2023-05-19,0.759999999999998,2023-05-19,0.0112828760710556,2023-05-19,-0.0037334047291244,2023-05-19,0.0500000000000002,2023-05-19,2.0,2.0,2.0,2.0,2.0,Sunday,1,Initial_Estimation,0,,1,1
2023-05-22,0.0002353743047943,-0.0056489102087107,23.12630879148561,22.880526491444105,0.0063336744993608,-0.007553863835039,22.23505587006463,21.94314216664656,0.000155045971441,-0.0014469557460591,0.4000000000000021,0.759999999999998,-0.0019728866112101,0.0112828760710556,0.0,-0.0037334047291244,0.02,0.0500000000000002,-0.0014469557460591,2023-05-19,0.759999999999998,2023-05-19,0.0112828760710556,2023-05-19,-0.0037334047291244,2023-05-19,0.0500000000000002,2023-05-19,3.0,3.0,3.0,3.0,3.0,Monday,0,Initial_Estimation,0,,1,1
2023-05-23,0.011912295491235,0.0002353743047943,23.34045749879303,23.12630879148561,0.0196432310431208,0.0063336744993608,22.64313222373389,22.23505587006463,-0.0112855155644899,0.000155045971441,1.3200000000000005,0.4000000000000021,-0.0012160643824961,-0.0019728866112101,0.0028061909399321,0.0,-0.02,0.02,0.000155045971441,2023-05-22,0.4000000000000021,2023-05-22,-0.0019728866112101,2023-05-22,0.0,2023-05-22,0.02,2023-05-22,1.0,1.0,1.0,1.0,1.0,Tuesday,0,Initial_Estimation,0,,1,1
2023-05-24,-0.0305255127427645,0.011912295491235,23.514376000182217,23.34045749879303,-0.0274502063899911,0.0196432310431208,22.68359262492376,22.64313222373389,-0.0073455507858671,-0.0112855155644899,1.5,1.3200000000000005,-0.0048790376352979,-0.0012160643824961,0.0038481060143528,0.0028061909399321,0.0299999999999998,-0.02,-0.0112855155644899,2023-05-23,1.3200000000000005,2023-05-23,-0.0012160643824961,2023-05-23,0.0028061909399321,2023-05-23,-0.02,2023-05-23,1.0,1.0,1.0,1.0,1.0,Wednesday,0,Initial_Estimation,0,,1,1
2023-05-25,0.0033175340176726,-0.0305255127427645,23.351632127449715,23.514376000182217,0.0031986214551042,-0.0274502063899911,22.567252392117943,22.68359262492376,0.0087195647855632,-0.0073455507858671,-0.8900000000000006,1.5,-0.0100874268000285,-0.0048790376352979,0.0034976829900493,0.0038481060143528,0.1,0.0299999999999998,-0.0073455507858671,2023-05-24,1.5,2023-05-24,-0.0048790376352979,2023-05-24,0.0038481060143528,2023-05-24,0.0299999999999998,2023-05-24,1.0,1.0,1.0,1.0,1.0,Thursday,0,Initial_Estimation,0,,1,1
2023-05-26,0.0102165336007604,0.0033175340176726,23.265782311751707,23.351632127449715,0.0141159968115603,0.0031986214551042,22.41914090883881,22.567252392117943,0.0129645827353135,0.0087195647855632,-1.1900000000000013,-0.8900000000000006,0.000514509176076,-0.0100874268000285,-0.0004317437236361,0.0034976829900493,-0.0300000000000002,0.1,0.0087195647855632,2023-05-25,-0.8900000000000006,2023-05-25,-0.0100874268000285,2023-05-25,0.0034976829900493,2023-05-25,0.1,2023-05-25,1.0,1.0,1.0,1.0,1.0,Friday,0,Initial_Estimation,0,,1,1
2023-05-27,0.0001033196144613,0.0102165336007604,22.78911734363003,23.265782311751707,-0.0074364013852147,0.0141159968115603,21.891633531364977,22.41914090883881,,,,,,,,,,,0.0129645827353135,2023-05-26,-1.1900000000000013,2023-05-26,0.000514509176076,2023-05-26,-0.0004317437236361,2023-05-26,-0.0300000000000002,2023-05-26,1.0,1.0,1.0,1.0,1.0,Saturday,1,Initial_Estimation,0,,1,1
2023-05-28,0.029472097128301,0.0001033196144613,23.40052891274976,22.78911734363003,0.0163308928674728,-0.0074364013852147,22.573232979876483,21.891633531364977,,,,,,,,,,,0.0129645827353135,2023-05-26,-1.1900000000000013,2023-05-26,0.000514509176076,2023-05-26,-0.0004317437236361,2023-05-26,-0.0300000000000002,2023-05-26,2.0,2.0,2.0,2.0,2.0,Sunday,1,Initial_Estimation,0,,1,1
2023-05-29,0.0047527778285791,0.029472097128301,23.44333083602627,23.40052891274976,0.0226248680310824,0.0163308928674728,22.49561727825371,22.573232979876483,,,-0.4899999999999984,-1.1900000000000013,,,0.0005564349930108,-0.0004317437236361,,,0.0129645827353135,2023-05-26,-1.1900000000000013,2023-05-26,0.000514509176076,2023-05-26,-0.0004317437236361,2023-05-26,-0.0300000000000002,2023-05-26,3.0,3.0,3.0,3.0,3.0,Monday,0,Initial_Estimation,0,,1,1
2023-05-30,0.002838737358379,0.0047527778285791,23.307345035177608,23.44333083602627,0.0051964852518261,0.0226248680310824,22.40287135694144,22.49561727825371,1.6644929182328236e-05,0.0129645827353135,0.0,-0.4899999999999984,0.0071244116218897,0.000514509176076,-0.0009499638480734,0.0005564349930108,-0.1099999999999998,-0.0300000000000002,0.0129645827353135,2023-05-26,-0.4899999999999984,2023-05-29,0.000514509176076,2023-05-26,0.0005564349930108,2023-05-29,-0.0300000000000002,2023-05-26,4.0,1.0,4.0,1.0,4.0,Tuesday,0,Initial_Estimation,0,,1,1
2023-05-31,-0.0238996946601481,0.002838737358379,23.47414379785212,23.307345035177608,-0.0203709765615675,0.0051964852518261,22.51244072702544,22.40287135694144,-0.0061273722329718,1.6644929182328236e-05,0.4800000000000004,0.0,0.0030087604621398,0.0071244116218897,0.0015444314814773,-0.0009499638480734,-0.0499999999999998,-0.1099999999999998,1.6644929182328236e-05,2023-05-30,0.0,2023-05-30,0.0071244116218897,2023-05-30,-0.0009499638480734,2023-05-30,-0.1099999999999998,2023-05-30,1.0,1.0,1.0,1.0,1.0,Wednesday,0,Initial_Estimation,0,,1,1
2023-06-01,-0.0090807953897856,-0.0238996946601481,23.409681722455208,23.47414379785212,0.0019756450694423,-0.0203709765615675,22.453154724607874,22.51244072702544,0.0098062291496653,-0.0061273722329718,-2.290000000000001,0.4800000000000004,0.0071539286300617,0.0030087604621398,-0.0073694569784855,0.0015444314814773,-0.0300000000000002,-0.0499999999999998,-0.0061273722329718,2023-05-31,0.4800000000000004,2023-05-31,0.0030087604621398,2023-05-31,0.0015444314814773,2023-05-31,-0.0499999999999998,2023-05-31,1.0,1.0,1.0,1.0,1.0,Thursday,0,Initial_Estimation,0,,1,1
2023-06-02,0.0113043636332241,-0.0090807953897856,23.420417868137903,23.409681722455208,0.0186316108804732,0.0019756450694423,22.53118503525187,22.453154724607874,0.0144297896521436,0.0098062291496653,-1.0500000000000007,-2.290000000000001,-0.0130268356650233,0.0071539286300617,0.004383964627009,-0.0073694569784855,0.08,-0.0300000000000002,0.0098062291496653,2023-06-01,-2.290000000000001,2023-06-01,0.0071539286300617,2023-06-01,-0.0073694569784855,2023-06-01,-0.0300000000000002,2023-06-01,1.0,1.0,1.0,1.0,1.0,Friday,0,Initial_Estimation,0,,1,1
2023-06-03,0.0008383783176942,0.0113043636332241,22.84978148430444,23.420417868137903,-0.0004883722859154,0.0186316108804732,21.9680757224948,22.53118503525187,,,,,,,,,,,0.0144297896521436,2023-06-02,-1.0500000000000007,2023-06-02,-0.0130268356650233,2023-06-02,0.004383964627009,2023-06-02,0.08,2023-06-02,1.0,1.0,1.0,1.0,1.0,Saturday,1,Initial_Estimation,0,,1,1
2023-06-04,0.0024126416364727,0.0008383783176942,22.959808592557827,22.84978148430444,-0.0006515342811394,-0.0004883722859154,22.044232751408813,21.9680757224948,,,,,,,,,,,0.0144297896521436,2023-06-02,-1.0500000000000007,2023-06-02,-0.0130268356650233,2023-06-02,0.004383964627009,2023-06-02,0.08,2023-06-02,2.0,2.0,2.0,2.0,2.0,Sunday,1,Initial_Estimation,0,,1,1
2023-06-05,-0.0613728088690611,0.0024126416364727,23.791936843639096,22.959808592557827,-0.0524009916118037,-0.0006515342811394,22.947520999867237,22.044232751408813,-0.0020055732655681,0.0144297896521436,0.1300000000000007,-1.0500000000000007,0.0028641465728216,-0.0130268356650233,-0.0001249897846515,0.004383964627009,0.0,0.08,0.0144297896521436,2023-06-02,-1.0500000000000007,2023-06-02,-0.0130268356650233,2023-06-02,0.004383964627009,2023-06-02,0.08,2023-06-02,3.0,3.0,3.0,3.0,3.0,Monday,0,Initial_Estimation,0,,1,1
2023-06-06,0.0497529208497977,-0.0613728088690611,23.81110638298439,23.791936843639096,0.038784971461302,-0.0524009916118037,22.8870958347645,22.947520999867237,0.00235111657749,-0.0020055732655681,-0.7699999999999996,0.1300000000000007,0.0038231217714593,0.0028641465728216,0.0011819707613122,-0.0001249897846515,0.0100000000000002,0.0,-0.0020055732655681,2023-06-05,0.1300000000000007,2023-06-05,0.0028641465728216,2023-06-05,-0.0001249897846515,2023-06-05,0.0,2023-06-05,1.0,1.0,1.0,1.0,1.0,Tuesday,0,Initial_Estimation,0,,1,1
2023-06-07,-0.0219843238716406,0.0497529208497977,23.695219890178468,23.81110638298439,-0.0187429018203103,0.038784971461302,22.79264371629506,22.8870958347645,-0.0038192757067673,0.00235111657749,-0.0200000000000013,-0.7699999999999996,-0.0116679329513364,0.0038231217714593,-0.0002497310601575,0.0011819707613122,0.0899999999999998,0.0100000000000002,0.00235111657749,2023-06-06,-0.7699999999999996,2023-06-06,0.0038231217714593,2023-06-06,0.0011819707613122,2023-06-06,0.0100000000000002,2023-06-06,1.0,1.0,1.0,1.0,1.0,Wednesday,0,Initial_Estimation,0,,1,1
2023-06-08,0.0105468851871767,-0.0219843238716406,23.2002095578515,23.695219890178468,0.005980992376438,-0.0187429018203103,22.235320647376756,22.79264371629506,0.0061695352470969,-0.0038192757067673,-0.2899999999999991,-0.0200000000000013,0.010700777840001,-0.0116679329513364,-0.0072888166040476,-0.0002497310601575,-0.06,0.0899999999999998,-0.0038192757067673,2023-06-07,-0.0200000000000013,2023-06-07,-0.0116679329513364,2023-06-07,-0.0002497310601575,2023-06-07,0.0899999999999998,2023-06-07,1.0,1.0,1.0,1.0,1.0,Thursday,0,Initial_Estimation,0,,1,1
2023-06-09,-0.0074758007344019,0.0105468851871767,23.122573896745628,23.2002095578515,-0.0088515580219149,0.005980992376438,22.251674048405963,22.235320647376756,0.0011474737636884,0.0061695352470969,0.1799999999999997,-0.2899999999999991,-0.0007132429056668,0.010700777840001,0.002068632927145,-0.0072888166040476,0.02,-0.06,0.0061695352470969,2023-06-08,-0.2899999999999991,2023-06-08,0.010700777840001,2023-06-08,-0.0072888166040476,2023-06-08,-0.06,2023-06-08,1.0,1.0,1.0,1.0,1.0,Friday,0,Initial_Estimation,0,,1,1
2023-06-10,-0.0175677835537989,-0.0074758007344019,23.712624501588856,23.122573896745628,-0.0440207510107259,-0.0088515580219149,23.10174662657638,22.251674048405963,,,,,,,,,,,0.0011474737636884,2023-06-09,0.1799999999999997,2023-06-09,-0.0007132429056668,2023-06-09,0.002068632927145,2023-06-09,0.02,2023-06-09,1.0,1.0,1.0,1.0,1.0,Saturday,1,Initial_Estimation,0,,1,1
2023-06-11,0.0017109959669016,-0.0175677835537989,23.09655257026335,23.712624501588856,0.0039690816195845,-0.0440207510107259,22.24039391984038,23.10174662657638,,,,,,,,,,,0.0011474737636884,2023-06-09,0.1799999999999997,2023-06-09,-0.0007132429056668,2023-06-09,0.002068632927145,2023-06-09,0.02,2023-06-09,2.0,2.0,2.0,2.0,2.0,Sunday,1,Initial_Estimation,0,,1,1
2023-06-12,-0.0051804108035031,0.0017109959669016,23.180963147085365,23.09655257026335,-0.0146654719328008,0.0039690816195845,22.52024249925718,22.24039391984038,0.0092779026656844,0.0011474737636884,1.1799999999999995,0.1799999999999997,-0.0035226085404931,-0.0007132429056668,0.0009362438006231,0.002068632927145,-0.02,0.02,0.0011474737636884,2023-06-09,0.1799999999999997,2023-06-09,-0.0007132429056668,2023-06-09,0.002068632927145,2023-06-09,0.02,2023-06-09,3.0,3.0,3.0,3.0,3.0,Monday,0,Initial_Estimation,0,,1,1
2023-06-13,-0.0018746321452321,-0.0051804108035031,23.37251918759828,23.180963147085365,-0.0008514653772427,-0.0146654719328008,22.55009079624985,22.52024249925718,0.0069086648833658,0.0092779026656844,-0.4000000000000003,1.1799999999999995,-0.0054873714836624,-0.0035226085404931,-0.0030532604689052,0.0009362438006231,0.1099999999999998,-0.02,0.0092779026656844,2023-06-12,1.1799999999999995,2023-06-12,-0.0035226085404931,2023-06-12,0.0009362438006231,2023-06-12,-0.02,2023-06-12,1.0,1.0,1.0,1.0,1.0,Tuesday,0,Initial_Estimation,0,,1,1
2023-06-14,-0.0363626290125588,-0.0018746321452321,23.38112513692508,23.37251918759828,-0.0589062554909298,-0.0008514653772427,22.733210657103182,22.55009079624985,0.0008190720692196,0.0069086648833658,-0.7299999999999986,-0.4000000000000003,0.0054873714836623,-0.0054873714836624,-0.0037811627028359,-0.0030532604689052,-0.0099999999999997,0.1099999999999998,0.0069086648833658,2023-06-13,-0.4000000000000003,2023-06-13,-0.0054873714836624,2023-06-13,-0.0030532604689052,2023-06-13,0.1099999999999998,2023-06-13,1.0,1.0,1.0,1.0,1.0,Wednesday,0,Initial_Estimation,0,,1,1
2023-06-15,0.0245316256864796,-0.0363626290125588,23.4856390840035,23.38112513692508,0.0186582167716967,-0.0589062554909298,22.71504554650017,22.733210657103182,0.0121045800636526,0.0008190720692196,0.6199999999999992,-0.7299999999999986,0.0012777594632126,0.0054873714836623,-0.0081243772097072,-0.0037811627028359,-0.1099999999999998,-0.0099999999999997,0.0008190720692196,2023-06-14,-0.7299999999999986,2023-06-14,0.0054873714836623,2023-06-14,-0.0037811627028359,2023-06-14,-0.0099999999999997,2023-06-14,1.0,1.0,1.0,1.0,1.0,Thursday,0,Initial_Estimation,0,,1,1
2023-06-16,0.0327159423256089,0.0245316256864796,23.51594188645394,23.4856390840035,0.0339257189990445,0.0186582167716967,22.560798778510694,22.71504554650017,-0.0036783763376504,0.0121045800636526,-0.9600000000000009,0.6199999999999992,0.0003064070167053,0.0012777594632126,0.0012527037526189,-0.0081243772097072,0.0499999999999998,-0.1099999999999998,0.0121045800636526,2023-06-15,0.6199999999999992,2023-06-15,0.0012777594632126,2023-06-15,-0.0081243772097072,2023-06-15,-0.1099999999999998,2023-06-15,1.0,1.0,1.0,1.0,1.0,Friday,0,Initial_Estimation,0,,1,1
2023-06-17,0.005309262091294,0.0327159423256089,23.12933460192856,23.51594188645394,0.0007874152922232,0.0339257189990445,22.30742439747729,22.560798778510694,,,,,,,,,,,-0.0036783763376504,2023-06-16,-0.9600000000000009,2023-06-16,0.0003064070167053,2023-06-16,0.0012527037526189,2023-06-16,0.0499999999999998,2023-06-16,1.0,1.0,1.0,1.0,1.0,Saturday,1,Initial_Estimation,0,,1,1
2023-06-18,-0.0023394030101373,0.005309262091294,22.981449111426944,23.12933460192856,0.0068348235098795,0.0007874152922232,22.06352642757603,22.30742439747729,,,,,,,,,,,-0.0036783763376504,2023-06-16,-0.9600000000000009,2023-06-16,0.0003064070167053,2023-06-16,0.0012527037526189,2023-06-16,0.0499999999999998,2023-06-16,2.0,2.0,2.0,2.0,2.0,Sunday,1,Initial_Estimation,0,,1,1
2023-06-19,0.0093062402590084,-0.0023394030101373,23.27481708712306,22.981449111426944,-0.00559127605868,0.0068348235098795,22.37393784220859,22.06352642757603,,,0.6500000000000004,-0.9600000000000009,,,0.0027250767724513,0.0012527037526189,,,-0.0036783763376504,2023-06-16,-0.9600000000000009,2023-06-16,0.0003064070167053,2023-06-16,0.0012527037526189,2023-06-16,0.0499999999999998,2023-06-16,3.0,3.0,3.0,3.0,3.0,Monday,0,Initial_Estimation,0,,1,1
2023-06-20,0.0527071023046355,0.0093062402590084,23.823892179003668,23.27481708712306,0.0315042681549452,-0.00559127605868,22.69332107283872,22.37393784220859,-0.0047463803686906,-0.0036783763376504,-0.3099999999999987,0.6500000000000004,-0.0117621347666349,0.0003064070167053,0.0001755566613632,0.0027250767724513,-0.0299999999999998,0.0499999999999998,-0.0036783763376504,2023-06-16,0.6500000000000004,2023-06-19,0.0003064070167053,2023-06-16,0.0027250767724513,2023-06-19,0.0499999999999998,2023-06-16,4.0,1.0,4.0,1.0,4.0,Tuesday,0,Initial_Estimation,0,,1,1
2023-06-21,0.0626430783666657,0.0527071023046355,24.230226482522426,23.823892179003668,0.0515397115394311,0.0315042681549452,23.185539763928176,22.69332107283872,-0.0052590818461865,-0.0047463803686906,-0.6800000000000015,-0.3099999999999987,-0.0011372784228845,-0.0117621347666349,-0.0045843167901383,0.0001755566613632,-0.02,-0.0299999999999998,-0.0047463803686906,2023-06-20,-0.3099999999999987,2023-06-20,-0.0117621347666349,2023-06-20,0.0001755566613632,2023-06-20,-0.0299999999999998,2023-06-20,1.0,1.0,1.0,1.0,1.0,Wednesday,0,Initial_Estimation,0,,1,1
2023-06-22,0.0057914396500481,0.0626430783666657,23.751134195054057,24.230226482522426,0.0043526795192449,0.0515397115394311,22.860699968271184,23.185539763928176,0.0037038857650539,-0.0052590818461865,-0.2899999999999991,-0.6800000000000015,-0.0107125817267063,-0.0011372784228845,0.0030813349431309,-0.0045843167901383,0.0799999999999996,-0.02,-0.0052590818461865,2023-06-21,-0.6800000000000015,2023-06-21,-0.0011372784228845,2023-06-21,-0.0045843167901383,2023-06-21,-0.02,2023-06-21,1.0,1.0,1.0,1.0,1.0,Thursday,0,Initial_Estimation,0,,1,1
2023-06-23,0.0250322068593433,0.0057914396500481,23.90612353045331,23.751134195054057,0.0098034833540318,0.0043526795192449,22.83838999803373,22.860699968271184,-0.0076882748223071,0.0037038857650539,0.5299999999999994,-0.2899999999999991,0.0033404825344688,-0.0107125817267063,0.0050368124254224,0.0030813349431309,-0.0599999999999996,0.0799999999999996,0.0037038857650539,2023-06-22,-0.2899999999999991,2023-06-22,-0.0107125817267063,2023-06-22,0.0030813349431309,2023-06-22,0.0799999999999996,2023-06-22,1.0,1.0,1.0,1.0,1.0,Friday,0,Initial_Estimation,0,,1,1
2023-06-24,-0.0148389767064348,0.0250322068593433,23.22041577223521,23.90612353045331,-0.0059971772149019,0.0098034833540318,22.337928417799617,22.83838999803373,,,,,,,,,,,-0.0076882748223071,2023-06-23,0.5299999999999994,2023-06-23,0.0033404825344688,2023-06-23,0.0050368124254224,2023-06-23,-0.0599999999999996,2023-06-23,1.0,1.0,1.0,1.0,1.0,Saturday,1,Initial_Estimation,0,,1,1
2023-06-25,-0.0005416807006869,-0.0148389767064348,23.26514055809927,23.22041577223521,0.0030293873516072,-0.0059971772149019,22.66021909382348,22.337928417799617,,,,,,,,,,,-0.0076882748223071,2023-06-23,0.5299999999999994,2023-06-23,0.0033404825344688,2023-06-23,0.0050368124254224,2023-06-23,-0.0599999999999996,2023-06-23,2.0,2.0,2.0,2.0,2.0,Sunday,1,Initial_Estimation,0,,1,1
2023-06-26,-0.0095686616408268,-0.0005416807006869,23.52621322330971,23.26514055809927,-0.0263576398425155,0.0030293873516072,22.877316384134648,22.66021909382348,-0.004496875789266,-0.0076882748223071,0.8100000000000005,0.5299999999999994,0.0023940761271535,0.0033404825344688,-0.002052579820327,0.0050368124254224,-0.02,-0.0599999999999996,-0.0076882748223071,2023-06-23,0.5299999999999994,2023-06-23,0.0033404825344688,2023-06-23,0.0050368124254224,2023-06-23,-0.0599999999999996,2023-06-23,3.0,3.0,3.0,3.0,3.0,Monday,0,Initial_Estimation,0,,1,1
2023-06-27,0.0163431344665225,-0.0095686616408268,23.52230343011506,23.52621322330971,0.0221403374059254,-0.0263576398425155,22.762671819836413,22.877316384134648,0.0113906572305121,-0.004496875789266,-0.5099999999999998,0.8100000000000005,-0.0050550965168347,0.0023940761271535,-0.001949470361632,-0.002052579820327,0.0499999999999998,-0.02,-0.004496875789266,2023-06-26,0.8100000000000005,2023-06-26,0.0023940761271535,2023-06-26,-0.002052579820327,2023-06-26,-0.02,2023-06-26,1.0,1.0,1.0,1.0,1.0,Tuesday,0,Initial_Estimation,0,,1,1
2023-06-28,-0.018135041501388,0.0163431344665225,23.40233345658466,23.52230343011506,-0.0331922739937919,0.0221403374059254,22.68831523028283,22.762671819836413,-0.0003540724651995,0.0113906572305121,-0.3100000000000005,-0.5099999999999998,-0.0008885614102553,-0.0050550965168347,0.0040214857724129,-0.001949470361632,-0.06,0.0499999999999998,0.0113906572305121,2023-06-27,-0.5099999999999998,2023-06-27,-0.0050550965168347,2023-06-27,-0.001949470361632,2023-06-27,0.0499999999999998,2023-06-27,1.0,1.0,1.0,1.0,1.0,Wednesday,0,Initial_Estimation,0,,1,1
2023-06-29,0.009536395415758,-0.018135041501388,23.302031676558705,23.40233345658466,0.0098359667021762,-0.0331922739937919,22.45972903018503,22.68831523028283,0.0044635502053141,-0.0003540724651995,0.1099999999999994,-0.3100000000000005,-0.0016224510460784,-0.0008885614102553,0.0042376437374277,0.0040214857724129,0.1400000000000001,-0.06,-0.0003540724651995,2023-06-28,-0.3100000000000005,2023-06-28,-0.0008885614102553,2023-06-28,0.0040214857724129,2023-06-28,-0.06,2023-06-28,1.0,1.0,1.0,1.0,1.0,Thursday,0,Initial_Estimation,0,,1,1
2023-06-30,-0.0001974073836771,0.009536395415758,23.996148905593643,23.302031676558705,0.0412049953853371,0.0098359667021762,23.28011565443653,22.45972903018503,0.0121943632663627,0.0044635502053141,0.0500000000000007,0.1099999999999994,0.0062136453694543,-0.0016224510460784,-0.0041696221454046,0.0042376437374277,-0.04,0.1400000000000001,0.0044635502053141,2023-06-29,0.1099999999999994,2023-06-29,-0.0016224510460784,2023-06-29,0.0042376437374277,2023-06-29,0.1400000000000001,2023-06-29,1.0,1.0,1.0,1.0,1.0,Friday,0,Initial_Estimation,0,,1,1
2023-07-01,0.0063795284954866,-0.0001974073836771,22.930067378743573,23.996148905593643,-0.002124681642609,0.0412049953853371,22.35969802817698,23.28011565443653,,,,,,,,,,,0.0121943632663627,2023-06-30,0.0500000000000007,2023-06-30,0.0062136453694543,2023-06-30,-0.0041696221454046,2023-06-30,-0.04,2023-06-30,1.0,1.0,1.0,1.0,1.0,Saturday,1,Initial_Estimation,0,,1,1
2023-07-02,0.0002124964251387,0.0063795284954866,23.077818710800855,22.930067378743573,-0.0023428968909444,-0.002124681642609,22.57077003910864,22.35969802817698,,,,,,,,,,,0.0121943632663627,2023-06-30,0.0500000000000007,2023-06-30,0.0062136453694543,2023-06-30,-0.0041696221454046,2023-06-30,-0.04,2023-06-30,2.0,2.0,2.0,2.0,2.0,Sunday,1,Initial_Estimation,0,,1,1
2023-07-03,0.0173049459138274,0.0002124964251387,23.44927938490509,23.077818710800855,0.0207123639669332,-0.0023428968909444,22.784862741807533,22.57077003910864,0.0011700018289601,0.0121943632663627,-0.0199999999999995,0.0500000000000007,0.0003122596035431,0.0062136453694543,0.0004857340021864,-0.0041696221454046,0.0499999999999998,-0.04,0.0121943632663627,2023-06-30,0.0500000000000007,2023-06-30,0.0062136453694543,2023-06-30,-0.0041696221454046,2023-06-30,-0.04,2023-06-30,3.0,3.0,3.0,3.0,3.0,Monday,0,Initial_Estimation,0,,1,1
2023-07-04,-0.0101222196212121,0.0173049459138274,23.273556621099697,23.44927938490509,-0.0081872072172828,0.0207123639669332,22.460819665546897,22.784862741807533,,,0.129999999999999,-0.0199999999999995,,,0.0007475692213729,0.0004857340021864,,,0.0011700018289601,2023-07-03,-0.0199999999999995,2023-07-03,0.0003122596035431,2023-07-03,0.0004857340021864,2023-07-03,0.0499999999999998,2023-07-03,1.0,1.0,1.0,1.0,1.0,Tuesday,0,Initial_Estimation,0,,1,1
2023-07-05,-0.0112279001253528,-0.0101222196212121,23.247523181824292,23.273556621099697,-0.016651566365533,-0.0081872072172828,22.520690574030183,22.460819665546897,-0.0019702536362673,0.0011700018289601,0.4800000000000004,0.129999999999999,-0.0010933672637802,0.0003122596035431,0.0032362487792083,0.0007475692213729,0.0900000000000003,0.0499999999999998,0.0011700018289601,2023-07-03,0.129999999999999,2023-07-04,0.0003122596035431,2023-07-03,0.0007475692213729,2023-07-04,0.0499999999999998,2023-07-03,2.0,1.0,2.0,1.0,2.0,Wednesday,0,Initial_Estimation,0,,1,1
2023-07-06,-0.0051496893199535,-0.0112279001253528,23.773922730315263,23.247523181824292,-0.0143656015031766,-0.016651566365533,22.909879695181136,22.520690574030183,-0.0079540652874783,-0.0019702536362673,1.2599999999999998,0.4800000000000004,-0.0056944618118119,-0.0010933672637802,-0.0029451392617527,0.0032362487792083,0.0999999999999996,0.0900000000000003,-0.0019702536362673,2023-07-05,0.4800000000000004,2023-07-05,-0.0010933672637802,2023-07-05,0.0032362487792083,2023-07-05,0.0900000000000003,2023-07-05,1.0,1.0,1.0,1.0,1.0,Thursday,0,Initial_Estimation,0,,1,1
2023-07-07,-0.0015021834002526,-0.0051496893199535,23.31738334193715,23.773922730315263,-0.0093088438766182,-0.0143656015031766,22.590269619947428,22.909879695181136,-0.0028692926136023,-0.0079540652874783,-0.6099999999999994,1.2599999999999998,0.0091267683233349,-0.0056944618118119,-0.0077627361537065,-0.0029451392617527,0.0099999999999997,0.0999999999999996,-0.0079540652874783,2023-07-06,1.2599999999999998,2023-07-06,-0.0056944618118119,2023-07-06,-0.0029451392617527,2023-07-06,0.0999999999999996,2023-07-06,1.0,1.0,1.0,1.0,1.0,Friday,0,Initial_Estimation,0,,1,1
2023-07-08,0.0,-0.0015021834002526,22.739418569473255,23.31738334193715,0.0,-0.0093088438766182,22.181650101395384,22.590269619947428,,,,,,,,,,,-0.0028692926136023,2023-07-07,-0.6099999999999994,2023-07-07,0.0091267683233349,2023-07-07,-0.0077627361537065,2023-07-07,0.0099999999999997,2023-07-07,1.0,1.0,1.0,1.0,1.0,Saturday,1,Initial_Estimation,0,,1,1
2023-07-09,0.0,0.0,22.79054973456371,22.739418569473255,-0.0009115282132484,0.0,22.203247199183124,22.181650101395384,,,,,,,,,,,-0.0028692926136023,2023-07-07,-0.6099999999999994,2023-07-07,0.0091267683233349,2023-07-07,-0.0077627361537065,2023-07-07,0.0099999999999997,2023-07-07,2.0,2.0,2.0,2.0,2.0,Sunday,1,Initial_Estimation,0,,1,1
2023-07-10,0.0166774285761861,0.0,23.4197972275441,22.79054973456371,0.0150142578217296,-0.0009115282132484,22.569587389296206,22.203247199183124,0.0024022317330228,-0.0028692926136023,0.2400000000000002,-0.6099999999999994,-0.0006231570554215,0.0091267683233349,-0.0029376649081182,-0.0077627361537065,-0.0499999999999998,0.0099999999999997,-0.0028692926136023,2023-07-07,-0.6099999999999994,2023-07-07,0.0091267683233349,2023-07-07,-0.0077627361537065,2023-07-07,0.0099999999999997,2023-07-07,3.0,3.0,3.0,3.0,3.0,Monday,0,Initial_Estimation,0,,1,1
2023-07-11,-0.0065192301046671,0.0166774285761861,23.220746365812584,23.4197972275441,-0.0097709403866164,0.0150142578217296,22.313566982318193,22.569587389296206,0.0067195880716203,0.0024022317330228,-0.2300000000000004,0.2400000000000002,0.0032674088391857,-0.0006231570554215,-0.0023563612992259,-0.0029376649081182,-0.0199999999999995,-0.0499999999999998,0.0024022317330228,2023-07-10,0.2400000000000002,2023-07-10,-0.0006231570554215,2023-07-10,-0.0029376649081182,2023-07-10,-0.0499999999999998,2023-07-10,1.0,1.0,1.0,1.0,1.0,Tuesday,0,Initial_Estimation,0,,1,1
2023-07-12,-0.0073096007011082,-0.0065192301046671,23.418275357925957,23.220746365812584,-0.0005551315110295,-0.0097709403866164,22.57627827955631,22.313566982318193,0.0073838175010528,0.0067195880716203,-1.3000000000000007,-0.2300000000000004,0.0128104143346199,0.0032674088391857,-0.0119752436015017,-0.0023563612992259,-0.1300000000000003,-0.0199999999999995,0.0067195880716203,2023-07-11,-0.2300000000000004,2023-07-11,0.0032674088391857,2023-07-11,-0.0023563612992259,2023-07-11,-0.0199999999999995,2023-07-11,1.0,1.0,1.0,1.0,1.0,Wednesday,0,Initial_Estimation,0,,1,1
2023-07-13,0.0326686172744512,-0.0073096007011082,23.88815335167966,23.418275357925957,0.0587701715408378,-0.0005551315110295,23.13154824608463,22.57627827955631,0.0084345092667695,0.0073838175010528,0.0700000000000002,-1.3000000000000007,0.0015324108197861,0.0128104143346199,-0.0074991239694932,-0.0119752436015017,-0.1,-0.1300000000000003,0.0073838175010528,2023-07-12,-1.3000000000000007,2023-07-12,0.0128104143346199,2023-07-12,-0.0119752436015017,2023-07-12,-0.1300000000000003,2023-07-12,1.0,1.0,1.0,1.0,1.0,Thursday,0,Initial_Estimation,0,,1,1
2023-07-14,-0.0376008936555452,0.0326686172744512,23.763871215859112,23.88815335167966,-0.036232653107302,0.0587701715408378,23.086706063634047,23.13154824608463,-0.0010249061954501,0.0084345092667695,-0.2699999999999996,0.0700000000000002,0.000459278160234,0.0015324108197861,0.00144227905052,-0.0074991239694932,0.0700000000000002,-0.1,0.0084345092667695,2023-07-13,0.0700000000000002,2023-07-13,0.0015324108197861,2023-07-13,-0.0074991239694932,2023-07-13,-0.1,2023-07-13,1.0,1.0,1.0,1.0,1.0,Friday,0,Initial_Estimation,0,,1,1
2023-07-15,0.0028763202955938,-0.0376008936555452,22.804164785592597,23.763871215859112,0.0084730851300541,-0.036232653107302,22.200333792656693,23.086706063634047,,,,,,,,,,,-0.0010249061954501,2023-07-14,-0.2699999999999996,2023-07-14,0.000459278160234,2023-07-14,0.00144227905052,2023-07-14,0.0700000000000002,2023-07-14,1.0,1.0,1.0,1.0,1.0,Saturday,1,Initial_Estimation,0,,1,1
2023-07-16,0.0006765509362619,0.0028763202955938,22.865278865247408,22.804164785592597,-0.0001035303862608,0.0084730851300541,22.18867321971568,22.200333792656693,,,,,,,,,,,-0.0010249061954501,2023-07-14,-0.2699999999999996,2023-07-14,0.000459278160234,2023-07-14,0.00144227905052,2023-07-14,0.0700000000000002,2023-07-14,2.0,2.0,2.0,2.0,2.0,Sunday,1,Initial_Estimation,0,,1,1
2023-07-17,-0.0124656158432068,0.0006765509362619,23.30652017545226,22.865278865247408,-0.0216913487738683,-0.0001035303862608,22.62209796897151,22.18867321971568,0.0038479435973795,-0.0010249061954501,0.1400000000000005,-0.2699999999999996,-0.0039360823580764,0.000459278160234,-0.0007208795041751,0.00144227905052,-0.02,0.0700000000000002,-0.0010249061954501,2023-07-14,-0.2699999999999996,2023-07-14,0.000459278160234,2023-07-14,0.00144227905052,2023-07-14,0.0700000000000002,2023-07-14,3.0,3.0,3.0,3.0,3.0,Monday,0,Initial_Estimation,0,,1,1
2023-07-18,-0.0052733542612177,-0.0124656158432068,23.298842924791757,23.30652017545226,0.0022986390030547,-0.0216913487738683,22.483656483224983,22.62209796897151,0.0070920798661324,0.0038479435973795,-0.1799999999999997,0.1400000000000005,0.0126222802195776,-0.0039360823580764,0.0009910753978406,-0.0007208795041751,-0.0100000000000002,-0.02,0.0038479435973795,2023-07-17,0.1400000000000005,2023-07-17,-0.0039360823580764,2023-07-17,-0.0007208795041751,2023-07-17,-0.02,2023-07-17,1.0,1.0,1.0,1.0,1.0,Tuesday,0,Initial_Estimation,0,,1,1
2023-07-19,0.0062082614229217,-0.0052733542612177,23.21883236876689,23.298842924791757,0.0022459716410654,0.0022986390030547,22.51810186869885,22.483656483224983,0.0023550834835142,0.0070920798661324,0.4599999999999991,-0.1799999999999997,0.0001517429045972,0.0126222802195776,0.0033463723122069,0.0009910753978406,-0.0499999999999998,-0.0100000000000002,0.0070920798661324,2023-07-18,-0.1799999999999997,2023-07-18,0.0126222802195776,2023-07-18,0.0009910753978406,2023-07-18,-0.0100000000000002,2023-07-18,1.0,1.0,1.0,1.0,1.0,Wednesday,0,Initial_Estimation,0,,1,1
2023-07-20,-0.0071168932605198,0.0062082614229217,23.40806154413802,23.21883236876689,-0.0055502742021214,0.0022459716410654,22.72025342135053,22.51810186869885,-0.0067798061818515,0.0023550834835142,0.2300000000000004,0.4599999999999991,-0.0046631698156101,0.0001517429045972,0.0060053074748558,0.0033463723122069,0.1,-0.0499999999999998,0.0023550834835142,2023-07-19,0.4599999999999991,2023-07-19,0.0001517429045972,2023-07-19,0.0033463723122069,2023-07-19,-0.0499999999999998,2023-07-19,1.0,1.0,1.0,1.0,1.0,Thursday,0,Initial_Estimation,0,,1,1
2023-07-21,0.0044266758359416,-0.0071168932605198,23.11868439230156,23.40806154413802,0.00343624783035,-0.0055502742021214,22.264030453966544,22.72025342135053,0.0003241023001049,-0.0067798061818515,-0.3900000000000005,0.2300000000000004,-0.0020342782281946,-0.0046631698156101,0.0018915485137397,0.0060053074748558,-0.0100000000000002,0.1,-0.0067798061818515,2023-07-20,0.2300000000000004,2023-07-20,-0.0046631698156101,2023-07-20,0.0060053074748558,2023-07-20,0.1,2023-07-20,1.0,1.0,1.0,1.0,1.0,Friday,0,Initial_Estimation,0,,1,1
2023-07-22,-0.0017081139546186,0.0044266758359416,22.7867432012912,23.11868439230156,-0.0037169555333824,0.00343624783035,22.134571209474583,22.264030453966544,,,,,,,,,,,0.0003241023001049,2023-07-21,-0.3900000000000005,2023-07-21,-0.0020342782281946,2023-07-21,0.0018915485137397,2023-07-21,-0.0100000000000002,2023-07-21,1.0,1.0,1.0,1.0,1.0,Saturday,1,Initial_Estimation,0,,1,1
2023-07-23,0.0101886006307698,-0.0017081139546186,22.94465660649529,22.7867432012912,0.0027295827358056,-0.0037169555333824,22.223023718032703,22.134571209474583,,,,,,,,,,,0.0003241023001049,2023-07-21,-0.3900000000000005,2023-07-21,-0.0020342782281946,2023-07-21,0.0018915485137397,2023-07-21,-0.0100000000000002,2023-07-21,2.0,2.0,2.0,2.0,2.0,Sunday,1,Initial_Estimation,0,,1,1
2023-07-24,-0.0336756014323955,0.0101886006307698,23.45736171174938,22.94465660649529,-0.0227504749959216,0.0027295827358056,22.570834204948813,22.223023718032703,0.0040259740353417,0.0003241023001049,0.3100000000000005,-0.3900000000000005,-0.0020384249531295,-0.0020342782281946,0.0027171647558591,0.0018915485137397,0.02,-0.0100000000000002,0.0003241023001049,2023-07-21,-0.3900000000000005,2023-07-21,-0.0020342782281946,2023-07-21,0.0018915485137397,2023-07-21,-0.0100000000000002,2023-07-21,3.0,3.0,3.0,3.0,3.0,Monday,0,Initial_Estimation,0,,1,1
2023-07-25,0.0030872523839794,-0.0336756014323955,23.052178575184925,23.45736171174938,0.0064319296060814,-0.0227504749959216,22.14959349132347,22.570834204948813,0.0028107581456501,0.0040259740353417,-0.0500000000000007,0.3100000000000005,0.0009177681383586,-0.0020384249531295,2.9601124844992224e-05,0.0027171647558591,0.0500000000000002,0.02,0.0040259740353417,2023-07-24,0.3100000000000005,2023-07-24,-0.0020384249531295,2023-07-24,0.0027171647558591,2023-07-24,0.02,2023-07-24,1.0,1.0,1.0,1.0,1.0,Tuesday,0,Initial_Estimation,0,,1,1
2023-07-26,0.0118151378021405,0.0030872523839794,23.3257743693169,23.052178575184925,0.0094646106917042,0.0064319296060814,22.477937330651937,22.14959349132347,-0.0001554595310223,0.0028107581456501,-0.6699999999999999,-0.0500000000000007,0.0034597077644024,0.0009177681383586,-0.0045689274282619,2.9601124844992224e-05,-0.0500000000000002,0.0500000000000002,0.0028107581456501,2023-07-25,-0.0500000000000007,2023-07-25,0.0009177681383586,2023-07-25,2.9601124844992224e-05,2023-07-25,0.0500000000000002,2023-07-25,1.0,1.0,1.0,1.0,1.0,Wednesday,0,Initial_Estimation,0,,1,1
2023-07-27,-0.0148852314939551,0.0118151378021405,23.100102676193902,23.3257743693169,-0.0116631876096123,0.0094646106917042,22.179864700189583,22.477937330651937,-0.0064454274911412,-0.0001554595310223,1.2200000000000006,-0.6699999999999999,-0.0120073995626593,0.0034597077644024,0.0087437643817558,-0.0045689274282619,0.1499999999999999,-0.0500000000000002,-0.0001554595310223,2023-07-26,-0.6699999999999999,2023-07-26,0.0034597077644024,2023-07-26,-0.0045689274282619,2023-07-26,-0.0500000000000002,2023-07-26,1.0,1.0,1.0,1.0,1.0,Thursday,0,Initial_Estimation,0,,1,1
2023-07-28,0.006891095385328,-0.0148852314939551,23.140827805521052,23.100102676193902,0.009666567887926,-0.0116631876096123,22.058523011932863,22.179864700189583,0.0098294145087675,-0.0064454274911412,-1.08,1.2200000000000006,0.0076809225040289,-0.0120073995626593,-0.0014847958675625,0.0087437643817558,-0.0499999999999998,0.1499999999999999,-0.0064454274911412,2023-07-27,1.2200000000000006,2023-07-27,-0.0120073995626593,2023-07-27,0.0087437643817558,2023-07-27,0.1499999999999999,2023-07-27,1.0,1.0,1.0,1.0,1.0,Friday,0,Initial_Estimation,0,,1,1
2023-07-29,0.0004429603452556,0.006891095385328,22.5922603775078,23.140827805521052,0.004068884012675,0.009666567887926,21.63847687335914,22.058523011932863,,,,,,,,,,,0.0098294145087675,2023-07-28,-1.08,2023-07-28,0.0076809225040289,2023-07-28,-0.0014847958675625,2023-07-28,-0.0499999999999998,2023-07-28,1.0,1.0,1.0,1.0,1.0,Saturday,1,Initial_Estimation,0,,1,1
2023-07-30,-0.370328563333529,0.0004429603452556,22.88410929988111,22.5922603775078,-0.0103133575398285,0.004068884012675,22.11031130266661,21.63847687335914,,,,,,,,,,,0.0098294145087675,2023-07-28,-1.08,2023-07-28,0.0076809225040289,2023-07-28,-0.0014847958675625,2023-07-28,-0.0499999999999998,2023-07-28,2.0,2.0,2.0,2.0,2.0,Sunday,1,Initial_Estimation,0,,1,1
2023-07-31,0.3653253511892223,-0.370328563333529,23.1791539919555,22.88410929988111,-0.0062783153152428,-0.0103133575398285,22.202962494017132,22.11031130266661,0.0014676396864565,0.0098294145087675,0.3000000000000007,-1.08,0.0051387711460531,0.0076809225040289,0.0022901861324816,-0.0014847958675625,0.0100000000000002,-0.0499999999999998,0.0098294145087675,2023-07-28,-1.08,2023-07-28,0.0076809225040289,2023-07-28,-0.0014847958675625,2023-07-28,-0.0499999999999998,2023-07-28,3.0,3.0,3.0,3.0,3.0,Monday,0,Initial_Estimation,0,,1,1
2023-08-01,0.0002209766784455,0.3653253511892223,23.62865714517848,23.1791539919555,-0.001939330377611,-0.0062783153152428,22.755990522143275,22.202962494017132,-0.002668649552448,0.0014676396864565,0.2999999999999989,0.3000000000000007,-0.0152386100770674,0.0051387711460531,0.0043887647712718,0.0022901861324816,0.0799999999999996,0.0100000000000002,0.0014676396864565,2023-07-31,0.3000000000000007,2023-07-31,0.0051387711460531,2023-07-31,0.0022901861324816,2023-07-31,0.0100000000000002,2023-07-31,1.0,1.0,1.0,1.0,1.0,Tuesday,0,Initial_Estimation,0,,1,1
2023-08-02,-0.0032727389522907,0.0002209766784455,23.67883504456818,23.62865714517848,-0.0043949444964813,-0.001939330377611,22.587115308906323,22.755990522143275,-0.013936235197657,-0.002668649552448,2.16,0.2999999999999989,-0.0017018269642495,-0.0152386100770674,0.0028014640588285,0.0043887647712718,0.0300000000000002,0.0799999999999996,-0.002668649552448,2023-08-01,0.2999999999999989,2023-08-01,-0.0152386100770674,2023-08-01,0.0043887647712718,2023-08-01,0.0799999999999996,2023-08-01,1.0,1.0,1.0,1.0,1.0,Wednesday,0,Initial_Estimation,0,,1,1
2023-08-03,0.0055650352096303,-0.0032727389522907,23.27117527814877,23.67883504456818,0.0007057929605111,-0.0043949444964813,22.27307710764126,22.587115308906323,-0.0025512255276715,-0.013936235197657,-0.1699999999999999,2.16,-0.0027911448212779,-0.0017018269642495,-0.0004679913507016,0.0028014640588285,0.1200000000000001,0.0300000000000002,-0.013936235197657,2023-08-02,2.16,2023-08-02,-0.0017018269642495,2023-08-02,0.0028014640588285,2023-08-02,0.0300000000000002,2023-08-02,1.0,1.0,1.0,1.0,1.0,Thursday,0,Initial_Estimation,0,,1,1
2023-08-04,-0.011734997060526,0.0055650352096303,23.211221167115475,23.27117527814877,-0.0118855010484427,0.0007057929605111,22.304559897328637,22.27307710764126,-0.0053140910274567,-0.0025512255276715,1.1800000000000015,-0.1699999999999999,0.0039260178715701,-0.0027911448212779,-0.0051330046853279,-0.0004679913507016,-0.1500000000000003,0.1200000000000001,-0.0025512255276715,2023-08-03,-0.1699999999999999,2023-08-03,-0.0027911448212779,2023-08-03,-0.0004679913507016,2023-08-03,0.1200000000000001,2023-08-03,1.0,1.0,1.0,1.0,1.0,Friday,0,Initial_Estimation,0,,1,1
2023-08-05,0.0030916340977835,-0.011734997060526,22.61008793306737,23.211221167115475,0.0066889881507967,-0.0118855010484427,21.776200524540887,22.304559897328637,,,,,,,,,,,-0.0053140910274567,2023-08-04,1.1800000000000015,2023-08-04,0.0039260178715701,2023-08-04,-0.0051330046853279,2023-08-04,-0.1500000000000003,2023-08-04,1.0,1.0,1.0,1.0,1.0,Saturday,1,Initial_Estimation,0,,1,1
2023-08-06,0.0021334809627269,0.0030916340977835,22.706995579858823,22.61008793306737,-0.0017199725768487,0.0066889881507967,21.809601433132613,21.776200524540887,,,,,,,,,,,-0.0053140910274567,2023-08-04,1.1800000000000015,2023-08-04,0.0039260178715701,2023-08-04,-0.0051330046853279,2023-08-04,-0.1500000000000003,2023-08-04,2.0,2.0,2.0,2.0,2.0,Sunday,1,Initial_Estimation,0,,1,1
2023-08-07,0.0023004301990345,0.0021334809627269,23.334670305524,22.706995579858823,-0.0024622468119375,-0.0017199725768487,22.487633892318883,21.809601433132613,0.0089835839552586,-0.0053140910274567,-1.3300000000000018,1.1800000000000015,-0.0031499215966817,0.0039260178715701,0.0002940254059132,-0.0051330046853279,0.04,-0.1500000000000003,-0.0053140910274567,2023-08-04,1.1800000000000015,2023-08-04,0.0039260178715701,2023-08-04,-0.0051330046853279,2023-08-04,-0.1500000000000003,2023-08-04,3.0,3.0,3.0,3.0,3.0,Monday,0,Initial_Estimation,0,,1,1
2023-08-08,0.0279487901298306,0.0023004301990345,23.589490688378916,23.334670305524,0.0204968542073937,-0.0024622468119375,22.48333775110888,22.487633892318883,-0.004227192022498,0.0089835839552586,0.2200000000000006,-1.3300000000000018,-0.0048735188089433,-0.0031499215966817,0.0047024405363343,0.0002940254059132,-0.0700000000000002,0.04,0.0089835839552586,2023-08-07,-1.3300000000000018,2023-08-07,-0.0031499215966817,2023-08-07,0.0002940254059132,2023-08-07,0.04,2023-08-07,1.0,1.0,1.0,1.0,1.0,Tuesday,0,Initial_Estimation,0,,1,1
2023-08-09,-0.016881429566696,0.0279487901298306,23.634502904187546,23.589490688378916,-0.0064075170763038,0.0204968542073937,22.493134411575102,22.48333775110888,-0.007063636404007,-0.004227192022498,-0.0299999999999993,0.2200000000000006,-0.0045318224046941,-0.0048735188089433,-0.0003706991623678,0.0047024405363343,-0.0199999999999995,-0.0700000000000002,-0.004227192022498,2023-08-08,0.2200000000000006,2023-08-08,-0.0048735188089433,2023-08-08,0.0047024405363343,2023-08-08,-0.0700000000000002,2023-08-08,1.0,1.0,1.0,1.0,1.0,Wednesday,0,Initial_Estimation,0,,1,1
2023-08-10,-0.0020690929350069,-0.016881429566696,23.1968877857461,23.634502904187546,-0.0015406865858971,-0.0064075170763038,22.047765779898583,22.493134411575102,0.0002506562955828,-0.007063636404007,-0.1100000000000012,-0.0299999999999993,-0.0005222204866973,-0.0045318224046941,0.0003316846684783,-0.0003706991623678,0.0899999999999998,-0.0199999999999995,-0.007063636404007,2023-08-09,-0.0299999999999993,2023-08-09,-0.0045318224046941,2023-08-09,-0.0003706991623678,2023-08-09,-0.0199999999999995,2023-08-09,1.0,1.0,1.0,1.0,1.0,Thursday,0,Initial_Estimation,0,,1,1
2023-08-11,-0.0012306163978244,-0.0020690929350069,23.04517973882595,23.1968877857461,-0.0024103902146515,-0.0015406865858971,21.93312879083254,22.047765779898583,-0.0010702036647139,0.0002506562955828,-1.0099999999999998,-0.1100000000000012,-0.0007838424255554,-0.0005222204866973,0.0030969123823603,0.0003316846684783,0.0700000000000002,0.0899999999999998,0.0002506562955828,2023-08-10,-0.1100000000000012,2023-08-10,-0.0005222204866973,2023-08-10,0.0003316846684783,2023-08-10,0.0899999999999998,2023-08-10,1.0,1.0,1.0,1.0,1.0,Friday,0,Initial_Estimation,0,,1,1
2023-08-12,0.0007016216251203,-0.0012306163978244,22.54690471598759,23.04517973882595,0.001463176980274,-0.0024103902146515,21.552308730421597,21.93312879083254,,,,,,,,,,,-0.0010702036647139,2023-08-11,-1.0099999999999998,2023-08-11,-0.0007838424255554,2023-08-11,0.0030969123823603,2023-08-11,0.0700000000000002,2023-08-11,1.0,1.0,1.0,1.0,1.0,Saturday,1,Initial_Estimation,0,,1,1
2023-08-13,-0.0002302477145672,0.0007016216251203,22.71522732546146,22.54690471598759,0.0042365388643465,0.001463176980274,21.83992288883794,21.552308730421597,,,,,,,,,,,-0.0010702036647139,2023-08-11,-1.0099999999999998,2023-08-11,-0.0007838424255554,2023-08-11,0.0030969123823603,2023-08-11,0.0700000000000002,2023-08-11,2.0,2.0,2.0,2.0,2.0,Sunday,1,Initial_Estimation,0,,1,1
2023-08-14,-0.0011309217399761,-0.0002302477145672,23.363300924400644,22.71522732546146,-0.0061879176443904,0.0042365388643465,22.130187172749693,21.83992288883794,0.0057339132747375,-0.0010702036647139,-0.0199999999999995,-1.0099999999999998,-0.0012031118637709,-0.0007838424255554,0.0033781192333127,0.0030969123823603,0.0300000000000002,0.0700000000000002,-0.0010702036647139,2023-08-11,-1.0099999999999998,2023-08-11,-0.0007838424255554,2023-08-11,0.0030969123823603,2023-08-11,0.0700000000000002,2023-08-11,3.0,3.0,3.0,3.0,3.0,Monday,0,Initial_Estimation,0,,1,1
2023-08-15,-0.0067117281037235,-0.0011309217399761,23.260147714390108,23.363300924400644,-0.0082704534701972,-0.0061879176443904,22.223764368997116,22.130187172749693,-0.0116180607363658,0.0057339132747375,1.6400000000000006,-0.0199999999999995,-0.0042485053218494,-0.0012031118637709,0.0001841094196548,0.0033781192333127,0.0199999999999995,0.0300000000000002,0.0057339132747375,2023-08-14,-0.0199999999999995,2023-08-14,-0.0012031118637709,2023-08-14,0.0033781192333127,2023-08-14,0.0300000000000002,2023-08-14,1.0,1.0,1.0,1.0,1.0,Tuesday,0,Initial_Estimation,0,,1,1
2023-08-16,-0.0079699523005101,-0.0067117281037235,23.427928433523544,23.260147714390108,-0.0109024380745031,-0.0082704534701972,22.32800741544743,22.223764368997116,-0.0075841303382103,-0.0116180607363658,0.3200000000000003,1.6400000000000006,-0.0033696785716191,-0.0042485053218494,0.0021486651704421,0.0001841094196548,0.0700000000000002,0.0199999999999995,-0.0116180607363658,2023-08-15,1.6400000000000006,2023-08-15,-0.0042485053218494,2023-08-15,0.0001841094196548,2023-08-15,0.0199999999999995,2023-08-15,1.0,1.0,1.0,1.0,1.0,Wednesday,0,Initial_Estimation,0,,1,1
2023-08-17,-0.0457641822556386,-0.0079699523005101,24.161143888421087,23.427928433523544,-0.051845073160106,-0.0109024380745031,23.37710354462686,22.32800741544743,-0.007742762356125,-0.0075841303382103,1.1099999999999994,0.3200000000000003,-0.0063488918382111,-0.0033696785716191,0.0013622993078009,0.0021486651704421,0.0199999999999995,0.0700000000000002,-0.0075841303382103,2023-08-16,0.3200000000000003,2023-08-16,-0.0033696785716191,2023-08-16,0.0021486651704421,2023-08-16,0.0700000000000002,2023-08-16,1.0,1.0,1.0,1.0,1.0,Thursday,0,Initial_Estimation,0,,1,1
2023-08-18,-0.0587721276130512,-0.0457641822556386,23.90241225890703,24.161143888421087,-0.035455456701632,-0.051845073160106,22.989714252990897,23.37710354462686,-0.0001487402277551,-0.007742762356125,-0.5899999999999999,1.1099999999999994,0.0010609517869105,-0.0063488918382111,-0.0019038696816655,0.0013622993078009,-0.04,0.0199999999999995,-0.007742762356125,2023-08-17,1.1099999999999994,2023-08-17,-0.0063488918382111,2023-08-17,0.0013622993078009,2023-08-17,0.0199999999999995,2023-08-17,1.0,1.0,1.0,1.0,1.0,Friday,0,Initial_Estimation,0,,1,1
2023-08-19,-0.0004268902549186,-0.0587721276130512,23.087081844347917,23.90241225890703,0.0085755933331702,-0.035455456701632,22.306612588076643,22.989714252990897,,,,,,,,,,,-0.0001487402277551,2023-08-18,-0.5899999999999999,2023-08-18,0.0010609517869105,2023-08-18,-0.0019038696816655,2023-08-18,-0.04,2023-08-18,1.0,1.0,1.0,1.0,1.0,Saturday,1,Initial_Estimation,0,,1,1
2023-08-20,0.006846591031776,-0.0004268902549186,22.924546667663655,23.087081844347917,0.0108494563849743,0.0085755933331702,22.13548546404187,22.306612588076643,,,,,,,,,,,-0.0001487402277551,2023-08-18,-0.5899999999999999,2023-08-18,0.0010609517869105,2023-08-18,-0.0019038696816655,2023-08-18,-0.04,2023-08-18,2.0,2.0,2.0,2.0,2.0,Sunday,1,Initial_Estimation,0,,1,1
2023-08-21,-0.0043597606010751,0.006846591031776,23.31639574281292,22.924546667663655,-0.0103828264021121,0.0108494563849743,22.34803529489795,22.13548546404187,0.0068556214812669,-0.0001487402277551,-0.1700000000000017,-0.5899999999999999,0.0038101719353384,0.0010609517869105,-0.0007257772182625,-0.0019038696816655,0.08,-0.04,-0.0001487402277551,2023-08-18,-0.5899999999999999,2023-08-18,0.0010609517869105,2023-08-18,-0.0019038696816655,2023-08-18,-0.04,2023-08-18,3.0,3.0,3.0,3.0,3.0,Monday,0,Initial_Estimation,0,,1,1
2023-08-22,-0.0103085513912297,-0.0043597606010751,23.39767794862923,23.31639574281292,-0.0251958942139786,-0.0103828264021121,22.703525393836767,22.34803529489795,-0.0027812820922299,0.0068556214812669,-0.1600000000000001,-0.1700000000000017,0.0016360008536025,0.0038101719353384,0.002542747051948,-0.0007257772182625,0.0,0.08,0.0068556214812669,2023-08-21,-0.1700000000000017,2023-08-21,0.0038101719353384,2023-08-21,-0.0007257772182625,2023-08-21,0.08,2023-08-21,1.0,1.0,1.0,1.0,1.0,Tuesday,0,Initial_Estimation,0,,1,1
2023-08-23,0.0280532131257066,-0.0103085513912297,23.555612086655543,23.39767794862923,0.032573142922172,-0.0251958942139786,22.69621684251351,22.703525393836767,0.0109843390302714,-0.0027812820922299,-0.9899999999999984,-0.1600000000000001,0.0115862657851445,0.0016360008536025,-0.0013914255658249,0.002542747051948,-0.1499999999999994,0.0,-0.0027812820922299,2023-08-22,-0.1600000000000001,2023-08-22,0.0016360008536025,2023-08-22,0.002542747051948,2023-08-22,0.0,2023-08-22,1.0,1.0,1.0,1.0,1.0,Wednesday,0,Initial_Estimation,0,,1,1
2023-08-24,-0.0217871056497424,0.0280532131257066,23.278283889776088,23.555612086655543,-0.0211381740647533,0.032573142922172,22.353394593859697,22.69621684251351,-0.0135494202074992,0.0109843390302714,1.2199999999999989,-0.9899999999999984,-0.0001564098483359,0.0115862657851445,0.0054291096270406,-0.0013914255658249,0.04,-0.1499999999999994,0.0109843390302714,2023-08-23,-0.9899999999999984,2023-08-23,0.0115862657851445,2023-08-23,-0.0013914255658249,2023-08-23,-0.1499999999999994,2023-08-23,1.0,1.0,1.0,1.0,1.0,Thursday,0,Initial_Estimation,0,,1,1
2023-08-25,0.0010949432011675,-0.0217871056497424,23.241449700279375,23.278283889776088,0.0,-0.0211381740647533,22.409108677210593,22.353394593859697,0.0066955233154781,-0.0135494202074992,-1.5199999999999996,1.2199999999999989,-0.00370824111861,-0.0001564098483359,0.0009132025685215,0.0054291096270406,0.0199999999999995,0.04,-0.0135494202074992,2023-08-24,1.2199999999999989,2023-08-24,-0.0001564098483359,2023-08-24,0.0054291096270406,2023-08-24,0.04,2023-08-24,1.0,1.0,1.0,1.0,1.0,Friday,0,Initial_Estimation,0,,1,1
2023-08-26,-0.0009604118984133,0.0010949432011675,22.520811420283803,23.241449700279375,-0.0013228077001255,0.0,21.608374521593447,22.409108677210593,,,,,,,,,,,0.0066955233154781,2023-08-25,-1.5199999999999996,2023-08-25,-0.00370824111861,2023-08-25,0.0009132025685215,2023-08-25,0.0199999999999995,2023-08-25,1.0,1.0,1.0,1.0,1.0,Saturday,1,Initial_Estimation,0,,1,1
2023-08-27,0.0026164909806449,-0.0009604118984133,22.656780711151654,22.520811420283803,0.0039873765872487,-0.0013228077001255,21.687990490876643,21.608374521593447,,,,,,,,,,,0.0066955233154781,2023-08-25,-1.5199999999999996,2023-08-25,-0.00370824111861,2023-08-25,0.0009132025685215,2023-08-25,0.0199999999999995,2023-08-25,2.0,2.0,2.0,2.0,2.0,Sunday,1,Initial_Estimation,0,,1,1
2023-08-28,-0.0040482557235304,0.0026164909806449,23.12141609232487,22.656780711151654,-0.0044853996888081,0.0039873765872487,22.303396153587983,21.687990490876643,0.0062450565111568,0.0066955233154781,-0.5999999999999996,-1.5199999999999996,0.0035518704503101,-0.00370824111861,-0.0001825738107743,0.0009132025685215,-0.0499999999999998,0.0199999999999995,0.0066955233154781,2023-08-25,-1.5199999999999996,2023-08-25,-0.00370824111861,2023-08-25,0.0009132025685215,2023-08-25,0.0199999999999995,2023-08-25,3.0,3.0,3.0,3.0,3.0,Monday,0,Initial_Estimation,0,,1,1
2023-08-29,0.0597929486998769,-0.0040482557235304,24.103184821107018,23.12141609232487,0.0477742612961414,-0.0044853996888081,23.1485035767934,22.303396153587983,0.0144041079841508,0.0062450565111568,-0.6300000000000008,-0.5999999999999996,0.0096513697844355,0.0035518704503101,-0.0050773512291019,-0.0001825738107743,-0.08,-0.0499999999999998,0.0062450565111568,2023-08-28,-0.5999999999999996,2023-08-28,0.0035518704503101,2023-08-28,-0.0001825738107743,2023-08-28,-0.0499999999999998,2023-08-28,1.0,1.0,1.0,1.0,1.0,Tuesday,0,Initial_Estimation,0,,1,1
2023-08-30,-0.0119449043365295,0.0597929486998769,23.51710559995388,24.103184821107018,-0.0135098975312744,0.0477742612961414,22.33747319546868,23.1485035767934,0.0038258021699069,0.0144041079841508,-0.5699999999999985,-0.6300000000000008,0.0040198202604455,0.0096513697844355,-0.0036189852162819,-0.0050773512291019,0.0,-0.08,0.0144041079841508,2023-08-29,-0.6300000000000008,2023-08-29,0.0096513697844355,2023-08-29,-0.0050773512291019,2023-08-29,-0.08,2023-08-29,1.0,1.0,1.0,1.0,1.0,Wednesday,0,Initial_Estimation,0,,1,1
2023-08-31,-0.0463545934609813,-0.0119449043365295,23.7280074765573,23.51710559995388,-0.0325041739383074,-0.0135098975312744,22.609297599833983,22.33747319546868,-0.0015982216816604,0.0038258021699069,-0.3100000000000005,-0.5699999999999985,-0.0031423581073141,0.0040198202604455,0.0044686111423611,-0.0036189852162819,-0.0300000000000002,0.0,0.0038258021699069,2023-08-30,-0.5699999999999985,2023-08-30,0.0040198202604455,2023-08-30,-0.0036189852162819,2023-08-30,0.0,2023-08-30,1.0,1.0,1.0,1.0,1.0,Thursday,0,Initial_Estimation,0,,1,1
2023-09-01,-0.0101221160858589,-0.0463545934609813,23.568341615119184,23.7280074765573,-0.0131731048309576,-0.0325041739383074,22.53229369427847,22.609297599833983,0.0017975431036151,-0.0015982216816604,-0.4800000000000004,-0.3100000000000005,0.0008252180232353,-0.0031423581073141,0.0059368484014284,0.0044686111423611,0.0899999999999998,-0.0300000000000002,-0.0015982216816604,2023-08-31,-0.3100000000000005,2023-08-31,-0.0031423581073141,2023-08-31,0.0044686111423611,2023-08-31,-0.0300000000000002,2023-08-31,1.0,1.0,1.0,1.0,1.0,Friday,0,Initial_Estimation,0,,1,1
2023-09-02,0.0036599845562751,-0.0101221160858589,23.035839623721124,23.568341615119184,0.0042859442093085,-0.0131731048309576,21.802896100172525,22.53229369427847,,,,,,,,,,,0.0017975431036151,2023-09-01,-0.4800000000000004,2023-09-01,0.0008252180232353,2023-09-01,0.0059368484014284,2023-09-01,0.0899999999999998,2023-09-01,1.0,1.0,1.0,1.0,1.0,Saturday,1,Initial_Estimation,0,,1,1
2023-09-03,0.0073416580672026,0.0036599845562751,22.916317779046928,23.035839623721124,0.0048767037667742,0.0042859442093085,21.87126440350143,21.802896100172525,,,,,,,,,,,0.0017975431036151,2023-09-01,-0.4800000000000004,2023-09-01,0.0008252180232353,2023-09-01,0.0059368484014284,2023-09-01,0.0899999999999998,2023-09-01,2.0,2.0,2.0,2.0,2.0,Sunday,1,Initial_Estimation,0,,1,1
2023-09-04,-0.0072983354800561,0.0073416580672026,23.09169813556431,22.916317779046928,-0.0087756070831459,0.0048767037667742,22.081152727627863,21.87126440350143,,,0.7300000000000004,-0.4800000000000004,,,0.0,0.0059368484014284,,,0.0017975431036151,2023-09-01,-0.4800000000000004,2023-09-01,0.0008252180232353,2023-09-01,0.0059368484014284,2023-09-01,0.0899999999999998,2023-09-01,3.0,3.0,3.0,3.0,3.0,Monday,0,Initial_Estimation,0,,1,1
2023-09-05,-0.0057193097320453,-0.0072983354800561,23.12973696268243,23.09169813556431,0.0007368065909117,-0.0087756070831459,22.208837928992892,22.081152727627863,-0.0042030108696102,0.0017975431036151,0.1899999999999995,0.7300000000000004,-0.0070357753538675,0.0008252180232353,0.0054630044545493,0.0,0.0899999999999998,0.0899999999999998,0.0017975431036151,2023-09-01,0.7300000000000004,2023-09-04,0.0008252180232353,2023-09-01,0.0,2023-09-04,0.0899999999999998,2023-09-01,4.0,1.0,4.0,1.0,4.0,Tuesday,0,Initial_Estimation,0,,1,1
2023-09-06,-0.0015644960573349,-0.0057193097320453,23.269009268553127,23.12973696268243,-0.0010132490849548,0.0007368065909117,22.33017997654332,22.208837928992892,-0.0069959927442528,-0.0042030108696102,0.4399999999999995,0.1899999999999995,-0.004214024777917,-0.0070357753538675,0.0005151000743459,0.0054630044545493,0.0300000000000002,0.0899999999999998,-0.0042030108696102,2023-09-05,0.1899999999999995,2023-09-05,-0.0070357753538675,2023-09-05,0.0054630044545493,2023-09-05,0.0899999999999998,2023-09-05,1.0,1.0,1.0,1.0,1.0,Wednesday,0,Initial_Estimation,0,,1,1
2023-09-07,0.0127757685118356,-0.0015644960573349,23.12915697561936,23.269009268553127,0.0063083963607991,-0.0010132490849548,22.313987751872283,22.33017997654332,-0.0032164682050081,-0.0069959927442528,-0.0499999999999989,0.4399999999999995,-0.0003128457579778,-0.004214024777917,0.0018864334862556,0.0005151000743459,-0.0300000000000002,0.0300000000000002,-0.0069959927442528,2023-09-06,0.4399999999999995,2023-09-06,-0.004214024777917,2023-09-06,0.0005151000743459,2023-09-06,0.0300000000000002,2023-09-06,1.0,1.0,1.0,1.0,1.0,Thursday,0,Initial_Estimation,0,,1,1
2023-09-08,-0.0038385980218866,0.0127757685118356,23.104417755188976,23.12915697561936,-0.0008551185470986,0.0063083963607991,22.248995020856725,22.313987751872283,0.0014255841976643,-0.0032164682050081,-0.5600000000000005,-0.0499999999999989,0.0004692637581011,-0.0003128457579778,0.0002950287674446,0.0018864334862556,-0.0099999999999997,-0.0300000000000002,-0.0032164682050081,2023-09-07,-0.0499999999999989,2023-09-07,-0.0003128457579778,2023-09-07,0.0018864334862556,2023-09-07,-0.0300000000000002,2023-09-07,1.0,1.0,1.0,1.0,1.0,Friday,0,Initial_Estimation,0,,1,1
2023-09-09,-0.0015034907636074,-0.0038385980218866,22.424610714267175,23.104417755188976,-0.0018777165884419,-0.0008551185470986,21.456415032094935,22.248995020856725,,,,,,,,,,,0.0014255841976643,2023-09-08,-0.5600000000000005,2023-09-08,0.0004692637581011,2023-09-08,0.0002950287674446,2023-09-08,-0.0099999999999997,2023-09-08,1.0,1.0,1.0,1.0,1.0,Saturday,1,Initial_Estimation,0,,1,1
2023-09-10,-0.0016643769203759,-0.0015034907636074,22.790072018489777,22.424610714267175,-0.0091266984889497,-0.0018777165884419,22.19102495929607,21.456415032094935,,,,,,,,,,,0.0014255841976643,2023-09-08,-0.5600000000000005,2023-09-08,0.0004692637581011,2023-09-08,0.0002950287674446,2023-09-08,-0.0099999999999997,2023-09-08,2.0,2.0,2.0,2.0,2.0,Sunday,1,Initial_Estimation,0,,1,1
2023-09-11,-0.0285074065966566,-0.0016643769203759,23.404287808605808,22.790072018489777,-0.0489291837111693,-0.0091266984889497,22.76366776906272,22.19102495929607,0.0067010127829867,0.0014255841976643,-0.0399999999999991,-0.5600000000000005,0.0025509680494884,0.0004692637581011,-0.0049699852849049,0.0002950287674446,0.0300000000000002,-0.0099999999999997,0.0014255841976643,2023-09-08,-0.5600000000000005,2023-09-08,0.0004692637581011,2023-09-08,0.0002950287674446,2023-09-08,-0.0099999999999997,2023-09-08,3.0,3.0,3.0,3.0,3.0,Monday,0,Initial_Estimation,0,,1,1
2023-09-12,0.0385913961025086,-0.0285074065966566,23.649502219163033,23.404287808605808,0.0363456309710641,-0.0489291837111693,22.64221870147659,22.76366776906272,-0.0057121558411206,0.0067010127829867,0.4299999999999997,-0.0399999999999991,-0.0062588217113738,0.0025509680494884,0.0013570338473965,-0.0049699852849049,-0.0200000000000004,0.0300000000000002,0.0067010127829867,2023-09-11,-0.0399999999999991,2023-09-11,0.0025509680494884,2023-09-11,-0.0049699852849049,2023-09-11,0.0300000000000002,2023-09-11,1.0,1.0,1.0,1.0,1.0,Tuesday,0,Initial_Estimation,0,,1,1
2023-09-13,0.0058313383702074,0.0385913961025086,23.29374427085451,23.649502219163033,0.0034663162195941,0.0363456309710641,22.32858911707935,22.64221870147659,0.0012408533465711,-0.0057121558411206,-0.75,0.4299999999999997,-0.0011517503252711,-0.0062588217113738,0.0005251173280489,0.0013570338473965,-0.0199999999999995,-0.0200000000000004,-0.0057121558411206,2023-09-12,0.4299999999999997,2023-09-12,-0.0062588217113738,2023-09-12,0.0013570338473965,2023-09-12,-0.0200000000000004,2023-09-12,1.0,1.0,1.0,1.0,1.0,Wednesday,0,Initial_Estimation,0,,1,1
2023-09-14,0.0131386159389562,0.0058313383702074,23.348757215455567,23.29374427085451,0.0150799381337972,0.0034663162195941,22.43507233321076,22.32858911707935,0.0083945507411118,0.0012408533465711,-0.6600000000000001,-0.75,0.0004713280283196,-0.0011517503252711,0.0060807815442252,0.0005251173280489,0.04,-0.0199999999999995,0.0012408533465711,2023-09-13,-0.75,2023-09-13,-0.0011517503252711,2023-09-13,0.0005251173280489,2023-09-13,-0.0199999999999995,2023-09-13,1.0,1.0,1.0,1.0,1.0,Thursday,0,Initial_Estimation,0,,1,1
2023-09-15,-0.0059489866180908,0.0131386159389562,23.163849212590403,23.348757215455567,-0.0037040269758516,0.0150799381337972,22.193116289112464,22.43507233321076,-0.0122340846671076,0.0083945507411118,0.9699999999999988,-0.6600000000000001,0.0071471474890586,0.0004713280283196,-0.0007877491189276,0.0060807815442252,0.04,0.04,0.0083945507411118,2023-09-14,-0.6600000000000001,2023-09-14,0.0004713280283196,2023-09-14,0.0060807815442252,2023-09-14,0.04,2023-09-14,1.0,1.0,1.0,1.0,1.0,Friday,0,Initial_Estimation,0,,1,1
2023-09-16,0.0048228588889812,-0.0059489866180908,22.725020315294778,23.163849212590403,0.0078593104022408,-0.0037040269758516,21.759852330801024,22.193116289112464,,,,,,,,,,,-0.0122340846671076,2023-09-15,0.9699999999999988,2023-09-15,0.0071471474890586,2023-09-15,-0.0007877491189276,2023-09-15,0.04,2023-09-15,1.0,1.0,1.0,1.0,1.0,Saturday,1,Initial_Estimation,0,,1,1
2023-09-17,-0.0037776919809587,0.0048228588889812,22.63638869065173,22.725020315294778,-0.0107298156373117,0.0078593104022408,21.83272450967755,21.759852330801024,,,,,,,,,,,-0.0122340846671076,2023-09-15,0.9699999999999988,2023-09-15,0.0071471474890586,2023-09-15,-0.0007877491189276,2023-09-15,0.04,2023-09-15,2.0,2.0,2.0,2.0,2.0,Sunday,1,Initial_Estimation,0,,1,1
2023-09-18,0.0124655620521906,-0.0037776919809587,23.471519579286063,22.63638869065173,0.0121965844258722,-0.0107298156373117,22.501040436987516,21.83272450967755,0.0007210364368383,-0.0122340846671076,0.2100000000000008,0.9699999999999988,0.0040465135766017,0.0071471474890586,-0.001140012663604,-0.0007877491189276,-0.0099999999999997,0.04,-0.0122340846671076,2023-09-15,0.9699999999999988,2023-09-15,0.0071471474890586,2023-09-15,-0.0007877491189276,2023-09-15,0.04,2023-09-15,3.0,3.0,3.0,3.0,3.0,Monday,0,Initial_Estimation,0,,1,1
2023-09-19,0.0152292399693488,0.0124655620521906,23.34849156011515,23.471519579286063,0.0032619493903242,0.0121965844258722,22.206203321152337,22.501040436987516,-0.0021534195529618,0.0007210364368383,0.1099999999999994,0.2100000000000008,0.0002588326661272,0.0040465135766017,-0.0004278400323867,-0.001140012663604,0.0499999999999998,-0.0099999999999997,0.0007210364368383,2023-09-18,0.2100000000000008,2023-09-18,0.0040465135766017,2023-09-18,-0.001140012663604,2023-09-18,-0.0099999999999997,2023-09-18,1.0,1.0,1.0,1.0,1.0,Tuesday,0,Initial_Estimation,0,,1,1
2023-09-20,-0.0034774717173813,0.0152292399693488,23.309609059086544,23.34849156011515,-0.0111096951325475,0.0032619493903242,22.363510701678983,22.206203321152337,-0.0094392046231101,-0.0021534195529618,1.0300000000000011,0.1099999999999994,0.0070146644510382,0.0002588326661272,-0.0003519167610518,-0.0004278400323867,-0.0200000000000004,0.0499999999999998,-0.0021534195529618,2023-09-19,0.1099999999999994,2023-09-19,0.0002588326661272,2023-09-19,-0.0004278400323867,2023-09-19,0.0499999999999998,2023-09-19,1.0,1.0,1.0,1.0,1.0,Wednesday,0,Initial_Estimation,0,,1,1
2023-09-21,-0.0184155131619148,-0.0034774717173813,23.31638720338255,23.309609059086544,-0.0226659230610324,-0.0111096951325475,22.37033325723785,22.363510701678983,-0.016536873951468,-0.0094392046231101,2.3999999999999986,1.0300000000000011,-0.0136619931399328,0.0070146644510382,0.0023089760974542,-0.0003519167610518,0.1400000000000005,-0.0200000000000004,-0.0094392046231101,2023-09-20,1.0300000000000011,2023-09-20,0.0070146644510382,2023-09-20,-0.0003519167610518,2023-09-20,-0.0200000000000004,2023-09-20,1.0,1.0,1.0,1.0,1.0,Thursday,0,Initial_Estimation,0,,1,1
2023-09-22,-0.002124525415553,-0.0184155131619148,23.082112797853185,23.31638720338255,0.0021510118674503,-0.0226659230610324,21.9647631958,22.37033325723785,-0.0022982509659402,-0.016536873951468,-0.3399999999999998,2.3999999999999986,0.0032253439402924,-0.0136619931399328,0.0020858426304697,0.0023089760974542,-0.0499999999999998,0.1400000000000005,-0.016536873951468,2023-09-21,2.3999999999999986,2023-09-21,-0.0136619931399328,2023-09-21,0.0023089760974542,2023-09-21,0.1400000000000005,2023-09-21,1.0,1.0,1.0,1.0,1.0,Friday,0,Initial_Estimation,0,,1,1
2023-09-23,0.0031807789965552,-0.002124525415553,22.72538081132857,23.082112797853185,0.0012683106172546,0.0021510118674503,21.465887080144864,21.9647631958,,,,,,,,,,,-0.0022982509659402,2023-09-22,-0.3399999999999998,2023-09-22,0.0032253439402924,2023-09-22,0.0020858426304697,2023-09-22,-0.0499999999999998,2023-09-22,1.0,1.0,1.0,1.0,1.0,Saturday,1,Initial_Estimation,0,,1,1
2023-09-24,-0.004602533547402,0.0031807789965552,22.826529818335747,22.72538081132857,-0.0018779230294907,0.0012683106172546,21.85028964991962,21.465887080144864,,,,,,,,,,,-0.0022982509659402,2023-09-22,-0.3399999999999998,2023-09-22,0.0032253439402924,2023-09-22,0.0020858426304697,2023-09-22,-0.0499999999999998,2023-09-22,2.0,2.0,2.0,2.0,2.0,Sunday,1,Initial_Estimation,0,,1,1
2023-09-25,-0.0075248313646637,-0.004602533547402,23.20799190851448,22.826529818335747,-0.0029527611492443,-0.0018779230294907,22.20371766466105,21.85028964991962,0.0040150212758186,-0.0022982509659402,-0.3000000000000007,-0.3399999999999998,-0.0045809808524142,0.0032253439402924,0.0039228525453127,0.0020858426304697,0.1099999999999994,-0.0499999999999998,-0.0022982509659402,2023-09-22,-0.3399999999999998,2023-09-22,0.0032253439402924,2023-09-22,0.0020858426304697,2023-09-22,-0.0499999999999998,2023-09-22,3.0,3.0,3.0,3.0,3.0,Monday,0,Initial_Estimation,0,,1,1
2023-09-26,-0.0059725206774281,-0.0075248313646637,23.024399693506084,23.20799190851448,0.0001576168338041,-0.0029527611492443,21.988764831142376,22.20371766466105,-0.0148441287179613,0.0040150212758186,2.0400000000000027,-0.3000000000000007,-0.0084883670118787,-0.0045809808524142,0.0021957422747432,0.0039228525453127,0.0099999999999997,0.1099999999999994,0.0040150212758186,2023-09-25,-0.3000000000000007,2023-09-25,-0.0045809808524142,2023-09-25,0.0039228525453127,2023-09-25,0.1099999999999994,2023-09-25,1.0,1.0,1.0,1.0,1.0,Tuesday,0,Initial_Estimation,0,,1,1
2023-09-27,0.0034787291207002,-0.0059725206774281,23.18442447136533,23.024399693506084,0.0046856168369905,0.0001576168338041,22.434002524607596,21.988764831142376,0.0002292923300063,-0.0148441287179613,-0.7200000000000024,2.0400000000000027,-0.0152707362119943,-0.0084883670118787,0.0040864888218504,0.0021957422747432,0.0500000000000007,0.0099999999999997,-0.0148441287179613,2023-09-26,2.0400000000000027,2023-09-26,-0.0084883670118787,2023-09-26,0.0021957422747432,2023-09-26,0.0099999999999997,2023-09-26,1.0,1.0,1.0,1.0,1.0,Wednesday,0,Initial_Estimation,0,,1,1
2023-09-28,0.0320867099594791,0.0034787291207002,23.36795035469896,23.18442447136533,0.0384976538689443,0.0046856168369905,22.619098819199586,22.434002524607596,0.0058757768874731,0.0002292923300063,-0.879999999999999,-0.7200000000000024,-0.006002135474614,-0.0152707362119943,-0.0041523851293275,0.0040864888218504,-0.0200000000000004,0.0500000000000007,0.0002292923300063,2023-09-27,-0.7200000000000024,2023-09-27,-0.0152707362119943,2023-09-27,0.0040864888218504,2023-09-27,0.0500000000000007,2023-09-27,1.0,1.0,1.0,1.0,1.0,Thursday,0,Initial_Estimation,0,,1,1
2023-09-29,-0.006985670575558,0.0320867099594791,23.064728832129234,23.36795035469896,0.0071292434254774,0.0384976538689443,22.43339714762931,22.619098819199586,-0.0027131686755154,0.0058757768874731,0.1799999999999997,-0.879999999999999,-0.0066334603916072,-0.006002135474614,0.0,-0.0041523851293275,0.0,-0.0200000000000004,0.0058757768874731,2023-09-28,-0.879999999999999,2023-09-28,-0.006002135474614,2023-09-28,-0.0041523851293275,2023-09-28,-0.0200000000000004,2023-09-28,1.0,1.0,1.0,1.0,1.0,Friday,0,Initial_Estimation,0,,1,1
2023-09-30,0.0062350971805434,-0.006985670575558,22.396837088630488,23.064728832129234,0.0073942127144555,0.0071292434254774,21.87234694101266,22.43339714762931,,,,,,,,,,,-0.0027131686755154,2023-09-29,0.1799999999999997,2023-09-29,-0.0066334603916072,2023-09-29,0.0,2023-09-29,0.0,2023-09-29,1.0,1.0,1.0,1.0,1.0,Saturday,1,Initial_Estimation,0,,1,1
2023-10-01,0.0014830666596741,0.0062350971805434,22.974969912028964,22.396837088630488,-0.0036245747426752,0.0073942127144555,22.343619985873826,21.87234694101266,,,,,,,,,,,-0.0027131686755154,2023-09-29,0.1799999999999997,2023-09-29,-0.0066334603916072,2023-09-29,0.0,2023-09-29,0.0,2023-09-29,2.0,2.0,2.0,2.0,2.0,Sunday,1,Initial_Estimation,0,,1,1
2023-10-02,0.0264044913285918,0.0014830666596741,23.708596264490605,22.974969912028964,-0.0054796298385012,-0.0036245747426752,22.85394133074058,22.343619985873826,7.928697692236147e-05,-0.0027131686755154,0.0899999999999998,0.1799999999999997,-0.0098421042458859,-0.0066334603916072,0.006381163501956,0.0,0.1000000000000005,0.0,-0.0027131686755154,2023-09-29,0.1799999999999997,2023-09-29,-0.0066334603916072,2023-09-29,0.0,2023-09-29,0.0,2023-09-29,3.0,3.0,3.0,3.0,3.0,Monday,0,Initial_Estimation,0,,1,1
2023-10-03,-0.0161150003906403,0.0264044913285918,23.15756441252988,23.708596264490605,-0.0050872312119144,-0.0054796298385012,22.27989927204676,22.85394133074058,-0.0138394101614837,7.928697692236147e-05,2.1700000000000017,0.0899999999999998,-0.0029551953045939,-0.0098421042458859,0.0008975989831465,0.006381163501956,0.1199999999999992,0.1000000000000005,7.928697692236147e-05,2023-10-02,0.0899999999999998,2023-10-02,-0.0098421042458859,2023-10-02,0.006381163501956,2023-10-02,0.1000000000000005,2023-10-02,1.0,1.0,1.0,1.0,1.0,Tuesday,0,Initial_Estimation,0,,1,1
2023-10-04,0.0093215082440981,-0.0161150003906403,23.134109221248,23.15756441252988,-0.0089121205835827,-0.0050872312119144,22.357888896850785,22.27989927204676,0.0080770937870001,-0.0138394101614837,-1.2000000000000028,2.1700000000000017,-0.0033487861038289,-0.0029551953045939,-0.0018802712755277,0.0008975989831465,-0.0799999999999991,0.1199999999999992,-0.0138394101614837,2023-10-03,2.1700000000000017,2023-10-03,-0.0029551953045939,2023-10-03,0.0008975989831465,2023-10-03,0.1199999999999992,2023-10-03,1.0,1.0,1.0,1.0,1.0,Wednesday,0,Initial_Estimation,0,,1,1
2023-10-05,-0.0062979520329676,0.0093215082440981,23.197890951597493,23.134109221248,-0.0154095142317061,-0.0089121205835827,22.410360670003005,22.357888896850785,-0.0013048673867472,0.0080770937870001,-0.0899999999999998,-1.2000000000000028,-0.0010453767983573,-0.0033487861038289,-0.0043822883332128,-0.0018802712755277,-0.0100000000000006,-0.0799999999999991,0.0080770937870001,2023-10-04,-1.2000000000000028,2023-10-04,-0.0033487861038289,2023-10-04,-0.0018802712755277,2023-10-04,-0.0799999999999991,2023-10-04,1.0,1.0,1.0,1.0,1.0,Thursday,0,Initial_Estimation,0,,1,1
2023-10-06,0.0186253736816773,-0.0062979520329676,23.325391778257668,23.197890951597493,0.0183283366140773,-0.0154095142317061,22.320875820200293,22.410360670003005,0.0117456283337133,-0.0013048673867472,-1.0399999999999991,-0.0899999999999998,0.0074586151734713,-0.0010453767983573,-0.0027121725292979,-0.0043822883332128,0.0600000000000005,-0.0100000000000006,-0.0013048673867472,2023-10-05,-0.0899999999999998,2023-10-05,-0.0010453767983573,2023-10-05,-0.0043822883332128,2023-10-05,-0.0100000000000006,2023-10-05,1.0,1.0,1.0,1.0,1.0,Friday,0,Initial_Estimation,0,,1,1
2023-10-07,-0.0020212583981519,0.0186253736816773,22.60319555968501,23.325391778257668,-0.0077658220373418,0.0183283366140773,21.67066562045482,22.320875820200293,,,,,,,,,,,0.0117456283337133,2023-10-06,-1.0399999999999991,2023-10-06,0.0074586151734713,2023-10-06,-0.0027121725292979,2023-10-06,0.0600000000000005,2023-10-06,1.0,1.0,1.0,1.0,1.0,Saturday,1,Initial_Estimation,0,,1,1
2023-10-08,-0.0006276247081999,-0.0020212583981519,22.792262430832785,22.60319555968501,0.001858554775427,-0.0077658220373418,21.921890618558265,21.67066562045482,,,,,,,,,,,0.0117456283337133,2023-10-06,-1.0399999999999991,2023-10-06,0.0074586151734713,2023-10-06,-0.0027121725292979,2023-10-06,0.0600000000000005,2023-10-06,2.0,2.0,2.0,2.0,2.0,Sunday,1,Initial_Estimation,0,,1,1
2023-10-09,-0.0125327507751813,-0.0006276247081999,23.208811329963947,22.792262430832785,-0.0374504754274493,0.001858554775427,22.67214325302169,21.921890618558265,0.0062840320810455,0.0117456283337133,0.25,-1.0399999999999991,0.010490108470351,0.0074586151734713,0.000367704256784,-0.0027121725292979,,,0.0117456283337133,2023-10-06,-1.0399999999999991,2023-10-06,0.0074586151734713,2023-10-06,-0.0027121725292979,2023-10-06,0.0600000000000005,2023-10-06,3.0,3.0,3.0,3.0,3.0,Monday,0,Initial_Estimation,0,,1,1
2023-10-10,-0.0061180414217507,-0.0125327507751813,23.023182440487343,23.208811329963947,-0.0108511689472159,-0.0374504754274493,22.382439395012874,22.67214325302169,0.0051944583608864,0.0062840320810455,-0.6699999999999982,0.25,0.0061986453697419,0.010490108470351,-0.0024350201736643,0.000367704256784,-0.1200000000000001,0.0600000000000005,0.0062840320810455,2023-10-09,0.25,2023-10-09,0.010490108470351,2023-10-09,0.000367704256784,2023-10-09,0.0600000000000005,2023-10-06,1.0,1.0,1.0,1.0,4.0,Tuesday,0,Initial_Estimation,0,,1,1
2023-10-11,-0.0256490648826558,-0.0061180414217507,23.336865739527063,23.023182440487343,0.002394566632998,-0.0108511689472159,22.412716476235396,22.382439395012874,0.0042838286545689,0.0051944583608864,-0.9400000000000012,-0.6699999999999982,0.0063206856067081,0.0061986453697419,-4.724893100186937e-05,-0.0024350201736643,-0.08,-0.1200000000000001,0.0051944583608864,2023-10-10,-0.6699999999999982,2023-10-10,0.0061986453697419,2023-10-10,-0.0024350201736643,2023-10-10,-0.1200000000000001,2023-10-10,1.0,1.0,1.0,1.0,1.0,Wednesday,0,Initial_Estimation,0,,1,1
2023-10-12,0.0008980692116844,-0.0256490648826558,22.96322091125295,23.336865739527063,-0.0182373521537968,0.002394566632998,22.33348957593793,22.412716476235396,-0.0062659488852716,0.0042838286545689,0.6000000000000014,-0.9400000000000012,-0.0018706079095983,0.0063206856067081,0.0073345933487186,-4.724893100186937e-05,0.1200000000000001,-0.08,0.0042838286545689,2023-10-11,-0.9400000000000012,2023-10-11,0.0063206856067081,2023-10-11,-4.724893100186937e-05,2023-10-11,-0.08,2023-10-11,1.0,1.0,1.0,1.0,1.0,Thursday,0,Initial_Estimation,0,,1,1
2023-10-13,0.0088995392911605,0.0008980692116844,23.44227660767964,22.96322091125295,0.0152336256616256,-0.0182373521537968,22.24390346656165,22.33348957593793,-0.0050314774496886,-0.0062659488852716,2.629999999999999,0.6000000000000014,0.0306079017446639,-0.0018706079095983,0.0004595609866715,0.0073345933487186,-0.0700000000000002,0.1200000000000001,-0.0062659488852716,2023-10-12,0.6000000000000014,2023-10-12,-0.0018706079095983,2023-10-12,0.0073345933487186,2023-10-12,0.1200000000000001,2023-10-12,1.0,1.0,1.0,1.0,1.0,Friday,0,Initial_Estimation,0,,1,1
2023-10-14,-0.0047378043939638,0.0088995392911605,22.407461769721408,23.44227660767964,-0.0023760607120129,0.0152336256616256,21.610833880754125,22.24390346656165,,,,,,,,,,,-0.0050314774496886,2023-10-13,2.629999999999999,2023-10-13,0.0306079017446639,2023-10-13,0.0004595609866715,2023-10-13,-0.0700000000000002,2023-10-13,1.0,1.0,1.0,1.0,1.0,Saturday,1,Initial_Estimation,0,,1,1
2023-10-15,0.0132832085910294,-0.0047378043939638,22.68310734666893,22.407461769721408,0.0058017632089622,-0.0023760607120129,21.795991910989574,21.610833880754125,,,,,,,,,,,-0.0050314774496886,2023-10-13,2.629999999999999,2023-10-13,0.0306079017446639,2023-10-13,0.0004595609866715,2023-10-13,-0.0700000000000002,2023-10-13,2.0,2.0,2.0,2.0,2.0,Sunday,1,Initial_Estimation,0,,1,1
2023-10-16,0.0436196139287332,0.0132832085910294,24.04951969631593,22.68310734666893,0.0151304172652835,0.0058017632089622,22.903336176518224,21.795991910989574,0.0105386194537476,-0.0050314774496886,-2.109999999999999,2.629999999999999,-0.0032740311580042,0.0306079017446639,-0.0038047685301283,0.0004595609866715,0.08,-0.0700000000000002,-0.0050314774496886,2023-10-13,2.629999999999999,2023-10-13,0.0306079017446639,2023-10-13,0.0004595609866715,2023-10-13,-0.0700000000000002,2023-10-13,3.0,3.0,3.0,3.0,3.0,Monday,0,Initial_Estimation,0,,1,1
2023-10-17,0.0015078617076575,0.0436196139287332,23.42278155661279,24.04951969631593,-0.0176200902538417,0.0151304172652835,22.33921986789288,22.903336176518224,-9.832133477993887e-05,0.0105386194537476,0.6699999999999982,-2.109999999999999,0.0008324968566677,-0.0032740311580042,6.58845232786781e-05,-0.0038047685301283,0.1200000000000001,0.08,0.0105386194537476,2023-10-16,-2.109999999999999,2023-10-16,-0.0032740311580042,2023-10-16,-0.0038047685301283,2023-10-16,0.08,2023-10-16,1.0,1.0,1.0,1.0,1.0,Tuesday,0,Initial_Estimation,0,,1,1
2023-10-18,-0.0071345982941084,0.0015078617076575,23.26676591656659,23.42278155661279,0.0012744117177556,-0.0176200902538417,22.19439269061451,22.33921986789288,-0.0134903862238261,-9.832133477993887e-05,1.34,0.6699999999999982,0.0168132365217318,0.0008324968566677,0.0029603198086758,6.58845232786781e-05,0.08,0.1200000000000001,-9.832133477993887e-05,2023-10-17,0.6699999999999982,2023-10-17,0.0008324968566677,2023-10-17,6.58845232786781e-05,2023-10-17,0.1200000000000001,2023-10-17,1.0,1.0,1.0,1.0,1.0,Wednesday,0,Initial_Estimation,0,,1,1
2023-10-19,0.0163503621531379,-0.0071345982941084,23.393825861506063,23.26676591656659,0.0029077683410701,0.0012744117177556,22.339701382139665,22.19439269061451,-0.0085190096941524,-0.0134903862238261,2.1799999999999997,1.34,0.0066773830904018,0.0168132365217318,-0.0029320849131665,0.0029603198086758,0.0700000000000002,0.08,-0.0134903862238261,2023-10-18,1.34,2023-10-18,0.0168132365217318,2023-10-18,0.0029603198086758,2023-10-18,0.08,2023-10-18,1.0,1.0,1.0,1.0,1.0,Thursday,0,Initial_Estimation,0,,1,1
2023-10-20,0.0300258808850369,0.0163503621531379,23.792997605306383,23.393825861506063,0.0231185885631365,0.0029077683410701,22.632435846833573,22.339701382139665,-0.0126651861857579,-0.0085190096941524,0.3100000000000023,2.1799999999999997,0.0071376321141812,0.0066773830904018,-0.000847393844019,-0.0029320849131665,-0.0500000000000007,0.0700000000000002,-0.0085190096941524,2023-10-19,2.1799999999999997,2023-10-19,0.0066773830904018,2023-10-19,-0.0029320849131665,2023-10-19,0.0700000000000002,2023-10-19,1.0,1.0,1.0,1.0,1.0,Friday,0,Initial_Estimation,0,,1,1
2023-10-21,0.0144550928916714,0.0300258808850369,23.16918448615479,23.792997605306383,0.0167940235121809,0.0231185885631365,22.16124607845688,22.632435846833573,,,,,,,,,,,-0.0126651861857579,2023-10-20,0.3100000000000023,2023-10-20,0.0071376321141812,2023-10-20,-0.000847393844019,2023-10-20,-0.0500000000000007,2023-10-20,1.0,1.0,1.0,1.0,1.0,Saturday,1,Initial_Estimation,0,,1,1
2023-10-22,-0.0058909545435654,0.0144550928916714,23.069534749370597,23.16918448615479,0.0061983290631467,0.0167940235121809,22.381190404067027,22.16124607845688,,,,,,,,,,,-0.0126651861857579,2023-10-20,0.3100000000000023,2023-10-20,0.0071376321141812,2023-10-20,-0.000847393844019,2023-10-20,-0.0500000000000007,2023-10-20,2.0,2.0,2.0,2.0,2.0,Sunday,1,Initial_Estimation,0,,1,1
2023-10-23,0.0549192450561593,-0.0058909545435654,24.370374208564176,23.069534749370597,0.0408483195850822,0.0061983290631467,23.387872267940224,22.381190404067027,-0.0016869643388467,-0.0126651861857579,-1.34,0.3100000000000023,-0.0031322401557761,0.0071376321141812,-0.0059235219188826,-0.000847393844019,-0.0699999999999994,-0.0500000000000007,-0.0126651861857579,2023-10-20,0.3100000000000023,2023-10-20,0.0071376321141812,2023-10-20,-0.000847393844019,2023-10-20,-0.0500000000000007,2023-10-20,3.0,3.0,3.0,3.0,3.0,Monday,0,Initial_Estimation,0,,1,1
2023-10-24,0.0649423501648944,0.0549192450561593,24.52848283015645,24.370374208564176,0.0357289613738701,0.0408483195850822,23.488873402204717,23.387872267940224,0.0072394913997594,-0.0016869643388467,-1.400000000000002,-1.34,-0.0006580360180047,-0.0031322401557761,0.0069308984474699,-0.0059235219188826,-0.0300000000000002,-0.0699999999999994,-0.0016869643388467,2023-10-23,-1.34,2023-10-23,-0.0031322401557761,2023-10-23,-0.0059235219188826,2023-10-23,-0.0699999999999994,2023-10-23,1.0,1.0,1.0,1.0,1.0,Tuesday,0,Initial_Estimation,0,,1,1
2023-10-25,0.0299123826214594,0.0649423501648944,23.952262988265023,24.52848283015645,0.0091586537087314,0.0357289613738701,22.968122921853677,23.488873402204717,-0.0144433979393468,0.0072394913997594,1.2200000000000024,-1.400000000000002,0.0045970001603473,-0.0006580360180047,0.0024248360080107,0.0069308984474699,0.1200000000000001,-0.0300000000000002,0.0072394913997594,2023-10-24,-1.400000000000002,2023-10-24,-0.0006580360180047,2023-10-24,0.0069308984474699,2023-10-24,-0.0300000000000002,2023-10-24,1.0,1.0,1.0,1.0,1.0,Wednesday,0,Initial_Estimation,0,,1,1
2023-10-26,-0.0140145575956633,0.0299123826214594,23.68993974488356,23.952262988265023,0.0058000274133767,0.0091586537087314,23.13888248494791,22.968122921853677,-0.0119030718197409,-0.0144433979393468,0.4899999999999984,1.2200000000000024,0.0015611896722705,0.0045970001603473,0.0006944118892094,0.0024248360080107,-0.0899999999999998,0.1200000000000001,-0.0144433979393468,2023-10-25,1.2200000000000024,2023-10-25,0.0045970001603473,2023-10-25,0.0024248360080107,2023-10-25,0.1200000000000001,2023-10-25,1.0,1.0,1.0,1.0,1.0,Thursday,0,Initial_Estimation,0,,1,1
2023-10-27,-0.0104774299367167,-0.0140145575956633,23.52164613300229,23.68993974488356,-0.0093804548937511,0.0058000274133767,22.737288439501143,23.13888248494791,-0.0048118717612086,-0.0119030718197409,0.5899999999999999,0.4899999999999984,0.0007042731011225,0.0015611896722705,-0.000403450918163,0.0006944118892094,-0.0200000000000004,-0.0899999999999998,-0.0119030718197409,2023-10-26,0.4899999999999984,2023-10-26,0.0015611896722705,2023-10-26,0.0006944118892094,2023-10-26,-0.0899999999999998,2023-10-26,1.0,1.0,1.0,1.0,1.0,Friday,0,Initial_Estimation,0,,1,1
2023-10-28,0.0086374386607244,-0.0104774299367167,23.041756840082385,23.52164613300229,-0.0013255971340055,-0.0093804548937511,22.164548431364235,22.737288439501143,,,,,,,,,,,-0.0048118717612086,2023-10-27,0.5899999999999999,2023-10-27,0.0007042731011225,2023-10-27,-0.000403450918163,2023-10-27,-0.0200000000000004,2023-10-27,1.0,1.0,1.0,1.0,1.0,Saturday,1,Initial_Estimation,0,,1,1
2023-10-29,0.0132839177557276,0.0086374386607244,23.13563082448177,23.041756840082385,0.0104557843791052,-0.0013255971340055,22.195400310268052,22.164548431364235,,,,,,,,,,,-0.0048118717612086,2023-10-27,0.5899999999999999,2023-10-27,0.0007042731011225,2023-10-27,-0.000403450918163,2023-10-27,-0.0200000000000004,2023-10-27,2.0,2.0,2.0,2.0,2.0,Sunday,1,Initial_Estimation,0,,1,1
2023-10-30,-0.0044754724174167,0.0132839177557276,23.567294618905603,23.13563082448177,0.0019171199070128,0.0104557843791052,22.74269872054957,22.195400310268052,0.0119385449479703,-0.0048118717612086,-1.5199999999999996,0.5899999999999999,0.0038144875229852,0.0007042731011225,-0.004128293094122,-0.000403450918163,0.04,-0.0200000000000004,-0.0048118717612086,2023-10-27,0.5899999999999999,2023-10-27,0.0007042731011225,2023-10-27,-0.000403450918163,2023-10-27,-0.0200000000000004,2023-10-27,3.0,3.0,3.0,3.0,3.0,Monday,0,Initial_Estimation,0,,1,1
2023-10-31,0.0062239663632189,-0.0044754724174167,23.48063119517878,23.567294618905603,0.0076870280361191,0.0019171199070128,22.591665732184488,22.74269872054957,0.0064540892074659,0.0119385449479703,-1.6099999999999994,-1.5199999999999996,-0.0055257086747362,0.0038144875229852,0.0051038022652896,-0.004128293094122,0.0,0.04,0.0119385449479703,2023-10-30,-1.5199999999999996,2023-10-30,0.0038144875229852,2023-10-30,-0.004128293094122,2023-10-30,0.04,2023-10-30,1.0,1.0,1.0,1.0,1.0,Tuesday,0,Initial_Estimation,0,,1,1
2023-11-01,0.022683502755246,0.0062239663632189,23.83439037966183,23.48063119517878,0.0222010398624624,0.0076870280361191,23.08683554793873,22.591665732184488,0.0104511806797372,0.0064540892074659,-1.2699999999999996,-1.6099999999999994,-0.0032290150880346,-0.0055257086747362,0.0020698027029041,0.0051038022652896,-0.1100000000000003,0.0,0.0064540892074659,2023-10-31,-1.6099999999999994,2023-10-31,-0.0055257086747362,2023-10-31,0.0051038022652896,2023-10-31,0.0,2023-10-31,1.0,1.0,1.0,1.0,1.0,Wednesday,0,Initial_Estimation,0,,1,1
2023-11-02,-0.0149617796577282,0.022683502755246,23.767700582444032,23.83439037966183,-0.0278748844765567,0.0222010398624624,22.92095671932331,23.08683554793873,0.0186829564307358,0.0104511806797372,-1.2100000000000009,-1.2699999999999996,0.0034304981256061,-0.0032290150880346,-0.0071359125010289,0.0020698027029041,-0.0999999999999996,-0.1100000000000003,0.0104511806797372,2023-11-01,-1.2699999999999996,2023-11-01,-0.0032290150880346,2023-11-01,0.0020698027029041,2023-11-01,-0.1100000000000003,2023-11-01,1.0,1.0,1.0,1.0,1.0,Thursday,0,Initial_Estimation,0,,1,1
2023-11-03,-0.0088478493426528,-0.0149617796577282,23.5657569911226,23.767700582444032,0.0131108634827963,-0.0278748844765567,22.754417996263424,22.92095671932331,0.0093498696374369,0.0186829564307358,-0.75,-1.2100000000000009,0.0029670004669155,0.0034304981256061,-0.0104478915765141,-0.0071359125010289,-0.0999999999999996,-0.0999999999999996,0.0186829564307358,2023-11-02,-1.2100000000000009,2023-11-02,0.0034304981256061,2023-11-02,-0.0071359125010289,2023-11-02,-0.0999999999999996,2023-11-02,1.0,1.0,1.0,1.0,1.0,Friday,0,Initial_Estimation,0,,1,1
2023-11-04,0.0047988678592938,-0.0088478493426528,22.98098893810983,23.5657569911226,0.0058828670134879,0.0131108634827963,22.30122968215136,22.754417996263424,,,,,,,,,,,0.0093498696374369,2023-11-03,-0.75,2023-11-03,0.0029670004669155,2023-11-03,-0.0104478915765141,2023-11-03,-0.0999999999999996,2023-11-03,1.0,1.0,1.0,1.0,1.0,Saturday,1,Initial_Estimation,0,,1,1
2023-11-05,-0.0027929359800165,0.0047988678592938,23.24198952340547,22.98098893810983,0.016208963876826,0.0058828670134879,22.90561957215043,22.30122968215136,,,,,,,,,,,0.0093498696374369,2023-11-03,-0.75,2023-11-03,0.0029670004669155,2023-11-03,-0.0104478915765141,2023-11-03,-0.0999999999999996,2023-11-03,2.0,2.0,2.0,2.0,2.0,Sunday,1,Initial_Estimation,0,,1,1
2023-11-06,0.0102283489569628,-0.0027929359800165,23.264350879492017,23.24198952340547,0.012433085350542,0.016208963876826,22.81563873235684,22.90561957215043,0.001751426346803,0.0093498696374369,-0.0199999999999995,-0.75,-0.0049835367669279,0.0029670004669155,0.0018455455303971,-0.0104478915765141,0.0999999999999996,-0.0999999999999996,0.0093498696374369,2023-11-03,-0.75,2023-11-03,0.0029670004669155,2023-11-03,-0.0104478915765141,2023-11-03,-0.0999999999999996,2023-11-03,3.0,3.0,3.0,3.0,3.0,Monday,0,Initial_Estimation,0,,1,1
2023-11-07,0.0131398635892915,0.0102283489569628,23.658968756517535,23.264350879492017,0.0001373394187419,0.012433085350542,22.942820145542235,22.81563873235684,0.0028361156932399,0.001751426346803,-0.08,-0.0199999999999995,-0.0074967054908099,-0.0049835367669279,0.0031031022684592,0.0018455455303971,-0.0899999999999998,0.0999999999999996,0.001751426346803,2023-11-06,-0.0199999999999995,2023-11-06,-0.0049835367669279,2023-11-06,0.0018455455303971,2023-11-06,0.0999999999999996,2023-11-06,1.0,1.0,1.0,1.0,1.0,Tuesday,0,Initial_Estimation,0,,1,1
2023-11-08,0.0025318605811287,0.0131398635892915,23.573706113304393,23.658968756517535,-0.0030682172878453,0.0001373394187419,22.63304935234104,22.942820145542235,0.0010044332873557,0.0028361156932399,-0.3600000000000012,-0.08,-0.0078095737432913,-0.0074967054908099,0.0004831032371885,0.0031031022684592,-0.0899999999999998,-0.0899999999999998,0.0028361156932399,2023-11-07,-0.08,2023-11-07,-0.0074967054908099,2023-11-07,0.0031031022684592,2023-11-07,-0.0899999999999998,2023-11-07,1.0,1.0,1.0,1.0,1.0,Wednesday,0,Initial_Estimation,0,,1,1
2023-11-09,0.0262319214106373,0.0025318605811287,24.354586948547823,23.573706113304393,0.0870422824080142,-0.0030682172878453,23.93046151486348,22.63304935234104,-0.0081167621824379,0.0010044332873557,0.8399999999999999,-0.3600000000000012,0.0064867052439646,-0.0078095737432913,0.002997595659343,0.0004831032371885,0.1299999999999999,-0.0899999999999998,0.0010044332873557,2023-11-08,-0.3600000000000012,2023-11-08,-0.0078095737432913,2023-11-08,0.0004831032371885,2023-11-08,-0.0899999999999998,2023-11-08,1.0,1.0,1.0,1.0,1.0,Thursday,0,Initial_Estimation,0,,1,1
2023-11-10,0.0204930477800071,0.0262319214106373,23.84612690067114,24.354586948547823,0.0163055598922244,0.0870422824080142,23.413873087599928,23.93046151486348,0.0154957286509858,-0.0081167621824379,-1.1199999999999992,0.8399999999999999,-0.0162187789321812,0.0064867052439646,-0.000462764031661,0.002997595659343,-0.0099999999999997,0.1299999999999999,-0.0081167621824379,2023-11-09,0.8399999999999999,2023-11-09,0.0064867052439646,2023-11-09,0.002997595659343,2023-11-09,0.1299999999999999,2023-11-09,1.0,1.0,1.0,1.0,1.0,Friday,0,Initial_Estimation,0,,1,1
2023-11-11,-0.0081982568500226,0.0204930477800071,23.356899351519314,23.84612690067114,-0.0226878864947535,0.0163055598922244,23.048429231192955,23.413873087599928,,,,,,,,,,,0.0154957286509858,2023-11-10,-1.1199999999999992,2023-11-10,-0.0162187789321812,2023-11-10,-0.000462764031661,2023-11-10,-0.0099999999999997,2023-11-10,1.0,1.0,1.0,1.0,1.0,Saturday,1,Initial_Estimation,0,,1,1
2023-11-12,0.0050403982887529,-0.0081982568500226,23.169580295932903,23.356899351519314,0.006887274127848,-0.0226878864947535,22.796565015126152,23.048429231192955,,,,,,,,,,,0.0154957286509858,2023-11-10,-1.1199999999999992,2023-11-10,-0.0162187789321812,2023-11-10,-0.000462764031661,2023-11-10,-0.0099999999999997,2023-11-10,2.0,2.0,2.0,2.0,2.0,Sunday,1,Initial_Estimation,0,,1,1
2023-11-13,-0.0181891856052186,0.0050403982887529,23.670737727447168,23.169580295932903,-0.0002621524674336,0.006887274127848,23.385064606468784,22.796565015126152,-0.0008360910851978,0.0154957286509858,0.5899999999999999,-1.1199999999999992,0.0066527794921554,-0.0162187789321812,-0.0021750240261789,-0.000462764031661,0.0199999999999995,-0.0099999999999997,0.0154957286509858,2023-11-10,-1.1199999999999992,2023-11-10,-0.0162187789321812,2023-11-10,-0.000462764031661,2023-11-10,-0.0099999999999997,2023-11-10,3.0,3.0,3.0,3.0,3.0,Monday,0,Initial_Estimation,0,,1,1
2023-11-14,-0.0250694763080513,-0.0181891856052186,23.895360427661323,23.670737727447168,-0.0384053532820529,-0.0002621524674336,23.294951110562735,23.385064606468784,0.018895282757298,-0.0008360910851978,-0.5999999999999996,0.5899999999999999,0.0083434305950576,0.0066527794921554,-0.0150515040815698,-0.0021750240261789,-0.1899999999999995,0.0199999999999995,-0.0008360910851978,2023-11-13,0.5899999999999999,2023-11-13,0.0066527794921554,2023-11-13,-0.0021750240261789,2023-11-13,0.0199999999999995,2023-11-13,1.0,1.0,1.0,1.0,1.0,Tuesday,0,Initial_Estimation,0,,1,1
2023-11-15,0.0557973646821407,-0.0250694763080513,24.03256068773137,23.895360427661323,0.0323421460544148,-0.0384053532820529,23.259049914782373,23.294951110562735,0.0015958076771483,0.018895282757298,0.0199999999999995,-0.5999999999999996,-0.0008669641439555,0.0083434305950576,0.003271817816466,-0.0150515040815698,0.0899999999999998,-0.1899999999999995,0.018895282757298,2023-11-14,-0.5999999999999996,2023-11-14,0.0083434305950576,2023-11-14,-0.0150515040815698,2023-11-14,-0.1899999999999995,2023-11-14,1.0,1.0,1.0,1.0,1.0,Wednesday,0,Initial_Estimation,0,,1,1
2023-11-16,-0.0457499780243199,0.0557973646821407,23.98164638717107,24.03256068773137,-0.0457259629659667,0.0323421460544148,23.40781671121453,23.259049914782373,0.0011896413835666,0.0015958076771483,0.1400000000000005,0.0199999999999995,0.0120691367791111,-0.0008669641439555,-0.0004311521890275,0.003271817816466,-0.08,0.0899999999999998,0.0015958076771483,2023-11-15,0.0199999999999995,2023-11-15,-0.0008669641439555,2023-11-15,0.003271817816466,2023-11-15,0.0899999999999998,2023-11-15,1.0,1.0,1.0,1.0,1.0,Thursday,0,Initial_Estimation,0,,1,1
2023-11-17,0.0124628561272468,-0.0457499780243199,23.83433497583132,23.98164638717107,-0.0045458933408067,-0.0457259629659667,23.19826092391142,23.40781671121453,0.0012812755985166,0.0011896413835666,-0.5199999999999996,0.1400000000000005,-0.0011600298000505,0.0120691367791111,-0.0041485467582387,-0.0004311521890275,-0.0099999999999997,-0.08,0.0011896413835666,2023-11-16,0.1400000000000005,2023-11-16,0.0120691367791111,2023-11-16,-0.0004311521890275,2023-11-16,-0.08,2023-11-16,1.0,1.0,1.0,1.0,1.0,Friday,0,Initial_Estimation,0,,1,1
2023-11-18,0.004178167988424,0.0124628561272468,23.19862898512917,23.83433497583132,0.0075480553126117,-0.0045458933408067,22.81075950382844,23.19826092391142,,,,,,,,,,,0.0012812755985166,2023-11-17,-0.5199999999999996,2023-11-17,-0.0011600298000505,2023-11-17,-0.0041485467582387,2023-11-17,-0.0099999999999997,2023-11-17,1.0,1.0,1.0,1.0,1.0,Saturday,1,Initial_Estimation,0,,1,1
2023-11-19,0.0123562212362001,0.004178167988424,23.281731648730094,23.19862898512917,0.0112642118904323,0.0075480553126117,22.76656825882317,22.81075950382844,,,,,,,,,,,0.0012812755985166,2023-11-17,-0.5199999999999996,2023-11-17,-0.0011600298000505,2023-11-17,-0.0041485467582387,2023-11-17,-0.0099999999999997,2023-11-17,2.0,2.0,2.0,2.0,2.0,Sunday,1,Initial_Estimation,0,,1,1
2023-11-20,0.0113324486548762,0.0123562212362001,23.762450677293533,23.281731648730094,0.0211731247789581,0.0112642118904323,23.27789013737215,22.76656825882317,0.0073631338909269,0.0012812755985166,-0.3900000000000005,-0.5199999999999996,-0.0019700582161407,-0.0011600298000505,-0.0046201041888107,-0.0041485467582387,-0.0200000000000004,-0.0099999999999997,0.0012812755985166,2023-11-17,-0.5199999999999996,2023-11-17,-0.0011600298000505,2023-11-17,-0.0041485467582387,2023-11-17,-0.0099999999999997,2023-11-17,3.0,3.0,3.0,3.0,3.0,Monday,0,Initial_Estimation,0,,1,1
2023-11-21,-0.0160322186893208,0.0113324486548762,23.94900460807222,23.762450677293533,-0.0199892008148312,0.0211731247789581,23.337261797562224,23.27789013737215,-0.0020229887908321,0.0073631338909269,-0.0600000000000005,-0.3900000000000005,0.0108626150617667,-0.0019700582161407,0.0012270355109291,-0.0046201041888107,-0.0099999999999997,-0.0200000000000004,0.0073631338909269,2023-11-20,-0.3900000000000005,2023-11-20,-0.0019700582161407,2023-11-20,-0.0046201041888107,2023-11-20,-0.0200000000000004,2023-11-20,1.0,1.0,1.0,1.0,1.0,Tuesday,0,Initial_Estimation,0,,1,1
2023-11-22,0.0209476736073886,-0.0160322186893208,23.91773617026105,23.94900460807222,0.047132037711958,-0.0199892008148312,23.31644380569089,23.337261797562224,0.0040528664649777,-0.0020229887908321,-0.5,-0.0600000000000005,-0.003959222486665,0.0108626150617667,0.0034219374548579,0.0012270355109291,0.0099999999999997,-0.0099999999999997,-0.0020229887908321,2023-11-21,-0.0600000000000005,2023-11-21,0.0108626150617667,2023-11-21,0.0012270355109291,2023-11-21,-0.0099999999999997,2023-11-21,1.0,1.0,1.0,1.0,1.0,Wednesday,0,Initial_Estimation,0,,1,1
2023-11-23,-0.0098954515553861,0.0209476736073886,23.377559939200673,23.91773617026105,-0.0064232362449928,0.047132037711958,22.78102883100627,23.31644380569089,,,-0.0499999999999989,-0.5,,,-0.0014637343239721,0.0034219374548579,,,0.0040528664649777,2023-11-22,-0.5,2023-11-22,-0.003959222486665,2023-11-22,0.0034219374548579,2023-11-22,0.0099999999999997,2023-11-22,1.0,1.0,1.0,1.0,1.0,Thursday,0,Initial_Estimation,0,,1,1
2023-11-24,0.0162726078863717,-0.0098954515553861,23.85540477033584,23.377559939200673,0.0095548103687686,-0.0064232362449928,23.219866249072528,22.78102883100627,0.0005967555980324,0.0040528664649777,-0.3399999999999998,-0.0499999999999989,0.0054086303844145,-0.003959222486665,-0.0035236628452759,-0.0014637343239721,0.0499999999999998,0.0099999999999997,0.0040528664649777,2023-11-22,-0.0499999999999989,2023-11-23,-0.003959222486665,2023-11-22,-0.0014637343239721,2023-11-23,0.0099999999999997,2023-11-22,2.0,1.0,2.0,1.0,2.0,Friday,0,Initial_Estimation,0,,1,1
2023-11-25,-0.0017649318204197,0.0162726078863717,22.931493124633537,23.85540477033584,-0.0016436928797651,0.0095548103687686,22.40271913072603,23.219866249072528,,,,,,,,,,,0.0005967555980324,2023-11-24,-0.3399999999999998,2023-11-24,0.0054086303844145,2023-11-24,-0.0035236628452759,2023-11-24,0.0499999999999998,2023-11-24,1.0,1.0,1.0,1.0,1.0,Saturday,1,Initial_Estimation,0,,1,1
2023-11-26,-0.0048728426235113,-0.0017649318204197,23.34392612164017,22.931493124633537,-0.0047593955520244,-0.0016436928797651,22.80953578118007,22.40271913072603,,,,,,,,,,,0.0005967555980324,2023-11-24,-0.3399999999999998,2023-11-24,0.0054086303844145,2023-11-24,-0.0035236628452759,2023-11-24,0.0499999999999998,2023-11-24,2.0,2.0,2.0,2.0,2.0,Sunday,1,Initial_Estimation,0,,1,1
2023-11-27,-0.0156248500739117,-0.0048728426235113,23.667858789521496,23.34392612164017,-0.0290917162006953,-0.0047593955520244,23.081740601339213,22.80953578118007,-0.0019561422168003,0.0005967555980324,0.2299999999999986,-0.3399999999999998,0.0047833163729554,0.0054086303844145,-0.0019748121150619,-0.0035236628452759,-0.08,0.0499999999999998,0.0005967555980324,2023-11-24,-0.3399999999999998,2023-11-24,0.0054086303844145,2023-11-24,-0.0035236628452759,2023-11-24,0.0499999999999998,2023-11-24,3.0,3.0,3.0,3.0,3.0,Monday,0,Initial_Estimation,0,,1,1
2023-11-28,0.0249731328321414,-0.0156248500739117,23.80040006385776,23.667858789521496,0.0189983011168159,-0.0290917162006953,23.016874061956525,23.081740601339213,0.0009796471418229,-0.0019561422168003,0.0,0.2299999999999986,0.0137728462905455,0.0047833163729554,-0.0043992398998497,-0.0019748121150619,-0.0499999999999998,-0.08,-0.0019561422168003,2023-11-27,0.2299999999999986,2023-11-27,0.0047833163729554,2023-11-27,-0.0019748121150619,2023-11-27,-0.08,2023-11-27,1.0,1.0,1.0,1.0,1.0,Tuesday,0,Initial_Estimation,0,,1,1
2023-11-29,-0.006009514410662,0.0249731328321414,23.75477765278397,23.80040006385776,-0.0122983984322756,0.0189983011168159,22.914377530956944,23.016874061956525,-0.0009466837674253,0.0009796471418229,0.2900000000000009,0.0,0.0036214312587581,0.0137728462905455,0.0001849049447878,-0.0043992398998497,-0.0700000000000002,-0.0499999999999998,0.0009796471418229,2023-11-28,0.0,2023-11-28,0.0137728462905455,2023-11-28,-0.0043992398998497,2023-11-28,-0.0499999999999998,2023-11-28,1.0,1.0,1.0,1.0,1.0,Wednesday,0,Initial_Estimation,0,,1,1
2023-11-30,0.000105974301331,-0.006009514410662,23.620060403653387,23.75477765278397,0.0084160916826497,-0.0122983984322756,22.81609106162135,22.914377530956944,0.0037769911916856,-0.0009466837674253,-0.0600000000000005,0.2900000000000009,-0.0044061562069063,0.0036214312587581,0.0070977986551174,0.0001849049447878,0.1000000000000005,-0.0700000000000002,-0.0009466837674253,2023-11-29,0.2900000000000009,2023-11-29,0.0036214312587581,2023-11-29,0.0001849049447878,2023-11-29,-0.0700000000000002,2023-11-29,1.0,1.0,1.0,1.0,1.0,Thursday,0,Initial_Estimation,0,,1,1
2023-12-01,0.0273724816656272,0.000105974301331,23.880810110267227,23.620060403653387,0.021728163785278,0.0084160916826497,23.10898652017939,22.81609106162135,0.0058565417006152,0.0037769911916856,-0.2899999999999991,-0.0600000000000005,0.0160135930820849,-0.0044061562069063,-0.0022150759909418,0.0070977986551174,-0.1500000000000003,0.1000000000000005,0.0037769911916856,2023-11-30,-0.0600000000000005,2023-11-30,-0.0044061562069063,2023-11-30,0.0070977986551174,2023-11-30,0.1000000000000005,2023-11-30,1.0,1.0,1.0,1.0,1.0,Friday,0,Initial_Estimation,0,,1,1
2023-12-02,0.0201086173893902,0.0273724816656272,23.466299299460875,23.880810110267227,0.0366877970273878,0.021728163785278,22.93484520407756,23.10898652017939,,,,,,,,,,,0.0058565417006152,2023-12-01,-0.2899999999999991,2023-12-01,0.0160135930820849,2023-12-01,-0.0022150759909418,2023-12-01,-0.1500000000000003,2023-12-01,1.0,1.0,1.0,1.0,1.0,Saturday,1,Initial_Estimation,0,,1,1
2023-12-03,0.0036691273723585,0.0201086173893902,23.48135598104603,23.466299299460875,0.0067988409903534,0.0366877970273878,22.836923496145904,22.93484520407756,,,,,,,,,,,0.0058565417006152,2023-12-01,-0.2899999999999991,2023-12-01,0.0160135930820849,2023-12-01,-0.0022150759909418,2023-12-01,-0.1500000000000003,2023-12-01,2.0,2.0,2.0,2.0,2.0,Sunday,1,Initial_Estimation,0,,1,1
2023-12-04,0.0568120755681973,0.0036691273723585,24.408542052862575,23.48135598104603,0.0229015915232537,0.0067988409903534,23.50514669909803,22.836923496145904,-0.0054231665551195,0.0058565417006152,0.4499999999999993,-0.2899999999999991,-0.0229064371557827,0.0160135930820849,0.0042902761719892,-0.0022150759909418,0.0600000000000005,-0.1500000000000003,0.0058565417006152,2023-12-01,-0.2899999999999991,2023-12-01,0.0160135930820849,2023-12-01,-0.0022150759909418,2023-12-01,-0.1500000000000003,2023-12-01,3.0,3.0,3.0,3.0,3.0,Monday,0,Initial_Estimation,0,,1,1
2023-12-05,0.0430574052038975,0.0568120755681973,24.315418357847193,24.408542052862575,0.0171023965511522,0.0229015915232537,23.456533557339167,23.50514669909803,-0.0005691170958779,-0.0054231665551195,-0.2300000000000004,0.4499999999999993,-0.0027704839468059,-0.0229064371557827,0.0032537258805065,0.0042902761719892,-0.1000000000000005,0.0600000000000005,-0.0054231665551195,2023-12-04,0.4499999999999993,2023-12-04,-0.0229064371557827,2023-12-04,0.0042902761719892,2023-12-04,0.0600000000000005,2023-12-04,1.0,1.0,1.0,1.0,1.0,Tuesday,0,Initial_Estimation,0,,1,1
2023-12-06,-0.0016300107906897,0.0430574052038975,24.121450738510028,24.315418357847193,-0.0112578184792678,0.0171023965511522,23.27197734591723,23.456533557339167,-0.0039137791113844,-0.0005691170958779,0.120000000000001,-0.2300000000000004,0.0059274068333569,-0.0027704839468059,0.0009894190612303,0.0032537258805065,-0.0599999999999996,-0.1000000000000005,-0.0005691170958779,2023-12-05,-0.2300000000000004,2023-12-05,-0.0027704839468059,2023-12-05,0.0032537258805065,2023-12-05,-0.1000000000000005,2023-12-05,1.0,1.0,1.0,1.0,1.0,Wednesday,0,Initial_Estimation,0,,1,1
2023-12-07,-0.0098174790153329,-0.0016300107906897,24.042376447490593,24.121450738510028,0.0530611207498801,-0.0112578184792678,23.415653419931783,23.27197734591723,0.0079366104133129,-0.0039137791113844,0.0899999999999998,0.120000000000001,-0.0002955253604061,0.0059274068333569,-0.005893302370609,0.0009894190612303,0.0199999999999995,-0.0599999999999996,-0.0039137791113844,2023-12-06,0.120000000000001,2023-12-06,0.0059274068333569,2023-12-06,0.0009894190612303,2023-12-06,-0.0599999999999996,2023-12-06,1.0,1.0,1.0,1.0,1.0,Thursday,0,Initial_Estimation,0,,1,1
2023-12-08,0.026302270183986,-0.0098174790153329,23.918714032961837,24.042376447490593,-0.0004219498364255,0.0530611207498801,23.252465147439068,23.415653419931783,0.0040870746210065,0.0079366104133129,-0.7100000000000009,0.0899999999999998,-0.015689699243871,-0.0002955253604061,0.0045193788347772,-0.005893302370609,0.0900000000000007,0.0199999999999995,0.0079366104133129,2023-12-07,0.0899999999999998,2023-12-07,-0.0002955253604061,2023-12-07,-0.005893302370609,2023-12-07,0.0199999999999995,2023-12-07,1.0,1.0,1.0,1.0,1.0,Friday,0,Initial_Estimation,0,,1,1
2023-12-09,-0.0129553542372027,0.026302270183986,23.57790737049709,23.918714032961837,-0.0060746712927892,-0.0004219498364255,23.085374976746333,23.252465147439068,,,,,,,,,,,0.0040870746210065,2023-12-08,-0.7100000000000009,2023-12-08,-0.015689699243871,2023-12-08,0.0045193788347772,2023-12-08,0.0900000000000007,2023-12-08,1.0,1.0,1.0,1.0,1.0,Saturday,1,Initial_Estimation,0,,1,1
2023-12-10,-0.0041189464859448,-0.0129553542372027,23.28825222587612,23.57790737049709,0.0022182503587484,-0.0060746712927892,22.72063047593229,23.085374976746333,,,,,,,,,,,0.0040870746210065,2023-12-08,-0.7100000000000009,2023-12-08,-0.015689699243871,2023-12-08,0.0045193788347772,2023-12-08,0.0900000000000007,2023-12-08,2.0,2.0,2.0,2.0,2.0,Sunday,1,Initial_Estimation,0,,1,1
2023-12-11,-0.0634049233136123,-0.0041189464859448,24.42783830993252,23.28825222587612,-0.0627818362900444,0.0022182503587484,23.613040164750085,22.72063047593229,0.0039168516750811,0.0040870746210065,0.2800000000000011,-0.7100000000000009,-0.0102106103394178,-0.015689699243871,0.000816895362695,0.0045193788347772,0.0,0.0900000000000007,0.0040870746210065,2023-12-08,-0.7100000000000009,2023-12-08,-0.015689699243871,2023-12-08,0.0045193788347772,2023-12-08,0.0900000000000007,2023-12-08,3.0,3.0,3.0,3.0,3.0,Monday,0,Initial_Estimation,0,,1,1
2023-12-12,-0.0006094961140177,-0.0634049233136123,23.93328334782673,24.42783830993252,-0.0210942988766208,-0.0627818362900444,23.15610101490848,23.613040164750085,0.0045887580600857,0.0039168516750811,-0.5600000000000005,0.2800000000000011,-0.0001010926586668,-0.0102106103394178,-0.002211964741089,0.000816895362695,-0.0300000000000002,0.0,0.0039168516750811,2023-12-11,0.2800000000000011,2023-12-11,-0.0102106103394178,2023-12-11,0.000816895362695,2023-12-11,0.0,2023-12-11,1.0,1.0,1.0,1.0,1.0,Tuesday,0,Initial_Estimation,0,,1,1
2023-12-13,0.0453106519697033,-0.0006094961140177,24.011588791273457,23.93328334782673,0.0410145645428576,-0.0210942988766208,23.25508752037351,23.15610101490848,0.0135584204292982,0.0045887580600857,0.1199999999999992,-0.5600000000000005,0.0022726708042306,-0.0001010926586668,-0.0096356448980548,-0.002211964741089,-0.1600000000000001,-0.0300000000000002,0.0045887580600857,2023-12-12,-0.5600000000000005,2023-12-12,-0.0001010926586668,2023-12-12,-0.002211964741089,2023-12-12,-0.0300000000000002,2023-12-12,1.0,1.0,1.0,1.0,1.0,Wednesday,0,Initial_Estimation,0,,1,1
2023-12-14,-2.3260682469471348e-05,0.0453106519697033,23.965019171633877,24.011588791273457,0.0168822934856159,0.0410145645428576,23.25765376536255,23.25508752037351,0.0026435733742609,0.0135584204292982,0.2900000000000009,0.1199999999999992,0.0238764749712153,0.0022726708042306,-0.0089149864212451,-0.0096356448980548,-0.1200000000000001,-0.1600000000000001,0.0135584204292982,2023-12-13,0.1199999999999992,2023-12-13,0.0022726708042306,2023-12-13,-0.0096356448980548,2023-12-13,-0.1600000000000001,2023-12-13,1.0,1.0,1.0,1.0,1.0,Thursday,0,Initial_Estimation,0,,1,1
2023-12-15,-0.0176115216543192,-2.3260682469471348e-05,23.70080575158791,23.965019171633877,-0.0233151809562868,0.0168822934856159,23.05143659710227,23.25765376536255,-7.628136810104926e-05,0.0026435733742609,-0.200000000000001,0.2900000000000009,-0.0044923807443041,0.0238764749712153,0.0058091368510417,-0.0089149864212451,-0.0099999999999997,-0.1200000000000001,0.0026435733742609,2023-12-14,0.2900000000000009,2023-12-14,0.0238764749712153,2023-12-14,-0.0089149864212451,2023-12-14,-0.1200000000000001,2023-12-14,1.0,1.0,1.0,1.0,1.0,Friday,0,Initial_Estimation,0,,1,1
2023-12-16,0.0025439914216405,-0.0176115216543192,23.389572062384342,23.70080575158791,-0.0071018901796736,-0.0233151809562868,22.64992842442806,23.05143659710227,,,,,,,,,,,-7.628136810104926e-05,2023-12-15,-0.200000000000001,2023-12-15,-0.0044923807443041,2023-12-15,0.0058091368510417,2023-12-15,-0.0099999999999997,2023-12-15,1.0,1.0,1.0,1.0,1.0,Saturday,1,Initial_Estimation,0,,1,1
2023-12-17,-0.0110913060156077,0.0025439914216405,23.537398465625323,23.389572062384342,0.0028870383170397,-0.0071018901796736,22.72615752309673,22.64992842442806,,,,,,,,,,,-7.628136810104926e-05,2023-12-15,-0.200000000000001,2023-12-15,-0.0044923807443041,2023-12-15,0.0058091368510417,2023-12-15,-0.0099999999999997,2023-12-15,2.0,2.0,2.0,2.0,2.0,Sunday,1,Initial_Estimation,0,,1,1
2023-12-18,0.0173742461435118,-0.0110913060156077,23.95108721113295,23.537398465625323,-0.0095206736886163,0.0028870383170397,23.06184881014992,22.72615752309673,0.0045180974872495,-7.628136810104926e-05,0.2800000000000011,-0.200000000000001,0.0025695884133355,-0.0044923807443041,0.0001072589964512,0.0058091368510417,0.04,-0.0099999999999997,-7.628136810104926e-05,2023-12-15,-0.200000000000001,2023-12-15,-0.0044923807443041,2023-12-15,0.0058091368510417,2023-12-15,-0.0099999999999997,2023-12-15,3.0,3.0,3.0,3.0,3.0,Monday,0,Initial_Estimation,0,,1,1
2023-12-19,-0.0027728513495455,0.0173742461435118,23.86616738900165,23.95108721113295,-0.0140686748360969,-0.0095206736886163,23.08592760203633,23.06184881014992,0.0058492552349014,0.0045180974872495,-0.0300000000000011,0.2800000000000011,0.0059537043864478,0.0025695884133355,-0.0038490141692661,0.0001072589964512,-0.02,0.04,0.0045180974872495,2023-12-18,0.2800000000000011,2023-12-18,0.0025695884133355,2023-12-18,0.0001072589964512,2023-12-18,0.04,2023-12-18,1.0,1.0,1.0,1.0,1.0,Tuesday,0,Initial_Estimation,0,,1,1
2023-12-20,0.0221776245673226,-0.0027728513495455,24.050777502000116,23.86616738900165,-0.0024925899630061,-0.0140686748360969,23.261104127187313,23.08592760203633,-0.0147931441745199,0.0058492552349014,1.1400000000000006,-0.0300000000000011,-0.0019151099131709,0.0059537043864478,0.0023561052082338,-0.0038490141692661,-0.0700000000000002,-0.02,0.0058492552349014,2023-12-19,-0.0300000000000011,2023-12-19,0.0059537043864478,2023-12-19,-0.0038490141692661,2023-12-19,-0.02,2023-12-19,1.0,1.0,1.0,1.0,1.0,Wednesday,0,Initial_Estimation,0,,1,1
2023-12-21,0.0130220147281119,0.0221776245673226,23.83467965819916,24.050777502000116,0.0311865492843976,-0.0024925899630061,23.25827373835454,23.261104127187313,0.010248790092494,-0.0147931441745199,-0.0199999999999995,1.1400000000000006,0.0022584336059977,-0.0019151099131709,-0.0055324227652435,0.0023561052082338,0.0300000000000002,-0.0700000000000002,-0.0147931441745199,2023-12-20,1.1400000000000006,2023-12-20,-0.0019151099131709,2023-12-20,0.0023561052082338,2023-12-20,-0.0700000000000002,2023-12-20,1.0,1.0,1.0,1.0,1.0,Thursday,0,Initial_Estimation,0,,1,1
2023-12-22,-0.0063011893568016,0.0130220147281119,23.769144650376266,23.83467965819916,0.0292289063284845,0.0311865492843976,23.50439587246888,23.25827373835454,0.0016587067997896,0.010248790092494,-0.620000000000001,-0.0199999999999995,0.0087887493834622,0.0022584336059977,-0.0014247746108053,-0.0055324227652435,0.0099999999999997,0.0300000000000002,0.010248790092494,2023-12-21,-0.0199999999999995,2023-12-21,0.0022584336059977,2023-12-21,-0.0055324227652435,2023-12-21,0.0300000000000002,2023-12-21,1.0,1.0,1.0,1.0,1.0,Friday,0,Initial_Estimation,0,,1,1
2023-12-23,0.0001817289283735,-0.0063011893568016,23.32653287850349,23.769144650376266,-0.0103710196325955,0.0292289063284845,22.802178857108352,23.50439587246888,,,,,,,,,,,0.0016587067997896,2023-12-22,-0.620000000000001,2023-12-22,0.0087887493834622,2023-12-22,-0.0014247746108053,2023-12-22,0.0099999999999997,2023-12-22,1.0,1.0,1.0,1.0,1.0,Saturday,1,Initial_Estimation,0,,1,1
2023-12-24,-0.0050400566355069,0.0001817289283735,23.658746604833105,23.32653287850349,-0.0054081858231988,-0.0103710196325955,22.969365150113873,22.802178857108352,,,,,,,,,,,0.0016587067997896,2023-12-22,-0.620000000000001,2023-12-22,0.0087887493834622,2023-12-22,-0.0014247746108053,2023-12-22,0.0099999999999997,2023-12-22,2.0,2.0,2.0,2.0,2.0,Sunday,1,Initial_Estimation,0,,1,1
2023-12-25,-5.7432645880392424e-05,-0.0050400566355069,23.773287193105,23.658746604833105,-0.003674616344531,-0.0054081858231988,22.80723494570855,22.969365150113873,,,,,,,,,,,0.0016587067997896,2023-12-22,-0.620000000000001,2023-12-22,0.0087887493834622,2023-12-22,-0.0014247746108053,2023-12-22,0.0099999999999997,2023-12-22,3.0,3.0,3.0,3.0,3.0,Monday,0,Initial_Estimation,0,,1,1
2023-12-26,-0.0278965427668553,-5.7432645880392424e-05,24.12535785103894,23.773287193105,-0.0209768651404361,-0.003674616344531,23.090568947217633,22.80723494570855,0.0042227363999498,0.0016587067997896,-0.0399999999999991,-0.620000000000001,0.0005345192470838,0.0087887493834622,-0.0022838701821569,-0.0014247746108053,-0.0099999999999997,0.0099999999999997,0.0016587067997896,2023-12-22,-0.620000000000001,2023-12-22,0.0087887493834622,2023-12-22,-0.0014247746108053,2023-12-22,0.0099999999999997,2023-12-22,4.0,4.0,4.0,4.0,4.0,Tuesday,0,Initial_Estimation,0,,1,1
2023-12-27,0.024882447876424,-0.0278965427668553,23.95252520701491,24.12535785103894,0.0600808771487026,-0.0209768651404361,23.373781760192408,23.090568947217633,0.0014294192776817,0.0042227363999498,-0.5600000000000005,-0.0399999999999991,0.0114491006961663,0.0005345192470838,-0.0047418736235184,-0.0022838701821569,-0.1,-0.0099999999999997,0.0042227363999498,2023-12-26,-0.0399999999999991,2023-12-26,0.0005345192470838,2023-12-26,-0.0022838701821569,2023-12-26,-0.0099999999999997,2023-12-26,1.0,1.0,1.0,1.0,1.0,Wednesday,0,Initial_Estimation,0,,1,1
2023-12-28,-0.0215335066192602,0.024882447876424,23.858416211768983,23.95252520701491,-0.0068880950695245,0.0600808771487026,23.474426551750092,23.373781760192408,0.0003701020331993,0.0014294192776817,0.0400000000000009,-0.5600000000000005,-0.0038500458433421,0.0114491006961663,0.0024033836952659,-0.0047418736235184,0.0499999999999998,-0.1,0.0014294192776817,2023-12-27,-0.5600000000000005,2023-12-27,0.0114491006961663,2023-12-27,-0.0047418736235184,2023-12-27,-0.1,2023-12-27,1.0,1.0,1.0,1.0,1.0,Thursday,0,Initial_Estimation,0,,1,1
2023-12-29,-0.0128313975030536,-0.0215335066192602,23.981363184775255,23.858416211768983,-0.0257810464757496,-0.0068880950695245,23.25194763607732,23.474426551750092,-0.0028304729998547,0.0003701020331993,-0.0200000000000013,0.0400000000000009,-0.0055605396969713,-0.0038500458433421,0.0010268461916672,0.0024033836952659,0.04,0.0499999999999998,0.0003701020331993,2023-12-28,0.0400000000000009,2023-12-28,-0.0038500458433421,2023-12-28,0.0024033836952659,2023-12-28,0.0499999999999998,2023-12-28,1.0,1.0,1.0,1.0,1.0,Friday,0,Initial_Estimation,0,,1,1
2023-12-30,0.0087625033041788,-0.0128313975030536,23.496724552195,23.981363184775255,0.006845757963814,-0.0257810464757496,22.65307497576576,23.25194763607732,,,,,,,,,,,-0.0028304729998547,2023-12-29,-0.0200000000000013,2023-12-29,-0.0055605396969713,2023-12-29,0.0010268461916672,2023-12-29,0.04,2023-12-29,1.0,1.0,1.0,1.0,1.0,Saturday,1,Initial_Estimation,0,,1,1
2023-12-31,0.0048455658470389,0.0087625033041788,23.520394648560124,23.496724552195,-0.0084878483850185,0.006845757963814,22.65064560318493,22.65307497576576,,,,,,,,,,,-0.0028304729998547,2023-12-29,-0.0200000000000013,2023-12-29,-0.0055605396969713,2023-12-29,0.0010268461916672,2023-12-29,0.04,2023-12-29,2.0,2.0,2.0,2.0,2.0,Sunday,1,Initial_Estimation,0,,1,1
2024-01-01,0.0259395929681509,0.0048455658470389,23.637081647439004,23.520394648560124,0.0243098718412362,-0.0084878483850185,22.65576734635769,22.65064560318493,,,,,,,,,,,-0.0028304729998547,2023-12-29,-0.0200000000000013,2023-12-29,-0.0055605396969713,2023-12-29,0.0010268461916672,2023-12-29,0.04,2023-12-29,3.0,3.0,3.0,3.0,3.0,Monday,0,Out_of_Sample,1,1,1,1
2024-01-02,0.0338522639689997,0.0259395929681509,24.395387524136336,23.637081647439004,0.0125389495095303,0.0243098718412362,23.281310150136058,22.65576734635769,-0.0056766608929654,-0.0028304729998547,0.75,-0.0200000000000013,0.0009692741355228,-0.0055605396969713,0.0085195545105866,0.0010268461916672,0.0700000000000002,0.04,-0.0028304729998547,2023-12-29,-0.0200000000000013,2023-12-29,-0.0055605396969713,2023-12-29,0.0010268461916672,2023-12-29,0.04,2023-12-29,4.0,4.0,4.0,4.0,4.0,Tuesday,0,Out_of_Sample,1,2,1,1
2024-01-03,-0.0495283949100311,0.0338522639689997,24.559321486718243,24.395387524136336,-0.0608662083679716,0.0125389495095303,23.685075881766124,23.281310150136058,-0.0080486143089745,-0.0056766608929654,0.8399999999999999,0.75,-0.0147369827817693,0.0009692741355228,0.0028725825101602,0.0085195545105866,-0.04,0.0700000000000002,-0.0056766608929654,2024-01-02,0.75,2024-01-02,0.0009692741355228,2024-01-02,0.0085195545105866,2024-01-02,0.0700000000000002,2024-01-02,1.0,1.0,1.0,1.0,1.0,Wednesday,0,Out_of_Sample,1,3,1,1
2024-01-04,0.0353450262550083,-0.0495283949100311,24.13928914309477,24.559321486718243,0.021428360404804,-0.0608662083679716,23.125204279289708,23.685075881766124,-0.0034342966998694,-0.0080486143089745,0.0900000000000016,0.8399999999999999,0.0039740504436172,-0.0147369827817693,-0.0007027269999702,0.0028725825101602,0.08,-0.04,-0.0080486143089745,2024-01-03,0.8399999999999999,2024-01-03,-0.0147369827817693,2024-01-03,0.0028725825101602,2024-01-03,-0.04,2024-01-03,1.0,1.0,1.0,1.0,1.0,Thursday,0,Out_of_Sample,1,4,1,1
2024-01-05,-0.011940796433948,0.0353450262550083,24.19944790517159,24.13928914309477,-0.0123791315114931,0.021428360404804,23.108439927526103,23.125204279289708,0.0018240092336748,-0.0034342966998694,-0.7800000000000011,0.0900000000000016,4.895124937695209e-05,0.0039740504436172,-9.764004030516623e-05,-0.0007027269999702,0.0599999999999996,0.08,-0.0034342966998694,2024-01-04,0.0900000000000016,2024-01-04,0.0039740504436172,2024-01-04,-0.0007027269999702,2024-01-04,0.08,2024-01-04,1.0,1.0,1.0,1.0,1.0,Friday,0,Out_of_Sample,1,5,1,1
2024-01-06,-0.0009427583689585,-0.011940796433948,23.501619377395137,24.19944790517159,-0.0027396362062178,-0.0123791315114931,22.51013699114032,23.108439927526103,,,,,,,,,,,0.0018240092336748,2024-01-05,-0.7800000000000011,2024-01-05,4.895124937695209e-05,2024-01-05,-9.764004030516623e-05,2024-01-05,0.0599999999999996,2024-01-05,1.0,1.0,1.0,1.0,1.0,Saturday,1,Out_of_Sample,1,6,1,1
2024-01-07,0.0076890306011025,-0.0009427583689585,23.68495381741351,23.501619377395137,-0.0002230649128142,-0.0027396362062178,22.59353662879932,22.51013699114032,,,,,,,,,,,0.0018240092336748,2024-01-05,-0.7800000000000011,2024-01-05,4.895124937695209e-05,2024-01-05,-9.764004030516623e-05,2024-01-05,0.0599999999999996,2024-01-05,2.0,2.0,2.0,2.0,2.0,Sunday,1,Out_of_Sample,1,7,1,1
2024-01-08,0.0625227533679936,0.0076890306011025,24.478545952689192,23.68495381741351,0.042860740297264,-0.0002230649128142,23.35012674126517,22.59353662879932,0.014015987132365,0.0018240092336748,-0.2699999999999996,-0.7800000000000011,-0.0077660989134802,4.895124937695209e-05,-0.0019841567248606,-9.764004030516623e-05,-0.04,0.0599999999999996,0.0018240092336748,2024-01-05,-0.7800000000000011,2024-01-05,4.895124937695209e-05,2024-01-05,-9.764004030516623e-05,2024-01-05,0.0599999999999996,2024-01-05,3.0,3.0,3.0,3.0,3.0,Monday,0,Out_of_Sample,1,8,1,1
2024-01-09,-0.0365736275970131,0.0625227533679936,24.40766755575004,24.478545952689192,-0.009103463761962,0.042860740297264,23.42403161870412,23.35012674126517,-0.0014789856520085,0.014015987132365,-0.3200000000000003,-0.2699999999999996,-9.866823194536252e-05,-0.0077660989134802,0.0035257558046913,-0.0019841567248606,0.0099999999999997,-0.04,0.014015987132365,2024-01-08,-0.2699999999999996,2024-01-08,-0.0077660989134802,2024-01-08,-0.0019841567248606,2024-01-08,-0.04,2024-01-08,1.0,1.0,1.0,1.0,1.0,Tuesday,0,Out_of_Sample,1,9,1,1
2024-01-10,0.0117857627732164,-0.0365736275970131,24.637578485100946,24.40766755575004,0.0868154442999705,-0.009103463761962,24.09201235472806,23.42403161870412,0.0056499398196109,-0.0014789856520085,-0.0700000000000002,-0.3200000000000003,-0.0023221142671955,-9.866823194536252e-05,-0.002029942336237,0.0035257558046913,0.0200000000000004,0.0099999999999997,-0.0014789856520085,2024-01-09,-0.3200000000000003,2024-01-09,-9.866823194536252e-05,2024-01-09,0.0035257558046913,2024-01-09,0.0099999999999997,2024-01-09,1.0,1.0,1.0,1.0,1.0,Wednesday,0,Out_of_Sample,1,10,1,1
2024-01-11,0.0042879617582345,0.0117857627732164,24.548286219142977,24.637578485100946,0.0293654497086816,0.0868154442999705,23.840119872313693,24.09201235472806,-0.0006712890360401,0.0056499398196109,-0.25,-0.0700000000000002,-0.0036669527431482,-0.0023221142671955,-0.0006938574352538,-0.002029942336237,-0.06,0.0200000000000004,0.0056499398196109,2024-01-10,-0.0700000000000002,2024-01-10,-0.0023221142671955,2024-01-10,-0.002029942336237,2024-01-10,0.0200000000000004,2024-01-10,1.0,1.0,1.0,1.0,1.0,Thursday,0,Out_of_Sample,1,11,1,1
2024-01-12,-0.0611173108158078,0.0042879617582345,24.492173357857475,24.548286219142977,-0.0310160429312558,0.0293654497086816,23.885522177394343,23.840119872313693,0.000750726451941,-0.0006712890360401,0.2599999999999998,-0.25,0.0159569514032824,-0.0036669527431482,0.0011040817946592,-0.0006938574352538,-0.02,-0.06,-0.0006712890360401,2024-01-11,-0.25,2024-01-11,-0.0036669527431482,2024-01-11,-0.0006938574352538,2024-01-11,-0.06,2024-01-11,1.0,1.0,1.0,1.0,1.0,Friday,0,Out_of_Sample,1,12,1,1
2024-01-13,-0.0107999267990248,-0.0611173108158078,23.748647222693005,24.492173357857475,0.019077793856463,-0.0310160429312558,23.228817640296487,23.885522177394343,,,,,,,,,,,0.000750726451941,2024-01-12,0.2599999999999998,2024-01-12,0.0159569514032824,2024-01-12,0.0011040817946592,2024-01-12,-0.02,2024-01-12,1.0,1.0,1.0,1.0,1.0,Saturday,1,Out_of_Sample,1,13,1,1
2024-01-14,-0.0102608202093527,-0.0107999267990248,23.586690512847532,23.748647222693005,-0.018614402736171,0.019077793856463,22.96456975569689,23.228817640296487,,,,,,,,,,,0.000750726451941,2024-01-12,0.2599999999999998,2024-01-12,0.0159569514032824,2024-01-12,0.0011040817946592,2024-01-12,-0.02,2024-01-12,2.0,2.0,2.0,2.0,2.0,Sunday,1,Out_of_Sample,1,14,1,1
2024-01-15,0.0039319068736512,-0.0102608202093527,23.828758856041524,23.586690512847532,-0.0019024598988292,-0.018614402736171,22.995456668800298,22.96456975569689,,,0.5500000000000007,0.2599999999999998,,,0.0,0.0011040817946592,,,0.000750726451941,2024-01-12,0.2599999999999998,2024-01-12,0.0159569514032824,2024-01-12,0.0011040817946592,2024-01-12,-0.02,2024-01-12,3.0,3.0,3.0,3.0,3.0,Monday,0,Out_of_Sample,1,15,1,1
2024-01-16,0.0173378165053253,0.0039319068736512,23.903935939367944,23.828758856041524,0.0326778382677836,-0.0019024598988292,23.126900706247735,22.995456668800298,-0.0037382986232446,0.000750726451941,0.5899999999999999,0.5500000000000007,-0.0101653103197731,0.0159569514032824,0.0092632405027752,0.0,0.1100000000000003,-0.02,0.000750726451941,2024-01-12,0.5500000000000007,2024-01-15,0.0159569514032824,2024-01-12,0.0,2024-01-15,-0.02,2024-01-12,4.0,1.0,4.0,1.0,4.0,Tuesday,0,Out_of_Sample,1,16,1,1
2024-01-17,-0.0184629924327535,0.0173378165053253,23.76067890071005,23.903935939367944,-0.0313496983601835,0.0326778382677836,23.069007878253167,23.126900706247735,-0.0056327271267556,-0.0037382986232446,0.9499999999999992,0.5899999999999999,-0.011617081726109,-0.0101653103197731,0.0008993893462889,0.0092632405027752,0.0299999999999993,0.1100000000000003,-0.0037382986232446,2024-01-16,0.5899999999999999,2024-01-16,-0.0101653103197731,2024-01-16,0.0092632405027752,2024-01-16,0.1100000000000003,2024-01-16,1.0,1.0,1.0,1.0,1.0,Wednesday,0,Out_of_Sample,1,17,1,1
2024-01-18,-0.0374453878278541,-0.0184629924327535,23.95083802824827,23.76067890071005,-0.0281663490167934,-0.0313496983601835,23.199806596724976,23.069007878253167,0.008766724739532,-0.0056327271267556,-0.6599999999999984,0.9499999999999992,0.0079578656276874,-0.011617081726109,0.0008309741233582,0.0008993893462889,0.04,0.0299999999999993,-0.0056327271267556,2024-01-17,0.9499999999999992,2024-01-17,-0.011617081726109,2024-01-17,0.0008993893462889,2024-01-17,0.0299999999999993,2024-01-17,1.0,1.0,1.0,1.0,1.0,Thursday,0,Out_of_Sample,1,18,1,1
2024-01-19,0.0126903260598785,-0.0374453878278541,23.971793941395752,23.95083802824827,0.0133181477508721,-0.0281663490167934,23.157342100626884,23.199806596724976,0.0122382838702301,0.008766724739532,-0.8300000000000001,-0.6599999999999984,0.0039059773581561,0.0079578656276874,-0.0023981754424927,0.0008309741233582,0.0100000000000006,0.04,0.008766724739532,2024-01-18,-0.6599999999999984,2024-01-18,0.0079578656276874,2024-01-18,0.0008309741233582,2024-01-18,0.04,2024-01-18,1.0,1.0,1.0,1.0,1.0,Friday,0,Out_of_Sample,1,19,1,1
2024-01-20,0.0026771206346605,0.0126903260598785,23.173122940502996,23.971793941395752,-0.0092512829809261,0.0133181477508721,22.390562415064675,23.157342100626884,,,,,,,,,,,0.0122382838702301,2024-01-19,-0.8300000000000001,2024-01-19,0.0039059773581561,2024-01-19,-0.0023981754424927,2024-01-19,0.0100000000000006,2024-01-19,1.0,1.0,1.0,1.0,1.0,Saturday,1,Out_of_Sample,1,20,1,1
2024-01-21,0.0012939712339362,0.0026771206346605,22.958004933612127,23.173122940502996,0.0033468019878515,-0.0092512829809261,22.244631145124732,22.390562415064675,,,,,,,,,,,0.0122382838702301,2024-01-19,-0.8300000000000001,2024-01-19,0.0039059773581561,2024-01-19,-0.0023981754424927,2024-01-19,0.0100000000000006,2024-01-19,2.0,2.0,2.0,2.0,2.0,Sunday,1,Out_of_Sample,1,21,1,1
2024-01-22,-0.0477340635951292,0.0012939712339362,24.16811985231633,22.958004933612127,-0.0614152350583283,0.0033468019878515,23.356863412621603,22.244631145124732,0.0021918970535104,0.0122382838702301,-0.1100000000000012,-0.8300000000000001,-0.0033116463011742,0.0039059773581561,0.0004162250385569,-0.0023981754424927,-0.04,0.0100000000000006,0.0122382838702301,2024-01-19,-0.8300000000000001,2024-01-19,0.0039059773581561,2024-01-19,-0.0023981754424927,2024-01-19,0.0100000000000006,2024-01-19,3.0,3.0,3.0,3.0,3.0,Monday,0,Out_of_Sample,1,22,1,1
2024-01-23,-0.0157848381598462,-0.0477340635951292,24.09895917259929,24.16811985231633,-0.0545607931933054,-0.0614152350583283,23.50717446665437,23.356863412621603,0.0029171315062299,0.0021918970535104,-0.6399999999999988,-0.1100000000000012,0.0019289741822805,-0.0033116463011742,0.0027639811167723,0.0004162250385569,0.0299999999999993,-0.04,0.0021918970535104,2024-01-22,-0.1100000000000012,2024-01-22,-0.0033116463011742,2024-01-22,0.0004162250385569,2024-01-22,-0.04,2024-01-22,1.0,1.0,1.0,1.0,1.0,Tuesday,0,Out_of_Sample,1,23,1,1
2024-01-24,0.0146539006178425,-0.0157848381598462,23.830518294400555,24.09895917259929,0.0066552219565532,-0.0545607931933054,23.03923328149897,23.50717446665437,0.0008116591682758,0.0029171315062299,0.5899999999999999,-0.6399999999999988,-0.004854342213876,0.0019289741822805,-0.0036837796005353,0.0027639811167723,0.04,0.0299999999999993,0.0029171315062299,2024-01-23,-0.6399999999999988,2024-01-23,0.0019289741822805,2024-01-23,0.0027639811167723,2024-01-23,0.0299999999999993,2024-01-23,1.0,1.0,1.0,1.0,1.0,Wednesday,0,Out_of_Sample,1,24,1,1
2024-01-25,0.0033764521624908,0.0146539006178425,23.64059225482424,23.830518294400555,0.0009020590107201,0.0066552219565532,22.953521824802685,23.03923328149897,0.0052465060919916,0.0008116591682758,0.3099999999999987,0.5899999999999999,0.0014885385122534,-0.004854342213876,0.0032687036501576,-0.0036837796005353,-0.04,0.04,0.0008116591682758,2024-01-24,0.5899999999999999,2024-01-24,-0.004854342213876,2024-01-24,-0.0036837796005353,2024-01-24,0.04,2024-01-24,1.0,1.0,1.0,1.0,1.0,Thursday,0,Out_of_Sample,1,25,1,1
2024-01-26,0.0511836447493628,0.0033764521624908,23.965784744055263,23.64059225482424,0.0183372531811751,0.0009020590107201,23.02335958982827,22.953521824802685,-0.0006520097562342,0.0052465060919916,-0.1899999999999995,0.3099999999999987,-4.9570163444326434e-05,0.0014885385122534,-0.0013622729840585,0.0032687036501576,0.0100000000000006,-0.04,0.0052465060919916,2024-01-25,0.3099999999999987,2024-01-25,0.0014885385122534,2024-01-25,0.0032687036501576,2024-01-25,-0.04,2024-01-25,1.0,1.0,1.0,1.0,1.0,Friday,0,Out_of_Sample,1,26,1,1
2024-01-27,0.0020937646369731,0.0511836447493628,23.158889620432216,23.965784744055263,0.0058917807108862,0.0183372531811751,22.361168211302484,23.02335958982827,,,,,,,,,,,-0.0006520097562342,2024-01-26,-0.1899999999999995,2024-01-26,-4.9570163444326434e-05,2024-01-26,-0.0013622729840585,2024-01-26,0.0100000000000006,2024-01-26,1.0,1.0,1.0,1.0,1.0,Saturday,1,Out_of_Sample,1,27,1,1
2024-01-28,-0.0027726068203312,0.0020937646369731,23.54814879637894,23.158889620432216,-0.0042774682673441,0.0058917807108862,22.71062155666367,22.361168211302484,,,,,,,,,,,-0.0006520097562342,2024-01-26,-0.1899999999999995,2024-01-26,-4.9570163444326434e-05,2024-01-26,-0.0013622729840585,2024-01-26,0.0100000000000006,2024-01-26,2.0,2.0,2.0,2.0,2.0,Sunday,1,Out_of_Sample,1,28,1,1
2024-01-29,0.0284577539356695,-0.0027726068203312,23.75187550584365,23.54814879637894,0.0190844651535438,-0.0042774682673441,22.91471773449285,22.71062155666367,0.0075283737614565,-0.0006520097562342,0.3399999999999998,-0.1899999999999995,0.0041563159010782,-4.9570163444326434e-05,0.00170013854574,-0.0013622729840585,-0.0700000000000002,0.0100000000000006,-0.0006520097562342,2024-01-26,-0.1899999999999995,2024-01-26,-4.9570163444326434e-05,2024-01-26,-0.0013622729840585,2024-01-26,0.0100000000000006,2024-01-26,3.0,3.0,3.0,3.0,3.0,Monday,0,Out_of_Sample,1,29,1,1
2024-01-30,0.008463291914936,0.0284577539356695,23.89474873081613,23.75187550584365,0.0314749718523305,0.0190844651535438,23.04304624566181,22.91471773449285,-0.0006008383499372,0.0075283737614565,-0.2899999999999991,0.3399999999999998,0.0031059994423007,0.0041563159010782,-0.0020482505252744,0.00170013854574,-0.0200000000000004,-0.0700000000000002,0.0075283737614565,2024-01-29,0.3399999999999998,2024-01-29,0.0041563159010782,2024-01-29,0.00170013854574,2024-01-29,-0.0700000000000002,2024-01-29,1.0,1.0,1.0,1.0,1.0,Tuesday,0,Out_of_Sample,1,30,1,1
2024-01-31,-0.0253203398529352,0.008463291914936,23.92900085002276,23.89474873081613,-0.0440183558825222,0.0314749718523305,23.103541637860573,23.04304624566181,-0.0162367879639873,-0.0006008383499372,1.0399999999999991,-0.2899999999999991,0.0082845164862083,0.0031059994423007,-0.0011902977633271,-0.0020482505252744,-0.0699999999999994,-0.0200000000000004,-0.0006008383499372,2024-01-30,-0.2899999999999991,2024-01-30,0.0031059994423007,2024-01-30,-0.0020482505252744,2024-01-30,-0.0200000000000004,2024-01-30,1.0,1.0,1.0,1.0,1.0,Wednesday,0,Out_of_Sample,1,31,1,1
2024-02-01,0.0151101750276914,-0.0253203398529352,23.787775468452647,23.92900085002276,0.0112852493739947,-0.0440183558825222,22.908820711058905,23.103541637860573,0.0124162779034858,-0.0162367879639873,-0.4699999999999988,1.0399999999999991,0.0022431851049437,0.0082845164862083,-0.0021907512566621,-0.0011902977633271,-0.1200000000000001,-0.0699999999999994,-0.0162367879639873,2024-01-31,1.0399999999999991,2024-01-31,0.0082845164862083,2024-01-31,-0.0011902977633271,2024-01-31,-0.0699999999999994,2024-01-31,1.0,1.0,1.0,1.0,1.0,Thursday,0,Out_of_Sample,1,32,1,1
2024-02-02,-0.0030709345087918,0.0151101750276914,23.646634011323627,23.787775468452647,-0.0036227117730479,0.0112852493739947,22.695420437908176,22.908820711058905,0.0106277863518032,0.0124162779034858,-0.0300000000000011,-0.4699999999999988,-0.0082659366317122,0.0022431851049437,0.0084457186568817,-0.0021907512566621,0.1600000000000001,-0.1200000000000001,0.0124162779034858,2024-02-01,-0.4699999999999988,2024-02-01,0.0022431851049437,2024-02-01,-0.0021907512566621,2024-02-01,-0.1200000000000001,2024-02-01,1.0,1.0,1.0,1.0,1.0,Friday,0,Out_of_Sample,1,33,1,1
2024-02-03,0.0014452133059457,-0.0030709345087918,23.136429877108892,23.646634011323627,0.0019891149341554,-0.0036227117730479,22.25964993362403,22.695420437908176,,,,,,,,,,,0.0106277863518032,2024-02-02,-0.0300000000000011,2024-02-02,-0.0082659366317122,2024-02-02,0.0084457186568817,2024-02-02,0.1600000000000001,2024-02-02,1.0,1.0,1.0,1.0,1.0,Saturday,1,Out_of_Sample,1,34,1,1
2024-02-04,-0.0064484043134101,0.0014452133059457,23.41804337735785,23.136429877108892,-8.26196517833946e-05,0.0019891149341554,22.41669557853733,22.25964993362403,,,,,,,,,,,0.0106277863518032,2024-02-02,-0.0300000000000011,2024-02-02,-0.0082659366317122,2024-02-02,0.0084457186568817,2024-02-02,0.1600000000000001,2024-02-02,2.0,2.0,2.0,2.0,2.0,Sunday,1,Out_of_Sample,1,35,1,1
2024-02-05,-0.0099771060049352,-0.0064484043134101,23.652617216809645,23.41804337735785,-0.00541557709546,-8.26196517833946e-05,22.707993885893774,22.41669557853733,-0.003191464135615,0.0106277863518032,-0.1799999999999997,-0.0300000000000011,-0.0051209056717829,-0.0082659366317122,0.0050870179862512,0.0084457186568817,0.1399999999999996,0.1600000000000001,0.0106277863518032,2024-02-02,-0.0300000000000011,2024-02-02,-0.0082659366317122,2024-02-02,0.0084457186568817,2024-02-02,0.1600000000000001,2024-02-02,3.0,3.0,3.0,3.0,3.0,Monday,0,Out_of_Sample,1,36,1,1
2024-02-06,0.0191957994384833,-0.0099771060049352,23.544554048173325,23.652617216809645,0.0400119357510752,-0.00541557709546,22.97675369539474,22.707993885893774,0.0023077617284261,-0.003191464135615,-0.6099999999999994,-0.1799999999999997,0.0043347927263062,-0.0051209056717829,-0.0022907541227688,0.0050870179862512,-0.08,0.1399999999999996,-0.003191464135615,2024-02-05,-0.1799999999999997,2024-02-05,-0.0051209056717829,2024-02-05,0.0050870179862512,2024-02-05,0.1399999999999996,2024-02-05,1.0,1.0,1.0,1.0,1.0,Tuesday,0,Out_of_Sample,1,37,1,1
2024-02-07,0.0237601326122443,0.0191957994384833,23.773798168311952,23.544554048173325,0.020613200441266,0.0400119357510752,22.991324548892656,22.97675369539474,0.008207666921331,0.0023077617284261,-0.2300000000000004,-0.6099999999999994,0.0003439817122514,0.0043347927263062,-0.0014980556890018,-0.0022907541227688,0.0,-0.08,0.0023077617284261,2024-02-06,-0.6099999999999994,2024-02-06,0.0043347927263062,2024-02-06,-0.0022907541227688,2024-02-06,-0.08,2024-02-06,1.0,1.0,1.0,1.0,1.0,Wednesday,0,Out_of_Sample,1,38,1,1
2024-02-08,0.0254506904489161,0.0237601326122443,23.98728801746503,23.773798168311952,-0.001659724076131,0.020613200441266,23.020018125361226,22.991324548892656,0.0005704010073624,0.008207666921331,-0.0400000000000009,-0.2300000000000004,-0.0014751441294395,0.0003439817122514,0.0010373544551962,-0.0014980556890018,0.0600000000000005,0.0,0.008207666921331,2024-02-07,-0.2300000000000004,2024-02-07,0.0003439817122514,2024-02-07,-0.0014980556890018,2024-02-07,0.0,2024-02-07,1.0,1.0,1.0,1.0,1.0,Thursday,0,Out_of_Sample,1,39,1,1
2024-02-09,0.0477527202298084,0.0254506904489161,24.3949170038275,23.98728801746503,0.0317441900401254,-0.001659724076131,23.335847412005688,23.020018125361226,0.0057259755908601,0.0005704010073624,0.1400000000000005,-0.0400000000000009,-0.0043890601064939,-0.0014751441294395,-0.0005185427145709,0.0010373544551962,0.0199999999999995,0.0600000000000005,0.0005704010073624,2024-02-08,-0.0400000000000009,2024-02-08,-0.0014751441294395,2024-02-08,0.0010373544551962,2024-02-08,0.0600000000000005,2024-02-08,1.0,1.0,1.0,1.0,1.0,Friday,0,Out_of_Sample,1,40,1,1
2024-02-10,0.008544107262596,0.0477527202298084,23.52046677647178,24.3949170038275,0.0029305948945429,0.0317441900401254,22.591128596677308,23.335847412005688,,,,,,,,,,,0.0057259755908601,2024-02-09,0.1400000000000005,2024-02-09,-0.0043890601064939,2024-02-09,-0.0005185427145709,2024-02-09,0.0199999999999995,2024-02-09,1.0,1.0,1.0,1.0,1.0,Saturday,1,Out_of_Sample,1,41,1,1
2024-02-11,0.0032549431850949,0.008544107262596,23.684192726491307,23.52046677647178,-0.002870700906883,0.0029305948945429,22.7175913606266,22.591128596677308,,,,,,,,,,,0.0057259755908601,2024-02-09,0.1400000000000005,2024-02-09,-0.0043890601064939,2024-02-09,-0.0005185427145709,2024-02-09,0.0199999999999995,2024-02-09,2.0,2.0,2.0,2.0,2.0,Sunday,1,Out_of_Sample,1,42,1,1
2024-02-12,0.0353261638907621,0.0032549431850949,24.264572515286915,23.684192726491307,0.0498296564131574,-0.002870700906883,23.289959584843132,22.7175913606266,-0.0009494002275555,0.0057259755908601,1.0,0.1400000000000005,-0.0025238650815326,-0.0043890601064939,0.0005665423305831,-0.0005185427145709,0.0,0.0199999999999995,0.0057259755908601,2024-02-09,0.1400000000000005,2024-02-09,-0.0043890601064939,2024-02-09,-0.0005185427145709,2024-02-09,0.0199999999999995,2024-02-09,3.0,3.0,3.0,3.0,3.0,Monday,0,Out_of_Sample,1,43,1,1
2024-02-13,-0.0056006054205141,0.0353261638907621,24.295416272270476,24.264572515286915,0.0003000545058223,0.0498296564131574,23.62859391407537,23.289959584843132,-0.013768624761212,-0.0009494002275555,1.92,1.0,-0.0126151242467044,-0.0025238650815326,0.0075551451994214,0.0005665423305831,0.1399999999999996,0.0,-0.0009494002275555,2024-02-12,1.0,2024-02-12,-0.0025238650815326,2024-02-12,0.0005665423305831,2024-02-12,0.0,2024-02-12,1.0,1.0,1.0,1.0,1.0,Tuesday,0,Out_of_Sample,1,44,1,1
2024-02-14,0.0436132410837892,-0.0056006054205141,24.38953172204161,24.295416272270476,0.054393960372012,0.0003000545058223,23.788942640709845,23.62859391407537,0.0095341290968955,-0.013768624761212,-1.4699999999999989,1.92,-0.0013054709316034,-0.0126151242467044,-0.0022605561817099,0.0075551451994214,-0.04,0.1399999999999996,-0.013768624761212,2024-02-13,1.92,2024-02-13,-0.0126151242467044,2024-02-13,0.0075551451994214,2024-02-13,0.1399999999999996,2024-02-13,1.0,1.0,1.0,1.0,1.0,Wednesday,0,Out_of_Sample,1,45,1,1
2024-02-15,-0.0078045487792248,0.0436132410837892,24.375594384657234,24.38953172204161,0.0058452436383763,0.054393960372012,23.89019476174708,23.788942640709845,0.0058043999917945,0.0095341290968955,-0.370000000000001,-1.4699999999999989,0.0059112118252041,-0.0013054709316034,-0.0040857586535911,-0.0022605561817099,-0.0299999999999993,-0.04,0.0095341290968955,2024-02-14,-1.4699999999999989,2024-02-14,-0.0013054709316034,2024-02-14,-0.0022605561817099,2024-02-14,-0.04,2024-02-14,1.0,1.0,1.0,1.0,1.0,Thursday,0,Out_of_Sample,1,46,1,1
2024-02-16,0.0123332365534209,-0.0078045487792248,24.061898474442135,24.375594384657234,-0.0020652401067546,0.0058452436383763,23.55983323445962,23.89019476174708,-0.0048150123419915,0.0058043999917945,0.2300000000000004,-0.370000000000001,0.0046840949064166,0.0059112118252041,0.0,-0.0040857586535911,0.0599999999999996,-0.0299999999999993,0.0058043999917945,2024-02-15,-0.370000000000001,2024-02-15,0.0059112118252041,2024-02-15,-0.0040857586535911,2024-02-15,-0.0299999999999993,2024-02-15,1.0,1.0,1.0,1.0,1.0,Friday,0,Out_of_Sample,1,47,1,1
2024-02-17,-0.0038625520606201,0.0123332365534209,23.71945255752371,24.061898474442135,-0.0016244044286008,-0.0020652401067546,23.609873851003098,23.55983323445962,,,,,,,,,,,-0.0048150123419915,2024-02-16,0.2300000000000004,2024-02-16,0.0046840949064166,2024-02-16,0.0,2024-02-16,0.0599999999999996,2024-02-16,1.0,1.0,1.0,1.0,1.0,Saturday,1,Out_of_Sample,1,48,1,1
2024-02-18,0.0012923885908271,-0.0038625520606201,23.590902051707143,23.71945255752371,0.0216203529545965,-0.0016244044286008,23.87411248916359,23.609873851003098,,,,,,,,,,,-0.0048150123419915,2024-02-16,0.2300000000000004,2024-02-16,0.0046840949064166,2024-02-16,0.0,2024-02-16,0.0599999999999996,2024-02-16,2.0,2.0,2.0,2.0,2.0,Sunday,1,Out_of_Sample,1,49,1,1
2024-02-19,0.0005585855645219,0.0012923885908271,23.784888109199375,23.590902051707143,0.0414153527873625,0.0216203529545965,23.442131380084263,23.87411248916359,,,0.4700000000000006,0.2300000000000004,,,-4.794162628517029e-05,0.0,,,-0.0048150123419915,2024-02-16,0.2300000000000004,2024-02-16,0.0046840949064166,2024-02-16,0.0,2024-02-16,0.0599999999999996,2024-02-16,3.0,3.0,3.0,3.0,3.0,Monday,0,Out_of_Sample,1,50,1,1
2024-02-20,0.0025305841161619,0.0005585855645219,24.230436294293185,23.784888109199375,0.0069674993306654,0.0414153527873625,23.73593381199128,23.442131380084263,-0.0060234144772223,-0.0048150123419915,0.7099999999999991,0.4700000000000006,0.007922794599725,0.0046840949064166,-0.0020348425699508,-4.794162628517029e-05,-0.0300000000000002,0.0599999999999996,-0.0048150123419915,2024-02-16,0.4700000000000006,2024-02-19,0.0046840949064166,2024-02-16,-4.794162628517029e-05,2024-02-19,0.0599999999999996,2024-02-16,4.0,1.0,4.0,1.0,4.0,Tuesday,0,Out_of_Sample,1,51,1,1
2024-02-21,-0.0123095793303188,0.0025305841161619,24.077543050605932,24.230436294293185,-0.0205100549779497,0.0069674993306654,23.662276259017943,23.73593381199128,0.0012633935945864,-0.0060234144772223,-0.08,0.7099999999999991,-0.0025680053172179,0.007922794599725,-0.000701636379314,-0.0020348425699508,0.0500000000000007,-0.0300000000000002,-0.0060234144772223,2024-02-20,0.7099999999999991,2024-02-20,0.007922794599725,2024-02-20,-0.0020348425699508,2024-02-20,-0.0300000000000002,2024-02-20,1.0,1.0,1.0,1.0,1.0,Wednesday,0,Out_of_Sample,1,52,1,1
2024-02-22,0.0048252652384898,-0.0123095793303188,23.958562129423907,24.077543050605932,0.0192879600214251,-0.0205100549779497,23.616904931612968,23.662276259017943,0.020902891694828,0.0012633935945864,-0.8000000000000007,-0.08,-0.0012865403339371,-0.0025680053172179,-0.0004712376808063,-0.000701636379314,0.0099999999999997,0.0500000000000007,0.0012633935945864,2024-02-21,-0.08,2024-02-21,-0.0025680053172179,2024-02-21,-0.000701636379314,2024-02-21,0.0500000000000007,2024-02-21,1.0,1.0,1.0,1.0,1.0,Thursday,0,Out_of_Sample,1,53,1,1
2024-02-23,-0.0127467295829595,0.0048252652384898,23.787921298826205,23.958562129423907,-0.0143850958803536,0.0192879600214251,23.274484205062585,23.616904931612968,0.0003478831737266,0.020902891694828,-0.7899999999999991,-0.8000000000000007,0.009314324420003,-0.0012865403339371,-0.0002020270049632,-0.0004712376808063,-0.0700000000000002,0.0099999999999997,0.020902891694828,2024-02-22,-0.8000000000000007,2024-02-22,-0.0012865403339371,2024-02-22,-0.0004712376808063,2024-02-22,0.0099999999999997,2024-02-22,1.0,1.0,1.0,1.0,1.0,Friday,0,Out_of_Sample,1,54,1,1
2024-02-24,0.0109735506232387,-0.0127467295829595,23.44285440624665,23.787921298826205,0.0144353483992717,-0.0143850958803536,23.09366740166046,23.274484205062585,,,,,,,,,,,0.0003478831737266,2024-02-23,-0.7899999999999991,2024-02-23,0.009314324420003,2024-02-23,-0.0002020270049632,2024-02-23,-0.0700000000000002,2024-02-23,1.0,1.0,1.0,1.0,1.0,Saturday,1,Out_of_Sample,1,55,1,1
2024-02-25,0.0041132208331896,0.0109735506232387,23.458492668276907,23.44285440624665,0.0407817927071479,0.0144353483992717,23.40568710228449,23.09366740166046,,,,,,,,,,,0.0003478831737266,2024-02-23,-0.7899999999999991,2024-02-23,0.009314324420003,2024-02-23,-0.0002020270049632,2024-02-23,-0.0700000000000002,2024-02-23,2.0,2.0,2.0,2.0,2.0,Sunday,1,Out_of_Sample,1,56,1,1
2024-02-26,0.054477868421388,0.0041132208331896,24.25181255527515,23.458492668276907,0.0244317518071533,0.0407817927071479,23.585721791113365,23.40568710228449,-0.0037939352461026,0.0003478831737266,-0.0099999999999997,-0.7899999999999991,-0.0049666821119139,0.009314324420003,-0.0010492725846325,-0.0002020270049632,0.0200000000000004,-0.0700000000000002,0.0003478831737266,2024-02-23,-0.7899999999999991,2024-02-23,0.009314324420003,2024-02-23,-0.0002020270049632,2024-02-23,-0.0700000000000002,2024-02-23,3.0,3.0,3.0,3.0,3.0,Monday,0,Out_of_Sample,1,57,1,1
2024-02-27,0.0370866690709048,0.054477868421388,24.63041361837877,24.25181255527515,0.0197493930298543,0.0244317518071533,23.77207978476294,23.585721791113365,0.0017048185442892,-0.0037939352461026,-0.3100000000000005,-0.0099999999999997,0.0027076939620032,-0.0049666821119139,1.926262665242739e-05,-0.0010492725846325,0.0299999999999993,0.0200000000000004,-0.0037939352461026,2024-02-26,-0.0099999999999997,2024-02-26,-0.0049666821119139,2024-02-26,-0.0010492725846325,2024-02-26,0.0200000000000004,2024-02-26,1.0,1.0,1.0,1.0,1.0,Tuesday,0,Out_of_Sample,1,58,1,1
2024-02-28,0.0653611164555198,0.0370866690709048,25.14498370819468,24.63041361837877,0.0225911503734165,0.0197493930298543,24.21630965703532,23.77207978476294,-0.001659450476103,0.0017048185442892,0.4100000000000001,-0.3100000000000005,-0.0004917629801586,0.0027076939620032,0.0014051704877974,1.926262665242739e-05,-0.04,0.0299999999999993,0.0017048185442892,2024-02-27,-0.3100000000000005,2024-02-27,0.0027076939620032,2024-02-27,1.926262665242739e-05,2024-02-27,0.0299999999999993,2024-02-27,1.0,1.0,1.0,1.0,1.0,Wednesday,0,Out_of_Sample,1,59,1,1
2024-02-29,0.0144659832331768,0.0653611164555198,24.90526425067718,25.14498370819468,0.007896059304081,0.0225911503734165,24.07208762274401,24.21630965703532,0.0052154203933401,-0.001659450476103,-0.4399999999999995,0.4100000000000001,0.0062274706977065,-0.0004917629801586,0.0017392896361333,0.0014051704877974,-0.0199999999999995,-0.04,-0.001659450476103,2024-02-28,0.4100000000000001,2024-02-28,-0.0004917629801586,2024-02-28,0.0014051704877974,2024-02-28,-0.04,2024-02-28,1.0,1.0,1.0,1.0,1.0,Thursday,0,Out_of_Sample,1,60,1,1
2024-03-01,0.0186672665495534,0.0144659832331768,24.416793681110807,24.90526425067718,0.0234228997296185,0.007896059304081,23.549401367979858,24.07208762274401,0.0079759250577916,0.0052154203933401,-0.2900000000000009,-0.4399999999999995,0.0199396591398434,0.0062274706977065,-0.0028363085494377,0.0017392896361333,-0.0599999999999996,-0.0199999999999995,0.0052154203933401,2024-02-29,-0.4399999999999995,2024-02-29,0.0062274706977065,2024-02-29,0.0017392896361333,2024-02-29,-0.0199999999999995,2024-02-29,1.0,1.0,1.0,1.0,1.0,Friday,0,Out_of_Sample,1,61,1,1
2024-03-02,-0.010127408132048,0.0186672665495534,23.896661906958904,24.416793681110807,-0.0051888184355597,0.0234228997296185,23.210198817089665,23.549401367979858,,,,,,,,,,,0.0079759250577916,2024-03-01,-0.2900000000000009,2024-03-01,0.0199396591398434,2024-03-01,-0.0028363085494377,2024-03-01,-0.0599999999999996,2024-03-01,1.0,1.0,1.0,1.0,1.0,Saturday,1,Out_of_Sample,1,62,1,1
2024-03-03,0.0140847252129491,-0.010127408132048,23.99107701353906,23.896661906958904,0.019432176504491,-0.0051888184355597,23.33651618891678,23.210198817089665,,,,,,,,,,,0.0079759250577916,2024-03-01,-0.2900000000000009,2024-03-01,0.0199396591398434,2024-03-01,-0.0028363085494377,2024-03-01,-0.0599999999999996,2024-03-01,2.0,2.0,2.0,2.0,2.0,Sunday,1,Out_of_Sample,1,63,1,1
2024-03-04,0.0713198625460871,0.0140847252129491,24.981293657892696,23.99107701353906,0.0303491091535642,0.019432176504491,24.010658402956164,23.33651618891678,-0.0011939974324694,0.0079759250577916,0.3800000000000008,-0.2900000000000009,0.0146509065464899,0.0199396591398434,-0.000279258330213,-0.0028363085494377,0.0299999999999993,-0.0599999999999996,0.0079759250577916,2024-03-01,-0.2900000000000009,2024-03-01,0.0199396591398434,2024-03-01,-0.0028363085494377,2024-03-01,-0.0599999999999996,2024-03-01,3.0,3.0,3.0,3.0,3.0,Monday,0,Out_of_Sample,1,64,1,1
2024-03-05,-0.0639026739485315,0.0713198625460871,25.3560797973112,24.981293657892696,-0.0175820667648293,0.0303491091535642,24.588341860377735,24.010658402956164,-0.0102453489815743,-0.0011939974324694,0.9700000000000006,0.3800000000000008,0.007433252615668,0.0146509065464899,-0.0003275056620323,-0.000279258330213,-0.0899999999999998,0.0299999999999993,-0.0011939974324694,2024-03-04,0.3800000000000008,2024-03-04,0.0146509065464899,2024-03-04,-0.000279258330213,2024-03-04,0.0299999999999993,2024-03-04,1.0,1.0,1.0,1.0,1.0,Tuesday,0,Out_of_Sample,1,65,1,1
2024-03-06,0.0485709262478393,-0.0639026739485315,24.95374590545845,25.3560797973112,0.088797724668171,-0.0175820667648293,24.276859291813533,24.588341860377735,0.0051279595372516,-0.0102453489815743,0.0399999999999991,0.9700000000000006,0.0078435663508754,0.007433252615668,-0.0041415921764752,-0.0003275056620323,-0.0199999999999995,-0.0899999999999998,-0.0102453489815743,2024-03-05,0.9700000000000006,2024-03-05,0.007433252615668,2024-03-05,-0.0003275056620323,2024-03-05,-0.0899999999999998,2024-03-05,1.0,1.0,1.0,1.0,1.0,Wednesday,0,Out_of_Sample,1,66,1,1
2024-03-07,0.0130996287460495,0.0485709262478393,24.57319092792407,24.95374590545845,0.0062518405745819,0.088797724668171,23.83487611437992,24.276859291813533,0.0102513828813974,0.0051279595372516,-0.0600000000000005,0.0399999999999991,0.0035744768391498,0.0078435663508754,-0.0052960471423591,-0.0041415921764752,-0.0200000000000004,-0.0199999999999995,0.0051279595372516,2024-03-06,0.0399999999999991,2024-03-06,0.0078435663508754,2024-03-06,-0.0041415921764752,2024-03-06,-0.0199999999999995,2024-03-06,1.0,1.0,1.0,1.0,1.0,Thursday,0,Out_of_Sample,1,67,1,1
2024-03-08,0.0158720046586772,0.0130996287460495,24.804236046098048,24.57319092792407,0.0107549998409559,0.0062518405745819,23.986559884904743,23.83487611437992,-0.0065499380656454,0.0102513828813974,0.3000000000000007,-0.0600000000000005,0.009500646655496,0.0035744768391498,-0.0010801081158085,-0.0052960471423591,0.0,-0.0200000000000004,0.0102513828813974,2024-03-07,-0.0600000000000005,2024-03-07,0.0035744768391498,2024-03-07,-0.0052960471423591,2024-03-07,-0.0200000000000004,2024-03-07,1.0,1.0,1.0,1.0,1.0,Friday,0,Out_of_Sample,1,68,1,1
2024-03-09,0.0015843756166368,0.0158720046586772,23.796405828667044,24.804236046098048,-0.0010217506029583,0.0107549998409559,23.2020390304888,23.986559884904743,,,,,,,,,,,-0.0065499380656454,2024-03-08,0.3000000000000007,2024-03-08,0.009500646655496,2024-03-08,-0.0010801081158085,2024-03-08,0.0,2024-03-08,1.0,1.0,1.0,1.0,1.0,Saturday,1,Out_of_Sample,1,69,1,1
2024-03-10,0.0129887958263871,0.0015843756166368,24.297967616359816,23.796405828667044,-0.0014578007696833,-0.0010217506029583,23.482257813143836,23.2020390304888,,,,,,,,,,,-0.0065499380656454,2024-03-08,0.3000000000000007,2024-03-08,0.009500646655496,2024-03-08,-0.0010801081158085,2024-03-08,0.0,2024-03-08,2.0,2.0,2.0,2.0,2.0,Sunday,1,Out_of_Sample,1,70,1,1
2024-03-11,0.0384551390662724,0.0129887958263871,24.90861825792985,24.297967616359816,0.0317890881928821,-0.0014578007696833,24.08385864860961,23.482257813143836,-0.0011228682551799,-0.0065499380656454,0.4800000000000004,0.3000000000000007,0.0017884952401814,0.009500646655496,0.0015273787998105,-0.0010801081158085,0.0099999999999997,0.0,-0.0065499380656454,2024-03-08,0.3000000000000007,2024-03-08,0.009500646655496,2024-03-08,-0.0010801081158085,2024-03-08,0.0,2024-03-08,3.0,3.0,3.0,3.0,3.0,Monday,0,Out_of_Sample,1,71,1,1
2024-03-12,-0.0151119845397079,0.0384551390662724,24.859302966949873,24.90861825792985,-0.0206285847281993,0.0317890881928821,24.016024300342615,24.08385864860961,0.0111394973640123,-0.0011228682551799,-1.3800000000000008,0.4800000000000004,-0.0101776641978781,0.0017884952401814,0.0008550912456345,0.0015273787998105,0.0600000000000005,0.0099999999999997,-0.0011228682551799,2024-03-11,0.4800000000000004,2024-03-11,0.0017884952401814,2024-03-11,0.0015273787998105,2024-03-11,0.0099999999999997,2024-03-11,1.0,1.0,1.0,1.0,1.0,Tuesday,0,Out_of_Sample,1,72,1,1
2024-03-13,0.0289650139705572,-0.0151119845397079,24.59888492644365,24.859302966949873,0.0104413755606291,-0.0206285847281993,23.815585414933786,24.016024300342615,-0.0019263915718686,0.0111394973640123,-0.0899999999999998,-1.3800000000000008,0.0069191662527002,-0.0101776641978781,-0.0016330819295381,0.0008550912456345,0.0300000000000002,0.0600000000000005,0.0111394973640123,2024-03-12,-1.3800000000000008,2024-03-12,-0.0101776641978781,2024-03-12,0.0008550912456345,2024-03-12,0.0600000000000005,2024-03-12,1.0,1.0,1.0,1.0,1.0,Wednesday,0,Out_of_Sample,1,73,1,1
2024-03-14,-0.0344861760711693,0.0289650139705572,24.81083089849876,24.59888492644365,-0.0385471716643302,0.0104413755606291,23.959384577528844,23.815585414933786,-0.0028752059156686,-0.0019263915718686,0.6500000000000004,-0.0899999999999998,-0.0057163638155206,0.0069191662527002,0.0055396966296024,-0.0016330819295381,0.0999999999999996,0.0300000000000002,-0.0019263915718686,2024-03-13,-0.0899999999999998,2024-03-13,0.0069191662527002,2024-03-13,-0.0016330819295381,2024-03-13,0.0300000000000002,2024-03-13,1.0,1.0,1.0,1.0,1.0,Thursday,0,Out_of_Sample,1,74,1,1
2024-03-15,-0.0406201072419309,-0.0344861760711693,25.08407463157679,24.81083089849876,-0.0567404659579355,-0.0385471716643302,24.234962769764326,23.959384577528844,-0.0065039961169264,-0.0028752059156686,0.0099999999999997,0.6500000000000004,-0.0026386845425951,-0.0057163638155206,0.0006963519179604,0.0055396966296024,0.0199999999999995,0.0999999999999996,-0.0028752059156686,2024-03-14,0.6500000000000004,2024-03-14,-0.0057163638155206,2024-03-14,0.0055396966296024,2024-03-14,0.0999999999999996,2024-03-14,1.0,1.0,1.0,1.0,1.0,Friday,0,Out_of_Sample,1,75,1,1
2024-03-16,-0.0116864188451311,-0.0406201072419309,24.570050308199686,25.08407463157679,-0.0034913201039303,-0.0567404659579355,23.728941309248928,24.234962769764326,,,,,,,,,,,-0.0065039961169264,2024-03-15,0.0099999999999997,2024-03-15,-0.0026386845425951,2024-03-15,0.0006963519179604,2024-03-15,0.0199999999999995,2024-03-15,1.0,1.0,1.0,1.0,1.0,Saturday,1,Out_of_Sample,1,76,1,1
2024-03-17,0.0173286386811264,-0.0116864188451311,24.523616545222165,24.570050308199686,0.004289987198614,-0.0034913201039303,23.715931267290628,23.728941309248928,,,,,,,,,,,-0.0065039961169264,2024-03-15,0.0099999999999997,2024-03-15,-0.0026386845425951,2024-03-15,0.0006963519179604,2024-03-15,0.0199999999999995,2024-03-15,2.0,2.0,2.0,2.0,2.0,Sunday,1,Out_of_Sample,1,77,1,1
2024-03-18,-0.0130368983299158,0.0173286386811264,24.620410293517768,24.523616545222165,-0.0347097192449139,0.004289987198614,23.775483363952063,23.715931267290628,0.0062981688751588,-0.0065039961169264,-0.08,0.0099999999999997,0.0015747582428707,-0.0026386845425951,0.0015650211380736,0.0006963519179604,0.0300000000000002,0.0199999999999995,-0.0065039961169264,2024-03-15,0.0099999999999997,2024-03-15,-0.0026386845425951,2024-03-15,0.0006963519179604,2024-03-15,0.0199999999999995,2024-03-15,3.0,3.0,3.0,3.0,3.0,Monday,0,Out_of_Sample,1,78,1,1
2024-03-19,-0.0552806436597765,-0.0130368983299158,25.030243506021076,24.620410293517768,-0.0678558987148886,-0.0347097192449139,24.254525420991204,23.775483363952063,0.0056332831318901,0.0062981688751588,-0.5099999999999998,-0.08,-0.002038408092312,0.0015747582428707,0.0023622096187751,0.0015650211380736,-0.04,0.0300000000000002,0.0062981688751588,2024-03-18,-0.08,2024-03-18,0.0015747582428707,2024-03-18,0.0015650211380736,2024-03-18,0.0300000000000002,2024-03-18,1.0,1.0,1.0,1.0,1.0,Tuesday,0,Out_of_Sample,1,79,1,1
2024-03-20,0.0509143604426563,-0.0552806436597765,24.924858647667,25.030243506021076,0.0542454052866777,-0.0678558987148886,24.323459321750608,24.254525420991204,0.008864697827341,0.0056332831318901,-0.7800000000000011,-0.5099999999999998,0.0007416687251718,-0.002038408092312,-0.0041012732816783,0.0023622096187751,-0.0300000000000002,-0.04,0.0056332831318901,2024-03-19,-0.5099999999999998,2024-03-19,-0.002038408092312,2024-03-19,0.0023622096187751,2024-03-19,-0.04,2024-03-19,1.0,1.0,1.0,1.0,1.0,Wednesday,0,Out_of_Sample,1,80,1,1
2024-03-21,-0.024189556045524,0.0509143604426563,24.518313368265055,24.924858647667,0.0064366316988604,0.0542454052866777,23.82397270819147,24.323459321750608,0.0032313725131378,0.008864697827341,-0.1199999999999992,-0.7800000000000011,0.0112896626157657,0.0007416687251718,0.0056890105127854,-0.0041012732816783,0.0,-0.0300000000000002,0.008864697827341,2024-03-20,-0.7800000000000011,2024-03-20,0.0007416687251718,2024-03-20,-0.0041012732816783,2024-03-20,-0.0300000000000002,2024-03-20,1.0,1.0,1.0,1.0,1.0,Thursday,0,Out_of_Sample,1,81,1,1
2024-03-22,-0.030418267244856,-0.024189556045524,24.446573697220497,24.518313368265055,-0.0487054828116952,0.0064366316988604,23.74734026656883,23.82397270819147,-0.0014032464064151,0.0032313725131378,0.1400000000000005,-0.1199999999999992,-0.0111968937035119,0.0112896626157657,0.0044993048748086,0.0056890105127854,-0.0499999999999998,0.0,0.0032313725131378,2024-03-21,-0.1199999999999992,2024-03-21,0.0112896626157657,2024-03-21,0.0056890105127854,2024-03-21,0.0,2024-03-21,1.0,1.0,1.0,1.0,1.0,Friday,0,Out_of_Sample,1,82,1,1
2024-03-23,0.0233248931000719,-0.030418267244856,23.93164536035141,24.446573697220497,0.0206892823111027,-0.0487054828116952,23.306669821100897,23.74734026656883,,,,,,,,,,,-0.0014032464064151,2024-03-22,0.1400000000000005,2024-03-22,-0.0111968937035119,2024-03-22,0.0044993048748086,2024-03-22,-0.0499999999999998,2024-03-22,1.0,1.0,1.0,1.0,1.0,Saturday,1,Out_of_Sample,1,83,1,1
2024-03-24,0.0174186836451953,0.0233248931000719,24.026726555282774,23.93164536035141,0.0077021750591957,0.0206892823111027,23.221143082108924,23.306669821100897,,,,,,,,,,,-0.0014032464064151,2024-03-22,0.1400000000000005,2024-03-22,-0.0111968937035119,2024-03-22,0.0044993048748086,2024-03-22,-0.0499999999999998,2024-03-22,2.0,2.0,2.0,2.0,2.0,Sunday,1,Out_of_Sample,1,84,1,1
2024-03-25,0.0702696771695903,0.0174186836451953,24.477468024693216,24.026726555282774,0.0612611736051354,0.0077021750591957,23.64663823979586,23.221143082108924,-0.0030595955699421,-0.0014032464064151,0.129999999999999,0.1400000000000005,0.0077084785250944,-0.0111968937035119,-0.0022806993806164,0.0044993048748086,0.0300000000000002,-0.0499999999999998,-0.0014032464064151,2024-03-22,0.1400000000000005,2024-03-22,-0.0111968937035119,2024-03-22,0.0044993048748086,2024-03-22,-0.0499999999999998,2024-03-22,3.0,3.0,3.0,3.0,3.0,Monday,0,Out_of_Sample,1,85,1,1
2024-03-26,-0.01624502386136,0.0702696771695903,24.307074660270732,24.477468024693216,-0.0146978809115043,0.0612611736051354,23.641336717333033,23.64663823979586,-0.0028037482252575,-0.0030595955699421,0.0500000000000007,0.129999999999999,0.0003678047123048,0.0077084785250944,0.000556280226115,-0.0022806993806164,-0.0099999999999997,0.0300000000000002,-0.0030595955699421,2024-03-25,0.129999999999999,2024-03-25,0.0077084785250944,2024-03-25,-0.0022806993806164,2024-03-25,0.0300000000000002,2024-03-25,1.0,1.0,1.0,1.0,1.0,Tuesday,0,Out_of_Sample,1,86,1,1
2024-03-27,-0.0138229616432781,-0.01624502386136,24.432612239533597,24.307074660270732,-0.0183631202823742,-0.0146978809115043,23.65462395692041,23.641336717333033,0.0085935659407079,-0.0028037482252575,-0.4600000000000008,0.0500000000000007,0.0068709900334791,0.0003678047123048,0.0005272214116494,0.000556280226115,-0.04,-0.0099999999999997,-0.0028037482252575,2024-03-26,0.0500000000000007,2024-03-26,0.0003678047123048,2024-03-26,0.000556280226115,2024-03-26,-0.0099999999999997,2024-03-26,1.0,1.0,1.0,1.0,1.0,Wednesday,0,Out_of_Sample,1,87,1,1
2024-03-28,0.0263831247700204,-0.0138229616432781,24.260592501787148,24.432612239533597,0.0144686852358644,-0.0183631202823742,23.52174609649852,23.65462395692041,0.001115888770671,0.0085935659407079,0.2300000000000004,-0.4600000000000008,0.0121597708280425,0.0068709900334791,0.001895698864454,0.0005272214116494,0.0,-0.04,0.0085935659407079,2024-03-27,-0.4600000000000008,2024-03-27,0.0068709900334791,2024-03-27,0.0005272214116494,2024-03-27,-0.04,2024-03-27,1.0,1.0,1.0,1.0,1.0,Thursday,0,Out_of_Sample,1,88,1,1
2024-03-29,-0.01496919816884,0.0263831247700204,23.95133335895818,24.260592501787148,-0.0185298044415573,0.0144686852358644,23.265867458096995,23.52174609649852,,,,,,,0.0,0.001895698864454,,,0.001115888770671,2024-03-28,0.2300000000000004,2024-03-28,0.0121597708280425,2024-03-28,0.001895698864454,2024-03-28,0.0,2024-03-28,1.0,1.0,1.0,1.0,1.0,Friday,0,Out_of_Sample,1,89,1,1
2024-03-30,0.0029245026613836,-0.01496919816884,23.564111269614735,23.95133335895818,0.003226269750645,-0.0185298044415573,22.962811741095596,23.265867458096995,,,,,,,,,,,0.001115888770671,2024-03-28,0.2300000000000004,2024-03-28,0.0121597708280425,2024-03-28,0.0,2024-03-29,0.0,2024-03-28,2.0,2.0,2.0,1.0,2.0,Saturday,1,Out_of_Sample,1,90,1,1
2024-03-31,0.0140298814492658,0.0029245026613836,23.721541940868633,23.564111269614735,0.0350112075754594,0.003226269750645,23.074629801093742,22.962811741095596,,,,,,,,,,,0.001115888770671,2024-03-28,0.2300000000000004,2024-03-28,0.0121597708280425,2024-03-28,0.0,2024-03-29,0.0,2024-03-28,3.0,3.0,3.0,2.0,3.0,Sunday,1,Out_of_Sample,1,91,1,1
2024-04-01,-0.0153763839696944,0.0140298814492658,24.27499384973043,23.721541940868633,-0.0379372521549726,0.0350112075754594,23.49598571814698,23.074629801093742,-0.002015599665825,0.001115888770671,0.6400000000000006,0.2300000000000004,0.0085768495755336,0.0121597708280425,0.0045141202319494,0.0,0.1299999999999999,0.0,0.001115888770671,2024-03-28,0.2300000000000004,2024-03-28,0.0121597708280425,2024-03-28,0.0,2024-03-29,0.0,2024-03-28,4.0,4.0,4.0,3.0,4.0,Monday,0,Out_of_Sample,1,92,1,1
2024-04-02,-0.0604915918986163,-0.0153763839696944,24.649295109242964,24.27499384973043,-0.0671434720144871,-0.0379372521549726,23.81778130472046,23.49598571814698,-0.0072653957344673,-0.002015599665825,0.9599999999999992,0.6400000000000006,0.0108950494050669,0.0085768495755336,-0.0019348541790478,0.0045141202319494,0.0300000000000002,0.1299999999999999,-0.002015599665825,2024-04-01,0.6400000000000006,2024-04-01,0.0085768495755336,2024-04-01,0.0045141202319494,2024-04-01,0.1299999999999999,2024-04-01,1.0,1.0,1.0,1.0,1.0,Tuesday,0,Out_of_Sample,1,93,1,1
2024-04-03,0.001004543359742,-0.0604915918986163,24.26387780695315,24.649295109242964,0.011037236920114,-0.0671434720144871,23.49652524591306,23.81778130472046,0.0010904938060488,-0.0072653957344673,-0.2799999999999993,0.9599999999999992,0.0146641355644599,0.0108950494050669,-0.0054241636827555,-0.0019348541790478,0.0,0.0300000000000002,-0.0072653957344673,2024-04-02,0.9599999999999992,2024-04-02,0.0108950494050669,2024-04-02,-0.0019348541790478,2024-04-02,0.0300000000000002,2024-04-02,1.0,1.0,1.0,1.0,1.0,Wednesday,0,Out_of_Sample,1,94,1,1
2024-04-04,0.0332365350980435,0.001004543359742,24.26247079521552,24.26387780695315,0.0056987942560153,0.011037236920114,23.395780774454128,23.49652524591306,-0.0124109830574574,0.0010904938060488,2.020000000000002,-0.2799999999999993,-0.0024436447730251,0.0146641355644599,-0.0012285839237938,-0.0054241636827555,-0.0500000000000007,0.0,0.0010904938060488,2024-04-03,-0.2799999999999993,2024-04-03,0.0146641355644599,2024-04-03,-0.0054241636827555,2024-04-03,0.0,2024-04-03,1.0,1.0,1.0,1.0,1.0,Thursday,0,Out_of_Sample,1,95,1,1
2024-04-05,-0.004570511889834,0.0332365350980435,24.242193810104595,24.26247079521552,0.0029421940554148,0.0056987942560153,23.44551127997024,23.395780774454128,0.0110380725696564,-0.0124109830574574,-0.3200000000000003,2.020000000000002,0.0159933639117823,-0.0024436447730251,0.001698501984487,-0.0012285839237938,0.08,-0.0500000000000007,-0.0124109830574574,2024-04-04,2.020000000000002,2024-04-04,-0.0024436447730251,2024-04-04,-0.0012285839237938,2024-04-04,-0.0500000000000007,2024-04-04,1.0,1.0,1.0,1.0,1.0,Friday,0,Out_of_Sample,1,96,1,1
2024-04-06,0.0111998518238199,-0.004570511889834,23.717386102363157,24.242193810104595,0.0080020730654846,0.0029421940554148,22.91569301380364,23.44551127997024,,,,,,,,,,,0.0110380725696564,2024-04-05,-0.3200000000000003,2024-04-05,0.0159933639117823,2024-04-05,0.001698501984487,2024-04-05,0.08,2024-04-05,1.0,1.0,1.0,1.0,1.0,Saturday,1,Out_of_Sample,1,97,1,1
2024-04-07,0.0132448420611753,0.0111998518238199,23.7774995561609,23.717386102363157,0.011575691957889,0.0080020730654846,23.018937942811142,22.91569301380364,,,,,,,,,,,0.0110380725696564,2024-04-05,-0.3200000000000003,2024-04-05,0.0159933639117823,2024-04-05,0.001698501984487,2024-04-05,0.08,2024-04-05,2.0,2.0,2.0,2.0,2.0,Sunday,1,Out_of_Sample,1,98,1,1
2024-04-08,0.0338188882276003,0.0132448420611753,24.341224651971093,23.7774995561609,0.081147878697655,0.011575691957889,23.670602882605873,23.018937942811142,-0.0003747574930495,0.0110380725696564,-0.8400000000000016,-0.3200000000000003,0.0025765463327621,0.0159933639117823,-0.0015160386327052,0.001698501984487,0.0300000000000002,0.08,0.0110380725696564,2024-04-05,-0.3200000000000003,2024-04-05,0.0159933639117823,2024-04-05,0.001698501984487,2024-04-05,0.08,2024-04-05,3.0,3.0,3.0,3.0,3.0,Monday,0,Out_of_Sample,1,99,1,1
2024-04-09,-0.0363839147837078,0.0338188882276003,24.318573360871923,24.341224651971093,-0.0490809159274276,0.081147878697655,23.629061030521697,23.670602882605873,0.001444445762702,-0.0003747574930495,-0.209999999999999,-0.8400000000000016,0.0050479440488116,0.0025765463327621,7.68167153550772e-05,-0.0015160386327052,-0.0599999999999996,0.0300000000000002,-0.0003747574930495,2024-04-08,-0.8400000000000016,2024-04-08,0.0025765463327621,2024-04-08,-0.0015160386327052,2024-04-08,0.0300000000000002,2024-04-08,1.0,1.0,1.0,1.0,1.0,Tuesday,0,Out_of_Sample,1,100,1,1
2024-04-10,0.0095073964286869,-0.0363839147837078,24.36920130123096,24.318573360871923,0.00021349730007,-0.0490809159274276,23.548949890785195,23.629061030521697,-0.0095019783338873,0.001444445762702,0.8200000000000003,-0.209999999999999,-0.0059489174406446,0.0050479440488116,0.0104780010456976,7.68167153550772e-05,0.1899999999999995,-0.0599999999999996,0.001444445762702,2024-04-09,-0.209999999999999,2024-04-09,0.0050479440488116,2024-04-09,7.68167153550772e-05,2024-04-09,-0.0599999999999996,2024-04-09,1.0,1.0,1.0,1.0,1.0,Wednesday,0,Out_of_Sample,1,101,1,1
2024-04-11,0.0101130102786856,0.0095073964286869,24.129562957506835,24.36920130123096,0.0032537450292692,0.00021349730007,23.36778923528027,23.548949890785195,0.007417237205872,-0.0095019783338873,-0.8900000000000006,0.8200000000000003,0.0107591979675619,-0.0059489174406446,0.0003514988612476,0.0104780010456976,0.0099999999999997,0.1899999999999995,-0.0095019783338873,2024-04-10,0.8200000000000003,2024-04-10,-0.0059489174406446,2024-04-10,0.0104780010456976,2024-04-10,0.1899999999999995,2024-04-10,1.0,1.0,1.0,1.0,1.0,Thursday,0,Out_of_Sample,1,102,1,1
2024-04-12,-0.0489131995699212,0.0101130102786856,24.510389784416372,24.129562957506835,-0.0880861762779006,0.0032537450292692,23.81906376309886,23.36778923528027,-0.0146576070294485,0.007417237205872,2.3999999999999986,-0.8900000000000006,0.0005943121990892,0.0107591979675619,0.0071550560786615,0.0003514988612476,-0.0599999999999996,0.0099999999999997,0.007417237205872,2024-04-11,-0.8900000000000006,2024-04-11,0.0107591979675619,2024-04-11,0.0003514988612476,2024-04-11,0.0099999999999997,2024-04-11,1.0,1.0,1.0,1.0,1.0,Friday,0,Out_of_Sample,1,103,1,1
2024-04-13,-0.0802909519670543,-0.0489131995699212,24.691096955129304,24.510389784416372,-0.1014590823328113,-0.0880861762779006,24.122140796339146,23.81906376309886,,,,,,,,,,,-0.0146576070294485,2024-04-12,2.3999999999999986,2024-04-12,0.0005943121990892,2024-04-12,0.0071550560786615,2024-04-12,-0.0599999999999996,2024-04-12,1.0,1.0,1.0,1.0,1.0,Saturday,1,Out_of_Sample,1,104,1,1
2024-04-14,0.0301856329656213,-0.0802909519670543,24.616805473433065,24.691096955129304,0.0508757046800845,-0.1014590823328113,23.961406301048612,24.122140796339146,,,,,,,,,,,-0.0146576070294485,2024-04-12,2.3999999999999986,2024-04-12,0.0005943121990892,2024-04-12,0.0071550560786615,2024-04-12,-0.0599999999999996,2024-04-12,2.0,2.0,2.0,2.0,2.0,Sunday,1,Out_of_Sample,1,105,1,1
2024-04-15,-0.011409078485891,0.0301856329656213,24.49822935112868,24.616805473433065,0.0048280608452587,0.0508757046800845,23.81093183197944,23.961406301048612,-0.0120941305633058,-0.0146576070294485,1.9200000000000017,2.3999999999999986,0.004066120662029,0.0005943121990892,0.001601915101849,0.0071550560786615,0.1299999999999999,-0.0599999999999996,-0.0146576070294485,2024-04-12,2.3999999999999986,2024-04-12,0.0005943121990892,2024-04-12,0.0071550560786615,2024-04-12,-0.0599999999999996,2024-04-12,3.0,3.0,3.0,3.0,3.0,Monday,0,Out_of_Sample,1,106,1,1
2024-04-16,-0.0015612310741558,-0.011409078485891,24.480913792531563,24.49822935112868,-0.0038345349685092,0.0048280608452587,23.69067019560961,23.81093183197944,-0.0020586901863485,-0.0120941305633058,-0.8300000000000018,1.9200000000000017,0.010511806622644,0.004066120662029,0.0004612524497564,0.001601915101849,0.04,0.1299999999999999,-0.0120941305633058,2024-04-15,1.9200000000000017,2024-04-15,0.004066120662029,2024-04-15,0.001601915101849,2024-04-15,0.1299999999999999,2024-04-15,1.0,1.0,1.0,1.0,1.0,Tuesday,0,Out_of_Sample,1,107,1,1
2024-04-17,-0.0354879594851966,-0.0015612310741558,24.45891548906634,24.480913792531563,-0.032847887064307,-0.0038345349685092,23.59750083794196,23.69067019560961,-0.0057973363660966,-0.0020586901863485,-0.1899999999999977,-0.8300000000000018,-0.0080210813904086,0.010511806622644,-0.0028839649032077,0.0004612524497564,-0.08,0.04,-0.0020586901863485,2024-04-16,-0.8300000000000018,2024-04-16,0.010511806622644,2024-04-16,0.0004612524497564,2024-04-16,0.04,2024-04-16,1.0,1.0,1.0,1.0,1.0,Wednesday,0,Out_of_Sample,1,108,1,1
2024-04-18,0.0431290544363939,-0.0354879594851966,24.306959963806136,24.45891548906634,0.0324733948632078,-0.032847887064307,23.44349339449911,23.59750083794196,-0.002210632863926,-0.0057973363660966,-0.2100000000000008,-0.1899999999999977,0.0044594510824546,-0.0080210813904086,0.0018858856519606,-0.0028839649032077,0.0499999999999998,-0.08,-0.0057973363660966,2024-04-17,-0.1899999999999977,2024-04-17,-0.0080210813904086,2024-04-17,-0.0028839649032077,2024-04-17,-0.08,2024-04-17,1.0,1.0,1.0,1.0,1.0,Thursday,0,Out_of_Sample,1,109,1,1
2024-04-19,0.0083707755536935,0.0431290544363939,24.63369608262592,24.306959963806136,0.0030894333515899,0.0324733948632078,23.738799897943288,23.44349339449911,-0.0087971023365461,-0.002210632863926,0.7100000000000009,-0.2100000000000008,0.0067353795655969,0.0044594510824546,2.826122795213978e-05,0.0018858856519606,-0.0199999999999995,0.0499999999999998,-0.002210632863926,2024-04-18,-0.2100000000000008,2024-04-18,0.0044594510824546,2024-04-18,0.0018858856519606,2024-04-18,0.0499999999999998,2024-04-18,1.0,1.0,1.0,1.0,1.0,Friday,0,Out_of_Sample,1,110,1,1
2024-04-20,0.0111010501027097,0.0083707755536935,23.862989595518936,24.63369608262592,0.0249479855699328,0.0030894333515899,23.017681866817536,23.738799897943288,,,,,,,,,,,-0.0087971023365461,2024-04-19,0.7100000000000009,2024-04-19,0.0067353795655969,2024-04-19,2.826122795213978e-05,2024-04-19,-0.0199999999999995,2024-04-19,1.0,1.0,1.0,1.0,1.0,Saturday,1,Out_of_Sample,1,111,1,1
2024-04-21,-0.0018022507471976,0.0111010501027097,23.744014809739753,23.862989595518936,-0.0024415777737796,0.0249479855699328,22.963378315374275,23.017681866817536,,,,,,,,,,,-0.0087971023365461,2024-04-19,0.7100000000000009,2024-04-19,0.0067353795655969,2024-04-19,2.826122795213978e-05,2024-04-19,-0.0199999999999995,2024-04-19,2.0,2.0,2.0,2.0,2.0,Sunday,1,Out_of_Sample,1,112,1,1
2024-04-22,0.028786931697061,-0.0018022507471976,24.065515676043653,23.744014809739753,0.0131017259121116,-0.0024415777737796,23.213479938345703,22.963378315374275,0.0086933277348877,-0.0087971023365461,-1.7699999999999996,0.7100000000000009,-0.0279898004813596,0.0067353795655969,-0.0007256244693619,2.826122795213978e-05,0.0,-0.0199999999999995,-0.0087971023365461,2024-04-19,0.7100000000000009,2024-04-19,0.0067353795655969,2024-04-19,2.826122795213978e-05,2024-04-19,-0.0199999999999995,2024-04-19,3.0,3.0,3.0,3.0,3.0,Monday,0,Out_of_Sample,1,113,1,1
2024-04-23,-0.0028947271708792,0.028786931697061,23.91419375540299,24.065515676043653,0.0061071705969106,0.0131017259121116,23.12609823415496,23.213479938345703,0.0118936245766508,0.0086933277348877,-1.2500000000000018,-1.7699999999999996,-0.0019313725586944,-0.0279898004813596,-0.0037968990418102,-0.0007256244693619,-0.0099999999999997,0.0,0.0086933277348877,2024-04-22,-1.7699999999999996,2024-04-22,-0.0279898004813596,2024-04-22,-0.0007256244693619,2024-04-22,0.0,2024-04-22,1.0,1.0,1.0,1.0,1.0,Tuesday,0,Out_of_Sample,1,114,1,1
2024-04-24,-0.0354649271994759,-0.0028947271708792,24.133642794420556,23.91419375540299,-0.0254029372510564,0.0061071705969106,23.36233993499251,23.12609823415496,0.0002129719654122,0.0118936245766508,0.2800000000000011,-1.2500000000000018,-0.0013756724603899,-0.0019313725586944,0.001720780259344,-0.0037968990418102,0.04,-0.0099999999999997,0.0118936245766508,2024-04-23,-1.2500000000000018,2024-04-23,-0.0019313725586944,2024-04-23,-0.0037968990418102,2024-04-23,-0.0099999999999997,2024-04-23,1.0,1.0,1.0,1.0,1.0,Wednesday,0,Out_of_Sample,1,115,1,1
2024-04-25,0.0116275867015831,-0.0354649271994759,24.19385826570984,24.133642794420556,0.0136900432012335,-0.0254029372510564,23.361539306566534,23.36233993499251,-0.0045869419014574,0.0002129719654122,-0.6000000000000014,0.2800000000000011,0.0022774857931127,-0.0013756724603899,-0.0024496950133285,0.001720780259344,0.0499999999999998,0.04,0.0002129719654122,2024-04-24,0.2800000000000011,2024-04-24,-0.0013756724603899,2024-04-24,0.001720780259344,2024-04-24,0.04,2024-04-24,1.0,1.0,1.0,1.0,1.0,Thursday,0,Out_of_Sample,1,116,1,1
2024-04-26,-0.0132938972454768,0.0116275867015831,23.90711007671919,24.19385826570984,-0.0096094458531862,0.0136900432012335,23.08622458963324,23.361539306566534,0.0101573735165602,-0.0045869419014574,-0.3399999999999998,-0.6000000000000014,0.0021438073190774,0.0022774857931127,0.0032145856287739,-0.0024496950133285,-0.0300000000000002,0.0499999999999998,-0.0045869419014574,2024-04-25,-0.6000000000000014,2024-04-25,0.0022774857931127,2024-04-25,-0.0024496950133285,2024-04-25,0.0499999999999998,2024-04-25,1.0,1.0,1.0,1.0,1.0,Friday,0,Out_of_Sample,1,117,1,1
2024-04-27,-0.0109674212901826,-0.0132938972454768,23.695257675194075,23.90711007671919,0.0299306254580965,-0.0096094458531862,23.19312530839101,23.08622458963324,,,,,,,,,,,0.0101573735165602,2024-04-26,-0.3399999999999998,2024-04-26,0.0021438073190774,2024-04-26,0.0032145856287739,2024-04-26,-0.0300000000000002,2024-04-26,1.0,1.0,1.0,1.0,1.0,Saturday,1,Out_of_Sample,1,118,1,1
2024-04-28,0.0067217210981002,-0.0109674212901826,23.57598349350749,23.695257675194075,0.0227364385433231,0.0299306254580965,23.15505232094882,23.19312530839101,,,,,,,,,,,0.0101573735165602,2024-04-26,-0.3399999999999998,2024-04-26,0.0021438073190774,2024-04-26,0.0032145856287739,2024-04-26,-0.0300000000000002,2024-04-26,2.0,2.0,2.0,2.0,2.0,Sunday,1,Out_of_Sample,1,119,1,1
2024-04-29,-0.0113181186472079,0.0067217210981002,24.005526220130623,23.57598349350749,-0.0424748446022586,0.0227364385433231,23.433463518294783,23.15505232094882,0.0031734156874775,0.0101573735165602,-0.3599999999999994,-0.3399999999999998,0.0045296661467797,0.0021438073190774,-0.0033945294678406,0.0032145856287739,-0.04,-0.0300000000000002,0.0101573735165602,2024-04-26,-0.3399999999999998,2024-04-26,0.0021438073190774,2024-04-26,0.0032145856287739,2024-04-26,-0.0300000000000002,2024-04-26,3.0,3.0,3.0,3.0,3.0,Monday,0,Out_of_Sample,1,120,1,1
2024-04-30,-0.0501919055068689,-0.0113181186472079,24.35665478112151,24.005526220130623,-0.0693494705704347,-0.0424748446022586,23.628356223158033,23.433463518294783,-0.0158555547534457,0.0031734156874775,0.9800000000000004,-0.3599999999999994,-0.0232929795486803,0.0045296661467797,0.006062341513031,-0.0033945294678406,0.0600000000000005,-0.04,0.0031734156874775,2024-04-29,-0.3599999999999994,2024-04-29,0.0045296661467797,2024-04-29,-0.0033945294678406,2024-04-29,-0.04,2024-04-29,1.0,1.0,1.0,1.0,1.0,Tuesday,0,Out_of_Sample,1,121,1,1
2024-05-01,-0.0441131876491687,-0.0501919055068689,24.60358721951449,24.35665478112151,-0.008593346044841,-0.0693494705704347,23.719250950783604,23.628356223158033,-0.0034413923648739,-0.0158555547534457,-0.2599999999999998,0.9800000000000004,0.0037026594091494,-0.0232929795486803,-0.0043967312402957,0.006062341513031,-0.0600000000000005,0.0600000000000005,-0.0158555547534457,2024-04-30,0.9800000000000004,2024-04-30,-0.0232929795486803,2024-04-30,0.006062341513031,2024-04-30,0.0600000000000005,2024-04-30,1.0,1.0,1.0,1.0,1.0,Wednesday,0,Out_of_Sample,1,122,1,1
2024-05-02,0.0247850036738036,-0.0441131876491687,24.211002120524427,24.60358721951449,0.0165611138657798,-0.008593346044841,23.30074436801605,23.719250950783604,0.0090870134013374,-0.0034413923648739,-0.7100000000000009,-0.2599999999999998,-0.0003043861623244,0.0037026594091494,-0.0043211757138649,-0.0043967312402957,-0.0499999999999998,-0.0600000000000005,-0.0034413923648739,2024-05-01,-0.2599999999999998,2024-05-01,0.0037026594091494,2024-05-01,-0.0043967312402957,2024-05-01,-0.0600000000000005,2024-05-01,1.0,1.0,1.0,1.0,1.0,Thursday,0,Out_of_Sample,1,123,1,1
2024-05-03,0.069337382317619,0.0247850036738036,24.224972678337977,24.211002120524427,0.0421451430836028,0.0165611138657798,23.27755731032033,23.30074436801605,0.0124785886089991,0.0090870134013374,-1.1899999999999995,-0.7100000000000009,-8.696932457233537e-05,-0.0003043861623244,-0.0025578987839887,-0.0043211757138649,-0.08,-0.0499999999999998,0.0090870134013374,2024-05-02,-0.7100000000000009,2024-05-02,-0.0003043861623244,2024-05-02,-0.0043211757138649,2024-05-02,-0.0499999999999998,2024-05-02,1.0,1.0,1.0,1.0,1.0,Friday,0,Out_of_Sample,1,124,1,1
2024-05-04,0.0156358612665244,0.069337382317619,23.74955049625588,24.224972678337977,0.0042926770172011,0.0421451430836028,22.837498782191275,23.27755731032033,,,,,,,,,,,0.0124785886089991,2024-05-03,-1.1899999999999995,2024-05-03,-8.696932457233537e-05,2024-05-03,-0.0025578987839887,2024-05-03,-0.08,2024-05-03,1.0,1.0,1.0,1.0,1.0,Saturday,1,Out_of_Sample,1,125,1,1
2024-05-05,-0.0028949247846598,0.0156358612665244,23.62995730133293,23.74955049625588,0.0029843860674578,0.0042926770172011,22.896134837108885,22.837498782191275,,,,,,,,,,,0.0124785886089991,2024-05-03,-1.1899999999999995,2024-05-03,-8.696932457233537e-05,2024-05-03,-0.0025578987839887,2024-05-03,-0.08,2024-05-03,2.0,2.0,2.0,2.0,2.0,Sunday,1,Out_of_Sample,1,126,1,1
2024-05-06,-0.0070055858689724,-0.0028949247846598,24.08009078627131,23.62995730133293,-0.0186256872200935,0.0029843860674578,23.288875534412412,22.896134837108885,0.0102731360693768,0.0124785886089991,0.0,-1.1899999999999995,0.0097823994309423,-8.696932457233537e-05,0.0001999228875523,-0.0025578987839887,-0.0099999999999997,-0.08,0.0124785886089991,2024-05-03,-1.1899999999999995,2024-05-03,-8.696932457233537e-05,2024-05-03,-0.0025578987839887,2024-05-03,-0.08,2024-05-03,3.0,3.0,3.0,3.0,3.0,Monday,0,Out_of_Sample,1,127,1,1
2024-05-07,-0.0051793891028767,-0.0070055858689724,23.978694626689688,24.08009078627131,-0.0102807694017093,-0.0186256872200935,23.186539108280535,23.288875534412412,0.0013425358193505,0.0102731360693768,-0.2599999999999998,0.0,-0.0027605894071453,0.0097823994309423,0.0034305350967892,0.0001999228875523,-0.0200000000000004,-0.0099999999999997,0.0102731360693768,2024-05-06,0.0,2024-05-06,0.0097823994309423,2024-05-06,0.0001999228875523,2024-05-06,-0.0099999999999997,2024-05-06,1.0,1.0,1.0,1.0,1.0,Tuesday,0,Out_of_Sample,1,128,1,1
2024-05-08,-0.0226029285609912,-0.0051793891028767,23.98474787699091,23.978694626689688,-0.0323727305622052,-0.0102807694017093,23.190658521881208,23.186539108280535,-5.78292629562257e-06,0.0013425358193505,-0.2300000000000004,-0.2599999999999998,-0.0006912606128823,-0.0027605894071453,0.0012703952257978,0.0034305350967892,0.0100000000000006,-0.0200000000000004,0.0013425358193505,2024-05-07,-0.2599999999999998,2024-05-07,-0.0027605894071453,2024-05-07,0.0034305350967892,2024-05-07,-0.0200000000000004,2024-05-07,1.0,1.0,1.0,1.0,1.0,Wednesday,0,Out_of_Sample,1,129,1,1
2024-05-09,0.0169175661540506,-0.0226029285609912,23.960112736803197,23.98474787699091,0.0235419237143738,-0.0323727305622052,23.108531433630652,23.190658521881208,0.0050780025958913,-5.78292629562257e-06,-0.3100000000000005,-0.2300000000000004,0.0079643958983619,-0.0006912606128823,-0.0030269554788201,0.0012703952257978,-0.0300000000000002,0.0100000000000006,-5.78292629562257e-06,2024-05-08,-0.2300000000000004,2024-05-08,-0.0006912606128823,2024-05-08,0.0012703952257978,2024-05-08,0.0100000000000006,2024-05-08,1.0,1.0,1.0,1.0,1.0,Thursday,0,Out_of_Sample,1,130,1,1
2024-05-10,-0.0345572554020824,0.0169175661540506,24.048480068165443,23.960112736803197,-0.0438369548909163,0.0235419237143738,23.231128112041947,23.108531433630652,0.0016480214063461,0.0050780025958913,-0.1399999999999988,-0.3100000000000005,0.014980894748723,0.0079643958983619,0.0007029944049967,-0.0030269554788201,0.0499999999999998,-0.0300000000000002,0.0050780025958913,2024-05-09,-0.3100000000000005,2024-05-09,0.0079643958983619,2024-05-09,-0.0030269554788201,2024-05-09,-0.0300000000000002,2024-05-09,1.0,1.0,1.0,1.0,1.0,Friday,0,Out_of_Sample,1,131,1,1
2024-05-11,0.0093156536168986,-0.0345572554020824,23.35099300544328,24.048480068165443,0.0103684196090183,-0.0438369548909163,22.63958774727265,23.231128112041947,,,,,,,,,,,0.0016480214063461,2024-05-10,-0.1399999999999988,2024-05-10,0.014980894748723,2024-05-10,0.0007029944049967,2024-05-10,0.0499999999999998,2024-05-10,1.0,1.0,1.0,1.0,1.0,Saturday,1,Out_of_Sample,1,132,1,1
2024-05-12,0.0033146873513329,0.0093156536168986,23.347967718772853,23.35099300544328,0.0001539922493609,0.0103684196090183,22.499732531338953,22.63958774727265,,,,,,,,,,,0.0016480214063461,2024-05-10,-0.1399999999999988,2024-05-10,0.014980894748723,2024-05-10,0.0007029944049967,2024-05-10,0.0499999999999998,2024-05-10,2.0,2.0,2.0,2.0,2.0,Sunday,1,Out_of_Sample,1,133,1,1
2024-05-13,0.0294764616413887,0.0033146873513329,24.051504679208968,23.347967718772853,0.0107886558474106,0.0001539922493609,23.314951854969692,22.499732531338953,-0.0002412845541718,0.0016480214063461,1.049999999999999,-0.1399999999999988,-0.01326717176702,0.014980894748723,-0.0007885274421844,0.0007029944049967,-0.0199999999999995,0.0499999999999998,0.0016480214063461,2024-05-10,-0.1399999999999988,2024-05-10,0.014980894748723,2024-05-10,0.0007029944049967,2024-05-10,0.0499999999999998,2024-05-10,3.0,3.0,3.0,3.0,3.0,Monday,0,Out_of_Sample,1,134,1,1
2024-05-14,-0.0234332793162606,0.0294764616413887,24.06210087106889,24.051504679208968,-0.0216257935942462,0.0107886558474106,23.24454589213869,23.314951854969692,0.0048261000617198,-0.0002412845541718,-0.1799999999999997,1.049999999999999,0.0073781354798519,-0.01326717176702,-0.0019502363112492,-0.0007885274421844,-0.0300000000000002,-0.0199999999999995,-0.0002412845541718,2024-05-13,1.049999999999999,2024-05-13,-0.01326717176702,2024-05-13,-0.0007885274421844,2024-05-13,-0.0199999999999995,2024-05-13,1.0,1.0,1.0,1.0,1.0,Tuesday,0,Out_of_Sample,1,135,1,1
2024-05-15,0.0682091139504595,-0.0234332793162606,24.407513758904702,24.06210087106889,0.0447968581014372,-0.0216257935942462,23.408859292703152,23.24454589213869,0.0116478796880459,0.0048261000617198,-0.9700000000000006,-0.1799999999999997,0.0148882149106042,0.0073781354798519,-0.0063814353107725,-0.0019502363112492,-0.0899999999999998,-0.0300000000000002,0.0048261000617198,2024-05-14,-0.1799999999999997,2024-05-14,0.0073781354798519,2024-05-14,-0.0019502363112492,2024-05-14,-0.0300000000000002,2024-05-14,1.0,1.0,1.0,1.0,1.0,Wednesday,0,Out_of_Sample,1,136,1,1
2024-05-16,-0.0105982560276306,0.0682091139504595,24.175570632198017,24.407513758904702,-0.0285712632938049,0.0447968581014372,23.290939570384804,23.408859292703152,-0.0020838743073001,0.0116478796880459,-0.0299999999999993,-0.9700000000000006,-0.0036487767790969,0.0148882149106042,0.0011206522027006,-0.0063814353107725,0.0199999999999995,-0.0899999999999998,0.0116478796880459,2024-05-15,-0.9700000000000006,2024-05-15,0.0148882149106042,2024-05-15,-0.0063814353107725,2024-05-15,-0.0899999999999998,2024-05-15,1.0,1.0,1.0,1.0,1.0,Thursday,0,Out_of_Sample,1,137,1,1
2024-05-17,0.0247962841999007,-0.0105982560276306,24.056586841823663,24.175570632198017,0.0503441469102977,-0.0285712632938049,23.39392136472801,23.290939570384804,0.0011641104408194,-0.0020838743073001,-0.4299999999999997,-0.0299999999999993,0.0134386862414674,-0.0036487767790969,-0.0001627518468748,0.0011206522027006,0.04,0.0199999999999995,-0.0020838743073001,2024-05-16,-0.0299999999999993,2024-05-16,-0.0036487767790969,2024-05-16,0.0011206522027006,2024-05-16,0.0199999999999995,2024-05-16,1.0,1.0,1.0,1.0,1.0,Friday,0,Out_of_Sample,1,138,1,1
2024-05-18,0.0009708158602192,0.0247962841999007,23.53940946027306,24.056586841823663,0.0103285217229649,0.0503441469102977,22.9647253854332,23.39392136472801,,,,,,,,,,,0.0011641104408194,2024-05-17,-0.4299999999999997,2024-05-17,0.0134386862414674,2024-05-17,-0.0001627518468748,2024-05-17,0.04,2024-05-17,1.0,1.0,1.0,1.0,1.0,Saturday,1,Out_of_Sample,1,139,1,1
2024-05-19,-0.012407498427908,0.0009708158602192,23.68072985958692,23.53940946027306,-0.0146193367976242,0.0103285217229649,22.892068168582604,22.9647253854332,,,,,,,,,,,0.0011641104408194,2024-05-17,-0.4299999999999997,2024-05-17,0.0134386862414674,2024-05-17,-0.0001627518468748,2024-05-17,0.04,2024-05-17,2.0,2.0,2.0,2.0,2.0,Sunday,1,Out_of_Sample,1,140,1,1
2024-05-20,0.0496603236030745,-0.012407498427908,24.5040555092902,23.68072985958692,0.1291988290300623,-0.0146193367976242,24.164585574774975,22.892068168582604,0.0009159960683443,0.0011641104408194,0.1600000000000001,-0.4299999999999997,0.0089556950387785,0.0134386862414674,0.001148270543852,-0.0001627518468748,0.0200000000000004,0.04,0.0011641104408194,2024-05-17,-0.4299999999999997,2024-05-17,0.0134386862414674,2024-05-17,-0.0001627518468748,2024-05-17,0.04,2024-05-17,3.0,3.0,3.0,3.0,3.0,Monday,0,Out_of_Sample,1,141,1,1
2024-05-21,0.0026500545160474,0.0496603236030745,24.57196571013925,24.5040555092902,0.0675295733900453,0.1291988290300623,24.35143553661867,24.164585574774975,0.0024986983273905,0.0009159960683443,-0.2900000000000009,0.1600000000000001,-0.0050251162420579,0.0089556950387785,0.0009176680406538,0.001148270543852,-0.0300000000000002,0.0200000000000004,0.0009159960683443,2024-05-20,0.1600000000000001,2024-05-20,0.0089556950387785,2024-05-20,0.001148270543852,2024-05-20,0.0200000000000004,2024-05-20,1.0,1.0,1.0,1.0,1.0,Tuesday,0,Out_of_Sample,1,142,1,1
2024-05-22,-0.0043702404899438,0.0026500545160474,24.213772450414822,24.57196571013925,0.0007766016464099,0.0675295733900453,23.94835469930259,24.35143553661867,-0.002709717683547,0.0024986983273905,0.4299999999999997,-0.2900000000000009,-0.0135111912825764,-0.0050251162420579,0.0025954956028911,0.0009176680406538,0.0199999999999995,-0.0300000000000002,0.0024986983273905,2024-05-21,-0.2900000000000009,2024-05-21,-0.0050251162420579,2024-05-21,0.0009176680406538,2024-05-21,-0.0300000000000002,2024-05-21,1.0,1.0,1.0,1.0,1.0,Wednesday,0,Out_of_Sample,1,143,1,1
2024-05-23,-0.024324755118298,-0.0043702404899438,24.45844857930133,24.213772450414822,0.0012929973342138,0.0007766016464099,24.54369219782909,23.94835469930259,-0.0074081767856449,-0.002709717683547,0.4800000000000004,0.4299999999999997,-0.0229466703181343,-0.0135111912825764,0.0016663417189354,0.0025954956028911,0.04,0.0199999999999995,-0.002709717683547,2024-05-22,0.4299999999999997,2024-05-22,-0.0135111912825764,2024-05-22,0.0025954956028911,2024-05-22,0.0199999999999995,2024-05-22,1.0,1.0,1.0,1.0,1.0,Thursday,0,Out_of_Sample,1,144,1,1
2024-05-24,0.016470857244696,-0.024324755118298,24.09734235543011,24.45844857930133,-0.0050936775850058,0.0012929973342138,23.825925162803724,24.54369219782909,0.0069765789150719,-0.0074081767856449,-0.8399999999999999,0.4800000000000004,-0.0010712373814988,-0.0229466703181343,-0.0036600749997776,0.0016663417189354,-0.0099999999999997,0.04,-0.0074081767856449,2024-05-23,0.4800000000000004,2024-05-23,-0.0229466703181343,2024-05-23,0.0016663417189354,2024-05-23,0.04,2024-05-23,1.0,1.0,1.0,1.0,1.0,Friday,0,Out_of_Sample,1,145,1,1
2024-05-25,0.0039774713893878,0.016470857244696,23.462367042971344,24.09734235543011,0.0028264960529486,-0.0050936775850058,23.0258537063366,23.825925162803724,,,,,,,,,,,0.0069765789150719,2024-05-24,-0.8399999999999999,2024-05-24,-0.0010712373814988,2024-05-24,-0.0036600749997776,2024-05-24,-0.0099999999999997,2024-05-24,1.0,1.0,1.0,1.0,1.0,Saturday,1,Out_of_Sample,1,146,1,1
2024-05-26,-0.0066237641275012,0.0039774713893878,23.47235776759337,23.462367042971344,0.0300002114040246,0.0028264960529486,23.407760422883296,23.0258537063366,,,,,,,,,,,0.0069765789150719,2024-05-24,-0.8399999999999999,2024-05-24,-0.0010712373814988,2024-05-24,-0.0036600749997776,2024-05-24,-0.0099999999999997,2024-05-24,2.0,2.0,2.0,2.0,2.0,Sunday,1,Out_of_Sample,1,147,1,1
2024-05-27,0.013075768662496,-0.0066237641275012,23.976388128390976,23.47235776759337,0.0077826426470613,0.0300002114040246,23.665026591447745,23.407760422883296,,,0.4299999999999997,-0.8399999999999999,,,-0.0012325686280909,-0.0036600749997776,,,0.0069765789150719,2024-05-24,-0.8399999999999999,2024-05-24,-0.0010712373814988,2024-05-24,-0.0036600749997776,2024-05-24,-0.0099999999999997,2024-05-24,3.0,3.0,3.0,3.0,3.0,Monday,0,Out_of_Sample,1,148,1,1
2024-05-28,-0.0194878259779661,0.013075768662496,24.211321599492113,23.976388128390976,-0.0157908861760586,0.0077826426470613,23.711270545833123,23.665026591447745,0.0002488040454801,0.0069765789150719,0.5600000000000005,0.4299999999999997,0.0096849750810076,-0.0010712373814988,0.0001816365457723,-0.0012325686280909,0.08,-0.0099999999999997,0.0069765789150719,2024-05-24,0.4299999999999997,2024-05-27,-0.0010712373814988,2024-05-24,-0.0012325686280909,2024-05-27,-0.0099999999999997,2024-05-24,4.0,1.0,4.0,1.0,4.0,Tuesday,0,Out_of_Sample,1,149,1,1
2024-05-29,-0.0123181229600415,-0.0194878259779661,24.008194270118494,24.211321599492113,-0.0207510494362619,-0.0157908861760586,23.5803919622578,23.711270545833123,-0.0073943469365055,0.0002488040454801,1.3599999999999994,0.5600000000000005,-0.0063464816760843,0.0096849750810076,0.0046253772029248,0.0001816365457723,0.0700000000000002,0.08,0.0002488040454801,2024-05-28,0.5600000000000005,2024-05-28,0.0096849750810076,2024-05-28,0.0001816365457723,2024-05-28,0.08,2024-05-28,1.0,1.0,1.0,1.0,1.0,Wednesday,0,Out_of_Sample,1,150,1,1
2024-05-30,0.0156534342388203,-0.0123181229600415,24.10798528454578,24.008194270118494,-0.0031252529644535,-0.0207510494362619,23.435696416633416,23.5803919622578,-0.0059929167225422,-0.0073943469365055,0.1900000000000012,1.3599999999999994,0.001110289464388,-0.0063464816760843,-0.0036508393146846,0.0046253772029248,-0.0600000000000005,0.0700000000000002,-0.0073943469365055,2024-05-29,1.3599999999999994,2024-05-29,-0.0063464816760843,2024-05-29,0.0046253772029248,2024-05-29,0.0700000000000002,2024-05-29,1.0,1.0,1.0,1.0,1.0,Thursday,0,Out_of_Sample,1,151,1,1
2024-05-31,-0.0123803512892118,0.0156534342388203,24.03334464659265,24.10798528454578,0.0138739087634752,-0.0031252529644535,23.450510679643912,23.435696416633416,0.0079958649115222,-0.0059929167225422,-1.5500000000000007,0.1900000000000012,-0.0085730735706837,0.001110289464388,-0.0004298261180761,-0.0036508393146846,-0.04,-0.0600000000000005,-0.0059929167225422,2024-05-30,0.1900000000000012,2024-05-30,0.001110289464388,2024-05-30,-0.0036508393146846,2024-05-30,-0.0600000000000005,2024-05-30,1.0,1.0,1.0,1.0,1.0,Friday,0,Out_of_Sample,1,152,1,1
2024-06-01,0.0016325328193202,-0.0123803512892118,23.17784175931194,24.03334464659265,0.0036818000748817,0.0138739087634752,22.88209885910507,23.450510679643912,,,,,,,,,,,0.0079958649115222,2024-05-31,-1.5500000000000007,2024-05-31,-0.0085730735706837,2024-05-31,-0.0004298261180761,2024-05-31,-0.04,2024-05-31,1.0,1.0,1.0,1.0,1.0,Saturday,1,Out_of_Sample,1,153,1,1
2024-06-02,0.000737827721194,0.0016325328193202,23.56296331438192,23.17784175931194,-0.0049015184764621,0.0036818000748817,23.132631711852515,22.88209885910507,,,,,,,,,,,0.0079958649115222,2024-05-31,-1.5500000000000007,2024-05-31,-0.0085730735706837,2024-05-31,-0.0004298261180761,2024-05-31,-0.04,2024-05-31,2.0,2.0,2.0,2.0,2.0,Sunday,1,Out_of_Sample,1,154,1,1
2024-06-03,0.0192119745643597,0.000737827721194,24.20146392945167,23.56296331438192,-0.0038643299415149,-0.0049015184764621,23.36819548356544,23.132631711852515,0.0011154342969859,0.0079958649115222,0.1899999999999995,-1.5500000000000007,0.0101511505854577,-0.0085730735706837,-0.0050859499222669,-0.0004298261180761,-0.0999999999999996,-0.04,0.0079958649115222,2024-05-31,-1.5500000000000007,2024-05-31,-0.0085730735706837,2024-05-31,-0.0004298261180761,2024-05-31,-0.04,2024-05-31,3.0,3.0,3.0,3.0,3.0,Monday,0,Out_of_Sample,1,155,1,1
2024-06-04,0.0186083886558869,0.0192119745643597,24.2242993995394,24.20146392945167,0.0095016352832155,-0.0038643299415149,23.313394688152265,23.36819548356544,0.0015016920495655,0.0011154342969859,0.0500000000000007,0.1899999999999995,-0.0090324439414323,0.0101511505854577,-0.0002881152480915,-0.0050859499222669,-0.08,-0.0999999999999996,0.0011154342969859,2024-06-03,0.1899999999999995,2024-06-03,0.0101511505854577,2024-06-03,-0.0050859499222669,2024-06-03,-0.0999999999999996,2024-06-03,1.0,1.0,1.0,1.0,1.0,Tuesday,0,Out_of_Sample,1,156,1,1
2024-06-05,0.0112707485853392,0.0186083886558869,24.214022695041997,24.2242993995394,0.0149137807042577,0.0095016352832155,23.462816929524124,23.313394688152265,0.011778026448059,0.0015016920495655,-0.5299999999999994,0.0500000000000007,0.0122234606208603,-0.0090324439414323,0.0015164751584076,-0.0002881152480915,-0.04,-0.08,0.0015016920495655,2024-06-04,0.0500000000000007,2024-06-04,-0.0090324439414323,2024-06-04,-0.0002881152480915,2024-06-04,-0.08,2024-06-04,1.0,1.0,1.0,1.0,1.0,Wednesday,0,Out_of_Sample,1,157,1,1
2024-06-06,-0.0072521029233495,0.0112707485853392,23.9510281401258,24.214022695041997,-0.0172596747579254,0.0149137807042577,23.33381962085462,23.462816929524124,-0.0001998694317565,0.011778026448059,-0.0500000000000007,-0.5299999999999994,0.0068580197117618,0.0122234606208603,-0.0015933199128304,0.0015164751584076,-0.0099999999999997,-0.04,0.011778026448059,2024-06-05,-0.5299999999999994,2024-06-05,0.0122234606208603,2024-06-05,0.0015164751584076,2024-06-05,-0.04,2024-06-05,1.0,1.0,1.0,1.0,1.0,Thursday,0,Out_of_Sample,1,158,1,1
2024-06-07,-0.0201123459195007,-0.0072521029233495,24.31200394005921,23.9510281401258,-0.0287755243415728,-0.0172596747579254,23.625801435899653,23.33381962085462,-0.001115893180715,-0.0001998694317565,-0.3599999999999994,-0.0500000000000007,-0.0278491306159932,0.0068580197117618,0.0074933241185141,-0.0015933199128304,0.1499999999999994,-0.0099999999999997,-0.0001998694317565,2024-06-06,-0.0500000000000007,2024-06-06,0.0068580197117618,2024-06-06,-0.0015933199128304,2024-06-06,-0.0099999999999997,2024-06-06,1.0,1.0,1.0,1.0,1.0,Friday,0,Out_of_Sample,1,159,1,1
2024-06-08,0.0011540598939566,-0.0201123459195007,23.38087752637057,24.31200394005921,-0.0042282098015524,-0.0287755243415728,22.93111068624169,23.625801435899653,,,,,,,,,,,-0.001115893180715,2024-06-07,-0.3599999999999994,2024-06-07,-0.0278491306159932,2024-06-07,0.0074933241185141,2024-06-07,0.1499999999999994,2024-06-07,1.0,1.0,1.0,1.0,1.0,Saturday,1,Out_of_Sample,1,160,1,1
2024-06-09,0.0046029669665005,0.0011540598939566,23.328472980561823,23.38087752637057,0.006785773257141,-0.0042282098015524,22.79149080591212,22.93111068624169,,,,,,,,,,,-0.001115893180715,2024-06-07,-0.3599999999999994,2024-06-07,-0.0278491306159932,2024-06-07,0.0074933241185141,2024-06-07,0.1499999999999994,2024-06-07,2.0,2.0,2.0,2.0,2.0,Sunday,1,Out_of_Sample,1,161,1,1
2024-06-10,-0.0008493068208222,0.0046029669665005,23.748445233739087,23.328472980561823,-0.0080683571174648,0.006785773257141,23.06288657738317,22.79149080591212,0.0025775665246065,-0.001115893180715,0.5199999999999996,-0.3599999999999994,0.0010839169709689,-0.0278491306159932,0.0025233902979558,0.0074933241185141,0.04,0.1499999999999994,-0.001115893180715,2024-06-07,-0.3599999999999994,2024-06-07,-0.0278491306159932,2024-06-07,0.0074933241185141,2024-06-07,0.1499999999999994,2024-06-07,3.0,3.0,3.0,3.0,3.0,Monday,0,Out_of_Sample,1,162,1,1
2024-06-11,-0.0341413032687097,-0.0008493068208222,24.33731765391373,23.748445233739087,-0.0510994182347998,-0.0080683571174648,23.677380045971315,23.06288657738317,0.0027067548434573,0.0025775665246065,0.1099999999999994,0.5199999999999996,-8.664897474244984e-05,0.0010839169709689,0.000760528604012,0.0025233902979558,-0.08,0.04,0.0025775665246065,2024-06-10,0.5199999999999996,2024-06-10,0.0010839169709689,2024-06-10,0.0025233902979558,2024-06-10,0.04,2024-06-10,1.0,1.0,1.0,1.0,1.0,Tuesday,0,Out_of_Sample,1,163,1,1
2024-06-12,0.0117462418481955,-0.0341413032687097,24.264165469173214,24.33731765391373,0.0196980346675029,-0.0510994182347998,23.564850242810856,23.677380045971315,0.0084677271718827,0.0027067548434573,-0.8100000000000005,0.1099999999999994,0.0122753775711105,-8.664897474244984e-05,-0.0055747613107798,0.000760528604012,-0.08,-0.08,0.0027067548434573,2024-06-11,0.1099999999999994,2024-06-11,-8.664897474244984e-05,2024-06-11,0.000760528604012,2024-06-11,-0.08,2024-06-11,1.0,1.0,1.0,1.0,1.0,Wednesday,0,Out_of_Sample,1,164,1,1
2024-06-13,-0.020711095851542,0.0117462418481955,24.089015788056916,24.264165469173214,-0.0226158832750306,0.0196980346675029,23.395507991130785,23.564850242810856,0.0023418286723053,0.0084677271718827,-0.0999999999999996,-0.8100000000000005,-0.0154440105174105,0.0122753775711105,0.0052516073250945,-0.0055747613107798,-0.0699999999999994,-0.08,0.0084677271718827,2024-06-12,-0.8100000000000005,2024-06-12,0.0122753775711105,2024-06-12,-0.0055747613107798,2024-06-12,-0.08,2024-06-12,1.0,1.0,1.0,1.0,1.0,Thursday,0,Out_of_Sample,1,165,1,1
2024-06-14,-0.0143867814408368,-0.020711095851542,24.03395062054604,24.089015788056916,-0.0188246590979248,-0.0226158832750306,23.48288814464443,23.395507991130785,-0.0003939131270021,0.0023418286723053,0.7200000000000006,-0.0999999999999996,0.0134728491676387,-0.0154440105174105,0.0033594975272937,0.0052516073250945,-0.04,-0.0699999999999994,0.0023418286723053,2024-06-13,-0.0999999999999996,2024-06-13,-0.0154440105174105,2024-06-13,0.0052516073250945,2024-06-13,-0.0699999999999994,2024-06-13,1.0,1.0,1.0,1.0,1.0,Friday,0,Out_of_Sample,1,166,1,1
2024-06-15,0.004281003919454,-0.0143867814408368,23.370947695023304,24.03395062054604,0.0401688109307549,-0.0188246590979248,23.26751401719206,23.48288814464443,,,,,,,,,,,-0.0003939131270021,2024-06-14,0.7200000000000006,2024-06-14,0.0134728491676387,2024-06-14,0.0033594975272937,2024-06-14,-0.04,2024-06-14,1.0,1.0,1.0,1.0,1.0,Saturday,1,Out_of_Sample,1,167,1,1
2024-06-16,0.0067259496042462,0.004281003919454,23.309610861418317,23.370947695023304,0.0130898144899774,0.0401688109307549,23.013615193494267,23.26751401719206,,,,,,,,,,,-0.0003939131270021,2024-06-14,0.7200000000000006,2024-06-14,0.0134728491676387,2024-06-14,0.0033594975272937,2024-06-14,-0.04,2024-06-14,2.0,2.0,2.0,2.0,2.0,Sunday,1,Out_of_Sample,1,168,1,1
2024-06-17,-0.0012948688872597,0.0067259496042462,24.12467501204542,23.309610861418317,-0.024130422611263,0.0130898144899774,23.60464489186632,23.013615193494267,0.007635185920104,-0.0003939131270021,0.0899999999999998,0.7200000000000006,-0.0081829996215816,0.0134728491676387,-0.0021814396662209,0.0033594975272937,0.08,-0.04,-0.0003939131270021,2024-06-14,0.7200000000000006,2024-06-14,0.0134728491676387,2024-06-14,0.0033594975272937,2024-06-14,-0.04,2024-06-14,3.0,3.0,3.0,3.0,3.0,Monday,0,Out_of_Sample,1,169,1,1
2024-06-18,-0.0226584633283947,-0.0012948688872597,24.39909262316968,24.12467501204542,-0.0153031648827657,-0.024130422611263,23.76885981726771,23.60464489186632,0.0025181897678469,0.007635185920104,-0.4499999999999993,0.0899999999999998,0.0077539807631003,-0.0081829996215816,-0.0006078565645714,-0.0021814396662209,-0.0600000000000005,0.08,0.007635185920104,2024-06-17,0.0899999999999998,2024-06-17,-0.0081829996215816,2024-06-17,-0.0021814396662209,2024-06-17,0.08,2024-06-17,1.0,1.0,1.0,1.0,1.0,Tuesday,0,Out_of_Sample,1,170,1,1
2024-06-19,-0.0004701656842544,-0.0226584633283947,23.77270111564151,24.39909262316968,0.0262733866533434,-0.0153031648827657,23.449507811622855,23.76885981726771,,,0.1799999999999997,-0.4499999999999993,,,-1.9001472614709717e-05,-0.0006078565645714,,,0.0025181897678469,2024-06-18,-0.4499999999999993,2024-06-18,0.0077539807631003,2024-06-18,-0.0006078565645714,2024-06-18,-0.0600000000000005,2024-06-18,1.0,1.0,1.0,1.0,1.0,Wednesday,0,Out_of_Sample,1,171,1,1
2024-06-20,0.0031712581516359,-0.0004701656842544,23.9674627256296,23.77270111564151,-0.0078835714876904,0.0262733866533434,23.503024031551377,23.449507811622855,-0.0025291522760688,0.0025181897678469,0.7999999999999989,0.1799999999999997,0.0099911794480786,0.0077539807631003,0.0031682518605015,-1.9001472614709717e-05,0.0300000000000002,-0.0600000000000005,0.0025181897678469,2024-06-18,0.1799999999999997,2024-06-19,0.0077539807631003,2024-06-18,-1.9001472614709717e-05,2024-06-19,-0.0600000000000005,2024-06-18,2.0,1.0,2.0,1.0,2.0,Thursday,0,Out_of_Sample,1,172,1,1
2024-06-21,-0.0138127483854231,0.0031712581516359,23.98857368543105,23.9674627256296,-0.0008261518687107,-0.0078835714876904,23.491680450703782,23.503024031551377,-0.0015633874377691,-0.0025291522760688,-0.08,0.7999999999999989,-0.016016849994939,0.0099911794480786,0.0019679830747007,0.0031682518605015,0.0,0.0300000000000002,-0.0025291522760688,2024-06-20,0.7999999999999989,2024-06-20,0.0099911794480786,2024-06-20,0.0031682518605015,2024-06-20,0.0300000000000002,2024-06-20,1.0,1.0,1.0,1.0,1.0,Friday,0,Out_of_Sample,1,173,1,1
2024-06-22,0.0014515944019991,-0.0138127483854231,23.011569310678535,23.98857368543105,-0.0075063035347057,-0.0008261518687107,22.727943916897704,23.491680450703782,,,,,,,,,,,-0.0015633874377691,2024-06-21,-0.08,2024-06-21,-0.016016849994939,2024-06-21,0.0019679830747007,2024-06-21,0.0,2024-06-21,1.0,1.0,1.0,1.0,1.0,Saturday,1,Out_of_Sample,1,174,1,1
2024-06-23,-0.0086740794507906,0.0014515944019991,23.136539687452427,23.011569310678535,-0.0176447486397785,-0.0075063035347057,22.965903595344493,22.727943916897704,,,,,,,,,,,-0.0015633874377691,2024-06-21,-0.08,2024-06-21,-0.016016849994939,2024-06-21,0.0019679830747007,2024-06-21,0.0,2024-06-21,2.0,2.0,2.0,2.0,2.0,Sunday,1,Out_of_Sample,1,175,1,1
2024-06-24,-0.068783722148876,-0.0086740794507906,24.487997700553485,23.136539687452427,-0.0369800006807593,-0.0176447486397785,23.86473109946856,22.965903595344493,-0.0030698792218004,-0.0015633874377691,0.1300000000000007,-0.08,0.0058540533667421,-0.016016849994939,-0.0030577155347986,0.0019679830747007,0.0,0.0,-0.0015633874377691,2024-06-21,-0.08,2024-06-21,-0.016016849994939,2024-06-21,0.0019679830747007,2024-06-21,0.0,2024-06-21,3.0,3.0,3.0,3.0,3.0,Monday,0,Out_of_Sample,1,176,1,1
2024-06-25,0.0401391871613126,-0.068783722148876,24.097476169703693,24.487997700553485,0.0302146780733878,-0.0369800006807593,23.306171930784547,23.86473109946856,0.0039259309005764,-0.0030698792218004,-0.4900000000000002,0.1300000000000007,-0.0057676319065113,0.0058540533667421,0.0012696609626785,-0.0030577155347986,-0.0199999999999995,0.0,-0.0030698792218004,2024-06-24,0.1300000000000007,2024-06-24,0.0058540533667421,2024-06-24,-0.0030577155347986,2024-06-24,0.0,2024-06-24,1.0,1.0,1.0,1.0,1.0,Tuesday,0,Out_of_Sample,1,177,1,1
2024-06-26,-0.0155009155709826,0.0401391871613126,23.83704791341568,24.097476169703693,-0.0060440916050246,0.0302146780733878,23.182346361117062,23.306171930784547,0.0015711783413408,0.0039259309005764,-0.2899999999999991,-0.4900000000000002,-0.0075394205654809,-0.0057676319065113,0.0042048829076177,0.0012696609626785,0.0899999999999998,-0.0199999999999995,0.0039259309005764,2024-06-25,-0.4900000000000002,2024-06-25,-0.0057676319065113,2024-06-25,0.0012696609626785,2024-06-25,-0.0199999999999995,2024-06-25,1.0,1.0,1.0,1.0,1.0,Wednesday,0,Out_of_Sample,1,178,1,1
2024-06-27,0.0073552578209138,-0.0155009155709826,23.778763306410283,23.83704791341568,0.0145117899463646,-0.0060440916050246,23.18897556732017,23.182346361117062,0.0009068706560974,0.0015711783413408,-0.3100000000000005,-0.2899999999999991,0.0109437470428856,-0.0075394205654809,-0.0013776316354252,0.0042048829076177,-0.0300000000000002,0.0899999999999998,0.0015711783413408,2024-06-26,-0.2899999999999991,2024-06-26,-0.0075394205654809,2024-06-26,0.0042048829076177,2024-06-26,0.0899999999999998,2024-06-26,1.0,1.0,1.0,1.0,1.0,Thursday,0,Out_of_Sample,1,179,1,1
2024-06-28,-0.0212315211766802,0.0073552578209138,23.940254557432656,23.778763306410283,-0.0162538477862409,0.0145117899463646,23.277477663982175,23.18897556732017,-0.0040919885121458,0.0009068706560974,0.1999999999999993,-0.3100000000000005,0.0013756724603899,0.0109437470428856,-0.0003777647703727,-0.0013776316354252,0.0700000000000002,-0.0300000000000002,0.0009068706560974,2024-06-27,-0.3100000000000005,2024-06-27,0.0109437470428856,2024-06-27,-0.0013776316354252,2024-06-27,-0.0300000000000002,2024-06-27,1.0,1.0,1.0,1.0,1.0,Friday,0,Out_of_Sample,1,180,1,1
2024-06-29,0.0136790524942231,-0.0212315211766802,23.26115254325519,23.940254557432656,-0.0015674911526047,-0.0162538477862409,22.608028584854623,23.277477663982175,,,,,,,,,,,-0.0040919885121458,2024-06-28,0.1999999999999993,2024-06-28,0.0013756724603899,2024-06-28,-0.0003777647703727,2024-06-28,0.0700000000000002,2024-06-28,1.0,1.0,1.0,1.0,1.0,Saturday,1,Out_of_Sample,1,181,1,1
2024-06-30,0.0153218536802664,0.0136790524942231,23.57589109812916,23.26115254325519,0.0109036219359322,-0.0015674911526047,22.851070786629172,22.608028584854623,,,,,,,,,,,-0.0040919885121458,2024-06-28,0.1999999999999993,2024-06-28,0.0013756724603899,2024-06-28,-0.0003777647703727,2024-06-28,0.0700000000000002,2024-06-28,2.0,2.0,2.0,2.0,2.0,Sunday,1,Out_of_Sample,1,182,1,1
2024-07-01,0.0214149490142848,0.0153218536802664,23.960703496940585,23.57589109812916,0.0137850201165521,0.0109036219359322,23.231364122935304,22.851070786629172,0.002672015942936,-0.0040919885121458,-0.2199999999999988,0.1999999999999993,-4.2898852745440194e-05,0.0013756724603899,0.0003305519775855,-0.0003777647703727,0.1200000000000001,0.0700000000000002,-0.0040919885121458,2024-06-28,0.1999999999999993,2024-06-28,0.0013756724603899,2024-06-28,-0.0003777647703727,2024-06-28,0.0700000000000002,2024-06-28,3.0,3.0,3.0,3.0,3.0,Monday,0,Out_of_Sample,1,183,1,1
2024-07-02,-0.0209859383038839,0.0214149490142848,23.72655036986136,23.960703496940585,-0.0138142980638189,0.0137850201165521,22.966287502395655,23.231364122935304,0.0061762197767835,0.002672015942936,-0.1900000000000012,-0.2199999999999988,-0.0019782819678747,-4.2898852745440194e-05,-0.0016916879799326,0.0003305519775855,-0.0500000000000007,0.1200000000000001,0.002672015942936,2024-07-01,-0.2199999999999988,2024-07-01,-4.2898852745440194e-05,2024-07-01,0.0003305519775855,2024-07-01,0.1200000000000001,2024-07-01,1.0,1.0,1.0,1.0,1.0,Tuesday,0,Out_of_Sample,1,184,1,1
2024-07-03,-0.0390511241488317,-0.0209859383038839,24.116320210292,23.72655036986136,-0.0479904524034984,-0.0138142980638189,23.50340873194016,22.966287502395655,0.0050715161981972,0.0061762197767835,0.0600000000000005,-0.1900000000000012,0.0157174365870465,-0.0019782819678747,-0.0030219087531762,-0.0016916879799326,-0.0699999999999994,-0.0500000000000007,0.0061762197767835,2024-07-02,-0.1900000000000012,2024-07-02,-0.0019782819678747,2024-07-02,-0.0016916879799326,2024-07-02,-0.0500000000000007,2024-07-02,1.0,1.0,1.0,1.0,1.0,Wednesday,0,Out_of_Sample,1,185,1,1
2024-07-04,-0.0205297091607037,-0.0390511241488317,24.44048026779111,24.116320210292,-0.0352959426983132,-0.0479904524034984,23.73154479000073,23.50340873194016,,,0.1699999999999999,0.0600000000000005,,,-0.0025934191125615,-0.0030219087531762,,,0.0050715161981972,2024-07-03,0.0600000000000005,2024-07-03,0.0157174365870465,2024-07-03,-0.0030219087531762,2024-07-03,-0.0699999999999994,2024-07-03,1.0,1.0,1.0,1.0,1.0,Thursday,0,Out_of_Sample,1,186,1,1
2024-07-05,-0.034471889765022,-0.0205297091607037,24.738162059863377,24.44048026779111,-0.055015768704694,-0.0352959426983132,24.16150022378951,23.73154479000073,0.0054339884131971,0.0050715161981972,0.2200000000000006,0.1699999999999999,0.0120886634725608,0.0157174365870465,-0.0024285148003691,-0.0025934191125615,-0.08,-0.0699999999999994,0.0050715161981972,2024-07-03,0.1699999999999999,2024-07-04,0.0157174365870465,2024-07-03,-0.0025934191125615,2024-07-04,-0.0699999999999994,2024-07-03,2.0,1.0,2.0,1.0,2.0,Friday,0,Out_of_Sample,1,187,1,1
2024-07-06,0.028444469428069,-0.034471889765022,23.7490577861674,24.738162059863377,0.029571891503341,-0.055015768704694,23.173088659290908,24.16150022378951,,,,,,,,,,,0.0054339884131971,2024-07-05,0.2200000000000006,2024-07-05,0.0120886634725608,2024-07-05,-0.0024285148003691,2024-07-05,-0.08,2024-07-05,1.0,1.0,1.0,1.0,1.0,Saturday,1,Out_of_Sample,1,188,1,1
2024-07-07,-0.0143045727538268,0.028444469428069,23.746290244089373,23.7490577861674,-0.0250667522937981,0.029571891503341,23.10816314077313,23.173088659290908,,,,,,,,,,,0.0054339884131971,2024-07-05,0.2200000000000006,2024-07-05,0.0120886634725608,2024-07-05,-0.0024285148003691,2024-07-05,-0.08,2024-07-05,2.0,2.0,2.0,2.0,2.0,Sunday,1,Out_of_Sample,1,189,1,1
2024-07-08,-0.0157559940628411,-0.0143045727538268,24.406282133772052,23.746290244089373,0.0034047789966367,-0.0250667522937981,23.84242640198416,23.10816314077313,0.0010161544279964,0.0054339884131971,-0.1100000000000012,0.2200000000000006,-0.0140399250275099,0.0120886634725608,0.0011911853701532,-0.0024285148003691,0.0,-0.08,0.0054339884131971,2024-07-05,0.2200000000000006,2024-07-05,0.0120886634725608,2024-07-05,-0.0024285148003691,2024-07-05,-0.08,2024-07-05,3.0,3.0,3.0,3.0,3.0,Monday,0,Out_of_Sample,1,190,1,1
2024-07-09,0.029205250786784,-0.0157559940628411,24.050081302520248,24.406282133772052,0.0244684505678902,0.0034047789966367,23.44915240816804,23.84242640198416,0.0007408185037586,0.0010161544279964,0.1400000000000005,-0.1100000000000012,0.0020784035788128,-0.0140399250275099,0.0012278173522552,0.0011911853701532,0.0199999999999995,0.0,0.0010161544279964,2024-07-08,-0.1100000000000012,2024-07-08,-0.0140399250275099,2024-07-08,0.0011911853701532,2024-07-08,0.0,2024-07-08,1.0,1.0,1.0,1.0,1.0,Tuesday,0,Out_of_Sample,1,191,1,1
2024-07-10,-0.009041290820719,0.029205250786784,23.9880805468913,24.050081302520248,0.0077363929669738,0.0244684505678902,23.402825967928067,23.44915240816804,0.0101562836421394,0.0007408185037586,0.3399999999999998,0.1400000000000005,0.0051137416303785,0.0020784035788128,-0.0007707789530746,0.0012278173522552,-0.0199999999999995,0.0199999999999995,0.0007408185037586,2024-07-09,0.1400000000000005,2024-07-09,0.0020784035788128,2024-07-09,0.0012278173522552,2024-07-09,0.0199999999999995,2024-07-09,1.0,1.0,1.0,1.0,1.0,Wednesday,0,Out_of_Sample,1,192,1,1
2024-07-11,0.0026181099338835,-0.009041290820719,24.080434833622007,23.9880805468913,0.0064647001981518,0.0077363929669738,23.446539291817952,23.402825967928067,-0.0088016292301766,0.0101562836421394,0.0700000000000002,0.3399999999999998,0.0178815130749752,0.0051137416303785,-0.0058046447257758,-0.0007707789530746,-0.08,-0.0199999999999995,0.0101562836421394,2024-07-10,0.3399999999999998,2024-07-10,0.0051137416303785,2024-07-10,-0.0007707789530746,2024-07-10,-0.0199999999999995,2024-07-10,1.0,1.0,1.0,1.0,1.0,Thursday,0,Out_of_Sample,1,193,1,1
2024-07-12,-0.0003301477006529,0.0026181099338835,23.966045874763054,24.080434833622007,-0.0020720069733778,0.0064647001981518,23.26892559684489,23.446539291817952,0.0055018536287759,-0.0088016292301766,-0.4599999999999991,0.0700000000000002,-0.0004141644291962,0.0178815130749752,-0.0033280135064618,-0.0058046447257758,-0.0200000000000004,-0.08,-0.0088016292301766,2024-07-11,0.0700000000000002,2024-07-11,0.0178815130749752,2024-07-11,-0.0058046447257758,2024-07-11,-0.08,2024-07-11,1.0,1.0,1.0,1.0,1.0,Friday,0,Out_of_Sample,1,194,1,1
2024-07-13,0.0183565642404613,-0.0003301477006529,23.561177643918555,23.966045874763054,0.0170610762690294,-0.0020720069733778,22.87096233828989,23.26892559684489,,,,,,,,,,,0.0055018536287759,2024-07-12,-0.4599999999999991,2024-07-12,-0.0004141644291962,2024-07-12,-0.0033280135064618,2024-07-12,-0.0200000000000004,2024-07-12,1.0,1.0,1.0,1.0,1.0,Saturday,1,Out_of_Sample,1,195,1,1
2024-07-14,0.0243402629526608,0.0183565642404613,23.824412347460218,23.561177643918555,0.0076338893021962,0.0170610762690294,23.076326308195785,22.87096233828989,,,,,,,,,,,0.0055018536287759,2024-07-12,-0.4599999999999991,2024-07-12,-0.0004141644291962,2024-07-12,-0.0033280135064618,2024-07-12,-0.0200000000000004,2024-07-12,2.0,2.0,2.0,2.0,2.0,Sunday,1,Out_of_Sample,1,196,1,1
2024-07-15,0.0602067489010353,0.0243402629526608,24.363336436815008,23.824412347460218,0.0748248132450743,0.0076338893021962,23.630466873107867,23.076326308195785,0.0028221956620428,0.0055018536287759,0.6599999999999984,-0.4599999999999991,0.0036800068503831,-0.0004141644291962,0.0009218272034847,-0.0033280135064618,0.0500000000000007,-0.0200000000000004,0.0055018536287759,2024-07-12,-0.4599999999999991,2024-07-12,-0.0004141644291962,2024-07-12,-0.0033280135064618,2024-07-12,-0.0200000000000004,2024-07-12,3.0,3.0,3.0,3.0,3.0,Monday,0,Out_of_Sample,1,197,1,1
2024-07-16,0.0142217354088766,0.0602067489010353,24.451782906913007,24.363336436815008,0.0013963638632531,0.0748248132450743,23.74108559688941,23.630466873107867,0.0063690536600414,0.0028221956620428,0.0700000000000002,0.6599999999999984,0.016171314917783,0.0036800068503831,0.0007771312735507,0.0009218272034847,-0.0600000000000005,0.0500000000000007,0.0028221956620428,2024-07-15,0.6599999999999984,2024-07-15,0.0036800068503831,2024-07-15,0.0009218272034847,2024-07-15,0.0500000000000007,2024-07-15,1.0,1.0,1.0,1.0,1.0,Tuesday,0,Out_of_Sample,1,198,1,1
2024-07-17,-0.0025771115803699,0.0142217354088766,24.205277053840653,24.451782906913007,-0.006855036105476,0.0013963638632531,23.541014568619257,23.74108559688941,-0.0140254105550219,0.0063690536600414,1.290000000000001,0.0700000000000002,-0.0030911330198242,0.016171314917783,-0.0050188069849335,0.0007771312735507,-0.0099999999999997,-0.0600000000000005,0.0063690536600414,2024-07-16,0.0700000000000002,2024-07-16,0.016171314917783,2024-07-16,0.0007771312735507,2024-07-16,-0.0600000000000005,2024-07-16,1.0,1.0,1.0,1.0,1.0,Wednesday,0,Out_of_Sample,1,199,1,1
2024-07-18,-0.0109314548595298,-0.0025771115803699,24.02792681632399,24.205277053840653,-0.0007027407176062,-0.006855036105476,23.43368802286706,23.541014568619257,-0.0078470804696827,-0.0140254105550219,1.4499999999999993,1.290000000000001,-0.0012228428297097,-0.0030911330198242,0.0040880968435331,-0.0050188069849335,0.04,-0.0099999999999997,-0.0140254105550219,2024-07-17,1.290000000000001,2024-07-17,-0.0030911330198242,2024-07-17,-0.0050188069849335,2024-07-17,-0.0099999999999997,2024-07-17,1.0,1.0,1.0,1.0,1.0,Thursday,0,Out_of_Sample,1,200,1,1
2024-07-19,0.0483479921461192,-0.0109314548595298,24.334287944432436,24.02792681632399,0.0267765414061994,-0.0007027407176062,23.597148490135297,23.43368802286706,-0.0071659074070294,-0.0078470804696827,0.5899999999999999,1.4499999999999993,-0.0232304912529321,-0.0012228428297097,0.0021383818781848,0.0040880968435331,0.0499999999999998,0.04,-0.0078470804696827,2024-07-18,1.4499999999999993,2024-07-18,-0.0012228428297097,2024-07-18,0.0040880968435331,2024-07-18,0.04,2024-07-18,1.0,1.0,1.0,1.0,1.0,Friday,0,Out_of_Sample,1,201,1,1
2024-07-20,0.0059241350341001,0.0483479921461192,23.669260513282985,24.334287944432436,0.0048645976677369,0.0267765414061994,23.061237216934284,23.597148490135297,,,,,,,,,,,-0.0071659074070294,2024-07-19,0.5899999999999999,2024-07-19,-0.0232304912529321,2024-07-19,0.0021383818781848,2024-07-19,0.0499999999999998,2024-07-19,1.0,1.0,1.0,1.0,1.0,Saturday,1,Out_of_Sample,1,202,1,1
2024-07-21,-0.0072462196384021,0.0059241350341001,24.00613716069228,23.669260513282985,-0.0167987008940002,0.0048645976677369,23.351255984963544,23.061237216934284,,,,,,,,,,,-0.0071659074070294,2024-07-19,0.5899999999999999,2024-07-19,-0.0232304912529321,2024-07-19,0.0021383818781848,2024-07-19,0.0499999999999998,2024-07-19,2.0,2.0,2.0,2.0,2.0,Sunday,1,Out_of_Sample,1,203,1,1
2024-07-22,0.0185794578447128,-0.0072462196384021,24.4762722303144,24.00613716069228,0.0071746736621508,-0.0167987008940002,23.653029181964445,23.351255984963544,0.0107341891659749,-0.0071659074070294,-1.6099999999999994,0.5899999999999999,-0.0014621412526544,-0.0232304912529321,-0.0007857793514372,0.0021383818781848,0.0099999999999997,0.0499999999999998,-0.0071659074070294,2024-07-19,0.5899999999999999,2024-07-19,-0.0232304912529321,2024-07-19,0.0021383818781848,2024-07-19,0.0499999999999998,2024-07-19,3.0,3.0,3.0,3.0,3.0,Monday,0,Out_of_Sample,1,204,1,1
2024-07-23,-0.0343772890776131,0.0185794578447128,24.29577069431931,24.4762722303144,-0.0018642007262992,0.0071746736621508,23.920648556986094,23.653029181964445,-0.0015593317997995,0.0107341891659749,-0.1899999999999995,-1.6099999999999994,0.0052537740825496,-0.0014621412526544,0.0013029068157257,-0.0007857793514372,-0.0099999999999997,0.0099999999999997,0.0107341891659749,2024-07-22,-1.6099999999999994,2024-07-22,-0.0014621412526544,2024-07-22,-0.0007857793514372,2024-07-22,0.0099999999999997,2024-07-22,1.0,1.0,1.0,1.0,1.0,Tuesday,0,Out_of_Sample,1,205,1,1
2024-07-24,0.0029797467655641,-0.0343772890776131,24.036394639668742,24.29577069431931,-0.0316096191020777,-0.0018642007262992,23.49841038078985,23.920648556986094,-0.0234211784438895,-0.0015593317997995,3.3199999999999985,-0.1899999999999995,0.0036115155414233,0.0052537740825496,-0.0005650231666162,0.0013029068157257,0.0300000000000002,-0.0099999999999997,-0.0015593317997995,2024-07-23,-0.1899999999999995,2024-07-23,0.0052537740825496,2024-07-23,0.0013029068157257,2024-07-23,-0.0099999999999997,2024-07-23,1.0,1.0,1.0,1.0,1.0,Wednesday,0,Out_of_Sample,1,206,1,1
2024-07-25,-0.0116585428988732,0.0029797467655641,24.36912718033079,24.036394639668742,-0.0679466805647143,-0.0316096191020777,23.953823000934864,23.49841038078985,-0.0051559504042484,-0.0234211784438895,0.4200000000000017,3.3199999999999985,-0.0257716551089347,0.0036115155414233,-0.0003449167922441,-0.0005650231666162,-0.0100000000000006,0.0300000000000002,-0.0234211784438895,2024-07-24,3.3199999999999985,2024-07-24,0.0036115155414233,2024-07-24,-0.0005650231666162,2024-07-24,0.0300000000000002,2024-07-24,1.0,1.0,1.0,1.0,1.0,Thursday,0,Out_of_Sample,1,207,1,1
2024-07-26,0.0326870313423373,-0.0116585428988732,24.14061967916142,24.36912718033079,0.0317878418054563,-0.0679466805647143,23.495472831399912,23.953823000934864,0.0110294423124888,-0.0051559504042484,-2.0700000000000003,0.4200000000000017,0.0118770170799597,-0.0257716551089347,-0.0003737941587868,-0.0003449167922441,-0.0699999999999994,-0.0100000000000006,-0.0051559504042484,2024-07-25,0.4200000000000017,2024-07-25,-0.0257716551089347,2024-07-25,-0.0003449167922441,2024-07-25,-0.0100000000000006,2024-07-25,1.0,1.0,1.0,1.0,1.0,Friday,0,Out_of_Sample,1,208,1,1
2024-07-27,0.0048070260219032,0.0326870313423373,24.269772225563365,24.14061967916142,-0.0038781808868394,0.0317878418054563,23.44444502692486,23.495472831399912,,,,,,,,,,,0.0110294423124888,2024-07-26,-2.0700000000000003,2024-07-26,0.0118770170799597,2024-07-26,-0.0003737941587868,2024-07-26,-0.0699999999999994,2024-07-26,1.0,1.0,1.0,1.0,1.0,Saturday,1,Out_of_Sample,1,209,1,1
2024-07-28,0.0066399499813594,0.0048070260219032,23.61603288744851,24.269772225563365,0.0099971988890464,-0.0038781808868394,22.915950842221623,23.44444502692486,,,,,,,,,,,0.0110294423124888,2024-07-26,-2.0700000000000003,2024-07-26,0.0118770170799597,2024-07-26,-0.0003737941587868,2024-07-26,-0.0699999999999994,2024-07-26,2.0,2.0,2.0,2.0,2.0,Sunday,1,Out_of_Sample,1,210,1,1
2024-07-29,-0.0126337965024731,0.0066399499813594,24.431474341236584,23.61603288744851,0.0139772094894063,0.0099971988890464,23.6320696056586,22.915950842221623,0.0008129903108684,0.0110294423124888,0.2100000000000008,-2.0700000000000003,-0.0011350772219737,0.0118770170799597,0.0023745702463682,-0.0003737941587868,-0.0300000000000002,-0.0699999999999994,0.0110294423124888,2024-07-26,-2.0700000000000003,2024-07-26,0.0118770170799597,2024-07-26,-0.0003737941587868,2024-07-26,-0.0699999999999994,2024-07-26,3.0,3.0,3.0,3.0,3.0,Monday,0,Out_of_Sample,1,211,1,1
2024-07-30,-0.0178223132244414,-0.0126337965024731,24.169452266378173,24.431474341236584,-0.0123359244038252,0.0139772094894063,23.36558733671417,23.6320696056586,-0.004972496433736,0.0008129903108684,1.09,0.2100000000000008,0.0115844930963148,-0.0011350772219737,-9.563978239672066e-05,0.0023745702463682,-0.0199999999999995,-0.0300000000000002,0.0008129903108684,2024-07-29,0.2100000000000008,2024-07-29,-0.0011350772219737,2024-07-29,0.0023745702463682,2024-07-29,-0.0300000000000002,2024-07-29,1.0,1.0,1.0,1.0,1.0,Tuesday,0,Out_of_Sample,1,212,1,1
2024-07-31,-0.024575320407761,-0.0178223132244414,24.166653428503135,24.169452266378173,-0.0184461781757997,-0.0123359244038252,23.504280252937495,23.36558733671417,0.015670005291918,-0.004972496433736,-1.3300000000000018,1.09,0.0088999863054093,0.0115844930963148,-0.0043901340579583,-9.563978239672066e-05,-0.0600000000000005,-0.0199999999999995,-0.004972496433736,2024-07-30,1.09,2024-07-30,0.0115844930963148,2024-07-30,-9.563978239672066e-05,2024-07-30,-0.0199999999999995,2024-07-30,1.0,1.0,1.0,1.0,1.0,Wednesday,0,Out_of_Sample,1,213,1,1
2024-08-01,0.001562959727652,-0.024575320407761,24.43624149398017,24.166653428503135,-0.0165300781923328,-0.0184461781757997,23.72982130564321,23.504280252937495,-0.0137881914330531,0.015670005291918,2.2300000000000004,-1.3300000000000018,0.0034968666714193,0.0088999863054093,0.0031172543550516,-0.0043901340579583,-0.0999999999999996,-0.0600000000000005,0.015670005291918,2024-07-31,-1.3300000000000018,2024-07-31,0.0088999863054093,2024-07-31,-0.0043901340579583,2024-07-31,-0.0600000000000005,2024-07-31,1.0,1.0,1.0,1.0,1.0,Thursday,0,Out_of_Sample,1,214,1,1
2024-08-02,-0.0332824330989658,0.001562959727652,24.48588066604229,24.43624149398017,-0.049138252587404,-0.0165300781923328,23.786668055218826,23.72982130564321,-0.0185528852946028,-0.0137881914330531,4.800000000000001,2.2300000000000004,-0.0038266341350136,0.0034968666714193,-0.0116844352231571,0.0031172543550516,-0.1900000000000004,-0.0999999999999996,-0.0137881914330531,2024-08-01,2.2300000000000004,2024-08-01,0.0034968666714193,2024-08-01,0.0031172543550516,2024-08-01,-0.0999999999999996,2024-08-01,1.0,1.0,1.0,1.0,1.0,Friday,0,Out_of_Sample,1,215,1,1
2024-08-03,-0.0356535591318625,-0.0332824330989658,24.181254009351942,24.48588066604229,-0.0416726964005679,-0.049138252587404,23.6049382781065,23.786668055218826,,,,,,,,,,,-0.0185528852946028,2024-08-02,4.800000000000001,2024-08-02,-0.0038266341350136,2024-08-02,-0.0116844352231571,2024-08-02,-0.1900000000000004,2024-08-02,1.0,1.0,1.0,1.0,1.0,Saturday,1,Out_of_Sample,1,216,1,1
2024-08-04,-0.0205531967424727,-0.0356535591318625,24.181439380143424,24.181254009351942,-0.0501504750454422,-0.0416726964005679,23.77441396318995,23.6049382781065,,,,,,,,,,,-0.0185528852946028,2024-08-02,4.800000000000001,2024-08-02,-0.0038266341350136,2024-08-02,-0.0116844352231571,2024-08-02,-0.1900000000000004,2024-08-02,2.0,2.0,2.0,2.0,2.0,Sunday,1,Out_of_Sample,1,217,1,1
2024-08-05,-0.0833294088908093,-0.0205531967424727,25.414531932198063,24.181439380143424,-0.1212213457856978,-0.0501504750454422,24.937881185863866,23.77441396318995,-0.0304270454968821,-0.0185528852946028,15.18,4.800000000000001,-0.0099433227926106,-0.0038266341350136,-0.0050413663065947,-0.0116844352231571,-0.02,-0.1900000000000004,-0.0185528852946028,2024-08-02,4.800000000000001,2024-08-02,-0.0038266341350136,2024-08-02,-0.0116844352231571,2024-08-02,-0.1900000000000004,2024-08-02,3.0,3.0,3.0,3.0,3.0,Monday,0,Out_of_Sample,1,218,1,1
2024-08-06,0.0389856359169545,-0.0833294088908093,24.621199737541165,25.414531932198063,0.0212918667631311,-0.1212213457856978,23.982976299621345,24.937881185863866,0.0103009055577195,-0.0304270454968821,-10.86,15.18,-0.0052600327453438,-0.0099433227926106,0.0027229689387854,-0.0050413663065947,0.1200000000000001,-0.02,-0.0304270454968821,2024-08-05,15.18,2024-08-05,-0.0099433227926106,2024-08-05,-0.0050413663065947,2024-08-05,-0.02,2024-08-05,1.0,1.0,1.0,1.0,1.0,Tuesday,0,Out_of_Sample,1,219,1,1
2024-08-07,-0.0254218360814887,0.0389856359169545,24.452268533950537,24.621199737541165,-0.0579809630797311,0.0212918667631311,23.91226861677117,23.982976299621345,-0.0077647563892511,0.0103009055577195,0.1400000000000005,-10.86,0.000585782222436,-0.0052600327453438,0.0022118108024603,0.0027229689387854,0.06,0.1200000000000001,0.0103009055577195,2024-08-06,-10.86,2024-08-06,-0.0052600327453438,2024-08-06,0.0027229689387854,2024-08-06,0.1200000000000001,2024-08-06,1.0,1.0,1.0,1.0,1.0,Wednesday,0,Out_of_Sample,1,220,1,1
2024-08-08,0.0762969806388922,-0.0254218360814887,24.53653915069916,24.452268533950537,0.0900047571022441,-0.0579809630797311,23.878916035466716,23.91226861677117,0.0227811285756075,-0.0077647563892511,-4.060000000000002,0.1400000000000005,0.0131736488622068,0.000585782222436,0.0001162756897913,0.0022118108024603,0.0300000000000002,0.06,-0.0077647563892511,2024-08-07,0.1400000000000005,2024-08-07,0.000585782222436,2024-08-07,0.0022118108024603,2024-08-07,0.06,2024-08-07,1.0,1.0,1.0,1.0,1.0,Thursday,0,Out_of_Sample,1,221,1,1
2024-08-09,0.0208886168793331,0.0762969806388922,24.23258650774066,24.53653915069916,0.0091692606980833,0.0900047571022441,23.608465445363368,23.878916035466716,0.0046607802121507,0.0227811285756075,-3.419999999999998,-4.060000000000002,0.0040789238864625,0.0131736488622068,-0.0007172488967202,0.0001162756897913,-0.0500000000000002,0.0300000000000002,0.0227811285756075,2024-08-08,-4.060000000000002,2024-08-08,0.0131736488622068,2024-08-08,0.0001162756897913,2024-08-08,0.0300000000000002,2024-08-08,1.0,1.0,1.0,1.0,1.0,Friday,0,Out_of_Sample,1,222,1,1
2024-08-10,0.0036404874378315,0.0208886168793331,23.479840914841994,24.23258650774066,0.004154171679138,0.0091692606980833,22.959819478296513,23.608465445363368,,,,,,,,,,,0.0046607802121507,2024-08-09,-3.419999999999998,2024-08-09,0.0040789238864625,2024-08-09,-0.0007172488967202,2024-08-09,-0.0500000000000002,2024-08-09,1.0,1.0,1.0,1.0,1.0,Saturday,1,Out_of_Sample,1,223,1,1
2024-08-11,-0.0416002203898167,0.0036404874378315,23.84825967338729,23.479840914841994,-0.0184010305355086,0.004154171679138,23.333000425499065,22.959819478296513,,,,,,,,,,,0.0046607802121507,2024-08-09,-3.419999999999998,2024-08-09,0.0040789238864625,2024-08-09,-0.0007172488967202,2024-08-09,-0.0500000000000002,2024-08-09,2.0,2.0,2.0,2.0,2.0,Sunday,1,Out_of_Sample,1,224,1,1
2024-08-12,0.0057766199656348,-0.0416002203898167,24.336306840723317,23.84825967338729,0.0472492758323307,-0.0184010305355086,23.798414037141587,23.333000425499065,4.3036707511422095e-05,0.0046607802121507,0.3399999999999998,-3.419999999999998,0.0123813226108156,0.0040789238864625,3.878336581924584e-05,-0.0007172488967202,-0.04,-0.0500000000000002,0.0046607802121507,2024-08-09,-3.419999999999998,2024-08-09,0.0040789238864625,2024-08-09,-0.0007172488967202,2024-08-09,-0.0500000000000002,2024-08-09,3.0,3.0,3.0,3.0,3.0,Monday,0,Out_of_Sample,1,225,1,1
2024-08-13,0.0288634944845804,0.0057766199656348,24.135327262822607,24.336306840723317,0.0066162636581811,0.0472492758323307,23.51951328561016,23.798414037141587,0.016707226654933,4.3036707511422095e-05,-2.59,0.3399999999999998,0.0017447607257966,0.0123813226108156,-0.0056393502815678,3.878336581924584e-05,-0.0499999999999998,-0.04,4.3036707511422095e-05,2024-08-12,0.3399999999999998,2024-08-12,0.0123813226108156,2024-08-12,3.878336581924584e-05,2024-08-12,-0.04,2024-08-12,1.0,1.0,1.0,1.0,1.0,Tuesday,0,Out_of_Sample,1,226,1,1
2024-08-14,-0.0238974667536997,0.0288634944845804,24.12318560881263,24.135327262822607,-0.0084453048549091,0.0066162636581811,23.484879895262992,23.51951328561016,0.0038164760676323,0.016707226654933,-1.9299999999999995,-2.59,-0.0111291377752,0.0017447607257966,8.775051559067971e-05,-0.0056393502815678,-0.02,-0.0499999999999998,0.016707226654933,2024-08-13,-2.59,2024-08-13,0.0017447607257966,2024-08-13,-0.0056393502815678,2024-08-13,-0.0499999999999998,2024-08-13,1.0,1.0,1.0,1.0,1.0,Wednesday,0,Out_of_Sample,1,227,1,1
2024-08-15,-0.0425070574390239,-0.0238974667536997,24.297915348062613,24.12318560881263,-0.048533336641713,-0.0084453048549091,23.517236937528157,23.484879895262992,0.0160044440127859,0.0038164760676323,-0.9600000000000009,-1.9299999999999995,0.0056005032691237,-0.0111291377752,0.0039796690729885,8.775051559067971e-05,0.0899999999999998,-0.02,0.0038164760676323,2024-08-14,-1.9299999999999995,2024-08-14,-0.0111291377752,2024-08-14,8.775051559067971e-05,2024-08-14,-0.02,2024-08-14,1.0,1.0,1.0,1.0,1.0,Thursday,0,Out_of_Sample,1,228,1,1
2024-08-16,0.0447615832760836,-0.0425070574390239,24.102590364753397,24.297915348062613,0.0229141960608489,-0.048533336641713,23.30919070487464,23.517236937528157,0.0019878411263283,0.0160044440127859,-0.4299999999999997,-0.9600000000000009,0.018378043436752,0.0056005032691237,-0.0050039045220598,0.0039796690729885,-0.0299999999999998,0.0899999999999998,0.0160044440127859,2024-08-15,-0.9600000000000009,2024-08-15,0.0056005032691237,2024-08-15,0.0039796690729885,2024-08-15,0.0899999999999998,2024-08-15,1.0,1.0,1.0,1.0,1.0,Friday,0,Out_of_Sample,1,229,1,1
2024-08-17,0.0018791058291739,0.0447615832760836,23.332576813992947,24.102590364753397,0.0021633634367088,0.0229141960608489,22.62187002740408,23.30919070487464,,,,,,,,,,,0.0019878411263283,2024-08-16,-0.4299999999999997,2024-08-16,0.018378043436752,2024-08-16,-0.0050039045220598,2024-08-16,-0.0299999999999998,2024-08-16,1.0,1.0,1.0,1.0,1.0,Saturday,1,Out_of_Sample,1,230,1,1
2024-08-18,0.0070467134426328,0.0018791058291739,23.599123091503213,23.332576813992947,0.0195438557843538,0.0021633634367088,22.94325894557889,22.62187002740408,,,,,,,,,,,0.0019878411263283,2024-08-16,-0.4299999999999997,2024-08-16,0.018378043436752,2024-08-16,-0.0050039045220598,2024-08-16,-0.0299999999999998,2024-08-16,2.0,2.0,2.0,2.0,2.0,Sunday,1,Out_of_Sample,1,231,1,1
2024-08-19,-0.0120175863212848,0.0070467134426328,23.977941442244244,23.599123091503213,-0.0187791836002766,0.0195438557843538,23.20558274307456,22.94325894557889,0.0096753274361777,0.0019878411263283,-0.1500000000000003,-0.4299999999999997,0.001279878215723,0.018378043436752,-0.0056472166091092,-0.0050039045220598,-0.0300000000000002,-0.0299999999999998,0.0019878411263283,2024-08-16,-0.4299999999999997,2024-08-16,0.018378043436752,2024-08-16,-0.0050039045220598,2024-08-16,-0.0299999999999998,2024-08-16,3.0,3.0,3.0,3.0,3.0,Monday,0,Out_of_Sample,1,232,1,1
2024-08-20,0.0036567126147144,-0.0120175863212848,24.176846918541187,23.977941442244244,-0.0103920488815949,-0.0187791836002766,23.307224404769695,23.20558274307456,-0.0019865481747165,0.0096753274361777,1.2300000000000004,-0.1500000000000003,0.0037900744796478,0.001279878215723,-0.0043771925077293,-0.0056472166091092,-0.04,-0.0300000000000002,0.0096753274361777,2024-08-19,-0.1500000000000003,2024-08-19,0.001279878215723,2024-08-19,-0.0056472166091092,2024-08-19,-0.0300000000000002,2024-08-19,1.0,1.0,1.0,1.0,1.0,Tuesday,0,Out_of_Sample,1,233,1,1
2024-08-21,0.0321018906196079,0.0036567126147144,24.211593185210617,24.176846918541187,0.0160591251608282,-0.0103920488815949,23.270052419377244,23.307224404769695,0.0042307182841846,-0.0019865481747165,0.3899999999999988,1.2300000000000004,-0.0011555060403106,0.0037900744796478,-0.0039707677616974,-0.0043771925077293,-0.0299999999999998,-0.04,-0.0019865481747165,2024-08-20,1.2300000000000004,2024-08-20,0.0037900744796478,2024-08-20,-0.0043771925077293,2024-08-20,-0.04,2024-08-20,1.0,1.0,1.0,1.0,1.0,Wednesday,0,Out_of_Sample,1,234,1,1
2024-08-22,-0.0093047821563508,0.0321018906196079,24.04201358021379,24.211593185210617,-0.0024618230295088,0.0160591251608282,23.09568295585216,23.270052419377244,-0.0089729494254644,0.0042307182841846,1.2800000000000011,0.3899999999999988,-0.0118301867569216,-0.0011555060403106,0.0046310321870855,-0.0039707677616974,0.0699999999999998,-0.0299999999999998,0.0042307182841846,2024-08-21,0.3899999999999988,2024-08-21,-0.0011555060403106,2024-08-21,-0.0039707677616974,2024-08-21,-0.0299999999999998,2024-08-21,1.0,1.0,1.0,1.0,1.0,Thursday,0,Out_of_Sample,1,235,1,1
2024-08-23,0.0486691282387405,-0.0093047821563508,24.47348751964133,24.04201358021379,0.0483927911806667,-0.0024618230295088,23.548042632608308,23.09568295585216,0.0114179862085024,-0.0089729494254644,-1.6900000000000013,1.2800000000000011,0.0118301867569217,-0.0118301867569216,-0.0078130806003277,0.0046310321870855,-0.0499999999999998,0.0699999999999998,-0.0089729494254644,2024-08-22,1.2800000000000011,2024-08-22,-0.0118301867569216,2024-08-22,0.0046310321870855,2024-08-22,0.0699999999999998,2024-08-22,1.0,1.0,1.0,1.0,1.0,Friday,0,Out_of_Sample,1,236,1,1
2024-08-24,0.0071768197797854,0.0486691282387405,23.78808495184538,24.47348751964133,0.0136806957025229,0.0483927911806667,23.188463816119164,23.548042632608308,,,,,,,,,,,0.0114179862085024,2024-08-23,-1.6900000000000013,2024-08-23,0.0118301867569217,2024-08-23,-0.0078130806003277,2024-08-23,-0.0499999999999998,2024-08-23,1.0,1.0,1.0,1.0,1.0,Saturday,1,Out_of_Sample,1,237,1,1
2024-08-25,0.001004676893997,0.0071768197797854,23.65859415319514,23.78808495184538,-0.0080884776377723,0.0136806957025229,22.961369531331364,23.188463816119164,,,,,,,,,,,0.0114179862085024,2024-08-23,-1.6900000000000013,2024-08-23,0.0118301867569217,2024-08-23,-0.0078130806003277,2024-08-23,-0.0499999999999998,2024-08-23,2.0,2.0,2.0,2.0,2.0,Sunday,1,Out_of_Sample,1,238,1,1
2024-08-26,-0.0126040075400329,0.001004676893997,24.04404968719674,23.65859415319514,-0.0298584320385396,-0.0080884776377723,23.23140353053378,22.961369531331364,-0.0031587066155747,0.0114179862085024,0.2899999999999991,-1.6900000000000013,0.0037007061988526,0.0118301867569217,0.0013196475579208,-0.0078130806003277,0.0099999999999997,-0.0499999999999998,0.0114179862085024,2024-08-23,-1.6900000000000013,2024-08-23,0.0118301867569217,2024-08-23,-0.0078130806003277,2024-08-23,-0.0499999999999998,2024-08-23,3.0,3.0,3.0,3.0,3.0,Monday,0,Out_of_Sample,1,239,1,1
2024-08-27,-0.0251611705748129,-0.0126040075400329,24.38948758796032,24.04404968719674,-0.0407987519491608,-0.0298584320385396,23.615247190747784,23.23140353053378,0.0015939320118754,-0.0031587066155747,-0.7199999999999989,0.2899999999999991,-0.0006754281156969,0.0037007061988526,-0.0029691734449345,0.0013196475579208,0.0100000000000002,0.0099999999999997,-0.0031587066155747,2024-08-26,0.2899999999999991,2024-08-26,0.0037007061988526,2024-08-26,0.0013196475579208,2024-08-26,0.0099999999999997,2024-08-26,1.0,1.0,1.0,1.0,1.0,Tuesday,0,Out_of_Sample,1,240,1,1
2024-08-28,-0.0417898334978055,-0.0251611705748129,24.41935833187189,24.38948758796032,-0.0171518728791749,-0.0407987519491608,23.73681570077633,23.615247190747784,-0.0059939669454233,0.0015939320118754,1.6799999999999995,-0.7199999999999989,-0.005979686942712,-0.0006754281156969,0.0053757704617668,-0.0029691734449345,0.0099999999999997,0.0100000000000002,0.0015939320118754,2024-08-27,-0.7199999999999989,2024-08-27,-0.0006754281156969,2024-08-27,-0.0029691734449345,2024-08-27,0.0100000000000002,2024-08-27,1.0,1.0,1.0,1.0,1.0,Wednesday,0,Out_of_Sample,1,241,1,1
2024-08-29,0.0035758646462296,-0.0417898334978055,24.196008093514056,24.41935833187189,0.0010437489254619,-0.0171518728791749,23.358489705157137,23.73681570077633,-3.934142455813639e-05,-0.0059939669454233,-1.459999999999999,1.6799999999999995,0.0098275808015969,-0.005979686942712,0.0024600258408623,0.0053757704617668,0.0300000000000002,0.0099999999999997,-0.0059939669454233,2024-08-28,1.6799999999999995,2024-08-28,-0.005979686942712,2024-08-28,0.0053757704617668,2024-08-28,0.0099999999999997,2024-08-28,1.0,1.0,1.0,1.0,1.0,Thursday,0,Out_of_Sample,1,242,1,1
2024-08-30,-0.0081157396014633,0.0035758646462296,24.198108782117888,24.196008093514056,-0.008428293204578,0.0010437489254619,23.465795932218704,23.358489705157137,0.0100424673828566,-3.934142455813639e-05,-0.6500000000000004,-1.459999999999999,-0.0127105615369224,0.0098275808015969,0.003496834252594,0.0024600258408623,0.04,0.0300000000000002,-3.934142455813639e-05,2024-08-29,-1.459999999999999,2024-08-29,0.0098275808015969,2024-08-29,0.0024600258408623,2024-08-29,0.0300000000000002,2024-08-29,1.0,1.0,1.0,1.0,1.0,Friday,0,Out_of_Sample,1,243,1,1
2024-08-31,-0.0017344879180289,-0.0081157396014633,23.241242170392702,24.198108782117888,-0.0048072232622395,-0.008428293204578,22.617412808755308,23.465795932218704,,,,,,,,,,,0.0100424673828566,2024-08-30,-0.6500000000000004,2024-08-30,-0.0127105615369224,2024-08-30,0.003496834252594,2024-08-30,0.04,2024-08-30,1.0,1.0,1.0,1.0,1.0,Saturday,1,Out_of_Sample,1,244,1,1
2024-09-01,-0.0090224161862695,-0.0017344879180289,23.925705322086948,23.241242170392702,-0.0019085956457772,-0.0048072232622395,23.191402932543,22.617412808755308,,,,,,,,,,,0.0100424673828566,2024-08-30,-0.6500000000000004,2024-08-30,-0.0127105615369224,2024-08-30,0.003496834252594,2024-08-30,0.04,2024-08-30,2.0,2.0,2.0,2.0,2.0,Sunday,1,Out_of_Sample,1,245,1,1
2024-09-02,0.0097181998047845,-0.0090224161862695,24.020451959849684,23.925705322086948,0.0206206738087656,-0.0019085956457772,23.250628683139084,23.191402932543,,,0.5500000000000007,-0.6500000000000004,,,-0.0004425845039812,0.003496834252594,,,0.0100424673828566,2024-08-30,-0.6500000000000004,2024-08-30,-0.0127105615369224,2024-08-30,0.003496834252594,2024-08-30,0.04,2024-08-30,3.0,3.0,3.0,3.0,3.0,Monday,0,Out_of_Sample,1,246,1,1
2024-09-03,-0.013216295711218,0.0097181998047845,24.00669122237875,24.020451959849684,-0.0363792445942904,0.0206206738087656,23.15747552301515,23.250628683139084,-0.0213780124545814,0.0100424673828566,5.169999999999998,0.5500000000000007,-0.001565161353524,-0.0127105615369224,0.0016906008606979,-0.0004425845039812,-0.0700000000000002,0.04,0.0100424673828566,2024-08-30,0.5500000000000007,2024-09-02,-0.0127105615369224,2024-08-30,-0.0004425845039812,2024-09-02,0.04,2024-08-30,4.0,1.0,4.0,1.0,4.0,Tuesday,0,Out_of_Sample,1,247,1,1
2024-09-04,-0.0031053654831799,-0.013216295711218,24.296388709533147,24.00669122237875,-0.0032534240454302,-0.0363792445942904,23.53924928621022,23.15747552301515,-0.0016037653903594,-0.0213780124545814,0.6000000000000014,5.169999999999998,0.0014046919562063,-0.001565161353524,-0.0045968493658301,0.0016906008606979,-0.0699999999999998,-0.0700000000000002,-0.0213780124545814,2024-09-03,5.169999999999998,2024-09-03,-0.001565161353524,2024-09-03,0.0016906008606979,2024-09-03,-0.0700000000000002,2024-09-03,1.0,1.0,1.0,1.0,1.0,Wednesday,0,Out_of_Sample,1,248,1,1
2024-09-05,-0.0343205305322929,-0.0031053654831799,24.158229360032248,24.296388709533147,-0.0364619403461785,-0.0032534240454302,23.335709650645825,23.53924928621022,-0.0030226412501879,-0.0016037653903594,-1.4200000000000017,0.6000000000000014,0.0071931259247034,0.0014046919562063,-0.0024794421612426,-0.0045968493658301,-0.04,-0.0699999999999998,-0.0016037653903594,2024-09-04,0.6000000000000014,2024-09-04,0.0014046919562063,2024-09-04,-0.0045968493658301,2024-09-04,-0.0699999999999998,2024-09-04,1.0,1.0,1.0,1.0,1.0,Thursday,0,Out_of_Sample,1,249,1,1
2024-09-06,-0.0591734310676667,-0.0343205305322929,24.62244052644928,24.158229360032248,-0.0875626560381808,-0.0364619403461785,23.974632796176586,23.335709650645825,-0.0174109016708675,-0.0030226412501879,2.4800000000000004,-1.4200000000000017,-0.0071529816835019,0.0071931259247034,0.0006920962883288,-0.0024794421612426,-0.0099999999999997,-0.04,-0.0030226412501879,2024-09-05,-1.4200000000000017,2024-09-05,0.0071931259247034,2024-09-05,-0.0024794421612426,2024-09-05,-0.04,2024-09-05,1.0,1.0,1.0,1.0,1.0,Friday,0,Out_of_Sample,1,250,1,1
2024-09-07,0.0247502928961393,-0.0591734310676667,23.670935724051507,24.62244052644928,0.0461384650674769,-0.0875626560381808,23.132425457187917,23.974632796176586,,,,,,,,,,,-0.0174109016708675,2024-09-06,2.4800000000000004,2024-09-06,-0.0071529816835019,2024-09-06,0.0006920962883288,2024-09-06,-0.0099999999999997,2024-09-06,1.0,1.0,1.0,1.0,1.0,Saturday,1,Out_of_Sample,1,251,1,1
2024-09-08,0.0036570521839339,0.0247502928961393,23.628432471744595,23.670935724051507,0.0025902136125111,0.0461384650674769,23.095231784938736,23.132425457187917,,,,,,,,,,,-0.0174109016708675,2024-09-06,2.4800000000000004,2024-09-06,-0.0071529816835019,2024-09-06,0.0006920962883288,2024-09-06,-0.0099999999999997,2024-09-06,2.0,2.0,2.0,2.0,2.0,Sunday,1,Out_of_Sample,1,252,1,1
2024-09-09,0.0473459611481395,0.0036570521839339,24.26764239306797,23.628432471744595,0.0280239796596064,0.0025902136125111,23.48881184558343,23.095231784938736,0.0115135556900214,-0.0174109016708675,-2.9299999999999997,2.4800000000000004,0.0033231463116611,-0.0071529816835019,0.0036995242683819,0.0006920962883288,-0.02,-0.0099999999999997,-0.0174109016708675,2024-09-06,2.4800000000000004,2024-09-06,-0.0071529816835019,2024-09-06,0.0006920962883288,2024-09-06,-0.0099999999999997,2024-09-06,3.0,3.0,3.0,3.0,3.0,Monday,0,Out_of_Sample,1,253,1,1
2024-09-10,0.009739401691195,0.0473459611481395,24.085640283906947,24.26764239306797,0.015425341873051,0.0280239796596064,23.2723843115438,23.48881184558343,0.0044626607244902,0.0115135556900214,-0.370000000000001,-2.9299999999999997,0.004188195346663,0.0033231463116611,0.0007677845855605,0.0036995242683819,-0.0500000000000002,-0.02,0.0115135556900214,2024-09-09,-2.9299999999999997,2024-09-09,0.0033231463116611,2024-09-09,0.0036995242683819,2024-09-09,-0.02,2024-09-09,1.0,1.0,1.0,1.0,1.0,Tuesday,0,Out_of_Sample,1,254,1,1
2024-09-11,-0.0014774902739919,0.009739401691195,24.335508889367137,24.085640283906947,-0.0128023755660041,0.015425341873051,23.45471877631192,23.2723843115438,0.0106085803030387,0.0044626607244902,-1.389999999999997,-0.370000000000001,-7.959205722123827e-05,0.004188195346663,0.0005311980608297,0.0007677845855605,0.0,-0.0500000000000002,0.0044626607244902,2024-09-10,-0.370000000000001,2024-09-10,0.004188195346663,2024-09-10,0.0007677845855605,2024-09-10,-0.0500000000000002,2024-09-10,1.0,1.0,1.0,1.0,1.0,Wednesday,0,Out_of_Sample,1,255,1,1
2024-09-12,0.0122576826059758,-0.0014774902739919,24.244782529981972,24.335508889367137,0.0017235697045925,-0.0128023755660041,23.22163435786074,23.45471877631192,0.0074673729420304,0.0106085803030387,-0.620000000000001,-1.389999999999997,0.0154447219692898,-7.959205722123827e-05,-0.0031322360008752,0.0005311980608297,0.0300000000000002,0.0,0.0106085803030387,2024-09-11,-1.389999999999997,2024-09-11,-7.959205722123827e-05,2024-09-11,0.0005311980608297,2024-09-11,0.0,2024-09-11,1.0,1.0,1.0,1.0,1.0,Thursday,0,Out_of_Sample,1,256,1,1
2024-09-13,0.028325274867096,0.0122576826059758,24.204214448606617,24.244782529981972,0.0300111523649453,0.0017235697045925,23.34500556925635,23.22163435786074,0.0053930968783714,0.0074673729420304,-0.5100000000000016,-0.620000000000001,0.0117293493413146,0.0154447219692898,-0.0024891360145371,-0.0031322360008752,-0.02,0.0300000000000002,0.0074673729420304,2024-09-12,-0.620000000000001,2024-09-12,0.0154447219692898,2024-09-12,-0.0031322360008752,2024-09-12,0.0300000000000002,2024-09-12,1.0,1.0,1.0,1.0,1.0,Friday,0,Out_of_Sample,1,257,1,1
2024-09-14,0.002702276058699,0.028325274867096,23.522277715959863,24.204214448606617,-0.0028181371025452,0.0300111523649453,22.823770446527433,23.34500556925635,,,,,,,,,,,0.0053930968783714,2024-09-13,-0.5100000000000016,2024-09-13,0.0117293493413146,2024-09-13,-0.0024891360145371,2024-09-13,-0.02,2024-09-13,1.0,1.0,1.0,1.0,1.0,Saturday,1,Out_of_Sample,1,258,1,1
2024-09-15,-0.0037885787258552,0.002702276058699,23.620335164135444,23.522277715959863,-0.0222092815755511,-0.0028181371025452,23.041278350453062,22.823770446527433,,,,,,,,,,,0.0053930968783714,2024-09-13,-0.5100000000000016,2024-09-13,0.0117293493413146,2024-09-13,-0.0024891360145371,2024-09-13,-0.02,2024-09-13,2.0,2.0,2.0,2.0,2.0,Sunday,1,Out_of_Sample,1,259,1,1
2024-09-16,-0.0362490529171659,-0.0037885787258552,24.19002690511575,23.620335164135444,-0.0385363838855418,-0.0222092815755511,23.54577701439354,23.041278350453062,0.001255872076788,0.0053930968783714,0.5800000000000018,-0.5100000000000016,-0.0003487790851909,0.0117293493413146,-0.0034773684341811,-0.0024891360145371,-0.0300000000000002,-0.02,0.0053930968783714,2024-09-13,-0.5100000000000016,2024-09-13,0.0117293493413146,2024-09-13,-0.0024891360145371,2024-09-13,-0.02,2024-09-13,3.0,3.0,3.0,3.0,3.0,Monday,0,Out_of_Sample,1,260,1,1
2024-09-17,0.0417406475838187,-0.0362490529171659,24.362838709167733,24.19002690511575,0.0304438173390186,-0.0385363838855418,23.45482315882279,23.54577701439354,0.0002644734907367,0.001255872076788,0.4699999999999988,0.5800000000000018,-0.0062588318949571,-0.0003487790851909,0.0012992360138997,-0.0034773684341811,0.02,-0.0300000000000002,0.001255872076788,2024-09-16,0.5800000000000018,2024-09-16,-0.0003487790851909,2024-09-16,-0.0034773684341811,2024-09-16,-0.0300000000000002,2024-09-16,1.0,1.0,1.0,1.0,1.0,Tuesday,0,Out_of_Sample,1,261,1,1
2024-09-18,0.0017226985354878,0.0417406475838187,24.436611119180967,24.362838709167733,-0.0080725896880914,0.0304438173390186,23.622435249628666,23.45482315882279,-0.0029006031263851,0.0002644734907367,0.620000000000001,0.4699999999999988,0.0024926604313492,-0.0062588318949571,-0.0029579653310902,0.0012992360138997,0.0500000000000002,0.02,0.0002644734907367,2024-09-17,0.4699999999999988,2024-09-17,-0.0062588318949571,2024-09-17,0.0012992360138997,2024-09-17,0.02,2024-09-17,1.0,1.0,1.0,1.0,1.0,Wednesday,0,Out_of_Sample,1,262,1,1
2024-09-19,0.0455385523756996,0.0017226985354878,24.477704835455913,24.436611119180967,0.0584964509925532,-0.0080725896880914,23.63763334402963,23.622435249628666,0.0168342912475869,-0.0029006031263851,-1.900000000000002,0.620000000000001,0.0067071602717054,0.0024926604313492,0.0001789175493069,-0.0029579653310902,0.0299999999999998,0.0500000000000002,-0.0029006031263851,2024-09-18,0.620000000000001,2024-09-18,0.0024926604313492,2024-09-18,-0.0029579653310902,2024-09-18,0.0500000000000002,2024-09-18,1.0,1.0,1.0,1.0,1.0,Thursday,0,Out_of_Sample,1,263,1,1
2024-09-20,-0.0035753766406934,0.0455385523756996,24.28366296533203,24.477704835455913,0.0299042527552573,0.0584964509925532,23.67362350919941,23.63763334402963,-0.0019428554515017,0.0168342912475869,-0.1799999999999997,-1.900000000000002,0.0122507351922045,0.0067071602717054,0.0010827618435662,0.0001789175493069,0.0,0.0299999999999998,0.0168342912475869,2024-09-19,-1.900000000000002,2024-09-19,0.0067071602717054,2024-09-19,0.0001789175493069,2024-09-19,0.0299999999999998,2024-09-19,1.0,1.0,1.0,1.0,1.0,Friday,0,Out_of_Sample,1,264,1,1
2024-09-21,0.0052877399523011,-0.0035753766406934,23.391092213200324,24.28366296533203,0.0099285068157046,0.0299042527552573,23.102610563851066,23.67362350919941,,,,,,,,,,,-0.0019428554515017,2024-09-20,-0.1799999999999997,2024-09-20,0.0122507351922045,2024-09-20,0.0010827618435662,2024-09-20,0.0,2024-09-20,1.0,1.0,1.0,1.0,1.0,Saturday,1,Out_of_Sample,1,265,1,1
2024-09-22,0.0010201276863215,0.0052877399523011,23.728123784685035,23.391092213200324,0.0028992013458248,0.0099285068157046,23.302016669080288,23.102610563851066,,,,,,,,,,,-0.0019428554515017,2024-09-20,-0.1799999999999997,2024-09-20,0.0122507351922045,2024-09-20,0.0010827618435662,2024-09-20,0.0,2024-09-20,2.0,2.0,2.0,2.0,2.0,Sunday,1,Out_of_Sample,1,266,1,1
2024-09-23,0.0013595013041054,0.0010201276863215,24.170082819787456,23.728123784685035,0.0336618918619223,0.0028992013458248,23.71463065985727,23.302016669080288,0.0028053309143568,-0.0019428554515017,-0.259999999999998,-0.1799999999999997,0.0025160495810205,0.0122507351922045,0.001270005230877,0.0010827618435662,0.02,0.0,-0.0019428554515017,2024-09-20,-0.1799999999999997,2024-09-20,0.0122507351922045,2024-09-20,0.0010827618435662,2024-09-20,0.0,2024-09-20,3.0,3.0,3.0,3.0,3.0,Monday,0,Out_of_Sample,1,267,1,1
2024-09-24,0.014553581163203,0.0013595013041054,24.12240561128577,24.170082819787456,-0.0040849806906377,0.0336618918619223,23.536205192813355,23.71463065985727,0.0025079697029956,0.0028053309143568,-0.5,-0.259999999999998,0.0093601878609144,0.0025160495810205,-0.0038248182652682,0.001270005230877,-0.0099999999999997,0.02,0.0028053309143568,2024-09-23,-0.259999999999998,2024-09-23,0.0025160495810205,2024-09-23,0.001270005230877,2024-09-23,0.02,2024-09-23,1.0,1.0,1.0,1.0,1.0,Tuesday,0,Out_of_Sample,1,268,1,1
2024-09-25,-0.0115329431133211,0.014553581163203,23.94527186561099,24.12240561128577,-0.0268992216966307,-0.0040849806906377,23.370838944324383,23.536205192813355,-0.0018629115860669,0.0025079697029956,0.0199999999999995,-0.5,0.0030129580442378,0.0093601878609144,0.0044294881190928,-0.0038248182652682,0.0499999999999998,-0.0099999999999997,0.0025079697029956,2024-09-24,-0.5,2024-09-24,0.0093601878609144,2024-09-24,-0.0038248182652682,2024-09-24,-0.0099999999999997,2024-09-24,1.0,1.0,1.0,1.0,1.0,Wednesday,0,Out_of_Sample,1,269,1,1
2024-09-26,0.0184720451655377,-0.0115329431133211,24.330748934306737,23.94527186561099,0.0196141529573907,-0.0268992216966307,23.576053039053537,23.370838944324383,0.0040304808028723,-0.0018629115860669,-0.0400000000000009,0.0199999999999995,0.0040156746334729,0.0030129580442378,-0.003872240905835,0.0044294881190928,0.0,0.0499999999999998,-0.0018629115860669,2024-09-25,0.0199999999999995,2024-09-25,0.0030129580442378,2024-09-25,0.0044294881190928,2024-09-25,0.0499999999999998,2024-09-25,1.0,1.0,1.0,1.0,1.0,Thursday,0,Out_of_Sample,1,270,1,1
2024-09-27,0.0173852888444075,0.0184720451655377,24.190837973118526,24.330748934306737,0.0235777783977092,0.0196141529573907,23.55783239992993,23.576053039053537,-0.0012539688882457,0.0040304808028723,1.5900000000000016,-0.0400000000000009,-0.0096345834844363,0.0040156746334729,-0.0014036626944412,-0.003872240905835,-0.04,0.0,0.0040304808028723,2024-09-26,-0.0400000000000009,2024-09-26,0.0040156746334729,2024-09-26,-0.003872240905835,2024-09-26,0.0,2024-09-26,1.0,1.0,1.0,1.0,1.0,Friday,0,Out_of_Sample,1,271,1,1
2024-09-28,-0.0022513966642078,0.0173852888444075,23.447428071578425,24.190837973118526,-0.0068305157152574,0.0235777783977092,23.05079624806151,23.55783239992993,,,,,,,,,,,-0.0012539688882457,2024-09-27,1.5900000000000016,2024-09-27,-0.0096345834844363,2024-09-27,-0.0014036626944412,2024-09-27,-0.04,2024-09-27,1.0,1.0,1.0,1.0,1.0,Saturday,1,Out_of_Sample,1,272,1,1
2024-09-29,0.0024451145090758,-0.0022513966642078,23.417096387991265,23.447428071578425,-0.0055387893336535,-0.0068305157152574,23.13256993282652,23.05079624806151,,,,,,,,,,,-0.0012539688882457,2024-09-27,1.5900000000000016,2024-09-27,-0.0096345834844363,2024-09-27,-0.0014036626944412,2024-09-27,-0.04,2024-09-27,2.0,2.0,2.0,2.0,2.0,Sunday,1,Out_of_Sample,1,273,1,1
2024-09-30,-0.0314313076235168,0.0024451145090758,24.337232003669644,23.417096387991265,-0.0181145070387765,-0.0055387893336535,23.60394896623628,23.13256993282652,0.004227593432856,-0.0012539688882457,-0.2300000000000004,1.5900000000000016,-0.0031058092325682,-0.0096345834844363,0.0039570542785123,-0.0014036626944412,0.06,-0.04,-0.0012539688882457,2024-09-27,1.5900000000000016,2024-09-27,-0.0096345834844363,2024-09-27,-0.0014036626944412,2024-09-27,-0.04,2024-09-27,3.0,3.0,3.0,3.0,3.0,Monday,0,Out_of_Sample,1,274,1,1
2024-10-01,-0.0482392632208875,-0.0314313076235168,24.639697579594785,24.337232003669644,-0.0639341042857795,-0.0181145070387765,23.961252747501984,23.60394896623628,-0.009367852083837,0.004227593432856,2.530000000000001,-0.2300000000000004,0.011766153885765,-0.0031058092325682,0.0041094659586495,0.0039570542785123,-0.0699999999999998,0.06,0.004227593432856,2024-09-30,-0.2300000000000004,2024-09-30,-0.0031058092325682,2024-09-30,0.0039570542785123,2024-09-30,0.06,2024-09-30,1.0,1.0,1.0,1.0,1.0,Tuesday,0,Out_of_Sample,1,275,1,1
2024-10-02,0.0021200550280177,-0.0482392632208875,24.431033833992995,24.639697579594785,-0.0271871038995238,-0.0639341042857795,23.72638359415122,23.961252747501984,0.0001383744853669,-0.009367852083837,-0.360000000000003,2.530000000000001,-0.0076020050788055,0.011766153885765,0.0047616555604551,0.0041094659586495,0.0499999999999998,-0.0699999999999998,-0.009367852083837,2024-10-01,2.530000000000001,2024-10-01,0.011766153885765,2024-10-01,0.0041094659586495,2024-10-01,-0.0699999999999998,2024-10-01,1.0,1.0,1.0,1.0,1.0,Wednesday,0,Out_of_Sample,1,276,1,1
2024-10-03,-0.0021940916268101,0.0021200550280177,24.30973728132521,24.431033833992995,-0.018380576476355,-0.0271871038995238,23.61649172853635,23.72638359415122,-0.0016828115331257,0.0001383744853669,1.59,-0.360000000000003,0.0037706012139948,-0.0076020050788055,0.0030638422128908,0.0047616555604551,0.06,0.0499999999999998,0.0001383744853669,2024-10-02,-0.360000000000003,2024-10-02,-0.0076020050788055,2024-10-02,0.0047616555604551,2024-10-02,0.0499999999999998,2024-10-02,1.0,1.0,1.0,1.0,1.0,Thursday,0,Out_of_Sample,1,277,1,1
2024-10-04,0.0264092923570855,-0.0021940916268101,24.110549284318154,24.30973728132521,0.0363264741179655,-0.018380576476355,23.423234408273487,23.61649172853635,0.0089302759844378,-0.0016828115331257,-1.2799999999999976,1.59,-0.0042618437533547,0.0037706012139948,0.0051929371643433,0.0030638422128908,0.1299999999999999,0.06,-0.0016828115331257,2024-10-03,1.59,2024-10-03,0.0037706012139948,2024-10-03,0.0030638422128908,2024-10-03,0.06,2024-10-03,1.0,1.0,1.0,1.0,1.0,Friday,0,Out_of_Sample,1,278,1,1
2024-10-05,-0.0109968681870337,0.0264092923570855,23.311436612677067,24.110549284318154,-0.0152668387325213,0.0363264741179655,22.821648014784397,23.423234408273487,,,,,,,,,,,0.0089302759844378,2024-10-04,-1.2799999999999976,2024-10-04,-0.0042618437533547,2024-10-04,0.0051929371643433,2024-10-04,0.1299999999999999,2024-10-04,1.0,1.0,1.0,1.0,1.0,Saturday,1,Out_of_Sample,1,279,1,1
2024-10-06,0.0143691102422499,-0.0109968681870337,23.416285893673372,23.311436612677067,0.0192975697408597,-0.0152668387325213,22.858460176474345,22.821648014784397,,,,,,,,,,,0.0089302759844378,2024-10-04,-1.2799999999999976,2024-10-04,-0.0042618437533547,2024-10-04,0.0051929371643433,2024-10-04,0.1299999999999999,2024-10-04,2.0,2.0,2.0,2.0,2.0,Sunday,1,Out_of_Sample,1,280,1,1
2024-10-07,0.0062361244993415,0.0143691102422499,24.257056414055388,23.416285893673372,0.0010819540159494,0.0192975697408597,23.58054286794106,22.858460176474345,-0.0096322841074211,0.0089302759844378,3.4299999999999997,-1.2799999999999976,-0.0003780289545422,-0.0042618437533547,0.0001658075563279,0.0051929371643433,0.0500000000000002,0.1299999999999999,0.0089302759844378,2024-10-04,-1.2799999999999976,2024-10-04,-0.0042618437533547,2024-10-04,0.0051929371643433,2024-10-04,0.1299999999999999,2024-10-04,3.0,3.0,3.0,3.0,3.0,Monday,0,Out_of_Sample,1,281,1,1
2024-10-08,-0.0104499993718074,0.0062361244993415,24.060261535205907,24.257056414055388,0.0002866855079634,0.0010819540159494,23.36712313397859,23.58054286794106,0.0096427168941927,-0.0096322841074211,-1.2199999999999989,3.4299999999999997,-0.0113313690296709,-0.0003780289545422,0.0001170240778376,0.0001658075563279,0.0099999999999997,0.0500000000000002,-0.0096322841074211,2024-10-07,3.4299999999999997,2024-10-07,-0.0003780289545422,2024-10-07,0.0001658075563279,2024-10-07,0.0500000000000002,2024-10-07,1.0,1.0,1.0,1.0,1.0,Tuesday,0,Out_of_Sample,1,282,1,1
2024-10-09,-0.0322120925706001,-0.0104499993718074,24.043650132933973,24.060261535205907,-0.0367006014450664,0.0002866855079634,23.42824780871003,23.36712313397859,0.0070882038963943,0.0096427168941927,-0.5600000000000023,-1.2199999999999989,-0.0034476188142327,-0.0113313690296709,0.0036889815386088,0.0001170240778376,0.0199999999999995,0.0099999999999997,0.0096427168941927,2024-10-08,-1.2199999999999989,2024-10-08,-0.0113313690296709,2024-10-08,0.0001170240778376,2024-10-08,0.0099999999999997,2024-10-08,1.0,1.0,1.0,1.0,1.0,Wednesday,0,Out_of_Sample,1,283,1,1
2024-10-10,-0.0108240710723244,-0.0322120925706001,24.13944422650532,24.043650132933973,0.0052536928381814,-0.0367006014450664,23.452932048928663,23.42824780871003,-0.0020722279710146,0.0070882038963943,0.0700000000000002,-0.5600000000000023,0.0055868577505378,-0.0034476188142327,0.0005827619194046,0.0036889815386088,0.0300000000000002,0.0199999999999995,0.0070882038963943,2024-10-09,-0.5600000000000023,2024-10-09,-0.0034476188142327,2024-10-09,0.0036889815386088,2024-10-09,0.0199999999999995,2024-10-09,1.0,1.0,1.0,1.0,1.0,Thursday,0,Out_of_Sample,1,284,1,1
2024-10-11,0.0532163174599906,-0.0108240710723244,24.135308910684437,24.13944422650532,0.0374890997218683,0.0052536928381814,23.325144939438665,23.452932048928663,0.0060336118627852,-0.0020722279710146,-0.4699999999999988,0.0700000000000002,0.0140201601697318,0.0055868577505378,-0.0009520202003302,0.0005827619194046,-0.0099999999999997,0.0300000000000002,-0.0020722279710146,2024-10-10,0.0700000000000002,2024-10-10,0.0055868577505378,2024-10-10,0.0005827619194046,2024-10-10,0.0300000000000002,2024-10-10,1.0,1.0,1.0,1.0,1.0,Friday,0,Out_of_Sample,1,285,1,1
2024-10-12,0.0006428268158645,0.0532163174599906,23.541312444500097,24.135308910684437,0.0052773784365205,0.0374890997218683,22.961010409499018,23.325144939438665,,,,,,,,,,,0.0060336118627852,2024-10-11,-0.4699999999999988,2024-10-11,0.0140201601697318,2024-10-11,-0.0009520202003302,2024-10-11,-0.0099999999999997,2024-10-11,1.0,1.0,1.0,1.0,1.0,Saturday,1,Out_of_Sample,1,286,1,1
2024-10-13,-0.0045876992298683,0.0006428268158645,23.62345203582507,23.541312444500097,-0.0040570475754544,0.0052773784365205,22.9413263425068,22.961010409499018,,,,,,,,,,,0.0060336118627852,2024-10-11,-0.4699999999999988,2024-10-11,0.0140201601697318,2024-10-11,-0.0009520202003302,2024-10-11,-0.0099999999999997,2024-10-11,2.0,2.0,2.0,2.0,2.0,Sunday,1,Out_of_Sample,1,287,1,1
2024-10-14,0.049198021982575,-0.0045876992298683,24.500773149622702,23.62345203582507,0.0635890797686031,-0.0040570475754544,23.788276376498462,22.9413263425068,0.0076780609629941,0.0060336118627852,-0.7600000000000016,-0.4699999999999988,-0.0036943716604866,0.0140201601697318,0.003957558466225,-0.0009520202003302,,,0.0060336118627852,2024-10-11,-0.4699999999999988,2024-10-11,0.0140201601697318,2024-10-11,-0.0009520202003302,2024-10-11,-0.0099999999999997,2024-10-11,3.0,3.0,3.0,3.0,3.0,Monday,0,Out_of_Sample,1,288,1,1
2024-10-15,0.0085512573597209,0.049198021982575,24.612304123522527,24.500773149622702,-0.0191806222958907,0.0635890797686031,23.814480134538663,23.788276376498462,-0.0076385090687541,0.0076780609629941,0.9400000000000012,-0.7600000000000016,0.0051231384715043,-0.0036943716604866,-0.0003582511572551,0.003957558466225,-0.0499999999999998,-0.0099999999999997,0.0076780609629941,2024-10-14,-0.7600000000000016,2024-10-14,-0.0036943716604866,2024-10-14,0.003957558466225,2024-10-14,-0.0099999999999997,2024-10-11,1.0,1.0,1.0,1.0,4.0,Tuesday,0,Out_of_Sample,1,289,1,1
2024-10-16,0.0170784969874953,0.0085512573597209,24.36597541619997,24.612304123522527,0.0177681387627132,-0.0191806222958907,23.557208116382316,23.814480134538663,0.0046681557065759,-0.0076385090687541,-1.0600000000000025,0.9400000000000012,0.0047232152458107,0.0051231384715043,0.0031810363733218,-0.0003582511572551,-0.0100000000000006,-0.0499999999999998,-0.0076385090687541,2024-10-15,0.9400000000000012,2024-10-15,0.0051231384715043,2024-10-15,-0.0003582511572551,2024-10-15,-0.0499999999999998,2024-10-15,1.0,1.0,1.0,1.0,1.0,Wednesday,0,Out_of_Sample,1,290,1,1
2024-10-17,-0.0102568813288822,0.0170784969874953,24.21341682940985,24.36597541619997,-0.0080586671254181,0.0177681387627132,23.44131338568427,23.557208116382316,-0.0001711751348332,0.0046681557065759,-0.4699999999999988,-1.0600000000000025,0.0063373930650174,0.0047232152458107,0.0022659894468065,0.0031810363733218,0.0700000000000002,-0.0100000000000006,0.0046681557065759,2024-10-16,-1.0600000000000025,2024-10-16,0.0047232152458107,2024-10-16,0.0031810363733218,2024-10-16,-0.0100000000000006,2024-10-16,1.0,1.0,1.0,1.0,1.0,Thursday,0,Out_of_Sample,1,291,1,1
2024-10-18,0.0220040796507288,-0.0102568813288822,24.330315873967574,24.21341682940985,0.0177909190450641,-0.0080586671254181,23.559048738742035,23.44131338568427,0.0039637370431245,-0.0001711751348332,-1.0799999999999983,-0.4699999999999988,0.0084001276135835,0.0063373930650174,-0.0032028119488394,0.0022659894468065,-0.0099999999999997,0.0700000000000002,-0.0001711751348332,2024-10-17,-0.4699999999999988,2024-10-17,0.0063373930650174,2024-10-17,0.0022659894468065,2024-10-17,0.0700000000000002,2024-10-17,1.0,1.0,1.0,1.0,1.0,Friday,0,Out_of_Sample,1,292,1,1
2024-10-19,-0.002597774693599,0.0220040796507288,23.39351017847247,24.330315873967574,0.0006051322965996,0.0177909190450641,22.870113022316676,23.559048738742035,,,,,,,,,,,0.0039637370431245,2024-10-18,-1.0799999999999983,2024-10-18,0.0084001276135835,2024-10-18,-0.0032028119488394,2024-10-18,-0.0099999999999997,2024-10-18,1.0,1.0,1.0,1.0,1.0,Saturday,1,Out_of_Sample,1,293,1,1
2024-10-20,0.0075113954274975,-0.002597774693599,23.66643282421089,23.39351017847247,0.0246478859221803,0.0006051322965996,23.401495543519303,22.870113022316676,,,,,,,,,,,0.0039637370431245,2024-10-18,-1.0799999999999983,2024-10-18,0.0084001276135835,2024-10-18,-0.0032028119488394,2024-10-18,-0.0099999999999997,2024-10-18,2.0,2.0,2.0,2.0,2.0,Sunday,1,Out_of_Sample,1,294,1,1
2024-10-21,-0.0150648735997794,0.0075113954274975,24.34756975003755,23.66643282421089,-0.0133689348399127,0.0246478859221803,23.57562503921299,23.401495543519303,-0.001824442741309,0.0039637370431245,0.3399999999999998,-1.0799999999999983,0.0034579737223619,0.0084001276135835,0.0050022995324866,-0.0032028119488394,0.1100000000000003,-0.0099999999999997,0.0039637370431245,2024-10-18,-1.0799999999999983,2024-10-18,0.0084001276135835,2024-10-18,-0.0032028119488394,2024-10-18,-0.0099999999999997,2024-10-18,3.0,3.0,3.0,3.0,3.0,Monday,0,Out_of_Sample,1,295,1,1
2024-10-22,-0.0036018750920468,-0.0150648735997794,24.18299852413868,24.34756975003755,-0.0160239184664934,-0.0133689348399127,23.46680615205965,23.57562503921299,-0.0004750033835055,-0.001824442741309,-0.1700000000000017,0.3399999999999998,0.0077186026310139,0.0034579737223619,0.0006055159805745,0.0050022995324866,0.0099999999999997,0.1100000000000003,-0.001824442741309,2024-10-21,0.3399999999999998,2024-10-21,0.0034579737223619,2024-10-21,0.0050022995324866,2024-10-21,0.1100000000000003,2024-10-21,1.0,1.0,1.0,1.0,1.0,Tuesday,0,Out_of_Sample,1,296,1,1
2024-10-23,-0.0133665504110694,-0.0036018750920468,24.19721728557234,24.18299852413868,-0.0468100415936157,-0.0160239184664934,23.60677994319596,23.46680615205965,-0.009233777411953,-0.0004750033835055,1.0399999999999991,-0.1700000000000017,-0.0109186772009492,0.0077186026310139,0.0034147731569673,0.0006055159805745,0.04,0.0099999999999997,-0.0004750033835055,2024-10-22,-0.1700000000000017,2024-10-22,0.0077186026310139,2024-10-22,0.0006055159805745,2024-10-22,0.0099999999999997,2024-10-22,1.0,1.0,1.0,1.0,1.0,Wednesday,0,Out_of_Sample,1,297,1,1
2024-10-24,0.0231801284450381,-0.0133665504110694,24.170533135368704,24.19721728557234,0.0094892596715976,-0.0468100415936157,23.503861641830728,23.60677994319596,0.0021434831869283,-0.009233777411953,-0.1600000000000001,1.0399999999999991,0.0075239379159915,-0.0109186772009492,-0.0035781302415026,0.0034147731569673,-0.0300000000000002,0.04,-0.009233777411953,2024-10-23,1.0399999999999991,2024-10-23,-0.0109186772009492,2024-10-23,0.0034147731569673,2024-10-23,0.04,2024-10-23,1.0,1.0,1.0,1.0,1.0,Thursday,0,Out_of_Sample,1,298,1,1
2024-10-25,-0.0202783264680678,0.0231801284450381,24.44823573276238,24.170533135368704,-0.024429427068196,0.0094892596715976,23.839454594994532,23.503861641830728,-0.0002995357218741,0.0021434831869283,1.25,-0.1600000000000001,0.0021914615637027,0.0075239379159915,0.0019105687111699,-0.0035781302415026,0.04,-0.0300000000000002,0.0021434831869283,2024-10-24,-0.1600000000000001,2024-10-24,0.0075239379159915,2024-10-24,-0.0035781302415026,2024-10-24,-0.0300000000000002,2024-10-24,1.0,1.0,1.0,1.0,1.0,Friday,0,Out_of_Sample,1,299,1,1
2024-10-26,0.0058826773006374,-0.0202783264680678,23.698187981801087,24.44823573276238,0.0048976728187881,-0.024429427068196,23.333122532278896,23.839454594994532,,,,,,,,,,,-0.0002995357218741,2024-10-25,1.25,2024-10-25,0.0021914615637027,2024-10-25,0.0019105687111699,2024-10-25,0.04,2024-10-25,1.0,1.0,1.0,1.0,1.0,Saturday,1,Out_of_Sample,1,300,1,1
2024-10-27,0.0074749515649665,0.0058826773006374,23.53994966391218,23.698187981801087,0.0007436364161764,0.0048976728187881,23.00579459619552,23.333122532278896,,,,,,,,,,,-0.0002995357218741,2024-10-25,1.25,2024-10-25,0.0021914615637027,2024-10-25,0.0019105687111699,2024-10-25,0.04,2024-10-25,2.0,2.0,2.0,2.0,2.0,Sunday,1,Out_of_Sample,1,301,1,1
2024-10-28,0.0284058281641045,0.0074749515649665,24.381682389161597,23.53994966391218,0.0108502328313494,0.0007436364161764,23.66622168534426,23.00579459619552,0.0026479514493707,-0.0002995357218741,-0.5299999999999976,1.25,0.0007294212625947,0.0021914615637027,0.0005657491772538,0.0019105687111699,0.0300000000000002,0.04,-0.0002995357218741,2024-10-25,1.25,2024-10-25,0.0021914615637027,2024-10-25,0.0019105687111699,2024-10-25,0.04,2024-10-25,3.0,3.0,3.0,3.0,3.0,Monday,0,Out_of_Sample,1,302,1,1
2024-10-29,0.0378565535067798,0.0284058281641045,24.79300813686393,24.381682389161597,0.0406475650944432,0.0108502328313494,23.82272031413267,23.66622168534426,0.0016128426925638,0.0026479514493707,-0.4600000000000008,-0.5299999999999976,0.0092537814571629,0.0007294212625947,0.0,0.0005657491772538,0.0,0.0300000000000002,0.0026479514493707,2024-10-28,-0.5299999999999976,2024-10-28,0.0007294212625947,2024-10-28,0.0005657491772538,2024-10-28,0.0300000000000002,2024-10-28,1.0,1.0,1.0,1.0,1.0,Tuesday,0,Out_of_Sample,1,303,1,1
2024-10-30,0.0072971464743804,0.0378565535067798,24.428181959335053,24.79300813686393,0.0222226335133625,0.0406475650944432,23.831553762540594,23.82272031413267,-0.003305691628139,0.0016128426925638,1.0100000000000016,-0.4600000000000008,0.0072343161372402,0.0092537814571629,-0.0030915487155124,0.0,0.0099999999999997,0.0,0.0016128426925638,2024-10-29,-0.4600000000000008,2024-10-29,0.0092537814571629,2024-10-29,0.0,2024-10-29,0.0,2024-10-29,1.0,1.0,1.0,1.0,1.0,Wednesday,0,Out_of_Sample,1,304,1,1
2024-10-31,-0.0408543131857316,0.0072971464743804,24.42772115689806,24.428181959335053,-0.0620755544672162,0.0222226335133625,23.706946252988644,23.831553762540594,-0.0187901825995198,-0.003305691628139,2.8099999999999987,1.0100000000000016,-0.018166509123427,0.0072343161372402,-0.0001731018901278,-0.0030915487155124,-0.0099999999999997,0.0099999999999997,-0.003305691628139,2024-10-30,1.0100000000000016,2024-10-30,0.0072343161372402,2024-10-30,-0.0030915487155124,2024-10-30,0.0099999999999997,2024-10-30,1.0,1.0,1.0,1.0,1.0,Thursday,0,Out_of_Sample,1,305,1,1
2024-11-01,-0.0104798049528661,-0.0408543131857316,24.63508472884481,24.42772115689806,0.0002978288300465,-0.0620755544672162,23.72971242310854,23.706946252988644,0.0040842263302362,-0.0187901825995198,-1.2800000000000011,2.8099999999999987,0.0001095688511384,-0.018166509123427,0.0029386647351996,-0.0001731018901278,0.0899999999999998,-0.0099999999999997,-0.0187901825995198,2024-10-31,2.8099999999999987,2024-10-31,-0.018166509123427,2024-10-31,-0.0001731018901278,2024-10-31,-0.0099999999999997,2024-10-31,1.0,1.0,1.0,1.0,1.0,Friday,0,Out_of_Sample,1,306,1,1
2024-11-02,0.0044195782782127,-0.0104798049528661,23.62384158389582,24.63508472884481,-0.009638936476346,0.0002978288300465,22.98913066172355,23.72971242310854,,,,,,,,,,,0.0040842263302362,2024-11-01,-1.2800000000000011,2024-11-01,0.0001095688511384,2024-11-01,0.0029386647351996,2024-11-01,0.0899999999999998,2024-11-01,1.0,1.0,1.0,1.0,1.0,Saturday,1,Out_of_Sample,1,307,1,1
2024-11-03,-0.0056486836443529,0.0044195782782127,24.27484416347657,23.62384158389582,-0.0104333213858983,-0.009638936476346,23.474872192528608,22.98913066172355,,,,,,,,,,,0.0040842263302362,2024-11-01,-1.2800000000000011,2024-11-01,0.0001095688511384,2024-11-01,0.0029386647351996,2024-11-01,0.0899999999999998,2024-11-01,2.0,2.0,2.0,2.0,2.0,Sunday,1,Out_of_Sample,1,308,1,1
2024-11-04,-0.0299014133940848,-0.0056486836443529,24.44133556297575,24.27484416347657,-0.0410363808570702,-0.0104333213858983,23.562940654530404,23.474872192528608,-0.0028160686495115,0.0040842263302362,0.1000000000000014,-1.2800000000000011,-0.000913292083432,0.0001095688511384,-0.0038142499177374,0.0029386647351996,-0.0600000000000005,0.0899999999999998,0.0040842263302362,2024-11-01,-1.2800000000000011,2024-11-01,0.0001095688511384,2024-11-01,0.0029386647351996,2024-11-01,0.0899999999999998,2024-11-01,3.0,3.0,3.0,3.0,3.0,Monday,0,Out_of_Sample,1,309,1,1
2024-11-05,0.0305288796876364,-0.0299014133940848,24.55292604479266,24.44133556297575,0.0193531505813148,-0.0410363808570702,23.607734510595996,23.562940654530404,0.012191061302748,-0.0028160686495115,-1.490000000000002,0.1000000000000014,0.0015338367843668,-0.000913292083432,-0.0044571436205619,-0.0038142499177374,-0.0499999999999998,-0.0600000000000005,-0.0028160686495115,2024-11-04,0.1000000000000014,2024-11-04,-0.000913292083432,2024-11-04,-0.0038142499177374,2024-11-04,-0.0600000000000005,2024-11-04,1.0,1.0,1.0,1.0,1.0,Tuesday,0,Out_of_Sample,1,310,1,1
2024-11-06,0.0942176258313904,0.0305288796876364,25.498960381987988,24.55292604479266,0.107389008290603,0.0193531505813148,24.45825506533503,23.607734510595996,0.0249812338388965,0.012191061302748,-4.219999999999999,-1.490000000000002,-0.0268881928918231,0.0015338367843668,0.0159707199137208,-0.0044571436205619,0.1600000000000001,-0.0499999999999998,0.012191061302748,2024-11-05,-1.490000000000002,2024-11-05,0.0015338367843668,2024-11-05,-0.0044571436205619,2024-11-05,-0.0499999999999998,2024-11-05,1.0,1.0,1.0,1.0,1.0,Wednesday,0,Out_of_Sample,1,311,1,1
2024-11-07,-0.0002763921627514,0.0942176258313904,24.873796242819992,25.498960381987988,0.0735965844688797,0.107389008290603,24.288629812371756,24.45825506533503,0.0074037444129894,0.0249812338388965,-1.0700000000000005,-4.219999999999999,0.0114797401905808,-0.0268881928918231,-0.0055344708913055,0.0159707199137208,-0.1100000000000003,0.1600000000000001,0.0249812338388965,2024-11-06,-4.219999999999999,2024-11-06,-0.0268881928918231,2024-11-06,0.0159707199137208,2024-11-06,0.1600000000000001,2024-11-06,1.0,1.0,1.0,1.0,1.0,Thursday,0,Out_of_Sample,1,312,1,1
2024-11-08,0.0073967065321176,-0.0002763921627514,24.733809463248104,24.873796242819992,0.016835904655538,0.0735965844688797,24.19843402495787,24.288629812371756,0.0037498038697994,0.0074037444129894,-0.2599999999999998,-1.0700000000000005,-0.0040475751210939,0.0114797401905808,0.004668154822178,-0.0055344708913055,-0.0099999999999997,-0.1100000000000003,0.0074037444129894,2024-11-07,-1.0700000000000005,2024-11-07,0.0114797401905808,2024-11-07,-0.0055344708913055,2024-11-07,-0.1100000000000003,2024-11-07,1.0,1.0,1.0,1.0,1.0,Friday,0,Out_of_Sample,1,313,1,1
2024-11-09,-0.0007319831186452,0.0073967065321176,24.09088852250978,24.733809463248104,0.0447869497730695,0.016835904655538,24.09778150958354,24.19843402495787,,,,,,,,,,,0.0037498038697994,2024-11-08,-0.2599999999999998,2024-11-08,-0.0040475751210939,2024-11-08,0.004668154822178,2024-11-08,-0.0099999999999997,2024-11-08,1.0,1.0,1.0,1.0,1.0,Saturday,1,Out_of_Sample,1,314,1,1
2024-11-10,0.0440113484721131,-0.0007319831186452,25.136919455240832,24.09088852250978,0.0296012141015465,0.0447869497730695,24.58228313922007,24.09778150958354,,,,,,,,,,,0.0037498038697994,2024-11-08,-0.2599999999999998,2024-11-08,-0.0040475751210939,2024-11-08,0.004668154822178,2024-11-08,-0.0099999999999997,2024-11-08,2.0,2.0,2.0,2.0,2.0,Sunday,1,Out_of_Sample,1,315,1,1
2024-11-11,0.0966771330050784,0.0440113484721131,25.4936694476687,25.136919455240832,0.0485446324512447,0.0296012141015465,24.73816616748915,24.58228313922007,0.0009685844338363,0.0037498038697994,0.0300000000000011,-0.2599999999999998,-0.0288015263656269,-0.0040475751210939,0.0051866744943659,0.004668154822178,,,0.0037498038697994,2024-11-08,-0.2599999999999998,2024-11-08,-0.0040475751210939,2024-11-08,0.004668154822178,2024-11-08,-0.0099999999999997,2024-11-08,3.0,3.0,3.0,3.0,3.0,Monday,0,Out_of_Sample,1,316,1,1
2024-11-12,0.0031757040169092,0.0966771330050784,25.618664490880164,25.4936694476687,-0.014568982585969,0.0485446324512447,24.760794480776184,24.73816616748915,-0.0028968743715661,0.0009685844338363,-0.2599999999999998,0.0300000000000011,-0.0042984220607178,-0.0288015263656269,0.0045470307632306,0.0051866744943659,0.1299999999999999,-0.0099999999999997,0.0009685844338363,2024-11-11,0.0300000000000011,2024-11-11,-0.0288015263656269,2024-11-11,0.0051866744943659,2024-11-11,-0.0099999999999997,2024-11-08,1.0,1.0,1.0,1.0,4.0,Tuesday,0,Out_of_Sample,1,317,1,1
2024-11-13,0.0037580963295895,0.0031757040169092,25.539984837282127,25.618664490880164,-0.0394456733061054,-0.014568982585969,24.67470579938614,24.760794480776184,0.0002322595101076,-0.0028968743715661,-0.6900000000000013,-0.2599999999999998,-0.0074119977188659,-0.0042984220607178,0.0043010818993904,0.0045470307632306,0.0100000000000006,0.1299999999999999,-0.0028968743715661,2024-11-12,-0.2599999999999998,2024-11-12,-0.0042984220607178,2024-11-12,0.0045470307632306,2024-11-12,0.1299999999999999,2024-11-12,1.0,1.0,1.0,1.0,1.0,Wednesday,0,Out_of_Sample,1,318,1,1
2024-11-14,-0.0047154163599905,0.0037580963295895,25.19623751588606,25.539984837282127,-0.011046665664828,-0.0394456733061054,24.29963013469692,24.67470579938614,-0.0060681150291174,0.0002322595101076,0.2900000000000009,-0.6900000000000013,-0.0048942019061207,-0.0074119977188659,0.0018015148852688,0.0043010818993904,-0.0100000000000006,0.0100000000000006,0.0002322595101076,2024-11-13,-0.6900000000000013,2024-11-13,-0.0074119977188659,2024-11-13,0.0043010818993904,2024-11-13,0.0100000000000006,2024-11-13,1.0,1.0,1.0,1.0,1.0,Thursday,0,Out_of_Sample,1,319,1,1
2024-11-15,0.0391825669497776,-0.0047154163599905,25.08308660521145,25.19623751588606,-0.0089195741971618,-0.011046665664828,24.21068280608226,24.29963013469692,-0.0132914639605682,-0.0060681150291174,1.83,0.2900000000000009,-0.0009739185590534,-0.0048942019061207,0.0001312335959888,0.0018015148852688,0.0,-0.0100000000000006,-0.0060681150291174,2024-11-14,0.2900000000000009,2024-11-14,-0.0048942019061207,2024-11-14,0.0018015148852688,2024-11-14,-0.0100000000000006,2024-11-14,1.0,1.0,1.0,1.0,1.0,Friday,0,Out_of_Sample,1,320,1,1
2024-11-16,-0.0077135549526102,0.0391825669497776,24.51499950688601,25.08308660521145,0.0206603442812556,-0.0089195741971618,24.00607970942904,24.21068280608226,,,,,,,,,,,-0.0132914639605682,2024-11-15,1.83,2024-11-15,-0.0009739185590534,2024-11-15,0.0001312335959888,2024-11-15,0.0,2024-11-15,1.0,1.0,1.0,1.0,1.0,Saturday,1,Out_of_Sample,1,321,1,1
2024-11-17,-0.0212577936481475,-0.0077135549526102,24.55949056595345,24.51499950688601,-0.0301008914564609,0.0206603442812556,24.06782807574436,24.00607970942904,,,,,,,,,,,-0.0132914639605682,2024-11-15,1.83,2024-11-15,-0.0009739185590534,2024-11-15,0.0001312335959888,2024-11-15,0.0,2024-11-15,2.0,2.0,2.0,2.0,2.0,Sunday,1,Out_of_Sample,1,322,1,1
2024-11-18,0.024684266339162,-0.0212577936481475,25.047872223145824,24.55949056595345,0.0282552230195551,-0.0301008914564609,24.29126376791128,24.06782807574436,0.0039101598241076,-0.0132914639605682,-0.5600000000000005,1.83,0.0173487905367438,-0.0009739185590534,-0.0038692397141719,0.0001312335959888,-0.0099999999999997,0.0,-0.0132914639605682,2024-11-15,1.83,2024-11-15,-0.0009739185590534,2024-11-15,0.0001312335959888,2024-11-15,0.0,2024-11-15,3.0,3.0,3.0,3.0,3.0,Monday,0,Out_of_Sample,1,323,1,1
2024-11-19,0.0096352329629145,0.024684266339162,25.034347449878226,25.047872223145824,-0.0175669505181872,0.0282552230195551,24.11856701786374,24.29126376791128,0.0039557737052673,0.0039101598241076,0.7700000000000014,-0.5600000000000005,0.0063004960066535,0.0173487905367438,-0.0006494698577794,-0.0038692397141719,-0.0300000000000002,-0.0099999999999997,0.0039101598241076,2024-11-18,-0.5600000000000005,2024-11-18,0.0173487905367438,2024-11-18,-0.0038692397141719,2024-11-18,-0.0099999999999997,2024-11-18,1.0,1.0,1.0,1.0,1.0,Tuesday,0,Out_of_Sample,1,324,1,1
2024-11-20,0.0237712568669143,0.0096352329629145,24.996188240691662,25.034347449878226,-0.0048119828743671,-0.0175669505181872,24.11728723995083,24.11856701786374,2.1970426117316337e-05,0.0039557737052673,0.8099999999999987,0.7700000000000014,0.0079995320984941,0.0063004960066535,0.0044530949267391,-0.0006494698577794,0.0200000000000004,-0.0300000000000002,0.0039557737052673,2024-11-19,0.7700000000000014,2024-11-19,0.0063004960066535,2024-11-19,-0.0006494698577794,2024-11-19,-0.0300000000000002,2024-11-19,1.0,1.0,1.0,1.0,1.0,Wednesday,0,Out_of_Sample,1,325,1,1
2024-11-21,0.0376115194177816,0.0237712568669143,25.386936089075256,24.996188240691662,0.0834452288193763,-0.0048119828743671,24.667157002170832,24.11728723995083,0.0053262353051749,2.1970426117316337e-05,-0.2899999999999991,0.8099999999999987,0.0089845711851382,0.0079995320984941,0.0027334186603294,0.0044530949267391,0.0199999999999995,0.0200000000000004,2.1970426117316337e-05,2024-11-20,0.8099999999999987,2024-11-20,0.0079995320984941,2024-11-20,0.0044530949267391,2024-11-20,0.0200000000000004,2024-11-20,1.0,1.0,1.0,1.0,1.0,Thursday,0,Out_of_Sample,1,326,1,1
2024-11-22,0.0133985507111739,0.0376115194177816,25.086027851597493,25.386936089075256,-0.0085921100789276,0.0834452288193763,24.32810358501165,24.667157002170832,0.00346197920041,0.0053262353051749,-1.6300000000000008,-0.2899999999999991,0.0140469811344977,0.0089845711851382,0.0054259290517098,0.0027334186603294,-0.0199999999999995,0.0199999999999995,0.0053262353051749,2024-11-21,-0.2899999999999991,2024-11-21,0.0089845711851382,2024-11-21,0.0027334186603294,2024-11-21,0.0199999999999995,2024-11-21,1.0,1.0,1.0,1.0,1.0,Friday,0,Out_of_Sample,1,327,1,1
2024-11-23,-0.0134546278121044,0.0133985507111739,24.51683508706853,25.086027851597493,0.0299814040938189,-0.0085921100789276,24.382592494516768,24.32810358501165,,,,,,,,,,,0.00346197920041,2024-11-22,-1.6300000000000008,2024-11-22,0.0140469811344977,2024-11-22,0.0054259290517098,2024-11-22,-0.0199999999999995,2024-11-22,1.0,1.0,1.0,1.0,1.0,Saturday,1,Out_of_Sample,1,328,1,1
2024-11-24,-0.0105266287779613,-0.0134546278121044,24.668956098649883,24.51683508706853,-0.0217327595858445,0.0299814040938189,24.051944645741628,24.382592494516768,,,,,,,,,,,0.00346197920041,2024-11-22,-1.6300000000000008,2024-11-22,0.0140469811344977,2024-11-22,0.0054259290517098,2024-11-22,-0.0199999999999995,2024-11-22,2.0,2.0,2.0,2.0,2.0,Sunday,1,Out_of_Sample,1,329,1,1
2024-11-25,-0.0351052524155246,-0.0105266287779613,25.116596619436713,24.668956098649883,0.0268639661795072,-0.0217327595858445,24.66571705274606,24.051944645741628,0.0030158820722513,0.00346197920041,-0.6400000000000006,-1.6300000000000008,-0.0349594819034073,0.0140469811344977,-0.0068759571369559,0.0054259290517098,-0.1400000000000005,-0.0199999999999995,0.00346197920041,2024-11-22,-1.6300000000000008,2024-11-22,0.0140469811344977,2024-11-22,0.0054259290517098,2024-11-22,-0.0199999999999995,2024-11-22,3.0,3.0,3.0,3.0,3.0,Monday,0,Out_of_Sample,1,330,1,1
2024-11-26,-0.0220298261217315,-0.0351052524155246,25.241313947327097,25.116596619436713,-0.0342696307034949,0.0268639661795072,24.40971632245309,24.66571705274606,0.0057057361888066,0.0030158820722513,-0.5,-0.6400000000000006,0.0013366177677767,-0.0349594819034073,0.0018332325201525,-0.0068759571369559,0.0300000000000002,-0.1400000000000005,0.0030158820722513,2024-11-25,-0.6400000000000006,2024-11-25,-0.0349594819034073,2024-11-25,-0.0068759571369559,2024-11-25,-0.1400000000000005,2024-11-25,1.0,1.0,1.0,1.0,1.0,Tuesday,0,Out_of_Sample,1,331,1,1
2024-11-27,0.0505653402066931,-0.0220298261217315,24.98782356153068,25.241313947327097,0.0905948812021113,-0.0342696307034949,24.49335625123803,24.40971632245309,-0.0038085396153748,0.0057057361888066,0.0,-0.5,0.0074521669912282,0.0013366177677767,-0.0087190892917542,0.0018332325201525,-0.0499999999999998,0.0300000000000002,0.0057057361888066,2024-11-26,-0.5,2024-11-26,0.0013366177677767,2024-11-26,0.0018332325201525,2024-11-26,0.0300000000000002,2024-11-26,1.0,1.0,1.0,1.0,1.0,Wednesday,0,Out_of_Sample,1,332,1,1
2024-11-28,-0.013338716851755,0.0505653402066931,24.679497255113876,24.98782356153068,-0.0182577731777949,0.0905948812021113,24.200273112119792,24.49335625123803,,,-0.1999999999999993,0.0,,,0.0005089010674238,-0.0087190892917542,,,-0.0038085396153748,2024-11-27,0.0,2024-11-27,0.0074521669912282,2024-11-27,-0.0087190892917542,2024-11-27,-0.0499999999999998,2024-11-27,1.0,1.0,1.0,1.0,1.0,Thursday,0,Out_of_Sample,1,333,1,1
2024-11-29,0.0241088135293977,-0.013338716851755,24.73002945047644,24.679497255113876,0.0060479131839317,-0.0182577731777949,24.04190118264086,24.200273112119792,0.005592178893918,-0.0038085396153748,-0.3900000000000005,-0.1999999999999993,0.0064566661171555,0.0074521669912282,-0.0037852552571012,0.0005089010674238,-0.0700000000000002,-0.0499999999999998,-0.0038085396153748,2024-11-27,-0.1999999999999993,2024-11-28,0.0074521669912282,2024-11-27,0.0005089010674238,2024-11-28,-0.0499999999999998,2024-11-27,2.0,1.0,2.0,1.0,2.0,Friday,0,Out_of_Sample,1,334,1,1
2024-11-30,-0.0064801435286799,0.0241088135293977,24.177505531660856,24.73002945047644,0.0350366279447527,0.0060479131839317,24.146579097554913,24.04190118264086,,,,,,,,,,,0.005592178893918,2024-11-29,-0.3900000000000005,2024-11-29,0.0064566661171555,2024-11-29,-0.0037852552571012,2024-11-29,-0.0700000000000002,2024-11-29,1.0,1.0,1.0,1.0,1.0,Saturday,1,Out_of_Sample,1,335,1,1
2024-12-01,0.0102643511728067,-0.0064801435286799,24.323059818147353,24.177505531660856,-0.0036471095731819,0.0350366279447527,24.0561170497501,24.146579097554913,,,,,,,,,,,0.005592178893918,2024-11-29,-0.3900000000000005,2024-11-29,0.0064566661171555,2024-11-29,-0.0037852552571012,2024-11-29,-0.0700000000000002,2024-11-29,2.0,2.0,2.0,2.0,2.0,Sunday,1,Out_of_Sample,1,336,1,1
2024-12-02,-0.0250118478189645,0.0102643511728067,25.00934287162419,24.323059818147353,-0.0250654743287275,-0.0036471095731819,24.579458271572477,24.0561170497501,0.0024454606033056,0.005592178893918,-0.1699999999999999,-0.3900000000000005,-0.0083524732312347,0.0064566661171555,0.0066829353789485,-0.0037852552571012,0.0100000000000006,-0.0700000000000002,0.005592178893918,2024-11-29,-0.3900000000000005,2024-11-29,0.0064566661171555,2024-11-29,-0.0037852552571012,2024-11-29,-0.0700000000000002,2024-11-29,3.0,3.0,3.0,3.0,3.0,Monday,0,Out_of_Sample,1,337,1,1
2024-12-03,0.007007701440126,-0.0250118478189645,24.928970048401073,25.00934287162419,-0.0002073928650462,-0.0250654743287275,24.329845426770177,24.579458271572477,0.0004513504631047,0.0024454606033056,-0.0399999999999991,-0.1699999999999999,0.0037124253183831,-0.0083524732312347,-0.0007612388824969,0.0066829353789485,0.04,0.0100000000000006,0.0024454606033056,2024-12-02,-0.1699999999999999,2024-12-02,-0.0083524732312347,2024-12-02,0.0066829353789485,2024-12-02,0.0100000000000006,2024-12-02,1.0,1.0,1.0,1.0,1.0,Tuesday,0,Out_of_Sample,1,338,1,1
2024-12-04,0.0185085296466134,0.007007701440126,25.06966292495879,24.928970048401073,0.061210903890192,-0.0002073928650462,24.76279768646631,24.329845426770177,0.0060331237505021,0.0004513504631047,0.1499999999999985,-0.0399999999999991,0.0034349746546976,0.0037124253183831,-0.0004137554952154,-0.0007612388824969,-0.04,0.04,0.0004513504631047,2024-12-03,-0.0399999999999991,2024-12-03,0.0037124253183831,2024-12-03,-0.0007612388824969,2024-12-03,0.04,2024-12-03,1.0,1.0,1.0,1.0,1.0,Wednesday,0,Out_of_Sample,1,339,1,1
2024-12-05,0.0115056982495065,0.0185085296466134,25.72868049775385,25.06966292495879,0.0041716103261139,0.061210903890192,24.82703743480979,24.76279768646631,-0.0018714648272306,0.0060331237505021,0.0899999999999998,0.1499999999999985,-0.0103023221708816,0.0034349746546976,-0.0057254854923069,-0.0004137554952154,-0.0200000000000004,-0.04,0.0060331237505021,2024-12-04,0.1499999999999985,2024-12-04,0.0034349746546976,2024-12-04,-0.0004137554952154,2024-12-04,-0.04,2024-12-04,1.0,1.0,1.0,1.0,1.0,Thursday,0,Out_of_Sample,1,340,1,1
2024-12-06,0.0157227120041992,0.0115056982495065,25.272233568398644,25.72868049775385,0.0432277382071028,0.0041716103261139,24.690792961536637,24.82703743480979,0.0024923196558419,-0.0018714648272306,-0.7699999999999996,0.0899999999999998,0.0045582391295282,-0.0103023221708816,0.0032204930346326,-0.0057254854923069,-0.0199999999999995,-0.0200000000000004,-0.0018714648272306,2024-12-05,0.0899999999999998,2024-12-05,-0.0103023221708816,2024-12-05,-0.0057254854923069,2024-12-05,-0.0200000000000004,2024-12-05,1.0,1.0,1.0,1.0,1.0,Friday,0,Out_of_Sample,1,341,1,1
2024-12-07,-0.0060133611602327,0.0157227120041992,24.51148169331048,25.272233568398644,-0.0053980901985554,0.0432277382071028,23.840092845798857,24.690792961536637,,,,,,,,,,,0.0024923196558419,2024-12-06,-0.7699999999999996,2024-12-06,0.0045582391295282,2024-12-06,0.0032204930346326,2024-12-06,-0.0199999999999995,2024-12-06,1.0,1.0,1.0,1.0,1.0,Saturday,1,Out_of_Sample,1,342,1,1
2024-12-08,0.0011496207518078,-0.0060133611602327,24.51030939284788,24.51148169331048,-0.00391125827419,-0.0053980901985554,23.76508839379312,23.840092845798857,,,,,,,,,,,0.0024923196558419,2024-12-06,-0.7699999999999996,2024-12-06,0.0045582391295282,2024-12-06,0.0032204930346326,2024-12-06,-0.0199999999999995,2024-12-06,2.0,2.0,2.0,2.0,2.0,Sunday,1,Out_of_Sample,1,343,1,1
2024-12-09,-0.0321888807741713,0.0011496207518078,25.429877132918904,24.51030939284788,-0.0760092349227647,-0.00391125827419,24.766840337327075,23.76508839379312,-0.0061631802121963,0.0024923196558419,1.42,-0.7699999999999996,0.0099179863380868,0.0045582391295282,0.0008482564127854,0.0032204930346326,0.0499999999999998,-0.0199999999999995,0.0024923196558419,2024-12-06,-0.7699999999999996,2024-12-06,0.0045582391295282,2024-12-06,0.0032204930346326,2024-12-06,-0.0199999999999995,2024-12-06,3.0,3.0,3.0,3.0,3.0,Monday,0,Out_of_Sample,1,344,1,1
2024-12-10,9.285577956522566e-05,-0.0321888807741713,25.37554649753873,25.429877132918904,-0.0161682191129941,-0.0760092349227647,24.7908628105434,24.766840337327075,-0.0029682940713745,-0.0061631802121963,-0.0099999999999997,1.42,0.012196028210303,0.0099179863380868,0.0023900944831721,0.0008482564127854,0.0199999999999995,0.0499999999999998,-0.0061631802121963,2024-12-09,1.42,2024-12-09,0.0099179863380868,2024-12-09,0.0008482564127854,2024-12-09,0.0499999999999998,2024-12-09,1.0,1.0,1.0,1.0,1.0,Tuesday,0,Out_of_Sample,1,345,1,1
2024-12-11,0.047409212283035,9.285577956522566e-05,25.170511346452297,25.37554649753873,0.0508957470911806,-0.0161682191129941,24.30589697019786,24.7908628105434,0.008132661932885,-0.0029682940713745,-0.5999999999999996,-0.0099999999999997,0.0133300755707553,0.012196028210303,0.0029186962613362,0.0023900944831721,0.04,0.0199999999999995,-0.0029682940713745,2024-12-10,-0.0099999999999997,2024-12-10,0.012196028210303,2024-12-10,0.0023900944831721,2024-12-10,0.0199999999999995,2024-12-10,1.0,1.0,1.0,1.0,1.0,Wednesday,0,Out_of_Sample,1,346,1,1
2024-12-12,-0.0183550603844738,0.047409212283035,25.000958977464737,25.170511346452297,0.0090276180899199,0.0508957470911806,24.48380703243694,24.30589697019786,-0.0054287410919564,0.008132661932885,0.3399999999999998,-0.5999999999999996,-0.0170812071435329,0.0133300755707553,0.0023026603081071,0.0029186962613362,0.0600000000000005,0.04,0.008132661932885,2024-12-11,-0.5999999999999996,2024-12-11,0.0133300755707553,2024-12-11,0.0029186962613362,2024-12-11,0.04,2024-12-11,1.0,1.0,1.0,1.0,1.0,Thursday,0,Out_of_Sample,1,347,1,1
2024-12-13,0.0155025676938144,-0.0183550603844738,24.764468934509804,25.000958977464737,0.0095618155848429,0.0090276180899199,24.27561304778396,24.48380703243694,-2.6441167577320025e-05,-0.0054287410919564,-0.1099999999999994,0.3399999999999998,-0.0117901618395937,-0.0170812071435329,0.000439336515463,0.0023026603081071,0.08,0.0600000000000005,-0.0054287410919564,2024-12-12,0.3399999999999998,2024-12-12,-0.0170812071435329,2024-12-12,0.0023026603081071,2024-12-12,0.0600000000000005,2024-12-12,1.0,1.0,1.0,1.0,1.0,Friday,0,Out_of_Sample,1,348,1,1
2024-12-14,-0.0027369665429951,0.0155025676938144,24.422663994839215,24.764468934509804,-0.0144746838036231,0.0095618155848429,24.082118904802236,24.27561304778396,,,,,,,,,,,-2.6441167577320025e-05,2024-12-13,-0.1099999999999994,2024-12-13,-0.0117901618395937,2024-12-13,0.000439336515463,2024-12-13,0.08,2024-12-13,1.0,1.0,1.0,1.0,1.0,Saturday,1,Out_of_Sample,1,349,1,1
2024-12-15,0.0174147722354635,-0.0027369665429951,24.65794844613392,24.422663994839215,0.0021807145287091,-0.0144746838036231,23.94492247113792,24.082118904802236,,,,,,,,,,,-2.6441167577320025e-05,2024-12-13,-0.1099999999999994,2024-12-13,-0.0117901618395937,2024-12-13,0.000439336515463,2024-12-13,0.08,2024-12-13,2.0,2.0,2.0,2.0,2.0,Sunday,1,Out_of_Sample,1,350,1,1
2024-12-16,0.0310038162662734,0.0174147722354635,25.23434968990011,24.65794844613392,0.0487784326858036,0.0021807145287091,24.563499772358597,23.94492247113792,0.0037921163249597,-2.6441167577320025e-05,0.879999999999999,-0.1099999999999994,-0.0017334660635325,-0.0117901618395937,-0.0013560211746765,0.000439336515463,-0.0100000000000006,0.08,-2.6441167577320025e-05,2024-12-13,-0.1099999999999994,2024-12-13,-0.0117901618395937,2024-12-13,0.000439336515463,2024-12-13,0.08,2024-12-13,3.0,3.0,3.0,3.0,3.0,Monday,0,Out_of_Sample,1,351,1,1
2024-12-17,0.0031294981216156,0.0310038162662734,24.951403328580973,25.23434968990011,-0.0292104975441389,0.0487784326858036,24.290505779525834,24.563499772358597,-0.003871444022763,0.0037921163249597,1.1799999999999995,0.879999999999999,-0.0026436060028242,-0.0017334660635325,0.0009166846592135,-0.0013560211746765,0.0100000000000006,-0.0100000000000006,0.0037921163249597,2024-12-16,0.879999999999999,2024-12-16,-0.0017334660635325,2024-12-16,-0.0013560211746765,2024-12-16,-0.0100000000000006,2024-12-16,1.0,1.0,1.0,1.0,1.0,Tuesday,0,Out_of_Sample,1,352,1,1
2024-12-18,-0.0528161991436794,0.0031294981216156,25.26513040693961,24.951403328580973,-0.0635836535920672,-0.0292104975441389,24.613997412736364,24.290505779525834,-0.0299365545089876,-0.003871444022763,11.750000000000002,1.1799999999999995,-0.0029918795594432,-0.0026436060028242,0.0099636609428465,0.0009166846592135,0.0999999999999996,0.0100000000000006,-0.003871444022763,2024-12-17,1.1799999999999995,2024-12-17,-0.0026436060028242,2024-12-17,0.0009166846592135,2024-12-17,0.0100000000000006,2024-12-17,1.0,1.0,1.0,1.0,1.0,Wednesday,0,Out_of_Sample,1,353,1,1
2024-12-19,-0.0365464253131698,-0.0528161991436794,25.300259387697512,25.26513040693961,-0.0771540084537008,-0.0635836535920672,24.79875355872491,24.613997412736364,-0.0008654734577528,-0.0299365545089876,-3.530000000000001,11.750000000000002,-0.0169453628178076,-0.0029918795594432,0.0035206911409857,0.0099636609428465,0.0700000000000002,0.0999999999999996,-0.0299365545089876,2024-12-18,11.750000000000002,2024-12-18,-0.0029918795594432,2024-12-18,0.0099636609428465,2024-12-18,0.0999999999999996,2024-12-18,1.0,1.0,1.0,1.0,1.0,Thursday,0,Out_of_Sample,1,354,1,1
2024-12-20,-0.0077934998517094,-0.0365464253131698,25.38324691568837,25.300259387697512,0.0064776136860942,-0.0771540084537008,24.918719297933514,24.79875355872491,0.0108104762524106,-0.0008654734577528,-5.73,-3.530000000000001,0.0139824916613125,-0.0169453628178076,-0.0072860910491405,0.0035206911409857,-0.0500000000000007,0.0700000000000002,-0.0008654734577528,2024-12-19,-3.530000000000001,2024-12-19,-0.0169453628178076,2024-12-19,0.0035206911409857,2024-12-19,0.0700000000000002,2024-12-19,1.0,1.0,1.0,1.0,1.0,Friday,0,Out_of_Sample,1,355,1,1
2024-12-21,0.0028954804231755,-0.0077934998517094,24.669986540059217,25.38324691568837,-0.0361425367188137,0.0064776136860942,24.17577052437129,24.918719297933514,,,,,,,,,,,0.0108104762524106,2024-12-20,-5.73,2024-12-20,0.0139824916613125,2024-12-20,-0.0072860910491405,2024-12-20,-0.0500000000000007,2024-12-20,1.0,1.0,1.0,1.0,1.0,Saturday,1,Out_of_Sample,1,356,1,1
2024-12-22,-0.0180623452177403,0.0028954804231755,24.48790147039192,24.669986540059217,0.0361425367188137,-0.0361425367188137,23.933333720535924,24.17577052437129,,,,,,,,,,,0.0108104762524106,2024-12-20,-5.73,2024-12-20,0.0139824916613125,2024-12-20,-0.0072860910491405,2024-12-20,-0.0500000000000007,2024-12-20,2.0,2.0,2.0,2.0,2.0,Sunday,1,Out_of_Sample,1,357,1,1
2024-12-23,-0.013484828994282,-0.0180623452177403,24.901323331305303,24.48790147039192,-0.005804557840948,0.0361425367188137,24.26411157160516,23.933333720535924,0.0072608954754625,0.0108104762524106,-1.5799999999999983,-5.73,-0.0062583308037495,0.0139824916613125,0.0038579650740978,-0.0072860910491405,0.0700000000000002,-0.0500000000000007,0.0108104762524106,2024-12-20,-5.73,2024-12-20,0.0139824916613125,2024-12-20,-0.0072860910491405,2024-12-20,-0.0500000000000007,2024-12-20,3.0,3.0,3.0,3.0,3.0,Monday,0,Out_of_Sample,1,358,1,1
2024-12-24,0.0467192041009408,-0.013484828994282,24.575856275350908,24.901323331305303,0.020084223818402,-0.005804557840948,23.862391633089747,24.26411157160516,0.0109821972738319,0.0072608954754625,-2.5100000000000016,-1.5799999999999983,0.0029432397448627,-0.0062583308037495,0.0015076053670111,0.0038579650740978,0.0,0.0700000000000002,0.0072608954754625,2024-12-23,-1.5799999999999983,2024-12-23,-0.0062583308037495,2024-12-23,0.0038579650740978,2024-12-23,0.0700000000000002,2024-12-23,1.0,1.0,1.0,1.0,1.0,Tuesday,0,Out_of_Sample,1,359,1,1
2024-12-25,0.0011181362851493,0.0467192041009408,24.24077538429551,24.575856275350908,-0.0066019182478004,0.020084223818402,23.59410774642219,23.862391633089747,,,,,,,,,,,0.0109821972738319,2024-12-24,-2.5100000000000016,2024-12-24,0.0029432397448627,2024-12-24,0.0015076053670111,2024-12-24,0.0,2024-12-24,1.0,1.0,1.0,1.0,1.0,Wednesday,0,Out_of_Sample,1,360,1,1
2024-12-26,-0.0282100631992715,0.0011181362851493,24.574582560775305,24.24077538429551,-0.0387821115926772,-0.0066019182478004,23.825505672968433,23.59410774642219,-0.0004057087414676,0.0109821972738319,0.4600000000000008,-2.5100000000000016,0.0071499690974858,0.0029432397448627,-0.0006564076249538,0.0015076053670111,-0.0099999999999997,0.0,0.0109821972738319,2024-12-24,-2.5100000000000016,2024-12-24,0.0029432397448627,2024-12-24,0.0015076053670111,2024-12-24,0.0,2024-12-24,2.0,2.0,2.0,2.0,2.0,Thursday,0,Out_of_Sample,1,361,1,1
2024-12-27,-0.0137041118255646,-0.0282100631992715,24.682552786557796,24.574582560775305,-0.0054845596935846,-0.0387821115926772,23.905130206418058,23.825505672968433,-0.0111173046755963,-0.0004057087414676,1.2199999999999989,0.4600000000000008,-0.0082192615136721,0.0071499690974858,-0.001212250353196,-0.0006564076249538,0.04,-0.0099999999999997,-0.0004057087414676,2024-12-26,0.4600000000000008,2024-12-26,0.0071499690974858,2024-12-26,-0.0006564076249538,2024-12-26,-0.0099999999999997,2024-12-26,1.0,1.0,1.0,1.0,1.0,Friday,0,Out_of_Sample,1,362,1,1
2024-12-28,0.0063886368003288,-0.0137041118255646,23.905786185243784,24.682552786557796,0.0247840689714987,-0.0054845596935846,23.383920297828062,23.905130206418058,,,,,,,,,,,-0.0111173046755963,2024-12-27,1.2199999999999989,2024-12-27,-0.0082192615136721,2024-12-27,-0.001212250353196,2024-12-27,0.04,2024-12-27,1.0,1.0,1.0,1.0,1.0,Saturday,1,Out_of_Sample,1,363,1,1
2024-12-29,-0.0192477140504062,0.0063886368003288,24.11225180408693,23.905786185243784,-0.0160494708464728,0.0247840689714987,23.32156871380804,23.383920297828062,,,,,,,,,,,-0.0111173046755963,2024-12-27,1.2199999999999989,2024-12-27,-0.0082192615136721,2024-12-27,-0.001212250353196,2024-12-27,0.04,2024-12-27,2.0,2.0,2.0,2.0,2.0,Sunday,1,Out_of_Sample,1,364,1,1
2024-12-30,-0.0136461520104514,-0.0192477140504062,24.751969113605256,24.11225180408693,-0.0092687144392851,-0.0160494708464728,24.01842039474995,23.32156871380804,-0.0107596901911012,-0.0111173046755963,1.4499999999999993,1.2199999999999989,-0.0042501369327917,-0.0082192615136721,0.0012214985232143,-0.001212250353196,-0.0700000000000002,0.04,-0.0111173046755963,2024-12-27,1.2199999999999989,2024-12-27,-0.0082192615136721,2024-12-27,-0.001212250353196,2024-12-27,0.04,2024-12-27,3.0,3.0,3.0,3.0,3.0,Monday,0,Out_of_Sample,1,365,1,1
2024-12-31,0.019260736336352,-0.0136461520104514,24.498898666589213,24.751969113605256,0.0098666485946546,-0.0092687144392851,23.76040163597875,24.01842039474995,-0.0042939964541344,-0.0107596901911012,-0.0499999999999971,1.4499999999999993,0.0088247104117804,-0.0042501369327917,0.0032961431763952,0.0012214985232143,0.0300000000000002,-0.0700000000000002,-0.0107596901911012,2024-12-30,1.4499999999999993,2024-12-30,-0.0042501369327917,2024-12-30,0.0012214985232143,2024-12-30,-0.0700000000000002,2024-12-30,1.0,1.0,1.0,1.0,1.0,Tuesday,0,Out_of_Sample,1,366,1,1
2025-01-01,0.0113356954106807,0.019260736336352,23.92275041778393,24.498898666589213,0.0061855314418679,0.0098666485946546,23.376184544593418,23.76040163597875,,,,,,,,,,,-0.0042939964541344,2024-12-31,-0.0499999999999971,2024-12-31,0.0088247104117804,2024-12-31,0.0032961431763952,2024-12-31,0.0300000000000002,2024-12-31,1.0,1.0,1.0,1.0,1.0,Wednesday,0,Out_of_Sample,1,367,1,1
2025-01-02,0.0243478506551084,0.0113356954106807,24.55211513380099,23.92275041778393,0.0247838198187996,0.0061855314418679,23.825319026236397,23.376184544593418,-0.0022263497925529,-0.0042939964541344,0.5799999999999983,-0.0499999999999971,0.0112328678664521,0.0088247104117804,0.0083256937430725,0.0032961431763952,-0.0099999999999997,0.0300000000000002,-0.0042939964541344,2024-12-31,-0.0499999999999971,2024-12-31,0.0088247104117804,2024-12-31,0.0032961431763952,2024-12-31,0.0300000000000002,2024-12-31,2.0,2.0,2.0,2.0,2.0,Thursday,0,Out_of_Sample,1,368,1,1
2025-01-03,0.0114588779155366,0.0243478506551084,24.2959314001116,24.55211513380099,0.0458206507793258,0.0247838198187996,23.808715372466548,23.825319026236397,0.012517287272659,-0.0022263497925529,-1.8000000000000007,0.5799999999999983,-0.0052414013919973,0.0112328678664521,-0.0040486256102572,0.0083256937430725,0.0299999999999993,-0.0099999999999997,-0.0022263497925529,2025-01-02,0.5799999999999983,2025-01-02,0.0112328678664521,2025-01-02,0.0083256937430725,2025-01-02,-0.0099999999999997,2025-01-02,1.0,1.0,1.0,1.0,1.0,Friday,0,Out_of_Sample,1,369,1,1
2025-01-04,0.0012031779527555,0.0114588779155366,23.829761368536083,24.2959314001116,0.0123702368391045,0.0458206507793258,23.499635574567566,23.808715372466548,,,,,,,,,,,0.012517287272659,2025-01-03,-1.8000000000000007,2025-01-03,-0.0052414013919973,2025-01-03,-0.0040486256102572,2025-01-03,0.0299999999999993,2025-01-03,1.0,1.0,1.0,1.0,1.0,Saturday,1,Out_of_Sample,1,370,1,1
2025-01-05,-0.0012169715395674,0.0012031779527555,23.74492190755497,23.829761368536083,-0.003195481404284,0.0123702368391045,23.27507593641022,23.499635574567566,,,,,,,,,,,0.012517287272659,2025-01-03,-1.8000000000000007,2025-01-03,-0.0052414013919973,2025-01-03,-0.0040486256102572,2025-01-03,0.0299999999999993,2025-01-03,2.0,2.0,2.0,2.0,2.0,Sunday,1,Out_of_Sample,1,371,1,1
2025-01-06,0.034294918290502,-0.0012169715395674,24.671108252746315,23.74492190755497,0.0061682009273477,-0.003195481404284,23.900217979117063,23.27507593641022,0.0055228222624888,0.012517287272659,-0.0899999999999998,-1.8000000000000007,-0.0024984295005021,-0.0052414013919973,-0.0063993883477353,-0.0040486256102572,0.0200000000000004,0.0299999999999993,0.012517287272659,2025-01-03,-1.8000000000000007,2025-01-03,-0.0052414013919973,2025-01-03,-0.0040486256102572,2025-01-03,0.0299999999999993,2025-01-03,3.0,3.0,3.0,3.0,3.0,Monday,0,Out_of_Sample,1,372,1,1
2025-01-07,-0.0515619639627889,0.034294918290502,24.795462579355835,24.671108252746315,-0.085686070578592,0.0061682009273477,24.196328351489505,23.900217979117063,-0.0111660047698121,0.0055228222624888,1.7800000000000011,-0.0899999999999998,0.0069120969177432,-0.0024984295005021,0.0026291649331596,-0.0063993883477353,0.0499999999999998,0.0200000000000004,0.0055228222624888,2025-01-06,-0.0899999999999998,2025-01-06,-0.0024984295005021,2025-01-06,-0.0063993883477353,2025-01-06,0.0200000000000004,2025-01-06,1.0,1.0,1.0,1.0,1.0,Tuesday,0,Out_of_Sample,1,373,1,1
2025-01-08,-0.0217054649459641,-0.0515619639627889,24.880207336197824,24.795462579355835,-0.020566454984424,-0.085686070578592,24.25951061224764,24.196328351489505,0.0015591077352828,-0.0111660047698121,-0.120000000000001,1.7800000000000011,0.002931690027196,0.0069120969177432,0.0050360347575848,0.0026291649331596,0.0,0.0499999999999998,-0.0111660047698121,2025-01-07,1.7800000000000011,2025-01-07,0.0069120969177432,2025-01-07,0.0026291649331596,2025-01-07,0.0499999999999998,2025-01-07,1.0,1.0,1.0,1.0,1.0,Wednesday,0,Out_of_Sample,1,374,1,1
2025-01-09,-0.0251603515708247,-0.0217054649459641,24.862858769903372,24.880207336197824,-0.0275140851260921,-0.020566454984424,24.084187126306578,24.25951061224764,,,0.370000000000001,-0.120000000000001,0.0072172961236729,0.002931690027196,0.0008155075153363,0.0050360347575848,0.0099999999999997,0.0,0.0015591077352828,2025-01-08,-0.120000000000001,2025-01-08,0.002931690027196,2025-01-08,0.0050360347575848,2025-01-08,0.0,2025-01-08,1.0,1.0,1.0,1.0,1.0,Thursday,0,Out_of_Sample,1,375,1,1
2025-01-10,0.0268405366505112,-0.0251603515708247,24.85134644650244,24.862858769903372,0.0175860339085725,-0.0275140851260921,24.000555660921815,24.084187126306578,-0.0155316443538942,0.0015591077352828,1.4699999999999989,0.370000000000001,0.0091612572374435,0.0072172961236729,0.0043047377388955,0.0008155075153363,0.0899999999999998,0.0099999999999997,0.0015591077352828,2025-01-08,0.370000000000001,2025-01-09,0.0072172961236729,2025-01-09,0.0008155075153363,2025-01-09,0.0099999999999997,2025-01-09,2.0,1.0,1.0,1.0,1.0,Friday,0,Out_of_Sample,1,376,1,1
2025-01-11,0.0029341143582442,0.0268405366505112,23.660356520239063,24.85134644650244,0.0123319931425885,0.0175860339085725,23.189001947313592,24.000555660921815,,,,,,,,,,,-0.0155316443538942,2025-01-10,1.4699999999999989,2025-01-10,0.0091612572374435,2025-01-10,0.0043047377388955,2025-01-10,0.0899999999999998,2025-01-10,1.0,1.0,1.0,1.0,1.0,Saturday,1,Out_of_Sample,1,377,1,1
2025-01-12,-0.0063580119227601,0.0029341143582442,23.762303305644384,23.660356520239063,-0.0123993488788733,0.0123319931425885,23.17837831201827,23.189001947313592,,,,,,,,,,,-0.0155316443538942,2025-01-10,1.4699999999999989,2025-01-10,0.0091612572374435,2025-01-10,0.0043047377388955,2025-01-10,0.0899999999999998,2025-01-10,2.0,2.0,2.0,2.0,2.0,Sunday,1,Out_of_Sample,1,378,1,1
2025-01-13,-0.0014932573036369,-0.0063580119227601,25.013437541524524,23.762303305644384,-0.047787644934781,-0.0123993488788733,24.40993642253048,23.17837831201827,0.0015741742695762,-0.0155316443538942,-0.3499999999999978,1.4699999999999989,-0.0130065007091672,0.0091612572374435,0.0027868109071792,0.0043047377388955,0.0200000000000004,0.0899999999999998,-0.0155316443538942,2025-01-10,1.4699999999999989,2025-01-10,0.0091612572374435,2025-01-10,0.0043047377388955,2025-01-10,0.0899999999999998,2025-01-10,3.0,3.0,3.0,3.0,3.0,Monday,0,Out_of_Sample,1,379,1,1
2025-01-14,0.0238123501863372,-0.0014932573036369,24.70797549870017,25.013437541524524,0.0319407732472747,-0.047787644934781,23.852117921987027,24.40993642253048,0.0011456334044923,0.0015741742695762,-0.4800000000000004,-0.3499999999999978,0.0014950479331176,-0.0130065007091672,-0.0062309476371426,0.0027868109071792,-0.0099999999999997,0.0200000000000004,0.0015741742695762,2025-01-13,-0.3499999999999978,2025-01-13,-0.0130065007091672,2025-01-13,0.0027868109071792,2025-01-13,0.0200000000000004,2025-01-13,1.0,1.0,1.0,1.0,1.0,Tuesday,0,Out_of_Sample,1,380,1,1
2025-01-15,0.0329512996409977,0.0238123501863372,24.78035709226972,24.70797549870017,0.065620241654562,0.0319407732472747,23.98103980991092,23.852117921987027,0.0181471329854267,0.0011456334044923,-2.59,-0.4800000000000004,0.0129871955268111,0.0014950479331176,-0.0016761085242684,-0.0062309476371426,-0.1200000000000001,-0.0099999999999997,0.0011456334044923,2025-01-14,-0.4800000000000004,2025-01-14,0.0014950479331176,2025-01-14,-0.0062309476371426,2025-01-14,-0.0099999999999997,2025-01-14,1.0,1.0,1.0,1.0,1.0,Wednesday,0,Out_of_Sample,1,381,1,1
2025-01-16,0.0046374050266276,0.0329512996409977,24.7141699243298,24.78035709226972,-0.0338150675086334,0.065620241654562,23.996460002183422,23.98103980991092,-0.0021148717634665,0.0181471329854267,0.4800000000000004,-2.59,0.0124202087368545,0.0129871955268111,-0.0012199206271519,-0.0016761085242684,-0.0499999999999998,-0.1200000000000001,0.0181471329854267,2025-01-15,-2.59,2025-01-15,0.0129871955268111,2025-01-15,-0.0016761085242684,2025-01-15,-0.1200000000000001,2025-01-15,1.0,1.0,1.0,1.0,1.0,Thursday,0,Out_of_Sample,1,382,1,1
2025-01-17,0.0440108859529168,0.0046374050266276,24.99838871943808,24.7141699243298,0.0458461891368405,-0.0338150675086334,24.06259516340958,23.996460002183422,0.0099414259357241,-0.0021148717634665,-0.6300000000000008,0.4800000000000004,-0.000764876477197,0.0124202087368545,0.0035730029216713,-0.0012199206271519,0.0,-0.0499999999999998,-0.0021148717634665,2025-01-16,0.4800000000000004,2025-01-16,0.0124202087368545,2025-01-16,-0.0012199206271519,2025-01-16,-0.0499999999999998,2025-01-16,1.0,1.0,1.0,1.0,1.0,Friday,0,Out_of_Sample,1,383,1,1
2025-01-18,-0.0077921937070515,0.0440108859529168,24.64416246955268,24.99838871943808,-0.0600913923947506,0.0458461891368405,24.20204425386664,24.06259516340958,,,,,,,,,,,0.0099414259357241,2025-01-17,-0.6300000000000008,2025-01-17,-0.000764876477197,2025-01-17,0.0035730029216713,2025-01-17,0.0,2025-01-17,1.0,1.0,1.0,1.0,1.0,Saturday,1,Out_of_Sample,1,384,1,1
2025-01-19,-0.0016361713047511,-0.0077921937070515,25.06433932950317,24.64416246955268,-0.0129575100877844,-0.0600913923947506,24.77056902445753,24.20204425386664,,,,,,,,,,,0.0099414259357241,2025-01-17,-0.6300000000000008,2025-01-17,-0.000764876477197,2025-01-17,0.0035730029216713,2025-01-17,0.0,2025-01-17,2.0,2.0,2.0,2.0,2.0,Sunday,1,Out_of_Sample,1,385,1,1
2025-01-20,-0.0107911889424281,-0.0016361713047511,25.56176495352336,25.06433932950317,0.0157990583992269,-0.0129575100877844,24.68185152442286,24.77056902445753,,,-0.1600000000000001,-0.6300000000000008,,,0.0,0.0035730029216713,,,0.0099414259357241,2025-01-17,-0.6300000000000008,2025-01-17,-0.000764876477197,2025-01-17,0.0035730029216713,2025-01-17,0.0,2025-01-17,3.0,3.0,3.0,3.0,3.0,Monday,0,Out_of_Sample,1,386,1,1
2025-01-21,0.0405119895409116,-0.0107911889424281,25.208907595189658,25.56176495352336,0.0155173154951671,0.0157990583992269,24.21381633105534,24.68185152442286,0.0087299967522312,0.0099414259357241,-0.75,-0.1600000000000001,0.0038913914786424,-0.000764876477197,-0.0118211754233755,0.0,-0.04,0.0,0.0099414259357241,2025-01-17,-0.1600000000000001,2025-01-20,-0.000764876477197,2025-01-17,0.0,2025-01-20,0.0,2025-01-17,4.0,1.0,4.0,1.0,4.0,Tuesday,0,Out_of_Sample,1,387,1,1
2025-01-22,-0.0257792403465053,0.0405119895409116,24.709991428675956,25.208907595189658,-0.0224997959803531,0.0155173154951671,23.822060932626023,24.21381633105534,0.0061192005774427,0.0087299967522312,0.0399999999999991,-0.75,0.0045631113231767,0.0038913914786424,0.0009711926545757,-0.0118211754233755,0.0299999999999993,-0.04,0.0087299967522312,2025-01-21,-0.75,2025-01-21,0.0038913914786424,2025-01-21,-0.0118211754233755,2025-01-21,-0.04,2025-01-21,1.0,1.0,1.0,1.0,1.0,Wednesday,0,Out_of_Sample,1,388,1,1
2025-01-23,-0.0091221659107764,-0.0257792403465053,25.368661187495984,24.709991428675956,-0.0029292048318445,-0.0224997959803531,24.20202655005986,23.822060932626023,0.0052994450977238,0.0061192005774427,-0.08,0.0399999999999991,-0.0016272807543716,0.0045631113231767,-0.0011100114915894,0.0009711926545757,0.0500000000000007,0.0299999999999993,0.0061192005774427,2025-01-22,0.0399999999999991,2025-01-22,0.0045631113231767,2025-01-22,0.0009711926545757,2025-01-22,0.0299999999999993,2025-01-22,1.0,1.0,1.0,1.0,1.0,Thursday,0,Out_of_Sample,1,389,1,1
2025-01-24,0.019008011110073,-0.0091221659107764,24.681947770692453,25.368661187495984,0.0246724916454732,-0.0029292048318445,23.96501117634188,24.20202655005986,-0.0028592607828964,0.0052994450977238,-0.1699999999999999,-0.08,0.005125977145751,-0.0016272807543716,-0.0056058432572116,-0.0011100114915894,-0.0200000000000004,0.0500000000000007,0.0052994450977238,2025-01-23,-0.08,2025-01-23,-0.0016272807543716,2025-01-23,-0.0011100114915894,2025-01-23,0.0500000000000007,2025-01-23,1.0,1.0,1.0,1.0,1.0,Friday,0,Out_of_Sample,1,390,1,1
2025-01-25,-0.0003574251836098,0.019008011110073,23.896683792462593,24.681947770692453,0.0028219845480063,0.0246724916454732,23.343891199450063,23.96501117634188,,,,,,,,,,,-0.0028592607828964,2025-01-24,-0.1699999999999999,2025-01-24,0.005125977145751,2025-01-24,-0.0056058432572116,2025-01-24,-0.0200000000000004,2025-01-24,1.0,1.0,1.0,1.0,1.0,Saturday,1,Out_of_Sample,1,391,1,1
2025-01-26,-0.0042516860786003,-0.0003574251836098,23.838707994325297,23.896683792462593,-0.0125725653943093,0.0028219845480063,23.39544902211289,23.343891199450063,,,,,,,,,,,-0.0028592607828964,2025-01-24,-0.1699999999999999,2025-01-24,0.005125977145751,2025-01-24,-0.0056058432572116,2025-01-24,-0.0200000000000004,2025-01-24,2.0,2.0,2.0,2.0,2.0,Sunday,1,Out_of_Sample,1,392,1,1
2025-01-27,-0.0317501074037521,-0.0042516860786003,25.21197645592201,23.838707994325297,-0.0424878898327373,-0.0125725653943093,24.3973485188299,23.39544902211289,-0.0146879848836343,-0.0028592607828964,3.049999999999999,-0.1699999999999999,-0.0144341551768146,0.005125977145751,-0.000949791489756,-0.0056058432572116,-0.0999999999999996,-0.0200000000000004,-0.0028592607828964,2025-01-24,-0.1699999999999999,2025-01-24,0.005125977145751,2025-01-24,-0.0056058432572116,2025-01-24,-0.0200000000000004,2025-01-24,3.0,3.0,3.0,3.0,3.0,Monday,0,Out_of_Sample,1,393,1,1
2025-01-28,-0.0101553012784319,-0.0317501074037521,24.577250440154852,25.21197645592201,-0.0346268543739882,-0.0424878898327373,23.75427867694133,24.3973485188299,0.0091755762546756,-0.0146879848836343,-1.4899999999999984,3.049999999999999,0.0106463402495426,-0.0144341551768146,0.0048790331305838,-0.000949791489756,0.0199999999999995,-0.0999999999999996,-0.0146879848836343,2025-01-27,3.049999999999999,2025-01-27,-0.0144341551768146,2025-01-27,-0.000949791489756,2025-01-27,-0.0999999999999996,2025-01-27,1.0,1.0,1.0,1.0,1.0,Tuesday,0,Out_of_Sample,1,394,1,1
2025-01-29,0.0336958626867743,-0.0101553012784319,24.582563993654517,24.577250440154852,0.0283165436625385,-0.0346268543739882,23.846854068307216,23.75427867694133,-0.0046898535700948,0.0091755762546756,0.1499999999999985,-1.4899999999999984,0.0008309575316066,0.0106463402495426,0.0012415110968077,0.0048790331305838,0.0,0.0199999999999995,0.0091755762546756,2025-01-28,-1.4899999999999984,2025-01-28,0.0106463402495426,2025-01-28,0.0048790331305838,2025-01-28,0.0199999999999995,2025-01-28,1.0,1.0,1.0,1.0,1.0,Wednesday,0,Out_of_Sample,1,395,1,1
2025-01-30,0.0123053181381866,0.0336958626867743,24.45892735751715,24.582563993654517,0.0326689172348535,0.0283165436625385,23.716916233998617,23.846854068307216,0.0052615707224356,-0.0046898535700948,-0.7199999999999989,0.1499999999999985,0.0192777563475837,0.0008309575316066,-0.001881398350109,0.0012415110968077,-0.0300000000000002,0.0,-0.0046898535700948,2025-01-29,0.1499999999999985,2025-01-29,0.0008309575316066,2025-01-29,0.0012415110968077,2025-01-29,0.0,2025-01-29,1.0,1.0,1.0,1.0,1.0,Thursday,0,Out_of_Sample,1,396,1,1
2025-01-31,-0.0280149222402453,0.0123053181381866,24.546080822384823,24.45892735751715,0.0221610567467905,0.0326689172348535,24.12872465584,23.716916233998617,-0.0050595812914254,0.0052615707224356,0.5899999999999999,-0.7199999999999989,-0.0037263817408137,0.0192777563475837,0.0053014691607932,-0.001881398350109,0.0600000000000005,-0.0300000000000002,0.0052615707224356,2025-01-30,-0.7199999999999989,2025-01-30,0.0192777563475837,2025-01-30,-0.001881398350109,2025-01-30,-0.0300000000000002,2025-01-30,1.0,1.0,1.0,1.0,1.0,Friday,0,Out_of_Sample,1,397,1,1
2025-02-01,-0.009261420193913,-0.0280149222402453,24.04678793699142,24.546080822384823,-0.0520952730783489,0.0221610567467905,23.714864934634825,24.12872465584,,,,,,,,,,,-0.0050595812914254,2025-01-31,0.5899999999999999,2025-01-31,-0.0037263817408137,2025-01-31,0.0053014691607932,2025-01-31,0.0600000000000005,2025-01-31,1.0,1.0,1.0,1.0,1.0,Saturday,1,Out_of_Sample,1,398,1,1
2025-02-02,-0.0428995966810813,-0.009261420193913,24.86785691271128,24.04678793699142,-0.0802194950659858,-0.0520952730783489,24.462385125497516,23.714864934634825,,,,,,,,,,,-0.0050595812914254,2025-01-31,0.5899999999999999,2025-01-31,-0.0037263817408137,2025-01-31,0.0053014691607932,2025-01-31,0.0600000000000005,2025-01-31,2.0,2.0,2.0,2.0,2.0,Sunday,1,Out_of_Sample,1,399,1,1
2025-02-03,0.0494645179378851,-0.0428995966810813,25.471677970435557,24.86785691271128,-0.0318259522995257,-0.0802194950659858,25.24997222836222,24.462385125497516,-0.007637696973119,-0.0050595812914254,2.1900000000000013,0.5899999999999999,0.0075800528402683,-0.0037263817408137,0.0057048369663164,0.0053014691607932,-0.04,0.0600000000000005,-0.0050595812914254,2025-01-31,0.5899999999999999,2025-01-31,-0.0037263817408137,2025-01-31,0.0053014691607932,2025-01-31,0.0600000000000005,2025-01-31,3.0,3.0,3.0,3.0,3.0,Monday,0,Out_of_Sample,1,400,1,1
2025-02-04,-0.0541363377749822,0.0494645179378851,25.01375445864165,25.471677970435557,-0.06418432662805,-0.0318259522995257,24.61089934153368,25.24997222836222,0.0071988974883324,-0.007637696973119,-1.41,2.1900000000000013,0.0068224159163659,0.0075800528402683,-0.0094953467514163,0.0057048369663164,-0.0200000000000004,-0.04,-0.007637696973119,2025-02-03,2.1900000000000013,2025-02-03,0.0075800528402683,2025-02-03,0.0057048369663164,2025-02-03,-0.04,2025-02-03,1.0,1.0,1.0,1.0,1.0,Tuesday,0,Out_of_Sample,1,401,1,1
2025-02-05,0.0043953678693813,-0.0541363377749822,24.61765245639891,25.01375445864165,0.0538479205754496,-0.06418432662805,24.187774876425767,24.61089934153368,0.0039010377290886,0.0071988974883324,-1.4400000000000013,-1.41,0.0063931634406264,0.0068224159163659,-0.0035353267559784,-0.0094953467514163,-0.0899999999999998,-0.0200000000000004,0.0071988974883324,2025-02-04,-1.41,2025-02-04,0.0068224159163659,2025-02-04,-0.0094953467514163,2025-02-04,-0.0200000000000004,2025-02-04,1.0,1.0,1.0,1.0,1.0,Wednesday,0,Out_of_Sample,1,402,1,1
2025-02-06,-0.0011387973294262,0.0043953678693813,24.536627436313047,24.61765245639891,-0.0282232770145144,0.0538479205754496,24.107677987917057,24.187774876425767,0.0036377000274988,0.0039010377290886,-0.2699999999999996,-1.4400000000000013,-0.0054473552504613,0.0063931634406264,0.00102198199058,-0.0035353267559784,0.0200000000000004,-0.0899999999999998,0.0039010377290886,2025-02-05,-1.4400000000000013,2025-02-05,0.0063931634406264,2025-02-05,-0.0035353267559784,2025-02-05,-0.0899999999999998,2025-02-05,1.0,1.0,1.0,1.0,1.0,Thursday,0,Out_of_Sample,1,403,1,1
2025-02-07,-0.0083212272161507,-0.0011387973294262,24.743987010077756,24.536627436313047,-0.04523033994893,-0.0282232770145144,24.108559536748512,24.107677987917057,-0.0095099134821077,0.0036377000274988,1.0399999999999991,-0.2699999999999996,0.0039487929743871,-0.0054473552504613,0.0032540855400093,0.00102198199058,0.04,0.0200000000000004,0.0036377000274988,2025-02-06,-0.2699999999999996,2025-02-06,-0.0054473552504613,2025-02-06,0.00102198199058,2025-02-06,0.0200000000000004,2025-02-06,1.0,1.0,1.0,1.0,1.0,Friday,0,Out_of_Sample,1,404,1,1
2025-02-08,0.0056169671549133,-0.0083212272161507,23.83444626221332,24.743987010077756,0.019473124898625,-0.04523033994893,23.559959181945665,24.108559536748512,,,,,,,,,,,-0.0095099134821077,2025-02-07,1.0399999999999991,2025-02-07,0.0039487929743871,2025-02-07,0.0032540855400093,2025-02-07,0.04,2025-02-07,1.0,1.0,1.0,1.0,1.0,Saturday,1,Out_of_Sample,1,405,1,1
2025-02-09,-0.012974255372907,0.0056169671549133,24.04588533588825,23.83444626221332,-0.0319296837151984,0.019473124898625,23.586442714350618,23.559959181945665,,,,,,,,,,,-0.0095099134821077,2025-02-07,1.0399999999999991,2025-02-07,0.0039487929743871,2025-02-07,0.0032540855400093,2025-02-07,0.04,2025-02-07,2.0,2.0,2.0,2.0,2.0,Sunday,1,Out_of_Sample,1,406,1,1
2025-02-10,0.0217648540685725,-0.012974255372907,24.414117404939805,24.04588533588825,0.0416515453398913,-0.0319296837151984,23.689271011917324,23.586442714350618,0.0066901608481496,-0.0095099134821077,-0.7299999999999986,1.0399999999999991,0.0162588330465685,0.0039487929743871,0.0025790482914703,0.0032540855400093,0.0199999999999995,0.04,-0.0095099134821077,2025-02-07,1.0399999999999991,2025-02-07,0.0039487929743871,2025-02-07,0.0032540855400093,2025-02-07,0.04,2025-02-07,3.0,3.0,3.0,3.0,3.0,Monday,0,Out_of_Sample,1,407,1,1
2025-02-11,-0.0104816425259245,0.0217648540685725,24.34730761243297,24.414117404939805,-0.0163576919630881,0.0416515453398913,23.775215410420422,23.689271011917324,0.0003395154850024,0.0066901608481496,0.209999999999999,-0.7299999999999986,-0.0006178516064746,0.0162588330465685,-0.0032920013825073,0.0025790482914703,0.0300000000000002,0.0199999999999995,0.0066901608481496,2025-02-10,-0.7299999999999986,2025-02-10,0.0162588330465685,2025-02-10,0.0025790482914703,2025-02-10,0.0199999999999995,2025-02-10,1.0,1.0,1.0,1.0,1.0,Tuesday,0,Out_of_Sample,1,408,1,1
2025-02-12,0.0132835840656931,-0.0104816425259245,24.62200997780013,24.34730761243297,0.0229309314588085,-0.0163576919630881,24.016112605728964,23.775215410420422,-0.0027276186894511,0.0003395154850024,-0.129999999999999,0.209999999999999,-0.0012024393787544,-0.0006178516064746,-0.0002315876268449,-0.0032920013825073,0.08,0.0300000000000002,0.0003395154850024,2025-02-11,0.209999999999999,2025-02-11,-0.0006178516064746,2025-02-11,-0.0032920013825073,2025-02-11,0.0300000000000002,2025-02-11,1.0,1.0,1.0,1.0,1.0,Wednesday,0,Out_of_Sample,1,409,1,1
2025-02-13,-0.0121124174169031,0.0132835840656931,24.3381564118917,24.62200997780013,-0.0059769510919874,0.0229309314588085,23.69270570595626,24.016112605728964,0.0103723774596223,-0.0027276186894511,-0.7900000000000009,-0.129999999999999,0.0057927127743943,-0.0012024393787544,-0.0058071902702348,-0.0002315876268449,-0.1000000000000005,0.08,-0.0027276186894511,2025-02-12,-0.129999999999999,2025-02-12,-0.0012024393787544,2025-02-12,-0.0002315876268449,2025-02-12,0.08,2025-02-12,1.0,1.0,1.0,1.0,1.0,Thursday,0,Out_of_Sample,1,410,1,1
2025-02-14,0.0102472092991818,-0.0121124174169031,24.21057936179319,24.3381564118917,0.0288638081389707,-0.0059769510919874,23.598653102725574,23.69270570595626,-7.19559760565346e-05,0.0103723774596223,-0.33,-0.7900000000000009,-0.0145625448730855,0.0057927127743943,-0.0056349233078248,-0.0058071902702348,-0.0499999999999998,-0.1000000000000005,0.0103723774596223,2025-02-13,-0.7900000000000009,2025-02-13,0.0057927127743943,2025-02-13,-0.0058071902702348,2025-02-13,-0.1000000000000005,2025-02-13,1.0,1.0,1.0,1.0,1.0,Friday,0,Out_of_Sample,1,411,1,1
2025-02-15,0.0019352278205163,0.0102472092991818,23.559255692806243,24.21057936179319,-0.0163084113642668,0.0288638081389707,23.103091502096746,23.598653102725574,,,,,,,,,,,-7.19559760565346e-05,2025-02-14,-0.33,2025-02-14,-0.0145625448730855,2025-02-14,-0.0056349233078248,2025-02-14,-0.0499999999999998,2025-02-14,1.0,1.0,1.0,1.0,1.0,Saturday,1,Out_of_Sample,1,412,1,1
2025-02-16,-0.005302588408673,0.0019352278205163,23.52885134018864,23.559255692806243,-0.0052377033065946,-0.0163084113642668,23.083516081972473,23.103091502096746,,,,,,,,,,,-7.19559760565346e-05,2025-02-14,-0.33,2025-02-14,-0.0145625448730855,2025-02-14,-0.0056349233078248,2025-02-14,-0.0499999999999998,2025-02-14,2.0,2.0,2.0,2.0,2.0,Sunday,1,Out_of_Sample,1,413,1,1
2025-02-17,-0.0075874546384271,-0.005302588408673,24.031490496786223,23.52885134018864,0.0326880087066636,-0.0052377033065946,23.90839561851584,23.083516081972473,,,0.5999999999999996,-0.33,,,-0.0012659119771993,-0.0056349233078248,,,-7.19559760565346e-05,2025-02-14,-0.33,2025-02-14,-0.0145625448730855,2025-02-14,-0.0056349233078248,2025-02-14,-0.0499999999999998,2025-02-14,3.0,3.0,3.0,3.0,3.0,Monday,0,Out_of_Sample,1,414,1,1
2025-02-18,-0.0146338633244338,-0.0075874546384271,24.342948483119056,24.031490496786223,-0.0458639629597931,0.0326880087066636,23.858940598663143,23.90839561851584,0.0024419717448794,-7.19559760565346e-05,-0.0199999999999995,0.5999999999999996,0.0165088349667714,-0.0145625448730855,0.0044844174032914,-0.0012659119771993,0.08,-0.0499999999999998,-7.19559760565346e-05,2025-02-14,0.5999999999999996,2025-02-17,-0.0145625448730855,2025-02-14,-0.0012659119771993,2025-02-17,-0.0499999999999998,2025-02-14,4.0,1.0,4.0,1.0,4.0,Tuesday,0,Out_of_Sample,1,415,1,1
2025-02-19,0.0133685340094682,-0.0146338633244338,24.0902468884988,24.342948483119056,0.0218619941899562,-0.0458639629597931,23.44931323935413,23.858940598663143,0.0023741775065794,0.0024419717448794,-0.08,-0.0199999999999995,-0.0041703001175996,0.0165088349667714,0.0011109711870093,0.0044844174032914,-0.0199999999999995,0.08,0.0024419717448794,2025-02-18,-0.0199999999999995,2025-02-18,0.0165088349667714,2025-02-18,0.0044844174032914,2025-02-18,0.08,2025-02-18,1.0,1.0,1.0,1.0,1.0,Wednesday,0,Out_of_Sample,1,416,1,1
2025-02-20,0.0187101289605035,0.0133685340094682,24.178573263309275,24.0902468884988,0.0063663911826465,0.0218619941899562,23.49066984927624,23.44931323935413,-0.0043436239711486,0.0023741775065794,0.3900000000000005,-0.08,0.0070314990870447,-0.0041703001175996,-0.0075019668608823,0.0011109711870093,-0.0300000000000002,-0.0199999999999995,0.0023741775065794,2025-02-19,-0.08,2025-02-19,-0.0041703001175996,2025-02-19,0.0011109711870093,2025-02-19,-0.0199999999999995,2025-02-19,1.0,1.0,1.0,1.0,1.0,Thursday,0,Out_of_Sample,1,417,1,1
2025-02-21,-0.0287444079240082,0.0187101289605035,24.627432188942414,24.178573263309275,-0.0324420844082114,0.0063663911826465,24.17139529636602,23.49066984927624,-0.017211373991262,-0.0043436239711486,2.5500000000000007,0.3900000000000005,-0.0008166266630073,0.0070314990870447,0.0022536913719573,-0.0075019668608823,-0.08,-0.0300000000000002,-0.0043436239711486,2025-02-20,0.3900000000000005,2025-02-20,0.0070314990870447,2025-02-20,-0.0075019668608823,2025-02-20,-0.0300000000000002,2025-02-20,1.0,1.0,1.0,1.0,1.0,Friday,0,Out_of_Sample,1,418,1,1
2025-02-22,0.0135953137300734,-0.0287444079240082,23.633103808096024,24.627432188942414,0.046628113582755,-0.0324420844082114,23.52074010420049,24.17139529636602,,,,,,,,,,,-0.017211373991262,2025-02-21,2.5500000000000007,2025-02-21,-0.0008166266630073,2025-02-21,0.0022536913719573,2025-02-21,-0.08,2025-02-21,1.0,1.0,1.0,1.0,1.0,Saturday,1,Out_of_Sample,1,419,1,1
2025-02-23,-0.0094473760111151,0.0135953137300734,23.556448532062365,23.633103808096024,0.0149851144063259,0.046628113582755,23.743386641204022,23.52074010420049,,,,,,,,,,,-0.017211373991262,2025-02-21,2.5500000000000007,2025-02-21,-0.0008166266630073,2025-02-21,0.0022536913719573,2025-02-21,-0.08,2025-02-21,2.0,2.0,2.0,2.0,2.0,Sunday,1,Out_of_Sample,1,420,1,1
2025-02-24,-0.0186892403179827,-0.0094473760111151,24.50851128895163,23.556448532062365,-0.0629168312720221,0.0149851144063259,24.09494447799021,23.743386641204022,-0.004981513054855,-0.017211373991262,0.7699999999999996,2.5500000000000007,0.0035000646341924,-0.0008166266630073,-0.0001500881770855,0.0022536913719573,-0.0199999999999995,-0.08,-0.017211373991262,2025-02-21,2.5500000000000007,2025-02-21,-0.0008166266630073,2025-02-21,0.0022536913719573,2025-02-21,-0.08,2025-02-21,3.0,3.0,3.0,3.0,3.0,Monday,0,Out_of_Sample,1,421,1,1
2025-02-25,-0.0580263129041307,-0.0186892403179827,25.246565273463567,24.50851128895163,-0.0485763173602807,-0.0629168312720221,24.41326442075104,24.09494447799021,-0.0046907151383955,-0.004981513054855,0.4499999999999993,0.7699999999999996,-0.0148317608713252,0.0035000646341924,-0.0027054463576685,-0.0001500881770855,-0.1000000000000005,-0.0199999999999995,-0.004981513054855,2025-02-24,0.7699999999999996,2025-02-24,0.0035000646341924,2025-02-24,-0.0001500881770855,2025-02-24,-0.0199999999999995,2025-02-24,1.0,1.0,1.0,1.0,1.0,Tuesday,0,Out_of_Sample,1,422,1,1
2025-02-26,-0.0488280761126674,-0.0580263129041307,24.89144142552629,25.246565273463567,-0.0712679055176736,-0.0485763173602807,24.08416578519735,24.41326442075104,0.0001360051919139,-0.0046907151383955,-0.3299999999999983,0.4499999999999993,0.0042258832321174,-0.0148317608713252,0.0010154003241695,-0.0027054463576685,-0.0499999999999998,-0.1000000000000005,-0.0046907151383955,2025-02-25,0.4499999999999993,2025-02-25,-0.0148317608713252,2025-02-25,-0.0027054463576685,2025-02-25,-0.1000000000000005,2025-02-25,1.0,1.0,1.0,1.0,1.0,Wednesday,0,Out_of_Sample,1,423,1,1
2025-02-27,-0.0018990307829248,-0.0488280761126674,24.687114242294847,24.89144142552629,-0.0261985893749828,-0.0712679055176736,23.913174678430135,24.08416578519735,-0.015991702852089,0.0001360051919139,2.0299999999999976,-0.3299999999999983,-0.0115863701860789,0.0042258832321174,0.0077506706451898,0.0010154003241695,0.04,-0.0499999999999998,0.0001360051919139,2025-02-26,-0.3299999999999983,2025-02-26,0.0042258832321174,2025-02-26,0.0010154003241695,2025-02-26,-0.0499999999999998,2025-02-26,1.0,1.0,1.0,1.0,1.0,Thursday,0,Out_of_Sample,1,424,1,1
2025-02-28,-0.0004948164225274,-0.0018990307829248,25.149435791340565,24.687114242294847,-0.0237753314830406,-0.0261985893749828,24.299477717846575,23.913174678430135,0.0157297504318971,-0.015991702852089,-1.5,2.0299999999999976,-0.0162240979462863,-0.0115863701860789,0.0034441386008221,0.0077506706451898,-0.0499999999999998,0.04,-0.015991702852089,2025-02-27,2.0299999999999976,2025-02-27,-0.0115863701860789,2025-02-27,0.0077506706451898,2025-02-27,0.04,2025-02-27,1.0,1.0,1.0,1.0,1.0,Friday,0,Out_of_Sample,1,425,1,1
2025-03-01,0.0212462723490194,-0.0004948164225274,24.0971135493642,25.149435791340565,0.0018138802694275,-0.0237753314830406,23.504272667218448,24.299477717846575,,,,,,,,,,,0.0157297504318971,2025-02-28,-1.5,2025-02-28,-0.0162240979462863,2025-02-28,0.0034441386008221,2025-02-28,-0.0499999999999998,2025-02-28,1.0,1.0,1.0,1.0,1.0,Saturday,1,Out_of_Sample,1,426,1,1
2025-03-02,0.0912507089332154,0.0212462723490194,24.79055332041823,24.0971135493642,0.1252665733334476,0.0018138802694275,24.274439306797905,23.504272667218448,,,,,,,,,,,0.0157297504318971,2025-02-28,-1.5,2025-02-28,-0.0162240979462863,2025-02-28,0.0034441386008221,2025-02-28,-0.0499999999999998,2025-02-28,2.0,2.0,2.0,2.0,2.0,Sunday,1,Out_of_Sample,1,427,1,1
2025-03-03,-0.100254070603198,0.0912507089332154,24.972792383247253,24.79055332041823,-0.1802001654952988,0.1252665733334476,24.17241372592038,24.274439306797905,-0.0177534393754933,0.0157297504318971,3.150000000000002,-1.5,0.0186490134375147,-0.0162240979462863,-0.0080892021187379,0.0034441386008221,-0.08,-0.0499999999999998,0.0157297504318971,2025-02-28,-1.5,2025-02-28,-0.0162240979462863,2025-02-28,0.0034441386008221,2025-02-28,-0.0499999999999998,2025-02-28,3.0,3.0,3.0,3.0,3.0,Monday,0,Out_of_Sample,1,428,1,1
2025-03-04,0.0257590777611691,-0.100254070603198,24.944173172095123,24.972792383247253,0.0316345104416376,-0.1802001654952988,24.247734525521672,24.17241372592038,-0.0123102346033664,-0.0177534393754933,0.7300000000000004,3.150000000000002,0.0066899612663868,0.0186490134375147,-0.0094499267872898,-0.0080892021187379,0.0599999999999996,-0.08,-0.0177534393754933,2025-03-03,3.150000000000002,2025-03-03,0.0186490134375147,2025-03-03,-0.0080892021187379,2025-03-03,-0.08,2025-03-03,1.0,1.0,1.0,1.0,1.0,Tuesday,0,Out_of_Sample,1,429,1,1
2025-03-05,0.032497992859159,0.0257590777611691,24.645219133957635,24.944173172095123,0.0264073448508012,0.0316345104416376,23.819089240011294,24.247734525521672,0.0110974756851012,-0.0123102346033664,-1.5800000000000018,0.7300000000000004,0.0019570989537602,0.0066899612663868,-0.0137114971058497,-0.0094499267872898,0.0600000000000005,0.0599999999999996,-0.0123102346033664,2025-03-04,0.7300000000000004,2025-03-04,0.0066899612663868,2025-03-04,-0.0094499267872898,2025-03-04,0.0599999999999996,2025-03-04,1.0,1.0,1.0,1.0,1.0,Wednesday,0,Out_of_Sample,1,430,1,1
2025-03-06,-0.01036120737552,0.032497992859159,24.589240934985693,24.645219133957635,-0.0124688043231715,0.0264073448508012,23.641526670641003,23.819089240011294,-0.01797970056831,0.0110974756851012,2.9400000000000013,-1.5800000000000018,0.0004458405723709,0.0019570989537602,-0.0023132494177849,-0.0137114971058497,0.0099999999999997,0.0600000000000005,0.0110974756851012,2025-03-05,-1.5800000000000018,2025-03-05,0.0019570989537602,2025-03-05,-0.0137114971058497,2025-03-05,0.0600000000000005,2025-03-05,1.0,1.0,1.0,1.0,1.0,Thursday,0,Out_of_Sample,1,431,1,1
2025-03-07,-0.0364357845918045,-0.01036120737552,24.912097174265178,24.589240934985693,-0.031409308039673,-0.0124688043231715,23.83347760047584,23.641526670641003,0.005505404600509,-0.01797970056831,-1.5,2.9400000000000013,-0.0040884898428904,0.0004458405723709,-0.0021548829887354,-0.0023132494177849,0.0300000000000002,0.0099999999999997,-0.01797970056831,2025-03-06,2.9400000000000013,2025-03-06,0.0004458405723709,2025-03-06,-0.0023132494177849,2025-03-06,0.0099999999999997,2025-03-06,1.0,1.0,1.0,1.0,1.0,Friday,0,Out_of_Sample,1,432,1,1
2025-03-08,-0.0007826996648883,-0.0364357845918045,23.62502353283732,24.912097174265178,0.0350611904653412,-0.031409308039673,23.0777984675942,23.83347760047584,,,,,,,,,,,0.005505404600509,2025-03-07,-1.5,2025-03-07,-0.0040884898428904,2025-03-07,-0.0021548829887354,2025-03-07,0.0300000000000002,2025-03-07,1.0,1.0,1.0,1.0,1.0,Saturday,1,Out_of_Sample,1,433,1,1
2025-03-09,-0.0369351999576611,-0.0007826996648883,24.15400085483323,23.62502353283732,-0.0790082493764245,0.0350611904653412,23.502331351535886,23.0777984675942,,,,,,,,,,,0.005505404600509,2025-03-07,-1.5,2025-03-07,-0.0040884898428904,2025-03-07,-0.0021548829887354,2025-03-07,0.0300000000000002,2025-03-07,2.0,2.0,2.0,2.0,2.0,Sunday,1,Out_of_Sample,1,434,1,1
2025-03-10,-0.0468585694418383,-0.0369351999576611,24.71338071465784,24.15400085483323,-0.0904931936910384,-0.0790082493764245,24.278758643445475,23.502331351535886,-0.0273435183759844,0.005505404600509,4.489999999999998,-1.5,-0.0047276349031359,-0.0040884898428904,0.0013184932592956,-0.0021548829887354,-0.1000000000000005,0.0300000000000002,0.005505404600509,2025-03-07,-1.5,2025-03-07,-0.0040884898428904,2025-03-07,-0.0021548829887354,2025-03-07,0.0300000000000002,2025-03-07,3.0,3.0,3.0,3.0,3.0,Monday,0,Out_of_Sample,1,435,1,1
2025-03-11,0.0436611287188671,-0.0468585694418383,24.72518141332905,24.71338071465784,0.034651849145131,-0.0904931936910384,24.15396978204232,24.278758643445475,-0.0075966049356515,-0.0273435183759844,-0.9399999999999976,4.489999999999998,0.0075466519578201,-0.0047276349031359,-0.0066196011366291,0.0013184932592956,0.0600000000000005,-0.1000000000000005,-0.0273435183759844,2025-03-10,4.489999999999998,2025-03-10,-0.0047276349031359,2025-03-10,0.0013184932592956,2025-03-10,-0.1000000000000005,2025-03-10,1.0,1.0,1.0,1.0,1.0,Tuesday,0,Out_of_Sample,1,436,1,1
2025-03-12,0.0039518479042258,0.0436611287188671,24.420943583671225,24.72518141332905,-0.0234005778353903,0.034651849145131,23.85435353018191,24.15396978204232,0.0048749712752344,-0.0075966049356515,-2.6900000000000013,-0.9399999999999976,0.0089543302711225,0.0075466519578201,0.0031222687410767,-0.0066196011366291,0.04,0.0600000000000005,-0.0075966049356515,2025-03-11,-0.9399999999999976,2025-03-11,0.0075466519578201,2025-03-11,-0.0066196011366291,2025-03-11,0.0600000000000005,2025-03-11,1.0,1.0,1.0,1.0,1.0,Wednesday,0,Out_of_Sample,1,437,1,1
2025-03-13,-0.0341632166692765,0.0039518479042258,24.17048575175138,24.420943583671225,-0.0266443937302821,-0.0234005778353903,23.61237154729805,23.85435353018191,-0.0139884052253529,0.0048749712752344,0.4299999999999997,-2.6900000000000013,0.0152617845796355,0.0089543302711225,0.0020825306408098,0.0031222687410767,-0.0500000000000007,0.04,0.0048749712752344,2025-03-12,-2.6900000000000013,2025-03-12,0.0089543302711225,2025-03-12,0.0031222687410767,2025-03-12,0.04,2025-03-12,1.0,1.0,1.0,1.0,1.0,Thursday,0,Out_of_Sample,1,438,1,1
2025-03-14,0.0465079604257573,-0.0341632166692765,24.110638509975345,24.17048575175138,0.0442615409526354,-0.0266443937302821,23.218346825664213,23.61237154729805,0.0210429198814083,-0.0139884052253529,-2.890000000000001,0.4299999999999997,0.0034120428795928,0.0152617845796355,-0.0010600060738321,0.0020825306408098,0.04,-0.0500000000000007,-0.0139884052253529,2025-03-13,0.4299999999999997,2025-03-13,0.0152617845796355,2025-03-13,0.0020825306408098,2025-03-13,-0.0500000000000007,2025-03-13,1.0,1.0,1.0,1.0,1.0,Friday,0,Out_of_Sample,1,439,1,1
2025-03-15,0.0027371837141171,0.0465079604257573,23.33704134891873,24.110638509975345,0.0095554060431579,0.0442615409526354,22.58835082566097,23.218346825664213,,,,,,,,,,,0.0210429198814083,2025-03-14,-2.890000000000001,2025-03-14,0.0034120428795928,2025-03-14,-0.0010600060738321,2025-03-14,0.04,2025-03-14,1.0,1.0,1.0,1.0,1.0,Saturday,1,Out_of_Sample,1,440,1,1
2025-03-16,-0.0139770927903898,0.0027371837141171,23.783393035734825,23.33704134891873,-0.0253192586500167,0.0095554060431579,22.952527011351776,22.58835082566097,,,,,,,,,,,0.0210429198814083,2025-03-14,-2.890000000000001,2025-03-14,0.0034120428795928,2025-03-14,-0.0010600060738321,2025-03-14,0.04,2025-03-14,2.0,2.0,2.0,2.0,2.0,Sunday,1,Out_of_Sample,1,441,1,1
2025-03-17,0.0088516920896914,-0.0139770927903898,23.945846213800685,23.783393035734825,0.0209533961081235,-0.0253192586500167,23.06861268226551,22.952527011351776,0.0063956039343475,0.0210429198814083,-1.259999999999998,-2.890000000000001,0.0018350159457296,0.0034120428795928,-0.0033608932200072,-0.0010600060738321,0.0,0.04,0.0210429198814083,2025-03-14,-2.890000000000001,2025-03-14,0.0034120428795928,2025-03-14,-0.0010600060738321,2025-03-14,0.04,2025-03-14,3.0,3.0,3.0,3.0,3.0,Monday,0,Out_of_Sample,1,442,1,1
2025-03-18,-0.0236193175551059,0.0088516920896914,23.905302334021467,23.945846213800685,-0.0158128081698688,0.0209533961081235,23.042791106094253,23.06861268226551,-0.01071067425391,0.0063956039343475,1.1899999999999975,-1.259999999999998,0.0116321164053355,0.0018350159457296,-0.0012196658079282,-0.0033608932200072,-0.0199999999999995,0.0,0.0063956039343475,2025-03-17,-1.259999999999998,2025-03-17,0.0018350159457296,2025-03-17,-0.0033608932200072,2025-03-17,0.0,2025-03-17,1.0,1.0,1.0,1.0,1.0,Tuesday,0,Out_of_Sample,1,443,1,1
2025-03-19,0.0401630030885304,-0.0236193175551059,24.27666801377253,23.905302334021467,0.0657874457006492,-0.0158128081698688,23.72225312050281,23.042791106094253,0.0107406291189788,-0.01071067425391,-1.8000000000000007,1.1899999999999975,0.0002634836739012,0.0116321164053355,0.0017805996807972,-0.0012196658079282,-0.04,-0.0199999999999995,-0.01071067425391,2025-03-18,1.1899999999999975,2025-03-18,0.0116321164053355,2025-03-18,-0.0012196658079282,2025-03-18,-0.0199999999999995,2025-03-18,1.0,1.0,1.0,1.0,1.0,Wednesday,0,Out_of_Sample,1,444,1,1
2025-03-20,-0.0101691605372057,0.0401630030885304,24.091560786991,24.27666801377253,-0.0278482926508456,0.0657874457006492,23.30483521975943,23.72225312050281,-0.0021873007738032,0.0107406291189788,-0.0999999999999978,-1.8000000000000007,0.0013496266707838,0.0002634836739012,0.0040814610954876,0.0017805996807972,-0.0099999999999997,-0.04,0.0107406291189788,2025-03-19,-1.8000000000000007,2025-03-19,0.0002634836739012,2025-03-19,0.0017805996807972,2025-03-19,-0.04,2025-03-19,1.0,1.0,1.0,1.0,1.0,Thursday,0,Out_of_Sample,1,445,1,1
2025-03-21,-0.0039632612465665,-0.0101691605372057,23.669306285654628,24.091560786991,-0.0025700842340886,-0.0278482926508456,22.99622905014957,23.30483521975943,0.0008243274123172,-0.0021873007738032,-0.5199999999999996,-0.0999999999999978,-0.0071969043937131,0.0013496266707838,0.0022795156524247,0.0040814610954876,0.0099999999999997,-0.0099999999999997,-0.0021873007738032,2025-03-20,-0.0999999999999978,2025-03-20,0.0013496266707838,2025-03-20,0.0040814610954876,2025-03-20,-0.0099999999999997,2025-03-20,1.0,1.0,1.0,1.0,1.0,Friday,0,Out_of_Sample,1,446,1,1
2025-03-22,-0.0028009798240361,-0.0039632612465665,23.01207792516145,23.669306285654628,0.0097745195972587,-0.0025700842340886,22.53434358612805,22.99622905014957,,,,,,,,,,,0.0008243274123172,2025-03-21,-0.5199999999999996,2025-03-21,-0.0071969043937131,2025-03-21,0.0022795156524247,2025-03-21,0.0099999999999997,2025-03-21,1.0,1.0,1.0,1.0,1.0,Saturday,1,Out_of_Sample,1,447,1,1
2025-03-23,0.0143199973152247,-0.0028009798240361,23.256535221235463,23.01207792516145,-0.0002558718848387,0.0097745195972587,22.74114305776687,22.53434358612805,,,,,,,,,,,0.0008243274123172,2025-03-21,-0.5199999999999996,2025-03-21,-0.0071969043937131,2025-03-21,0.0022795156524247,2025-03-21,0.0099999999999997,2025-03-21,2.0,2.0,2.0,2.0,2.0,Sunday,1,Out_of_Sample,1,448,1,1
2025-03-24,0.0317134559402114,0.0143199973152247,24.266616644988986,23.256535221235463,0.0456664079270154,-0.0002558718848387,23.365526060530517,22.74114305776687,0.0174921579446066,0.0008243274123172,-1.8000000000000007,-0.5199999999999996,-0.0016911295043418,-0.0071969043937131,0.0016702667669976,0.0022795156524247,0.0899999999999998,0.0099999999999997,0.0008243274123172,2025-03-21,-0.5199999999999996,2025-03-21,-0.0071969043937131,2025-03-21,0.0022795156524247,2025-03-21,0.0099999999999997,2025-03-21,3.0,3.0,3.0,3.0,3.0,Monday,0,Out_of_Sample,1,449,1,1
2025-03-25,-1.1832145094028271e-05,0.0317134559402114,24.12465786796315,24.266616644988986,-0.0098080145742441,0.0456664079270154,23.18589781414048,23.365526060530517,0.001573081918473,0.0174921579446066,-0.3300000000000018,-1.8000000000000007,0.0035117493782604,-0.0016911295043418,-0.0007483953027702,0.0016702667669976,-0.0300000000000002,0.0899999999999998,0.0174921579446066,2025-03-24,-1.8000000000000007,2025-03-24,-0.0016911295043418,2025-03-24,0.0016702667669976,2025-03-24,0.0899999999999998,2025-03-24,1.0,1.0,1.0,1.0,1.0,Tuesday,0,Out_of_Sample,1,450,1,1
2025-03-26,-0.0070997846147414,-1.1832145094028271e-05,24.00808092787579,24.12465786796315,-0.0268023647883791,-0.0098080145742441,23.301854340778046,23.18589781414048,-0.0112196914551082,0.001573081918473,1.1799999999999995,-0.3300000000000018,-0.0009264629905246,0.0035117493782604,0.0034781643929569,-0.0007483953027702,0.04,-0.0300000000000002,0.001573081918473,2025-03-25,-0.3300000000000018,2025-03-25,0.0035117493782604,2025-03-25,-0.0007483953027702,2025-03-25,-0.0300000000000002,2025-03-25,1.0,1.0,1.0,1.0,1.0,Wednesday,0,Out_of_Sample,1,451,1,1
2025-03-27,0.0003590352918473,-0.0070997846147414,23.91840094560809,24.00808092787579,-0.0019212301778938,-0.0268023647883791,23.173690986145,23.301854340778046,-0.0033124371066493,-0.0112196914551082,0.360000000000003,1.1799999999999995,0.0129254894419038,-0.0009264629905246,-0.0020298548730111,0.0034781643929569,0.0300000000000002,0.04,-0.0112196914551082,2025-03-26,1.1799999999999995,2025-03-26,-0.0009264629905246,2025-03-26,0.0034781643929569,2025-03-26,0.04,2025-03-26,1.0,1.0,1.0,1.0,1.0,Thursday,0,Out_of_Sample,1,452,1,1
2025-03-28,-0.0410479326671262,0.0003590352918473,24.255451114966355,23.91840094560809,-0.0671192363900083,-0.0019212301778938,23.62251620187991,23.173690986145,-0.0199345803362658,-0.0033124371066493,2.9599999999999973,0.360000000000003,0.0085575055020983,0.0129254894419038,-0.0027929895927051,-0.0020298548730111,-0.1100000000000003,0.0300000000000002,-0.0033124371066493,2025-03-27,0.360000000000003,2025-03-27,0.0129254894419038,2025-03-27,-0.0020298548730111,2025-03-27,0.0300000000000002,2025-03-27,1.0,1.0,1.0,1.0,1.0,Friday,0,Out_of_Sample,1,453,1,1
2025-03-29,-0.0154888122687523,-0.0410479326671262,23.55467733129306,24.255451114966355,-0.032022007132038,-0.0671192363900083,23.22427315462205,23.62251620187991,,,,,,,,,,,-0.0199345803362658,2025-03-28,2.9599999999999973,2025-03-28,0.0085575055020983,2025-03-28,-0.0027929895927051,2025-03-28,-0.1100000000000003,2025-03-28,1.0,1.0,1.0,1.0,1.0,Saturday,1,Out_of_Sample,1,454,1,1
2025-03-30,0.0005072275796264,-0.0154888122687523,23.41544143009741,23.55467733129306,-0.0014974760421964,-0.032022007132038,23.0112302834836,23.22427315462205,,,,,,,,,,,-0.0199345803362658,2025-03-28,2.9599999999999973,2025-03-28,0.0085575055020983,2025-03-28,-0.0027929895927051,2025-03-28,-0.1100000000000003,2025-03-28,2.0,2.0,2.0,2.0,2.0,Sunday,1,Out_of_Sample,1,455,1,1
2025-03-31,-0.0013344172603195,0.0005072275796264,24.09070745792555,23.41544143009741,0.0026630734603006,-0.0014974760421964,23.48106009238997,23.0112302834836,0.00552321245695,-0.0199345803362658,0.6300000000000026,2.9599999999999973,0.0116922880481929,0.0085575055020983,0.0015942074116932,-0.0027929895927051,-0.0399999999999991,-0.1100000000000003,-0.0199345803362658,2025-03-28,2.9599999999999973,2025-03-28,0.0085575055020983,2025-03-28,-0.0027929895927051,2025-03-28,-0.1100000000000003,2025-03-28,3.0,3.0,3.0,3.0,3.0,Monday,0,Out_of_Sample,1,456,1,1
2025-04-01,0.0334243474576197,-0.0013344172603195,24.061723978025576,24.09070745792555,0.0499337571080762,0.0026630734603006,23.431397396072303,23.48106009238997,0.0037741531622356,0.00552321245695,-0.5100000000000016,0.6300000000000026,-0.0012497066576345,0.0116922880481929,0.0004796853356238,0.0015942074116932,-0.0600000000000005,-0.0399999999999991,0.00552321245695,2025-03-31,0.6300000000000026,2025-03-31,0.0116922880481929,2025-03-31,0.0015942074116932,2025-03-31,-0.0399999999999991,2025-03-31,1.0,1.0,1.0,1.0,1.0,Tuesday,0,Out_of_Sample,1,457,1,1
2025-04-02,0.0049874883978516,0.0334243474576197,24.585770781222383,24.061723978025576,-0.017193035062846,0.0499337571080762,23.84093880682821,23.431397396072303,0.0067055923394208,0.0037741531622356,-0.259999999999998,-0.5100000000000016,0.0067105769351938,-0.0012497066576345,-0.0043543735023933,0.0004796853356238,0.0300000000000002,-0.0600000000000005,0.0037741531622356,2025-04-01,-0.5100000000000016,2025-04-01,-0.0012497066576345,2025-04-01,0.0004796853356238,2025-04-01,-0.0600000000000005,2025-04-01,1.0,1.0,1.0,1.0,1.0,Wednesday,0,Out_of_Sample,1,458,1,1
2025-04-03,-0.0396817181414436,0.0049874883978516,24.33017876954308,24.585770781222383,-0.044719627442828,-0.017193035062846,23.52365054480484,23.84093880682821,-0.049605877563395,0.0067055923394208,8.509999999999998,-0.259999999999998,-0.0137570201865,0.0067105769351938,-0.0168549592181244,-0.0043543735023933,-0.1400000000000005,0.0300000000000002,0.0067055923394208,2025-04-02,-0.259999999999998,2025-04-02,0.0067105769351938,2025-04-02,-0.0043543735023933,2025-04-02,0.0300000000000002,2025-04-02,1.0,1.0,1.0,1.0,1.0,Thursday,0,Out_of_Sample,1,459,1,1
2025-04-04,0.0215738522061202,-0.0396817181414436,24.533425320810323,24.33017876954308,0.0110993350109979,-0.044719627442828,23.61706066356332,23.52365054480484,-0.0616090736758802,-0.049605877563395,15.290000000000004,8.509999999999998,-0.0278295910534185,-0.0137570201865,0.0092738176531163,-0.0168549592181244,-0.0499999999999998,-0.1400000000000005,-0.049605877563395,2025-04-03,8.509999999999998,2025-04-03,-0.0137570201865,2025-04-03,-0.0168549592181244,2025-04-03,-0.1400000000000005,2025-04-03,1.0,1.0,1.0,1.0,1.0,Friday,0,Out_of_Sample,1,460,1,1
2025-04-05,-0.0129950426102622,0.0215738522061202,23.38916007300463,24.533425320810323,-0.0157369210802363,0.0110993350109979,22.57560482564047,23.61706066356332,,,,,,,,,,,-0.0616090736758802,2025-04-04,15.290000000000004,2025-04-04,-0.0278295910534185,2025-04-04,0.0092738176531163,2025-04-04,-0.0499999999999998,2025-04-04,1.0,1.0,1.0,1.0,1.0,Saturday,1,Out_of_Sample,1,461,1,1
2025-04-06,-0.0523294117055294,-0.0129950426102622,24.31494179780872,23.38916007300463,-0.1285220752841149,-0.0157369210802363,23.82130401650478,22.57560482564047,,,,,,,,,,,-0.0616090736758802,2025-04-04,15.290000000000004,2025-04-04,-0.0278295910534185,2025-04-04,0.0092738176531163,2025-04-04,-0.0499999999999998,2025-04-04,2.0,2.0,2.0,2.0,2.0,Sunday,1,Out_of_Sample,1,462,1,1
2025-04-07,0.0013789704720038,-0.0523294117055294,25.2370049843806,24.31494179780872,-0.0026336898310564,-0.1285220752841149,24.55351374766976,23.82130401650478,-0.0023341792090838,-0.0616090736758802,1.6699999999999946,15.290000000000004,-0.0203585421452193,-0.0278295910534185,0.0022590772603279,0.0092738176531163,0.1400000000000005,-0.0499999999999998,-0.0616090736758802,2025-04-04,15.290000000000004,2025-04-04,-0.0278295910534185,2025-04-04,0.0092738176531163,2025-04-04,-0.0499999999999998,2025-04-04,3.0,3.0,3.0,3.0,3.0,Monday,0,Out_of_Sample,1,463,1,1
2025-04-08,-0.0241040449453429,0.0013789704720038,24.6009994378868,25.2370049843806,-0.0589372121858952,-0.0026336898310564,23.78269156775017,24.55351374766976,-0.0158250871968123,-0.0023341792090838,5.350000000000001,1.6699999999999946,0.0057772864227977,-0.0203585421452193,-0.0029193419727766,0.0022590772603279,0.1099999999999994,0.1400000000000005,-0.0023341792090838,2025-04-07,1.6699999999999946,2025-04-07,-0.0203585421452193,2025-04-07,0.0022590772603279,2025-04-07,0.1400000000000005,2025-04-07,1.0,1.0,1.0,1.0,1.0,Tuesday,0,Out_of_Sample,1,464,1,1
2025-04-09,0.0769460604575016,-0.0241040449453429,25.156622586406215,24.6009994378868,0.1227062653892785,-0.0589372121858952,24.393273224960264,23.78269156775017,0.0908949016487148,-0.0158250871968123,-18.71,5.350000000000001,0.0292474162714175,0.0057772864227977,-0.0005343567201059,-0.0029193419727766,0.08,0.1099999999999994,-0.0158250871968123,2025-04-08,5.350000000000001,2025-04-08,0.0057772864227977,2025-04-08,-0.0029193419727766,2025-04-08,0.1099999999999994,2025-04-08,1.0,1.0,1.0,1.0,1.0,Wednesday,0,Out_of_Sample,1,465,1,1
2025-04-10,-0.0407584547806337,0.0769460604575016,24.523641956229397,25.156622586406215,-0.0898536729347379,0.1227062653892785,23.785703234748095,24.393273224960264,-0.0352205878451179,0.0908949016487148,7.100000000000001,-18.71,0.0317813994640908,0.0292474162714175,-0.0199548254666549,-0.0005343567201059,0.0600000000000005,0.08,0.0908949016487148,2025-04-09,-18.71,2025-04-09,0.0292474162714175,2025-04-09,-0.0005343567201059,2025-04-09,0.08,2025-04-09,1.0,1.0,1.0,1.0,1.0,Thursday,0,Out_of_Sample,1,466,1,1
2025-04-11,0.0482805841545114,-0.0407584547806337,24.452729948114293,24.523641956229397,0.0275422763453751,-0.0898536729347379,23.422735249020107,23.785703234748095,0.0179303692521134,-0.0352205878451179,-3.1599999999999966,7.100000000000001,0.0210124709703548,0.0317813994640908,-0.0076131512317919,-0.0199548254666549,0.08,0.0600000000000005,-0.0352205878451179,2025-04-10,7.100000000000001,2025-04-10,0.0317813994640908,2025-04-10,-0.0199548254666549,2025-04-10,0.0600000000000005,2025-04-10,1.0,1.0,1.0,1.0,1.0,Friday,0,Out_of_Sample,1,467,1,1
2025-04-12,0.0198397988563178,0.0482805841545114,23.912014733304694,24.452729948114293,0.0478519788708521,0.0275422763453751,23.21737955571082,23.422735249020107,,,,,,,,,,,0.0179303692521134,2025-04-11,-3.1599999999999966,2025-04-11,0.0210124709703548,2025-04-11,-0.0076131512317919,2025-04-11,0.08,2025-04-11,1.0,1.0,1.0,1.0,1.0,Saturday,1,Out_of_Sample,1,468,1,1
2025-04-13,-0.0239673309193758,0.0198397988563178,24.08353652475336,23.912014733304694,-0.0362477293506741,0.0478519788708521,23.35586599180853,23.21737955571082,,,,,,,,,,,0.0179303692521134,2025-04-11,-3.1599999999999966,2025-04-11,0.0210124709703548,2025-04-11,-0.0076131512317919,2025-04-11,0.08,2025-04-11,2.0,2.0,2.0,2.0,2.0,Sunday,1,Out_of_Sample,1,469,1,1
2025-04-14,0.0166109508647002,-0.0239673309193758,24.252292503568768,24.08353652475336,0.0276125493634372,-0.0362477293506741,23.527736213337533,23.35586599180853,0.007913254093151,0.0179303692521134,-6.670000000000002,-3.1599999999999966,-0.0054146397557367,0.0210124709703548,-0.0046259757475773,-0.0076131512317919,-0.1000000000000005,0.08,0.0179303692521134,2025-04-11,-3.1599999999999966,2025-04-11,0.0210124709703548,2025-04-11,-0.0076131512317919,2025-04-11,0.08,2025-04-11,3.0,3.0,3.0,3.0,3.0,Monday,0,Out_of_Sample,1,470,1,1
2025-04-15,-0.010473584179802,0.0166109508647002,24.05690941420342,24.252292503568768,-0.025207411384393,0.0276125493634372,23.301621304597113,23.527736213337533,-0.0017292137684181,0.007913254093151,-0.7699999999999996,-6.670000000000002,0.0043278349931827,-0.0054146397557367,0.0057541876515706,-0.0046259757475773,-0.0300000000000002,-0.1000000000000005,0.007913254093151,2025-04-14,-6.670000000000002,2025-04-14,-0.0054146397557367,2025-04-14,-0.0046259757475773,2025-04-14,-0.1000000000000005,2025-04-14,1.0,1.0,1.0,1.0,1.0,Tuesday,0,Out_of_Sample,1,471,1,1
2025-04-16,0.0035794400320359,-0.010473584179802,24.111641507723927,24.05690941420342,-0.0135769550600513,-0.025207411384393,23.453704961851077,23.301621304597113,-0.0226633127009963,-0.0017292137684181,2.5199999999999996,-0.7699999999999996,0.0329732545719371,0.0043278349931827,-0.0083669918713758,0.0057541876515706,-0.0599999999999996,-0.0300000000000002,-0.0017292137684181,2025-04-15,-0.7699999999999996,2025-04-15,0.0043278349931827,2025-04-15,0.0057541876515706,2025-04-15,-0.0300000000000002,2025-04-15,1.0,1.0,1.0,1.0,1.0,Wednesday,0,Out_of_Sample,1,472,1,1
2025-04-17,0.0099603224747875,0.0035794400320359,23.780886217500804,24.111641507723927,0.0072597669615426,-0.0135769550600513,23.14914416063892,23.453704961851077,0.0013259586728286,-0.0226633127009963,-2.990000000000002,2.5199999999999996,-0.0053954424898931,0.0329732545719371,-4.0250357227266095e-05,-0.0083669918713758,0.0499999999999998,-0.0599999999999996,-0.0226633127009963,2025-04-16,2.5199999999999996,2025-04-16,0.0329732545719371,2025-04-16,-0.0083669918713758,2025-04-16,-0.0599999999999996,2025-04-16,1.0,1.0,1.0,1.0,1.0,Thursday,0,Out_of_Sample,1,473,1,1
2025-04-18,-0.0076659843031536,0.0099603224747875,23.267099383053647,23.780886217500804,0.0057086007239111,0.0072597669615426,22.68666604262693,23.14914416063892,,,,,,,,,,,0.0013259586728286,2025-04-17,-2.990000000000002,2025-04-17,-0.0053954424898931,2025-04-17,-4.0250357227266095e-05,2025-04-17,0.0499999999999998,2025-04-17,1.0,1.0,1.0,1.0,1.0,Friday,0,Out_of_Sample,1,474,1,1
2025-04-19,0.0083535419789429,-0.0076659843031536,23.44845501817389,23.267099383053647,0.0128147322016169,0.0057086007239111,22.692911862320223,22.68666604262693,,,,,,,,,,,0.0013259586728286,2025-04-17,-2.990000000000002,2025-04-17,-0.0053954424898931,2025-04-17,-4.0250357227266095e-05,2025-04-17,0.0499999999999998,2025-04-17,2.0,2.0,2.0,2.0,2.0,Saturday,1,Out_of_Sample,1,475,1,1
2025-04-20,-0.0013745306248293,0.0083535419789429,23.40866481256237,23.44845501817389,-0.01537862670182,0.0128147322016169,22.75702783301888,22.692911862320223,,,,,,,,,,,0.0013259586728286,2025-04-17,-2.990000000000002,2025-04-17,-0.0053954424898931,2025-04-17,-4.0250357227266095e-05,2025-04-17,0.0499999999999998,2025-04-17,3.0,3.0,3.0,3.0,3.0,Sunday,1,Out_of_Sample,1,476,1,1
2025-04-21,0.0261126246620874,-0.0013745306248293,24.44645468914704,23.40866481256237,-0.0074270429375195,-0.01537862670182,23.457879135053584,22.75702783301888,-0.0238496492263886,0.0013259586728286,4.170000000000002,-2.990000000000002,0.0290419378469472,-0.0053954424898931,-0.0111104383913832,-4.0250357227266095e-05,0.08,0.0499999999999998,0.0013259586728286,2025-04-17,-2.990000000000002,2025-04-17,-0.0053954424898931,2025-04-17,-4.0250357227266095e-05,2025-04-17,0.0499999999999998,2025-04-17,4.0,4.0,4.0,4.0,4.0,Monday,0,Out_of_Sample,1,477,1,1
2025-04-22,0.0428599762858817,0.0261126246620874,24.74681301581462,24.44645468914704,0.0725713901271952,-0.0074270429375195,23.890760681688043,23.457879135053584,0.0248070343139808,-0.0238496492263886,-3.25,4.170000000000002,-0.0015865736672474,0.0290419378469472,0.0064910266649886,-0.0111104383913832,-0.0099999999999997,0.08,-0.0238496492263886,2025-04-21,4.170000000000002,2025-04-21,0.0290419378469472,2025-04-21,-0.0111104383913832,2025-04-21,0.08,2025-04-21,1.0,1.0,1.0,1.0,1.0,Tuesday,0,Out_of_Sample,1,478,1,1
2025-04-23,0.0272972576076183,0.0428599762858817,24.45423613195846,24.74681301581462,0.0573251055871773,0.0725713901271952,23.85460555471276,23.890760681688043,0.0165238454747945,0.0248070343139808,-2.120000000000001,-3.25,-0.0372959606271875,-0.0015865736672474,0.0093177438305845,0.0064910266649886,-0.0099999999999997,-0.0099999999999997,0.0248070343139808,2025-04-22,-3.25,2025-04-22,-0.0015865736672474,2025-04-22,0.0064910266649886,2025-04-22,-0.0099999999999997,2025-04-22,1.0,1.0,1.0,1.0,1.0,Wednesday,0,Out_of_Sample,1,479,1,1
2025-04-24,-0.0019972648436878,0.0272972576076183,24.172719123102585,24.45423613195846,-0.0186378314999995,0.0573251055871773,23.44504816985955,23.85460555471276,0.0200565990896085,0.0165238454747945,-1.9800000000000004,-2.120000000000001,0.0168579725115056,-0.0372959606271875,-0.0046882693629982,0.0093177438305845,-0.08,-0.0099999999999997,0.0165238454747945,2025-04-23,-2.120000000000001,2025-04-23,-0.0372959606271875,2025-04-23,0.0093177438305845,2025-04-23,-0.0099999999999997,2025-04-23,1.0,1.0,1.0,1.0,1.0,Thursday,0,Out_of_Sample,1,480,1,1
2025-04-25,0.0156153641176772,-0.0019972648436878,24.434768260098192,24.172719123102585,0.0208843112005317,-0.0186378314999995,23.58314398132498,23.44504816985955,0.0073460954265644,0.0200565990896085,-1.629999999999999,-1.9800000000000004,-0.0149978919102349,0.0168579725115056,0.0009454458380469,-0.0046882693629982,-0.0300000000000002,-0.08,0.0200565990896085,2025-04-24,-1.9800000000000004,2025-04-24,0.0168579725115056,2025-04-24,-0.0046882693629982,2025-04-24,-0.08,2025-04-24,1.0,1.0,1.0,1.0,1.0,Friday,0,Out_of_Sample,1,481,1,1
2025-04-26,-0.0086740786770491,0.0156153641176772,23.591893173787913,24.434768260098192,0.0035208082656275,0.0208843112005317,23.202018579144084,23.58314398132498,,,,,,,,,,,0.0073460954265644,2025-04-25,-1.629999999999999,2025-04-25,-0.0149978919102349,2025-04-25,0.0009454458380469,2025-04-25,-0.0300000000000002,2025-04-25,1.0,1.0,1.0,1.0,1.0,Saturday,1,Out_of_Sample,1,482,1,1
2025-04-27,0.0017666535687594,-0.0086740786770491,23.61864546583188,23.591893173787913,-0.0019390695220826,0.0035208082656275,23.15000863640667,23.202018579144084,,,,,,,,,,,0.0073460954265644,2025-04-25,-1.629999999999999,2025-04-25,-0.0149978919102349,2025-04-25,0.0009454458380469,2025-04-25,-0.0300000000000002,2025-04-25,2.0,2.0,2.0,2.0,2.0,Sunday,1,Out_of_Sample,1,483,1,1
2025-04-28,0.0021485241046599,0.0017666535687594,24.20029552323903,23.61864546583188,-0.0091811229873261,-0.0019390695220826,23.559042976198675,23.15000863640667,0.0006404944691347,0.0073460954265644,0.3099999999999987,-1.629999999999999,0.0151479406763654,-0.0149978919102349,-0.0046452892617621,0.0009454458380469,-0.0599999999999996,-0.0300000000000002,0.0073460954265644,2025-04-25,-1.629999999999999,2025-04-25,-0.0149978919102349,2025-04-25,0.0009454458380469,2025-04-25,-0.0300000000000002,2025-04-25,3.0,3.0,3.0,3.0,3.0,Monday,0,Out_of_Sample,1,484,1,1
2025-04-29,0.0038472117449574,0.0021485241046599,23.973877894490247,24.20029552323903,0.0126355873273952,-0.0091811229873261,23.413441078199135,23.559042976198675,0.0057856274963946,0.0006404944691347,-0.9799999999999968,0.3099999999999987,-0.0041194865501492,0.0151479406763654,0.0022900734861786,-0.0046452892617621,-0.04,-0.0599999999999996,0.0006404944691347,2025-04-28,0.3099999999999987,2025-04-28,0.0151479406763654,2025-04-28,-0.0046452892617621,2025-04-28,-0.0599999999999996,2025-04-28,1.0,1.0,1.0,1.0,1.0,Tuesday,0,Out_of_Sample,1,485,1,1
2025-04-30,-0.0031135242408036,0.0038472117449574,24.067705189227592,23.973877894490247,-0.0081013438457324,0.0126355873273952,23.418597591203035,23.413441078199135,0.0014789007797954,0.0057856274963946,0.5299999999999976,-0.9799999999999968,-0.0041668132169278,-0.0041194865501492,0.0023250557767874,0.0022900734861786,-0.0200000000000004,-0.04,0.0057856274963946,2025-04-29,-0.9799999999999968,2025-04-29,-0.0041194865501492,2025-04-29,0.0022900734861786,2025-04-29,-0.04,2025-04-29,1.0,1.0,1.0,1.0,1.0,Wednesday,0,Out_of_Sample,1,486,1,1
2025-05-01,0.0198420186315202,-0.0031135242408036,24.21600538785387,24.067705189227592,0.0250936731781764,-0.0081013438457324,23.487157015031087,23.418597591203035,0.0062793318417251,0.0014789007797954,-0.0999999999999978,0.5299999999999976,-0.029165536161725,-0.0041668132169278,0.0078111314655944,0.0023250557767874,0.08,-0.0200000000000004,0.0014789007797954,2025-04-30,0.5299999999999976,2025-04-30,-0.0041668132169278,2025-04-30,0.0023250557767874,2025-04-30,-0.0200000000000004,2025-04-30,1.0,1.0,1.0,1.0,1.0,Thursday,0,Out_of_Sample,1,487,1,1
2025-05-02,0.0060511014338158,0.0198420186315202,23.99745998263021,24.21600538785387,0.0037798822102576,0.0250936731781764,23.331139976298832,23.487157015031087,0.0146192292434078,0.0062793318417251,-1.9200000000000017,-0.0999999999999978,0.0067992322278356,-0.029165536161725,-0.0021769748658945,0.0078111314655944,0.08,0.08,0.0062793318417251,2025-05-01,-0.0999999999999978,2025-05-01,-0.029165536161725,2025-05-01,0.0078111314655944,2025-05-01,0.08,2025-05-01,1.0,1.0,1.0,1.0,1.0,Friday,0,Out_of_Sample,1,488,1,1
2025-05-03,-0.0073776446654866,0.0060511014338158,23.48170206396257,23.99745998263021,-0.0043559817066145,0.0037798822102576,22.84486279814012,23.331139976298832,,,,,,,,,,,0.0146192292434078,2025-05-02,-1.9200000000000017,2025-05-02,0.0067992322278356,2025-05-02,-0.0021769748658945,2025-05-02,0.08,2025-05-02,1.0,1.0,1.0,1.0,1.0,Saturday,1,Out_of_Sample,1,489,1,1
2025-05-04,-0.0064749561763306,-0.0073776446654866,23.624615363377405,23.48170206396257,-0.001392704846605,-0.0043559817066145,22.9114474145545,22.84486279814012,,,,,,,,,,,0.0146192292434078,2025-05-02,-1.9200000000000017,2025-05-02,0.0067992322278356,2025-05-02,-0.0021769748658945,2025-05-02,0.08,2025-05-02,2.0,2.0,2.0,2.0,2.0,Sunday,1,Out_of_Sample,1,490,1,1
2025-05-05,-0.0155289863555654,-0.0064749561763306,23.974270375585423,23.624615363377405,-0.0152501350967097,-0.001392704846605,23.155943358889544,22.9114474145545,-0.0064020400278313,0.0146192292434078,0.9600000000000009,-1.9200000000000017,0.0242707069040356,0.0067992322278356,-0.0019913846699763,-0.0021769748658945,0.0300000000000002,0.08,0.0146192292434078,2025-05-02,-1.9200000000000017,2025-05-02,0.0067992322278356,2025-05-02,-0.0021769748658945,2025-05-02,0.08,2025-05-02,3.0,3.0,3.0,3.0,3.0,Monday,0,Out_of_Sample,1,491,1,1
2025-05-06,0.0048038851919429,-0.0155289863555654,24.00234363722746,23.974270375585423,-0.0186238212914564,-0.0152501350967097,23.303976204577285,23.155943358889544,-0.0077230338855465,-0.0064020400278313,1.120000000000001,0.9600000000000009,0.0297818593243955,0.0242707069040356,-0.0059577508706371,-0.0019913846699763,-0.0600000000000005,0.0300000000000002,-0.0064020400278313,2025-05-05,0.9600000000000009,2025-05-05,0.0242707069040356,2025-05-05,-0.0019913846699763,2025-05-05,0.0300000000000002,2025-05-05,1.0,1.0,1.0,1.0,1.0,Tuesday,0,Out_of_Sample,1,492,1,1
2025-05-07,0.0215259339964888,0.0048038851919429,25.066861138830337,24.00234363722746,0.0127138614151127,-0.0186238212914564,24.64604587822898,23.303976204577285,0.0043370041259597,-0.0077230338855465,-1.2100000000000009,1.120000000000001,-0.0088329395578821,0.0297818593243955,0.0037817115051254,-0.0059577508706371,-0.04,-0.0600000000000005,-0.0077230338855465,2025-05-06,1.120000000000001,2025-05-06,0.0297818593243955,2025-05-06,-0.0059577508706371,2025-05-06,-0.0600000000000005,2025-05-06,1.0,1.0,1.0,1.0,1.0,Wednesday,0,Out_of_Sample,1,493,1,1
2025-05-08,0.0588239835142323,0.0215259339964888,24.970265738631433,25.066861138830337,0.1945206491913532,0.0127138614151127,24.354972780559276,24.64604587822898,0.0057829933406661,0.0043370041259597,-1.0700000000000005,-1.2100000000000009,-0.025398132101867,-0.0088329395578821,0.010247075990529,0.0037817115051254,0.1100000000000003,-0.04,0.0043370041259597,2025-05-07,-1.2100000000000009,2025-05-07,-0.0088329395578821,2025-05-07,0.0037817115051254,2025-05-07,-0.04,2025-05-07,1.0,1.0,1.0,1.0,1.0,Thursday,0,Out_of_Sample,1,494,1,1
2025-05-09,0.0054185401146028,0.0588239835142323,24.787127032594725,24.970265738631433,0.0691503264295309,0.1945206491913532,24.502123711239538,24.354972780559276,-0.0007117720863733,0.0057829933406661,-0.5800000000000018,-1.0700000000000005,0.011700918988177,-0.025398132101867,-0.0029953400608937,0.010247075990529,0.0,0.1100000000000003,0.0057829933406661,2025-05-08,-1.0700000000000005,2025-05-08,-0.025398132101867,2025-05-08,0.010247075990529,2025-05-08,0.1100000000000003,2025-05-08,1.0,1.0,1.0,1.0,1.0,Friday,0,Out_of_Sample,1,495,1,1
2025-05-10,-0.0001550649798058,0.0054185401146028,24.467502274824017,24.787127032594725,0.0621504631736664,0.0691503264295309,24.13328794600977,24.502123711239538,,,,,,,,,,,-0.0007117720863733,2025-05-09,-0.5800000000000018,2025-05-09,0.011700918988177,2025-05-09,-0.0029953400608937,2025-05-09,0.0,2025-05-09,1.0,1.0,1.0,1.0,1.0,Saturday,1,Out_of_Sample,1,496,1,1
2025-05-11,0.0108637211392059,-0.0001550649798058,24.55809495010031,24.467502274824017,0.0080642212820209,0.0621504631736664,24.000273524435073,24.13328794600977,,,,,,,,,,,-0.0007117720863733,2025-05-09,-0.5800000000000018,2025-05-09,0.011700918988177,2025-05-09,-0.0029953400608937,2025-05-09,0.0,2025-05-09,2.0,2.0,2.0,2.0,2.0,Sunday,1,Out_of_Sample,1,497,1,1
2025-05-12,-0.0156156005146612,0.0108637211392059,24.870368480794568,24.55809495010031,-0.0100090279769422,0.0080642212820209,24.192802598603123,24.000273524435073,0.0320400143094495,-0.0007117720863733,-3.509999999999998,-0.5800000000000018,-0.0352112233703022,0.011700918988177,0.0143377660844711,-0.0029953400608937,0.08,0.0,-0.0007117720863733,2025-05-09,-0.5800000000000018,2025-05-09,0.011700918988177,2025-05-09,-0.0029953400608937,2025-05-09,0.0,2025-05-09,3.0,3.0,3.0,3.0,3.0,Monday,0,Out_of_Sample,1,498,1,1
2025-05-13,0.0185869771582879,-0.0156156005146612,24.686150695494707,24.870368480794568,0.0790552574959027,-0.0100090279769422,24.235668865852368,24.192802598603123,0.0072220821737149,0.0320400143094495,-0.1700000000000017,-3.509999999999998,0.0062845736230977,-0.0352112233703022,-0.0077419996052758,0.0143377660844711,0.04,0.08,0.0320400143094495,2025-05-12,-3.509999999999998,2025-05-12,-0.0352112233703022,2025-05-12,0.0143377660844711,2025-05-12,0.08,2025-05-12,1.0,1.0,1.0,1.0,1.0,Tuesday,0,Out_of_Sample,1,499,1,1
2025-05-14,-0.0099666341026323,0.0185869771582879,24.550951802265168,24.686150695494707,-0.0341426328741112,0.0790552574959027,24.00427767128087,24.235668865852368,0.0010238448046247,0.0072220821737149,0.4000000000000021,-0.1700000000000017,-0.0183446123932906,0.0062845736230977,0.0003563615523601,-0.0077419996052758,0.04,0.04,0.0072220821737149,2025-05-13,-0.1700000000000017,2025-05-13,0.0062845736230977,2025-05-13,-0.0077419996052758,2025-05-13,0.04,2025-05-13,1.0,1.0,1.0,1.0,1.0,Wednesday,0,Out_of_Sample,1,500,1,1
2025-05-15,-0.0010703344995713,-0.0099666341026323,24.643420527225825,24.550951802265168,-0.0244537420001408,-0.0341426328741112,24.005592925214145,24.00427767128087,0.0041238009887726,0.0010238448046247,-0.7900000000000027,0.4000000000000021,0.012277391287757,-0.0183446123932906,-0.0015848020829046,0.0003563615523601,-0.08,0.04,0.0010238448046247,2025-05-14,0.4000000000000021,2025-05-14,-0.0183446123932906,2025-05-14,0.0003563615523601,2025-05-14,0.04,2025-05-14,1.0,1.0,1.0,1.0,1.0,Thursday,0,Out_of_Sample,1,501,1,1
2025-05-16,0.0026741732507388,-0.0010703344995713,24.51620119176805,24.643420527225825,0.0134531264736302,-0.0244537420001408,23.781921629614597,24.005592925214145,0.0069808987439629,0.0041238009887726,-0.5899999999999999,-0.7900000000000027,-0.0120887821582857,0.012277391287757,0.0021092144809496,-0.0015848020829046,-0.0200000000000004,-0.08,0.0041238009887726,2025-05-15,-0.7900000000000027,2025-05-15,0.012277391287757,2025-05-15,-0.0015848020829046,2025-05-15,-0.08,2025-05-15,1.0,1.0,1.0,1.0,1.0,Friday,0,Out_of_Sample,1,502,1,1
2025-05-17,-0.0030436465978559,0.0026741732507388,24.358178762078765,24.51620119176805,-0.0322683195472414,0.0134531264736302,23.658754684488365,23.781921629614597,,,,,,,,,,,0.0069808987439629,2025-05-16,-0.5899999999999999,2025-05-16,-0.0120887821582857,2025-05-16,0.0021092144809496,2025-05-16,-0.0200000000000004,2025-05-16,1.0,1.0,1.0,1.0,1.0,Saturday,1,Out_of_Sample,1,503,1,1
2025-05-18,0.0066274185474985,-0.0030436465978559,24.63302792959637,24.358178762078765,-0.038772844300549,-0.0322683195472414,23.942348235076885,23.658754684488365,,,,,,,,,,,0.0069808987439629,2025-05-16,-0.5899999999999999,2025-05-16,-0.0120887821582857,2025-05-16,0.0021092144809496,2025-05-16,-0.0200000000000004,2025-05-16,2.0,2.0,2.0,2.0,2.0,Sunday,1,Out_of_Sample,1,504,1,1
2025-05-19,0.0129055019111035,0.0066274185474985,24.846539984837865,24.63302792959637,0.0511480199396512,-0.038772844300549,24.03203105972938,23.942348235076885,0.0008756935229845,0.0069808987439629,0.9000000000000021,-0.5899999999999999,0.0146315617961965,-0.0120887821582857,-0.006609855445208,0.0021092144809496,0.0300000000000002,-0.0200000000000004,0.0069808987439629,2025-05-16,-0.5899999999999999,2025-05-16,-0.0120887821582857,2025-05-16,0.0021092144809496,2025-05-16,-0.0200000000000004,2025-05-16,3.0,3.0,3.0,3.0,3.0,Monday,0,Out_of_Sample,1,505,1,1
2025-05-20,0.0139275269959149,0.0129055019111035,24.32100885740204,24.846539984837865,-0.0028557092843251,0.0511480199396512,23.878278009563132,24.03203105972938,-0.0038877541185178,0.0008756935229845,-0.0500000000000007,0.9000000000000021,0.0157934048016337,0.0146315617961965,-0.0030716475403447,-0.006609855445208,0.0200000000000004,0.0300000000000002,0.0008756935229845,2025-05-19,0.9000000000000021,2025-05-19,0.0146315617961965,2025-05-19,-0.006609855445208,2025-05-19,0.0300000000000002,2025-05-19,1.0,1.0,1.0,1.0,1.0,Tuesday,0,Out_of_Sample,1,506,1,1
2025-05-21,0.0123903533062665,0.0139275269959149,25.081081282530462,24.32100885740204,-0.0025528047906137,-0.0028557092843251,24.18752890957031,23.878278009563132,-0.0162667024511485,-0.0038877541185178,2.780000000000001,-0.0500000000000007,0.0088018049027029,0.0157934048016337,-0.005599057080792,-0.0030716475403447,0.0999999999999996,0.0200000000000004,-0.0038877541185178,2025-05-20,-0.0500000000000007,2025-05-20,0.0157934048016337,2025-05-20,-0.0030716475403447,2025-05-20,0.0200000000000004,2025-05-20,1.0,1.0,1.0,1.0,1.0,Wednesday,0,Out_of_Sample,1,507,1,1
2025-05-22,0.0254462676996692,0.0123903533062665,24.974009629709776,25.081081282530462,0.0518055726316128,-0.0025528047906137,24.0040634504921,24.18752890957031,-0.0004449532958025,-0.0162667024511485,-0.5899999999999999,2.780000000000001,-0.0051502779102344,0.0088018049027029,0.0040196727122592,-0.005599057080792,-0.04,0.0999999999999996,-0.0162667024511485,2025-05-21,2.780000000000001,2025-05-21,0.0088018049027029,2025-05-21,-0.005599057080792,2025-05-21,0.0999999999999996,2025-05-21,1.0,1.0,1.0,1.0,1.0,Thursday,0,Out_of_Sample,1,508,1,1
2025-05-23,-0.02564739070563,0.0254462676996692,24.936106268091475,24.974009629709776,-0.0376465486130164,0.0518055726316128,24.142188587871253,24.0040634504921,-0.0067309094179872,-0.0004449532958025,2.009999999999998,-0.5899999999999999,0.0214254345039647,-0.0051502779102344,-0.0085195821533139,0.0040196727122592,-0.0300000000000002,-0.04,-0.0004449532958025,2025-05-22,-0.5899999999999999,2025-05-22,-0.0051502779102344,2025-05-22,0.0040196727122592,2025-05-22,-0.04,2025-05-22,1.0,1.0,1.0,1.0,1.0,Friday,0,Out_of_Sample,1,509,1,1
2025-05-24,0.0059587288310573,-0.02564739070563,24.549809974049783,24.936106268091475,0.0033636828879521,-0.0376465486130164,23.15520233598067,24.142188587871253,,,,,,,,,,,-0.0067309094179872,2025-05-23,2.009999999999998,2025-05-23,0.0214254345039647,2025-05-23,-0.0085195821533139,2025-05-23,-0.0300000000000002,2025-05-23,1.0,1.0,1.0,1.0,1.0,Saturday,1,Out_of_Sample,1,510,1,1
2025-05-25,-0.0110434457194857,0.0059587288310573,24.584375304102103,24.549809974049783,-0.0109924121350472,0.0033636828879521,23.401298751047,23.15520233598067,,,,,,,,,,,-0.0067309094179872,2025-05-23,2.009999999999998,2025-05-23,0.0214254345039647,2025-05-23,-0.0085195821533139,2025-05-23,-0.0300000000000002,2025-05-23,2.0,2.0,2.0,2.0,2.0,Sunday,1,Out_of_Sample,1,511,1,1
2025-05-26,0.0173937148521888,-0.0110434457194857,24.550829730768385,24.584375304102103,0.0169462291763737,-0.0109924121350472,23.42708108387567,23.401298751047,,,-1.7199999999999989,2.009999999999998,,,0.0,-0.0085195821533139,,,-0.0067309094179872,2025-05-23,2.009999999999998,2025-05-23,0.0214254345039647,2025-05-23,-0.0085195821533139,2025-05-23,-0.0300000000000002,2025-05-23,3.0,3.0,3.0,3.0,3.0,Monday,0,Out_of_Sample,1,512,1,1
2025-05-27,0.0002335558663017,0.0173937148521888,24.77418390950453,24.550829730768385,0.0389273393388503,0.0169462291763737,23.99147265251101,23.42708108387567,0.0202525439131209,-0.0067309094179872,-1.6099999999999994,-1.7199999999999989,-0.0193621244061215,0.0214254345039647,0.0041181533584598,0.0,-0.08,-0.0300000000000002,-0.0067309094179872,2025-05-23,-1.7199999999999989,2025-05-26,0.0214254345039647,2025-05-23,0.0,2025-05-26,-0.0300000000000002,2025-05-23,4.0,1.0,4.0,1.0,4.0,Tuesday,0,Out_of_Sample,1,513,1,1
2025-05-28,-0.0211498084387841,0.0002335558663017,24.61825208738183,24.77418390950453,-0.0129295812173302,0.0389273393388503,23.67229249072784,23.99147265251101,-0.0055867628115825,0.0202525439131209,0.3499999999999978,-1.6099999999999994,-0.0016685124798728,-0.0193621244061215,0.0035507269145413,0.0041181533584598,0.04,-0.08,0.0202525439131209,2025-05-27,-1.6099999999999994,2025-05-27,-0.0193621244061215,2025-05-27,0.0041181533584598,2025-05-27,-0.08,2025-05-27,1.0,1.0,1.0,1.0,1.0,Wednesday,0,Out_of_Sample,1,514,1,1
2025-05-29,-0.0108202515755225,-0.0211498084387841,24.749023731633848,24.61825208738183,0.0034362797761278,-0.0129295812173302,24.039902647248965,23.67229249072784,0.0040031509167171,-0.0055867628115825,-0.129999999999999,0.3499999999999978,0.0071097155507132,-0.0016685124798728,-0.0059954084373201,0.0035507269145413,-0.04,0.04,-0.0055867628115825,2025-05-28,0.3499999999999978,2025-05-28,-0.0016685124798728,2025-05-28,0.0035507269145413,2025-05-28,0.04,2025-05-28,1.0,1.0,1.0,1.0,1.0,Thursday,0,Out_of_Sample,1,515,1,1
2025-05-30,-0.015275056274065,-0.0108202515755225,24.777747791216836,24.749023731633848,-0.0257250021149139,0.0034362797761278,23.92598804963183,24.039902647248965,-8.119175975762441e-05,0.0040031509167171,-0.6099999999999994,-0.129999999999999,-0.0085378040007891,0.0071097155507132,0.0005135770755408,-0.0059954084373201,-0.0199999999999995,-0.04,0.0040031509167171,2025-05-29,-0.129999999999999,2025-05-29,0.0071097155507132,2025-05-29,-0.0059954084373201,2025-05-29,-0.04,2025-05-29,1.0,1.0,1.0,1.0,1.0,Friday,0,Out_of_Sample,1,516,1,1
2025-05-31,0.0025320843536051,-0.015275056274065,24.38677219585544,24.777747791216836,-0.0132034715378502,-0.0257250021149139,23.361811876232185,23.92598804963183,,,,,,,,,,,-8.119175975762441e-05,2025-05-30,-0.6099999999999994,2025-05-30,-0.0085378040007891,2025-05-30,0.0005135770755408,2025-05-30,-0.0199999999999995,2025-05-30,1.0,1.0,1.0,1.0,1.0,Saturday,1,Out_of_Sample,1,517,1,1
2025-06-01,0.0017180862352243,0.0025320843536051,24.34485784503513,24.38677219585544,-0.0062086030926388,-0.0132034715378502,23.31011610760036,23.361811876232185,,,,,,,,,,,-8.119175975762441e-05,2025-05-30,-0.6099999999999994,2025-05-30,-0.0085378040007891,2025-05-30,0.0005135770755408,2025-05-30,-0.0199999999999995,2025-05-30,2.0,2.0,2.0,2.0,2.0,Sunday,1,Out_of_Sample,1,518,1,1
2025-06-02,-0.0008100664363026,0.0017180862352243,24.547980103868284,24.34485784503513,0.0053706817964081,-0.0062086030926388,23.54131590469575,23.31011610760036,0.0040936514501346,-8.119175975762441e-05,-0.2100000000000008,-0.6099999999999994,0.0245376663589512,-0.0085378040007891,-0.0062918378593211,0.0005135770755408,0.0499999999999998,-0.0199999999999995,-8.119175975762441e-05,2025-05-30,-0.6099999999999994,2025-05-30,-0.0085378040007891,2025-05-30,0.0005135770755408,2025-05-30,-0.0199999999999995,2025-05-30,3.0,3.0,3.0,3.0,3.0,Monday,0,Out_of_Sample,1,519,1,1
2025-06-03,0.0083618617046837,-0.0008100664363026,24.556170055706197,24.547980103868284,0.0292346589646275,0.0053706817964081,23.62968475960072,23.54131590469575,0.005783504036174,0.0040936514501346,-0.6699999999999982,-0.2100000000000008,-0.0060707680599799,0.0245376663589512,0.0052644198112894,-0.0062918378593211,0.0,0.0499999999999998,0.0040936514501346,2025-06-02,-0.2100000000000008,2025-06-02,0.0245376663589512,2025-06-02,-0.0062918378593211,2025-06-02,0.0499999999999998,2025-06-02,1.0,1.0,1.0,1.0,1.0,Tuesday,0,Out_of_Sample,1,520,1,1
2025-06-04,-0.0110289095887289,0.0083618617046837,24.5197625432342,24.556170055706197,-0.0041249649153499,0.0292346589646275,23.64756714615404,23.62968475960072,7.369455953249158e-05,0.005783504036174,-0.0800000000000018,-0.6699999999999982,0.0069307501125834,-0.0060707680599799,-0.0044441375274431,0.0052644198112894,-0.0899999999999998,0.0,0.005783504036174,2025-06-03,-0.6699999999999982,2025-06-03,-0.0060707680599799,2025-06-03,0.0052644198112894,2025-06-03,0.0,2025-06-03,1.0,1.0,1.0,1.0,1.0,Wednesday,0,Out_of_Sample,1,521,1,1
2025-06-05,-0.0402910329262461,-0.0110289095887289,24.77469069209805,24.5197625432342,-0.0826293178353184,-0.0041249649153499,23.988813879460736,23.64756714615404,-0.0052913152805629,7.369455953249158e-05,0.870000000000001,-0.0800000000000018,-0.0067815164251042,0.0069307501125834,-0.0004657567618926,-0.0044441375274431,0.0300000000000002,-0.0899999999999998,7.369455953249158e-05,2025-06-04,-0.0800000000000018,2025-06-04,0.0069307501125834,2025-06-04,-0.0044441375274431,2025-06-04,-0.0899999999999998,2025-06-04,1.0,1.0,1.0,1.0,1.0,Thursday,0,Out_of_Sample,1,522,1,1
2025-06-06,0.0396039969436387,-0.0402910329262461,24.61215641285387,24.77469069209805,0.0419440413391491,-0.0826293178353184,23.68892282750313,23.988813879460736,0.0102281861156999,-0.0052913152805629,-1.7100000000000009,0.870000000000001,-0.0083915739261592,-0.0067815164251042,0.0045369423706103,-0.0004657567618926,0.1099999999999994,0.0300000000000002,-0.0052913152805629,2025-06-05,0.870000000000001,2025-06-05,-0.0067815164251042,2025-06-05,-0.0004657567618926,2025-06-05,0.0300000000000002,2025-06-05,1.0,1.0,1.0,1.0,1.0,Friday,0,Out_of_Sample,1,523,1,1
2025-06-07,0.0126806497747414,0.0396039969436387,24.37041230296142,24.61215641285387,0.0086685039896773,0.0419440413391491,23.17979902241971,23.68892282750313,,,,,,,,,,,0.0102281861156999,2025-06-06,-1.7100000000000009,2025-06-06,-0.0083915739261592,2025-06-06,0.0045369423706103,2025-06-06,0.1099999999999994,2025-06-06,1.0,1.0,1.0,1.0,1.0,Saturday,1,Out_of_Sample,1,524,1,1
2025-06-08,0.0028522928911899,0.0126806497747414,24.32403055089848,24.37041230296142,0.0036115331292248,0.0086685039896773,23.216237394677172,23.17979902241971,,,,,,,,,,,0.0102281861156999,2025-06-06,-1.7100000000000009,2025-06-06,-0.0083915739261592,2025-06-06,0.0045369423706103,2025-06-06,0.1099999999999994,2025-06-06,2.0,2.0,2.0,2.0,2.0,Sunday,1,Out_of_Sample,1,525,1,1
2025-06-09,0.0238518476312784,0.0028522928911899,24.74688734842714,24.32403055089848,0.0227165828442921,0.0036115331292248,23.748807976368468,23.216237394677172,0.0009195219134283,0.0102281861156999,0.3900000000000005,-1.7100000000000009,0.0028250744326858,-0.0083915739261592,-0.002533704145055,0.0045369423706103,-0.0199999999999995,0.1099999999999994,0.0102281861156999,2025-06-06,-1.7100000000000009,2025-06-06,-0.0083915739261592,2025-06-06,0.0045369423706103,2025-06-06,0.1099999999999994,2025-06-06,3.0,3.0,3.0,3.0,3.0,Monday,0,Out_of_Sample,1,526,1,1
2025-06-10,0.0108796967262069,0.0238518476312784,24.72513140211303,24.74688734842714,0.0679457877714748,0.0227165828442921,24.294367866310097,23.748807976368468,0.0054679833266549,0.0009195219134283,-0.2100000000000008,0.3900000000000005,-0.0033669640443006,0.0028250744326858,0.0016057608847306,-0.002533704145055,-0.0200000000000004,-0.0199999999999995,0.0009195219134283,2025-06-09,0.3900000000000005,2025-06-09,0.0028250744326858,2025-06-09,-0.002533704145055,2025-06-09,-0.0199999999999995,2025-06-09,1.0,1.0,1.0,1.0,1.0,Tuesday,0,Out_of_Sample,1,527,1,1
2025-06-11,-0.0097412360535717,0.0108796967262069,24.652001643265855,24.72513140211303,0.0153703558613087,0.0679457877714748,24.147704634136293,24.294367866310097,-0.0027476895336661,0.0054679833266549,0.3100000000000023,-0.2100000000000008,0.0001204861304389,-0.0033669640443006,-0.0047236456801034,0.0016057608847306,-0.0599999999999996,-0.0200000000000004,0.0054679833266549,2025-06-10,-0.2100000000000008,2025-06-10,-0.0033669640443006,2025-06-10,0.0016057608847306,2025-06-10,-0.0200000000000004,2025-06-10,1.0,1.0,1.0,1.0,1.0,Wednesday,0,Out_of_Sample,1,528,1,1
2025-06-12,-0.0268425098983705,-0.0097412360535717,24.727756221027818,24.652001643265855,-0.0635382651334786,0.0153703558613087,23.978472033220864,24.147704634136293,0.0038152107599641,-0.0027476895336661,0.759999999999998,0.3100000000000023,0.0177856301025344,0.0001204861304389,-0.0072245826873042,-0.0047236456801034,-0.0499999999999998,-0.0599999999999996,-0.0027476895336661,2025-06-11,0.3100000000000023,2025-06-11,0.0001204861304389,2025-06-11,-0.0047236456801034,2025-06-11,-0.0599999999999996,2025-06-11,1.0,1.0,1.0,1.0,1.0,Thursday,0,Out_of_Sample,1,529,1,1
2025-06-13,-0.0051403750235719,-0.0268425098983705,24.96531809384358,24.727756221027818,-0.0366244466340013,-0.0635382651334786,24.360503176315735,23.978472033220864,-0.0113607433054092,0.0038152107599641,2.8000000000000007,0.759999999999998,0.0147681226344692,0.0177856301025344,0.0026822381650367,-0.0072245826873042,0.0499999999999998,-0.0499999999999998,0.0038152107599641,2025-06-12,0.759999999999998,2025-06-12,0.0177856301025344,2025-06-12,-0.0072245826873042,2025-06-12,-0.0499999999999998,2025-06-12,1.0,1.0,1.0,1.0,1.0,Friday,0,Out_of_Sample,1,530,1,1
2025-06-14,-0.0051710331924247,-0.0051403750235719,24.361059092411203,24.96531809384358,-0.0147620645579773,-0.0366244466340013,23.3824759057408,24.360503176315735,,,,,,,,,,,-0.0113607433054092,2025-06-13,2.8000000000000007,2025-06-13,0.0147681226344692,2025-06-13,0.0026822381650367,2025-06-13,0.0499999999999998,2025-06-13,1.0,1.0,1.0,1.0,1.0,Saturday,1,Out_of_Sample,1,531,1,1
2025-06-15,-0.0013585485945171,-0.0051710331924247,24.3272491592342,24.361059092411203,-0.0024171075893218,-0.0147620645579773,23.35959758611103,23.3824759057408,,,,,,,,,,,-0.0113607433054092,2025-06-13,2.8000000000000007,2025-06-13,0.0147681226344692,2025-06-13,0.0026822381650367,2025-06-13,0.0499999999999998,2025-06-13,2.0,2.0,2.0,2.0,2.0,Sunday,1,Out_of_Sample,1,532,1,1
2025-06-16,0.0379782439223428,-0.0013585485945171,24.642594628906785,24.3272491592342,0.0645272894942881,-0.0024171075893218,23.849695159158077,23.35959758611103,0.0093488817548551,-0.0113607433054092,-1.7100000000000009,2.8000000000000007,-0.010194021599707,0.0147681226344692,-0.0018961989961498,0.0026822381650367,0.0499999999999998,0.0499999999999998,-0.0113607433054092,2025-06-13,2.8000000000000007,2025-06-13,0.0147681226344692,2025-06-13,0.0026822381650367,2025-06-13,0.0499999999999998,2025-06-13,3.0,3.0,3.0,3.0,3.0,Monday,0,Out_of_Sample,1,533,1,1
2025-06-17,-0.0414315990714765,0.0379782439223428,24.74797611087492,24.642594628906785,-0.0614052960613087,0.0645272894942881,23.96793543949035,23.849695159158077,-0.0083873182957623,0.0093488817548551,2.490000000000002,-1.7100000000000009,-0.002889521305023,-0.010194021599707,0.0083529431185465,-0.0018961989961498,-0.0700000000000002,0.0499999999999998,0.0093488817548551,2025-06-16,-1.7100000000000009,2025-06-16,-0.010194021599707,2025-06-16,-0.0018961989961498,2025-06-16,0.0499999999999998,2025-06-16,1.0,1.0,1.0,1.0,1.0,Tuesday,0,Out_of_Sample,1,534,1,1
2025-06-18,0.0041467841042586,-0.0414315990714765,24.580158493436496,24.74797611087492,0.0070295712729877,-0.0614052960613087,23.712676063659348,23.96793543949035,-0.0003092717177279,-0.0083873182957623,-1.4600000000000009,2.490000000000002,0.0009444399210661,-0.002889521305023,0.0008597800504352,0.0083529431185465,-0.0099999999999997,-0.0700000000000002,-0.0083873182957623,2025-06-17,2.490000000000002,2025-06-17,-0.002889521305023,2025-06-17,0.0083529431185465,2025-06-17,-0.0700000000000002,2025-06-17,1.0,1.0,1.0,1.0,1.0,Wednesday,0,Out_of_Sample,1,535,1,1
2025-06-19,-0.0052933670757046,0.0041467841042586,24.34316510485008,24.580158493436496,-0.0086990041134453,0.0070295712729877,23.271360933572293,23.712676063659348,,,2.030000000000001,-1.4600000000000009,,,0.0,0.0008597800504352,,,-0.0003092717177279,2025-06-18,-1.4600000000000009,2025-06-18,0.0009444399210661,2025-06-18,0.0008597800504352,2025-06-18,-0.0099999999999997,2025-06-18,1.0,1.0,1.0,1.0,1.0,Thursday,0,Out_of_Sample,1,536,1,1
2025-06-20,-0.0056005658874379,-0.0052933670757046,24.654147150922498,24.34316510485008,-0.0326106602771593,-0.0086990041134453,23.840887666758587,23.271360933572293,-0.002180989439864,-0.0003092717177279,-1.5500000000000007,2.030000000000001,-0.0064221208610746,0.0009444399210661,-0.0020039275576329,0.0,0.0,-0.0099999999999997,-0.0003092717177279,2025-06-18,2.030000000000001,2025-06-19,0.0009444399210661,2025-06-18,0.0,2025-06-19,-0.0099999999999997,2025-06-18,2.0,1.0,2.0,1.0,2.0,Friday,0,Out_of_Sample,1,537,1,1
2025-06-21,-0.0020006515302904,-0.0056005658874379,24.3702955581291,24.654147150922498,-0.0095291249549845,-0.0326106602771593,23.502631032067587,23.840887666758587,,,,,,,,,,,-0.002180989439864,2025-06-20,-1.5500000000000007,2025-06-20,-0.0064221208610746,2025-06-20,-0.0020039275576329,2025-06-20,0.0,2025-06-20,1.0,1.0,1.0,1.0,1.0,Saturday,1,Out_of_Sample,1,538,1,1
2025-06-22,-0.038857225519373,-0.0020006515302904,24.90588066288735,24.3702955581291,-0.094130886590875,-0.0095291249549845,24.07170048023964,23.502631032067587,,,,,,,,,,,-0.002180989439864,2025-06-20,-1.5500000000000007,2025-06-20,-0.0064221208610746,2025-06-20,-0.0020039275576329,2025-06-20,0.0,2025-06-20,2.0,2.0,2.0,2.0,2.0,Sunday,1,Out_of_Sample,1,539,1,1
2025-06-23,0.0416404482657517,-0.038857225519373,24.901304274072803,24.90588066288735,0.0705931599229438,-0.094130886590875,23.990834275664263,24.07170048023964,0.0095606418556962,-0.002180989439864,-0.7900000000000027,-1.5500000000000007,0.0028461738938607,-0.0064221208610746,-0.0029524734443939,-0.0020039275576329,-0.04,0.0,-0.002180989439864,2025-06-20,-1.5500000000000007,2025-06-20,-0.0064221208610746,2025-06-20,-0.0020039275576329,2025-06-20,0.0,2025-06-20,3.0,3.0,3.0,3.0,3.0,Monday,0,Out_of_Sample,1,540,1,1
2025-06-24,0.0223799109903281,0.0416404482657517,24.611467072121403,24.901304274072803,0.042579486499375,0.0705931599229438,23.695680711082023,23.990834275664263,0.0110602867969322,0.0095606418556962,-2.349999999999998,-0.7900000000000027,-0.0180136758868114,0.0028461738938607,-0.0056859441733737,-0.0029524734443939,-0.04,-0.04,0.0095606418556962,2025-06-23,-0.7900000000000027,2025-06-23,0.0028461738938607,2025-06-23,-0.0029524734443939,2025-06-23,-0.04,2025-06-23,1.0,1.0,1.0,1.0,1.0,Tuesday,0,Out_of_Sample,1,541,1,1
2025-06-25,0.01587950516398,0.0223799109903281,24.667254847559413,24.611467072121403,-0.0035443561507497,0.042579486499375,23.565737287757862,23.695680711082023,-3.282902479779892e-06,0.0110602867969322,-0.7199999999999989,-2.349999999999998,0.0029197688926843,-0.0180136758868114,-0.0018308560528306,-0.0056859441733737,-0.0099999999999997,-0.04,0.0110602867969322,2025-06-24,-2.349999999999998,2025-06-24,-0.0180136758868114,2025-06-24,-0.0056859441733737,2025-06-24,-0.04,2025-06-24,1.0,1.0,1.0,1.0,1.0,Wednesday,0,Out_of_Sample,1,542,1,1
2025-06-26,-0.0003716982264991,0.01587950516398,24.504997694209088,24.667254847559413,0.0019393013139587,-0.0035443561507497,23.63018951336863,23.565737287757862,0.0079881534997771,-3.282902479779892e-06,-0.1700000000000017,-0.7199999999999989,0.0019217200310753,0.0029197688926843,-0.0054612969755053,-0.0018308560528306,-0.0300000000000002,-0.0099999999999997,-3.282902479779892e-06,2025-06-25,-0.7199999999999989,2025-06-25,0.0029197688926843,2025-06-25,-0.0018308560528306,2025-06-25,-0.0099999999999997,2025-06-25,1.0,1.0,1.0,1.0,1.0,Thursday,0,Out_of_Sample,1,543,1,1
2025-06-27,-0.0062143241938174,-0.0003716982264991,24.537757436322728,24.504997694209088,-0.0080929899299629,0.0019393013139587,23.45176126732865,23.63018951336863,0.0052054309121066,0.0079881534997771,-0.2699999999999996,-0.1700000000000017,-0.0181019742730621,0.0019217200310753,0.0026111822719337,-0.0054612969755053,0.0300000000000002,-0.0300000000000002,0.0079881534997771,2025-06-26,-0.1700000000000017,2025-06-26,0.0019217200310753,2025-06-26,-0.0054612969755053,2025-06-26,-0.0300000000000002,2025-06-26,1.0,1.0,1.0,1.0,1.0,Friday,0,Out_of_Sample,1,544,1,1
2025-06-28,0.0007567033223271,-0.0062143241938174,24.12571937381516,24.537757436322728,0.0016592252385635,-0.0080929899299629,22.836272079661622,23.45176126732865,,,,,,,,,,,0.0052054309121066,2025-06-27,-0.2699999999999996,2025-06-27,-0.0181019742730621,2025-06-27,0.0026111822719337,2025-06-27,0.0300000000000002,2025-06-27,1.0,1.0,1.0,1.0,1.0,Saturday,1,Out_of_Sample,1,545,1,1
2025-06-29,0.0018752704119379,0.0007567033223271,24.293780429744988,24.12571937381516,0.0011922823750008,0.0016592252385635,23.24904091849644,22.836272079661622,,,,,,,,,,,0.0052054309121066,2025-06-27,-0.2699999999999996,2025-06-27,-0.0181019742730621,2025-06-27,0.0026111822719337,2025-06-27,0.0300000000000002,2025-06-27,2.0,2.0,2.0,2.0,2.0,Sunday,1,Out_of_Sample,1,546,1,1
2025-06-30,0.0018296689189536,0.0018752704119379,24.462477232508707,24.293780429744988,0.0285758609106643,0.0011922823750008,23.54819363654269,23.24904091849644,0.0051510775537443,0.0052054309121066,0.4100000000000001,-0.2699999999999996,0.0063031988453655,-0.0181019742730621,-0.0054149898627254,0.0026111822719337,-0.0499999999999998,0.0300000000000002,0.0052054309121066,2025-06-27,-0.2699999999999996,2025-06-27,-0.0181019742730621,2025-06-27,0.0026111822719337,2025-06-27,0.0300000000000002,2025-06-27,3.0,3.0,3.0,3.0,3.0,Monday,0,Out_of_Sample,1,547,1,1
2025-07-01,-0.0154826585897182,0.0018296689189536,24.50996804459235,24.462477232508707,-0.0357799415102064,0.0285758609106643,23.433011386532904,23.54819363654269,-0.0011190878184368,0.0051510775537443,0.0999999999999978,0.4100000000000001,0.012758252337171,0.0063031988453655,-0.0005782316598377,-0.0054149898627254,0.0199999999999995,-0.0499999999999998,0.0051510775537443,2025-06-30,0.4100000000000001,2025-06-30,0.0063031988453655,2025-06-30,-0.0054149898627254,2025-06-30,-0.0499999999999998,2025-06-30,1.0,1.0,1.0,1.0,1.0,Tuesday,0,Out_of_Sample,1,548,1,1
2025-07-02,0.0303375019980944,-0.0154826585897182,24.753048015292897,24.50996804459235,0.0705204940816883,-0.0357799415102064,23.849697899009023,23.433011386532904,0.0047338490372572,-0.0011190878184368,-0.1899999999999977,0.0999999999999978,0.0033808726417766,0.012758252337171,-0.0004442263561262,-0.0005782316598377,0.04,0.0199999999999995,-0.0011190878184368,2025-07-01,0.0999999999999978,2025-07-01,0.012758252337171,2025-07-01,-0.0005782316598377,2025-07-01,0.0199999999999995,2025-07-01,1.0,1.0,1.0,1.0,1.0,Wednesday,0,Out_of_Sample,1,549,1,1
2025-07-03,0.0069497178712688,0.0303375019980944,24.645135054342195,24.753048015292897,0.0026730259992953,0.0705204940816883,23.76174909572122,23.849697899009023,0.0083043501133723,0.0047338490372572,-0.2600000000000015,-0.1899999999999977,-0.0049104542360636,0.0033808726417766,0.0041658993202099,-0.0004442263561262,0.0499999999999998,0.04,0.0047338490372572,2025-07-02,-0.1899999999999977,2025-07-02,0.0033808726417766,2025-07-02,-0.0004442263561262,2025-07-02,0.04,2025-07-02,1.0,1.0,1.0,1.0,1.0,Thursday,0,Out_of_Sample,1,550,1,1
2025-07-04,-0.0203334347912503,0.0069497178712688,24.475505993591828,24.645135054342195,-0.0424295115386731,0.0026730259992953,23.569496452728757,23.76174909572122,,,1.1000000000000014,-0.2600000000000015,0.0002700746795615,-0.0049104542360636,-0.0022148403295528,0.0041658993202099,,,0.0083043501133723,2025-07-03,-0.2600000000000015,2025-07-03,-0.0049104542360636,2025-07-03,0.0041658993202099,2025-07-03,0.0499999999999998,2025-07-03,1.0,1.0,1.0,1.0,1.0,Friday,0,Out_of_Sample,1,551,1,1
2025-07-05,0.0034584161478047,-0.0203334347912503,24.1447734791287,24.475505993591828,0.0062370805193182,-0.0424295115386731,22.952137896926462,23.569496452728757,,,,,,,,,,,0.0083043501133723,2025-07-03,1.1000000000000014,2025-07-04,0.0002700746795615,2025-07-04,-0.0022148403295528,2025-07-04,0.0499999999999998,2025-07-03,2.0,1.0,1.0,1.0,2.0,Saturday,1,Out_of_Sample,1,552,1,1
2025-07-06,0.0055469229351286,0.0034584161478047,24.327295770020736,24.1447734791287,0.0156857271339018,0.0062370805193182,23.302757866813653,22.952137896926462,,,,,,,,,,,0.0083043501133723,2025-07-03,1.1000000000000014,2025-07-04,0.0002700746795615,2025-07-04,-0.0022148403295528,2025-07-04,0.0499999999999998,2025-07-03,3.0,2.0,2.0,2.0,3.0,Sunday,1,Out_of_Sample,1,553,1,1
2025-07-07,-0.0076815608287019,0.0055469229351286,24.53912362226143,24.327295770020736,-0.0048803431235173,0.0156857271339018,23.63780253148851,23.302757866813653,-0.0078933494172341,0.0083043501133723,0.3099999999999987,1.1000000000000014,-9.004121131513318e-05,0.0002700746795615,0.0052971401088014,-0.0022148403295528,0.0500000000000007,0.0499999999999998,0.0083043501133723,2025-07-03,1.1000000000000014,2025-07-04,0.0002700746795615,2025-07-04,-0.0022148403295528,2025-07-04,0.0499999999999998,2025-07-03,4.0,3.0,3.0,3.0,4.0,Monday,0,Out_of_Sample,1,554,1,1
2025-07-08,0.0073361345369471,-0.0076815608287019,24.513848720580533,24.53912362226143,0.0260061385023931,-0.0048803431235173,23.58760655285227,23.63780253148851,-0.0007161495227996,-0.0078933494172341,-0.9800000000000004,0.3099999999999987,-0.0075912978597557,-9.004121131513318e-05,0.0003692383475456,0.0052971401088014,0.0199999999999995,0.0500000000000007,-0.0078933494172341,2025-07-07,0.3099999999999987,2025-07-07,-9.004121131513318e-05,2025-07-07,0.0052971401088014,2025-07-07,0.0500000000000007,2025-07-07,1.0,1.0,1.0,1.0,1.0,Tuesday,0,Out_of_Sample,1,555,1,1
2025-07-09,0.0187821967763229,0.0073361345369471,24.78245665114971,24.513848720580533,0.0518974041971131,0.0260061385023931,24.02756504974676,23.58760655285227,0.0060438433346768,-0.0007161495227996,-0.8699999999999992,-0.9800000000000004,0.0013900517720019,-0.0075912978597557,0.0003998544173108,0.0003692383475456,-0.08,0.0199999999999995,-0.0007161495227996,2025-07-08,-0.9800000000000004,2025-07-08,-0.0075912978597557,2025-07-08,0.0003692383475456,2025-07-08,0.0199999999999995,2025-07-08,1.0,1.0,1.0,1.0,1.0,Wednesday,0,Out_of_Sample,1,556,1,1
2025-07-10,0.0250346896251513,0.0187821967763229,25.28669283057511,24.78245665114971,0.0289460338420129,0.0518974041971131,24.2475418746756,24.02756504974676,0.0027424098720043,0.0060438433346768,-0.1600000000000001,-0.8699999999999992,0.0017498283805606,0.0013900517720019,0.0009938169018905,0.0003998544173108,0.0099999999999997,-0.08,0.0060438433346768,2025-07-09,-0.8699999999999992,2025-07-09,0.0013900517720019,2025-07-09,0.0003998544173108,2025-07-09,-0.08,2025-07-09,1.0,1.0,1.0,1.0,1.0,Thursday,0,Out_of_Sample,1,557,1,1
2025-07-11,0.035825129277389,0.0250346896251513,25.188350180586912,25.28669283057511,0.0536134734426874,0.0289460338420129,24.313058357022303,24.2475418746756,-0.0033029779929135,0.0027424098720043,0.6199999999999992,-0.1600000000000001,0.0115684744527417,0.0017498283805606,0.0020562141205521,0.0009938169018905,0.08,0.0099999999999997,0.0027424098720043,2025-07-10,-0.1600000000000001,2025-07-10,0.0017498283805606,2025-07-10,0.0009938169018905,2025-07-10,0.0099999999999997,2025-07-10,1.0,1.0,1.0,1.0,1.0,Friday,0,Out_of_Sample,1,558,1,1
2025-07-12,-0.0051108497117187,0.035825129277389,24.54151780417187,25.188350180586912,-0.0192446081588782,0.0536134734426874,23.51548549613168,24.313058357022303,,,,,,,,,,,-0.0033029779929135,2025-07-11,0.6199999999999992,2025-07-11,0.0115684744527417,2025-07-11,0.0020562141205521,2025-07-11,0.08,2025-07-11,1.0,1.0,1.0,1.0,1.0,Saturday,1,Out_of_Sample,1,559,1,1
2025-07-13,0.0169217604717021,-0.0051108497117187,24.615516487482964,24.54151780417187,0.0251783693393801,-0.0192446081588782,23.577535527888543,23.51548549613168,,,,,,,,,,,-0.0033029779929135,2025-07-11,0.6199999999999992,2025-07-11,0.0115684744527417,2025-07-11,0.0020562141205521,2025-07-11,0.08,2025-07-11,2.0,2.0,2.0,2.0,2.0,Sunday,1,Out_of_Sample,1,560,1,1
2025-07-14,0.0091468362805552,0.0169217604717021,25.925878252483724,24.615516487482964,0.0041071652993815,0.0251783693393801,24.316440523706593,23.577535527888543,0.0014064149836943,-0.0033029779929135,0.8000000000000007,0.6199999999999992,-0.0013417817890844,0.0115684744527417,0.0023273153501846,0.0020562141205521,0.0,0.08,-0.0033029779929135,2025-07-11,0.6199999999999992,2025-07-11,0.0115684744527417,2025-07-11,0.0020562141205521,2025-07-11,0.08,2025-07-11,3.0,3.0,3.0,3.0,3.0,Monday,0,Out_of_Sample,1,561,1,1
2025-07-15,-0.0316296356767493,0.0091468362805552,25.311510197718498,25.925878252483724,0.0121127827017799,0.0041071652993815,24.38717757850345,24.316440523706593,-0.0039640981809521,0.0014064149836943,0.1799999999999997,0.8000000000000007,-0.0064957500232793,-0.0013417817890844,0.0054398523547289,0.0023273153501846,0.0700000000000002,0.0,0.0014064149836943,2025-07-14,0.8000000000000007,2025-07-14,-0.0013417817890844,2025-07-14,0.0023273153501846,2025-07-14,0.0,2025-07-14,1.0,1.0,1.0,1.0,1.0,Tuesday,0,Out_of_Sample,1,562,1,1
2025-07-16,0.0292863118854258,-0.0316296356767493,25.002179831346467,25.311510197718498,0.1056924320508063,0.0121127827017799,24.568536768303357,24.38717757850345,0.0031884998062567,-0.0039640981809521,-0.2199999999999988,0.1799999999999997,0.0067940793811005,-0.0064957500232793,-0.0022740203091089,0.0054398523547289,-0.04,0.0700000000000002,-0.0039640981809521,2025-07-15,0.1799999999999997,2025-07-15,-0.0064957500232793,2025-07-15,0.0054398523547289,2025-07-15,0.0700000000000002,2025-07-15,1.0,1.0,1.0,1.0,1.0,Wednesday,0,Out_of_Sample,1,563,1,1
2025-07-17,-0.0038214198370703,0.0292863118854258,25.00497258890548,25.002179831346467,0.0108558133566067,0.1056924320508063,24.58468682043472,24.568536768303357,0.0053594331321473,0.0031884998062567,-0.6400000000000006,-0.2199999999999988,-0.003705560276001,0.0067940793811005,0.0034698653971466,-0.0022740203091089,0.0099999999999997,-0.04,0.0031884998062567,2025-07-16,-0.2199999999999988,2025-07-16,0.0067940793811005,2025-07-16,-0.0022740203091089,2025-07-16,-0.04,2025-07-16,1.0,1.0,1.0,1.0,1.0,Thursday,0,Out_of_Sample,1,564,1,1
2025-07-18,-0.0167965559570949,-0.0038214198370703,25.0792795475475,25.00497258890548,0.0297731178155573,0.0108558133566067,24.804161463128946,24.58468682043472,-9.051821685285016e-05,0.0053594331321473,-0.1099999999999994,-0.6400000000000006,0.003854691586396,-0.003705560276001,-0.0025555749751562,0.0034698653971466,-0.0299999999999993,0.0099999999999997,0.0053594331321473,2025-07-17,-0.6400000000000006,2025-07-17,-0.003705560276001,2025-07-17,0.0034698653971466,2025-07-17,0.0099999999999997,2025-07-17,1.0,1.0,1.0,1.0,1.0,Friday,0,Out_of_Sample,1,565,1,1
2025-07-19,0.0026256358596381,-0.0167965559570949,24.585353841194244,25.0792795475475,0.0126292519964958,0.0297731178155573,23.982581621615296,24.804161463128946,,,,,,,,,,,-9.051821685285016e-05,2025-07-18,-0.1099999999999994,2025-07-18,0.003854691586396,2025-07-18,-0.0025555749751562,2025-07-18,-0.0299999999999993,2025-07-18,1.0,1.0,1.0,1.0,1.0,Saturday,1,Out_of_Sample,1,566,1,1
2025-07-20,0.0028269320694725,0.0026256358596381,24.77531939616609,24.585353841194244,0.0479569531159505,0.0126292519964958,24.521009809508733,23.982581621615296,,,,,,,,,,,-9.051821685285016e-05,2025-07-18,-0.1099999999999994,2025-07-18,0.003854691586396,2025-07-18,-0.0025555749751562,2025-07-18,-0.0299999999999993,2025-07-18,2.0,2.0,2.0,2.0,2.0,Sunday,1,Out_of_Sample,1,567,1,1
2025-07-21,-0.0096277217540046,0.0028269320694725,24.969187652629884,24.77531939616609,0.00455427376309,0.0479569531159505,24.47538924796268,24.521009809508733,0.0013981477220053,-9.051821685285016e-05,0.2399999999999984,-0.1099999999999994,0.0144786028773285,0.003854691586396,-0.0064074378177948,-0.0025555749751562,-0.0600000000000005,-0.0299999999999993,-9.051821685285016e-05,2025-07-18,-0.1099999999999994,2025-07-18,0.003854691586396,2025-07-18,-0.0025555749751562,2025-07-18,-0.0299999999999993,2025-07-18,3.0,3.0,3.0,3.0,3.0,Monday,0,Out_of_Sample,1,568,1,1
2025-07-22,0.0234579986151611,-0.0096277217540046,25.095464120192084,24.969187652629884,-0.0137740715558016,0.00455427376309,24.535443508326843,24.47538924796268,0.0006373254110623,0.0013981477220053,-0.1499999999999985,0.2399999999999984,0.0109048016409905,0.0144786028773285,-0.0047222807927361,-0.0064074378177948,-0.0300000000000002,-0.0600000000000005,0.0013981477220053,2025-07-21,0.2399999999999984,2025-07-21,0.0144786028773285,2025-07-21,-0.0064074378177948,2025-07-21,-0.0600000000000005,2025-07-21,1.0,1.0,1.0,1.0,1.0,Tuesday,0,Out_of_Sample,1,569,1,1
2025-07-23,-0.0149823279857618,0.0234579986151611,24.92209960339976,25.095464120192084,-0.0376050585818033,-0.0137740715558016,24.443722175821293,24.535443508326843,0.0077815261467118,0.0006373254110623,-1.1300000000000008,-0.1499999999999985,-0.0132002130924936,0.0109048016409905,-0.0018293377351099,-0.0047222807927361,0.0500000000000007,-0.0300000000000002,0.0006373254110623,2025-07-22,-0.1499999999999985,2025-07-22,0.0109048016409905,2025-07-22,-0.0047222807927361,2025-07-22,-0.0300000000000002,2025-07-22,1.0,1.0,1.0,1.0,1.0,Wednesday,0,Out_of_Sample,1,570,1,1
2025-07-24,0.0065785015217769,-0.0149823279857618,25.008606976703557,24.92209960339976,0.0463329921725789,-0.0376050585818033,24.421549937262647,24.443722175821293,0.0006979892220817,0.0077815261467118,0.0200000000000013,-1.1300000000000008,-0.0068292226579931,-0.0132002130924936,0.001675309116288,-0.0018293377351099,0.0299999999999993,0.0500000000000007,0.0077815261467118,2025-07-23,-1.1300000000000008,2025-07-23,-0.0132002130924936,2025-07-23,-0.0018293377351099,2025-07-23,0.0500000000000007,2025-07-23,1.0,1.0,1.0,1.0,1.0,Thursday,0,Out_of_Sample,1,571,1,1
2025-07-25,-0.0139685574206617,0.0065785015217769,25.375863588416426,25.008606976703557,-0.014335068485566,0.0463329921725789,24.46721355373461,24.421549937262647,0.0039664449480632,0.0006979892220817,-0.4600000000000008,0.0200000000000013,-0.0110366519233214,-0.0068292226579931,0.0027484096019988,0.001675309116288,-0.0299999999999993,0.0299999999999993,0.0006979892220817,2025-07-24,0.0200000000000013,2025-07-24,-0.0068292226579931,2025-07-24,0.001675309116288,2025-07-24,0.0299999999999993,2025-07-24,1.0,1.0,1.0,1.0,1.0,Friday,0,Out_of_Sample,1,572,1,1
2025-07-26,0.0076741688479365,-0.0139685574206617,24.60501423735492,25.375863588416426,0.0161916575707868,-0.014335068485566,23.927445697619586,24.46721355373461,,,,,,,,,,,0.0039664449480632,2025-07-25,-0.4600000000000008,2025-07-25,-0.0110366519233214,2025-07-25,0.0027484096019988,2025-07-25,-0.0299999999999993,2025-07-25,1.0,1.0,1.0,1.0,1.0,Saturday,1,Out_of_Sample,1,573,1,1
2025-07-27,0.0066551631999904,0.0076741688479365,24.72482586026639,24.60501423735492,0.0204701459981487,0.0161916575707868,24.08701920651214,23.927445697619586,,,,,,,,,,,0.0039664449480632,2025-07-25,-0.4600000000000008,2025-07-25,-0.0110366519233214,2025-07-25,0.0027484096019988,2025-07-25,-0.0299999999999993,2025-07-25,2.0,2.0,2.0,2.0,2.0,Sunday,1,Out_of_Sample,1,574,1,1
2025-07-28,-0.0063514812381396,0.0066551631999904,24.894925439259985,24.72482586026639,-0.0091015622784621,0.0204701459981487,24.302088658916,24.08701920651214,0.0001768608149128,0.0039664449480632,0.0999999999999996,-0.4600000000000008,-0.0074965057238816,-0.0110366519233214,0.0100775770206826,0.0027484096019988,0.0199999999999995,-0.0299999999999993,0.0039664449480632,2025-07-25,-0.4600000000000008,2025-07-25,-0.0110366519233214,2025-07-25,0.0027484096019988,2025-07-25,-0.0299999999999993,2025-07-25,3.0,3.0,3.0,3.0,3.0,Monday,0,Out_of_Sample,1,575,1,1
2025-07-29,-0.0052862858916685,-0.0063514812381396,24.94956085950913,24.894925439259985,-0.0069746110296181,-0.0091015622784621,24.293936927324175,24.302088658916,-0.0029638056808081,0.0001768608149128,0.9500000000000012,0.0999999999999996,0.0043120472958143,-0.0074965057238816,0.0025516417246696,0.0100775770206826,-0.08,0.0199999999999995,0.0001768608149128,2025-07-28,0.0999999999999996,2025-07-28,-0.0074965057238816,2025-07-28,0.0100775770206826,2025-07-28,0.0199999999999995,2025-07-28,1.0,1.0,1.0,1.0,1.0,Tuesday,0,Out_of_Sample,1,576,1,1
2025-07-30,-0.0024283896908552,-0.0052862858916685,24.95586611488405,24.94956085950913,0.0019484645419917,-0.0069746110296181,24.261104186675656,24.293936927324175,-0.0012502200507663,-0.0029638056808081,-0.5,0.9500000000000012,-0.0083393804907852,0.0043120472958143,0.009350801144519,0.0025516417246696,0.04,-0.08,-0.0029638056808081,2025-07-29,0.9500000000000012,2025-07-29,0.0043120472958143,2025-07-29,0.0025516417246696,2025-07-29,-0.08,2025-07-29,1.0,1.0,1.0,1.0,1.0,Wednesday,0,Out_of_Sample,1,577,1,1
2025-07-31,-0.0054670400732005,-0.0024283896908552,24.962725322337523,24.95586611488405,-0.009151364030403,0.0019484645419917,24.21490823248093,24.261104186675656,-0.0037016989606789,-0.0012502200507663,1.2399999999999984,-0.5,-0.0007892237945701,-0.0083393804907852,0.0015316621525491,0.009350801144519,-0.0099999999999997,0.04,-0.0012502200507663,2025-07-30,-0.5,2025-07-30,-0.0083393804907852,2025-07-30,0.009350801144519,2025-07-30,0.04,2025-07-30,1.0,1.0,1.0,1.0,1.0,Thursday,0,Out_of_Sample,1,578,1,1
2025-08-01,-0.0226562408043459,-0.0054670400732005,25.23735671235833,24.962725322337523,-0.0540581513564807,-0.009151364030403,24.55757717671031,24.21490823248093,-0.0161213280469444,-0.0037016989606789,3.66,1.2399999999999984,0.0164138066768746,-0.0007892237945701,-0.0083070554895933,0.0015316621525491,-0.1399999999999996,-0.0099999999999997,-0.0037016989606789,2025-07-31,1.2399999999999984,2025-07-31,-0.0007892237945701,2025-07-31,0.0015316621525491,2025-07-31,-0.0099999999999997,2025-07-31,1.0,1.0,1.0,1.0,1.0,Friday,0,Out_of_Sample,1,579,1,1
2025-08-02,-0.0099705658641667,-0.0226562408043459,24.764049025861507,25.23735671235833,-0.0336203533834011,-0.0540581513564807,24.12995031300056,24.55757717671031,,,,,,,,,,,-0.0161213280469444,2025-08-01,3.66,2025-08-01,0.0164138066768746,2025-08-01,-0.0083070554895933,2025-08-01,-0.1399999999999996,2025-08-01,1.0,1.0,1.0,1.0,1.0,Saturday,1,Out_of_Sample,1,580,1,1
2025-08-03,0.0147467582909126,-0.0099705658641667,24.596540027040785,24.764049025861507,0.0208776695316804,-0.0336203533834011,23.6866605350898,24.12995031300056,,,,,,,,,,,-0.0161213280469444,2025-08-01,3.66,2025-08-01,0.0164138066768746,2025-08-01,-0.0083070554895933,2025-08-01,-0.1399999999999996,2025-08-01,2.0,2.0,2.0,2.0,2.0,Sunday,1,Out_of_Sample,1,581,1,1
2025-08-04,0.0035308644687604,0.0147467582909126,24.300739567285135,24.596540027040785,0.0574731041586664,0.0208776695316804,24.1542080766151,23.6866605350898,0.0146295361759399,-0.0161213280469444,-2.859999999999999,3.66,0.0079439735099882,0.0164138066768746,-0.0036074309678238,-0.0083070554895933,-0.0100000000000006,-0.1399999999999996,-0.0161213280469444,2025-08-01,3.66,2025-08-01,0.0164138066768746,2025-08-01,-0.0083070554895933,2025-08-01,-0.1399999999999996,2025-08-01,3.0,3.0,3.0,3.0,3.0,Monday,0,Out_of_Sample,1,582,1,1
2025-08-05,-0.0105267881757121,0.0035308644687604,24.83478182746984,24.300739567285135,-0.0344997782592543,0.0574731041586664,24.213046041496735,24.1542080766151,-0.0048697037352752,0.0146295361759399,0.3300000000000018,-2.859999999999999,0.0022201510582657,0.0079439735099882,-2.024639867260256e-05,-0.0036074309678238,0.0,-0.0100000000000006,0.0146295361759399,2025-08-04,-2.859999999999999,2025-08-04,0.0079439735099882,2025-08-04,-0.0036074309678238,2025-08-04,-0.0100000000000006,2025-08-04,1.0,1.0,1.0,1.0,1.0,Tuesday,0,Out_of_Sample,1,583,1,1
2025-08-06,0.0127947917857058,-0.0105267881757121,24.755364953766495,24.83478182746984,0.0277748908483051,-0.0344997782592543,24.016299361071923,24.213046041496735,0.0072555036835153,-0.0048697037352752,-1.0800000000000018,0.3300000000000018,-0.0005619433653809,0.0022201510582657,-0.0061434298794271,-2.024639867260256e-05,0.0,0.0,-0.0048697037352752,2025-08-05,0.3300000000000018,2025-08-05,0.0022201510582657,2025-08-05,-2.024639867260256e-05,2025-08-05,0.0,2025-08-05,1.0,1.0,1.0,1.0,1.0,Wednesday,0,Out_of_Sample,1,584,1,1
2025-08-07,0.0182829175596594,0.0127947917857058,24.882955621101107,24.755364953766495,0.052344174072652,0.0277748908483051,24.377238736245047,24.016299361071923,-0.0007977889372817,0.0072555036835153,-0.1999999999999993,-1.0800000000000018,0.0059879678887474,-0.0005619433653809,0.0022688320165586,-0.0061434298794271,0.0100000000000006,0.0,0.0072555036835153,2025-08-06,-1.0800000000000018,2025-08-06,-0.0005619433653809,2025-08-06,-0.0061434298794271,2025-08-06,0.0,2025-08-06,1.0,1.0,1.0,1.0,1.0,Thursday,0,Out_of_Sample,1,585,1,1
2025-08-08,-0.0030020843907562,0.0182829175596594,24.8128156755974,24.882955621101107,0.046197456997032,0.052344174072652,24.54010512019813,24.377238736245047,0.0077694242484223,-0.0007977889372817,-1.42,-0.1999999999999993,0.0113461602599774,0.0059879678887474,-0.0022382754283012,0.0022688320165586,0.0399999999999991,0.0100000000000006,-0.0007977889372817,2025-08-07,-0.1999999999999993,2025-08-07,0.0059879678887474,2025-08-07,0.0022688320165586,2025-08-07,0.0100000000000006,2025-08-07,1.0,1.0,1.0,1.0,1.0,Friday,0,Out_of_Sample,1,586,1,1
2025-08-09,-0.0007826231538579,-0.0030020843907562,24.712329740118356,24.8128156755974,0.0555705838343741,0.046197456997032,24.536124993127288,24.54010512019813,,,,,,,,,,,0.0077694242484223,2025-08-08,-1.42,2025-08-08,0.0113461602599774,2025-08-08,-0.0022382754283012,2025-08-08,0.0399999999999991,2025-08-08,1.0,1.0,1.0,1.0,1.0,Saturday,1,Out_of_Sample,1,587,1,1
2025-08-10,0.0134174063966469,-0.0007826231538579,24.893883838127103,24.712329740118356,-0.016344373035649,0.0555705838343741,24.311604568378005,24.536124993127288,,,,,,,,,,,0.0077694242484223,2025-08-08,-1.42,2025-08-08,0.0113461602599774,2025-08-08,-0.0022382754283012,2025-08-08,0.0399999999999991,2025-08-08,2.0,2.0,2.0,2.0,2.0,Sunday,1,Out_of_Sample,1,588,1,1
2025-08-11,0.0041262019731332,0.0134174063966469,25.22893369428724,24.893883838127103,0.0067214362815383,-0.016344373035649,24.635085897842707,24.311604568378005,-0.0025072684706233,0.0077694242484223,1.0999999999999996,-1.42,-0.0253245174419455,0.0113461602599774,0.0034570446224306,-0.0022382754283012,0.0,0.0399999999999991,0.0077694242484223,2025-08-08,-1.42,2025-08-08,0.0113461602599774,2025-08-08,-0.0022382754283012,2025-08-08,0.0399999999999991,2025-08-08,3.0,3.0,3.0,3.0,3.0,Monday,0,Out_of_Sample,1,589,1,1
2025-08-12,0.0109588801540587,0.0041262019731332,25.01103203791968,25.22893369428724,0.083784026745939,0.0067214362815383,24.77046968204306,24.635085897842707,0.0112816260809886,-0.0025072684706233,-1.5199999999999996,1.0999999999999996,-0.0012534156557426,-0.0253245174419455,-0.0043027881883847,0.0034570446224306,0.0200000000000004,0.0,-0.0025072684706233,2025-08-11,1.0999999999999996,2025-08-11,-0.0253245174419455,2025-08-11,0.0034570446224306,2025-08-11,0.0,2025-08-11,1.0,1.0,1.0,1.0,1.0,Tuesday,0,Out_of_Sample,1,590,1,1
2025-08-13,0.0226457693243965,0.0109588801540587,25.233078738765784,25.01103203791968,0.0212330113738598,0.083784026745939,24.859232307944037,24.77046968204306,0.0032248249415864,0.0112816260809886,-0.2400000000000002,-1.5199999999999996,0.0029220752624799,-0.0012534156557426,-0.0026232936850354,-0.0043027881883847,-0.0499999999999998,0.0200000000000004,0.0112816260809886,2025-08-12,-1.5199999999999996,2025-08-12,-0.0012534156557426,2025-08-12,-0.0043027881883847,2025-08-12,0.0200000000000004,2025-08-12,1.0,1.0,1.0,1.0,1.0,Wednesday,0,Out_of_Sample,1,591,1,1
2025-08-14,-0.0414110409253692,0.0226457693243965,25.368191471889183,25.233078738765784,-0.0393957696391154,0.0212330113738598,25.04980133658943,24.859232307944037,0.0003030509210584,0.0032248249415864,0.3399999999999998,-0.2400000000000002,-0.0070213468642332,0.0029220752624799,0.0042224710099171,-0.0026232936850354,0.0499999999999998,-0.0499999999999998,0.0032248249415864,2025-08-13,-0.2400000000000002,2025-08-13,0.0029220752624799,2025-08-13,-0.0026232936850354,2025-08-13,-0.0499999999999998,2025-08-13,1.0,1.0,1.0,1.0,1.0,Thursday,0,Out_of_Sample,1,592,1,1
2025-08-15,-0.0047878356172207,-0.0414110409253692,24.952510588132498,25.368191471889183,-0.0239882030718733,-0.0393957696391154,24.738670285792193,25.04980133658943,-0.0029013035955741,0.0003030509210584,0.2599999999999998,0.3399999999999998,0.0002398515522892,-0.0070213468642332,-0.0040998293074965,0.0042224710099171,0.04,0.0499999999999998,0.0003030509210584,2025-08-14,0.3399999999999998,2025-08-14,-0.0070213468642332,2025-08-14,0.0042224710099171,2025-08-14,0.0499999999999998,2025-08-14,1.0,1.0,1.0,1.0,1.0,Friday,0,Out_of_Sample,1,593,1,1
2025-08-16,0.0030707730153419,-0.0047878356172207,24.595235768367473,24.952510588132498,0.0014056274784928,-0.0239882030718733,24.01229929788918,24.738670285792193,,,,,,,,,,,-0.0029013035955741,2025-08-15,0.2599999999999998,2025-08-15,0.0002398515522892,2025-08-15,-0.0040998293074965,2025-08-15,0.04,2025-08-15,1.0,1.0,1.0,1.0,1.0,Saturday,1,Out_of_Sample,1,594,1,1
2025-08-17,-0.0002484480820208,0.0030707730153419,24.548688352413834,24.595235768367473,0.0079318442512687,0.0014056274784928,24.168419542000112,24.01229929788918,,,,,,,,,,,-0.0029013035955741,2025-08-15,0.2599999999999998,2025-08-15,0.0002398515522892,2025-08-15,-0.0040998293074965,2025-08-15,0.04,2025-08-15,2.0,2.0,2.0,2.0,2.0,Sunday,1,Out_of_Sample,1,595,1,1
2025-08-18,-0.0106411956555805,-0.0002484480820208,25.01081430683296,24.548688352413834,-0.0297541409837481,0.0079318442512687,24.70329179343859,24.168419542000112,-0.0001007833971836,-0.0029013035955741,-0.0999999999999996,0.2599999999999998,-0.0012898149154139,0.0002398515522892,0.0032139769221678,-0.0040998293074965,0.0099999999999997,0.04,-0.0029013035955741,2025-08-15,0.2599999999999998,2025-08-15,0.0002398515522892,2025-08-15,-0.0040998293074965,2025-08-15,0.04,2025-08-15,3.0,3.0,3.0,3.0,3.0,Monday,0,Out_of_Sample,1,596,1,1
2025-08-19,-0.0251661332916949,-0.0106411956555805,24.99516506170099,25.01081430683296,-0.0425463893626042,-0.0297541409837481,24.6440576260103,24.70329179343859,-0.0058753625327812,-0.0001007833971836,0.5800000000000001,-0.0999999999999996,-0.005507846531911,-0.0012898149154139,0.0009978008484439,0.0032139769221678,-0.04,0.0099999999999997,-0.0001007833971836,2025-08-18,-0.0999999999999996,2025-08-18,-0.0012898149154139,2025-08-18,0.0032139769221678,2025-08-18,0.0099999999999997,2025-08-18,1.0,1.0,1.0,1.0,1.0,Tuesday,0,Out_of_Sample,1,597,1,1
2025-08-20,0.0073322869121233,-0.0251661332916949,24.942682531010544,24.99516506170099,0.0470344547993848,-0.0425463893626042,24.626810259861298,24.6440576260103,-0.0024345787627045,-0.0058753625327812,0.1199999999999992,0.5800000000000001,0.0090134010285528,-0.005507846531911,-0.0004784128998074,0.0009978008484439,-0.0099999999999997,-0.04,-0.0058753625327812,2025-08-19,0.5800000000000001,2025-08-19,-0.005507846531911,2025-08-19,0.0009978008484439,2025-08-19,-0.04,2025-08-19,1.0,1.0,1.0,1.0,1.0,Wednesday,0,Out_of_Sample,1,598,1,1
2025-08-21,-0.0174781289922836,0.0073322869121233,24.780563971342794,24.942682531010544,-0.0270564529224524,0.0470344547993848,24.23833818152402,24.626810259861298,-0.0040122410562429,-0.0024345787627045,0.910000000000002,0.1199999999999992,-0.0019460210593331,0.0090134010285528,0.0040744428613803,-0.0004784128998074,0.04,-0.0099999999999997,-0.0024345787627045,2025-08-20,0.1199999999999992,2025-08-20,0.0090134010285528,2025-08-20,-0.0004784128998074,2025-08-20,-0.0099999999999997,2025-08-20,1.0,1.0,1.0,1.0,1.0,Thursday,0,Out_of_Sample,1,599,1,1
2025-08-22,0.0398852492041319,-0.0174781289922836,25.136404535857647,24.780563971342794,0.1322306733899645,-0.0270564529224524,25.053545410282933,24.23833818152402,0.0150722487331235,-0.0040122410562429,-2.380000000000001,0.910000000000002,0.0111752987836475,-0.0019460210593331,-0.0091986285405276,0.0040744428613803,-0.0700000000000002,0.04,-0.0040122410562429,2025-08-21,0.910000000000002,2025-08-21,-0.0019460210593331,2025-08-21,0.0040744428613803,2025-08-21,0.04,2025-08-21,1.0,1.0,1.0,1.0,1.0,Friday,0,Out_of_Sample,1,600,1,1
2025-08-23,-0.0146090215905401,0.0398852492041319,24.73743275686115,25.136404535857647,-0.0187812843954686,0.1322306733899645,24.320677360498536,25.053545410282933,,,,,,,,,,,0.0150722487331235,2025-08-22,-2.380000000000001,2025-08-22,0.0111752987836475,2025-08-22,-0.0091986285405276,2025-08-22,-0.0700000000000002,2025-08-22,1.0,1.0,1.0,1.0,1.0,Saturday,1,Out_of_Sample,1,601,1,1
2025-08-24,-0.0223854764884295,-0.0146090215905401,25.026810384311723,24.73743275686115,0.007569512976725,-0.0187812843954686,24.682267917473713,24.320677360498536,,,,,,,,,,,0.0150722487331235,2025-08-22,-2.380000000000001,2025-08-22,0.0111752987836475,2025-08-22,-0.0091986285405276,2025-08-22,-0.0700000000000002,2025-08-22,2.0,2.0,2.0,2.0,2.0,Sunday,1,Out_of_Sample,1,602,1,1
2025-08-25,-0.02776708289201,-0.0223854764884295,25.174198708237885,25.026810384311723,-0.0941322240514131,0.007569512976725,24.8811509779178,24.682267917473713,-0.0042754610800767,0.0150722487331235,0.5699999999999985,-2.380000000000001,-0.0001777817852302,0.0111752987836475,0.0072803233681255,-0.0091986285405276,0.0200000000000004,-0.0700000000000002,0.0150722487331235,2025-08-22,-2.380000000000001,2025-08-22,0.0111752987836475,2025-08-22,-0.0091986285405276,2025-08-22,-0.0700000000000002,2025-08-22,3.0,3.0,3.0,3.0,3.0,Monday,0,Out_of_Sample,1,603,1,1
2025-08-26,0.0155612444287711,-0.02776708289201,24.96309968168461,25.174198708237885,0.0517865945024247,-0.0941322240514131,24.709092082642233,24.8811509779178,0.0041254554739158,-0.0042754610800767,-0.1699999999999999,0.5699999999999985,0.0043771655441112,-0.0001777817852302,-0.0020848701965966,0.0072803233681255,-0.0200000000000004,0.0200000000000004,-0.0042754610800767,2025-08-25,0.5699999999999985,2025-08-25,-0.0001777817852302,2025-08-25,0.0072803233681255,2025-08-25,0.0200000000000004,2025-08-25,1.0,1.0,1.0,1.0,1.0,Tuesday,0,Out_of_Sample,1,604,1,1
2025-08-27,0.0093628495962423,0.0155612444287711,24.852608369480325,24.96309968168461,0.001230182516068,0.0517865945024247,24.496254388721297,24.709092082642233,0.0023881364585491,0.0041254554739158,0.2300000000000004,-0.1699999999999999,0.0047106015210283,0.0043771655441112,7.126241368808822e-05,-0.0020848701965966,-0.0199999999999995,-0.0200000000000004,0.0041254554739158,2025-08-26,-0.1699999999999999,2025-08-26,0.0043771655441112,2025-08-26,-0.0020848701965966,2025-08-26,-0.0200000000000004,2025-08-26,1.0,1.0,1.0,1.0,1.0,Wednesday,0,Out_of_Sample,1,605,1,1
2025-08-28,-0.0041521297080581,0.0093628495962423,24.79843022945941,24.852608369480325,-0.0301027699595744,0.001230182516068,24.308041598547103,24.496254388721297,0.0031517534019497,0.0023881364585491,-0.4199999999999999,0.2300000000000004,0.00795743201557,0.0047106015210283,-0.0042745353157181,7.126241368808822e-05,-0.0200000000000004,-0.0199999999999995,0.0023881364585491,2025-08-27,0.2300000000000004,2025-08-27,0.0047106015210283,2025-08-27,7.126241368808822e-05,2025-08-27,-0.0199999999999995,2025-08-27,1.0,1.0,1.0,1.0,1.0,Thursday,0,Out_of_Sample,1,606,1,1
2025-08-29,-0.0378056402747722,-0.0041521297080581,25.077964691713085,24.79843022945941,-0.0311713194020282,-0.0301027699595744,24.571283341012705,24.308041598547103,-0.0064187251509291,0.0031517534019497,0.9299999999999996,-0.4199999999999999,0.0121353751501606,0.00795743201557,-0.0004294829908949,-0.0042745353157181,0.0100000000000006,-0.0200000000000004,0.0031517534019497,2025-08-28,-0.4199999999999999,2025-08-28,0.00795743201557,2025-08-28,-0.0042745353157181,2025-08-28,-0.0200000000000004,2025-08-28,1.0,1.0,1.0,1.0,1.0,Friday,0,Out_of_Sample,1,607,1,1
2025-08-30,0.0081788890453727,-0.0378056402747722,24.664580894633723,25.077964691713085,0.0050882474598245,-0.0311713194020282,23.976856557385787,24.571283341012705,,,,,,,,,,,-0.0064187251509291,2025-08-29,0.9299999999999996,2025-08-29,0.0121353751501606,2025-08-29,-0.0004294829908949,2025-08-29,0.0100000000000006,2025-08-29,1.0,1.0,1.0,1.0,1.0,Saturday,1,Out_of_Sample,1,608,1,1
2025-08-31,0.0038214812130325,0.0081788890453727,24.5941791350106,24.664580894633723,0.0254751766878344,0.0050882474598245,24.007294181316603,23.976856557385787,,,,,,,,,,,-0.0064187251509291,2025-08-29,0.9299999999999996,2025-08-29,0.0121353751501606,2025-08-29,-0.0004294829908949,2025-08-29,0.0100000000000006,2025-08-29,2.0,2.0,2.0,2.0,2.0,Sunday,1,Out_of_Sample,1,609,1,1
2025-09-01,-0.0023016625412189,0.0038214812130325,24.92602185090911,24.5941791350106,-0.0383670729181826,0.0254751766878344,24.348426340862744,24.007294181316603,,,0.7600000000000016,0.9299999999999996,,,0.0,-0.0004294829908949,,,-0.0064187251509291,2025-08-29,0.9299999999999996,2025-08-29,0.0121353751501606,2025-08-29,-0.0004294829908949,2025-08-29,0.0100000000000006,2025-08-29,3.0,3.0,3.0,3.0,3.0,Monday,0,Out_of_Sample,1,610,1,1
2025-09-02,0.0231759195427326,-0.0023016625412189,25.037776181205217,24.92602185090911,0.0058468482665485,-0.0383670729181826,24.4092584364525,24.348426340862744,-0.006946392429262,-0.0064187251509291,1.0500000000000007,0.7600000000000016,0.0215582533571917,0.0121353751501606,0.0063823062369688,0.0,0.0499999999999998,0.0100000000000006,-0.0064187251509291,2025-08-29,0.7600000000000016,2025-09-01,0.0121353751501606,2025-08-29,0.0,2025-09-01,0.0100000000000006,2025-08-29,4.0,1.0,4.0,1.0,4.0,Tuesday,0,Out_of_Sample,1,611,1,1
2025-09-03,0.007593523430252,0.0231759195427326,24.836099150063195,25.037776181205217,0.0348846760745277,0.0058468482665485,24.286039786638216,24.4092584364525,0.005087154738688,-0.006946392429262,-0.8200000000000003,1.0500000000000007,0.012264609179004,0.0215582533571917,-0.0025949062841235,0.0063823062369688,-0.0600000000000005,0.0499999999999998,-0.006946392429262,2025-09-02,1.0500000000000007,2025-09-02,0.0215582533571917,2025-09-02,0.0063823062369688,2025-09-02,0.0499999999999998,2025-09-02,1.0,1.0,1.0,1.0,1.0,Wednesday,0,Out_of_Sample,1,612,1,1
2025-09-04,-0.0166477058203542,0.007593523430252,24.81979356268187,24.836099150063195,-0.0363344811847438,0.0348846760745277,24.276319799058104,24.286039786638216,0.0083117987404724,0.005087154738688,-1.0500000000000007,-0.8200000000000003,-0.0076547104718895,0.012264609179004,0.0020866315608644,-0.0025949062841235,-0.0499999999999998,-0.0600000000000005,0.005087154738688,2025-09-03,-0.8200000000000003,2025-09-03,0.012264609179004,2025-09-03,-0.0025949062841235,2025-09-03,-0.0600000000000005,2025-09-03,1.0,1.0,1.0,1.0,1.0,Thursday,0,Out_of_Sample,1,613,1,1
2025-09-05,0.0112163961830805,-0.0166477058203542,24.821629771939826,24.81979356268187,0.0072626663627668,-0.0363344811847438,24.511169852092703,24.276319799058104,-0.0031701606545509,0.0083117987404724,-0.120000000000001,-1.0500000000000007,0.0132053464677451,-0.0076547104718895,-0.0059047159296087,0.0020866315608644,-0.0700000000000002,-0.0499999999999998,0.0083117987404724,2025-09-04,-1.0500000000000007,2025-09-04,-0.0076547104718895,2025-09-04,0.0020866315608644,2025-09-04,-0.0499999999999998,2025-09-04,1.0,1.0,1.0,1.0,1.0,Friday,0,Out_of_Sample,1,614,1,1
2025-09-06,-0.0133821039113165,0.0112163961830805,23.79135221505569,24.821629771939826,-0.0138421354447119,0.0072626663627668,23.619633276213243,24.511169852092703,,,,,,,,,,,-0.0031701606545509,2025-09-05,-0.120000000000001,2025-09-05,0.0132053464677451,2025-09-05,-0.0059047159296087,2025-09-05,-0.0700000000000002,2025-09-05,1.0,1.0,1.0,1.0,1.0,Saturday,1,Out_of_Sample,1,615,1,1
2025-09-07,0.0106253745650014,-0.0133821039113165,23.926744025102018,23.79135221505569,0.0047136690176971,-0.0138421354447119,23.581274143362258,23.619633276213243,,,,,,,,,,,-0.0031701606545509,2025-09-05,-0.120000000000001,2025-09-05,0.0132053464677451,2025-09-05,-0.0059047159296087,2025-09-05,-0.0700000000000002,2025-09-05,2.0,2.0,2.0,2.0,2.0,Sunday,1,Out_of_Sample,1,616,1,1
2025-09-08,0.0056887305348703,0.0106253745650014,24.417451523251778,23.926744025102018,-0.000595557992613,0.0047136690176971,24.19762515034523,23.581274143362258,0.0021037794861457,-0.0031701606545509,-0.0700000000000002,-0.120000000000001,0.0068678014116357,0.0132053464677451,-0.0032168533339115,-0.0059047159296087,-0.0499999999999998,-0.0700000000000002,-0.0031701606545509,2025-09-05,-0.120000000000001,2025-09-05,0.0132053464677451,2025-09-05,-0.0059047159296087,2025-09-05,-0.0700000000000002,2025-09-05,3.0,3.0,3.0,3.0,3.0,Monday,0,Out_of_Sample,1,617,1,1
2025-09-09,-0.0043624192418514,0.0056887305348703,24.551569800902858,24.417451523251778,0.0013743660836907,-0.000595557992613,24.147636659142005,24.19762515034523,0.002684552987744,0.0021037794861457,-0.0700000000000002,-0.0700000000000002,0.0014282835584511,0.0068678014116357,0.003421398324295,-0.0032168533339115,0.0300000000000002,-0.0499999999999998,0.0021037794861457,2025-09-08,-0.0700000000000002,2025-09-08,0.0068678014116357,2025-09-08,-0.0032168533339115,2025-09-08,-0.0499999999999998,2025-09-08,1.0,1.0,1.0,1.0,1.0,Tuesday,0,Out_of_Sample,1,618,1,1
2025-09-10,0.0188760116566982,-0.0043624192418514,24.755335514675696,24.551569800902858,0.0063703778431359,0.0013743660836907,24.400107252397493,24.147636659142005,0.0029790012563325,0.002684552987744,0.3100000000000005,-0.0700000000000002,8.235294082891736e-05,0.0014282835584511,-8.18129755835116e-05,0.003421398324295,-0.04,0.0300000000000002,0.002684552987744,2025-09-09,-0.0700000000000002,2025-09-09,0.0014282835584511,2025-09-09,0.003421398324295,2025-09-09,0.0300000000000002,2025-09-09,1.0,1.0,1.0,1.0,1.0,Wednesday,0,Out_of_Sample,1,619,1,1
2025-09-11,0.0070273607405556,0.0188760116566982,24.5450372834496,24.755335514675696,0.0201913924764079,0.0063703778431359,24.305651160631804,24.400107252397493,0.0084500609892315,0.0029790012563325,-0.6399999999999988,0.3100000000000005,-0.001840587103648,8.235294082891736e-05,-0.0025497809637314,-8.18129755835116e-05,-0.0300000000000002,-0.04,0.0029790012563325,2025-09-10,0.3100000000000005,2025-09-10,8.235294082891736e-05,2025-09-10,-8.18129755835116e-05,2025-09-10,-0.04,2025-09-10,1.0,1.0,1.0,1.0,1.0,Thursday,0,Out_of_Sample,1,620,1,1
2025-09-12,0.015689928153922,0.0070273607405556,24.726695520583657,24.5450372834496,0.0559355309487482,0.0201913924764079,24.50380685972549,24.305651160631804,-0.0004828512001105,0.0084500609892315,0.0499999999999989,-0.6399999999999988,0.0034311001737597,-0.001840587103648,0.0001947908823521,-0.0025497809637314,0.0499999999999998,-0.0300000000000002,0.0084500609892315,2025-09-11,-0.6399999999999988,2025-09-11,-0.001840587103648,2025-09-11,-0.0025497809637314,2025-09-11,-0.0300000000000002,2025-09-11,1.0,1.0,1.0,1.0,1.0,Friday,0,Out_of_Sample,1,621,1,1
2025-09-13,-0.0024523977812159,0.015689928153922,24.26565761126141,24.726695520583657,-0.0030325166641057,0.0559355309487482,24.27414237253397,24.50380685972549,,,,,,,,,,,-0.0004828512001105,2025-09-12,0.0499999999999989,2025-09-12,0.0034311001737597,2025-09-12,0.0001947908823521,2025-09-12,0.0499999999999998,2025-09-12,1.0,1.0,1.0,1.0,1.0,Saturday,1,Out_of_Sample,1,622,1,1
2025-09-14,-0.0008242276977695,-0.0024523977812159,24.213634474232876,24.26565761126141,-0.0085294752042645,-0.0030325166641057,24.069449336850315,24.27414237253397,,,,,,,,,,,-0.0004828512001105,2025-09-12,0.0499999999999989,2025-09-12,0.0034311001737597,2025-09-12,0.0001947908823521,2025-09-12,0.0499999999999998,2025-09-12,2.0,2.0,2.0,2.0,2.0,Sunday,1,Out_of_Sample,1,623,1,1
2025-09-15,-0.0038201676241366,-0.0008242276977695,24.692384598776012,24.213634474232876,-0.0233600628658587,-0.0085294752042645,24.417731210945146,24.069449336850315,0.0046956161361366,-0.0004828512001105,0.9299999999999996,0.0499999999999989,0.0089476426196229,0.0034311001737597,-0.0025455231038278,0.0001947908823521,-0.0099999999999997,0.0499999999999998,-0.0004828512001105,2025-09-12,0.0499999999999989,2025-09-12,0.0034311001737597,2025-09-12,0.0001947908823521,2025-09-12,0.0499999999999998,2025-09-12,3.0,3.0,3.0,3.0,3.0,Monday,0,Out_of_Sample,1,624,1,1
2025-09-16,0.012897080812772,-0.0038201676241366,24.547151258936083,24.692384598776012,-0.0030782195503456,-0.0233600628658587,24.212519926260786,24.417731210945146,-0.0012887574351968,0.0046956161361366,0.6699999999999999,0.9299999999999996,0.001817897776495,0.0089476426196229,-0.0068992461770746,-0.0025455231038278,-0.0099999999999997,-0.0099999999999997,0.0046956161361366,2025-09-15,0.9299999999999996,2025-09-15,0.0089476426196229,2025-09-15,-0.0025455231038278,2025-09-15,-0.0099999999999997,2025-09-15,1.0,1.0,1.0,1.0,1.0,Tuesday,0,Out_of_Sample,1,625,1,1
2025-09-17,-0.0108647567851954,0.012897080812772,24.826372334324173,24.547151258936083,0.001059692788285,-0.0030782195503456,24.510199416822022,24.212519926260786,-0.0009706893488903,-0.0012887574351968,-0.6399999999999988,0.6699999999999999,-0.0019265078645296,0.001817897776495,0.0024805445108886,-0.0068992461770746,0.0199999999999995,-0.0099999999999997,-0.0012887574351968,2025-09-16,0.6699999999999999,2025-09-16,0.001817897776495,2025-09-16,-0.0068992461770746,2025-09-16,-0.0099999999999997,2025-09-16,1.0,1.0,1.0,1.0,1.0,Wednesday,0,Out_of_Sample,1,626,1,1
2025-09-18,0.0166929519042229,-0.0108647567851954,24.624374942484216,24.826372334324173,0.0224518851736306,0.001059692788285,24.2347294562512,24.510199416822022,0.0047777085223636,-0.0009706893488903,-0.0200000000000013,-0.6399999999999988,-0.0104021407974619,-0.0019265078645296,0.0048913448807385,0.0024805445108886,0.0500000000000007,0.0199999999999995,-0.0009706893488903,2025-09-17,-0.6399999999999988,2025-09-17,-0.0019265078645296,2025-09-17,0.0024805445108886,2025-09-17,0.0199999999999995,2025-09-17,1.0,1.0,1.0,1.0,1.0,Thursday,0,Out_of_Sample,1,627,1,1
2025-09-19,-0.0186742864156792,0.0166929519042229,24.382419679660178,24.624374942484216,-0.0316353170451494,0.0224518851736306,24.136148665488133,24.2347294562512,0.0048735385623532,0.0047777085223636,-0.25,-0.0200000000000013,0.0076006624146401,-0.0104021407974619,0.0030360243226756,0.0048913448807385,0.0299999999999993,0.0500000000000007,0.0047777085223636,2025-09-18,-0.0200000000000013,2025-09-18,-0.0104021407974619,2025-09-18,0.0048913448807385,2025-09-18,0.0500000000000007,2025-09-18,1.0,1.0,1.0,1.0,1.0,Friday,0,Out_of_Sample,1,628,1,1
2025-09-20,0.0037738391086901,-0.0186742864156792,23.852849122653662,24.382419679660178,0.0054528686618713,-0.0316353170451494,23.61677125324685,24.136148665488133,,,,,,,,,,,0.0048735385623532,2025-09-19,-0.25,2025-09-19,0.0076006624146401,2025-09-19,0.0030360243226756,2025-09-19,0.0299999999999993,2025-09-19,1.0,1.0,1.0,1.0,1.0,Saturday,1,Out_of_Sample,1,629,1,1
2025-09-21,-0.0036616886503941,0.0037738391086901,23.836596782185016,23.852849122653662,-0.0015345225918398,0.0054528686618713,23.684939967237312,23.61677125324685,,,,,,,,,,,0.0048735385623532,2025-09-19,-0.25,2025-09-19,0.0076006624146401,2025-09-19,0.0030360243226756,2025-09-19,0.0299999999999993,2025-09-19,2.0,2.0,2.0,2.0,2.0,Sunday,1,Out_of_Sample,1,630,1,1
2025-09-22,-0.0225206528402166,-0.0036616886503941,24.981487319551636,23.836596782185016,-0.0679245743120771,-0.0015345225918398,24.787517697244393,23.684939967237312,0.0044003301998515,0.0048735385623532,0.6500000000000021,-0.25,0.0186724487257796,0.0076006624146401,-0.0031079338810278,0.0030360243226756,0.0100000000000006,0.0299999999999993,0.0048735385623532,2025-09-19,-0.25,2025-09-19,0.0076006624146401,2025-09-19,0.0030360243226756,2025-09-19,0.0299999999999993,2025-09-19,3.0,3.0,3.0,3.0,3.0,Monday,0,Out_of_Sample,1,631,1,1
2025-09-23,-0.0073357729407807,-0.0225206528402166,24.577910826802736,24.981487319551636,-0.0018675570686672,-0.0679245743120771,24.203276737631477,24.787517697244393,-0.0055173400928317,0.0044003301998515,0.5399999999999991,0.6500000000000021,0.0106100063895063,0.0186724487257796,-0.000791346615126,-0.0031079338810278,-0.0300000000000002,0.0100000000000006,0.0044003301998515,2025-09-22,0.6500000000000021,2025-09-22,0.0186724487257796,2025-09-22,-0.0031079338810278,2025-09-22,0.0100000000000006,2025-09-22,1.0,1.0,1.0,1.0,1.0,Tuesday,0,Out_of_Sample,1,632,1,1
2025-09-24,0.0138934106339556,-0.0073357729407807,24.59539548081205,24.577910826802736,-0.0023099734464758,-0.0018675570686672,24.23595655357697,24.203276737631477,-0.0028507212670841,-0.0055173400928317,-0.4600000000000008,0.5399999999999991,-0.0129116489481057,0.0106100063895063,0.0062417888684881,-0.000791346615126,0.04,-0.0300000000000002,-0.0055173400928317,2025-09-23,0.5399999999999991,2025-09-23,0.0106100063895063,2025-09-23,-0.000791346615126,2025-09-23,-0.0300000000000002,2025-09-23,1.0,1.0,1.0,1.0,1.0,Wednesday,0,Out_of_Sample,1,633,1,1
2025-09-25,-0.0393282822798456,0.0138934106339556,25.047777948139657,24.59539548081205,-0.0691309953301054,-0.0023099734464758,24.9568373003332,24.23595655357697,-0.0050216489054652,-0.0028507212670841,0.5599999999999987,-0.4600000000000008,0.0012852605029404,-0.0129116489481057,0.0069237546608487,0.0062417888684881,0.0199999999999995,0.04,-0.0028507212670841,2025-09-24,-0.4600000000000008,2025-09-24,-0.0129116489481057,2025-09-24,0.0062417888684881,2025-09-24,0.04,2025-09-24,1.0,1.0,1.0,1.0,1.0,Thursday,0,Out_of_Sample,1,634,1,1
2025-09-26,0.0015094902458425,-0.0393282822798456,24.77918637702199,25.047777948139657,0.0316210378254285,-0.0691309953301054,24.591828126322124,24.9568373003332,0.0058844922610819,-0.0050216489054652,-1.4499999999999993,0.5599999999999987,0.0102234980960006,0.0012852605029404,-0.0040771770468217,0.0069237546608487,0.0200000000000004,0.0199999999999995,-0.0050216489054652,2025-09-25,0.5599999999999987,2025-09-25,0.0012852605029404,2025-09-25,0.0069237546608487,2025-09-25,0.0199999999999995,2025-09-25,1.0,1.0,1.0,1.0,1.0,Friday,0,Out_of_Sample,1,635,1,1
2025-09-27,0.0008967741770086,0.0015094902458425,23.99314054344698,24.77918637702199,-0.0013359089780409,0.0316210378254285,23.7379452629627,24.591828126322124,,,,,,,,,,,0.0058844922610819,2025-09-26,-1.4499999999999993,2025-09-26,0.0102234980960006,2025-09-26,-0.0040771770468217,2025-09-26,0.0200000000000004,2025-09-26,1.0,1.0,1.0,1.0,1.0,Saturday,1,Out_of_Sample,1,636,1,1
2025-09-28,0.0127754242732926,0.0008967741770086,24.23095454980343,23.99314054344698,0.0111285732722738,-0.0013359089780409,23.927284115230712,23.7379452629627,,,,,,,,,,,0.0058844922610819,2025-09-26,-1.4499999999999993,2025-09-26,0.0102234980960006,2025-09-26,-0.0040771770468217,2025-09-26,0.0200000000000004,2025-09-26,2.0,2.0,2.0,2.0,2.0,Sunday,1,Out_of_Sample,1,637,1,1
2025-09-29,0.0307312505198707,0.0127754242732926,24.81761285693216,24.23095454980343,0.0421435230239931,0.0111285732722738,24.375492456315396,23.927284115230712,0.0026321125222386,0.0058844922610819,0.8300000000000018,-1.4499999999999993,0.0120061087288185,0.0102234980960006,-0.002509462802811,-0.0040771770468217,-0.0499999999999998,0.0200000000000004,0.0058844922610819,2025-09-26,-1.4499999999999993,2025-09-26,0.0102234980960006,2025-09-26,-0.0040771770468217,2025-09-26,0.0200000000000004,2025-09-26,3.0,3.0,3.0,3.0,3.0,Monday,0,Out_of_Sample,1,638,1,1
2025-09-30,0.0024820015753068,0.0307312505198707,24.80057156346536,24.81761285693216,-0.0081748044430075,0.0421435230239931,24.352372816391505,24.375492456315396,0.0040825035896161,0.0026321125222386,0.1600000000000001,0.8300000000000018,0.0051947195431346,0.0120061087288185,-0.0013389140444929,-0.002509462802811,0.0099999999999997,-0.0499999999999998,0.0026321125222386,2025-09-29,0.8300000000000018,2025-09-29,0.0120061087288185,2025-09-29,-0.002509462802811,2025-09-29,-0.0499999999999998,2025-09-29,1.0,1.0,1.0,1.0,1.0,Tuesday,0,Out_of_Sample,1,639,1,1
2025-10-01,0.0254016005298061,0.0024820015753068,24.99056432937807,24.80057156346536,0.0330441155716006,-0.0081748044430075,24.55541552268573,24.352372816391505,0.0033941192284702,0.0040825035896161,0.009999999999998,0.1600000000000001,0.0069276125174816,0.0051947195431346,-0.0007059509913046,-0.0013389140444929,-0.04,0.0099999999999997,0.0040825035896161,2025-09-30,0.1600000000000001,2025-09-30,0.0051947195431346,2025-09-30,-0.0013389140444929,2025-09-30,0.0099999999999997,2025-09-30,1.0,1.0,1.0,1.0,1.0,Wednesday,0,Out_of_Sample,1,640,1,1
2025-10-02,0.0262898622865122,0.0254016005298061,24.991776063462456,24.99056432937807,0.0355238266291595,0.0330441155716006,24.59600870146188,24.55541552268573,0.0006181781816116,0.0033941192284702,0.3399999999999998,0.009999999999998,-0.0072140776340165,0.0069276125174816,0.0014318444599773,-0.0007059509913046,-0.0200000000000004,-0.04,0.0033941192284702,2025-10-01,0.009999999999998,2025-10-01,0.0069276125174816,2025-10-01,-0.0007059509913046,2025-10-01,-0.04,2025-10-01,1.0,1.0,1.0,1.0,1.0,Thursday,0,Out_of_Sample,1,641,1,1
2025-10-03,0.0149945258714193,0.0262898622865122,25.153384680704303,24.991776063462456,0.0098682716118382,0.0355238266291595,24.627326229346743,24.59600870146188,6.55193825925374e-05,0.0006181781816116,0.0199999999999995,0.3399999999999998,0.0106471046997761,-0.0072140776340165,-0.0012578682328782,0.0014318444599773,0.0300000000000002,-0.0200000000000004,0.0006181781816116,2025-10-02,0.3399999999999998,2025-10-02,-0.0072140776340165,2025-10-02,0.0014318444599773,2025-10-02,-0.0200000000000004,2025-10-02,1.0,1.0,1.0,1.0,1.0,Friday,0,Out_of_Sample,1,642,1,1
2025-10-04,-0.0046564251940685,0.0149945258714193,24.327925606441568,25.153384680704303,-0.0127775153548552,0.0098682716118382,23.806655022437507,24.627326229346743,,,,,,,,,,,6.55193825925374e-05,2025-10-03,0.0199999999999995,2025-10-03,0.0106471046997761,2025-10-03,-0.0012578682328782,2025-10-03,0.0300000000000002,2025-10-03,1.0,1.0,1.0,1.0,1.0,Saturday,1,Out_of_Sample,1,643,1,1
2025-10-05,0.0065556536899978,-0.0046564251940685,25.023123683479177,24.327925606441568,0.0045662891771205,-0.0127775153548552,24.527276064220494,23.806655022437507,,,,,,,,,,,6.55193825925374e-05,2025-10-03,0.0199999999999995,2025-10-03,0.0106471046997761,2025-10-03,-0.0012578682328782,2025-10-03,0.0300000000000002,2025-10-03,2.0,2.0,2.0,2.0,2.0,Sunday,1,Out_of_Sample,1,644,1,1
2025-10-06,0.0199538786450737,0.0065556536899978,25.007802033113343,25.023123683479177,0.041848385070901,0.0045662891771205,24.52976067653089,24.527276064220494,0.0036399969738822,6.55193825925374e-05,-0.2799999999999976,0.0199999999999995,0.0172944294246549,0.0106471046997761,0.0039319668083179,-0.0012578682328782,0.0499999999999998,0.0300000000000002,6.55193825925374e-05,2025-10-03,0.0199999999999995,2025-10-03,0.0106471046997761,2025-10-03,-0.0012578682328782,2025-10-03,0.0300000000000002,2025-10-03,3.0,3.0,3.0,3.0,3.0,Monday,0,Out_of_Sample,1,645,1,1
2025-10-07,-0.0261462439945661,0.0199538786450737,25.055963201392423,25.007802033113343,-0.0392094599716998,0.041848385070901,24.728404348261105,24.52976067653089,-0.0038186963112343,0.0036399969738822,0.8699999999999974,-0.2799999999999976,0.00709144744407,0.0172944294246549,0.0047792002948447,0.0039319668083179,-0.04,0.0499999999999998,0.0036399969738822,2025-10-06,-0.2799999999999976,2025-10-06,0.0172944294246549,2025-10-06,0.0039319668083179,2025-10-06,0.0499999999999998,2025-10-06,1.0,1.0,1.0,1.0,1.0,Tuesday,0,Out_of_Sample,1,646,1,1
2025-10-08,0.0074892442519367,-0.0261462439945661,24.903089155275083,25.055963201392423,-0.0018480705352263,-0.0392094599716998,24.423496329449677,24.728404348261105,0.0058106934127934,-0.0038186963112343,-0.9399999999999976,0.8699999999999974,0.0166339949075202,0.00709144744407,0.0034127824995203,0.0047792002948447,-0.0099999999999997,-0.04,-0.0038186963112343,2025-10-07,0.8699999999999974,2025-10-07,0.00709144744407,2025-10-07,0.0047792002948447,2025-10-07,-0.04,2025-10-07,1.0,1.0,1.0,1.0,1.0,Wednesday,0,Out_of_Sample,1,647,1,1
2025-10-09,-0.0144294946717316,0.0074892442519367,25.036116673916755,24.903089155275083,-0.037008046678813,-0.0018480705352263,24.592445527111263,24.423496329449677,-0.0027593218696984,0.0058106934127934,0.129999999999999,-0.9399999999999976,-0.0242827588675781,0.0166339949075202,0.0062785853233414,0.0034127824995203,0.0099999999999997,-0.0099999999999997,0.0058106934127934,2025-10-08,-0.9399999999999976,2025-10-08,0.0166339949075202,2025-10-08,0.0034127824995203,2025-10-08,-0.0099999999999997,2025-10-08,1.0,1.0,1.0,1.0,1.0,Thursday,0,Out_of_Sample,1,648,1,1
2025-10-10,-0.0576142028001618,-0.0144294946717316,25.754520541464988,25.036116673916755,-0.1165702462666358,-0.037008046678813,25.30554215813766,24.592445527111263,-0.027485959970572,-0.0027593218696984,5.23,0.129999999999999,0.0074726695710458,-0.0242827588675781,-0.0056418775860458,0.0062785853233414,-0.0899999999999998,0.0099999999999997,-0.0027593218696984,2025-10-09,0.129999999999999,2025-10-09,-0.0242827588675781,2025-10-09,0.0062785853233414,2025-10-09,0.0099999999999997,2025-10-09,1.0,1.0,1.0,1.0,1.0,Friday,0,Out_of_Sample,1,649,1,1
2025-10-11,-0.0351586007691241,-0.0576142028001618,25.42589783486282,25.754520541464988,-0.0425725607265739,-0.1165702462666358,24.858039931693632,25.30554215813766,,,,,,,,,,,-0.027485959970572,2025-10-10,5.23,2025-10-10,0.0074726695710458,2025-10-10,-0.0056418775860458,2025-10-10,-0.0899999999999998,2025-10-10,1.0,1.0,1.0,1.0,1.0,Saturday,1,Out_of_Sample,1,650,1,1
2025-10-12,0.0409898016355781,-0.0351586007691241,25.263475162928422,25.42589783486282,0.1127425003460207,-0.0425725607265739,24.83767728371887,24.858039931693632,,,,,,,,,,,-0.027485959970572,2025-10-10,5.23,2025-10-10,0.0074726695710458,2025-10-10,-0.0056418775860458,2025-10-10,-0.0899999999999998,2025-10-10,2.0,2.0,2.0,2.0,2.0,Sunday,1,Out_of_Sample,1,651,1,1
2025-10-13,0.0064161069512723,0.0409898016355781,24.99410985620309,25.263475162928422,0.0348000416746793,0.1127425003460207,24.6403516530926,24.83767728371887,0.0154781949837818,-0.027485959970572,-2.629999999999999,5.23,0.032831248634458,0.0074726695710458,0.0029357337967223,-0.0056418775860458,,,-0.027485959970572,2025-10-10,5.23,2025-10-10,0.0074726695710458,2025-10-10,-0.0056418775860458,2025-10-10,-0.0899999999999998,2025-10-10,3.0,3.0,3.0,3.0,3.0,Monday,0,Out_of_Sample,1,652,1,1
2025-10-14,-0.0239259949548147,0.0064161069512723,25.24736605968041,24.99410985620309,-0.0401633474379033,0.0348000416746793,24.929362669177845,24.6403516530926,-0.0015655280311626,0.0154781949837818,1.7799999999999976,-2.629999999999999,0.0072994144107656,0.032831248634458,-0.0022388520616641,0.0029357337967223,-0.0199999999999995,-0.0899999999999998,0.0154781949837818,2025-10-13,-2.629999999999999,2025-10-13,0.032831248634458,2025-10-13,0.0029357337967223,2025-10-13,-0.0899999999999998,2025-10-10,1.0,1.0,1.0,1.0,4.0,Tuesday,0,Out_of_Sample,1,653,1,1
2025-10-15,-0.0166044090832243,-0.0239259949548147,25.007874398525303,25.24736605968041,-0.0387037514460872,-0.0401633474379033,24.644504040767227,24.929362669177845,0.0040179185387894,-0.0015655280311626,-0.1699999999999981,1.7799999999999976,0.0091875451653533,0.0072994144107656,-0.0025677329110104,-0.0022388520616641,0.0199999999999995,-0.0199999999999995,-0.0015655280311626,2025-10-14,1.7799999999999976,2025-10-14,0.0072994144107656,2025-10-14,-0.0022388520616641,2025-10-14,-0.0199999999999995,2025-10-14,1.0,1.0,1.0,1.0,1.0,Wednesday,0,Out_of_Sample,1,654,1,1
2025-10-16,-0.0305539851750346,-0.0166044090832243,25.19268987173611,25.007874398525303,-0.0289577120805528,-0.0387037514460872,24.61808959425652,24.644504040767227,-0.0063142449751388,0.0040179185387894,4.669999999999998,-0.1699999999999981,0.0244304618843983,0.0091875451653533,-0.0046365660933247,-0.0025677329110104,-0.0599999999999996,0.0199999999999995,0.0040179185387894,2025-10-15,-0.1699999999999981,2025-10-15,0.0091875451653533,2025-10-15,-0.0025677329110104,2025-10-15,0.0199999999999995,2025-10-15,1.0,1.0,1.0,1.0,1.0,Thursday,0,Out_of_Sample,1,655,1,1
2025-10-17,-0.0071531705525628,-0.0305539851750346,25.32546212196132,25.19268987173611,0.0019248584998494,-0.0289577120805528,24.77338456063856,24.61808959425652,0.0052568825980633,-0.0063142449751388,-4.529999999999998,4.669999999999998,-0.0213229391122775,0.0244304618843983,0.000985927741234,-0.0046365660933247,0.0299999999999993,-0.0599999999999996,-0.0063142449751388,2025-10-16,4.669999999999998,2025-10-16,0.0244304618843983,2025-10-16,-0.0046365660933247,2025-10-16,-0.0599999999999996,2025-10-16,1.0,1.0,1.0,1.0,1.0,Friday,0,Out_of_Sample,1,656,1,1
2025-10-18,0.000284684140016,-0.0071531705525628,24.355043191817057,25.32546212196132,0.0080971475313147,0.0019248584998494,23.89360987243354,24.77338456063856,,,,,,,,,,,0.0052568825980633,2025-10-17,-4.529999999999998,2025-10-17,-0.0213229391122775,2025-10-17,0.000985927741234,2025-10-17,0.0299999999999993,2025-10-17,1.0,1.0,1.0,1.0,1.0,Saturday,1,Out_of_Sample,1,657,1,1
2025-10-19,0.0169203734263802,0.000284684140016,24.587295548632532,24.355043191817057,0.0280833246932555,0.0080971475313147,24.215846158132415,23.89360987243354,,,,,,,,,,,0.0052568825980633,2025-10-17,-4.529999999999998,2025-10-17,-0.0213229391122775,2025-10-17,0.000985927741234,2025-10-17,0.0299999999999993,2025-10-17,2.0,2.0,2.0,2.0,2.0,Sunday,1,Out_of_Sample,1,658,1,1
2025-10-20,0.0194857178327793,0.0169203734263802,24.8744284610629,24.587295548632532,-0.0005000375132316,0.0280833246932555,24.417744898032048,24.215846158132415,0.0106157063653199,0.0052568825980633,-2.5500000000000007,-4.529999999999998,0.0343676442916245,-0.0213229391122775,0.0015531500084407,0.000985927741234,-0.0199999999999995,0.0299999999999993,0.0052568825980633,2025-10-17,-4.529999999999998,2025-10-17,-0.0213229391122775,2025-10-17,0.000985927741234,2025-10-17,0.0299999999999993,2025-10-17,3.0,3.0,3.0,3.0,3.0,Monday,0,Out_of_Sample,1,659,1,1
2025-10-21,-0.0014871801435665,0.0194857178327793,25.34030901399438,24.8744284610629,-0.0097909417506991,-0.0005000375132316,24.63449433383622,24.417744898032048,3.2664017914663565e-05,0.0106157063653199,-0.3599999999999994,-2.5500000000000007,-0.0590620355400498,0.0343676442916245,0.0035236974491371,0.0015531500084407,-0.02,-0.0199999999999995,0.0106157063653199,2025-10-20,-2.5500000000000007,2025-10-20,0.0343676442916245,2025-10-20,0.0015531500084407,2025-10-20,-0.0199999999999995,2025-10-20,1.0,1.0,1.0,1.0,1.0,Tuesday,0,Out_of_Sample,1,660,1,1
2025-10-22,-0.0296534477167407,-0.0014871801435665,25.11532959595927,25.34030901399438,-0.0462956393513182,-0.0097909417506991,24.555667668758055,24.63449433383622,-0.005351805698817,3.2664017914663565e-05,0.7300000000000004,-0.3599999999999994,-0.0106492686557638,-0.0590620355400498,-0.0003740566486688,0.0035236974491371,-0.0099999999999997,-0.02,3.2664017914663565e-05,2025-10-21,-0.3599999999999994,2025-10-21,-0.0590620355400498,2025-10-21,0.0035236974491371,2025-10-21,-0.02,2025-10-21,1.0,1.0,1.0,1.0,1.0,Wednesday,0,Out_of_Sample,1,661,1,1
2025-10-23,0.0176424962097979,-0.0296534477167407,24.729581705979097,25.11532959595927,0.013311003619243,-0.0462956393513182,24.316780559403096,24.555667668758055,0.0058104739805954,-0.005351805698817,-1.3000000000000007,0.7300000000000004,0.0198540404731956,-0.0106492686557638,0.0003942719415386,-0.0003740566486688,0.0399999999999995,-0.0099999999999997,-0.005351805698817,2025-10-22,0.7300000000000004,2025-10-22,-0.0106492686557638,2025-10-22,-0.0003740566486688,2025-10-22,-0.0099999999999997,2025-10-22,1.0,1.0,1.0,1.0,1.0,Thursday,0,Out_of_Sample,1,662,1,1
2025-10-24,0.0116390924671684,0.0176424962097979,24.597811601673524,24.729581705979097,0.0277585400074498,0.013311003619243,24.252290712407845,24.316780559403096,0.0078713619070685,0.0058104739805954,-0.9299999999999996,-1.3000000000000007,-0.0017225098547725,0.0198540404731956,0.0001617076329525,0.0003942719415386,0.0099999999999997,0.0399999999999995,0.0058104739805954,2025-10-23,-1.3000000000000007,2025-10-23,0.0198540404731956,2025-10-23,0.0003942719415386,2025-10-23,0.0399999999999995,2025-10-23,1.0,1.0,1.0,1.0,1.0,Friday,0,Out_of_Sample,1,663,1,1
2025-10-25,0.0051276291180262,0.0116390924671684,23.93037944961737,24.597811601673524,0.002140329271268,0.0277585400074498,23.447532439707377,24.252290712407845,,,,,,,,,,,0.0078713619070685,2025-10-24,-0.9299999999999996,2025-10-24,-0.0017225098547725,2025-10-24,0.0001617076329525,2025-10-24,0.0099999999999997,2025-10-24,1.0,1.0,1.0,1.0,1.0,Saturday,1,Out_of_Sample,1,664,1,1
2025-10-26,0.0172449866827359,0.0051276291180262,24.453971360760363,23.93037944961737,0.0290357393305303,0.002140329271268,24.09471806248588,23.447532439707377,,,,,,,,,,,0.0078713619070685,2025-10-24,-0.9299999999999996,2025-10-24,-0.0017225098547725,2025-10-24,0.0001617076329525,2025-10-24,0.0099999999999997,2025-10-24,2.0,2.0,2.0,2.0,2.0,Sunday,1,Out_of_Sample,1,665,1,1
2025-10-27,0.0099262055285698,0.0172449866827359,24.84654374263142,24.453971360760363,0.0164758906513517,0.0290357393305303,24.418905717817513,24.09471806248588,0.0122151099733648,0.0078713619070685,-0.5800000000000018,-0.9299999999999996,-0.028695490766858,-0.0017225098547725,-0.0017093589010564,0.0001617076329525,-0.0099999999999997,0.0099999999999997,0.0078713619070685,2025-10-24,-0.9299999999999996,2025-10-24,-0.0017225098547725,2025-10-24,0.0001617076329525,2025-10-24,0.0099999999999997,2025-10-24,3.0,3.0,3.0,3.0,3.0,Monday,0,Out_of_Sample,1,666,1,1
2025-10-28,-0.0147685271155038,0.0099262055285698,24.890366105699258,24.84654374263142,-0.0369958309445941,0.0164758906513517,24.40421783104292,24.418905717817513,0.002285333388467,0.0122151099733648,0.6300000000000026,-0.5800000000000018,-0.0089607787820975,-0.028695490766858,-0.0011749811430297,-0.0017093589010564,-0.0199999999999995,-0.0099999999999997,0.0122151099733648,2025-10-27,-0.5800000000000018,2025-10-27,-0.028695490766858,2025-10-27,-0.0017093589010564,2025-10-27,-0.0099999999999997,2025-10-27,1.0,1.0,1.0,1.0,1.0,Tuesday,0,Out_of_Sample,1,667,1,1
2025-10-29,-0.012181696800713,-0.0147685271155038,24.85349291000445,24.890366105699258,-0.0073208319339031,-0.0369958309445941,24.28589805177287,24.40421783104292,-4.3536688374153406e-05,0.002285333388467,0.5,0.6300000000000026,0.0044025782667433,-0.0089607787820975,0.0055890628442805,-0.0011749811430297,0.0899999999999998,-0.0199999999999995,0.002285333388467,2025-10-28,0.6300000000000026,2025-10-28,-0.0089607787820975,2025-10-28,-0.0011749811430297,2025-10-28,-0.0199999999999995,2025-10-28,1.0,1.0,1.0,1.0,1.0,Wednesday,0,Out_of_Sample,1,668,1,1
2025-10-30,-0.0360429342047102,-0.012181696800713,24.96709255285206,24.85349291000445,-0.0504113102201998,-0.0073208319339031,24.411693671320503,24.28589805177287,-0.0099541911976876,-4.3536688374153406e-05,-0.0100000000000015,0.5,0.0044082970966196,0.0044025782667433,0.0030793096897017,0.0055890628442805,0.0300000000000002,0.0899999999999998,-4.3536688374153406e-05,2025-10-29,0.5,2025-10-29,0.0044025782667433,2025-10-29,0.0055890628442805,2025-10-29,0.0899999999999998,2025-10-29,1.0,1.0,1.0,1.0,1.0,Thursday,0,Out_of_Sample,1,669,1,1
2025-10-31,0.0176601380811174,-0.0360429342047102,24.819115258965475,24.96709255285206,0.0269049096426468,-0.0504113102201998,24.355577595520806,24.411693671320503,0.00261444946156,-0.0099541911976876,0.5300000000000011,-0.0100000000000015,-0.0047849023856938,0.0044082970966196,0.0027893461119462,0.0030793096897017,0.0,0.0300000000000002,-0.0099541911976876,2025-10-30,-0.0100000000000015,2025-10-30,0.0044082970966196,2025-10-30,0.0030793096897017,2025-10-30,0.0300000000000002,2025-10-30,1.0,1.0,1.0,1.0,1.0,Friday,0,Out_of_Sample,1,670,1,1
2025-11-01,0.0088957018624828,0.0176601380811174,23.976414336746203,24.819115258965475,0.0055409818183038,0.0269049096426468,23.584911107781743,24.355577595520806,,,,,,,,,,,0.00261444946156,2025-10-31,0.5300000000000011,2025-10-31,-0.0047849023856938,2025-10-31,0.0027893461119462,2025-10-31,0.0,2025-10-31,1.0,1.0,1.0,1.0,1.0,Saturday,1,Out_of_Sample,1,671,1,1
2025-11-02,-0.0035989495444322,0.0088957018624828,24.257950719490697,23.976414336746203,-0.0051525005421001,0.0055409818183038,23.742695674730903,23.584911107781743,,,,,,,,,,,0.00261444946156,2025-10-31,0.5300000000000011,2025-10-31,-0.0047849023856938,2025-10-31,0.0027893461119462,2025-10-31,0.0,2025-10-31,2.0,2.0,2.0,2.0,2.0,Sunday,1,Out_of_Sample,1,672,1,1
2025-11-03,-0.0291502668727765,-0.0035989495444322,25.01169591016926,24.257950719490697,-0.0700441541309016,-0.0051525005421001,24.695282103701366,23.742695674730903,0.0017192311955086,0.00261444946156,-0.2699999999999996,0.5300000000000011,0.0045349523774452,-0.0047849023856938,0.0006911161800952,0.0027893461119462,0.0199999999999995,0.0,0.00261444946156,2025-10-31,0.5300000000000011,2025-10-31,-0.0047849023856938,2025-10-31,0.0027893461119462,2025-10-31,0.0,2025-10-31,3.0,3.0,3.0,3.0,3.0,Monday,0,Out_of_Sample,1,673,1,1
2025-11-04,-0.0633740452071202,-0.0291502668727765,25.43250036187511,25.01169591016926,-0.1137554723620222,-0.0700441541309016,25.064828717260305,24.695282103701366,-0.0118061901941921,0.0017192311955086,1.8299999999999983,-0.2699999999999996,-0.0132362520403321,0.0045349523774452,0.0035083020736372,0.0006911161800952,-0.0300000000000002,0.0199999999999995,0.0017192311955086,2025-11-03,-0.2699999999999996,2025-11-03,0.0045349523774452,2025-11-03,0.0006911161800952,2025-11-03,0.0199999999999995,2025-11-03,1.0,1.0,1.0,1.0,1.0,Tuesday,0,Out_of_Sample,1,674,1,1
2025-11-05,0.0329853455650725,-0.0633740452071202,25.074639106164433,25.43250036187511,0.0689179770004887,-0.1137554723620222,24.572474323996516,25.064828717260305,0.0036468630849652,-0.0118061901941921,-0.9899999999999984,1.8299999999999983,0.0082240871342075,-0.0132362520403321,-0.0001995729146266,0.0035083020736372,0.0700000000000002,-0.0300000000000002,-0.0118061901941921,2025-11-04,1.8299999999999983,2025-11-04,-0.0132362520403321,2025-11-04,0.0035083020736372,2025-11-04,-0.0300000000000002,2025-11-04,1.0,1.0,1.0,1.0,1.0,Wednesday,0,Out_of_Sample,1,675,1,1
2025-11-06,-0.0252048543811298,0.0329853455650725,24.88109763134857,25.074639106164433,-0.0343793229245137,0.0689179770004887,24.326910074844683,24.572474323996516,-0.0112411026104226,0.0036468630849652,1.4899999999999984,-0.9899999999999984,-0.0001005367923334,0.0082240871342075,-0.0047114928330187,-0.0001995729146266,-0.0599999999999996,0.0700000000000002,0.0036468630849652,2025-11-05,-0.9899999999999984,2025-11-05,0.0082240871342075,2025-11-05,-0.0001995729146266,2025-11-05,0.0700000000000002,2025-11-05,1.0,1.0,1.0,1.0,1.0,Thursday,0,Out_of_Sample,1,676,1,1
2025-11-07,0.0267502900025979,-0.0252048543811298,25.24687916205352,24.88109763134857,0.04140406566405,-0.0343793229245137,24.475354664162516,24.326910074844683,0.0012610492171643,-0.0112411026104226,-0.4200000000000017,1.4899999999999984,0.0048876566358512,-0.0001005367923334,-0.0013043305617702,-0.0047114928330187,0.0,-0.0599999999999996,-0.0112411026104226,2025-11-06,1.4899999999999984,2025-11-06,-0.0001005367923334,2025-11-06,-0.0047114928330187,2025-11-06,-0.0599999999999996,2025-11-06,1.0,1.0,1.0,1.0,1.0,Friday,0,Out_of_Sample,1,677,1,1
2025-11-08,-0.0147160495337765,0.0267502900025979,24.663811984135947,25.24687916205352,-0.0172311472271108,0.04140406566405,23.885100105061905,24.475354664162516,,,,,,,,,,,0.0012610492171643,2025-11-07,-0.4200000000000017,2025-11-07,0.0048876566358512,2025-11-07,-0.0013043305617702,2025-11-07,0.0,2025-11-07,1.0,1.0,1.0,1.0,1.0,Saturday,1,Out_of_Sample,1,678,1,1
2025-11-09,0.0212450167427746,-0.0147160495337765,24.812250108662948,24.663811984135947,0.0489515432271819,-0.0172311472271108,24.084388996103783,23.885100105061905,,,,,,,,,,,0.0012610492171643,2025-11-07,-0.4200000000000017,2025-11-07,0.0048876566358512,2025-11-07,-0.0013043305617702,2025-11-07,0.0,2025-11-07,2.0,2.0,2.0,2.0,2.0,Sunday,1,Out_of_Sample,1,679,1,1
2025-11-10,0.0105043321621615,0.0212450167427746,24.965827614027955,24.812250108662948,-0.0105420695957766,0.0489515432271819,24.296679601317035,24.084388996103783,0.0152835719496657,0.0012610492171643,-1.4799999999999969,-0.4200000000000017,0.0277165158861684,0.0048876566358512,-0.0001405678945243,-0.0013043305617702,0.0199999999999995,0.0,0.0012610492171643,2025-11-07,-0.4200000000000017,2025-11-07,0.0048876566358512,2025-11-07,-0.0013043305617702,2025-11-07,0.0,2025-11-07,3.0,3.0,3.0,3.0,3.0,Monday,0,Out_of_Sample,1,680,1,1
2025-11-11,-0.0284397398346052,0.0105043321621615,24.987776130344677,24.965827614027955,-0.0352307056926339,-0.0105420695957766,24.405490409651733,24.296679601317035,0.0020732456487022,0.0152835719496657,-0.3200000000000003,-1.4799999999999969,-0.0012167524528548,0.0277165158861684,-0.0014671010308629,-0.0001405678945243,,,0.0152835719496657,2025-11-10,-1.4799999999999969,2025-11-10,0.0277165158861684,2025-11-10,-0.0001405678945243,2025-11-10,0.0199999999999995,2025-11-10,1.0,1.0,1.0,1.0,1.0,Tuesday,0,Out_of_Sample,1,681,1,1
2025-11-12,-0.007572923304809,-0.0284397398346052,24.887558937984384,24.987776130344677,0.0011342907806742,-0.0352307056926339,24.27572276951878,24.405490409651733,0.0006293105606983,0.0020732456487022,0.2300000000000004,-0.3200000000000003,0.0234874838555535,-0.0012167524528548,0.0005227759521487,-0.0014671010308629,-0.0499999999999998,0.0199999999999995,0.0020732456487022,2025-11-11,-0.3200000000000003,2025-11-11,-0.0012167524528548,2025-11-11,-0.0014671010308629,2025-11-11,0.0199999999999995,2025-11-10,1.0,1.0,1.0,1.0,2.0,Wednesday,0,Out_of_Sample,1,682,1,1
2025-11-13,-0.0306206357366333,-0.007572923304809,25.343785764717413,24.887558937984384,-0.0734820097948258,0.0011342907806742,24.64094117120384,24.27572276951878,-0.0166954978211988,0.0006293105606983,2.4899999999999984,0.2300000000000004,-0.0041709927611227,0.0234874838555535,-0.0034130241385813,0.0005227759521487,0.0300000000000002,-0.0499999999999998,0.0006293105606983,2025-11-12,0.2300000000000004,2025-11-12,0.0234874838555535,2025-11-12,0.0005227759521487,2025-11-12,-0.0499999999999998,2025-11-12,1.0,1.0,1.0,1.0,1.0,Thursday,0,Out_of_Sample,1,683,1,1
2025-11-14,-0.0391503354714297,-0.0306206357366333,25.46249864097132,25.343785764717413,-0.0043678788200774,-0.0734820097948258,24.573494487776156,24.64094117120384,-0.0005017963821556,-0.0166954978211988,-0.1700000000000017,2.4899999999999984,-0.0240025553320149,-0.0041709927611227,0.0014411329999172,-0.0034130241385813,0.0299999999999993,0.0300000000000002,-0.0166954978211988,2025-11-13,2.4899999999999984,2025-11-13,-0.0041709927611227,2025-11-13,-0.0034130241385813,2025-11-13,0.0300000000000002,2025-11-13,1.0,1.0,1.0,1.0,1.0,Friday,0,Out_of_Sample,1,684,1,1
2025-11-15,0.001983717475097,-0.0391503354714297,24.373942692456513,25.46249864097132,-0.0031918336471624,-0.0043678788200774,23.7156395091579,24.573494487776156,,,,,,,,,,,-0.0005017963821556,2025-11-14,-0.1700000000000017,2025-11-14,-0.0240025553320149,2025-11-14,0.0014411329999172,2025-11-14,0.0299999999999993,2025-11-14,1.0,1.0,1.0,1.0,1.0,Saturday,1,Out_of_Sample,1,685,1,1
2025-11-16,-0.0186387544867721,0.001983717475097,24.98715956657613,24.373942692456513,-0.0268385854225605,-0.0031918336471624,24.15686220777571,23.7156395091579,,,,,,,,,,,-0.0005017963821556,2025-11-14,-0.1700000000000017,2025-11-14,-0.0240025553320149,2025-11-14,0.0014411329999172,2025-11-14,0.0299999999999993,2025-11-14,2.0,2.0,2.0,2.0,2.0,Sunday,1,Out_of_Sample,1,686,1,1
2025-11-17,-0.0176441309297601,-0.0186387544867721,25.26853914706424,24.98715956657613,-0.0215248839948724,-0.0268385854225605,24.437491183753384,24.15686220777571,-0.0092045416140541,-0.0005017963821556,2.5500000000000007,-0.1700000000000017,-0.0047327908648018,-0.0240025553320149,0.002906174897346,0.0014411329999172,-0.0099999999999997,0.0299999999999993,-0.0005017963821556,2025-11-14,-0.1700000000000017,2025-11-14,-0.0240025553320149,2025-11-14,0.0014411329999172,2025-11-14,0.0299999999999993,2025-11-14,3.0,3.0,3.0,3.0,3.0,Monday,0,Out_of_Sample,1,687,1,1
2025-11-18,0.0071132451859113,-0.0176441309297601,25.341683575951553,25.26853914706424,0.029392775803051,-0.0215248839948724,24.450921055959988,24.437491183753384,-0.0082906598630304,-0.0092045416140541,2.3100000000000023,2.5500000000000007,-0.0017221023533426,-0.0047327908648018,-0.0003816448941058,0.002906174897346,-0.0099999999999997,-0.0099999999999997,-0.0092045416140541,2025-11-17,2.5500000000000007,2025-11-17,-0.0047327908648018,2025-11-17,0.002906174897346,2025-11-17,-0.0099999999999997,2025-11-17,1.0,1.0,1.0,1.0,1.0,Tuesday,0,Out_of_Sample,1,688,1,1
2025-11-19,-0.0210577376178096,0.0071132451859113,25.109662343009425,25.341683575951553,-0.0354500446785679,0.029392775803051,24.417872356170815,24.450921055959988,0.0037467576494783,-0.0082906598630304,-1.0300000000000011,2.3100000000000023,0.0040299605698671,-0.0017221023533426,0.0067875602219264,-0.0003816448941058,0.0099999999999997,-0.0099999999999997,-0.0082906598630304,2025-11-18,2.3100000000000023,2025-11-18,-0.0017221023533426,2025-11-18,-0.0003816448941058,2025-11-18,-0.0099999999999997,2025-11-18,1.0,1.0,1.0,1.0,1.0,Wednesday,0,Out_of_Sample,1,689,1,1
2025-11-20,-0.0372978608455766,-0.0210577376178096,25.307933736441505,25.109662343009425,-0.03771497877662,-0.0354500446785679,24.505587481963797,24.417872356170815,-0.0156896667483885,0.0037467576494783,2.7600000000000016,-1.0300000000000011,-0.0052125591455094,0.0040299605698671,-0.0006986516308257,0.0067875602219264,-0.0300000000000002,0.0099999999999997,0.0037467576494783,2025-11-19,-1.0300000000000011,2025-11-19,0.0040299605698671,2025-11-19,0.0067875602219264,2025-11-19,0.0099999999999997,2025-11-19,1.0,1.0,1.0,1.0,1.0,Thursday,0,Out_of_Sample,1,690,1,1
2025-11-21,-0.0238467080382645,-0.0372978608455766,25.584298474133504,25.307933736441505,-0.0397932883204553,-0.03771497877662,24.66439095877818,24.505587481963797,0.0097750317023567,-0.0156896667483885,-2.990000000000002,2.7600000000000016,0.0049672927820763,-0.0052125591455094,0.0002196288281647,-0.0006986516308257,-0.04,-0.0300000000000002,-0.0156896667483885,2025-11-20,2.7600000000000016,2025-11-20,-0.0052125591455094,2025-11-20,-0.0006986516308257,2025-11-20,-0.0300000000000002,2025-11-20,1.0,1.0,1.0,1.0,1.0,Friday,0,Out_of_Sample,1,691,1,1
2025-11-22,-0.0092204157742392,-0.0238467080382645,24.431778767923948,25.584298474133504,-0.0071111152773199,-0.0397932883204553,23.458212979709764,24.66439095877818,,,,,,,,,,,0.0097750317023567,2025-11-21,-2.990000000000002,2025-11-21,0.0049672927820763,2025-11-21,0.0002196288281647,2025-11-21,-0.04,2025-11-21,1.0,1.0,1.0,1.0,1.0,Saturday,1,Out_of_Sample,1,692,1,1
2025-11-23,0.0419355006517329,-0.0092204157742392,24.78514635819285,24.431778767923948,0.034381690972621,-0.0071111152773199,23.73675966106888,23.458212979709764,,,,,,,,,,,0.0097750317023567,2025-11-21,-2.990000000000002,2025-11-21,0.0049672927820763,2025-11-21,0.0002196288281647,2025-11-21,-0.04,2025-11-21,2.0,2.0,2.0,2.0,2.0,Sunday,1,Out_of_Sample,1,693,1,1
2025-11-24,0.0090451901082058,0.0419355006517329,25.03317726791088,24.78514635819285,0.0407751337585565,0.034381690972621,24.20424919760704,23.73675966106888,0.0153488369170487,0.0097750317023567,-2.91,-2.990000000000002,0.003721560362299,0.0049672927820763,-0.0003793891879655,0.0002196288281647,-0.0199999999999995,-0.04,0.0097750317023567,2025-11-21,-2.990000000000002,2025-11-21,0.0049672927820763,2025-11-21,0.0002196288281647,2025-11-21,-0.04,2025-11-21,3.0,3.0,3.0,3.0,3.0,Monday,0,Out_of_Sample,1,694,1,1
2025-11-25,-0.02011788325946,0.0090451901082058,24.89514756358844,25.03317726791088,-0.009706408739737,0.0407751337585565,23.873263831381617,24.20424919760704,0.0090209207985121,0.0153488369170487,-1.9600000000000009,-2.91,0.0114931936383188,0.003721560362299,-0.0047846502297156,-0.0003793891879655,-0.0300000000000002,-0.0199999999999995,0.0153488369170487,2025-11-24,-2.91,2025-11-24,0.003721560362299,2025-11-24,-0.0003793891879655,2025-11-24,-0.0199999999999995,2025-11-24,1.0,1.0,1.0,1.0,1.0,Tuesday,0,Out_of_Sample,1,695,1,1
2025-11-26,0.0356818949837344,-0.02011788325946,24.92041217206939,24.89514756358844,0.0302350526059831,-0.009706408739737,23.788205230547824,23.873263831381617,0.0068829721842695,0.0090209207985121,-1.3699999999999974,-1.9600000000000009,0.0062617609294315,0.0114931936383188,-0.0006925659845525,-0.0047846502297156,-0.0099999999999997,-0.0300000000000002,0.0090209207985121,2025-11-25,-1.9600000000000009,2025-11-25,0.0114931936383188,2025-11-25,-0.0047846502297156,2025-11-25,-0.0300000000000002,2025-11-25,1.0,1.0,1.0,1.0,1.0,Wednesday,0,Out_of_Sample,1,696,1,1
2025-11-27,0.0133570181840575,0.0356818949837344,24.76702953243533,24.92041217206939,0.0038638265559886,0.0302350526059831,23.554876750737936,23.788205230547824,,,0.0199999999999995,-1.3699999999999974,,,0.0,-0.0006925659845525,,,0.0068829721842695,2025-11-26,-1.3699999999999974,2025-11-26,0.0062617609294315,2025-11-26,-0.0006925659845525,2025-11-26,-0.0099999999999997,2025-11-26,1.0,1.0,1.0,1.0,1.0,Thursday,0,Out_of_Sample,1,697,1,1
2025-11-28,-0.0051948271339137,0.0133570181840575,24.83243054115729,24.76702953243533,0.001409712757503,0.0038638265559886,23.7514633143823,23.554876750737936,0.0053404900859037,0.0068829721842695,-0.8599999999999994,0.0199999999999995,0.0126678164163979,0.0062617609294315,-0.0015172908723314,0.0,0.0199999999999995,-0.0099999999999997,0.0068829721842695,2025-11-26,0.0199999999999995,2025-11-27,0.0062617609294315,2025-11-26,0.0,2025-11-27,-0.0099999999999997,2025-11-26,2.0,1.0,2.0,1.0,2.0,Friday,0,Out_of_Sample,1,698,1,1
2025-11-29,0.0012381105478186,-0.0051948271339137,24.358791281567687,24.83243054115729,-0.0142274241189165,0.001409712757503,23.270793641994015,23.7514633143823,,,,,,,,,,,0.0053404900859037,2025-11-28,-0.8599999999999994,2025-11-28,0.0126678164163979,2025-11-28,-0.0015172908723314,2025-11-28,0.0199999999999995,2025-11-28,1.0,1.0,1.0,1.0,1.0,Saturday,1,Out_of_Sample,1,699,1,1
2025-11-30,0.001515408153082,0.0012381105478186,24.37386960582149,24.358791281567687,0.0089174872983194,-0.0142274241189165,23.16825689675681,23.270793641994015,,,,,,,,,,,0.0053404900859037,2025-11-28,-0.8599999999999994,2025-11-28,0.0126678164163979,2025-11-28,-0.0015172908723314,2025-11-28,0.0199999999999995,2025-11-28,2.0,2.0,2.0,2.0,2.0,Sunday,1,Out_of_Sample,1,700,1,1
2025-12-01,-0.0531350664648002,0.001515408153082,25.20018090823073,24.37386960582149,-0.0789673341449662,0.0089174872983194,24.325486533156937,23.16825689675681,-0.0053375543577991,0.0053404900859037,0.889999999999997,-0.8599999999999994,0.0049659582212904,0.0126678164163979,-0.0003017228396905,-0.0015172908723314,0.0700000000000002,0.0199999999999995,0.0053404900859037,2025-11-28,-0.8599999999999994,2025-11-28,0.0126678164163979,2025-11-28,-0.0015172908723314,2025-11-28,0.0199999999999995,2025-11-28,3.0,3.0,3.0,3.0,3.0,Monday,0,Out_of_Sample,1,701,1,1
2025-12-02,0.0579729924579246,-0.0531350664648002,25.086960439658785,25.20018090823073,0.070683972858718,-0.0789673341449662,24.00393811859007,24.325486533156937,0.0024541868350872,-0.0053375543577991,-0.6499999999999986,0.889999999999997,-0.0125091431986058,0.0049659582212904,-0.0005735243225864,-0.0003017228396905,0.0,0.0700000000000002,-0.0053375543577991,2025-12-01,0.889999999999997,2025-12-01,0.0049659582212904,2025-12-01,-0.0003017228396905,2025-12-01,0.0700000000000002,2025-12-01,1.0,1.0,1.0,1.0,1.0,Tuesday,0,Out_of_Sample,1,702,1,1
2025-12-03,0.0228403976892387,0.0579729924579246,25.07548002640884,25.086960439658785,0.0547809662268168,0.070683972858718,24.12277182353938,24.00393811859007,0.0029753463150951,0.0024541868350872,-0.5100000000000016,-0.6499999999999986,0.0030288262173034,-0.0125091431986058,-0.0050754103431603,-0.0005735243225864,-0.0300000000000002,0.0,0.0024541868350872,2025-12-02,-0.6499999999999986,2025-12-02,-0.0125091431986058,2025-12-02,-0.0005735243225864,2025-12-02,0.0,2025-12-02,1.0,1.0,1.0,1.0,1.0,Wednesday,0,Out_of_Sample,1,703,1,1
2025-12-04,-0.0168738629983313,0.0228403976892387,24.890526273976693,25.07548002640884,-0.0135437369622067,0.0547809662268168,24.03508508352801,24.12277182353938,0.0010797529874062,0.0029753463150951,-0.2999999999999989,-0.5100000000000016,0.0029722651693542,0.0030288262173034,0.0013647187007136,-0.0050754103431603,0.0500000000000007,-0.0300000000000002,0.0029753463150951,2025-12-03,-0.5100000000000016,2025-12-03,0.0030288262173034,2025-12-03,-0.0050754103431603,2025-12-03,-0.0300000000000002,2025-12-03,1.0,1.0,1.0,1.0,1.0,Thursday,0,Out_of_Sample,1,704,1,1
2025-12-05,-0.0330165845957834,-0.0168738629983313,24.870462123595395,24.890526273976693,-0.0337450138072728,-0.0135437369622067,24.05547992664716,24.03508508352801,0.001934800188636,0.0010797529874062,-0.3699999999999992,-0.2999999999999989,0.0002611600889667,0.0029722651693542,3.03059384509433e-05,0.0013647187007136,0.0299999999999993,0.0500000000000007,0.0010797529874062,2025-12-04,-0.2999999999999989,2025-12-04,0.0029722651693542,2025-12-04,0.0013647187007136,2025-12-04,0.0500000000000007,2025-12-04,1.0,1.0,1.0,1.0,1.0,Friday,0,Out_of_Sample,1,705,1,1
2025-12-06,0.0029906953622898,-0.0330165845957834,24.360695205565925,24.870462123595395,0.0079359998532065,-0.0337450138072728,23.117775362748397,24.05547992664716,,,,,,,,,,,0.001934800188636,2025-12-05,-0.3699999999999992,2025-12-05,0.0002611600889667,2025-12-05,3.03059384509433e-05,2025-12-05,0.0299999999999993,2025-12-05,1.0,1.0,1.0,1.0,1.0,Saturday,1,Out_of_Sample,1,706,1,1
2025-12-07,0.0087032450948725,0.0029906953622898,24.581780442978697,24.360695205565925,0.0138889082413166,0.0079359998532065,23.73799140920206,23.117775362748397,,,,,,,,,,,0.001934800188636,2025-12-05,-0.3699999999999992,2025-12-05,0.0002611600889667,2025-12-05,3.03059384509433e-05,2025-12-05,0.0299999999999993,2025-12-05,2.0,2.0,2.0,2.0,2.0,Sunday,1,Out_of_Sample,1,707,1,1
2025-12-08,0.0123930461845403,0.0087032450948725,24.77320733108481,24.581780442978697,0.0198098062096652,0.0138889082413166,23.952573685348103,23.73799140920206,-0.0034832953129334,0.001934800188636,1.25,-0.3699999999999992,-0.0061189240409394,0.0002611600889667,0.0009592133167477,3.03059384509433e-05,0.0300000000000002,0.0299999999999993,0.001934800188636,2025-12-05,-0.3699999999999992,2025-12-05,0.0002611600889667,2025-12-05,3.03059384509433e-05,2025-12-05,0.0299999999999993,2025-12-05,3.0,3.0,3.0,3.0,3.0,Monday,0,Out_of_Sample,1,708,1,1
2025-12-09,0.0145314140683793,0.0123930461845403,24.92589246454081,24.77320733108481,0.0474109154051095,0.0198098062096652,24.18939395575688,23.952573685348103,-0.0008767431309868,-0.0034832953129334,0.2699999999999996,1.25,0.0046462393338665,-0.0061189240409394,0.0013413547675219,0.0009592133167477,0.0099999999999997,0.0300000000000002,-0.0034832953129334,2025-12-08,1.25,2025-12-08,-0.0061189240409394,2025-12-08,0.0009592133167477,2025-12-08,0.0300000000000002,2025-12-08,1.0,1.0,1.0,1.0,1.0,Tuesday,0,Out_of_Sample,1,709,1,1
2025-12-10,-0.0030149598901376,0.0145314140683793,24.904104475218578,24.92589246454081,0.0122363621001025,0.0474109154051095,24.147345673168065,24.18939395575688,0.006726820871526,-0.0008767431309868,-1.16,0.2699999999999996,-0.0024515471689845,0.0046462393338665,-0.0043837125643898,0.0013413547675219,-0.0499999999999998,0.0099999999999997,-0.0008767431309868,2025-12-09,0.2699999999999996,2025-12-09,0.0046462393338665,2025-12-09,0.0013413547675219,2025-12-09,0.0099999999999997,2025-12-09,1.0,1.0,1.0,1.0,1.0,Wednesday,0,Out_of_Sample,1,710,1,1
2025-12-11,0.0054002300906678,-0.0030149598901376,24.890439995110544,24.904104475218578,-0.0276408196673252,0.0122363621001025,24.092843327722683,24.147345673168065,0.0020772175085341,0.006726820871526,-0.92,-1.16,0.0210102397530423,-0.0024515471689845,-0.0044640213732348,-0.0043837125643898,0.0099999999999997,-0.0499999999999998,0.006726820871526,2025-12-10,-1.16,2025-12-10,-0.0024515471689845,2025-12-10,-0.0043837125643898,2025-12-10,-0.0499999999999998,2025-12-10,1.0,1.0,1.0,1.0,1.0,Thursday,0,Out_of_Sample,1,711,1,1
2025-12-12,-0.0293986779264238,0.0054002300906678,25.10873509626956,24.890439995110544,-0.0528698358340786,-0.0276408196673252,23.917480178873703,24.092843327722683,-0.0107209363442458,0.0020772175085341,0.8900000000000006,-0.92,0.0034010695964849,0.0210102397530423,0.000538768469664,-0.0044640213732348,0.0500000000000007,0.0099999999999997,0.0020772175085341,2025-12-11,-0.92,2025-12-11,0.0210102397530423,2025-12-11,-0.0044640213732348,2025-12-11,0.0099999999999997,2025-12-11,1.0,1.0,1.0,1.0,1.0,Friday,0,Out_of_Sample,1,712,1,1
2025-12-13,-0.0004091494203277,-0.0293986779264238,24.885856851642977,25.10873509626956,0.0095741463106872,-0.0528698358340786,23.01750312375845,23.917480178873703,,,,,,,,,,,-0.0107209363442458,2025-12-12,0.8900000000000006,2025-12-12,0.0034010695964849,2025-12-12,0.000538768469664,2025-12-12,0.0500000000000007,2025-12-12,1.0,1.0,1.0,1.0,1.0,Saturday,1,Out_of_Sample,1,713,1,1
2025-12-14,-0.0192030922800084,-0.0004091494203277,24.64456512838776,24.885856851642977,-0.0098433903690755,0.0095741463106872,23.471788745975417,23.01750312375845,,,,,,,,,,,-0.0107209363442458,2025-12-12,0.8900000000000006,2025-12-12,0.0034010695964849,2025-12-12,0.000538768469664,2025-12-12,0.0500000000000007,2025-12-12,2.0,2.0,2.0,2.0,2.0,Sunday,1,Out_of_Sample,1,714,1,1
2025-12-15,-0.0255916762648211,-0.0192030922800084,24.54228531530615,24.64456512838776,-0.0452686377788639,-0.0098433903690755,24.082459167818325,23.471788745975417,-0.0015977816227138,-0.0107209363442458,0.7599999999999998,0.8900000000000006,0.0015336939920357,0.0034010695964849,-0.0009150619830412,0.000538768469664,-0.0100000000000006,0.0500000000000007,-0.0107209363442458,2025-12-12,0.8900000000000006,2025-12-12,0.0034010695964849,2025-12-12,0.000538768469664,2025-12-12,0.0500000000000007,2025-12-12,3.0,3.0,3.0,3.0,3.0,Monday,0,Out_of_Sample,1,715,1,1
2025-12-16,0.0178996453156278,-0.0255916762648211,24.44321213580389,24.54228531530615,0.0019194905340758,-0.0452686377788639,23.846035517306415,24.082459167818325,-0.0023867639262764,-0.0015977816227138,-0.0199999999999995,0.7599999999999998,-0.0005110078294488,0.0015336939920357,-0.0016594134779341,-0.0009150619830412,-0.0299999999999993,-0.0100000000000006,-0.0015977816227138,2025-12-15,0.7599999999999998,2025-12-15,0.0015336939920357,2025-12-15,-0.0009150619830412,2025-12-15,-0.0100000000000006,2025-12-15,1.0,1.0,1.0,1.0,1.0,Tuesday,0,Out_of_Sample,1,716,1,1
2025-12-17,-0.0207609646560426,0.0178996453156278,24.512971884574135,24.44321213580389,-0.045863429024493,0.0019194905340758,23.98749069409421,23.846035517306415,-0.0116599172293244,-0.0023867639262764,1.1400000000000006,-0.0199999999999995,0.0099399801304287,-0.0005110078294488,0.0022593819721639,-0.0016594134779341,0.0099999999999997,-0.0299999999999993,-0.0023867639262764,2025-12-16,-0.0199999999999995,2025-12-16,-0.0005110078294488,2025-12-16,-0.0016594134779341,2025-12-16,-0.0299999999999993,2025-12-16,1.0,1.0,1.0,1.0,1.0,Wednesday,0,Out_of_Sample,1,717,1,1
2025-12-18,-0.0044331347813775,-0.0207609646560426,24.6872571005348,24.512971884574135,0.0030281642196873,-0.045863429024493,24.097235257494106,23.98749069409421,0.0079030122681597,-0.0116599172293244,-0.75,1.1400000000000006,-0.0018418331441386,0.0099399801304287,0.0005996087478615,0.0022593819721639,-0.04,0.0099999999999997,-0.0116599172293244,2025-12-17,1.1400000000000006,2025-12-17,0.0099399801304287,2025-12-17,0.0022593819721639,2025-12-17,0.0099999999999997,2025-12-17,1.0,1.0,1.0,1.0,1.0,Thursday,0,Out_of_Sample,1,718,1,1
2025-12-19,0.0253697349033878,-0.0044331347813775,24.56772303559622,24.6872571005348,0.0505102155708176,0.0030281642196873,24.05084136378323,24.097235257494106,0.0087793728265068,0.0079030122681597,-1.9600000000000009,-0.75,0.0050339502433122,-0.0018418331441386,0.0017459629053376,0.0005996087478615,0.04,-0.04,0.0079030122681597,2025-12-18,-0.75,2025-12-18,-0.0018418331441386,2025-12-18,0.0005996087478615,2025-12-18,-0.04,2025-12-18,1.0,1.0,1.0,1.0,1.0,Friday,0,Out_of_Sample,1,719,1,1
2025-12-20,0.0044338441770017,0.0253697349033878,23.41031005982805,24.56772303559622,0.0016091837790383,0.0505102155708176,22.75304672641076,24.05084136378323,,,,,,,,,,,0.0087793728265068,2025-12-19,-1.9600000000000009,2025-12-19,0.0050339502433122,2025-12-19,0.0017459629053376,2025-12-19,0.04,2025-12-19,1.0,1.0,1.0,1.0,1.0,Saturday,1,Out_of_Sample,1,720,1,1
2025-12-21,-0.0003888803849442,0.0044338441770017,23.711244259947247,23.41031005982805,-0.001710053952486,0.0016091837790383,23.137222046530898,22.75304672641076,,,,,,,,,,,0.0087793728265068,2025-12-19,-1.9600000000000009,2025-12-19,0.0050339502433122,2025-12-19,0.0017459629053376,2025-12-19,0.04,2025-12-19,2.0,2.0,2.0,2.0,2.0,Sunday,1,Out_of_Sample,1,721,1,1
2025-12-22,0.0010552617757264,-0.0003888803849442,24.362100483252146,23.711244259947247,0.0046462639294153,-0.001710053952486,23.735955235545212,23.137222046530898,0.0064158365019504,0.0087793728265068,-0.8300000000000001,-1.9600000000000009,0.0188968137916434,0.0050339502433122,-0.0031795237187805,0.0017459629053376,0.0099999999999997,0.04,0.0087793728265068,2025-12-19,-1.9600000000000009,2025-12-19,0.0050339502433122,2025-12-19,0.0017459629053376,2025-12-19,0.04,2025-12-19,3.0,3.0,3.0,3.0,3.0,Monday,0,Out_of_Sample,1,722,1,1
2025-12-23,-0.0066415618703312,0.0010552617757264,24.500225111359004,24.362100483252146,-0.0049153008126314,0.0046462639294153,23.78914026914379,23.735955235545212,0.0045400954671889,0.0064158365019504,-0.08,-0.8300000000000001,0.0085579094893073,0.0188968137916434,-0.0035061291191633,-0.0031795237187805,0.0099999999999997,0.0099999999999997,0.0064158365019504,2025-12-22,-0.8300000000000001,2025-12-22,0.0188968137916434,2025-12-22,-0.0031795237187805,2025-12-22,0.0099999999999997,2025-12-22,1.0,1.0,1.0,1.0,1.0,Tuesday,0,Out_of_Sample,1,723,1,1
2025-12-24,-0.0002490387408431,-0.0066415618703312,23.963914816385255,24.500225111359004,-0.008023573330463,-0.0049153008126314,23.361234740512312,23.78914026914379,0.0032163381731992,0.0045400954671889,-0.5299999999999994,-0.08,-0.0004908198003828,0.0085579094893073,-1.021017648287461e-05,-0.0035061291191633,-0.0299999999999993,0.0099999999999997,0.0045400954671889,2025-12-23,-0.08,2025-12-23,0.0085579094893073,2025-12-23,-0.0035061291191633,2025-12-23,0.0099999999999997,2025-12-23,1.0,1.0,1.0,1.0,1.0,Wednesday,0,Out_of_Sample,1,724,1,1
2025-12-25,0.002335252326696,-0.0002490387408431,23.71665618768867,23.963914816385255,-0.001323173365883,-0.008023573330463,23.19380909018103,23.361234740512312,,,,,,,,,,,0.0032163381731992,2025-12-24,-0.5299999999999994,2025-12-24,-0.0004908198003828,2025-12-24,-1.021017648287461e-05,2025-12-24,-0.0299999999999993,2025-12-24,1.0,1.0,1.0,1.0,1.0,Thursday,0,Out_of_Sample,1,725,1,1
2025-12-26,-0.004811213680116,0.002335252326696,24.471726425291756,23.71665618768867,-0.0073841561550595,-0.001323173365883,23.64439287891062,23.19380909018103,-0.0003044295972362,0.0032163381731992,0.129999999999999,-0.5299999999999994,0.0107662779955749,-0.0004908198003828,0.0008266867175234,-1.021017648287461e-05,-0.0100000000000006,-0.0299999999999993,0.0032163381731992,2025-12-24,-0.5299999999999994,2025-12-24,-0.0004908198003828,2025-12-24,-1.021017648287461e-05,2025-12-24,-0.0299999999999993,2025-12-24,2.0,2.0,2.0,2.0,2.0,Friday,0,Out_of_Sample,1,726,1,1
2025-12-27,0.0019471045209177,-0.004811213680116,23.34366440595761,24.471726425291756,0.0030563675585152,-0.0073841561550595,22.721874597332977,23.64439287891062,,,,,,,,,,,-0.0003044295972362,2025-12-26,0.129999999999999,2025-12-26,0.0107662779955749,2025-12-26,0.0008266867175234,2025-12-26,-0.0100000000000006,2025-12-26,1.0,1.0,1.0,1.0,1.0,Saturday,1,Out_of_Sample,1,727,1,1
2025-12-28,-0.0006330785814658,0.0019471045209177,23.44169914184273,23.34366440595761,0.0007737076146253,0.0030563675585152,22.945464980507875,22.721874597332977,,,,,,,,,,,-0.0003044295972362,2025-12-26,0.129999999999999,2025-12-26,0.0107662779955749,2025-12-26,0.0008266867175234,2025-12-26,-0.0100000000000006,2025-12-26,2.0,2.0,2.0,2.0,2.0,Sunday,1,Out_of_Sample,1,728,1,1
2025-12-29,-0.0034935276376092,-0.0006330785814658,24.603005825316497,23.44169914184273,-0.0001362927024182,0.0007737076146253,23.979733915709105,22.945464980507875,-0.0034982053182543,-0.0003044295972362,0.5999999999999996,0.129999999999999,-0.0460879817388294,0.0107662779955749,0.0001530151641012,0.0008266867175234,-0.0199999999999995,-0.0100000000000006,-0.0003044295972362,2025-12-26,0.129999999999999,2025-12-26,0.0107662779955749,2025-12-26,0.0008266867175234,2025-12-26,-0.0100000000000006,2025-12-26,3.0,3.0,3.0,3.0,3.0,Monday,0,Out_of_Sample,1,729,1,1
2025-12-30,0.0109846166391908,-0.0034935276376092,24.295228149237797,24.603005825316497,0.0105552072599906,-0.0001362927024182,23.65801084317666,23.979733915709105,-0.0013766142974067,-0.0034982053182543,0.1300000000000007,0.5999999999999996,0.0103506304045429,-0.0460879817388294,0.0020481474488824,0.0001530151641012,0.0199999999999995,-0.0199999999999995,-0.0034982053182543,2025-12-29,0.5999999999999996,2025-12-29,-0.0460879817388294,2025-12-29,0.0001530151641012,2025-12-29,-0.0199999999999995,2025-12-29,1.0,1.0,1.0,1.0,1.0,Tuesday,0,Out_of_Sample,1,730,1,1
2025-12-31,-0.0058062780569171,0.0109846166391908,24.244620045436463,24.295228149237797,0.0043032236232183,0.0105552072599906,23.52370626809745,23.65801084317666,-0.0073848334483381,-0.0013766142974067,0.6199999999999992,0.1300000000000007,-0.0102350328253254,0.0103506304045429,0.0008547009067318,0.0020481474488824,0.04,0.0199999999999995,-0.0013766142974067,2025-12-30,0.1300000000000007,2025-12-30,0.0103506304045429,2025-12-30,0.0020481474488824,2025-12-30,0.0199999999999995,2025-12-30,1.0,1.0,1.0,1.0,1.0,Wednesday,0,Out_of_Sample,1,731,1,1
