Date,Stored_Lagged_Log_Volume,Expected_Source_Date,Expected_Previous_Day_Log_Volume,Absolute_Difference
2021-01-01,,2020-12-31,,
2021-01-02,23.337152187211448,2021-01-01,23.337152187284698,7.324985062950873e-11
2021-01-03,23.7059519370073,2021-01-02,23.705951937057957,5.065814434601634e-11
2021-01-04,24.534373175236475,2021-01-03,24.534373175258597,2.212274807789072e-11
2021-01-05,24.76536903731401,2021-01-04,24.76536903733157,1.7561063714310876e-11
2021-01-06,24.44982473969564,2021-01-05,24.449824739719716,2.4076740601230995e-11
2021-01-07,24.523237418832547,2021-01-06,24.52323741885492,2.2371438035406754e-11
2021-01-08,24.423778049402703,2021-01-07,24.42377804942742,2.4716229063415085e-11
2021-01-09,24.51503636012825,2021-01-08,24.5150363601508,2.254907371934678e-11
2021-01-10,24.22681236547332,2021-01-09,24.22681236550341,3.008793214576144e-11
2021-01-11,24.427451009976764,2021-01-10,24.427451010001384,2.462030579408747e-11
2021-01-12,24.829763422773873,2021-01-11,24.82976342279034,1.6466827901240322e-11
2021-01-13,24.347462804680276,2021-01-12,24.34746280470695,2.667377430043416e-11
2021-01-14,24.128116297815577,2021-01-13,24.12811629784879,3.321432018310588e-11
2021-01-15,24.23214850775522,2021-01-14,24.23214850778515,2.993161274389422e-11
2021-01-16,24.30600778779248,2021-01-15,24.306007787820278,2.779643182293512e-11
2021-01-17,24.19892856032913,2021-01-16,24.19892856036007,3.094058342867356e-11
2021-01-18,24.099419999211975,2021-01-17,24.099419999246155,3.418065830373962e-11
2021-01-19,23.97431667219529,2021-01-18,23.97431667223402,3.873168452628306e-11
2021-01-20,24.577573606973548,2021-01-19,24.577573606994736,2.1188384380366188e-11
2021-01-21,24.568807761748097,2021-01-20,24.56880776176947,2.1373125491663814e-11
2021-01-22,24.55043799711449,2021-01-21,24.550437997136257,2.176747671001067e-11
2021-01-23,24.505597803423004,2021-01-22,24.505597803445777,2.277289468111121e-11
2021-01-24,24.02846229980231,2021-01-23,24.028462299839,3.668887416097277e-11
2021-01-25,24.3183334858669,2021-01-24,24.31833348589436,2.7458924023449072e-11
2021-01-26,24.49753776498953,2021-01-25,24.497537765012485,2.2954083078730037e-11
2021-01-27,24.45071477658594,2021-01-26,24.450714776609995,2.4055424319158192e-11
2021-01-28,24.396889942448375,2021-01-27,24.39688994247376,2.538413923502958e-11
2021-01-29,24.268195090346904,2021-01-28,24.268195090375773,2.886935135393287e-11
2021-01-30,24.705037926029,2021-01-29,24.705037926047652,1.865174681370263e-11
2021-01-31,24.14480734090385,2021-01-30,24.144807340936513,3.2663649562891806e-11
2021-02-01,23.950064337611497,2021-01-31,23.950064337651185,3.9687364505880396e-11
2021-02-02,24.09779992192857,2021-02-01,24.0977999219628,3.4230396295242826e-11
2021-02-03,24.539595730883253,2021-02-02,24.53959573090526,2.2005508526490303e-11
2021-02-04,24.45794447238729,2021-02-03,24.457944472411167,2.3877788635218167e-11
2021-02-05,24.516434849758436,2021-02-04,24.51643484978096,2.2524204723595176e-11
2021-02-06,24.414857321528913,2021-02-05,24.414857321553846,2.4932944597821916e-11
2021-02-07,24.40897578969335,2021-02-06,24.40897578971843,2.5078605858652736e-11
2021-02-08,24.40937746794448,2021-02-07,24.40937746796955,2.5067947717616335e-11
2021-02-09,24.594722772519457,2021-02-08,24.594722772540287,2.0829560298807337e-11
2021-02-10,24.51155450218623,2021-02-09,24.511554502208863,2.263433884763799e-11
2021-02-11,24.458935471285,2021-02-10,24.45893547130886,2.3860025066824164e-11
2021-02-12,24.30738168782596,2021-02-11,24.30738168785372,2.7760904686147114e-11
2021-02-13,24.35834983901719,2021-02-12,24.358349839043573,2.638245177877252e-11
2021-02-14,24.288832666665225,2021-02-13,24.288832666693505,2.8279600883251987e-11
2021-02-15,24.171318652075517,2021-02-14,24.171318652107324,3.1807445566300885e-11
2021-02-16,24.38568865236728,2021-02-15,24.38568865239295,2.567190904301242e-11
2021-02-17,24.25751776787803,2021-02-16,24.257517767907213,2.9181990157667315e-11
2021-02-18,24.305545471755117,2021-02-17,24.305545471782928,2.781064267765032e-11
2021-02-19,24.064568227365744,2021-02-18,24.064568227401136,3.539213366821059e-11
2021-02-20,23.99164830270091,2021-02-19,23.991648302738977,3.806732706834737e-11
2021-02-21,24.269892869196575,2021-02-20,24.269892869225394,2.8819613362429664e-11
2021-02-22,23.8856368200111,2021-02-21,23.885636820053424,4.232347805555037e-11
2021-02-23,24.470641674158987,2021-02-22,24.470641674182566,2.3579360686198925e-11
2021-02-24,24.675083712072265,2021-02-23,24.675083712091485,1.922018100231071e-11
2021-02-25,24.1678100402526,2021-02-24,24.167810040284518,3.19175796903437e-11
2021-02-26,23.921190996192944,2021-02-25,23.921190996233793,4.084910187884816e-11
2021-02-27,24.171219502543543,2021-02-26,24.171219502575354,3.1810998279979685e-11
2021-02-28,23.75543144410475,2021-02-27,23.75543144415296,4.82103246213228e-11
2021-03-01,24.042422235266987,2021-02-28,24.04242223530317,3.61843888185831e-11
2021-03-02,23.902687008931565,2021-03-01,23.902687008973174,4.160938260611147e-11
2021-03-03,23.83783258084999,2021-03-02,23.83783258089439,4.439826284396986e-11
2021-03-04,23.844519160574485,2021-03-03,23.844519160618585,4.409983489495062e-11
2021-03-05,23.854669904742696,2021-03-04,23.854669904786352,4.3655745685100555e-11
2021-03-06,23.770980646813655,2021-03-05,23.770980646861123,4.746780746245349e-11
2021-03-07,23.84766667724163,2021-03-06,23.847666677285595,4.39648317751562e-11
2021-03-08,23.89336878471576,2021-03-07,23.893368784757758,4.199662839710072e-11
2021-03-09,24.042203847768192,2021-03-08,24.042203847804384,3.61914942459407e-11
2021-03-10,23.878615726803957,2021-03-09,23.878615726846583,4.262545871824841e-11
2021-03-11,23.948289651536143,2021-03-10,23.948289651575898,3.9754866065777605e-11
2021-03-12,23.901866722174212,2021-03-11,23.901866722215857,4.164490974289947e-11
2021-03-13,23.833924684217767,2021-03-12,23.83392468426234,4.4572345814231085e-11
2021-03-14,23.942729068257663,2021-03-13,23.942729068297638,3.9975134313863236e-11
2021-03-15,23.68567858998069,2021-03-14,23.68567859003238,5.169198402654729e-11
2021-03-16,23.9907313796103,2021-03-15,23.990731379648402,3.810285420513537e-11
2021-03-17,23.894148582668493,2021-03-16,23.894148582710457,4.196465397399152e-11
2021-03-18,23.922466054249483,2021-03-17,23.92246605429028,4.079581117366615e-11
2021-03-19,23.870166297285095,2021-03-18,23.870166297328083,4.298783551348606e-11
2021-03-20,23.77958968282953,2021-03-19,23.779589682876594,4.7062798103070236e-11
2021-03-21,23.844646796000724,2021-03-20,23.844646796044817,4.409272946759302e-11
2021-03-22,23.857777162170624,2021-03-21,23.857777162214145,4.3520742565306136e-11
2021-03-23,23.884482723490827,2021-03-22,23.8844827235332,4.2373216047053575e-11
2021-03-24,23.814228194597153,2021-03-23,23.81422819464261,4.545697152025241e-11
2021-03-25,24.164582613499498,2021-03-24,24.164582613531522,3.2024161100707715e-11
2021-03-26,24.112739048365796,2021-03-25,24.112739048399522,3.3725910952853155e-11
2021-03-27,23.838935115720084,2021-03-26,23.838935115764432,4.434852485246665e-11
2021-03-28,23.619303607632453,2021-03-27,23.619303607687694,5.524114499166899e-11
2021-03-29,23.53263678108195,2021-03-28,23.532636781142195,6.02433658514201e-11
2021-03-30,23.849875947031997,2021-03-29,23.849875947075866,4.3868908505828585e-11
2021-03-31,23.83734906055176,2021-03-30,23.837349060596182,4.4423131839721464e-11
2021-04-01,24.131998180051696,2021-03-31,24.13199818008478,3.3082869776990265e-11
2021-04-02,24.15448339643886,2021-04-01,24.154483396471207,3.234745804547856e-11
2021-04-03,24.274677906056297,2021-04-02,24.27467790608498,2.8684610242635245e-11
2021-04-04,24.189361639693132,2021-04-03,24.18936163972437,3.1239011377692805e-11
2021-04-05,23.98161241685866,2021-04-04,23.98161241689711,3.845102014565782e-11
2021-04-06,24.08674027712842,2021-04-05,24.086740277163035,3.461408937255328e-11
2021-04-07,24.098217317891383,2021-04-06,24.098217317925606,3.4223290867885225e-11
2021-04-08,24.31000934685161,2021-04-07,24.3100093468793,2.7689850412571104e-11
2021-04-09,23.95458221736411,2021-04-08,23.954582217403612,3.950262339458277e-11
2021-04-10,23.70957747997724,2021-04-09,23.709577480027715,5.0473403234718717e-11
2021-04-11,23.94159125480846,2021-04-10,23.941591254848486,4.0024872305366443e-11
2021-04-12,23.70352075843251,2021-04-11,23.703520758483293,5.078248932477436e-11
2021-04-13,23.80186467083869,2021-04-12,23.801864670884715,4.602540570886049e-11
2021-04-14,24.10618528829697,2021-04-13,24.10618528833092,3.394973191461759e-11
2021-04-15,24.295409852963225,2021-04-14,24.29540985299132,2.809485977195436e-11
2021-04-16,24.199125533802455,2021-04-15,24.199125533833392,3.093703071499476e-11
2021-04-17,24.312240097371134,2021-04-16,24.31224009739876,2.7625901566352695e-11
2021-04-18,24.199873953022717,2021-04-17,24.19987395305363,3.091216171924316e-11
2021-04-19,24.649120122059372,2021-04-18,24.649120122079097,1.972466634470038e-11
2021-04-20,24.251408741913853,2021-04-19,24.251408741943212,2.935962584160734e-11
2021-04-21,24.39788112267891,2021-04-20,24.39788112270427,2.5359270239277976e-11
2021-04-22,24.3842361192373,2021-04-21,24.384236119263008,2.5707436179800425e-11
2021-04-23,24.704365265218996,2021-04-22,24.704365265237662,1.8665957668417832e-11
2021-04-24,24.73809691396678,2021-04-23,24.738096913984823,1.8044232774627744e-11
2021-04-25,24.184435924005033,2021-04-24,24.18443592403643,3.1395330779560027e-11
2021-04-26,24.183183457131804,2021-04-25,24.183183457163235,3.143085791634803e-11
2021-04-27,24.28454840885739,2021-04-26,24.28454840888579,2.8400393148331204e-11
2021-04-28,24.19758880312753,2021-04-27,24.197588803158514,3.098321599281917e-11
2021-04-29,24.25750789919133,2021-04-28,24.25750789922051,2.9178437443988514e-11
2021-04-30,24.20690697959901,2021-04-29,24.206906979629707,3.069544618483633e-11
2021-05-01,24.117008161564996,2021-04-30,24.11700816159858,3.3583802405701135e-11
2021-05-02,24.0810756187914,2021-05-01,24.081075618826215,3.481659405224491e-11
2021-05-03,24.056613017132648,2021-05-02,24.05661301716832,3.567279804883583e-11
2021-05-04,24.61863676719769,2021-05-03,24.618636767218025,2.0335733097454067e-11
2021-05-05,24.856863886752656,2021-05-04,24.85686388676868,1.602273869139026e-11
2021-05-06,24.601405188118022,2021-05-05,24.601405188138717,2.0694557179012918e-11
2021-05-07,24.514259425650796,2021-05-06,24.514259425673366,2.2570390001419582e-11
2021-05-08,24.402277779781297,2021-05-07,24.402277779806543,2.524558340155636e-11
2021-05-09,24.6394499984635,2021-05-08,24.639449998483418,1.9916512883355608e-11
2021-05-10,24.64659054244956,2021-05-09,24.646590542469337,1.977795704988239e-11
2021-05-11,24.861496319183537,2021-05-10,24.861496319199485,1.594813170413545e-11
2021-05-12,24.68749673782202,2021-05-11,24.687496737841002,1.8982149185831076e-11
2021-05-13,24.957711156240936,2021-05-12,24.957711156255424,1.4487966382148443e-11
2021-05-14,25.085066990306203,2021-05-13,25.085066990318957,1.2754242106893798e-11
2021-05-15,24.598090923265264,2021-05-14,24.59809092328602,2.0754953311552526e-11
2021-05-16,24.470940517046284,2021-05-15,24.470940517069856,2.3572255258841324e-11
2021-05-17,24.58103282100044,2021-05-16,24.581032821021555,2.1113777393111377e-11
2021-05-18,24.713392430074222,2021-05-17,24.713392430092725,1.850253283919301e-11
2021-05-19,24.422504578328944,2021-05-18,24.42250457835369,2.474465077284549e-11
2021-05-20,25.159815135192556,2021-05-19,25.159815135204393,1.1837641977763269e-11
2021-05-21,24.937033965159575,2021-05-20,24.937033965174365,1.4789947044846485e-11
2021-05-22,24.70805723258318,2021-05-21,24.708057232601774,1.8594903394841822e-11
2021-05-23,24.463074538615892,2021-05-22,24.46307453863965,2.375699637013895e-11
2021-05-24,24.74871970062244,2021-05-23,24.748719700640297,1.7855938949651318e-11
2021-05-25,24.706625238142077,2021-05-24,24.7066252381607,1.8623325104272226e-11
2021-05-26,24.626416262310507,2021-05-25,24.626416262330686,2.0179413695586845e-11
2021-05-27,24.472764407449866,2021-05-26,24.47276440747339,2.3526069981016917e-11
2021-05-28,24.231032062433787,2021-05-27,24.23103206246375,2.9963587167003425e-11
2021-05-29,24.41212316094048,2021-05-28,24.41212316096548,2.4996893444040325e-11
2021-05-30,24.24294882873503,2021-05-29,24.24294882876464,2.9608315799123375e-11
2021-05-31,23.976605673162855,2021-05-30,23.9766056732015,3.864641939799185e-11
2021-06-01,24.15749117920354,2021-05-31,24.15749117923579,3.225153477615095e-11
2021-06-02,24.032465725759607,2021-06-01,24.032465725796154,3.654676561382075e-11
2021-06-03,24.045537874415775,2021-06-02,24.045537874451846,3.6070701980861486e-11
2021-06-04,24.125735988360063,2021-06-03,24.12573598839336,3.3296032597718295e-11
2021-06-05,24.254726323180925,2021-06-04,24.254726323210186,2.9260149858600926e-11
2021-06-06,24.140883423592527,2021-06-05,24.140883423625315,3.278799454164982e-11
2021-06-07,23.954530182775947,2021-06-06,23.954530182815457,3.950972882194037e-11
2021-06-08,24.1442694824014,2021-06-07,24.144269482434083,3.268496584496461e-11
2021-06-09,24.458784018214654,2021-06-08,24.458784018238518,2.3863577780502965e-11
2021-06-10,24.308889009559262,2021-06-09,24.308889009586984,2.772182483568031e-11
2021-06-11,24.08202973153973,2021-06-10,24.082029731574508,3.4777514201778104e-11
2021-06-12,23.93542170117075,2021-06-11,23.93542170121102,4.027000954920368e-11
2021-06-13,23.970704411267032,2021-06-12,23.970704411305906,3.887379307343508e-11
2021-06-14,24.02253921249315,2021-06-13,24.022539212530063,3.6912695122737205e-11
2021-06-15,24.01778985380056,2021-06-14,24.017789853837648,3.708677809299843e-11
2021-06-16,24.090743692399727,2021-06-15,24.090743692434202,3.447553353908006e-11
2021-06-17,23.905557598730557,2021-06-16,23.90555759877205,4.149214305471105e-11
2021-06-18,23.808456345847357,2021-06-17,23.808456345893077,4.5719872332483646e-11
2021-06-19,23.847954859857047,2021-06-18,23.847954859900998,4.3950620920441e-11
2021-06-20,23.65530482650259,2021-06-19,23.655304826555877,5.3287152468328713e-11
2021-06-21,23.8383767801444,2021-06-20,23.838376780188774,4.4373393848218257e-11
2021-06-22,24.242103246262015,2021-06-21,24.24210324629165,2.963318479487498e-11
2021-06-23,24.294128682893653,2021-06-22,24.294128682921784,2.8130386908742366e-11
2021-06-24,24.06995983726024,2021-06-23,24.06995983729544,3.520028712955536e-11
2021-06-25,23.7325481806987,2021-06-24,23.732548180748026,4.9325876716466155e-11
2021-06-26,23.848900080895557,2021-06-25,23.84890008093947,4.391154106997419e-11
2021-06-27,23.750377698813203,2021-06-26,23.75037769886166,4.845546186516003e-11
2021-06-28,23.713255389698748,2021-06-27,23.713255389749037,5.028866212342109e-11
2021-06-29,23.96251678563475,2021-06-28,23.962516785673944,3.9193537304527126e-11
2021-06-30,23.93471915983583,2021-06-29,23.934719159876128,4.029843125863408e-11
2021-07-01,23.974727190274155,2021-06-30,23.974727190312873,3.871747367156786e-11
2021-07-02,24.092687054729716,2021-07-01,24.092687054764124,3.440803197918285e-11
2021-07-03,24.182613017563856,2021-07-02,24.182613017595305,3.1448621484742034e-11
2021-07-04,23.581651543114592,2021-07-03,23.58165154317195,5.735856234423409e-11
2021-07-05,23.656436698819885,2021-07-04,23.65643669887311,5.3226756335789105e-11
2021-07-06,23.72417443165413,2021-07-05,23.724174431703872,4.9741544216885814e-11
2021-07-07,23.7626255092637,2021-07-06,23.762625509311565,4.786571139447915e-11
2021-07-08,23.832252921873437,2021-07-07,23.832252921918084,4.4646952801485895e-11
2021-07-09,23.866906074591142,2021-07-08,23.86690607463427,4.312639134695928e-11
2021-07-10,23.860045079136412,2021-07-09,23.860045079179834,4.342126658229972e-11
2021-07-11,23.590115465456893,2021-07-10,23.590115465513772,5.687894599759602e-11
2021-07-12,23.411479667567143,2021-07-11,23.41147966763515,6.800604523959919e-11
2021-07-13,23.60067218808892,2021-07-12,23.600672188145197,5.6274984672199935e-11
2021-07-14,23.533970615435443,2021-07-13,23.53397061549561,6.016520615048648e-11
2021-07-15,23.576444406324708,2021-07-14,23.576444406382368,5.766054300693213e-11
2021-07-16,23.476167825364104,2021-07-15,23.476167825427847,6.374278882503859e-11
2021-07-17,23.423590885546787,2021-07-16,23.42359088561397,6.718181566611747e-11
2021-07-18,23.315851468371715,2021-07-17,23.315851468446542,7.482725550289615e-11
2021-07-19,23.347345032841012,2021-07-18,23.34734503291352,7.250733347063942e-11
2021-07-20,23.37352698876464,2021-07-19,23.373526988835273,7.063150064823276e-11
2021-07-21,23.577929679110024,2021-07-20,23.5779296791676,5.757527787864092e-11
2021-07-22,23.77978082598408,2021-07-21,23.779780826031132,4.7052139962033834e-11
2021-07-23,23.585208417719265,2021-07-22,23.585208417776425,5.715961037822126e-11
2021-07-24,23.508301306792493,2021-07-23,23.50830130685422,6.17284001691587e-11
2021-07-25,23.49943854160416,2021-07-24,23.499438541666436,6.227551807569398e-11
2021-07-26,23.40198908526658,2021-07-25,23.40198908533523,6.864908641546208e-11
2021-07-27,24.11152400801216,2021-07-26,24.111524008045926,3.376499080331996e-11
2021-07-28,23.861689686782615,2021-07-27,23.861689686825965,4.335021230872371e-11
2021-07-29,23.667246941725423,2021-07-28,23.667246941778078,5.2654769433502224e-11
2021-07-30,23.515251044765535,2021-07-29,23.515251044826837,6.130207452770264e-11
2021-07-31,23.7295843249783,2021-07-30,23.729584325027776,4.9475090690975776e-11
2021-08-01,23.61373260605109,2021-07-31,23.61373260610664,5.555023108172463e-11
2021-08-02,23.84554208151063,2021-08-01,23.845542081554687,4.405720233080501e-11
2021-08-03,23.821678973774524,2021-08-02,23.821678973819644,4.511946372076636e-11
2021-08-04,23.84548772975148,2021-08-03,23.84548772979554,4.406075504448381e-11
2021-08-05,23.94368839193062,2021-08-04,23.94368839197056,3.993960717707523e-11
2021-08-06,24.159119945262276,2021-08-05,24.159119945294474,3.219824407096894e-11
2021-08-07,24.00148839939997,2021-08-06,24.001488399437665,3.7694292132073315e-11
2021-08-08,24.22223905705555,2021-08-07,24.22223905708578,3.023004069291346e-11
2021-08-09,24.07083871812298,2021-08-08,24.07083871815815,3.516831270644616e-11
2021-08-10,24.188478507133823,2021-08-09,24.188478507165094,3.127098580080201e-11
2021-08-11,24.0412707841662,2021-08-10,24.04127078420242,3.621991595537111e-11
2021-08-12,24.00901626663268,2021-08-11,24.009016266670095,3.7413627751448075e-11
2021-08-13,23.958160663552025,2021-08-12,23.95816066359139,3.936406756110955e-11
2021-08-14,23.89584077947874,2021-08-13,23.895840779520636,4.189715241409431e-11
2021-08-15,23.712016905144893,2021-08-14,23.712016905195245,5.03526109696395e-11
2021-08-16,23.821834670956353,2021-08-15,23.82183467100147,4.511591100708756e-11
2021-08-17,23.86223400947736,2021-08-16,23.862234009520687,4.332889602665091e-11
2021-08-18,23.9622993925247,2021-08-17,23.9622993925639,3.920064273188473e-11
2021-08-19,23.79314261600463,2021-08-18,23.793142616051057,4.6426862354564946e-11
2021-08-20,23.69605135396606,2021-08-19,23.69605135401722,5.1162629688406014e-11
2021-08-21,23.76232671259737,2021-08-20,23.76232671264525,4.787992224919435e-11
2021-08-22,23.61994972183161,2021-08-21,23.61994972188681,5.5202065141202183e-11
2021-08-23,23.494808916442313,2021-08-22,23.49480891650488,6.256684059735562e-11
2021-08-24,23.74423255232358,2021-08-23,23.744232552372335,4.8753889814179274e-11
2021-08-25,23.72552818835696,2021-08-24,23.725528188406635,4.9674042656988604e-11
2021-08-26,23.662572099652596,2021-08-25,23.6625720997055,5.290345939101826e-11
2021-08-27,23.580061743971203,2021-08-26,23.580061744028654,5.74509328998829e-11
2021-08-28,23.640474357181382,2021-08-27,23.64047435723547,5.4086513046058826e-11
2021-08-29,23.34136461229354,2021-08-28,23.34136461236648,7.294076453945308e-11
2021-08-30,23.31077320247035,2021-08-29,23.31077320254556,7.52073958665278e-11
2021-08-31,23.68372965011674,2021-08-30,23.683729650168534,5.17950127232325e-11
2021-09-01,24.02943810769158,2021-08-31,24.029438107728236,3.665689973786357e-11
2021-09-02,24.12682343457293,2021-09-01,24.126823434606184,3.325340003357269e-11
2021-09-03,23.91733233294316,2021-09-02,23.917332332984166,4.100542128071538e-11
2021-09-04,23.98932158143587,2021-09-03,23.98932158147403,3.815969762399618e-11
2021-09-05,23.758553543013523,2021-09-04,23.758553543061584,4.8061110646813177e-11
2021-09-06,23.634064677235013,2021-09-05,23.634064677289448,5.4434678986581275e-11
2021-09-07,23.65043503224625,2021-09-06,23.650435032299796,5.354650056688115e-11
2021-09-08,24.39018968088243,2021-09-07,24.390189680907984,2.5554669491612003e-11
2021-09-09,24.18079411071535,2021-09-08,24.18079411074686,3.150901761728164e-11
2021-09-10,23.90622660153516,2021-09-09,23.90622660157662,4.1460168631601846e-11
2021-09-11,23.830359419693323,2021-09-10,23.830359419738055,4.473221792977711e-11
2021-09-12,23.64788457775002,2021-09-11,23.647884577803705,5.368505640035437e-11
2021-09-13,23.54526425902281,2021-09-12,23.5452642590823,5.948663783783559e-11
2021-09-14,23.846579780048007,2021-09-13,23.846579780092018,4.4011017052980606e-11
2021-09-15,23.67428422154109,2021-09-14,23.67428422159337,5.228173449722817e-11
2021-09-16,23.588237265162867,2021-09-15,23.588237265219853,5.6985527407960035e-11
2021-09-17,23.723682275848297,2021-09-16,23.72368227589806,4.9762860498958617e-11
2021-09-18,23.598093138298736,2021-09-17,23.59809313835516,5.6424198646709556e-11
2021-09-19,23.495555779118373,2021-09-18,23.49555577918089,6.251710260585241e-11
2021-09-20,23.380556618177337,2021-09-19,23.380556618247475,7.013767344687949e-11
2021-09-21,24.032774906552177,2021-09-20,24.03277490658871,3.653255475910555e-11
2021-09-22,24.137874966526063,2021-09-21,24.13787496655895,3.288747052465624e-11
2021-09-23,23.89051579191943,2021-09-22,23.89051579196155,4.212097337585874e-11
2021-09-24,23.64191677866764,2021-09-23,23.641916778721644,5.4004800631446415e-11
2021-09-25,23.965679375141097,2021-09-24,23.965679375180166,3.906919232576911e-11
2021-09-26,23.66416100496194,2021-09-25,23.66416100501476,5.281819426272705e-11
2021-09-27,23.77598158478932,2021-09-26,23.77598158483655,4.722977564597386e-11
2021-09-28,23.676302157100913,2021-09-27,23.676302157153096,5.218225851422176e-11
2021-09-29,23.550288237184574,2021-09-28,23.550288237243766,5.919176260249515e-11
2021-09-30,23.480960196699037,2021-09-29,23.480960196762474,6.343725544866174e-11
2021-10-01,23.59462834168522,2021-09-30,23.594628341741842,5.6623150612722384e-11
2021-10-02,23.82819441090575,2021-10-01,23.828194410950573,4.482458848542592e-11
2021-10-03,23.67831525754951,2021-10-02,23.678315257601586,5.207567710385774e-11
2021-10-04,23.465174119886168,2021-10-03,23.465174119950618,6.444977884711989e-11
2021-10-05,23.599491007675205,2021-10-04,23.59949100773155,5.6346038945775945e-11
2021-10-06,23.5346299610637,2021-10-05,23.534629961123823,6.012257358634088e-11
2021-10-07,23.8077059331329,2021-10-06,23.807705933178656,4.575539946927165e-11
2021-10-08,23.672447390570326,2021-10-07,23.67244739062271,5.2384763193913386e-11
2021-10-09,23.50963600037124,2021-10-08,23.50963600043288,6.163958232718869e-11
2021-10-10,23.265421766881076,2021-10-09,23.265421766959776,7.86997134127887e-11
2021-10-11,23.506531525295316,2021-10-10,23.50653152535715,6.183498157952272e-11
2021-10-12,23.64530795194273,2021-10-11,23.645307951996553,5.382361223382759e-11
2021-10-13,23.61970683098936,2021-10-12,23.619706831044578,5.5216275995917385e-11
2021-10-14,23.50897286108472,2021-10-13,23.508972861146404,6.16822148913343e-11
2021-10-15,23.69077865624528,2021-10-14,23.690778656296708,5.142908321431605e-11
2021-10-16,23.76620805115501,2021-10-15,23.766208051202707,4.7695181137896725e-11
2021-10-17,23.531348120527145,2021-10-16,23.531348120587467,6.03215255523537e-11
2021-10-18,23.490093643556595,2021-10-17,23.490093643619453,6.285816311901726e-11
2021-10-19,23.57894286420085,2021-10-18,23.57894286425837,5.751843445978011e-11
2021-10-20,23.49577687698151,2021-10-19,23.495776877044012,6.250289175113721e-11
2021-10-21,23.735772627695372,2021-10-20,23.73577262774454,4.916955731459893e-11
2021-10-22,24.06332023525767,2021-10-21,24.063320235293105,3.5434766232356196e-11
2021-10-23,23.690235296727963,2021-10-22,23.690235296779424,5.1461057637425256e-11
2021-10-24,23.41664479252096,2021-10-23,23.416644792588613,6.765432658539794e-11
2021-10-25,23.429853878814612,2021-10-24,23.429853878881378,6.676614816569781e-11
2021-10-26,23.49558746351932,2021-10-25,23.49558746358184,6.251710260585241e-11
2021-10-27,23.565713738103813,2021-10-26,23.565713738162096,5.828226790072222e-11
2021-10-28,23.989770405281764,2021-10-27,23.989770405319906,3.814193405560218e-11
2021-10-29,23.97975163900587,2021-10-28,23.97975163904439,3.852207441923383e-11
2021-10-30,23.85735218899578,2021-10-29,23.85735218903932,4.354205884737894e-11
2021-10-31,23.405347804976948,2021-10-30,23.40534780504537,6.842171274001885e-11
2021-11-01,23.58536158309227,2021-10-31,23.585361583149417,5.714895223718486e-11
2021-11-02,23.6128199418221,2021-11-01,23.612819941877703,5.560352178690664e-11
2021-11-03,23.757951875622386,2021-11-02,23.75795187567047,4.808597964256478e-11
2021-11-04,23.77823179623713,2021-11-03,23.778231796284253,4.7123194235609844e-11
2021-11-05,23.636444662020057,2021-11-04,23.636444662074357,5.4299675866786856e-11
2021-11-06,23.437033236081653,2021-11-05,23.43703323614794,6.628653181905975e-11
2021-11-07,23.392511222931095,2021-11-06,23.392511223000398,6.930278573236137e-11
2021-11-08,23.329015726519422,2021-11-07,23.329015726593273,7.385025924122601e-11
2021-11-09,23.682899125563328,2021-11-08,23.68289912561517,5.184119800105691e-11
2021-11-10,23.759860390305196,2021-11-09,23.759860390353193,4.799716180059477e-11
2021-11-11,23.84775012390958,2021-11-10,23.84775012395354,4.39577263477986e-11
2021-11-12,23.60991964343002,2021-11-11,23.60991964348578,5.576339390245266e-11
2021-11-13,23.631044118916464,2021-11-12,23.63104411897106,5.45981038158061e-11
2021-11-14,23.39447473927173,2021-11-13,23.394474739340897,6.916778261256695e-11
2021-11-15,23.222483117696992,2021-11-14,23.22248311777914,8.214939839490398e-11
2021-11-16,23.51294833083129,2021-11-15,23.51294833089273,6.144063036117586e-11
2021-11-17,24.034447434759663,2021-11-16,24.034447434796135,3.647215862656594e-11
2021-11-18,23.822612886491072,2021-11-17,23.82261288653615,4.5076831156620756e-11
2021-11-19,23.785873783977877,2021-11-18,23.78587378402464,4.6764370154050994e-11
2021-11-20,23.749831329017763,2021-11-19,23.749831329066247,4.8483883574590436e-11
2021-11-21,23.46076229525171,2021-11-20,23.460762295316442,6.473399594142393e-11
2021-11-22,23.36907400067473,2021-11-21,23.369074000745677,7.0947692165646e-11
2021-11-23,23.706531670185488,2021-11-22,23.706531670236114,5.062616992290714e-11
2021-11-24,23.820358001977308,2021-11-23,23.820358002022488,4.517985985330597e-11
2021-11-25,23.806919108692533,2021-11-24,23.806919108738324,4.5790926606059656e-11
2021-11-26,23.65207586083142,2021-11-25,23.652075860884878,5.345768272491114e-11
2021-11-27,23.992142349690205,2021-11-26,23.99214234972825,3.8046010786274564e-11
2021-11-28,23.527576909681017,2021-11-27,23.527576909741565,6.054889922779694e-11
2021-11-29,23.492920655747483,2021-11-28,23.492920655810167,6.268408014875604e-11
2021-11-30,23.672245849836816,2021-11-29,23.672245849889208,5.239186862127099e-11
2021-12-01,24.07759360288973,2021-11-30,24.077593602924665,3.4933833603645326e-11
2021-12-02,24.042342650997934,2021-12-01,24.04234265103412,3.61843888185831e-11
2021-12-03,23.7914429981776,2021-12-02,23.791442998224106,4.650502205549856e-11
2021-12-04,23.97672052314698,2021-12-03,23.97672052318562,3.863931397063425e-11
2021-12-05,24.3733784536219,2021-12-04,24.373378453647888,2.5988100560425664e-11
2021-12-06,23.96324002602612,2021-12-05,23.963240026065286,3.916511559509672e-11
2021-12-07,24.0636340232038,2021-12-06,24.063634023239224,3.5424108091319795e-11
2021-12-08,23.83081732471821,2021-12-07,23.830817324762922,4.4710901647704304e-11
2021-12-09,23.652020089213845,2021-12-08,23.652020089267307,5.346123543858994e-11
2021-12-10,23.827679041801787,2021-12-09,23.827679041846636,4.4849457481177524e-11
2021-12-11,24.055991483841996,2021-12-10,24.055991483877694,3.5697667044587433e-11
2021-12-12,23.674602156467696,2021-12-11,23.674602156519967,5.227107635619177e-11
2021-12-13,23.3664292901716,2021-12-12,23.366429290242735,7.113598599062243e-11
2021-12-14,23.90131305835585,2021-12-13,23.90131305839752,4.1669778738651075e-11
2021-12-15,23.894494762063292,2021-12-14,23.894494762105243,4.1950443119276315e-11
2021-12-16,23.997053576744413,2021-12-15,23.997053576782275,3.786126967497694e-11
2021-12-17,23.71023640128357,2021-12-16,23.710236401334008,5.043787609793071e-11
2021-12-18,23.864981576304068,2021-12-17,23.864981576347276,4.320810376157169e-11
2021-12-19,23.69526345323553,2021-12-18,23.695263453286728,5.119815682519402e-11
2021-12-20,23.506286556012252,2021-12-19,23.506286556074105,6.185274514791672e-11
2021-12-21,23.79548175413566,2021-12-20,23.795481754181978,4.631672823052213e-11
2021-12-22,23.519849074382783,2021-12-21,23.5198490744438,6.10178574333986e-11
2021-12-23,23.356718647615978,2021-12-22,23.356718647687806,7.182876515798853e-11
2021-12-24,23.61404160999524,2021-12-23,23.614041610050773,5.553246751333063e-11
2021-12-25,23.27029329247396,2021-12-24,23.270293292552275,7.831602033547824e-11
2021-12-26,23.111550119513616,2021-12-25,23.111550119605404,9.178791060548974e-11
2021-12-27,23.13893352889927,2021-12-26,23.138933528988577,8.930811645768699e-11
2021-12-28,23.159013754827235,2021-12-27,23.159013754914767,8.753175961828674e-11
2021-12-29,23.57394186417078,2021-12-28,23.573941864228583,5.780265155408415e-11
2021-12-30,23.47836218528837,2021-12-29,23.478362185351973,6.360423299156537e-11
2021-12-31,23.28245850248386,2021-12-30,23.282458502561227,7.736744578323851e-11
2022-01-01,23.373495188470088,2021-12-31,23.373495188540723,7.063505336191156e-11
2022-01-02,23.003215824494827,2022-01-01,23.003215824597117,1.0228973224002402e-10
2022-01-03,23.013927279720676,2022-01-02,23.013927279821875,1.0119904914063227e-10
2022-01-04,23.214881422495697,2022-01-03,23.214881422578475,8.277822871605167e-11
2022-01-05,23.36452972909669,2022-01-04,23.364529729167963,7.127098911041685e-11
2022-01-06,23.617039496363905,2022-01-05,23.61703949641927,5.5365489970427006e-11
2022-01-07,23.91348665312421,2022-01-06,23.913486653165368,4.1158187968903803e-11
2022-01-08,23.921701342963587,2022-01-07,23.92170134300441,4.0824232883096556e-11
2022-01-09,23.49821007652569,2022-01-08,23.498210076588045,6.235367777662759e-11
2022-01-10,23.23568095733298,2022-01-09,23.235680957414054,8.107292615022743e-11
2022-01-11,23.69551165763809,2022-01-10,23.695511657689277,5.118749868415762e-11
2022-01-12,23.44531408616015,2022-01-11,23.44531408622589,6.573941391252447e-11
2022-01-13,23.536448829119173,2022-01-12,23.536448829179186,6.001243946229806e-11
2022-01-14,23.450756918549768,2022-01-13,23.450756918615152,6.538414254464442e-11
2022-01-15,23.33060818048989,2022-01-14,23.330608180563615,7.3725914262468e-11
2022-01-16,22.987110005782025,2022-01-15,22.987110005885977,1.0395240224170266e-10
2022-01-17,22.975182164073313,2022-01-16,22.97518216417851,1.0519585202928283e-10
2022-01-18,23.23646103408092,2022-01-17,23.236461034161927,8.100542459033022e-11
2022-01-19,23.29007147744803,2022-01-18,23.290071477524812,7.678124802623643e-11
2022-01-20,23.302529496052408,2022-01-19,23.302529496128237,7.582912076031789e-11
2022-01-21,23.08844281673923,2022-01-20,23.08844281683316,9.393019695380644e-11
2022-01-22,24.011529351979743,2022-01-21,24.011529352017064,3.732125719579926e-11
2022-01-23,24.032702108054075,2022-01-22,24.03270210809061,3.653610747278435e-11
2022-01-24,23.525503740292475,2022-01-23,23.525503740353148,6.067324420655495e-11
2022-01-25,24.063325296359334,2022-01-24,24.06332529639477,3.5434766232356196e-11
2022-01-26,23.507027961831536,2022-01-25,23.50702796189334,6.180300715641351e-11
2022-01-27,23.778676842280344,2022-01-26,23.778676842327446,4.710187795353704e-11
2022-01-28,23.50373113132447,2022-01-27,23.503731131386484,6.201261726346274e-11
2022-01-29,23.408813228407045,2022-01-28,23.40881322847523,6.818368092353921e-11
2022-01-30,23.13668209376764,2022-01-29,23.13668209385715,8.951062113737862e-11
2022-01-31,22.97468617223908,2022-01-30,22.97468617234433,1.0525269544814364e-10
2022-02-01,23.346355982133275,2022-01-31,23.346355982205854,7.257838774421543e-11
2022-02-02,23.30309215355604,2022-02-01,23.30309215363183,7.579004090985109e-11
2022-02-03,23.353448273587112,2022-02-02,23.35344827365918,7.206679697446816e-11
2022-02-04,23.26922878516901,2022-02-03,23.269228785247407,7.839773275009065e-11
2022-02-05,23.667032154611032,2022-02-04,23.6670321546637,5.2668980288217426e-11
2022-02-06,23.29603789842562,2022-02-05,23.296037898501943,7.632294796167116e-11
2022-02-07,22.97097417229513,2022-02-06,22.970974172400766,1.056363885254541e-10
2022-02-08,23.44436807409905,2022-02-07,23.44436807416485,6.579981004506408e-11
2022-02-09,23.56445207204589,2022-02-08,23.564452072104242,5.835332217429823e-11
2022-02-10,23.358839139381285,2022-02-09,23.35883913945296,7.16759984698001e-11
2022-02-11,23.64801138188647,2022-02-10,23.648011381940147,5.367795097299677e-11
2022-02-12,23.498593371775133,2022-02-11,23.49859337183746,6.232880878087599e-11
2022-02-13,23.144021069062624,2022-02-12,23.144021069151478,8.885336910680053e-11
2022-02-14,22.926578904309032,2022-02-13,22.92657890441947,1.1043610470551357e-10
2022-02-15,23.221791999680615,2022-02-14,23.22179199976282,8.220624181376479e-11
2022-02-16,23.35668285220972,2022-02-15,23.35668285228155,7.183231787166733e-11
2022-02-17,23.237116766295888,2022-02-16,23.237116766376847,8.095923931250582e-11
2022-02-18,23.487079055212345,2022-02-17,23.487079055275395,6.305000965767249e-11
2022-02-19,23.479990222984785,2022-02-18,23.479990223048286,6.350120429488015e-11
2022-02-20,23.00301037605258,2022-02-19,23.00301037615489,1.0231104852209683e-10
2022-02-21,23.177836796878815,2022-02-20,23.17783679696472,8.590461675339611e-11
2022-02-22,23.648918545561656,2022-02-21,23.648918545615288,5.363176569517236e-11
2022-02-23,23.518117423975003,2022-02-22,23.518117424036127,6.112443884376262e-11
2022-02-24,23.31722397536323,2022-02-23,23.317223975437958,7.472777951988974e-11
2022-02-25,24.10127451566729,2022-02-24,24.101274515701405,3.411670945752121e-11
2022-02-26,23.568692647807588,2022-02-25,23.568692647865696,5.810818493046099e-11
2022-02-27,23.184959159443075,2022-02-26,23.184959159528365,8.528999728696363e-11
2022-02-28,23.505238965949378,2022-02-27,23.505238966011294,6.191669399413513e-11
2022-03-01,23.68161419551605,2022-02-28,23.681614195567953,5.190159413359652e-11
2022-03-02,23.65485555287893,2022-03-01,23.654855552932244,5.331202146408032e-11
2022-03-03,23.5348659657609,2022-03-02,23.53486596582101,6.010836273162568e-11
2022-03-04,23.29520606492204,2022-03-03,23.295206064998425,7.638334409421077e-11
2022-03-05,23.39720336229472,2022-03-04,23.397203362363697,6.897593607391173e-11
2022-03-06,22.811712757707543,2022-03-05,22.811712757831422,1.2387957326609467e-10
2022-03-07,22.90627615837103,2022-03-06,22.906276158483728,1.1269918331890949e-10
2022-03-08,23.403883087444427,2022-03-07,23.40388308751295,6.852118872302526e-11
2022-03-09,23.35680244847405,2022-03-08,23.356802448545867,7.181810701695213e-11
2022-03-10,23.374651530311088,2022-03-09,23.37465153038164,7.055334094729915e-11
2022-03-11,23.310464089066333,2022-03-10,23.31046408914156,7.522871214860061e-11
2022-03-12,23.239543527917387,2022-03-11,23.239543527998148,8.076028734649299e-11
2022-03-13,22.600131568390378,2022-03-12,22.600131568543446,1.5306866885111958e-10
2022-03-14,22.87874210880864,2022-03-13,22.878742108924488,1.1584688763832673e-10
2022-03-15,23.143135960635178,2022-03-14,23.143135960724106,8.892797609405534e-11
2022-03-16,23.277473525155276,2022-03-15,23.27747352523303,7.775469157422776e-11
2022-03-17,23.60891031489639,2022-03-16,23.608910314952208,5.581668460763467e-11
2022-03-18,23.263706935888703,2022-03-17,23.263706935967537,7.883471653258312e-11
2022-03-19,23.485228242651804,2022-03-18,23.48522824271497,6.316724920907291e-11
2022-03-20,23.17223983238619,2022-03-19,23.17223983247257,8.638068038635538e-11
2022-03-21,23.2636645339842,2022-03-20,23.263664534063032,7.883116381890432e-11
2022-03-22,23.444963558736003,2022-03-21,23.444963558801767,6.576428290827607e-11
2022-03-23,23.546460884445725,2022-03-22,23.54646088450514,5.941558356425958e-11
2022-03-24,23.496402387725738,2022-03-23,23.496402387788198,6.246025918699161e-11
2022-03-25,23.61754678654195,2022-03-24,23.617546786597295,5.5344173688354203e-11
2022-03-26,23.55827191609237,2022-03-25,23.558271916151085,5.871569896953588e-11
2022-03-27,22.906664242876197,2022-03-26,22.906664242988853,1.1265655075476388e-10
2022-03-28,23.32089584258674,2022-03-27,23.32089584266119,7.44506678529433e-11
2022-03-29,23.749549176111024,2022-03-28,23.74954917615952,4.849454171562684e-11
2022-03-30,23.69538774841063,2022-03-29,23.695387748461826,5.119460411151522e-11
2022-03-31,23.451282451342905,2022-03-30,23.451282451408254,6.534861540785641e-11
2022-04-01,23.59601068782288,2022-03-31,23.59601068787942,5.654143819810997e-11
2022-04-02,23.766977895782496,2022-04-01,23.766977895830152,4.765610128742992e-11
2022-04-03,23.883306576958834,2022-04-02,23.88330657700126,4.242650675223558e-11
2022-04-04,23.453325943134768,2022-04-03,23.453325943199985,6.52171650017408e-11
2022-04-05,23.625235069124965,2022-04-04,23.62523506917988,5.491429533321934e-11
2022-04-06,23.537566349660587,2022-04-05,23.537566349720535,5.994849061607965e-11
2022-04-07,23.967129397251952,2022-04-06,23.967129397290964,3.90123489069083e-11
2022-04-08,23.54139519966533,2022-04-07,23.54139519972505,5.971756422695762e-11
2022-04-09,23.588721453700725,2022-04-08,23.58872145375768,5.695710569852963e-11
2022-04-10,23.01661966825108,2022-04-09,23.016619668352007,1.0092549018736463e-10
2022-04-11,23.06766968736747,2022-04-10,23.067669687463376,9.590550575921952e-11
2022-04-12,23.809378195105207,2022-04-11,23.809378195150888,4.568079248201684e-11
2022-04-13,23.730714574386415,2022-04-12,23.730714574435833,4.941824727211497e-11
2022-04-14,23.501368928876506,2022-04-13,23.50136892893866,6.215472581061476e-11
2022-04-15,23.4846305506943,2022-04-14,23.484630550757505,6.320632905953971e-11
2022-04-16,23.14422503852326,2022-04-15,23.144225038612095,8.883560553840653e-11
2022-04-17,22.894227472050357,2022-04-16,22.894227472164424,1.1406697808524768e-10
2022-04-18,23.071119785478153,2022-04-17,23.071119785573728,9.557510338709108e-11
2022-04-19,23.648005811078225,2022-04-18,23.648005811131906,5.368150368667557e-11
2022-04-20,23.373406878657978,2022-04-19,23.373406878728616,7.063860607559036e-11
2022-04-21,23.467156831922537,2022-04-20,23.467156831986852,6.431477572732547e-11
2022-04-22,23.757429622556792,2022-04-21,23.757429622604906,4.8114401351995184e-11
2022-04-23,23.54362011987871,2022-04-22,23.543620119938293,5.95825611071632e-11
2022-04-24,22.933401770501455,2022-04-23,22.93340177061114,1.0968648211928667e-10
2022-04-25,22.99506482150368,2022-04-24,22.995064821606807,1.0312817266822094e-10
2022-04-26,23.829317388777547,2022-04-25,23.829317388822325,4.4778403207601514e-11
2022-04-27,23.670440302781618,2022-04-26,23.670440302834105,5.24877918905986e-11
2022-04-28,23.580843707698364,2022-04-27,23.580843707755772,5.7408300335737295e-11
2022-04-29,23.63797917742804,2022-04-28,23.637979177482258,5.4217963452174445e-11
2022-04-30,23.65558116810485,2022-04-29,23.655581168158122,5.327294161361351e-11
2022-05-01,23.32750556985369,2022-04-30,23.32750556992765,7.395684065159003e-11
2022-05-02,23.453255606080596,2022-05-01,23.453255606145817,6.52207177154196e-11
2022-05-03,23.646951019540673,2022-05-02,23.646951019594407,5.3734794391857577e-11
2022-05-04,23.29022035342456,2022-05-03,23.290220353501333,7.677414259887883e-11
2022-05-05,23.62395914083528,2022-05-04,23.623959140890268,5.4988902320474153e-11
2022-05-06,23.84311328016923,2022-05-05,23.8431132802134,4.417088916852663e-11
2022-05-07,23.76910166275037,2022-05-06,23.769101662797926,4.7556625304423505e-11
2022-05-08,23.316225102960523,2022-05-07,23.316225103035322,7.479883379346575e-11
2022-05-09,23.75832794918966,2022-05-08,23.75832794923773,4.807176878784958e-11
2022-05-10,24.316007880339857,2022-05-09,24.31600788036738,2.752287286966748e-11
2022-05-11,24.366156315420184,2022-05-10,24.36615631544636,2.617639438540209e-11
2022-05-12,24.54631333747158,2022-05-11,24.546313337493444,2.1863399979338283e-11
2022-05-13,24.471910400119143,2022-05-12,24.471910400142693,2.355093897676852e-11
2022-05-14,23.93475833469314,2022-05-13,23.934758334733434,4.029487854495528e-11
2022-05-15,23.461330698571636,2022-05-14,23.46133069863633,6.469491609095712e-11
2022-05-16,23.42100225571163,2022-05-15,23.421002255778987,6.73558986363787e-11
2022-05-17,23.78943570678306,2022-05-16,23.789435706829657,4.659739261114737e-11
2022-05-18,23.641573143805452,2022-05-17,23.641573143859475,5.402256419984042e-11
2022-05-19,23.59914224239168,2022-05-18,23.599142242448046,5.636735522784875e-11
2022-05-20,23.653619125018267,2022-05-19,23.653619125071646,5.3379523023977526e-11
2022-05-21,23.489112022349175,2022-05-20,23.489112022412098,6.292211196523567e-11
2022-05-22,22.868825402395636,2022-05-21,22.86882540251264,1.170050722976157e-10
2022-05-23,23.11579431632819,2022-05-22,23.115794316419592,9.140066481450049e-11
2022-05-24,23.522650428380885,2022-05-23,23.522650428441732,6.084732717681618e-11
2022-05-25,23.292598573886135,2022-05-24,23.29259857396272,7.65858487739024e-11
2022-05-26,23.31587119643476,2022-05-25,23.315871196509583,7.482370278921735e-11
2022-05-27,23.87850649010206,2022-05-26,23.878506490144687,4.262901143192721e-11
2022-05-28,23.96079696577525,2022-05-27,23.96079696581451,3.9261038864424336e-11
2022-05-29,23.86805489007616,2022-05-28,23.868054890119236,4.3076653355456074e-11
2022-05-30,23.08812652706448,2022-05-29,23.088126527158444,9.396217137691565e-11
2022-05-31,23.697815775800542,2022-05-30,23.697815775851616,5.1073811846436e-11
2022-06-01,23.633609900553015,2022-05-31,23.633609900607475,5.445954798233288e-11
2022-06-02,23.769586550136196,2022-06-01,23.76958655018373,4.75317563086719e-11
2022-06-03,23.560297842624735,2022-06-02,23.560297842683333,5.859845941813546e-11
2022-06-04,23.423149570438905,2022-06-03,23.423149570506116,6.721023737554788e-11
2022-06-05,22.88405130930335,2022-06-04,22.884051309418584,1.1523582088557305e-10
2022-06-06,22.90372690371598,2022-06-05,22.90372690382897,1.1299050584057113e-10
2022-06-07,23.527745097855018,2022-06-06,23.527745097915556,6.053824108676054e-11
2022-06-08,23.902155848847094,2022-06-07,23.902155848888732,4.163780431554187e-11
2022-06-09,23.615939167690623,2022-06-08,23.61593916774605,5.5425886102966615e-11
2022-06-10,23.209262175557832,2022-06-09,23.209262175641076,8.324363420797454e-11
2022-06-11,23.641292776801272,2022-06-10,23.641292776855312,5.404032776823442e-11
2022-06-12,23.773821895903847,2022-06-11,23.77382189595118,4.7332804342659074e-11
2022-06-13,23.87877897740867,2022-06-12,23.878778977451283,4.261480057721201e-11
2022-06-14,24.53353932777559,2022-06-13,24.533539327797733,2.2144064359963522e-11
2022-06-15,24.22965851636867,2022-06-14,24.229658516398672,3.000266701747023e-11
2022-06-16,24.348672853453735,2022-06-15,24.348672853480373,2.6638247163646156e-11
2022-06-17,23.6628335691996,2022-06-16,23.662833569252484,5.288569582262426e-11
2022-06-18,23.40370408188516,2022-06-17,23.40370408195369,6.853184686406166e-11
2022-06-19,23.798520988070297,2022-06-18,23.798520988116472,4.617461968337011e-11
2022-06-20,23.80496853668452,2022-06-19,23.8049685367304,4.587974444802967e-11
2022-06-21,23.70589723906665,2022-06-20,23.70589723911731,5.065814434601634e-11
2022-06-22,23.472591653763224,2022-06-21,23.472591653827195,6.397016250048182e-11
2022-06-23,23.43202202165021,2022-06-22,23.43202202171683,6.662048690486699e-11
2022-06-24,23.40824274644837,2022-06-23,23.40824274651659,6.821920806032722e-11
2022-06-25,23.555393453814116,2022-06-24,23.555393453873002,5.88862292261183e-11
2022-06-26,23.247549131960422,2022-06-25,23.24754913204054,8.01172461706301e-11
2022-06-27,23.2161909051211,2022-06-26,23.216190905203767,8.266809459200886e-11
2022-06-28,23.248372307744862,2022-06-27,23.248372307824912,8.004974461073289e-11
2022-06-29,23.3639793408476,2022-06-28,23.36397934091891,7.131006896088365e-11
2022-06-30,23.45674248310669,2022-06-29,23.456742483171684,6.499334403997636e-11
2022-07-01,23.51753994098971,2022-06-30,23.51753994105087,6.115996598055062e-11
2022-07-02,23.58543549595991,2022-07-01,23.585435496017055,5.714539952350606e-11
2022-07-03,23.019390470037507,2022-07-02,23.019390470138156,1.0064837852041819e-10
2022-07-04,22.870044497611257,2022-07-03,22.870044497728117,1.1685941103678488e-10
2022-07-05,23.33853454123559,2022-07-04,23.33853454130874,7.315037464650231e-11
2022-07-06,23.508000392206736,2022-07-05,23.508000392268478,6.17426110238739e-11
2022-07-07,23.45591347232106,2022-07-06,23.455913472386108,6.504663474515837e-11
2022-07-08,23.378674178193876,2022-07-07,23.378674178264145,7.026912385299511e-11
2022-07-09,23.515407711861265,2022-07-08,23.515407711922553,6.128786367298744e-11
2022-07-10,22.90044110835045,2022-07-09,22.900441108463806,1.1335643534948758e-10
2022-07-11,23.119756308837516,2022-07-10,23.11975630892855,9.103473530558404e-11
2022-07-12,23.21350660251001,2022-07-11,23.2135066025929,8.289191555377329e-11
2022-07-13,23.25563498049496,2022-07-12,23.25563498057443,7.94706522810884e-11
2022-07-14,23.630308315591492,2022-07-13,23.63030831564613,5.4637183666272904e-11
2022-07-15,23.537994134695268,2022-07-14,23.537994134755188,5.992006890664925e-11
2022-07-16,23.580393770782173,2022-07-15,23.580393770839606,5.74331693314889e-11
2022-07-17,23.633658814585555,2022-07-16,23.63365881464001,5.445599526865408e-11
2022-07-18,23.50082417373306,2022-07-17,23.50082417379525,6.219025294740277e-11
2022-07-19,24.03528296851314,2022-07-18,24.035282968549584,3.644373691713554e-11
2022-07-20,24.04662885016914,2022-07-19,24.04662885020517,3.603162213039468e-11
2022-07-21,23.85626600357949,2022-07-20,23.856266003623077,4.3588244125203346e-11
2022-07-22,23.71947582572631,2022-07-21,23.71947582577629,4.997957603336545e-11
2022-07-23,23.663807789506336,2022-07-22,23.663807789559172,5.283595783112105e-11
2022-07-24,23.431236793775543,2022-07-23,23.431236793842217,6.6673777610049e-11
2022-07-25,23.569212447601895,2022-07-24,23.569212447659975,5.807976322103059e-11
2022-07-26,23.747831213612233,2022-07-25,23.74783121366081,4.857625413023925e-11
2022-07-27,23.626804063502224,2022-07-26,23.626804063557053,5.482903020492813e-11
2022-07-28,23.859087130510275,2022-07-27,23.85908713055374,4.346389914644533e-11
2022-07-29,24.02763655494362,2022-07-28,24.027636554980344,3.672440129776078e-11
2022-07-30,23.869550801593626,2022-07-29,23.86955080163663,4.3005599081880064e-11
2022-07-31,23.469059883605528,2022-07-30,23.469059883669726,6.419753617592505e-11
2022-08-01,23.376559586832464,2022-07-31,23.376559586902882,7.041833782750473e-11
2022-08-02,23.50774429382304,2022-08-01,23.5077442938848,6.176037459226791e-11
2022-08-03,23.740078465713314,2022-08-02,23.74007846576227,4.89563944938709e-11
2022-08-04,23.54382407898103,2022-08-03,23.5438240790406,5.95719029661268e-11
2022-08-05,23.3951664874467,2022-08-04,23.395166487515823,6.912159733474255e-11
2022-08-06,23.643546490918176,2022-08-05,23.643546490972096,5.39195355031552e-11
2022-08-07,23.187792187542943,2022-08-06,23.187792187627995,8.505196547048399e-11
2022-08-08,23.050747457348542,2022-08-07,23.050747457446086,9.754330676514655e-11
2022-08-09,23.54710742674409,2022-08-08,23.547107426803468,5.937650371379277e-11
2022-08-10,23.518631905409684,2022-08-09,23.518631905470777,6.109246442065341e-11
2022-08-11,23.880797095220117,2022-08-10,23.880797095262647,4.2529535448920797e-11
2022-08-12,23.89408466105919,2022-08-11,23.894084661101157,4.196820668767032e-11
2022-08-13,23.566321288411032,2022-08-12,23.56632128846928,5.824674076393421e-11
2022-08-14,23.49828754806697,2022-08-13,23.498287548129312,6.234301963559119e-11
2022-08-15,23.36679561139623,2022-08-14,23.366795611467342,7.111111699487083e-11
2022-08-16,23.736343373546763,2022-08-15,23.736343373595904,4.914113560516853e-11
2022-08-17,23.472942760208717,2022-08-16,23.472942760272666,6.394884621840902e-11
2022-08-18,23.734305754597013,2022-08-17,23.734305754646254,4.924061158817494e-11
2022-08-19,23.4312728523828,2022-08-18,23.43127285244947,6.66702248963702e-11
2022-08-20,23.977754286368462,2022-08-19,23.97775428640707,3.8607339547525044e-11
2022-08-21,23.632054745543357,2022-08-20,23.632054745597898,5.454126039694529e-11
2022-08-22,23.486386235244023,2022-08-21,23.486386235307123,6.30997476491757e-11
2022-08-23,23.64411714884418,2022-08-22,23.64411714889807,5.3887561080046e-11
2022-08-24,23.631370648169167,2022-08-23,23.631370648223744,5.4576787533733295e-11
2022-08-25,23.543509132804772,2022-08-24,23.54350913286436,5.95896665345208e-11
2022-08-26,23.419162191366656,2022-08-25,23.419162191434136,6.748024361513671e-11
2022-08-27,24.00844275906438,2022-08-26,24.008442759101815,3.743494403352088e-11
2022-08-28,23.620328047048226,2022-08-27,23.620328047103413,5.518785428648698e-11
2022-08-29,23.274550948361604,2022-08-28,23.274550948439582,7.79785125359922e-11
2022-08-30,23.61173787418207,2022-08-29,23.61173787423773,5.566036520576745e-11
2022-08-31,23.8068159504197,2022-08-30,23.8068159504655,4.579803203341726e-11
2022-09-01,23.748152993361963,2022-08-31,23.748152993410525,4.856204327552405e-11
2022-09-02,23.52263504047808,2022-09-01,23.52263504053893,6.085087989049498e-11
2022-09-03,23.5973093849386,2022-09-02,23.597309384995068,5.646683121085516e-11
2022-09-04,22.97632722616662,2022-09-03,22.9763272262717,1.0507861247788242e-10
2022-09-05,22.907534064097092,2022-09-04,22.90753406420965,1.1255707477175747e-10
2022-09-06,23.292861396995928,2022-09-05,23.292861397072496,7.65680852055084e-11
2022-09-07,23.856412043021862,2022-09-06,23.856412043065443,4.3581138697845745e-11
2022-09-08,23.69677110332281,2022-09-07,23.696771103373933,5.112354983793921e-11
2022-09-09,23.592359860741112,2022-09-08,23.592359860797863,5.67510483051592e-11
2022-09-10,23.73104148159406,2022-09-09,23.731041481643462,4.9404036417399766e-11
2022-09-11,23.29823621712644,2022-09-10,23.298236217202597,7.615597041876754e-11
2022-09-12,23.246134549305168,2022-09-11,23.246134549385395,8.022738029467291e-11
2022-09-13,23.596174403165033,2022-09-12,23.596174403221568,5.653433277075237e-11
2022-09-14,23.861661133451584,2022-09-13,23.861661133494934,4.335021230872371e-11
2022-09-15,23.607907330749725,2022-09-14,23.607907330805602,5.587708074017428e-11
2022-09-16,24.01711093840772,2022-09-15,24.017110938444834,3.711519980242883e-11
2022-09-17,23.542547543608283,2022-09-16,23.54254754366793,5.964650995338161e-11
2022-09-18,23.102635906596664,2022-09-17,23.102635906689272,9.260858746529266e-11
2022-09-19,23.48088588060255,2022-09-18,23.480885880665994,6.344436087601935e-11
2022-09-20,23.65246903474954,2022-09-19,23.65246903480298,5.3439919156517135e-11
2022-09-21,23.412630357694898,2022-09-20,23.41263035776282,6.792078011130798e-11
2022-09-22,23.750666714670032,2022-09-21,23.750666714718474,4.844125101044483e-11
2022-09-23,23.638954796022514,2022-09-22,23.638954796076682,5.416822546067124e-11
2022-09-24,23.65558462768316,2022-09-23,23.65558462773643,5.326938889993471e-11
2022-09-25,23.21632332132962,2022-09-24,23.21632332141228,8.265743645097245e-11
2022-09-26,23.19159005783449,2022-09-25,23.191590057919218,8.472866852571315e-11
2022-09-27,23.49801156062256,2022-09-26,23.498011560684926,6.236433591766399e-11
2022-09-28,23.606422681896323,2022-09-27,23.60642268195228,5.595879315478669e-11
2022-09-29,23.667440547828644,2022-09-28,23.667440547881288,5.264411129246582e-11
2022-09-30,23.347710906739003,2022-09-29,23.347710906811482,7.247891176120902e-11
2022-10-01,23.380029767706574,2022-09-30,23.38002976777675,7.01767532973463e-11
2022-10-02,22.55231486691035,2022-10-01,22.552314867070923,1.6057200014074624e-10
2022-10-03,22.74856155253058,2022-10-02,22.748561552662537,1.319548914580082e-10
2022-10-04,23.041042049088247,2022-10-03,23.041042049186743,9.849543403106509e-11
2022-10-05,23.039731641865153,2022-10-04,23.039731641963773,9.86197790098231e-11
2022-10-06,23.003037861449915,2022-10-05,23.003037861552222,1.0230749580841803e-10
2022-10-07,23.210961498905014,2022-10-06,23.210961498988116,8.310152566082252e-11
2022-10-08,23.031993958345684,2022-10-07,23.03199395844507,9.938716516444401e-11
2022-10-09,22.4819296724183,2022-10-08,22.481929672590574,1.722746389987151e-10
2022-10-10,22.42550717590251,2022-10-09,22.425507176084785,1.822755280045385e-10
2022-10-11,22.89739134535463,2022-10-10,22.89739134546834,1.1370815400368883e-10
2022-10-12,22.950571761742783,2022-10-11,22.950571761850604,1.078213074379164e-10
2022-10-13,22.846202426713432,2022-10-12,22.84620242683311,1.1967671298407367e-10
2022-10-14,23.585411756479814,2022-10-13,23.58541175653696,5.714539952350606e-11
2022-10-15,23.296928488931464,2022-10-14,23.29692848900772,7.625544640177395e-11
2022-10-16,22.639969693438484,2022-10-15,22.639969693585577,1.4709300444337714e-10
2022-10-17,22.737051594382628,2022-10-16,22.73705159451611,1.3348255833989242e-10
2022-10-18,22.964102076725155,2022-10-17,22.964102076831523,1.06368247543287e-10
2022-10-19,23.066680713806377,2022-10-18,23.066680713902375,9.599787631486834e-11
2022-10-20,22.845610340630973,2022-10-19,22.845610340750724,1.1975131997132848e-10
2022-10-21,22.921502346106873,2022-10-20,22.921502346217874,1.1100098618044285e-10
2022-10-22,23.06627911044615,2022-10-21,23.06627911054219,9.604050887901394e-11
2022-10-23,22.693913832969702,2022-10-22,22.693913833109068,1.3936585219198605e-10
2022-10-24,23.016760832405488,2022-10-23,23.016760832506403,1.0091483204632823e-10
2022-10-25,23.295329838506703,2022-10-24,23.295329838583083,7.637979138053197e-11
2022-10-26,23.95672643678496,2022-10-25,23.95672643682438,3.941735826629156e-11
2022-10-27,24.210810577122828,2022-10-26,24.210810577153403,3.057465391975711e-11
2022-10-28,23.85061826985037,2022-10-27,23.850618269894202,4.383338136904058e-11
2022-10-29,23.717728465091675,2022-10-28,23.717728465141736,5.006128844797786e-11
2022-10-30,23.796799297457767,2022-10-29,23.796799297504023,4.625633209798252e-11
2022-10-31,23.357315895865653,2022-10-30,23.357315895937443,7.178968530752172e-11
2022-11-01,23.683729403003294,2022-10-31,23.68372940305509,5.17950127232325e-11
2022-11-02,23.397918580537503,2022-11-01,23.397918580606433,6.892975079608732e-11
2022-11-03,23.86975238396394,2022-11-02,23.869752384006947,4.3005599081880064e-11
2022-11-04,23.37990701815811,2022-11-03,23.379907018228298,7.01874114383827e-11
2022-11-05,23.75855359198751,2022-11-04,23.75855359203557,4.8061110646813177e-11
2022-11-06,23.121794835261976,2022-11-05,23.12179483535283,9.085354690796521e-11
2022-11-07,23.17708977778247,2022-11-06,23.177089777868435,8.596501288593572e-11
2022-11-08,23.449808222056255,2022-11-07,23.4498082221217,6.544453867718403e-11
2022-11-09,24.462077741619815,2022-11-08,24.462077741643597,2.3781865365890553e-11
2022-11-10,24.38334687964366,2022-11-09,24.38334687966939,2.5728752461873228e-11
2022-11-11,24.076008072584287,2022-11-10,24.076008072619278,3.4990677022506134e-11
2022-11-12,23.76399724536177,2022-11-11,23.763997245409573,4.780176254826074e-11
2022-11-13,23.117970823188063,2022-11-12,23.11797082327926,9.119816013480886e-11
2022-11-14,23.09513957765464,2022-11-13,23.095139577747947,9.330847206001636e-11
2022-11-15,23.43318333775886,2022-11-14,23.4331833378254,6.654232720393338e-11
2022-11-16,23.191196845235744,2022-11-15,23.191196845320505,8.476064294882235e-11
2022-11-17,23.20312322715135,2022-11-16,23.203123227235107,8.375522497772181e-11
2022-11-18,22.997826577541367,2022-11-17,22.99782657764421,1.028439555739169e-10
2022-11-19,22.800193393461996,2022-11-18,22.80019339358731,1.2531486959233007e-10
2022-11-20,22.511476646456337,2022-11-19,22.511476646623596,1.6725820728424878e-10
2022-11-21,22.990327651977267,2022-11-20,22.990327652080882,1.0361489444221661e-10
2022-11-22,23.368028233674213,2022-11-21,23.368028233745235,7.102229915290081e-11
2022-11-23,23.211555985823484,2022-11-22,23.211555985906536,8.305178766931931e-11
2022-11-24,23.14298273528129,2022-11-23,23.14298273537024,8.894929237612814e-11
2022-11-25,22.99604845274058,2022-11-24,22.996048452843606,1.0302514397153573e-10
2022-11-26,22.424974441163062,2022-11-25,22.424974441345437,1.8237500398754491e-10
2022-11-27,22.347426940902327,2022-11-26,22.347426941099403,1.970761331904214e-10
2022-11-28,22.224445008589328,2022-11-27,22.224445008812193,2.2286528178483422e-10
2022-11-29,22.707766262834426,2022-11-28,22.70776626297187,1.3744383409175498e-10
2022-11-30,22.756585664587313,2022-11-29,22.756585664718212,1.3089973549540446e-10
2022-12-01,23.00940903007624,2022-11-30,23.009409030177896,1.0165379649151873e-10
2022-12-02,22.648672253205653,2022-12-01,22.64867225335147,1.4581758023268776e-10
2022-12-03,22.550013631325648,2022-12-02,22.550013631486582,1.609343769359839e-10
2022-12-04,22.458915061342815,2022-12-03,22.4589150615191,1.7628565274208086e-10
2022-12-05,22.366936747228507,2022-12-04,22.36693674742178,1.9327117684042605e-10
2022-12-06,22.534886677333425,2022-12-05,22.534886677496814,1.6338930208803504e-10
2022-12-07,22.35038897578045,2022-12-06,22.350388975976944,1.964934881470981e-10
2022-12-08,22.47284912779989,2022-12-07,22.47284912797374,1.738484911584237e-10
2022-12-09,22.552203841751876,2022-12-08,22.552203841912462,1.6058621099546144e-10
2022-12-10,22.46481631231706,2022-12-09,22.464816312492307,1.752482603478711e-10
2022-12-11,21.91187116383658,2022-12-10,21.911871164141225,3.0464519795714295e-10
2022-12-12,21.93580361137213,2022-12-11,21.935803611669574,2.9744384733021434e-10
2022-12-13,22.362477938909983,2022-12-12,22.362477939104117,1.9413448626437457e-10
2022-12-14,22.899480478636264,2022-12-13,22.899480478749734,1.134701221872092e-10
2022-12-15,22.78134525301445,2022-12-14,22.78134525314215,1.276987404708052e-10
2022-12-16,22.520486994464132,2022-12-15,22.52048699462989,1.6575896211179497e-10
2022-12-17,22.95304488758514,2022-12-16,22.95304488769269,1.0755130119832756e-10
2022-12-18,22.348037304448987,2022-12-17,22.348037304645942,1.9695534092534217e-10
2022-12-19,21.932253800013967,2022-12-18,21.932253800312466,2.984990032928181e-10
2022-12-20,22.321365329960013,2022-12-19,22.321365330162294,2.0228085872986412e-10
2022-12-21,22.623124824587173,2022-12-20,22.623124824736763,1.495905621595739e-10
2022-12-22,22.162433143235848,2022-12-21,22.16243314347297,2.3712232177786063e-10
2022-12-23,22.39049551331194,2022-12-22,22.39049551350071,1.8876988860938582e-10
2022-12-24,22.29931901371863,2022-12-23,22.29931901392542,2.0678925238826196e-10
2022-12-25,21.68878600601928,2022-12-24,21.68878600640007,3.807869575211953e-10
2022-12-26,22.095136695154817,2022-12-25,22.09513669540845,2.5363178224324656e-10
2022-12-27,21.91174881088333,2022-12-26,21.911748811188016,3.0468427780760976e-10
2022-12-28,22.132185000307256,2022-12-27,22.132185000551665,2.4440893753308046e-10
2022-12-29,22.331036286136065,2022-12-28,22.3310362863364,2.0033397163388145e-10
2022-12-30,22.142084003251675,2022-12-29,22.142084003493675,2.420001976588537e-10
2022-12-31,22.123381308223507,2022-12-30,22.123381308470073,2.4656543473611237e-10
2023-01-01,21.828030273285584,2022-12-31,21.82803027361687,3.312869978344679e-10
2023-01-02,21.598598960938567,2023-01-01,21.59859896135529,4.1672265638226236e-10
2023-01-03,22.049215138200033,2023-01-02,22.049215138465584,2.6555113663562224e-10
2023-01-04,21.94497210903956,2023-01-03,21.944972109334284,2.9472246865225316e-10
2023-01-05,22.580253728806515,2023-01-04,22.580253728962656,1.5614176618328202e-10
2023-01-06,22.110006712363955,2023-01-05,22.110006712613842,2.4988722202579083e-10
2023-01-07,22.328143927576356,2023-01-06,22.32814392777727,2.0091306396352593e-10
2023-01-08,21.66530756668457,2023-01-07,21.6653075670744,3.8982861383374257e-10
2023-01-09,21.97462465007689,2023-01-08,21.974624650363005,2.8611424340851954e-10
2023-01-10,22.80151151686852,2023-01-09,22.80151151699367,1.2515144476310525e-10
2023-01-11,22.486312554362968,2023-01-10,22.48631255453449,1.7152146369880938e-10
2023-01-12,22.56617843998165,2023-01-11,22.566178440140003,1.5835510680517473e-10
2023-01-13,23.227173570494763,2023-01-12,23.227173570576525,8.176215260391473e-11
2023-01-14,22.762425370058164,2023-01-13,22.762425370188303,1.3013945476814115e-10
2023-01-15,23.460526948973936,2023-01-14,23.460526949038684,6.474820679613913e-11
2023-01-16,22.63644830157667,2023-01-15,22.636448301724286,1.4761525335416081e-10
2023-01-17,22.857962957716953,2023-01-16,22.857962957835234,1.1828049650830508e-10
2023-01-18,22.751343395687687,2023-01-17,22.751343395819276,1.3158896194909175e-10
2023-01-19,23.0607238005831,2023-01-18,23.06072380067967,9.656986321715522e-11
2023-01-20,22.584650688517577,2023-01-19,22.584650688673037,1.5545964515695232e-10
2023-01-21,22.866725618425328,2023-01-20,22.866725618542574,1.1724665682777413e-10
2023-01-22,22.904727982859185,2023-01-21,22.904727982972062,1.1287681900284952e-10
2023-01-23,22.74056448355043,2023-01-22,22.740564483683443,1.3301360013429075e-10
2023-01-24,22.83523596269227,2023-01-23,22.835235962813268,1.2099832247258746e-10
2023-01-25,22.82499156780409,2023-01-24,22.824991567926336,1.2224532497384644e-10
2023-01-26,23.084022988846396,2023-01-25,23.084022988940745,9.43494171679049e-11
2023-01-27,22.85093967781318,2023-01-26,22.850939677932292,1.191118315091444e-10
2023-01-28,22.81814576275113,2023-01-27,22.818145762874213,1.2308376540204335e-10
2023-01-29,22.48175344533982,2023-01-28,22.481753445512123,1.723030607081455e-10
2023-01-30,22.89816439992156,2023-01-29,22.898164400035178,1.1361933616171882e-10
2023-01-31,22.94033858738254,2023-01-30,22.94033858749147,1.0892975410570216e-10
2023-02-01,22.608089179921382,2023-01-31,22.608089180073236,1.518536407729698e-10
2023-02-02,22.817222705817315,2023-02-01,22.817222705940512,1.2319745223976497e-10
2023-02-03,23.080157381761243,2023-02-02,23.080157381855958,9.471534667682135e-11
2023-02-04,22.823675968693184,2023-02-03,22.82367596881559,1.2240519708939246e-10
2023-02-05,22.488561972582588,2023-02-04,22.488561972753725,1.7113777062149893e-10
2023-02-06,22.658648845441533,2023-02-05,22.6586488455859,1.4436807305173716e-10
2023-02-07,22.65766309282079,2023-02-06,22.657663092965308,1.4451728702624678e-10
2023-02-08,22.80648491399692,2023-02-07,22.80648491412145,1.2453327258299396e-10
2023-02-09,22.77816998129874,2023-02-08,22.778169981426842,1.2810374983018846e-10
2023-02-10,23.077016282923857,2023-02-09,23.077016283018867,9.50102219121618e-11
2023-02-11,22.851186529793292,2023-02-10,22.851186529912376,1.19083409799714e-10
2023-02-12,22.34542398624219,2023-02-11,22.345423986439663,1.9747403712244704e-10
2023-02-13,22.39468251745632,2023-02-12,22.3946825176443,1.879776334590133e-10
2023-02-14,22.960122913794116,2023-02-13,22.96012291390091,1.0679457318474306e-10
2023-02-15,22.94784344633434,2023-02-14,22.94784344644245,1.0811262995957804e-10
2023-02-16,23.02735331639253,2023-02-15,23.02735331649238,9.984901794268808e-11
2023-02-17,23.265250566292092,2023-02-16,23.265250566370803,7.87103715538251e-11
2023-02-18,23.005897493491148,2023-02-17,23.005897493593164,1.0201617328675638e-10
2023-02-19,22.426455842361364,2023-02-18,22.426455842543465,1.8210144503427728e-10
2023-02-20,22.663322315654373,2023-02-19,22.66332231579807,1.4369661016644386e-10
2023-02-21,22.764954139016776,2023-02-20,22.764954139146585,1.298090523960127e-10
2023-02-22,22.88906948423899,2023-02-21,22.88906948435365,1.1466028126960737e-10
2023-02-23,22.941315068586576,2023-02-22,22.941315068695395,1.0881961998165934e-10
2023-02-24,22.921960019106496,2023-02-23,22.921960019217444,1.1094769547526084e-10
2023-02-25,22.910342365799064,2023-02-24,22.91034236591131,1.1224443596802303e-10
2023-02-26,22.45628085318028,2023-02-25,22.456280853357033,1.7675105823400372e-10
2023-02-27,22.468626580834403,2023-02-26,22.468626581008984,1.7458035017625662e-10
2023-02-28,22.70286282716685,2023-02-27,22.702862827304973,1.3812240240440588e-10
2023-03-01,22.56756667292059,2023-02-28,22.56756667307873,1.581383912707679e-10
2023-03-02,22.764726036255613,2023-03-01,22.76472603638545,1.298374741054431e-10
2023-03-03,22.680674047214968,2023-03-02,22.68067404735619,1.412239214459987e-10
2023-03-04,23.01804455926032,2023-03-03,23.018044559361105,1.0078338164021261e-10
2023-03-05,22.202377584122218,2023-03-04,22.202377584350053,2.2783552822147612e-10
2023-03-06,22.33687229650271,2023-03-05,22.336872296701873,1.9916512883355608e-10
2023-03-07,22.38057031478293,2023-03-06,22.380570314973582,1.9065282685915008e-10
2023-03-08,22.64810677349361,2023-03-07,22.64810677363951,1.4589929264730017e-10
2023-03-09,22.687623006502715,2023-03-08,22.687623006642962,1.4024692518432857e-10
2023-03-10,22.97011595249877,2023-03-09,22.9701159526045,1.0572875908110291e-10
2023-03-11,23.262123511991035,2023-03-10,23.26212351206999,7.895550879766233e-11
2023-03-12,23.425772712436206,2023-03-11,23.425772712503246,6.703970711896545e-11
2023-03-13,23.163956294164787,2023-03-12,23.163956294251886,8.709832854947308e-11
2023-03-14,23.477656789553023,2023-03-13,23.47765678961667,6.364686555571097e-11
2023-03-15,23.505791356717587,2023-03-14,23.50579135677947,6.188116685734713e-11
2023-03-16,23.266074968062476,2023-03-15,23.266074968141123,7.864642270760669e-11
2023-03-17,22.960243054954475,2023-03-16,22.960243055061255,1.0678036233002786e-10
2023-03-18,23.24638669328944,2023-03-17,23.24638669336965,8.020961672627891e-11
2023-03-19,23.05713854885864,2023-03-18,23.057138548955564,9.692513458503527e-11
2023-03-20,22.939264786744303,2023-03-19,22.939264786853347,1.0904344094342378e-10
2023-03-21,23.11918875748168,2023-03-20,23.11918875757277,9.108802601076604e-11
2023-03-22,23.09897385064741,2023-03-21,23.098973850740357,9.29460952647787e-11
2023-03-23,23.247721956738673,2023-03-22,23.247721956818776,8.01030353159149e-11
2023-03-24,23.1223392204089,2023-03-23,23.1223392204997,9.08002562027832e-11
2023-03-25,23.113281912325096,2023-03-24,23.113281912416724,9.162803848994372e-11
2023-03-26,22.612501307378324,2023-03-25,22.61250130752951,1.5118573060135532e-10
2023-03-27,22.667791214362182,2023-03-26,22.667791214505236,1.4305356899058097e-10
2023-03-28,22.873369777676142,2023-03-27,22.873369777792618,1.1647571795947442e-10
2023-03-29,22.845154856372545,2023-03-28,22.84515485649235,1.198046106765105e-10
2023-03-30,22.935507858323984,2023-03-29,22.93550785843344,1.0945555573016463e-10
2023-03-31,22.99791400141141,2023-03-30,22.99791400151424,1.028297447192017e-10
2023-04-01,22.93695192847182,2023-03-31,22.93695192858112,1.0929923632829741e-10
2023-04-02,22.438224101343835,2023-04-01,22.438224101523804,1.7996981682699698e-10
2023-04-03,22.54777015830887,2023-04-02,22.54777015847017,1.6129675373122154e-10
2023-04-04,22.98958379637748,2023-04-03,22.989583796481174,1.0369305414315022e-10
2023-04-05,23.06491031613894,2023-04-04,23.064910316235107,9.616840657145076e-11
2023-04-06,23.057275145488074,2023-04-05,23.057275145584978,9.690381830296246e-11
2023-04-07,22.83507676993513,2023-04-06,22.83507677005615,1.2101963875466026e-10
2023-04-08,22.846261297081742,2023-04-07,22.846261297201416,1.1967316027039487e-10
2023-04-09,22.335970952853803,2023-04-08,22.33597095305315,1.993463172311749e-10
2023-04-10,22.57352967635495,2023-04-09,22.573529676512145,1.5719336943220696e-10
2023-04-11,22.849129774581723,2023-04-10,22.84912977470105,1.1932854704355123e-10
2023-04-12,22.90675461486003,2023-04-11,22.906754614972677,1.1264589261372748e-10
2023-04-13,23.12213465269802,2023-04-12,23.12213465278884,9.0821572484856e-11
2023-04-14,23.252743484870315,2023-04-13,23.252743484950017,7.970157867021044e-11
2023-04-15,23.514314337408607,2023-04-14,23.514314337469965,6.135891794656345e-11
2023-04-16,22.807255539170868,2023-04-15,22.8072555392953,1.2443379659998755e-10
2023-04-17,22.789891461469676,2023-04-16,22.789891461596287,1.2661161008509225e-10
2023-04-18,22.99010794725019,2023-04-17,22.99010794735383,1.0363976343796821e-10
2023-04-19,22.935271209579533,2023-04-18,22.935271209689013,1.0948042472591624e-10
2023-04-20,23.346465630010073,2023-04-19,23.346465630082644,7.257128231685783e-11
2023-04-21,23.15020216156011,2023-04-20,23.150202161648416,8.830625120026525e-11
2023-04-22,23.211855245462782,2023-04-21,23.21185524554581,8.302691867356771e-11
2023-04-23,22.664973270666895,2023-04-22,22.664973270810354,1.4345857834996423e-10
2023-04-24,22.611463919058632,2023-04-23,22.611463919209974,1.5134205000322254e-10
2023-04-25,22.856033826144017,2023-04-24,22.856033826262525,1.185078701837483e-10
2023-04-26,22.88397112679556,2023-04-25,22.883971126910804,1.1524292631293065e-10
2023-04-27,23.387470358463293,2023-04-26,23.387470358532948,6.965450438656262e-11
2023-04-28,23.36290484064221,2023-04-27,23.362904840713597,7.138822866181727e-11
2023-04-29,22.763415428225652,2023-04-28,22.763415428355664,1.3001155707570433e-10
2023-04-30,22.29118385430097,2023-04-29,22.291183854509452,2.08480344099371e-10
2023-05-01,22.60114825428078,2023-04-30,22.601148254433696,1.5291590216293116e-10
2023-05-02,22.87802160165427,2023-05-01,22.878021601770204,1.1593215276661795e-10
2023-05-03,22.743061637229697,2023-05-02,22.743061637362377,1.326796450484835e-10
2023-05-04,22.840291039680064,2023-05-03,22.840291039800455,1.2039080843351257e-10
2023-05-05,22.60706320350362,2023-05-04,22.60706320365563,1.5200996017483703e-10
2023-05-06,22.974374604066824,2023-05-05,22.974374604172105,1.0528111715757404e-10
2023-05-07,22.98744715884712,2023-05-06,22.98744715895104,1.0391687510491465e-10
2023-05-08,22.652457324208783,2023-05-07,22.65245732435405,1.4526690961247368e-10
2023-05-09,23.01530581503732,2023-05-08,23.01530581513838,1.0106049330715905e-10
2023-05-10,22.536381642179784,2023-05-09,22.536381642342928,1.631441648441978e-10
2023-05-11,23.020391011978727,2023-05-10,23.020391012079276,1.0054890253741178e-10
2023-05-12,22.845985751218155,2023-05-11,22.84598575133786,1.1970513469350408e-10
2023-05-13,22.92572100640926,2023-05-12,22.92572100651979,1.1053202797484118e-10
2023-05-14,22.25962343509782,2023-05-13,22.25962343531298,2.1516299852919474e-10
2023-05-15,22.27321066334843,2023-05-14,22.273210663560686,2.1225687873993593e-10
2023-05-16,22.632643786959108,2023-05-15,22.632643787107277,1.481694766880537e-10
2023-05-17,22.44531068643275,2023-05-16,22.445310686611453,1.787014980436652e-10
2023-05-18,22.57206099806772,2023-05-17,22.572060998225144,1.57424295821329e-10
2023-05-19,22.459005817924236,2023-05-18,22.459005818100504,1.7626788917368685e-10
2023-05-20,22.29107106363057,2023-05-19,22.291071063839073,2.085016603814438e-10
2023-05-21,21.805632195226465,2023-05-20,21.805632195565256,3.3879032912409457e-10
2023-05-22,21.94314216664656,2023-05-21,21.943142166941826,2.9526603384510963e-10
2023-05-23,22.23505587006463,2023-05-22,22.235055870285148,2.205169380431471e-10
2023-05-24,22.64313222373389,2023-05-23,22.643132223880514,1.4662404623777547e-10
2023-05-25,22.68359262492376,2023-05-24,22.68359262506457,1.4080825394557905e-10
2023-05-26,22.567252392117943,2023-05-25,22.56725239227613,1.581881292622711e-10
2023-05-27,22.41914090883881,2023-05-26,22.419140909022243,1.8343371266382746e-10
2023-05-28,21.891633531364977,2023-05-27,21.89163353167585,3.1087310503608023e-10
2023-05-29,22.573232979876483,2023-05-28,22.573232980033726,1.5724310742371017e-10
2023-05-30,22.49561727825371,2023-05-29,22.495617278423644,1.6993340068438556e-10
2023-05-31,22.40287135694144,2023-05-30,22.402871357127886,1.864464138634503e-10
2023-06-01,22.51244072702544,2023-05-31,22.512440727192537,1.6709833516870276e-10
2023-06-02,22.453154724607874,2023-06-01,22.453154724785175,1.773017288542178e-10
2023-06-03,22.53118503525187,2023-06-02,22.531185035415866,1.6399681612710992e-10
2023-06-04,21.9680757224948,2023-06-03,21.968075722782793,2.87993628944605e-10
2023-06-05,22.044232751408813,2023-06-04,22.044232751675693,2.6687985155149363e-10
2023-06-06,22.947520999867237,2023-06-05,22.947520999975385,1.0814815709636605e-10
2023-06-07,22.8870958347645,2023-06-06,22.887095834879386,1.148841022313718e-10
2023-06-08,22.79264371629506,2023-06-07,22.792643716421324,1.262634441445698e-10
2023-06-09,22.235320647376756,2023-06-08,22.235320647597213,2.2045654191060748e-10
2023-06-10,22.251674048405963,2023-06-09,22.251674048622842,2.1687895923605538e-10
2023-06-11,23.10174662657638,2023-06-10,23.10174662666907,9.269029987990507e-11
2023-06-12,22.24039391984038,2023-06-11,22.24039392005972,2.1934098981546413e-10
2023-06-13,22.52024249925718,2023-06-12,22.520242499422977,1.6579804196226178e-10
2023-06-14,22.55009079624985,2023-06-13,22.550090796410775,1.609237187949475e-10
2023-06-15,22.733210657103182,2023-06-14,22.733210657237176,1.339941491096397e-10
2023-06-16,22.71504554650017,2023-06-15,22.715045546636624,1.3645262697536964e-10
2023-06-17,22.560798778510694,2023-06-16,22.560798778669906,1.5921131080176565e-10
2023-06-18,22.30742439747729,2023-06-17,22.30742439768241,2.0511947695922572e-10
2023-06-19,22.06352642757603,2023-06-18,22.063526427837804,2.617746019950573e-10
2023-06-20,22.37393784220859,2023-06-19,22.373937842400515,1.9192469835616066e-10
2023-06-21,22.69332107283872,2023-06-20,22.693321072978172,1.3945111732027726e-10
2023-06-22,23.185539763928176,2023-06-21,23.185539764013416,8.524025929546042e-11
2023-06-23,22.860699968271184,2023-06-22,22.86069996838914,1.1795719956353423e-10
2023-06-24,22.83838999803373,2023-06-23,22.838389998154344,1.20614629395277e-10
2023-06-25,22.337928417799617,2023-06-24,22.337928417998576,1.9895907144018565e-10
2023-06-26,22.66021909382348,2023-06-25,22.660219093967623,1.4414425208997272e-10
2023-06-27,22.877316384134648,2023-06-26,22.877316384250662,1.1601386518123036e-10
2023-06-28,22.762671819836413,2023-06-27,22.76267181996652,1.3010748034503195e-10
2023-06-29,22.68831523028283,2023-06-28,22.68831523042298,1.4015100191500096e-10
2023-06-30,22.45972903018503,2023-06-29,22.459729030361174,1.7614354419492884e-10
2023-07-01,23.28011565443653,2023-06-30,23.280115654514077,7.754863418085733e-11
2023-07-02,22.35969802817698,2023-07-01,22.35969802837165,1.9467094602987345e-10
2023-07-03,22.57077003910864,2023-07-02,22.570770039266268,1.5762680050102063e-10
2023-07-04,22.784862741807533,2023-07-03,22.784862741934784,1.2725109854727634e-10
2023-07-05,22.460819665546897,2023-07-04,22.460819665722845,1.759481449425948e-10
2023-07-06,22.520690574030183,2023-07-05,22.52069057419591,1.6572698768868577e-10
2023-07-07,22.909879695181136,2023-07-06,22.909879695293434,1.1229772667320503e-10
2023-07-08,22.590269619947428,2023-07-07,22.590269620102013,1.545856775919674e-10
2023-07-09,22.181650101395384,2023-07-08,22.181650101627994,2.32610375405784e-10
2023-07-10,22.203247199183124,2023-07-09,22.203247199410768,2.276436816828209e-10
2023-07-11,22.569587389296206,2023-07-10,22.56958738945402,1.5781509432599705e-10
2023-07-12,22.313566982318193,2023-07-11,22.313566982522058,2.0386536903060914e-10
2023-07-13,22.57627827955631,2023-07-12,22.576278279713073,1.567634910770721e-10
2023-07-14,23.13154824608463,2023-07-13,23.1315482461746,8.996892120194389e-11
2023-07-15,23.086706063634047,2023-07-14,23.08670606372814,9.409362178303127e-11
2023-07-16,22.200333792656693,2023-07-15,22.200333792884997,2.283044864270778e-10
2023-07-17,22.18867321971568,2023-07-16,22.18867321994666,2.3097967982721457e-10
2023-07-18,22.62209796897151,2023-07-17,22.622097969121253,1.4974332884776231e-10
2023-07-19,22.483656483224983,2023-07-18,22.483656483396963,1.7197976376337465e-10
2023-07-20,22.51810186869885,2023-07-19,22.518101868865003,1.6615331333014183e-10
2023-07-21,22.72025342135053,2023-07-20,22.720253421486277,1.3574563695328834e-10
2023-07-22,22.264030453966544,2023-07-21,22.264030454180762,2.142179766906338e-10
2023-07-23,22.134571209474583,2023-07-22,22.13457120971841,2.438262924897572e-10
2023-07-24,22.223023718032703,2023-07-23,22.223023718255888,2.2318502601592627e-10
2023-07-25,22.570834204948813,2023-07-24,22.570834205106433,1.5761969507366302e-10
2023-07-26,22.14959349132347,2023-07-25,22.149593491563657,2.4018831368266547e-10
2023-07-27,22.477937330651937,2023-07-26,22.4779373308249,1.729638654524024e-10
2023-07-28,22.179864700189583,2023-07-27,22.179864700422613,2.3302959561988246e-10
2023-07-29,22.058523011932863,2023-07-28,22.058523012195955,2.630926587698923e-10
2023-07-30,21.63847687335914,2023-07-29,21.638476873759572,4.0043346416496206e-10
2023-07-31,22.11031130266661,2023-07-30,22.11031130291642,2.498090623248572e-10
2023-08-01,22.202962494017132,2023-07-31,22.20296249424484,2.277076305290393e-10
2023-08-02,22.755990522143275,2023-08-01,22.755990522274253,1.3097789519633807e-10
2023-08-03,22.587115308906323,2023-08-02,22.5871153090614,1.5507595207964187e-10
2023-08-04,22.27307710764126,2023-08-03,22.27307710785355,2.1228885316304513e-10
2023-08-05,22.304559897328637,2023-08-04,22.304559897534347,2.057092274299066e-10
2023-08-06,21.776200524540887,2023-08-05,21.7762005248898,3.489120103949972e-10
2023-08-07,21.809601433132613,2023-08-06,21.809601433470064,3.374509560671868e-10
2023-08-08,22.487633892318883,2023-08-07,22.48763389249018,1.7129764273704495e-10
2023-08-09,22.48333775110888,2023-08-08,22.48333775128091,1.7202950175487786e-10
2023-08-10,22.493134411575102,2023-08-09,22.49313441174546,1.7035617361216282e-10
2023-08-11,22.047765779898583,2023-08-10,22.047765780164518,2.659348297129327e-10
2023-08-12,21.93312879083254,2023-08-11,21.93312879113078,2.9823965519426565e-10
2023-08-13,21.552308730421597,2023-08-12,21.552308730858062,4.3646508629535674e-10
2023-08-14,21.83992288883794,2023-08-13,21.83992288916531,3.2737190736042976e-10
2023-08-15,22.130187172749693,2023-08-14,22.13018717299459,2.4489565930707613e-10
2023-08-16,22.223764368997116,2023-08-15,22.223764369220135,2.2301804847302265e-10
2023-08-17,22.32800741544743,2023-08-16,22.328007415648372,2.0094148567295633e-10
2023-08-18,23.37710354462686,2023-08-17,23.37710354469724,7.037925797703792e-11
2023-08-19,22.989714252990897,2023-08-18,22.989714253094576,1.0367884328843502e-10
2023-08-20,22.306612588076643,2023-08-19,22.30661258828193,2.0528645450212935e-10
2023-08-21,22.13548546404187,2023-08-20,22.135485464285473,2.4360247152799275e-10
2023-08-22,22.34803529489795,2023-08-21,22.348035295094906,1.9695534092534217e-10
2023-08-23,22.703525393836767,2023-08-22,22.7035253939748,1.3803358456243586e-10
2023-08-24,22.69621684251351,2023-08-23,22.696216842652557,1.39046107960894e-10
2023-08-25,22.353394593859697,2023-08-24,22.353394594055604,1.9590729039009602e-10
2023-08-26,22.409108677210593,2023-08-25,22.40910867739588,1.8528822920416133e-10
2023-08-27,21.608374521593447,2023-08-26,21.608374522006116,4.12669010074751e-10
2023-08-28,21.687990490876643,2023-08-27,21.687990491257732,3.8108893818389333e-10
2023-08-29,22.303396153587983,2023-08-28,22.303396153793933,2.0595081196006504e-10
2023-08-30,23.1485035767934,2023-08-29,23.148503576881858,8.845901788845367e-11
2023-08-31,22.33747319546868,2023-08-30,22.33747319566773,1.9905144199583447e-10
2023-09-01,22.609297599833983,2023-08-31,22.609297599985656,1.5167245237535099e-10
2023-09-02,22.53229369427847,2023-09-01,22.53229369444228,1.638120750158123e-10
2023-09-03,21.802896100172525,2023-09-02,21.802896100512246,3.397211401079403e-10
2023-09-04,21.87126440350143,2023-09-03,21.871264403818703,3.1727154237159993e-10
2023-09-05,22.081152727627863,2023-09-04,22.081152727885065,2.5720225949044107e-10
2023-09-06,22.208837928992892,2023-09-05,22.208837929219264,2.2637181018581032e-10
2023-09-07,22.33017997654332,2023-09-06,22.330179976743825,2.0050450189046387e-10
2023-09-08,22.313987751872283,2023-09-07,22.313987752076063,2.0378010390231793e-10
2023-09-09,22.248995020856725,2023-09-08,22.24899502107419,2.1746515699305746e-10
2023-09-10,21.456415032094935,2023-09-09,21.45641503257533,4.803943909337249e-10
2023-09-11,22.19102495929607,2023-09-10,22.19102495952651,2.304396673480369e-10
2023-09-12,22.76366776906272,2023-09-11,22.763667769192697,1.2997602993891633e-10
2023-09-13,22.64221870147659,2023-09-12,22.64221870162335,1.467590493575699e-10
2023-09-14,22.32858911707935,2023-09-13,22.328589117280174,2.0082424612155592e-10
2023-09-15,22.43507233321076,2023-09-14,22.4350723333913,1.8054180372928386e-10
2023-09-16,22.193116289112464,2023-09-15,22.193116289342424,2.2996005100139882e-10
2023-09-17,21.759852330801024,2023-09-16,21.759852331155688,3.546638538409752e-10
2023-09-18,21.83272450967755,2023-09-17,21.832724510007292,3.297415673841897e-10
2023-09-19,22.501040436987516,2023-09-18,22.50104043715653,1.6901324784157623e-10
2023-09-20,22.206203321152337,2023-09-19,22.20620332137931,2.269722187975276e-10
2023-09-21,22.363510701678983,2023-09-20,22.363510701872915,1.9393198158468294e-10
2023-09-22,22.37033325723785,2023-09-21,22.370333257430463,1.9261392480984796e-10
2023-09-23,21.9647631958,2023-09-22,21.96476319608895,2.8894930892420234e-10
2023-09-24,21.465887080144864,2023-09-23,21.46588708062073,4.758646809932543e-10
2023-09-25,21.85028964991962,2023-09-24,21.850289650243617,3.239968293655693e-10
2023-09-26,22.20371766466105,2023-09-25,22.203717664888586,2.2753710027245688e-10
2023-09-27,21.988764831142376,2023-09-26,21.988764831424476,2.82099676951475e-10
2023-09-28,22.434002524607596,2023-09-27,22.43400252478833,1.8073365026793908e-10
2023-09-29,22.619098819199586,2023-09-28,22.619098819349777,1.5019097077129118e-10
2023-09-30,22.43339714762931,2023-09-29,22.433397147810155,1.808437843919819e-10
2023-10-01,21.87234694101266,2023-09-30,21.872346941329585,3.169269291447563e-10
2023-10-02,22.343619985873826,2023-10-01,22.34361998607165,1.978257557766483e-10
2023-10-03,22.85394133074058,2023-10-02,22.853941330859335,1.1875656014126434e-10
2023-10-04,22.27989927204676,2023-10-03,22.279899272257605,2.1084645140945213e-10
2023-10-05,22.357888896850785,2023-10-04,22.35788889704581,1.950262173977535e-10
2023-10-06,22.410360670003005,2023-10-05,22.41036067018806,1.850537501013605e-10
2023-10-07,22.320875820200293,2023-10-06,22.320875820402673,2.0238033471287054e-10
2023-10-08,21.67066562045482,2023-10-07,21.670665620842566,3.8774672361796547e-10
2023-10-09,21.921890618558265,2023-10-08,21.921890618859873,3.0160762776176853e-10
2023-10-10,22.67214325302169,2023-10-09,22.672143253164126,1.4243539681046968e-10
2023-10-11,22.382439395012874,2023-10-10,22.38243939520317,1.9029755549127003e-10
2023-10-12,22.412716476235396,2023-10-11,22.41271647642002,1.8462387174622563e-10
2023-10-13,22.33348957593793,2023-10-12,22.333489576137772,1.9984369714620698e-10
2023-10-14,22.24390346656165,2023-10-13,22.243903466780225,2.1857360366084322e-10
2023-10-15,21.610833880754125,2023-10-14,21.61083388116578,4.1165648667629284e-10
2023-10-16,21.795991910989574,2023-10-15,21.795991911331647,3.4207303656330623e-10
2023-10-17,22.903336176518224,2023-10-16,22.903336176631257,1.1303313840471674e-10
2023-10-18,22.33921986789288,2023-10-17,22.339219868091583,1.9870327605531202e-10
2023-10-19,22.19439269061451,2023-10-18,22.19439269084418,2.2966872847973718e-10
2023-10-20,22.339701382139665,2023-10-19,22.339701382338266,1.986002473586268e-10
2023-10-21,22.632435846833573,2023-10-20,22.632435846981775,1.482014511111629e-10
2023-10-22,22.16124607845688,2023-10-21,22.16124607869429,2.374100915858435e-10
2023-10-23,22.381190404067027,2023-10-22,22.381190404257563,1.9053558730774967e-10
2023-10-24,23.387872267940224,2023-10-23,23.38787226800985,6.962608267713222e-11
2023-10-25,23.488873402204717,2023-10-24,23.488873402267654,6.293632281995087e-11
2023-10-26,22.968122921853677,2023-10-25,22.96812292195962,1.0594192190183094e-10
2023-10-27,23.13888248494791,2023-10-26,23.13888248503722,8.931166917136579e-11
2023-10-28,22.737288439501143,2023-10-27,22.737288439634593,1.3345058391678322e-10
2023-10-29,22.164548431364235,2023-10-28,22.164548431600856,2.3662138914914976e-10
2023-10-30,22.195400310268052,2023-10-29,22.19540031049749,2.2943780209061515e-10
2023-10-31,22.74269872054957,2023-10-30,22.7426987206823,1.3272938303998671e-10
2023-11-01,22.591665732184488,2023-10-31,22.59166573233886,1.5437251477123937e-10
2023-11-02,23.08683554793873,2023-11-01,23.08683554803281,9.407941092831607e-11
2023-11-03,22.92095671932331,2023-11-02,22.920956719434372,1.1106138231298246e-10
2023-11-04,22.754417996263424,2023-11-03,22.754417996394608,1.311839525897085e-10
2023-11-05,22.30122968215136,2023-11-04,22.301229682357757,2.063984538835939e-10
2023-11-06,22.90561957215043,2023-11-05,22.905619572263205,1.127737903061643e-10
2023-11-07,22.81563873235684,2023-11-06,22.81563873248023,1.233892987784202e-10
2023-11-08,22.942820145542235,2023-11-07,22.942820145650895,1.0865974786611332e-10
2023-11-09,22.63304935234104,2023-11-08,22.633049352489152,1.4811263326919288e-10
2023-11-10,23.93046151486348,2023-11-09,23.930461514903953,4.0472514228895307e-11
2023-11-11,23.413873087599928,2023-11-10,23.413873087667767,6.783906769669557e-11
2023-11-12,23.048429231192955,2023-11-11,23.048429231290722,9.776712772691099e-11
2023-11-13,22.796565015126152,2023-11-12,22.79656501525192,1.2576961694321653e-10
2023-11-14,23.385064606468784,2023-11-13,23.38506460653861,6.982503464314505e-11
2023-11-15,23.294951110562735,2023-11-14,23.294951110639143,7.640821308996237e-11
2023-11-16,23.259049914782373,2023-11-15,23.259049914861574,7.920064604149957e-11
2023-11-17,23.40781671121453,2023-11-16,23.407816711282777,6.824762976975762e-11
2023-11-18,23.19826092391142,2023-11-17,23.198260923995583,8.416378705078387e-11
2023-11-19,22.81075950382844,2023-11-18,22.810759503952436,1.2399681281749508e-10
2023-11-20,22.76656825882317,2023-11-19,22.76656825895277,1.2959944228896347e-10
2023-11-21,23.27789013737215,2023-11-20,23.277890137449877,7.772626986479736e-11
2023-11-22,23.337261797562224,2023-11-21,23.337261797635467,7.324274520215113e-11
2023-11-23,23.31644380569089,2023-11-22,23.316443805765676,7.478462293875054e-11
2023-11-24,22.78102883100627,2023-11-23,22.781028831134012,1.277413730349508e-10
2023-11-25,23.219866249072528,2023-11-24,23.219866249154894,8.236611392931081e-11
2023-11-26,22.40271913072603,2023-11-25,22.402719130912512,1.864819410002383e-10
2023-11-27,22.80953578118007,2023-11-26,22.80953578130422,1.241495795056835e-10
2023-11-28,23.081740601339213,2023-11-27,23.081740601433776,9.456257998863293e-11
2023-11-29,23.016874061956525,2023-11-28,23.016874062057425,1.0090062119161303e-10
2023-11-30,22.914377530956944,2023-11-29,22.914377531068737,1.1179324133081536e-10
2023-12-01,22.81609106162135,2023-11-30,22.81609106174469,1.23339560786917e-10
2023-12-02,23.10898652017939,2023-12-01,23.10898652027141,9.202238970829058e-11
2023-12-03,22.93484520407756,2023-12-02,22.93484520418709,1.0953016271741944e-10
2023-12-04,22.836923496145904,2023-12-03,22.8369234962667,1.2079581779289583e-10
2023-12-05,23.50514669909803,2023-12-04,23.50514669915995,6.192024670781393e-11
2023-12-06,23.456533557339167,2023-12-05,23.456533557404175,6.500755489469157e-11
2023-12-07,23.27197734591723,2023-12-06,23.271977345995413,7.818456992936262e-11
2023-12-08,23.415653419931783,2023-12-07,23.415653419999504,6.772182814529515e-11
2023-12-09,23.252465147439068,2023-12-08,23.25246514751879,7.972289495228324e-11
2023-12-10,23.085374976746333,2023-12-09,23.085374976840555,9.422151947546809e-11
2023-12-11,22.72063047593229,2023-12-10,22.72063047606798,1.3569234624810633e-10
2023-12-12,23.613040164750085,2023-12-11,23.613040164805675,5.558931093219144e-11
2023-12-13,23.15610101490848,2023-12-12,23.156101014996267,8.778755500316038e-11
2023-12-14,23.25508752037351,2023-12-13,23.255087520453024,7.951328484523401e-11
2023-12-15,23.25765376536255,2023-12-14,23.257653765441862,7.931078016554238e-11
2023-12-16,23.05143659710227,2023-12-15,23.051436597199746,9.747580520524934e-11
2023-12-17,22.64992842442806,2023-12-16,22.649928424573694,1.4563283912139013e-10
2023-12-18,22.72615752309673,2023-12-17,22.726157523231674,1.3494272366187943e-10
2023-12-19,23.06184881014992,2023-12-18,23.061848810246385,9.64632818067912e-11
2023-12-20,23.08592760203633,2023-12-19,23.0859276021305,9.416822877028608e-11
2023-12-21,23.261104127187313,2023-12-20,23.26110412726635,7.903722121227474e-11
2023-12-22,23.25827373835454,2023-12-21,23.2582737384338,7.926104217403918e-11
2023-12-23,23.50439587246888,2023-12-22,23.50439587253085,6.196998469931714e-11
2023-12-24,22.802178857108352,2023-12-23,22.802178857233418,1.2506617963481403e-10
2023-12-25,22.969365150113873,2023-12-24,22.969365150219684,1.0581047149571532e-10
2023-12-26,22.80723494570855,2023-12-25,22.807234945832985,1.2443379659998755e-10
2023-12-27,23.090568947217633,2023-12-26,23.090568947311365,9.373124498779362e-11
2023-12-28,23.373781760192408,2023-12-27,23.37378176026302,7.061373707983876e-11
2023-12-29,23.474426551750092,2023-12-28,23.47442655181395,6.38564756627602e-11
2023-12-30,23.25194763607732,2023-12-29,23.251947636157084,7.976552751642885e-11
2023-12-31,22.65307497576576,2023-12-30,22.653074975910936,1.4517453905682487e-10
2024-01-01,22.65064560318493,2023-12-31,22.65064560333046,1.4552981042470492e-10
2024-01-02,22.65576734635769,2024-01-01,22.655767346502472,1.4478374055215681e-10
2024-01-03,23.281310150136058,2024-01-02,23.28131015021351,7.745271091152972e-11
2024-01-04,23.685075881766124,2024-01-03,23.68507588181785,5.172395844965649e-11
2024-01-05,23.125204279289708,2024-01-04,23.12520427938025,9.054090810423077e-11
2024-01-06,23.108439927526103,2024-01-05,23.108439927618175,9.207212769979378e-11
2024-01-07,22.51013699114032,2024-01-06,22.5101369913078,1.6747847553233441e-10
2024-01-08,22.59353662879932,2024-01-07,22.5935366289534,1.5408119224957773e-10
2024-01-09,23.35012674126517,2024-01-08,23.350126741337476,7.23048287909478e-11
2024-01-10,23.42403161870412,2024-01-09,23.424031618771274,6.715339395668707e-11
2024-01-11,24.09201235472806,2024-01-10,24.092012354762492,3.4432900974934455e-11
2024-01-12,23.840119872313693,2024-01-11,23.840119872357988,4.4295234147284646e-11
2024-01-13,23.885522177394343,2024-01-12,23.885522177436677,4.233413619658677e-11
2024-01-14,23.228817640296487,2024-01-13,23.228817640378118,8.163070219779911e-11
2024-01-15,22.96456975569689,2024-01-14,22.964569755803208,1.0631850955178379e-10
2024-01-16,22.995456668800298,2024-01-15,22.995456668903383,1.0308554010407533e-10
2024-01-17,23.126900706247735,2024-01-16,23.126900706338123,9.038814141604234e-11
2024-01-18,23.069007878253167,2024-01-17,23.069007878348945,9.57776080667827e-11
2024-01-19,23.199806596724976,2024-01-18,23.199806596809008,8.403233664466825e-11
2024-01-20,23.157342100626884,2024-01-19,23.157342100714565,8.768097359279636e-11
2024-01-21,22.390562415064675,2024-01-20,22.390562415253434,1.8875923046834941e-10
2024-01-22,22.244631145124732,2024-01-21,22.244631145343142,2.184101788316184e-10
2024-01-23,23.356863412621603,2024-01-22,23.35686341269342,7.181810701695213e-11
2024-01-24,23.50717446665437,2024-01-23,23.50717446671616,6.179234901537711e-11
2024-01-25,23.03923328149897,2024-01-24,23.03923328159764,9.866951700132631e-11
2024-01-26,22.953521824802685,2024-01-25,22.953521824910187,1.0750156320682436e-10
2024-01-27,23.02335958982827,2024-01-26,23.02335958992852,1.0025047458839254e-10
2024-01-28,22.361168211302484,2024-01-27,22.36116821149687,1.943867289355694e-10
2024-01-29,22.71062155666367,2024-01-28,22.71062155680073,1.3706014101444453e-10
2024-01-30,22.91471773449285,2024-01-29,22.914717734604604,1.1175416148034856e-10
2024-01-31,23.04304624566181,2024-01-30,23.043046245760102,9.829292935137346e-11
2024-02-01,23.103541637860573,2024-01-31,23.1035416379531,9.252687505068025e-11
2024-02-02,22.908820711058905,2024-02-01,22.90882071117132,1.1241496622460545e-10
2024-02-03,22.695420437908176,2024-02-02,22.695420438047332,1.3915624208493682e-10
2024-02-04,22.25964993362403,2024-02-03,22.25964993383919,2.1515944581551594e-10
2024-02-05,22.41669557853733,2024-02-04,22.416695578721217,1.8388846001471393e-10
2024-02-06,22.707993885893774,2024-02-05,22.707993886031197,1.3742251780968218e-10
2024-02-07,22.97675369539474,2024-02-06,22.976753695499774,1.0503242720005801e-10
2024-02-08,22.991324548892656,2024-02-07,22.99132454899617,1.035154184592102e-10
2024-02-09,23.020018125361226,2024-02-08,23.020018125461807,1.0058087696052098e-10
2024-02-10,23.335847412005688,2024-02-09,23.335847412079033,7.334577389883634e-11
2024-02-11,22.591128596677308,2024-02-10,22.59112859683176,1.5445067447217298e-10
2024-02-12,22.7175913606266,2024-02-11,22.717591360762707,1.36108013748526e-10
2024-02-13,23.289959584843132,2024-02-12,23.28995958491992,7.678835345359403e-11
2024-02-14,23.62859391407537,2024-02-13,23.628593914130104,5.473310693560052e-11
2024-02-15,23.788942640709845,2024-02-14,23.788942640756467,4.6622261606898974e-11
2024-02-16,23.89019476174708,2024-02-15,23.890194761789214,4.213518423057394e-11
2024-02-17,23.55983323445962,2024-02-16,23.559833234518248,5.862688112756587e-11
2024-02-18,23.609873851003098,2024-02-17,23.60987385105886,5.576339390245266e-11
2024-02-19,23.87411248916359,2024-02-18,23.874112489206407,4.281730525690364e-11
2024-02-20,23.442131380084263,2024-02-19,23.44213138015021,6.59490240195737e-11
2024-02-21,23.73593381199128,2024-02-20,23.73593381204044,4.915889917356253e-11
2024-02-22,23.662276259017943,2024-02-21,23.66227625907086,5.291767024573346e-11
2024-02-23,23.616904931612968,2024-02-22,23.616904931668344,5.537614811146341e-11
2024-02-24,23.274484205062585,2024-02-23,23.27448420514057,7.79856179633498e-11
2024-02-25,23.09366740166046,2024-02-24,23.093667401753905,9.344347517981078e-11
2024-02-26,23.40568710228449,2024-02-25,23.405687102352886,6.839684374426724e-11
2024-02-27,23.585721791113365,2024-02-26,23.585721791170492,5.7127635955112055e-11
2024-02-28,23.77207978476294,2024-02-27,23.772079784810355,4.7414516757271485e-11
2024-02-29,24.21630965703532,2024-02-28,24.21630965706573,3.040767637685349e-11
2024-03-01,24.07208762274401,2024-02-29,24.072087622779136,3.512568014230055e-11
2024-03-02,23.549401367979858,2024-03-01,23.5494013680391,5.924150059399835e-11
2024-03-03,23.210198817089665,2024-03-02,23.210198817172827,8.316192179336213e-11
2024-03-04,23.33651618891678,2024-03-03,23.336516188990075,7.329603590733313e-11
2024-03-05,24.010658402956164,2024-03-04,24.010658402993517,3.735323161890847e-11
2024-03-06,24.588341860377735,2024-03-05,24.5883418603987,2.0964563418601756e-11
2024-03-07,24.276859291813533,2024-03-06,24.276859291842154,2.8620661396416835e-11
2024-03-08,23.83487611437992,2024-03-07,23.83487611442445,4.452971325008548e-11
2024-03-09,23.986559884904743,2024-03-08,23.986559884943006,3.8262726320681395e-11
2024-03-10,23.2020390304888,2024-03-09,23.202039030572646,8.384759553337062e-11
2024-03-11,23.482257813143836,2024-03-10,23.482257813207195,6.335909574772813e-11
2024-03-12,24.08385864860961,2024-03-11,24.083858648644323,3.4713565355559695e-11
2024-03-13,24.016024300342615,2024-03-12,24.01602430037977,3.715427965289564e-11
2024-03-14,23.815585414933786,2024-03-13,23.81558541497918,4.5393022674034e-11
2024-03-15,23.959384577528844,2024-03-14,23.959384577568162,3.9317882283285144e-11
2024-03-16,24.234962769764326,2024-03-15,24.234962769794173,2.984634761560301e-11
2024-03-17,23.728941309248928,2024-03-16,23.728941309298435,4.950706511408498e-11
2024-03-18,23.715931267290628,2024-03-17,23.715931267340782,5.015365900362667e-11
2024-03-19,23.775483363952063,2024-03-18,23.775483363999314,4.725109192804666e-11
2024-03-20,24.254525420991204,2024-03-19,24.25452542102047,2.9267255285958527e-11
2024-03-21,24.323459321750608,2024-03-20,24.32345932177793,2.7320368189975852e-11
2024-03-22,23.82397270819147,2024-03-21,23.823972708236486,4.501643502408115e-11
2024-03-23,23.74734026656883,2024-03-22,23.74734026661743,4.860112312599085e-11
2024-03-24,23.306669821100897,2024-03-23,23.306669821176413,7.551648195658345e-11
2024-03-25,23.221143082108924,2024-03-24,23.221143082191183,8.22595325189468e-11
2024-03-26,23.64663823979586,2024-03-25,23.64663823984961,5.375255796025158e-11
2024-03-27,23.641336717333033,2024-03-26,23.64133671738707,5.403677505455562e-11
2024-03-28,23.65462395692041,2024-03-27,23.654623956973737,5.332623231879552e-11
2024-03-29,23.52174609649852,2024-03-28,23.521746096559422,6.090061788199819e-11
2024-03-30,23.265867458096995,2024-03-29,23.265867458175656,7.866063356232189e-11
2024-03-31,22.962811741095596,2024-03-30,22.962811741202103,1.0650680337676022e-10
2024-04-01,23.074629801093742,2024-03-31,23.07462980118898,9.523759558760503e-11
2024-04-02,23.49598571814698,2024-04-01,23.49598571820947,6.249223361010081e-11
2024-04-03,23.81778130472046,2024-04-02,23.817781304765756,4.529709940470639e-11
2024-04-04,23.49652524591306,2024-04-03,23.49652524597552,6.246025918699161e-11
2024-04-05,23.395780774454128,2024-04-04,23.395780774523207,6.907896477059694e-11
2024-04-06,23.44551127997024,2024-04-05,23.445511280035966,6.572520305780927e-11
2024-04-07,22.91569301380364,2024-04-06,22.915693013915284,1.1164402735630574e-10
2024-04-08,23.018937942811142,2024-04-07,23.018937942911837,1.006945637982426e-10
2024-04-09,23.670602882605873,2024-04-08,23.67060288265835,5.24771337495622e-11
2024-04-10,23.629061030521697,2024-04-09,23.629061030576402,5.4704685226170113e-11
2024-04-11,23.548949890785195,2024-04-10,23.54894989084446,5.926636958974996e-11
2024-04-12,23.36778923528027,2024-04-11,23.36778923535131,7.104006272129482e-11
2024-04-13,23.81906376309886,2024-04-12,23.819063763144097,4.523670327216678e-11
2024-04-14,24.122140796339146,2024-04-13,24.122140796372555,3.340971943543991e-11
2024-04-15,23.961406301048612,2024-04-14,23.96140630108785,3.923972258235153e-11
2024-04-16,23.81093183197944,2024-04-15,23.810931832025048,4.560973820844083e-11
2024-04-17,23.69067019560961,2024-04-16,23.69067019566105,5.143974135535245e-11
2024-04-18,23.59750083794196,2024-04-17,23.597500837998414,5.645262035613996e-11
2024-04-19,23.44349339449911,2024-04-18,23.443493394564968,6.585665346392489e-11
2024-04-20,23.738799897943288,2024-04-19,23.73879989799231,4.902034334008931e-11
2024-04-21,23.017681866817536,2024-04-20,23.01768186691836,1.0082246149067942e-10
2024-04-22,22.963378315374275,2024-04-21,22.96337831548072,1.0644640724422061e-10
2024-04-23,23.213479938345703,2024-04-22,23.2134799384286,8.289546826745209e-11
2024-04-24,23.12609823415496,2024-04-23,23.126098234245422,9.046274840329716e-11
2024-04-25,23.36233993499251,2024-04-24,23.362339935063936,7.142730851228407e-11
2024-04-26,23.361539306566534,2024-04-25,23.361539306638022,7.148770464482368e-11
2024-04-27,23.08622458963324,2024-04-26,23.08622458972738,9.413980706085567e-11
2024-04-28,23.19312530839101,2024-04-27,23.193125308475608,8.459721811959753e-11
2024-04-29,23.15505232094882,2024-04-28,23.1550523210367,8.787992555880919e-11
2024-04-30,23.433463518294783,2024-04-29,23.433463518361307,6.652456363553938e-11
2024-05-01,23.628356223158033,2024-04-30,23.628356223212776,5.474376507663692e-11
2024-05-02,23.719250950783604,2024-05-01,23.71925095083359,4.998668146072305e-11
2024-05-03,23.30074436801605,2024-05-02,23.30074436809202,7.596767659379111e-11
2024-05-04,23.27755731032033,2024-05-03,23.277557310398073,7.774403343319136e-11
2024-05-05,22.837498782191275,2024-05-04,22.837498782312,1.2072476351931982e-10
2024-05-06,22.896134837108885,2024-05-05,22.896134837222736,1.1385026255084085e-10
2024-05-07,23.288875534412412,2024-05-06,23.288875534489286,7.687361858188524e-11
2024-05-08,23.186539108280535,2024-05-07,23.186539108365693,8.515854688084801e-11
2024-05-09,23.190658521881208,2024-05-08,23.19065852196601,8.480327551296796e-11
2024-05-10,23.108531433630652,2024-05-09,23.108531433722714,9.206146955875738e-11
2024-05-11,23.231128112041947,2024-05-10,23.23112811212339,8.144240837282268e-11
2024-05-12,22.63958774727265,2024-05-11,22.639587747419792,1.4714274243488035e-10
2024-05-13,22.499732531338953,2024-05-12,22.499732531508187,1.6923351608966186e-10
2024-05-14,23.314951854969692,2024-05-13,23.314951855044587,7.489475706279336e-11
2024-05-15,23.24454589213869,2024-05-14,23.244545892219048,8.035883070078853e-11
2024-05-16,23.408859292703152,2024-05-15,23.408859292771332,6.818012820986041e-11
2024-05-17,23.290939570384804,2024-05-16,23.290939570461518,7.671374646633922e-11
2024-05-18,23.39392136472801,2024-05-17,23.393921364797215,6.920686246303376e-11
2024-05-19,22.9647253854332,2024-05-18,22.964725385539502,1.0630074598338979e-10
2024-05-20,22.892068168582604,2024-05-19,22.89206816869692,1.1431566804276372e-10
2024-05-21,24.164585574774975,2024-05-20,24.164585574807,3.2024161100707715e-11
2024-05-22,24.35143553661867,2024-05-21,24.351435536645237,2.6567192890070146e-11
2024-05-23,23.94835469930259,2024-05-22,23.948354699342346,3.9754866065777605e-11
2024-05-24,24.54369219782909,2024-05-23,24.54369219785101,2.192024339819909e-11
2024-05-25,23.825925162803724,2024-05-24,23.82592516284865,4.4927617182111135e-11
2024-05-26,23.0258537063366,2024-05-25,23.025853706436603,1.000017846308765e-10
2024-05-27,23.407760422883296,2024-05-26,23.40776042295155,6.825473519711522e-11
2024-05-28,23.665026591447745,2024-05-27,23.665026591500517,5.277200898490264e-11
2024-05-29,23.711270545833123,2024-05-28,23.71127054588351,5.0388138106427505e-11
2024-05-30,23.5803919622578,2024-05-29,23.580391962315236,5.74367220451677e-11
2024-05-31,23.435696416633416,2024-05-30,23.43569641669979,6.637534966102976e-11
2024-06-01,23.450510679643912,2024-05-31,23.45051067970931,6.539835339935962e-11
2024-06-02,22.88209885910507,2024-06-01,22.88209885922053,1.1545964184733748e-10
2024-06-03,23.132631711852515,2024-06-02,23.132631711942388,8.987299793261627e-11
2024-06-04,23.36819548356544,2024-06-03,23.368195483636452,7.101164101186441e-11
2024-06-05,23.313394688152265,2024-06-04,23.313394688227273,7.500844390051498e-11
2024-06-06,23.462816929524124,2024-06-05,23.462816929588723,6.459899282162951e-11
2024-06-07,23.33381962085462,2024-06-06,23.33381962092811,7.349143515966716e-11
2024-06-08,23.625801435899653,2024-06-07,23.625801435954536,5.488232091011014e-11
2024-06-09,22.93111068624169,2024-06-08,22.931110686351627,1.099351720768027e-10
2024-06-10,22.79149080591212,2024-06-09,22.79149080603853,1.2641265811907942e-10
2024-06-11,23.06288657738317,2024-06-10,23.062886577479535,9.636380582378479e-11
2024-06-12,23.677380045971315,2024-06-11,23.67738004602344,5.212541509536095e-11
2024-06-13,23.564850242810856,2024-06-12,23.56485024286919,5.833555860590423e-11
2024-06-14,23.395507991130785,2024-06-13,23.39550799119988,6.909672833899094e-11
2024-06-15,23.48288814464443,2024-06-14,23.48288814470775,6.332001589726133e-11
2024-06-16,23.26751401719206,2024-06-15,23.267514017270592,7.853273586988507e-11
2024-06-17,23.013615193494267,2024-06-16,23.0136151935955,1.0123102356374147e-10
2024-06-18,23.60464489186632,2024-06-17,23.604644891922376,5.6054716424114304e-11
2024-06-19,23.76885981726771,2024-06-18,23.76885981731528,4.757083615913871e-11
2024-06-20,23.449507811622855,2024-06-19,23.449507811688317,6.546230224557803e-11
2024-06-21,23.503024031551377,2024-06-20,23.50302403161343,6.205169711392955e-11
2024-06-22,23.491680450703782,2024-06-21,23.491680450766545,6.276223984968965e-11
2024-06-23,22.727943916897704,2024-06-22,22.72794391703241,1.347046918453998e-10
2024-06-24,22.965903595344493,2024-06-23,22.965903595450673,1.0617995371831057e-10
2024-06-25,23.86473109946856,2024-06-24,23.864731099511783,4.3222314616286894e-11
2024-06-26,23.306171930784547,2024-06-25,23.3061719308601,7.555200909337145e-11
2024-06-27,23.182346361117062,2024-06-26,23.182346361202576,8.551381824872806e-11
2024-06-28,23.18897556732017,2024-06-27,23.18897556740512,8.494893677379878e-11
2024-06-29,23.277477663982175,2024-06-28,23.27747766405993,7.775469157422776e-11
2024-06-30,22.608028584854623,2024-06-29,22.608028585006494,1.5187140434136381e-10
2024-07-01,22.851070786629172,2024-06-30,22.85107078674827,1.190976206544292e-10
2024-07-02,23.231364122935304,2024-07-01,23.23136412301673,8.142464480442868e-11
2024-07-03,22.966287502395655,2024-07-02,22.966287502501793,1.0613732115416497e-10
2024-07-04,23.50340873194016,2024-07-03,23.503408732002192,6.203393354553555e-11
2024-07-05,23.73154479000073,2024-07-04,23.7315447900501,4.937206199429056e-11
2024-07-06,24.16150022378951,2024-07-05,24.161500223821633,3.212363708371413e-11
2024-07-07,23.173088659290908,2024-07-06,23.173088659377214,8.630607339910057e-11
2024-07-08,23.10816314077313,2024-07-07,23.108163140865226,9.209699669554539e-11
2024-07-09,23.84242640198416,2024-07-08,23.84242640202835,4.419220545059943e-11
2024-07-10,23.44915240816804,2024-07-09,23.449152408233527,6.548717124132963e-11
2024-07-11,23.402825967928067,2024-07-10,23.40282596799666,6.859224299660127e-11
2024-07-12,23.446539291817952,2024-07-11,23.446539291883614,6.566125421159086e-11
2024-07-13,23.26892559684489,2024-07-12,23.268925596923314,7.842260174584226e-11
2024-07-14,22.87096233828989,2024-07-13,22.870962338406642,1.1675282962642086e-10
2024-07-15,23.076326308195785,2024-07-14,23.076326308290863,9.5077723472059e-11
2024-07-16,23.630466873107867,2024-07-15,23.630466873162497,5.46300782389153e-11
2024-07-17,23.74108559688941,2024-07-16,23.741085596938316,4.8906656502367696e-11
2024-07-18,23.541014568619257,2024-07-17,23.541014568678996,5.973888050903042e-11
2024-07-19,23.43368802286706,2024-07-18,23.433688022933566,6.650680006714538e-11
2024-07-20,23.597148490135297,2024-07-19,23.597148490191778,5.6481042065570364e-11
2024-07-21,23.061237216934284,2024-07-20,23.061237217030808,9.652367793933081e-11
2024-07-22,23.351255984963544,2024-07-21,23.351255985035767,7.222311637633538e-11
2024-07-23,23.653029181964445,2024-07-22,23.653029182017853,5.340794473340793e-11
2024-07-24,23.920648556986094,2024-07-23,23.92064855702697,4.087397087459976e-11
2024-07-25,23.49841038078985,2024-07-24,23.498410380852185,6.233591420823359e-11
2024-07-26,23.953823000934864,2024-07-25,23.953823000974403,3.9538150531370775e-11
2024-07-27,23.495472831399912,2024-07-26,23.495472831462436,6.252420803321002e-11
2024-07-28,23.44444502692486,2024-07-27,23.444445026990657,6.579625733138528e-11
2024-07-29,22.915950842221623,2024-07-28,22.915950842333242,1.1161915836055414e-10
2024-07-30,23.6320696056586,2024-07-29,23.63206960571314,5.454126039694529e-11
2024-07-31,23.36558733671417,2024-07-30,23.365587336785367,7.119638212316204e-11
2024-08-01,23.504280252937495,2024-07-31,23.50428025299947,6.197709012667474e-11
2024-08-02,23.72982130564321,2024-08-01,23.72982130569267,4.9460879836260574e-11
2024-08-03,23.786668055218826,2024-08-02,23.786668055265555,4.672884301726299e-11
2024-08-04,23.6049382781065,2024-08-03,23.60493827816254,5.60405055693991e-11
2024-08-05,23.77441396318995,2024-08-04,23.774413963237254,4.730438263322867e-11
2024-08-06,24.937881185863866,2024-08-05,24.937881185878645,1.4779288903810084e-11
2024-08-07,23.982976299621345,2024-08-06,23.98297629965974,3.8394176726797014e-11
2024-08-08,23.91226861677117,2024-08-07,23.912268616812383,4.121503138776461e-11
2024-08-09,23.878916035466716,2024-08-08,23.878916035509324,4.260769514985441e-11
2024-08-10,23.608465445363368,2024-08-09,23.60846544541921,5.5841553603386274e-11
2024-08-11,22.959819478296513,2024-08-10,22.95981947840334,1.0682654760785226e-10
2024-08-12,23.333000425499065,2024-08-11,23.333000425572617,7.355183129220677e-11
2024-08-13,23.798414037141587,2024-08-12,23.79841403718777,4.618172511072771e-11
2024-08-14,23.51951328561016,2024-08-13,23.5195132856712,6.103917371547141e-11
2024-08-15,23.484879895262992,2024-08-14,23.48487989532618,6.318856549114571e-11
2024-08-16,23.517236937528157,2024-08-15,23.517236937589335,6.117772954894463e-11
2024-08-17,23.30919070487464,2024-08-16,23.309190704949962,7.532108270424942e-11
2024-08-18,22.62187002740408,2024-08-17,22.62187002755386,1.4978240869822912e-10
2024-08-19,22.94325894557889,2024-08-18,22.9432589456875,1.0861000987461011e-10
2024-08-20,23.20558274307456,2024-08-19,23.205582743158114,8.355272029803018e-11
2024-08-21,23.307224404769695,2024-08-20,23.30722440484517,7.547384939243784e-11
2024-08-22,23.270052419377244,2024-08-21,23.270052419455578,7.833378390387224e-11
2024-08-23,23.09568295585216,2024-08-22,23.095682955945417,9.325873406851315e-11
2024-08-24,23.548042632608308,2024-08-23,23.54804263266763,5.932321300861076e-11
2024-08-25,23.188463816119164,2024-08-24,23.188463816204155,8.499156933794438e-11
2024-08-26,22.961369531331364,2024-08-25,22.961369531438024,1.0665957006494864e-10
2024-08-27,23.23140353053378,2024-08-26,23.231403530615196,8.141753937707108e-11
2024-08-28,23.615247190747784,2024-08-27,23.61524719080325,5.546496595343342e-11
2024-08-29,23.73681570077633,2024-08-28,23.736815700825442,4.9112713895738125e-11
2024-08-30,23.358489705157137,2024-08-29,23.35848970522884,7.170442017923051e-11
2024-08-31,23.465795932218704,2024-08-30,23.46579593228311,6.440714628297428e-11
2024-09-01,22.617412808755308,2024-08-31,22.617412808905755,1.504467661561648e-10
2024-09-02,23.191402932543,2024-09-01,23.191402932627742,8.474287938042835e-11
2024-09-03,23.250628683139084,2024-09-02,23.250628683218952,7.986855621311406e-11
2024-09-04,23.15747552301515,2024-09-03,23.157475523102818,8.766676273808116e-11
2024-09-05,23.53924928621022,2024-09-04,23.539249286270067,5.984546191939444e-11
2024-09-06,23.335709650645825,2024-09-05,23.335709650719178,7.335287932619394e-11
2024-09-07,23.974632796176586,2024-09-06,23.974632796215303,3.871747367156786e-11
2024-09-08,23.132425457187917,2024-09-07,23.132425457277808,8.989076150101027e-11
2024-09-09,23.095231784938736,2024-09-08,23.095231785032034,9.329781391897995e-11
2024-09-10,23.48881184558343,2024-09-09,23.488811845646374,6.294342824730847e-11
2024-09-11,23.2723843115438,2024-09-10,23.27238431162195,7.814904279257462e-11
2024-09-12,23.45471877631192,2024-09-11,23.454718776377042,6.512124173241318e-11
2024-09-13,23.22163435786074,2024-09-12,23.221634357942957,8.221689995480119e-11
2024-09-14,23.34500556925635,2024-09-13,23.345005569329025,7.267431101354305e-11
2024-09-15,22.823770446527433,2024-09-14,22.823770446649828,1.2239453894835606e-10
2024-09-16,23.041278350453062,2024-09-15,23.041278350551533,9.847056503531348e-11
2024-09-17,23.54577701439354,2024-09-16,23.545777014452995,5.945466341472638e-11
2024-09-18,23.45482315882279,2024-09-17,23.454823158887912,6.512124173241318e-11
2024-09-19,23.622435249628666,2024-09-18,23.622435249683736,5.5070614735086565e-11
2024-09-20,23.63763334402963,2024-09-19,23.63763334408387,5.423927973424725e-11
2024-09-21,23.67362350919941,2024-09-20,23.67362350925173,5.232081434769498e-11
2024-09-22,23.102610563851066,2024-09-21,23.102610563943678,9.261214017897146e-11
2024-09-23,23.302016669080288,2024-09-22,23.302016669156156,7.58682006107847e-11
2024-09-24,23.71463065985727,2024-09-23,23.714630659907495,5.022471327720268e-11
2024-09-25,23.536205192813355,2024-09-24,23.536205192873382,6.002665031701326e-11
2024-09-26,23.370838944324383,2024-09-25,23.370838944395206,7.082334718688799e-11
2024-09-27,23.576053039053537,2024-09-26,23.576053039111216,5.767830657532613e-11
2024-09-28,23.55783239992993,2024-09-27,23.557832399988673,5.874412067896628e-11
2024-09-29,23.05079624806151,2024-09-28,23.050796248159045,9.753620133778895e-11
2024-09-30,23.13256993282652,2024-09-29,23.1325699329164,8.988010335997387e-11
2024-10-01,23.60394896623628,2024-09-30,23.60394896629237,5.609024356090231e-11
2024-10-02,23.961252747501984,2024-10-01,23.961252747541227,3.9243275296030333e-11
2024-10-03,23.72638359415122,2024-10-02,23.72638359420085,4.9631410092843e-11
2024-10-04,23.61649172853635,2024-10-03,23.616491728591747,5.539746439353621e-11
2024-10-05,23.423234408273487,2024-10-04,23.423234408340694,6.720668466186908e-11
2024-10-06,22.821648014784397,2024-10-05,22.82164801490705,1.226538870469085e-10
2024-10-07,22.858460176474345,2024-10-06,22.858460176592565,1.1822010037576547e-10
2024-10-08,23.58054286794106,2024-10-07,23.580542867998485,5.74260639041313e-11
2024-10-09,23.36712313397859,2024-10-08,23.367123134049677,7.108624799911922e-11
2024-10-10,23.42824780871003,2024-10-09,23.4282478087769,6.686917686238303e-11
2024-10-11,23.452932048928663,2024-10-10,23.452932048993908,6.52455867111712e-11
2024-10-12,23.325144939438665,2024-10-11,23.325144939512796,7.413092362185125e-11
2024-10-13,22.961010409499018,2024-10-12,22.96101040960572,1.0670220262909424e-10
2024-10-14,22.9413263425068,2024-10-13,22.94132634261562,1.0881961998165934e-10
2024-10-15,23.788276376498462,2024-10-14,23.78827637654512,4.665778874368698e-11
2024-10-16,23.814480134538663,2024-10-15,23.81448013458411,4.544631337921601e-11
2024-10-17,23.557208116382316,2024-10-16,23.557208116441096,5.877964781575429e-11
2024-10-18,23.44131338568427,2024-10-17,23.441313385750274,6.60023147247557e-11
2024-10-19,23.559048738742035,2024-10-18,23.55904873880071,5.867306640539027e-11
2024-10-20,22.870113022316676,2024-10-19,22.87011302243353,1.1685230560942728e-10
2024-10-21,23.401495543519303,2024-10-20,23.401495543587988,6.868461355225008e-11
2024-10-22,23.57562503921299,2024-10-21,23.5756250392707,5.771028099843534e-11
2024-10-23,23.46680615205965,2024-10-22,23.46680615212399,6.433964472307707e-11
2024-10-24,23.60677994319596,2024-10-23,23.606779943251897,5.593747687271389e-11
2024-10-25,23.503861641830728,2024-10-24,23.50386164189273,6.200195912242634e-11
2024-10-26,23.839454594994532,2024-10-25,23.839454595038855,4.432365585671505e-11
2024-10-27,23.333122532278896,2024-10-26,23.33312253235244,7.354472586484917e-11
2024-10-28,23.00579459619552,2024-10-27,23.005794596297545,1.0202327871411399e-10
2024-10-29,23.66622168534426,2024-10-28,23.666221685396973,5.271161285236303e-11
2024-10-30,23.82272031413267,2024-10-29,23.822720314177744,4.5073278442941955e-11
2024-10-31,23.831553762540594,2024-10-30,23.831553762585273,4.46789272245951e-11
2024-11-01,23.706946252988644,2024-10-31,23.70694625303925,5.0604853640834335e-11
2024-11-02,23.72971242310854,2024-11-01,23.72971242315801,4.9467985263618175e-11
2024-11-03,22.98913066172355,2024-11-02,22.98913066182729,1.0373923942097463e-10
2024-11-04,23.474872192528608,2024-11-03,23.474872192592436,6.38280539533298e-11
2024-11-05,23.562940654530404,2024-11-04,23.56294065458885,5.844569272994704e-11
2024-11-06,23.607734510595996,2024-11-05,23.60773451065188,5.588418616753188e-11
2024-11-07,24.45825506533503,2024-11-06,24.458255065358905,2.3874235921539366e-11
2024-11-08,24.288629812371756,2024-11-07,24.288629812400043,2.828670631060959e-11
2024-11-09,24.19843402495787,2024-11-08,24.198434024988828,3.0958346997067565e-11
2024-11-10,24.09778150958354,2024-11-09,24.097781509617775,3.423394900892163e-11
2024-11-11,24.58228313922007,2024-11-10,24.58228313924116,2.1088908397359774e-11
2024-11-12,24.73816616748915,2024-11-11,24.7381661675072,1.8047785488306545e-11
2024-11-13,24.760794480776184,2024-11-12,24.760794480793823,1.7639223415244487e-11
2024-11-14,24.67470579938614,2024-11-13,24.674705799405366,1.922728642966831e-11
2024-11-15,24.29963013469692,2024-11-14,24.299630134724897,2.7977620220553945e-11
2024-11-16,24.21068280608226,2024-11-15,24.21068280611284,3.057820663343591e-11
2024-11-17,24.00607970942904,2024-11-16,24.006079709466558,3.751665644813329e-11
2024-11-18,24.06782807574436,2024-11-17,24.067828075779637,3.5278446830488974e-11
2024-11-19,24.29126376791128,2024-11-18,24.291263767939494,2.8215652037033578e-11
2024-11-20,24.11856701786374,2024-11-19,24.11856701789727,3.353051170051913e-11
2024-11-21,24.11728723995083,2024-11-20,24.117287239984403,3.3573144264664734e-11
2024-11-22,24.667157002170832,2024-11-21,24.667157002190205,1.937294769049913e-11
2024-11-23,24.32810358501165,2024-11-22,24.328103585038843,2.7192470497539034e-11
2024-11-24,24.382592494516768,2024-11-23,24.382592494542518,2.575006874394603e-11
2024-11-25,24.051944645741628,2024-11-24,24.051944645777468,3.5839775591739453e-11
2024-11-26,24.66571705274606,2024-11-25,24.665717052765462,1.9401369399929536e-11
2024-11-27,24.40971632245309,2024-11-26,24.40971632247815,2.5060842290258734e-11
2024-11-28,24.49335625123803,2024-11-27,24.49335625126108,2.305000634805765e-11
2024-11-29,24.200273112119792,2024-11-28,24.20027311215069,3.0897950864527957e-11
2024-11-30,24.04190118264086,2024-11-29,24.041901182677062,3.6202152386977104e-11
2024-12-01,24.146579097554913,2024-11-30,24.14657909758752,3.2606806144031e-11
2024-12-02,24.0561170497501,2024-12-01,24.05611704978579,3.569056161722983e-11
2024-12-03,24.579458271572477,2024-12-02,24.579458271593623,2.114575181622058e-11
2024-12-04,24.329845426770177,2024-12-03,24.329845426797323,2.7146285219714628e-11
2024-12-05,24.76279768646631,2024-12-04,24.76279768648392,1.7610801705814083e-11
2024-12-06,24.82703743480979,2024-12-05,24.8270374348263,1.6509460465385928e-11
2024-12-07,24.690792961536637,2024-12-06,24.690792961555555,1.8918200339612667e-11
2024-12-08,23.840092845798857,2024-12-07,23.840092845843156,4.4298786860963446e-11
2024-12-09,23.76508839379312,2024-12-08,23.76508839384087,4.774847184307873e-11
2024-12-10,24.766840337327075,2024-12-09,24.76684033734461,1.7536194718559273e-11
2024-12-11,24.7908628105434,2024-12-10,24.790862810560515,1.7116974504460813e-11
2024-12-12,24.30589697019786,2024-12-11,24.305896970225664,2.780353725029272e-11
2024-12-13,24.48380703243694,2024-12-12,24.48380703246021,2.327027459614328e-11
2024-12-14,24.27561304778396,2024-12-13,24.275613047812616,2.865618853320484e-11
2024-12-15,24.082118904802236,2024-12-14,24.08211890483701,3.47739614880993e-11
2024-12-16,23.94492247113792,2024-12-15,23.944922471177808,3.9886316471893224e-11
2024-12-17,24.563499772358597,2024-12-16,24.563499772380084,2.148681232938543e-11
2024-12-18,24.290505779525834,2024-12-17,24.290505779554067,2.823341560542758e-11
2024-12-19,24.613997412736364,2024-12-18,24.61399741275679,2.042810365310288e-11
2024-12-20,24.79875355872491,2024-12-19,24.798753558741893,1.6981971384666394e-11
2024-12-21,24.918719297933514,2024-12-20,24.918719297948577,1.5063505998114124e-11
2024-12-22,24.17577052437129,2024-12-21,24.175770524402957,3.1665337019148865e-11
2024-12-23,23.933333720535924,2024-12-22,23.933333720576275,4.035172196381609e-11
2024-12-24,24.26411157160516,2024-12-23,24.26411157163415,2.8990143619012088e-11
2024-12-25,23.862391633089747,2024-12-24,23.86239163313307,4.332179059929331e-11
2024-12-26,23.59410774642219,2024-12-25,23.59410774647884,5.665157232215279e-11
2024-12-27,23.825505672968433,2024-12-26,23.82550567301338,4.494893346418394e-11
2024-12-28,23.905130206418058,2024-12-27,23.905130206459564,4.150635390942625e-11
2024-12-29,23.383920297828062,2024-12-28,23.38392029789797,6.990674705775746e-11
2024-12-30,23.32156871380804,2024-12-29,23.32156871388244,7.439737714776129e-11
2024-12-31,24.01842039474995,2024-12-30,24.01842039478701,3.7061909097246826e-11
2025-01-01,23.76040163597875,2024-12-31,23.76040163602672,4.7972292804843164e-11
2025-01-02,23.376184544593418,2025-01-01,23.37618454466386,7.044320682325633e-11
2025-01-03,23.825319026236397,2025-01-02,23.825319026281353,4.495603889154154e-11
2025-01-04,23.808715372466548,2025-01-03,23.808715372512257,4.5709214191447245e-11
2025-01-05,23.499635574567566,2025-01-04,23.499635574629828,6.226130722097878e-11
2025-01-06,23.27507593641022,2025-01-05,23.27507593648816,7.793943268552539e-11
2025-01-07,23.900217979117063,2025-01-06,23.90021797915878,4.171596401647548e-11
2025-01-08,24.196328351489505,2025-01-07,24.196328351520528,3.1022295843285974e-11
2025-01-09,24.25951061224764,2025-01-08,24.25951061227676,2.9118041311448906e-11
2025-01-10,24.084187126306578,2025-01-09,24.08418712634128,3.470290721452329e-11
2025-01-11,24.000555660921815,2025-01-10,24.000555660959545,3.772981926886132e-11
2025-01-12,23.189001947313592,2025-01-11,23.18900194739854,8.494893677379878e-11
2025-01-13,23.17837831201827,2025-01-12,23.178378312104126,8.58548787618929e-11
2025-01-14,24.40993642253048,2025-01-13,24.409936422555536,2.5057289576579933e-11
2025-01-15,23.852117921987027,2025-01-14,23.852117922030796,4.376943252282217e-11
2025-01-16,23.98103980991092,2025-01-15,23.98103980994939,3.8468783714051824e-11
2025-01-17,23.996460002183422,2025-01-16,23.996460002221312,3.788969138440734e-11
2025-01-18,24.06259516340958,2025-01-17,24.06259516344504,3.54596352281078e-11
2025-01-19,24.20204425386664,2025-01-18,24.202044253897483,3.084466015934595e-11
2025-01-20,24.77056902445753,2025-01-19,24.770569024474998,1.7468693158662063e-11
2025-01-21,24.68185152442286,2025-01-20,24.681851524441953,1.9092283309873892e-11
2025-01-22,24.21381633105534,2025-01-21,24.213816331085823,3.04822833641083e-11
2025-01-23,23.822060932626023,2025-01-22,23.822060932671125,4.510170015237236e-11
2025-01-24,24.20202655005986,2025-01-23,24.202026550090704,3.084466015934595e-11
2025-01-25,23.96501117634188,2025-01-24,23.965011176380976,3.909761403519951e-11
2025-01-26,23.343891199450063,2025-01-25,23.343891199522822,7.275957614183426e-11
2025-01-27,23.39544902211289,2025-01-26,23.39544902218199,6.910028105266974e-11
2025-01-28,24.3973485188299,2025-01-27,24.397348518855274,2.5373481093993178e-11
2025-01-29,23.75427867694133,2025-01-28,23.754278676989596,4.8267168040183606e-11
2025-01-30,23.846854068307216,2025-01-29,23.846854068351213,4.3996806198265404e-11
2025-01-31,23.716916233998617,2025-01-30,23.71691623404872,5.0103921012123465e-11
2025-02-01,24.12872465584,2025-01-31,24.128724655873192,3.319300390103308e-11
2025-02-02,23.714864934634825,2025-02-01,23.714864934685032,5.020694970880868e-11
2025-02-03,24.462385125497516,2025-02-02,24.46238512552129,2.3774759938532952e-11
2025-02-04,25.24997222836222,2025-02-03,25.249972228373036,1.0814460438268725e-11
2025-02-05,24.61089934153368,2025-02-04,24.61089934155417,2.048849978564249e-11
2025-02-06,24.187774876425767,2025-02-05,24.187774876457055,3.128874936919601e-11
2025-02-07,24.107677987917057,2025-02-06,24.107677987950954,3.389644120943558e-11
2025-02-08,24.108559536748512,2025-02-07,24.10855953678238,3.3868019500005175e-11
2025-02-09,23.559959181945665,2025-02-08,23.55995918200428,5.861622298652946e-11
2025-02-10,23.586442714350618,2025-02-09,23.586442714407706,5.708855610464525e-11
2025-02-11,23.689271011917324,2025-02-10,23.68927101196883,5.150724291524966e-11
2025-02-12,23.775215410420422,2025-02-11,23.77521541046769,4.7268855496440665e-11
2025-02-13,24.016112605728964,2025-02-12,24.016112605766114,3.715072693921684e-11
2025-02-14,23.69270570595626,2025-02-13,23.692705706007594,5.133315994498844e-11
2025-02-15,23.598653102725574,2025-02-14,23.59865310278197,5.639577693727915e-11
2025-02-16,23.103091502096746,2025-02-15,23.103091502189308,9.256240218746825e-11
2025-02-17,23.083516081972473,2025-02-16,23.083516082066872,9.439915515940811e-11
2025-02-18,23.90839561851584,2025-02-17,23.908395618557215,4.1374903503310634e-11
2025-02-19,23.858940598663143,2025-02-18,23.858940598706617,4.347455728748173e-11
2025-02-20,23.44931323935413,2025-02-19,23.449313239419606,6.547651310029323e-11
2025-02-21,23.49066984927624,2025-02-20,23.490669849339067,6.282618869590806e-11
2025-02-22,24.17139529636602,2025-02-21,24.171395296397822,3.1803892852622084e-11
2025-02-23,23.52074010420049,2025-02-22,23.520740104261456,6.09645667282166e-11
2025-02-24,23.743386641204022,2025-02-23,23.743386641252822,4.880007509200368e-11
2025-02-25,24.09494447799021,2025-02-24,24.094944478024544,3.433342499192804e-11
2025-02-26,24.41326442075104,2025-02-25,24.413264420776013,2.497202444828872e-11
2025-02-27,24.08416578519735,2025-02-26,24.084165785232056,3.4706459928202094e-11
2025-02-28,23.913174678430135,2025-02-27,23.91317467847131,4.1175951537297806e-11
2025-03-01,24.299477717846575,2025-02-28,24.29947771787456,2.7984725647911546e-11
2025-03-02,23.504272667218448,2025-03-01,23.504272667280425,6.197709012667474e-11
2025-03-03,24.274439306797905,2025-03-02,24.274439306826594,2.8688162956314045e-11
2025-03-04,24.17241372592038,2025-03-03,24.17241372595215,3.177191842951288e-11
2025-03-05,24.247734525521672,2025-03-04,24.247734525551138,2.9466207251971355e-11
2025-03-06,23.819089240011294,2025-03-05,23.819089240056535,4.524025598584558e-11
2025-03-07,23.641526670641003,2025-03-06,23.64152667069503,5.402611691351922e-11
2025-03-08,23.83347760047584,2025-03-07,23.833477600520435,4.459366209630389e-11
2025-03-09,23.0777984675942,2025-03-08,23.07779846768914,9.493916763858579e-11
2025-03-10,23.502331351535886,2025-03-09,23.50233135159798,6.209432967807516e-11
2025-03-11,24.278758643445475,2025-03-10,24.278758643474042,2.8567370691234828e-11
2025-03-12,24.15396978204232,2025-03-11,24.153969782074686,3.2365221613872563e-11
2025-03-13,23.85435353018191,2025-03-12,23.854353530225584,4.367350925349456e-11
2025-03-14,23.61237154729805,2025-03-13,23.61237154735368,5.5628390782658244e-11
2025-03-15,23.218346825664213,2025-03-14,23.218346825746703,8.249045890806883e-11
2025-03-16,22.58835082566097,2025-03-15,22.588350825815855,1.5488410554098664e-10
2025-03-17,22.952527011351776,2025-03-16,22.952527011459384,1.0760814461718837e-10
2025-03-18,23.06861268226551,2025-03-17,23.068612682361323,9.581313520357071e-11
2025-03-19,23.042791106094253,2025-03-18,23.04279110619257,9.831779834712506e-11
2025-03-20,23.72225312050281,2025-03-19,23.722253120552647,4.983746748621343e-11
2025-03-21,23.30483521975943,2025-03-20,23.304835219835084,7.565503779005667e-11
2025-03-22,22.99622905014957,2025-03-21,22.996229050252573,1.0300382768946292e-10
2025-03-23,22.53434358612805,2025-03-22,22.534343586291524,1.6347456721632625e-10
2025-03-24,22.74114305776687,2025-03-23,22.741143057899805,1.3293544043335714e-10
2025-03-25,23.365526060530517,2025-03-24,23.365526060601717,7.119993483684084e-11
2025-03-26,23.18589781414048,2025-03-25,23.18589781422569,8.521183758603001e-11
2025-03-27,23.301854340778046,2025-03-26,23.301854340853925,7.58788587518211e-11
2025-03-28,23.173690986145,2025-03-27,23.17369098623126,8.625988812127616e-11
2025-03-29,23.62251620187991,2025-03-28,23.622516201934975,5.5063509307728964e-11
2025-03-30,23.22427315462205,2025-03-29,23.224273154704054,8.200373713407316e-11
2025-03-31,23.0112302834836,2025-03-30,23.011230283585075,1.0147616080757871e-10
2025-04-01,23.48106009238997,2025-03-31,23.481060092453404,6.343370273498294e-11
2025-04-02,23.431397396072303,2025-04-01,23.431397396138962,6.66595667553338e-11
2025-04-03,23.84093880682821,2025-04-02,23.84093880687247,4.425970701049664e-11
2025-04-04,23.52365054480484,2025-04-03,23.523650544865625,6.078337833059777e-11
2025-04-05,23.61706066356332,2025-04-04,23.617060663618684,5.5365489970427006e-11
2025-04-06,22.57560482564047,2025-04-05,22.575604825797342,1.5687007248743612e-10
2025-04-07,23.82130401650478,2025-04-06,23.821304016549917,4.5137227289160364e-11
2025-04-08,24.55351374766976,2025-04-07,24.55351374769147,2.170708057747106e-11
2025-04-09,23.78269156775017,2025-04-08,23.782691567797087,4.6917136842239415e-11
2025-04-10,24.393273224960264,2025-04-09,24.39327322498574,2.5476509790678392e-11
2025-04-11,23.785703234748095,2025-04-10,23.78570323479487,4.6775028295087395e-11
2025-04-12,23.422735249020107,2025-04-11,23.422735249087346,6.723865908497828e-11
2025-04-13,23.21737955571082,2025-04-12,23.21737955579339,8.256861860900244e-11
2025-04-14,23.35586599180853,2025-04-13,23.355865991880417,7.188916129052814e-11
2025-04-15,23.527736213337533,2025-04-14,23.527736213398075,6.054179380043934e-11
2025-04-16,23.301621304597113,2025-04-15,23.301621304673013,7.59001750338939e-11
2025-04-17,23.453704961851077,2025-04-16,23.453704961916266,6.518874329231039e-11
2025-04-18,23.14914416063892,2025-04-17,23.14914416072732,8.840217446959286e-11
2025-04-19,22.68666604262693,2025-04-18,22.686666042767307,1.403783755904442e-10
2025-04-20,22.692911862320223,2025-04-19,22.692911862459734,1.3951151345281687e-10
2025-04-21,22.75702783301888,2025-04-20,22.75702783314972,1.3083933936286485e-10
2025-04-22,23.457879135053584,2025-04-21,23.457879135118503,6.491873705272155e-11
2025-04-23,23.890760681688043,2025-04-22,23.89076068173015,4.210676252114354e-11
2025-04-24,23.85460555471276,2025-04-23,23.854605554756418,4.3659298398779356e-11
2025-04-25,23.44504816985955,2025-04-24,23.44504816992531,6.576073019459727e-11
2025-04-26,23.58314398132498,2025-04-25,23.583143981382253,5.7273297215942875e-11
2025-04-27,23.202018579144084,2025-04-26,23.202018579227932,8.384759553337062e-11
2025-04-28,23.15000863640667,2025-04-27,23.150008636494995,8.832401476865925e-11
2025-04-29,23.559042976198675,2025-04-28,23.55904297625735,5.867306640539027e-11
2025-04-30,23.413441078199135,2025-04-29,23.413441078267006,6.787104211980477e-11
2025-05-01,23.418597591203035,2025-04-30,23.418597591270554,6.751932346560352e-11
2025-05-02,23.487157015031087,2025-05-01,23.487157015094134,6.304645694399369e-11
2025-05-03,23.331139976298832,2025-05-02,23.331139976372523,7.369038712567999e-11
2025-05-04,22.84486279814012,2025-05-03,22.84486279825996,1.198401378132985e-10
2025-05-05,22.9114474145545,2025-05-04,22.911447414666622,1.1212009098926501e-10
2025-05-06,23.155943358889544,2025-05-05,23.155943358977343,8.779821314419678e-11
2025-05-07,23.303976204577285,2025-05-06,23.303976204653004,7.571898663627508e-11
2025-05-08,24.64604587822898,2025-05-07,24.646045878248763,1.978506247723999e-11
2025-05-09,24.354972780559276,2025-05-08,24.354972780585747,2.6471269620742532e-11
2025-05-10,24.502123711239538,2025-05-09,24.50212371126238,2.284394895468722e-11
2025-05-11,24.13328794600977,2025-05-10,24.13328794604281,3.304023721284466e-11
2025-05-12,24.000273524435073,2025-05-11,24.000273524472814,3.774047740989772e-11
2025-05-13,24.192802598603123,2025-05-12,24.192802598634255,3.113242996732879e-11
2025-05-14,24.235668865852368,2025-05-13,24.235668865882193,2.9825031333530205e-11
2025-05-15,24.00427767128087,2025-05-14,24.004277671318462,3.75912634353881e-11
2025-05-16,24.005592925214145,2025-05-15,24.005592925251683,3.753797273020609e-11
2025-05-17,23.781921629614597,2025-05-16,23.781921629661547,4.694911126534862e-11
2025-05-18,23.658754684488365,2025-05-17,23.658754684541467,5.310241135703109e-11
2025-05-19,23.942348235076885,2025-05-18,23.942348235116878,3.999289788225724e-11
2025-05-20,24.03203105972938,2025-05-19,24.03203105976594,3.6560976468535955e-11
2025-05-21,23.878278009563132,2025-05-20,23.87827800960577,4.263611685928481e-11
2025-05-22,24.18752890957031,2025-05-21,24.187528909601607,3.129585479655361e-11
2025-05-23,24.0040634504921,2025-05-22,24.0040634505297,3.75983688627457e-11
2025-05-24,24.142188587871253,2025-05-23,24.142188587904002,3.274891469118302e-11
2025-05-25,23.15520233598067,2025-05-24,23.155202336068534,8.786571470409399e-11
2025-05-26,23.401298751047,2025-05-25,23.4012987511157,6.869882440696529e-11
2025-05-27,23.42708108387567,2025-05-26,23.427081083942625,6.695444199067424e-11
2025-05-28,23.99147265251101,2025-05-27,23.991472652549085,3.807443249570497e-11
2025-05-29,23.67229249072784,2025-05-28,23.672292490780233,5.239186862127099e-11
2025-05-30,24.039902647248965,2025-05-29,24.039902647285242,3.6276759374231915e-11
2025-05-31,23.92598804963183,2025-05-30,23.92598804967248,4.065014991283533e-11
2025-06-01,23.361811876232185,2025-05-31,23.36181187630365,7.146638836275088e-11
2025-06-02,23.31011610760036,2025-06-01,23.310116107675615,7.525358114435221e-11
2025-06-03,23.54131590469575,2025-06-02,23.541315904755475,5.972466965431522e-11
2025-06-04,23.62968475960072,2025-06-03,23.62968475965539,5.466915808938211e-11
2025-06-05,23.64756714615404,2025-06-04,23.647567146207745,5.370637268242717e-11
2025-06-06,23.988813879460736,2025-06-05,23.988813879498913,3.817746119239018e-11
2025-06-07,23.68892282750313,2025-06-06,23.68892282755466,5.1528559197322465e-11
2025-06-08,23.17979902241971,2025-06-07,23.179799022505446,8.573408649681369e-11
2025-06-09,23.216237394677172,2025-06-08,23.216237394759837,8.266454187833006e-11
2025-06-10,23.748807976368468,2025-06-09,23.748807976416998,4.853006885241484e-11
2025-06-11,24.294367866310097,2025-06-10,24.294367866338224,2.8126834195063566e-11
2025-06-12,24.147704634136293,2025-06-11,24.14770463416886,3.256772629356419e-11
2025-06-13,23.978472033220864,2025-06-12,23.97847203325944,3.857536512441584e-11
2025-06-14,24.360503176315735,2025-06-13,24.360503176342057,2.632205564623291e-11
2025-06-15,23.3824759057408,2025-06-14,23.382475905810807,7.000622304076387e-11
2025-06-16,23.35959758611103,2025-06-15,23.359597586182655,7.16262604782969e-11
2025-06-17,23.849695159158077,2025-06-16,23.849695159201953,4.3876013933186186e-11
2025-06-18,23.96793543949035,2025-06-17,23.967935439529334,3.8983927197477897e-11
2025-06-19,23.712676063659348,2025-06-18,23.712676063709665,5.0317083832851495e-11
2025-06-20,23.271360933572293,2025-06-19,23.271360933650524,7.823075520718703e-11
2025-06-21,23.840887666758587,2025-06-20,23.840887666802846,4.425970701049664e-11
2025-06-22,23.502631032067587,2025-06-21,23.502631032129667,6.208011882335995e-11
2025-06-23,24.07170048023964,2025-06-22,24.07170048027478,3.5139890997015755e-11
2025-06-24,23.990834275664263,2025-06-23,23.990834275702362,3.809930149145657e-11
2025-06-25,23.695680711082023,2025-06-24,23.695680711133207,5.118394597047882e-11
2025-06-26,23.565737287757862,2025-06-25,23.565737287816145,5.828226790072222e-11
2025-06-27,23.63018951336863,2025-06-26,23.630189513423275,5.4644289093630505e-11
2025-06-28,23.45176126732865,2025-06-27,23.451761267393962,6.531308827106841e-11
2025-06-29,22.836272079661622,2025-06-28,22.836272079782496,1.2087397749382944e-10
2025-06-30,23.24904091849644,2025-06-29,23.249040918576437,7.999645390555088e-11
2025-07-01,23.54819363654269,2025-06-30,23.548193636602,5.931255486757436e-11
2025-07-02,23.433011386532904,2025-07-01,23.43301138659946,6.655653805864858e-11
2025-07-03,23.849697899009023,2025-07-02,23.849697899052895,4.3872461219507386e-11
2025-07-04,23.76174909572122,2025-07-03,23.76174909576913,4.7908343958624755e-11
2025-07-05,23.569496452728757,2025-07-04,23.569496452786822,5.806555236631539e-11
2025-07-06,22.952137896926462,2025-07-05,22.952137897034117,1.0765432989501278e-10
2025-07-07,23.302757866813653,2025-07-06,23.302757866889465,7.581135719192389e-11
2025-07-08,23.63780253148851,2025-07-07,23.637802531542743,5.4232174306889647e-11
2025-07-09,23.58760655285227,2025-07-08,23.587606552909293,5.702105454474804e-11
2025-07-10,24.02756504974676,2025-07-09,24.027565049783487,3.672795401143958e-11
2025-07-11,24.2475418746756,2025-07-10,24.247541874705075,2.9473312679328956e-11
2025-07-12,24.313058357022303,2025-07-11,24.313058357049908,2.7604585284279892e-11
2025-07-13,23.51548549613168,2025-07-12,23.515485496192966,6.128431095930864e-11
2025-07-14,23.577535527888543,2025-07-13,23.577535527946143,5.760014687439252e-11
2025-07-15,24.316440523706593,2025-07-14,24.316440523734105,2.751221472863108e-11
2025-07-16,24.38717757850345,2025-07-15,24.387177578529084,2.5632829192545614e-11
2025-07-17,24.568536768303357,2025-07-16,24.56853676832474,2.1383783632700215e-11
2025-07-18,24.58468682043472,2025-07-17,24.58468682045576,2.1042723119535367e-11
2025-07-19,24.804161463128946,2025-07-18,24.80416146314583,1.688604811533878e-11
2025-07-20,23.982581621615296,2025-07-19,23.98258162165371,3.8415493008869817e-11
2025-07-21,24.521009809508733,2025-07-20,24.521009809531154,2.242117602690996e-11
2025-07-22,24.47538924796268,2025-07-21,24.475389247986143,2.3462121134798508e-11
2025-07-23,24.535443508326843,2025-07-22,24.53544350834894,2.2097879082139116e-11
2025-07-24,24.443722175821293,2025-07-23,24.443722175845515,2.4222401862061815e-11
2025-07-25,24.421549937262647,2025-07-24,24.421549937287413,2.4765967054918292e-11
2025-07-26,24.46721355373461,2025-07-25,24.467213553758267,2.3657520387132536e-11
2025-07-27,23.927445697619586,2025-07-26,23.92744569766018,4.0593306493974524e-11
2025-07-28,24.08701920651214,2025-07-27,24.087019206546742,3.460343123151688e-11
2025-07-29,24.302088658916,2025-07-28,24.30208865894391,2.7910118660656735e-11
2025-07-30,24.293936927324175,2025-07-29,24.29393692735231,2.8133939622421167e-11
2025-07-31,24.261104186675656,2025-07-30,24.26110418670473,2.90754087473033e-11
2025-08-01,24.21490823248093,2025-07-31,24.21490823251138,3.0450308940999093e-11
2025-08-02,24.55757717671031,2025-08-01,24.55757717673193,2.1618262735501048e-11
2025-08-03,24.12995031300056,2025-08-02,24.12995031303371,3.3150371336887474e-11
2025-08-04,23.6866605350898,2025-08-03,23.686660535141442,5.164224603504408e-11
2025-08-05,24.1542080766151,2025-08-04,24.154208076647453,3.235456347283616e-11
2025-08-06,24.213046041496735,2025-08-05,24.213046041527246,3.05107050735387e-11
2025-08-07,24.016299361071923,2025-08-06,24.016299361109063,3.7140068798180437e-11
2025-08-08,24.377238736245047,2025-08-07,24.377238736270932,2.588507186374045e-11
2025-08-09,24.54010512019813,2025-08-08,24.540105120220126,2.19948503854539e-11
2025-08-10,24.536124993127288,2025-08-09,24.53612499314937,2.2083668227423914e-11
2025-08-11,24.311604568378005,2025-08-10,24.31160456840565,2.7643665134746698e-11
2025-08-12,24.635085897842707,2025-08-11,24.635085897862712,2.000533072532562e-11
2025-08-13,24.77046968204306,2025-08-12,24.770469682060533,1.7472245872340864e-11
2025-08-14,24.859232307944037,2025-08-13,24.859232307960024,1.5987211554602254e-11
2025-08-15,25.04980133658943,2025-08-14,25.04980133660264,1.3212542171459063e-11
2025-08-16,24.738670285792193,2025-08-15,24.73867028581023,1.8037127347270143e-11
2025-08-17,24.01229929788918,2025-08-16,24.012299297926468,3.728928277269006e-11
2025-08-18,24.168419542000112,2025-08-17,24.168419542032012,3.18998161219497e-11
2025-08-19,24.70329179343859,2025-08-18,24.703291793457275,1.8683721236811834e-11
2025-08-20,24.6440576260103,2025-08-19,24.644057626030126,1.9824142327706795e-11
2025-08-21,24.626810259861298,2025-08-20,24.626810259881463,2.0165202840871643e-11
2025-08-22,24.23833818152402,2025-08-21,24.238338181553768,2.9746871632596594e-11
2025-08-23,25.053545410282933,2025-08-22,25.053545410296095,1.3162804179955856e-11
2025-08-24,24.320677360498536,2025-08-23,24.32067736052593,2.7394975177230663e-11
2025-08-25,24.682267917473713,2025-08-24,24.682267917492794,1.908162516883749e-11
2025-08-26,24.8811509779178,2025-08-25,24.88115097793344,1.5639045614079805e-11
2025-08-27,24.709092082642233,2025-08-26,24.70909208266081,1.857713982644782e-11
2025-08-28,24.496254388721297,2025-08-27,24.49625438874428,2.298250478816044e-11
2025-08-29,24.308041598547103,2025-08-28,24.30804159857485,2.7746693831431912e-11
2025-08-30,24.571283341012705,2025-08-29,24.571283341034025,2.1319834786481806e-11
2025-08-31,23.976856557385787,2025-08-30,23.976856557424423,3.863576125695545e-11
2025-09-01,24.007294181316603,2025-08-31,24.00729418135408,3.7477576597666484e-11
2025-09-02,24.348426340862744,2025-09-01,24.34842634088939,2.6645352591003757e-11
2025-09-03,24.4092584364525,2025-09-02,24.40925843647757,2.5071500431295135e-11
2025-09-04,24.286039786638216,2025-09-03,24.286039786666578,2.83613132978644e-11
2025-09-05,24.276319799058104,2025-09-04,24.27631979908674,2.8634872251132037e-11
2025-09-06,24.511169852092703,2025-09-05,24.511169852115344,2.2641444274995592e-11
2025-09-07,23.619633276213243,2025-09-06,23.619633276268466,5.5223381423274986e-11
2025-09-08,23.581274143362258,2025-09-07,23.581274143419638,5.737987862630689e-11
2025-09-09,24.19762515034523,2025-09-08,24.19762515037621,3.097966327914037e-11
2025-09-10,24.147636659142005,2025-09-09,24.147636659174577,3.257127900724299e-11
2025-09-11,24.400107252397493,2025-09-10,24.400107252422796,2.5302426820417168e-11
2025-09-12,24.305651160631804,2025-09-11,24.305651160659615,2.781064267765032e-11
2025-09-13,24.50380685972549,2025-09-12,24.5038068597483,2.2808421817899216e-11
2025-09-14,24.27414237253397,2025-09-13,24.27414237256267,2.8702373811029247e-11
2025-09-15,24.069449336850315,2025-09-14,24.069449336885533,3.5218050697949366e-11
2025-09-16,24.417731210945146,2025-09-15,24.417731210970004,2.4858337610567105e-11
2025-09-17,24.212519926260786,2025-09-16,24.21251992629131,3.0524915928253904e-11
2025-09-18,24.510199416822022,2025-09-17,24.51019941684469,2.2666313270747196e-11
2025-09-19,24.2347294562512,2025-09-18,24.234729456281055,2.985700575663941e-11
2025-09-20,24.136148665488133,2025-09-19,24.13614866552108,3.2947866657195846e-11
2025-09-21,23.61677125324685,2025-09-20,23.616771253302225,5.537614811146341e-11
2025-09-22,23.684939967237312,2025-09-21,23.684939967289043,5.1731063877014094e-11
2025-09-23,24.787517697244393,2025-09-22,24.78751769726157,1.7177370637000422e-11
2025-09-24,24.203276737631477,2025-09-23,24.203276737662286,3.0809133022557944e-11
2025-09-25,24.23595655357697,2025-09-24,24.235956553606787,2.9817925906172604e-11
2025-09-26,24.9568373003332,2025-09-25,24.956837300347697,1.4498624523184844e-11
2025-09-27,24.591828126322124,2025-09-26,24.591828126343014,2.0889956431346945e-11
2025-09-28,23.7379452629627,2025-09-27,23.737945263011763,4.906297590423492e-11
2025-09-29,23.927284115230712,2025-09-28,23.92728411527131,4.0596859207653324e-11
2025-09-30,24.375492456315396,2025-09-29,24.37549245634133,2.5934809855243657e-11
2025-10-01,24.352372816391505,2025-09-30,24.352372816418043,2.6538771180639742e-11
2025-10-02,24.55541552268573,2025-10-01,24.555415522707396,2.1664448013325455e-11
2025-10-03,24.59600870146188,2025-10-02,24.59600870148268,2.0801138589376933e-11
2025-10-04,24.627326229346743,2025-10-03,24.6273262293669,2.0158097413514042e-11
2025-10-05,23.806655022437507,2025-10-04,23.80665502248331,4.580158474709606e-11
2025-10-06,24.527276064220494,2025-10-05,24.527276064242777,2.2282620193436742e-11
2025-10-07,24.52976067653089,2025-10-06,24.529760676553117,2.2225776774575934e-11
2025-10-08,24.728404348261105,2025-10-07,24.728404348279327,1.822186845856777e-11
2025-10-09,24.423496329449677,2025-10-08,24.423496329474393,2.4716229063415085e-11
2025-10-10,24.592445527111263,2025-10-09,24.59244552713214,2.0875745576631743e-11
2025-10-11,25.30554215813766,2025-10-10,25.30554215814789,1.0231815394945443e-11
2025-10-12,24.858039931693632,2025-10-11,24.858039931709637,1.6004975122996257e-11
2025-10-13,24.83767728371887,2025-10-12,24.837677283735207,1.6335377495124703e-11
2025-10-14,24.6403516530926,2025-10-13,24.6403516531125,1.9898749314961606e-11
2025-10-15,24.929362669177845,2025-10-14,24.92936266919275,1.49036338825681e-11
2025-10-16,24.644504040767227,2025-10-15,24.644504040787044,1.9817036900349194e-11
2025-10-17,24.61808959425652,2025-10-16,24.618089594276867,2.034639123849047e-11
2025-10-18,24.77338456063856,2025-10-17,24.773384560655977,1.7415402453480056e-11
2025-10-19,23.89360987243354,2025-10-18,23.89360987247553,4.198952296974312e-11
2025-10-20,24.215846158132415,2025-10-19,24.215846158162837,3.042188723156869e-11
2025-10-21,24.417744898032048,2025-10-20,24.417744898056906,2.4858337610567105e-11
2025-10-22,24.63449433383622,2025-10-21,24.634494333856235,2.0015988866362022e-11
2025-10-23,24.555667668758055,2025-10-22,24.555667668779712,2.1657342585967854e-11
2025-10-24,24.316780559403096,2025-10-23,24.316780559430597,2.7501556587594678e-11
2025-10-25,24.252290712407845,2025-10-24,24.252290712437176,2.9331204132176936e-11
2025-10-26,23.447532439707377,2025-10-25,23.447532439772974,6.559730536537245e-11
2025-10-27,24.09471806248588,2025-10-26,24.094718062520222,3.434053041928564e-11
2025-10-28,24.418905717817513,2025-10-27,24.418905717842343,2.48299159011367e-11
2025-10-29,24.40421783104292,2025-10-28,24.40421783106812,2.5199398123731953e-11
2025-10-30,24.28589805177287,2025-10-29,24.285898051801233,2.83613132978644e-11
2025-10-31,24.411693671320503,2025-10-30,24.411693671345514,2.5011104298755527e-11
2025-11-01,24.355577595520806,2025-10-31,24.355577595547263,2.645705876602733e-11
2025-11-02,23.584911107781743,2025-11-01,23.58491110783892,5.717737394661526e-11
2025-11-03,23.742695674730903,2025-11-02,23.742695674779732,4.8828496801434085e-11
2025-11-04,24.695282103701366,2025-11-03,24.695282103720203,1.8836487925000256e-11
2025-11-05,25.064828717260305,2025-11-04,25.064828717273322,1.3017142919125035e-11
2025-11-06,24.572474323996516,2025-11-05,24.572474324017815,2.1298518504409003e-11
2025-11-07,24.326910074844683,2025-11-06,24.326910074871908,2.722444492064824e-11
2025-11-08,24.475354664162516,2025-11-07,24.475354664185986,2.346922656215611e-11
2025-11-09,23.885100105061905,2025-11-08,23.88510010510425,4.234479433762317e-11
2025-11-10,24.084388996103783,2025-11-09,24.08438899613848,3.469580178716569e-11
2025-11-11,24.296679601317035,2025-11-10,24.296679601345097,2.8062885348845157e-11
2025-11-12,24.405490409651733,2025-11-11,24.4054904096769,2.516742370062275e-11
2025-11-13,24.27572276951878,2025-11-12,24.275722769547436,2.865618853320484e-11
2025-11-14,24.64094117120384,2025-11-13,24.64094117122373,1.9891643887604005e-11
2025-11-15,24.573494487776156,2025-11-14,24.573494487797433,2.12772022223362e-11
2025-11-16,23.7156395091579,2025-11-15,23.715639509208067,5.0167869858341874e-11
2025-11-17,24.15686220777571,2025-11-16,24.156862207807983,3.227285105822375e-11
2025-11-18,24.437491183753384,2025-11-17,24.43749118377776,2.4375168550250237e-11
2025-11-19,24.450921055959988,2025-11-18,24.450921055984036,2.404831889180059e-11
2025-11-20,24.417872356170815,2025-11-19,24.417872356195677,2.4861890324245906e-11
2025-11-21,24.505587481963797,2025-11-20,24.505587481986566,2.276934196743241e-11
2025-11-22,24.66439095877818,2025-11-21,24.664390958797608,1.942623839568114e-11
2025-11-23,23.458212979709764,2025-11-22,23.45821297977466,6.489742077064875e-11
2025-11-24,23.73675966106888,2025-11-23,23.736759661118,4.9119819323095726e-11
2025-11-25,24.20424919760704,2025-11-24,24.204249197637818,3.077715859944874e-11
2025-11-26,23.873263831381617,2025-11-25,23.873263831424467,4.284927968001284e-11
2025-11-27,23.788205230547824,2025-11-26,23.78820523059448,4.665778874368698e-11
2025-11-28,23.554876750737936,2025-11-27,23.554876750796854,5.891820364922751e-11
2025-11-29,23.7514633143823,2025-11-28,23.751463314430705,4.8405723873656825e-11
2025-11-30,23.270793641994015,2025-11-29,23.270793642072288,7.827338777133264e-11
2025-12-01,23.16825689675681,2025-11-30,23.168256896843534,8.672529361319903e-11
2025-12-02,24.325486533156937,2025-12-01,24.3254865331842,2.7263524771115044e-11
2025-12-03,24.00393811859007,2025-12-02,24.003938118627673,3.76019215764245e-11
2025-12-04,24.12277182353938,2025-12-03,24.12277182357277,3.338840315336711e-11
2025-12-05,24.03508508352801,2025-12-04,24.03508508356446,3.645084234449314e-11
2025-12-06,24.05547992664716,2025-12-05,24.055479926682874,3.5715430612981436e-11
2025-12-07,23.117775362748397,2025-12-06,23.117775362839613,9.121592370320286e-11
2025-12-08,23.73799140920206,2025-12-07,23.73799140925112,4.905942319055612e-11
2025-12-09,23.952573685348103,2025-12-08,23.952573685387687,3.958433580919518e-11
2025-12-10,24.18939395575688,2025-12-09,24.18939395578812,3.1239011377692805e-11
2025-12-11,24.147345673168065,2025-12-10,24.147345673200643,3.2578384434600594e-11
2025-12-12,24.092843327722683,2025-12-11,24.092843327757087,3.440447926550405e-11
2025-12-13,23.917480178873703,2025-12-12,23.91748017891471,4.100542128071538e-11
2025-12-14,23.01750312375845,2025-12-13,23.01750312385929,1.0084022505907342e-10
2025-12-15,23.471788745975417,2025-12-14,23.471788746039437,6.401990049198503e-11
2025-12-16,24.082459167818325,2025-12-15,24.082459167853088,3.47633033470629e-11
2025-12-17,23.846035517306415,2025-12-16,23.846035517350447,4.403233333505341e-11
2025-12-18,23.98749069409421,2025-12-17,23.987490694132436,3.822719918389339e-11
2025-12-19,24.097235257494106,2025-12-18,24.097235257528357,3.425171257731563e-11
2025-12-20,24.05084136378323,2025-12-19,24.050841363819114,3.588240815588506e-11
2025-12-21,22.75304672641076,2025-12-20,22.75304672654212,1.3136158827364852e-10
2025-12-22,23.137222046530898,2025-12-21,23.137222046620355,8.945733043219661e-11
2025-12-23,23.735955235545212,2025-12-22,23.73595523559437,4.915889917356253e-11
2025-12-24,23.78914026914379,2025-12-23,23.7891402691904,4.661160346586257e-11
2025-12-25,23.361234740512312,2025-12-24,23.361234740583818,7.150546821321768e-11
2025-12-26,23.19380909018103,2025-12-25,23.193809090265574,8.454392741441552e-11
2025-12-27,23.64439287891062,2025-12-26,23.644392878964492,5.3873350225330796e-11
2025-12-28,22.721874597332977,2025-12-27,22.721874597468503,1.355253687052027e-10
2025-12-29,22.945464980507875,2025-12-28,22.945464980616244,1.0836842534445168e-10
2025-12-30,23.979733915709105,2025-12-29,23.97973391574763,3.852562713291263e-11
2025-12-31,23.65801084317666,2025-12-30,23.658010843229803,5.3145043921176693e-11
