Asset,Model,Date,Actual_Return,Predicted_Return,Forecast_Error,Squared_Error,Absolute_Error,Actual_Direction,Predicted_Direction,Direction_Correct,Training_Observations
BTC,Baseline,2024-01-02,0.0338522639689997,-0.0033474179112586164,0.037199681880258316,0.001383816331992419,0.037199681880258316,1,0,0,746
BTC,Baseline,2024-01-03,-0.0495283949100311,-0.008329752316119288,-0.041198642593911816,0.001697328151580885,0.041198642593911816,0,0,1,747
BTC,Baseline,2024-01-04,0.0353450262550083,0.006505568742401705,0.028839457512606595,0.000831714309621441,0.028839457512606595,1,1,1,748
BTC,Baseline,2024-01-05,-0.011940796433948,-0.00706848957496301,-0.004872306858984991,2.3739374128112186e-05,0.004872306858984991,0,0,1,749
BTC,Baseline,2024-01-08,0.0625227533679936,-0.0007682613955217457,0.06329101476351534,0.004005752549795517,0.06329101476351534,1,0,0,750
BTC,Baseline,2024-01-09,-0.0365736275970131,-0.008241085432545023,-0.02833254216446808,0.0008027329455013616,0.02833254216446808,0,0,1,751
BTC,Baseline,2024-01-10,0.0117857627732164,0.004712294173518563,0.007073468599697838,5.003395803091129e-05,0.007073468599697838,1,1,1,752
BTC,Baseline,2024-01-11,0.0042879617582345,-0.0033089101676198915,0.007596871925854391,5.771246305783461e-05,0.007596871925854391,1,0,0,753
BTC,Baseline,2024-01-12,-0.0611173108158078,0.0010191758239716687,-0.06213648663977946,0.0038609429719354917,0.06213648663977946,0,1,0,754
BTC,Baseline,2024-01-16,0.0173378165053253,0.0019510300179401672,0.015386786487385134,0.00023675319840837773,0.015386786487385134,1,1,1,755
BTC,Baseline,2024-01-17,-0.0184629924327535,-0.006594011840404305,-0.011868980592349195,0.00014087270030156186,0.011868980592349195,0,0,1,756
BTC,Baseline,2024-01-18,-0.0374453878278541,0.0022400716746044077,-0.03968545950245851,0.0015749356959212746,0.03968545950245851,0,1,0,757
BTC,Baseline,2024-01-19,0.0126903260598785,0.005905922847432446,0.006784403212446053,4.602812694904833e-05,0.006784403212446053,1,1,1,758
BTC,Baseline,2024-01-22,-0.0477340635951292,0.00449293627163617,-0.05222699986676537,0.00272765951508311,0.05222699986676537,0,1,0,759
BTC,Baseline,2024-01-23,-0.0157848381598462,0.008421274522807108,-0.02420611268265331,0.0005859358912053094,0.02420611268265331,0,1,0,760
BTC,Baseline,2024-01-24,0.0146539006178425,0.0021310669617092275,0.012522833656133273,0.00015682136277918424,0.012522833656133273,1,1,1,761
BTC,Baseline,2024-01-25,0.0033764521624908,-0.002548140839529283,0.005924593002020083,3.5100802239585336e-05,0.005924593002020083,1,0,0,762
BTC,Baseline,2024-01-26,0.0511836447493628,0.0020367188310001427,0.04914692591836266,0.002415420327225027,0.04914692591836266,1,1,1,763
BTC,Baseline,2024-01-29,0.0284577539356695,0.002635528202942625,0.025822225732726873,0.0006667873417919019,0.025822225732726873,1,1,1,764
BTC,Baseline,2024-01-30,0.008463291914936,-0.0004222868119662783,0.008885578726902278,7.895350931197831e-05,0.008885578726902278,1,0,0,765
BTC,Baseline,2024-01-31,-0.0253203398529352,0.001382559824800532,-0.02670289967773573,0.000713044851199219,0.02670289967773573,0,1,0,766
BTC,Baseline,2024-02-01,0.0151101750276914,0.007494072699680053,0.007616102328011347,5.8005014670739854e-05,0.007616102328011347,1,1,1,767
BTC,Baseline,2024-02-02,-0.0030709345087918,0.0037309982836617045,-0.006801932792453504,4.626628971305432e-05,0.006801932792453504,0,1,0,768
BTC,Baseline,2024-02-05,-0.0099771060049352,-0.00316568399384151,-0.0068114220110936895,4.63954698132116e-05,0.0068114220110936895,0,0,1,769
BTC,Baseline,2024-02-06,0.0191957994384833,-0.001716968951164329,0.020912768389647632,0.0004373438817190452,0.020912768389647632,1,0,0,770
BTC,Baseline,2024-02-07,0.0237601326122443,0.0030860878486402275,0.02067404476360407,0.0004274161268875049,0.02067404476360407,1,1,1,771
BTC,Baseline,2024-02-08,0.0254506904489161,-0.0017064673478865205,0.02715715779680262,0.0007375112196004374,0.02715715779680262,1,0,0,772
BTC,Baseline,2024-02-09,0.0477527202298084,-0.004725768334795891,0.05247848856460429,0.0027539917620253034,0.05247848856460429,1,0,0,773
BTC,Baseline,2024-02-12,0.0353261638907621,0.0004264991283772189,0.034899664762384874,0.0012179866005268484,0.034899664762384874,1,1,1,774
BTC,Baseline,2024-02-13,-0.0056006054205141,-0.005663599345921323,6.299392540722298e-05,3.968234638210773e-09,6.299392540722298e-05,0,0,1,775
BTC,Baseline,2024-02-14,0.0436132410837892,-0.005944649783063402,0.049557890866852604,0.002455984547170873,0.049557890866852604,1,0,0,776
BTC,Baseline,2024-02-15,-0.0078045487792248,-0.004140365993102888,-0.0036641827861219117,1.3426235490112135e-05,0.0036641827861219117,0,0,1,777
BTC,Baseline,2024-02-16,0.0123332365534209,0.0027886649264583794,0.009544571626962522,9.1098847542218e-05,0.009544571626962522,1,1,1,778
BTC,Baseline,2024-02-20,0.0025305841161619,9.277179388633293e-05,0.0024378123222755675,5.9429289186385955e-06,0.0024378123222755675,1,1,1,779
BTC,Baseline,2024-02-21,-0.0123095793303188,0.0013850792892572963,-0.013694658619576095,0.00018754367470672986,0.013694658619576095,0,1,0,780
BTC,Baseline,2024-02-22,0.0048252652384898,0.001106931330038372,0.0037183339084514285,1.3826007054739677e-05,0.0037183339084514285,1,1,1,781
BTC,Baseline,2024-02-23,-0.0127467295829595,0.00023713975785454315,-0.012983869340814044,0.0001685808630593309,0.012983869340814044,0,1,0,782
BTC,Baseline,2024-02-26,0.054477868421388,0.00561185149277631,0.048866016928611686,0.0023878876104673637,0.048866016928611686,1,1,1,783
BTC,Baseline,2024-02-27,0.0370866690709048,-0.00803413126376556,0.045120800334670357,0.0020358866228411886,0.045120800334670357,1,0,0,784
BTC,Baseline,2024-02-28,0.0653611164555198,-0.006501607997643793,0.07186272445316359,0.0051642511658313165,0.07186272445316359,1,0,0,785
BTC,Baseline,2024-02-29,0.0144659832331768,-0.010223323061069094,0.024689306294245893,0.0006095618452910898,0.024689306294245893,1,0,0,786
BTC,Baseline,2024-03-01,0.0186672665495534,-0.002157553976146978,0.02082482052570038,0.00043367314992763187,0.02082482052570038,1,0,0,787
BTC,Baseline,2024-03-04,0.0713198625460871,0.002848929550642278,0.06847093299544482,0.004688268665266695,0.06847093299544482,1,1,1,788
BTC,Baseline,2024-03-05,-0.0639026739485315,-0.010714743433265256,-0.05318793051526624,0.00282895595249679,0.05318793051526624,0,0,1,789
BTC,Baseline,2024-03-06,0.0485709262478393,0.009355754027089951,0.03921517222074935,0.0015378297323030315,0.03921517222074935,1,1,1,790
BTC,Baseline,2024-03-07,0.0130996287460495,-0.00676221200530591,0.01986184075135541,0.00039449271803220247,0.01986184075135541,1,0,0,791
BTC,Baseline,2024-03-08,0.0158720046586772,-0.000997796084007166,0.016869800742684366,0.000284590177097874,0.016869800742684366,1,0,0,792
BTC,Baseline,2024-03-11,0.0384551390662724,-0.00019330098462642345,0.03864844005089882,0.00149370191836792,0.03864844005089882,1,0,0,793
BTC,Baseline,2024-03-12,-0.0151119845397079,-0.00678682352232426,-0.00832516101738364,6.930830596536422e-05,0.00832516101738364,0,0,1,794
BTC,Baseline,2024-03-13,0.0289650139705572,-0.0009383763732714655,0.029903390343828665,0.0008942127540553854,0.029903390343828665,1,0,0,795
BTC,Baseline,2024-03-14,-0.0344861760711693,-0.004135461949999514,-0.030350714121169787,0.0009211658476649752,0.030350714121169787,0,0,1,796
BTC,Baseline,2024-03-15,-0.0406201072419309,-0.00023185093545153874,-0.04038825630647936,0.0016312112474778698,0.04038825630647936,0,0,1,797
BTC,Baseline,2024-03-18,-0.0130368983299158,-0.0030097866044601768,-0.010027111725455623,0.00010054296955476964,0.010027111725455623,0,0,1,798
BTC,Baseline,2024-03-19,-0.0552806436597765,0.0004229731909363525,-0.05570361685071285,0.0031028929302510206,0.05570361685071285,0,1,0,799
BTC,Baseline,2024-03-20,0.0509143604426563,0.007339250639987752,0.043575109802668544,0.0018987901943146202,0.043575109802668544,1,1,1,800
BTC,Baseline,2024-03-21,-0.024189556045524,-0.006580028226201833,-0.017609527819322165,0.00031009547001948127,0.017609527819322165,0,0,1,801
BTC,Baseline,2024-03-22,-0.030418267244856,0.003899770025824213,-0.03431803727068021,0.001177727682111796,0.03431803727068021,0,1,0,802
BTC,Baseline,2024-03-25,0.0702696771695903,-0.0004417258324205648,0.07071140300201087,0.005000102514512792,0.07071140300201087,1,0,0,803
BTC,Baseline,2024-03-26,-0.01624502386136,-0.010222765219759188,-0.006022258641600813,3.626759914633567e-05,0.006022258641600813,0,0,1,804
BTC,Baseline,2024-03-27,-0.0138229616432781,0.0034180226526788512,-0.01724098429595695,0.0002972515394934342,0.01724098429595695,0,1,0,805
BTC,Baseline,2024-03-28,0.0263831247700204,0.003978110465475018,0.022405014304545383,0.0005019846659868832,0.022405014304545383,1,1,1,806
BTC,Baseline,2024-04-01,-0.0153763839696944,0.0008086160428713903,-0.01618500001256579,0.00026195422540675463,0.01618500001256579,0,1,0,807
BTC,Baseline,2024-04-02,-0.0604915918986163,-0.0023665149036856945,-0.0581250769949306,0.0033785245756666107,0.0581250769949306,0,0,1,808
BTC,Baseline,2024-04-03,0.001004543359742,0.006890823648763956,-0.0058862802890219555,3.4648295640928396e-05,0.0058862802890219555,1,1,1,809
BTC,Baseline,2024-04-04,0.0332365350980435,0.0016642703018107429,0.031572264796232756,0.0009968079043634382,0.031572264796232756,1,1,1,810
BTC,Baseline,2024-04-05,-0.004570511889834,-0.002959172002156911,-0.0016113398876770892,2.5964162336192143e-06,0.0016113398876770892,0,0,1,811
BTC,Baseline,2024-04-08,0.0338188882276003,-0.0028032771078226287,0.036622165335422924,0.0013411829938550525,0.036622165335422924,1,0,0,812
BTC,Baseline,2024-04-09,-0.0363839147837078,-0.004378518930588701,-0.0320053958531191,0.0010243453637148534,0.0320053958531191,0,0,1,813
BTC,Baseline,2024-04-10,0.0095073964286869,0.008419755234138857,0.001087641194548043,1.1829633680778938e-06,0.001087641194548043,1,1,1,814
BTC,Baseline,2024-04-11,0.0101130102786856,-0.009808862794145006,0.019921873072830606,0.0003968810267299732,0.019921873072830606,1,0,0,815
BTC,Baseline,2024-04-12,-0.0489131995699212,0.0003217121535731731,-0.04923491172349437,0.002424076532420283,0.04923491172349437,0,1,0,816
BTC,Baseline,2024-04-15,-0.011409078485891,-0.0041832927566978866,-0.007225785729193114,5.221197940421086e-05,0.007225785729193114,0,0,1,817
BTC,Baseline,2024-04-16,-0.0015612310741558,-0.004459023394306341,0.0028977923201505412,8.397200330723457e-06,0.0028977923201505412,0,0,1,818
BTC,Baseline,2024-04-17,-0.0354879594851966,-0.0001476669588721996,-0.035340292526324396,0.00124893627584618,0.035340292526324396,0,0,1,819
BTC,Baseline,2024-04-18,0.0431290544363939,0.008571392828057854,0.034557661608336045,0.001194231975836263,0.034557661608336045,1,1,1,820
BTC,Baseline,2024-04-19,0.0083707755536935,-0.007389462319691787,0.015760237873385288,0.00024838509782568804,0.015760237873385288,1,0,0,821
BTC,Baseline,2024-04-22,0.028786931697061,0.003359795502140963,0.025427136194920038,0.0006465392550750127,0.025427136194920038,1,1,1,822
BTC,Baseline,2024-04-23,-0.0028947271708792,-0.002299809638045364,-0.000594917532833836,3.5392687087309834e-07,0.000594917532833836,0,0,1,823
BTC,Baseline,2024-04-24,-0.0354649271994759,0.0034233054152635147,-0.038888232614739414,0.0015122946358980822,0.038888232614739414,0,1,0,824
BTC,Baseline,2024-04-25,0.0116275867015831,0.004078806254816496,0.0075487804467666035,5.69840862334858e-05,0.0075487804467666035,1,1,1,825
BTC,Baseline,2024-04-26,-0.0132938972454768,-0.0016485363339126566,-0.011645360911564142,0.00013561443076058602,0.011645360911564142,0,0,1,826
BTC,Baseline,2024-04-29,-0.0113181186472079,0.0026008782370185706,-0.013918996884226471,0.0001937384742631062,0.013918996884226471,0,1,0,827
BTC,Baseline,2024-04-30,-0.0501919055068689,0.0052480694075070266,-0.05543997491437593,0.0030735908185066324,0.05543997491437593,0,1,0,828
BTC,Baseline,2024-05-01,-0.0441131876491687,0.003963528371607206,-0.04807671602077591,0.002311370623342331,0.04807671602077591,0,1,0,829
BTC,Baseline,2024-05-02,0.0247850036738036,0.008882301604641778,0.01590270206916182,0.0002528959331005236,0.01590270206916182,1,1,1,830
BTC,Baseline,2024-05-03,0.069337382317619,-0.00025117110543514077,0.06958855342305414,0.004842566767513261,0.06958855342305414,1,0,0,831
BTC,Baseline,2024-05-06,-0.0070055858689724,0.0068764594115982795,-0.01388204528057068,0.0001927111811718147,0.01388204528057068,0,1,0,832
BTC,Baseline,2024-05-07,-0.0051793891028767,0.002488929449696156,-0.007668318552572856,5.880310942373306e-05,0.007668318552572856,0,1,0,833
BTC,Baseline,2024-05-08,-0.0226029285609912,0.0027108388618484083,-0.025313767422839608,0.0006407868211376158,0.025313767422839608,0,1,0,834
BTC,Baseline,2024-05-09,0.0169175661540506,0.004208913563967694,0.012708652590082907,0.00016150985065542097,0.012708652590082907,1,1,1,835
BTC,Baseline,2024-05-10,-0.0345572554020824,0.001029436384689664,-0.03558669178677206,0.00126641263232671,0.03558669178677206,0,1,0,836
BTC,Baseline,2024-05-13,0.0294764616413887,0.0013387122114625872,0.028137749429926116,0.0007917329429813075,0.028137749429926116,1,1,1,837
BTC,Baseline,2024-05-14,-0.0234332793162606,-0.00336696447126941,-0.02006631484499119,0.0004026569914583138,0.02006631484499119,0,0,1,838
BTC,Baseline,2024-05-15,0.0682091139504595,0.006100851315240401,0.062108262635219104,0.0038574362875653536,0.062108262635219104,1,1,1,839
BTC,Baseline,2024-05-16,-0.0105982560276306,-0.004184516956910686,-0.006413739070719913,4.113604886727914e-05,0.006413739070719913,0,0,1,840
BTC,Baseline,2024-05-17,0.0247962841999007,0.0014598163954504051,0.023336467804450294,0.0005445907295881452,0.023336467804450294,1,1,1,841
BTC,Baseline,2024-05-20,0.0496603236030745,0.0036834219485555584,0.04597690165451894,0.0021138754857493065,0.04597690165451894,1,1,1,842
BTC,Baseline,2024-05-21,0.0026500545160474,-0.0075374213382995315,0.010187475854346931,0.00010378466428290174,0.010187475854346931,1,0,0,843
BTC,Baseline,2024-05-22,-0.0043702404899438,0.00025577373902743034,-0.00462601422897123,2.1400007646644286e-05,0.00462601422897123,0,1,0,844
BTC,Baseline,2024-05-23,-0.024324755118298,-0.000625810952225488,-0.023698944166072513,0.0005616399545866224,0.023698944166072513,0,0,1,845
BTC,Baseline,2024-05-24,0.016470857244696,0.00015026126490473395,0.01632059597979127,0.00026636185313557895,0.01632059597979127,1,1,1,846
BTC,Baseline,2024-05-28,-0.0194878259779661,-0.0005092007769534578,-0.018978625201012643,0.0003601882145205122,0.018978625201012643,0,0,1,847
BTC,Baseline,2024-05-29,-0.0123181229600415,0.0007648549858485903,-0.013082977945890091,0.0001711643119326465,0.013082977945890091,0,1,0,848
BTC,Baseline,2024-05-30,0.0156534342388203,-0.001066157892298155,0.016719592131118455,0.00027954476103095815,0.016719592131118455,1,0,0,849
BTC,Baseline,2024-05-31,-0.0123803512892118,0.0017779799122408892,-0.01415833120145269,0.00020045834241002875,0.01415833120145269,0,1,0,850
BTC,Baseline,2024-06-03,0.0192119745643597,0.00465903411277304,0.01455294045158666,0.00021178807578742736,0.01455294045158666,1,1,1,851
BTC,Baseline,2024-06-04,0.0186083886558869,0.0028012611443255717,0.01580712751156133,0.00024986528016675904,0.01580712751156133,1,1,1,852
BTC,Baseline,2024-06-05,0.0112707485853392,0.0005999140652592186,0.010670834520079981,0.00011386670935493057,0.010670834520079981,1,1,1,853
BTC,Baseline,2024-06-06,-0.0072521029233495,0.001318496447259448,-0.008570599370608948,7.34551735714825e-05,0.008570599370608948,0,1,0,854
BTC,Baseline,2024-06-07,-0.0201123459195007,0.0037206211415201145,-0.023832967061020817,0.0005680103189317032,0.023832967061020817,0,1,0,855
BTC,Baseline,2024-06-10,-0.0008493068208222,-0.004721127592856142,0.003871820772033942,1.4990996090753512e-05,0.003871820772033942,0,0,1,856
BTC,Baseline,2024-06-11,-0.0341413032687097,0.00014751344805149559,-0.03428881671676119,0.0011757229518356417,0.03428881671676119,0,1,0,857
BTC,Baseline,2024-06-12,0.0117462418481955,0.008059581192616825,0.0036866606555786743,1.359146678939178e-05,0.0036866606555786743,1,1,1,858
BTC,Baseline,2024-06-13,-0.020711095851542,0.0035715362665039046,-0.024282632118045905,0.0005896462225803545,0.024282632118045905,0,1,0,859
BTC,Baseline,2024-06-14,-0.0143867814408368,0.005504551394082942,-0.019891332834919742,0.00039566512194955626,0.019891332834919742,0,1,0,860
BTC,Baseline,2024-06-17,-0.0012948688872597,0.003917062320163561,-0.005211931207423261,2.7164226910912494e-05,0.005211931207423261,0,1,0,861
BTC,Baseline,2024-06-18,-0.0226584633283947,-0.0025192055832284213,-0.02013925774516628,0.00040558970252624,0.02013925774516628,0,0,1,862
BTC,Baseline,2024-06-20,0.0031712581516359,0.004590087566718441,-0.0014188294150825407,2.013076909103465e-06,0.0014188294150825407,1,1,1,863
BTC,Baseline,2024-06-21,-0.0138127483854231,-0.0003996070065717609,-0.01341314137885134,0.000179912361649054,0.01341314137885134,0,0,1,864
BTC,Baseline,2024-06-24,-0.068783722148876,0.004389860781033721,-0.07317358292990972,0.005354373238800375,0.07317358292990972,0,1,0,865
BTC,Baseline,2024-06-25,0.0401391871613126,0.01040351556056643,0.029735671600746173,0.0008842101655474225,0.029735671600746173,1,1,1,866
BTC,Baseline,2024-06-26,-0.0155009155709826,-0.004288751394101514,-0.011212164176881086,0.00012571262552933552,0.011212164176881086,0,0,1,867
BTC,Baseline,2024-06-27,0.0073552578209138,-0.00021641655217449654,0.007571674373088297,5.7330252812082055e-05,0.007571674373088297,1,0,0,868
BTC,Baseline,2024-06-28,-0.0212315211766802,0.0031685578444355625,-0.024400079021115764,0.0005953638562366936,0.024400079021115764,0,1,0,869
BTC,Baseline,2024-07-01,0.0214149490142848,-0.00214513787879556,0.02356008689308036,0.000555077694409497,0.02356008689308036,1,0,0,870
BTC,Baseline,2024-07-02,-0.0209859383038839,-0.0060015181502645135,-0.014984420153619386,0.00022453284734019483,0.014984420153619386,0,0,1,871
BTC,Baseline,2024-07-03,-0.0390511241488317,0.0067076598993695185,-0.045758784048201225,0.002093866317569915,0.045758784048201225,0,1,0,872
BTC,Baseline,2024-07-05,-0.034471889765022,0.0064692773087428965,-0.0409411670737649,0.001676179161361931,0.0409411670737649,0,1,0,873
BTC,Baseline,2024-07-08,-0.0157559940628411,0.00723907410132655,-0.02299506816416765,0.0005287731598747165,0.02299506816416765,0,1,0,874
BTC,Baseline,2024-07-09,0.029205250786784,0.0012653939092737024,0.0279398568775103,0.0007806356023357596,0.0279398568775103,1,1,1,875
BTC,Baseline,2024-07-10,-0.009041290820719,-0.003970104991179661,-0.005071185829539339,2.5716925717720594e-05,0.005071185829539339,0,0,1,876
BTC,Baseline,2024-07-11,0.0026181099338835,0.002503992653425051,0.00011411728045844895,1.3022753699232295e-08,0.00011411728045844895,1,1,1,877
BTC,Baseline,2024-07-12,-0.0003301477006529,0.005742191345797643,-0.006072339046450543,3.6873301495047885e-05,0.006072339046450543,0,1,0,878
BTC,Baseline,2024-07-15,0.0602067489010353,-0.0006942260840307694,0.06090097498506607,0.0037089287541316428,0.06090097498506607,1,0,0,879
BTC,Baseline,2024-07-16,0.0142217354088766,-0.010713050091543982,0.02493478550042058,0.0006217435279519844,0.02493478550042058,1,0,0,880
BTC,Baseline,2024-07-17,-0.0025771115803699,0.0004928642648617799,-0.00306997584523168,9.42475169030597e-06,0.00306997584523168,0,1,0,881
BTC,Baseline,2024-07-18,-0.0109314548595298,0.001688762421018802,-0.012620217280548601,0.00015926988420825752,0.012620217280548601,0,1,0,882
BTC,Baseline,2024-07-19,0.0483479921461192,-5.148744848830532e-05,0.048399479594607504,0.002342509625028828,0.048399479594607504,1,0,0,883
BTC,Baseline,2024-07-22,0.0185794578447128,-0.0010671274069943971,0.019646585251707198,0.0003859883120525988,0.019646585251707198,1,0,0,884
BTC,Baseline,2024-07-23,-0.0343772890776131,-0.0021800695236668406,-0.03219721955394626,0.0010366609470050196,0.03219721955394626,0,0,1,885
BTC,Baseline,2024-07-24,0.0029797467655641,0.006026858109524681,-0.0030471113439605813,9.28488754249326e-06,0.0030471113439605813,1,1,1,886
BTC,Baseline,2024-07-25,-0.0116585428988732,-0.0012683193110668617,-0.010390223587806339,0.00010795674620460723,0.010390223587806339,0,0,1,887
BTC,Baseline,2024-07-26,0.0326870313423373,0.0009572607596943531,0.03172977058264295,0.001006778341227154,0.03172977058264295,1,1,1,888
BTC,Baseline,2024-07-29,-0.0126337965024731,0.0054708942853530325,-0.018104690787826134,0.0003277798285227965,0.018104690787826134,0,1,0,889
BTC,Baseline,2024-07-30,-0.0178223132244414,0.002378378945826003,-0.020200692170267404,0.0004080679641579028,0.020200692170267404,0,1,0,890
BTC,Baseline,2024-07-31,-0.024575320407761,0.0038187657748815895,-0.028394086182642587,0.0008062241301473347,0.028394086182642587,0,1,0,891
BTC,Baseline,2024-08-01,0.001562959727652,0.007201846109817468,-0.005638886382165469,3.179703963097117e-05,0.005638886382165469,1,1,1,892
BTC,Baseline,2024-08-02,-0.0332824330989658,0.002069955699455859,-0.03535238879842166,0.0012497913937547693,0.03535238879842166,0,1,0,893
BTC,Baseline,2024-08-05,-0.0833294088908093,0.008668227321018329,-0.09199763621182762,0.008463565068563777,0.09199763621182762,0,1,0,894
BTC,Baseline,2024-08-06,0.0389856359169545,-0.006192255401985716,0.04517789131894022,0.002041041864025974,0.04517789131894022,1,0,0,895
BTC,Baseline,2024-08-07,-0.0254218360814887,-0.003039256871168226,-0.022382579210320476,0.0005009798521062703,0.022382579210320476,0,0,1,896
BTC,Baseline,2024-08-08,0.0762969806388922,0.0014988412333142183,0.07479813940557799,0.005594761658536279,0.07479813940557799,1,1,1,897
BTC,Baseline,2024-08-09,0.0208886168793331,-0.009492679362309148,0.03038129624164225,0.0009230231613224255,0.03038129624164225,1,0,0,898
BTC,Baseline,2024-08-12,0.0057766199656348,0.010972709458968211,-0.0051960894933334115,2.6999346022729868e-05,0.0051960894933334115,1,1,1,899
BTC,Baseline,2024-08-13,0.0288634944845804,0.0011876965725615169,0.027675797912018883,0.0007659497900669087,0.027675797912018883,1,1,1,900
BTC,Baseline,2024-08-14,-0.0238974667536997,-0.00010328184842448452,-0.023794184905275215,0.0005661632353064269,0.023794184905275215,0,0,1,901
BTC,Baseline,2024-08-15,-0.0425070574390239,0.005016547824287431,-0.047523605263311335,0.0022584930572230326,0.047523605263311335,0,1,0,902
BTC,Baseline,2024-08-16,0.0447615832760836,0.004293696791084198,0.0404678864849994,0.0016376498365627973,0.0404678864849994,1,1,1,903
BTC,Baseline,2024-08-19,-0.0120175863212848,0.0037920020150242926,-0.01580958833630909,0.00024994308336356044,0.01580958833630909,0,1,0,904
BTC,Baseline,2024-08-20,0.0036567126147144,0.004034149700387651,-0.0003774370856732515,1.4245875364151737e-07,0.0003774370856732515,1,1,1,905
BTC,Baseline,2024-08-21,0.0321018906196079,0.0011207776161234013,0.0309811130034845,0.0009598293629346763,0.0309811130034845,1,1,1,906
BTC,Baseline,2024-08-22,-0.0093047821563508,-0.0031552155716876432,-0.006149566584663157,3.7817169179205686e-05,0.006149566584663157,0,0,1,907
BTC,Baseline,2024-08-23,0.0486691282387405,-0.0012306938097933966,0.049899822048533896,0.0024899922404753496,0.049899822048533896,1,0,0,908
BTC,Baseline,2024-08-26,-0.0126040075400329,0.005042888988839332,-0.017646896528872233,0.00031141295710072285,0.017646896528872233,0,1,0,909
BTC,Baseline,2024-08-27,-0.0251611705748129,0.0026810028394362545,-0.027842173414249154,0.0007751866204291223,0.027842173414249154,0,1,0,910
BTC,Baseline,2024-08-28,-0.0417898334978055,0.0038420186777720538,-0.04563185217557755,0.002082265932973762,0.04563185217557755,0,1,0,911
BTC,Baseline,2024-08-29,0.0035758646462296,0.004438527045420503,-0.0008626623991909027,7.441864149778044e-07,0.0008626623991909027,1,1,1,912
BTC,Baseline,2024-08-30,-0.0081157396014633,0.0005420417624287143,-0.008657781363892014,7.495717814495585e-05,0.008657781363892014,0,1,0,913
BTC,Baseline,2024-09-03,-0.013216295711218,-0.0024197550256001344,-0.010796540685617867,0.00011656529077620191,0.010796540685617867,0,0,1,914
BTC,Baseline,2024-09-04,-0.0031053654831799,0.0025563056843092087,-0.005661671167489109,3.205452040877749e-05,0.005661671167489109,0,1,0,915
BTC,Baseline,2024-09-05,-0.0343205305322929,0.002597085981420437,-0.036917616513713336,0.0013629104090535995,0.036917616513713336,0,1,0,916
BTC,Baseline,2024-09-06,-0.0591734310676667,0.007580979714469227,-0.06675441078213593,0.004456151358870145,0.06675441078213593,0,1,0,917
BTC,Baseline,2024-09-09,0.0473459611481395,6.583191361698949e-06,0.0473393779567778,0.00224101670533466,0.0473393779567778,1,1,1,918
BTC,Baseline,2024-09-10,0.009739401691195,-0.004520194714745997,0.014259596405940997,0.0002033360896603254,0.014259596405940997,1,0,0,919
BTC,Baseline,2024-09-11,-0.0014774902739919,0.0011989242278253615,-0.0026764145018172616,7.16319458553774e-06,0.0026764145018172616,0,1,0,920
BTC,Baseline,2024-09-12,0.0122576826059758,0.0008845587366444706,0.01137312386933133,0.00012934794654715403,0.01137312386933133,1,1,1,921
BTC,Baseline,2024-09-13,0.028325274867096,-0.0007218340219928002,0.0290471088890888,0.0008437345348145817,0.0290471088890888,1,0,0,922
BTC,Baseline,2024-09-16,-0.0362490529171659,0.004110003141577942,-0.04035905605874385,0.0016288534059528284,0.04035905605874385,0,1,0,923
BTC,Baseline,2024-09-17,0.0417406475838187,0.0060681273296005825,0.03567252025421812,0.0012725287012876018,0.03567252025421812,1,1,1,924
BTC,Baseline,2024-09-18,0.0017226985354878,-0.006607511958939335,0.008330210494427136,6.939240688146399e-05,0.008330210494427136,1,0,0,925
BTC,Baseline,2024-09-19,0.0455385523756996,-0.0015109852734729215,0.047049537649172524,0.0022136589930009027,0.047049537649172524,1,0,0,926
BTC,Baseline,2024-09-20,-0.0035753766406934,-0.005829478420601611,0.0022541017799082106,5.080974834185363e-06,0.0022541017799082106,0,0,1,927
BTC,Baseline,2024-09-23,0.0013595013041054,0.0023821483277309497,-0.0010226470236255497,1.0458069349301955e-06,0.0010226470236255497,1,1,1,928
BTC,Baseline,2024-09-24,0.014553581163203,0.00025910539847583277,0.014294475764727166,0.0002043320373883723,0.014294475764727166,1,1,1,929
BTC,Baseline,2024-09-25,-0.0115329431133211,-3.067731742561271e-05,-0.011502265795895486,0.0001323021184394272,0.011502265795895486,0,0,1,930
BTC,Baseline,2024-09-26,0.0184720451655377,0.0016333934906073426,0.016838651674930358,0.0002835401902296349,0.016838651674930358,1,1,1,931
BTC,Baseline,2024-09-27,0.0173852888444075,-0.0017681676812275845,0.019153456525635087,0.0003668548968793933,0.019153456525635087,1,0,0,932
BTC,Baseline,2024-09-30,-0.0314313076235168,0.002058425079653873,-0.03348973270317067,0.0011215621965298189,0.03348973270317067,0,1,0,933
BTC,Baseline,2024-10-01,-0.0482392632208875,0.0030410999818938126,-0.051280363202781315,0.002629675650209168,0.051280363202781315,0,1,0,934
BTC,Baseline,2024-10-02,0.0021200550280177,0.007756603543233745,-0.005636548515216045,3.1770679164384206e-05,0.005636548515216045,1,1,1,935
BTC,Baseline,2024-10-03,-0.0021940916268101,-0.00201893667292873,-0.00017515495388137,3.0679257869184856e-08,0.00017515495388137,0,0,1,936
BTC,Baseline,2024-10-04,0.0264092923570855,-0.001143062399179421,0.027552354756264923,0.0007591322526150743,0.027552354756264923,1,0,0,937
BTC,Baseline,2024-10-07,0.0062361244993415,-0.0026812697072996477,0.008917394206641147,7.951991943663709e-05,0.008917394206641147,1,0,0,938
BTC,Baseline,2024-10-08,-0.0104499993718074,-0.0026026810378933,-0.0078473183339141,6.158040503378437e-05,0.0078473183339141,0,0,1,939
BTC,Baseline,2024-10-09,-0.0322120925706001,0.001678686846977085,-0.033890779417577184,0.0011485849295308733,0.033890779417577184,0,1,0,940
BTC,Baseline,2024-10-10,-0.0108240710723244,0.0046403588554344375,-0.015464429927758837,0.00023914859299056318,0.015464429927758837,0,1,0,941
BTC,Baseline,2024-10-11,0.0532163174599906,0.001861932438669161,0.05135438502132144,0.002637272860918124,0.05135438502132144,1,1,1,942
BTC,Baseline,2024-10-15,0.0085512573597209,-0.0066224090038394055,0.015173666363560306,0.00023024015091264142,0.015173666363560306,1,0,0,943
BTC,Baseline,2024-10-16,0.0170784969874953,-0.00012528963328538095,0.01720378662078068,0.0002959702740933523,0.01720378662078068,1,0,0,944
BTC,Baseline,2024-10-17,-0.0102568813288822,-0.0010696595959014616,-0.009187221732980737,8.440504317095359e-05,0.009187221732980737,0,0,1,945
BTC,Baseline,2024-10-18,0.0220040796507288,0.001010105898674462,0.020993973752054338,0.0004407469339019465,0.020993973752054338,1,1,1,946
BTC,Baseline,2024-10-21,-0.0150648735997794,0.002182508427421497,-0.017247382027200896,0.0002974721867922125,0.017247382027200896,0,1,0,947
BTC,Baseline,2024-10-22,-0.0036018750920468,-1.8415049866181123e-05,-0.003583460042180619,1.2841185873905122e-05,0.003583460042180619,0,0,1,948
BTC,Baseline,2024-10-23,-0.0133665504110694,0.0016587636663619473,-0.015025314077431347,0.00022576006312545664,0.015025314077431347,0,1,0,949
BTC,Baseline,2024-10-24,0.0231801284450381,0.00019352410294165155,0.02298660434209645,0.0005283839791800874,0.02298660434209645,1,1,1,950
BTC,Baseline,2024-10-25,-0.0202783264680678,-0.00096747521570501,-0.019310851252362787,0.00037290897609088144,0.019310851252362787,0,0,1,951
BTC,Baseline,2024-10-28,0.0284058281641045,-7.071218854634879e-05,0.028476540352650848,0.0008109133504561521,0.028476540352650848,1,0,0,952
BTC,Baseline,2024-10-29,0.0378565535067798,-0.0040320238223392965,0.041888577329119096,0.0017546529106575903,0.041888577329119096,1,0,0,953
BTC,Baseline,2024-10-30,0.0072971464743804,-0.004703991724900868,0.012001138199281268,0.00014402731807824803,0.012001138199281268,1,0,0,954
BTC,Baseline,2024-10-31,-0.0408543131857316,-0.0005930235550422629,-0.04026128963068934,0.001620971442726253,0.04026128963068934,0,0,1,955
BTC,Baseline,2024-11-01,-0.0104798049528661,0.003434228946800357,-0.013914033899666459,0.0001936003393610674,0.013914033899666459,0,1,0,956
BTC,Baseline,2024-11-04,-0.0299014133940848,-0.00035452081067494003,-0.02954689258340986,0.0008730188613355606,0.02954689258340986,0,0,1,957
BTC,Baseline,2024-11-05,0.0305288796876364,0.0053037958592925954,0.025225083828343806,0.0006363048541469722,0.025225083828343806,1,1,1,958
BTC,Baseline,2024-11-06,0.0942176258313904,-0.0023985941894143622,0.09661622002080476,0.009334693971108554,0.09661622002080476,1,0,0,959
BTC,Baseline,2024-11-07,-0.0002763921627514,-0.019121533766982186,0.018845141604230786,0.00035513936208351007,0.018845141604230786,0,0,1,960
BTC,Baseline,2024-11-08,0.0073967065321176,0.003565664533312379,0.003831041998805221,1.4676882796609504e-05,0.003831041998805221,1,1,1,961
BTC,Baseline,2024-11-12,0.0031757040169092,-0.016236629137072037,0.019412333153981238,0.00037683867848115917,0.019412333153981238,1,0,0,962
BTC,Baseline,2024-11-13,0.0037580963295895,-0.005561270836904389,0.009319367166493888,8.685060438392432e-05,0.009319367166493888,1,0,0,963
BTC,Baseline,2024-11-14,-0.0047154163599905,-0.002455113092322631,-0.002260303267667869,5.108970861830047e-06,0.002260303267667869,0,0,1,964
BTC,Baseline,2024-11-15,0.0391825669497776,-0.0005161798095840579,0.03969874675936166,0.0015759904942639277,0.03969874675936166,1,0,0,965
BTC,Baseline,2024-11-18,0.024684266339162,0.002324051051039005,0.022360215288122993,0.0004999792277312092,0.022360215288122993,1,1,1,966
BTC,Baseline,2024-11-19,0.0096352329629145,-0.00192078446524301,0.011556017428157511,0.00013354153879988013,0.011556017428157511,1,0,0,967
BTC,Baseline,2024-11-20,0.0237712568669143,-0.0005584419793218567,0.024329698846236154,0.0005919342459485449,0.024329698846236154,1,0,0,968
BTC,Baseline,2024-11-21,0.0376115194177816,-0.003346400087190909,0.040957919504972504,0.001677551170175807,0.040957919504972504,1,0,0,969
BTC,Baseline,2024-11-22,0.0133985507111739,-0.004821625278666312,0.01822017598984021,0.0003319748131007497,0.01822017598984021,1,0,0,970
BTC,Baseline,2024-11-25,-0.0351052524155246,0.004167543199840909,-0.03927279561536551,0.0015423524754462723,0.03927279561536551,0,1,0,971
BTC,Baseline,2024-11-26,-0.0220298261217315,0.005468913593745343,-0.027498739715476842,0.0007561806859395434,0.027498739715476842,0,1,0,972
BTC,Baseline,2024-11-27,0.0505653402066931,0.0020709404545319323,0.04849439975216117,0.002351706807322409,0.04849439975216117,1,1,1,973
BTC,Baseline,2024-11-29,0.0241088135293977,0.003998229334712557,0.020110584194685144,0.00040443559665151994,0.020110584194685144,1,1,1,974
BTC,Baseline,2024-12-02,-0.0250118478189645,0.001922529986245289,-0.02693437780520979,0.0007254607077537777,0.02693437780520979,0,1,0,975
BTC,Baseline,2024-12-03,0.007007701440126,0.002666920178106277,0.004340781262019723,1.8842381964701537e-05,0.004340781262019723,1,1,1,976
BTC,Baseline,2024-12-04,0.0185085296466134,-0.0011946247050592415,0.019703154351672643,0.0003882142914058366,0.019703154351672643,1,0,0,977
BTC,Baseline,2024-12-05,0.0115056982495065,-0.0008840151791603858,0.012389713428666887,0.0001535049988444886,0.012389713428666887,1,0,0,978
BTC,Baseline,2024-12-06,0.0157227120041992,-0.002680535377022746,0.018403247381221947,0.00033867951417445246,0.018403247381221947,1,0,0,979
BTC,Baseline,2024-12-09,-0.0321888807741713,0.0018807054349613108,-0.03406958620913261,0.0011607367044615192,0.03406958620913261,0,1,0,980
BTC,Baseline,2024-12-10,9.285577956522566e-05,0.0034217710105159064,-0.003328915230950681,1.1081676614855425e-05,0.003328915230950681,1,1,1,981
BTC,Baseline,2024-12-11,0.047409212283035,0.0005753378057349089,0.046833874477300086,0.0021934117985555005,0.046833874477300086,1,1,1,982
BTC,Baseline,2024-12-12,-0.0183550603844738,-0.004775370209155836,-0.013579690175317963,0.00018440798525762723,0.013579690175317963,0,0,1,983
BTC,Baseline,2024-12-13,0.0155025676938144,-0.00018574631669040836,0.015688314010504807,0.0002461231964922014,0.015688314010504807,1,0,0,984
BTC,Baseline,2024-12-16,0.0310038162662734,-0.004184653642794126,0.03518846990906752,0.0012382284145413505,0.03518846990906752,1,0,0,985
BTC,Baseline,2024-12-17,0.0031294981216156,-0.003524785730356124,0.0066542838519717245,4.427949358261165e-05,0.0066542838519717245,1,0,0,986
BTC,Baseline,2024-12-18,-0.0528161991436794,-0.0004145408524786358,-0.05240165829120077,0.0027459337916677703,0.05240165829120077,0,0,1,987
BTC,Baseline,2024-12-19,-0.0365464253131698,0.0013408955285789826,-0.037887320841748784,0.0014354490805656118,0.037887320841748784,0,1,0,988
BTC,Baseline,2024-12-20,-0.0077934998517094,0.003471185280361286,-0.011264685132070686,0.00012689313112469437,0.011264685132070686,0,1,0,989
BTC,Baseline,2024-12-23,-0.013484828994282,0.008033835004038096,-0.021518663998320094,0.00046305290027259734,0.021518663998320094,0,1,0,990
BTC,Baseline,2024-12-24,0.0467192041009408,0.0006377924434634674,0.04608141165747733,0.002123496500345888,0.04608141165747733,1,1,1,991
BTC,Baseline,2024-12-26,-0.0282100631992715,0.002295991800042594,-0.030506054999314094,0.0009306193916211765,0.030506054999314094,0,1,0,992
BTC,Baseline,2024-12-27,-0.0137041118255646,0.004939949173984437,-0.018644060999549038,0.0003476010105549055,0.018644060999549038,0,1,0,993
BTC,Baseline,2024-12-30,-0.0136461520104514,0.0015169400943407757,-0.015163092104792176,0.00022991936217841083,0.015163092104792176,0,1,0,994
BTC,Baseline,2024-12-31,0.019260736336352,0.0028041095866032967,0.016456626749748703,0.00027082056398054457,0.016456626749748703,1,1,1,995
BTC,Baseline,2025-01-02,0.0243478506551084,-5.6207046966743604e-05,0.02440405770207514,0.000595558032326213,0.02440405770207514,1,0,0,996
BTC,Baseline,2025-01-03,0.0114588779155366,-0.0012265555961300698,0.01268543351166667,0.00016092022337891579,0.01268543351166667,1,0,0,997
BTC,Baseline,2025-01-06,0.034294918290502,0.0011821487814618347,0.033112769509040164,0.00109645550455882,0.033112769509040164,1,1,1,998
BTC,Baseline,2025-01-07,-0.0515619639627889,-0.004300221950842029,-0.04726174201194687,0.0022336722580038235,0.04726174201194687,0,0,1,999
BTC,Baseline,2025-01-08,-0.0217054649459641,0.00581755652134476,-0.02752302146730886,0.0007575167106899444,0.02752302146730886,0,1,0,1000
BTC,Baseline,2025-01-10,0.0268405366505112,0.003776277154831592,0.023064259495679605,0.0005319600660840468,0.023064259495679605,1,1,1,1001
BTC,Baseline,2025-01-13,-0.0014932573036369,0.00049511779972688,-0.00198837510336378,3.953635551676922e-06,0.00198837510336378,0,1,0,1002
BTC,Baseline,2025-01-14,0.0238123501863372,-0.0008813716069984477,0.024693721793335646,0.0006097798960066598,0.024693721793335646,1,0,0,1003
BTC,Baseline,2025-01-15,0.0329512996409977,-0.0020994072505019995,0.0350507068914997,0.0012285520535938246,0.0350507068914997,1,0,0,1004
BTC,Baseline,2025-01-16,0.0046374050266276,0.0014318774096852209,0.0032055276169423792,1.027540730298029e-05,0.0032055276169423792,1,1,1,1005
BTC,Baseline,2025-01-17,0.0440108859529168,0.002014325471864408,0.041996560481052395,0.0017637110922386918,0.041996560481052395,1,1,1,1006
BTC,Baseline,2025-01-21,0.0405119895409116,0.001575009579419489,0.03893697996149211,0.0015160884085216382,0.03893697996149211,1,1,1,1007
BTC,Baseline,2025-01-22,-0.0257792403465053,-0.0031578797035165555,-0.022621360642988742,0.00051172595734016,0.022621360642988742,0,0,1,1008
BTC,Baseline,2025-01-23,-0.0091221659107764,0.003990627563237854,-0.013112793474014254,0.0001719453526921508,0.013112793474014254,0,1,0,1009
BTC,Baseline,2025-01-24,0.019008011110073,0.00029942970453208066,0.01870858140554092,0.0003500110182077514,0.01870858140554092,1,1,1,1010
BTC,Baseline,2025-01-27,-0.0317501074037521,0.0026603423797946133,-0.034410449783546716,0.0011840790543059903,0.034410449783546716,0,1,0,1011
BTC,Baseline,2025-01-28,-0.0101553012784319,0.004149730002183116,-0.014305031280615015,0.00020463391993937404,0.014305031280615015,0,1,0,1012
BTC,Baseline,2025-01-29,0.0336958626867743,0.0038304833395106045,0.029865379347263694,0.0008919408835559649,0.029865379347263694,1,1,1,1013
BTC,Baseline,2025-01-30,0.0123053181381866,-0.003307057343889445,0.015612375482076045,0.00024374626819332923,0.015612375482076045,1,0,0,1014
BTC,Baseline,2025-01-31,-0.0280149222402453,0.0023578150593541207,-0.030372737299599422,0.000922503171070478,0.030372737299599422,0,1,0,1015
BTC,Baseline,2025-02-03,0.0494645179378851,0.004591102686252685,0.044873415251632416,0.002013623396345437,0.044873415251632416,1,1,1,1016
BTC,Baseline,2025-02-04,-0.0541363377749822,-0.00468030126259832,-0.04945603651238388,0.0024458995475142476,0.04945603651238388,0,0,1,1017
BTC,Baseline,2025-02-05,0.0043953678693813,0.008880275154329499,-0.0044849072849481985,2.011439335458142e-05,0.0044849072849481985,1,1,1,1018
BTC,Baseline,2025-02-06,-0.0011387973294262,0.0032758901816448034,-0.004414687511071004,1.9489465820406295e-05,0.004414687511071004,0,1,0,1019
BTC,Baseline,2025-02-07,-0.0083212272161507,0.00042994563400714436,-0.008751172850157845,7.658302625333977e-05,0.008751172850157845,0,1,0,1020
BTC,Baseline,2025-02-10,0.0217648540685725,0.0019834689871401335,0.019781385081432366,0.00039130319573991496,0.019781385081432366,1,1,1,1021
BTC,Baseline,2025-02-11,-0.0104816425259245,-0.0001982083451089931,-0.010283434180815506,0.00010574901855116468,0.010283434180815506,0,0,1,1022
BTC,Baseline,2025-02-12,0.0132835840656931,0.0014286102360363652,0.011854973829656733,0.00014054040450184603,0.011854973829656733,1,1,1,1023
BTC,Baseline,2025-02-13,-0.0121124174169031,-0.0026737982775665676,-0.00943861913933653,8.908753125744987e-05,0.00943861913933653,0,0,1,1024
BTC,Baseline,2025-02-14,0.0102472092991818,0.005458641595728902,0.004788567703452897,2.2930380650552154e-05,0.004788567703452897,1,1,1,1025
BTC,Baseline,2025-02-18,-0.0146338633244338,0.0017825374948764738,-0.016416400819310274,0.000269498215860251,0.016416400819310274,0,1,0,1026
BTC,Baseline,2025-02-19,0.0133685340094682,0.003057705483591783,0.010310828525876416,0.00010631318489002683,0.010310828525876416,1,1,1,1027
BTC,Baseline,2025-02-20,0.0187101289605035,-0.0003219383918079434,0.019032067352311444,0.00036221958770291915,0.019032067352311444,1,0,0,1028
BTC,Baseline,2025-02-21,-0.0287444079240082,-0.0007531118098841286,-0.02799129611412407,0.0007835126581485773,0.02799129611412407,0,0,1,1029
BTC,Baseline,2025-02-24,-0.0186892403179827,0.0031288466434974153,-0.021818086961480115,0.0004760289186587086,0.021818086961480115,0,1,0,1030
BTC,Baseline,2025-02-25,-0.0580263129041307,0.0036025427353834705,-0.06162885563951417,0.003798115847436077,0.06162885563951417,0,1,0,1031
BTC,Baseline,2025-02-26,-0.0488280761126674,0.007966118486908244,-0.056794194599575645,0.0032255805402144674,0.056794194599575645,0,1,0,1032
BTC,Baseline,2025-02-27,-0.0018990307829248,0.00818681249550661,-0.01008584327843141,0.00010172423463708006,0.01008584327843141,0,1,0,1033
BTC,Baseline,2025-02-28,-0.0004948164225274,-0.0019012382315778498,0.0014064218090504496,1.9780223049727394e-06,0.0014064218090504496,0,0,1,1034
BTC,Baseline,2025-03-03,-0.100254070603198,-0.01057364890635543,-0.08968042169684258,0.008042578035723513,0.08968042169684258,0,0,1,1035
BTC,Baseline,2025-03-04,0.0257590777611691,0.014575212818824568,0.011183864942344534,0.0001250788350486031,0.011183864942344534,1,1,1,1036
BTC,Baseline,2025-03-05,0.032497992859159,-0.00473762236148275,0.03723561522064175,0.0013864910408596875,0.03723561522064175,1,0,0,1037
BTC,Baseline,2025-03-06,-0.01036120737552,-0.004184163956721539,-0.0061770434187984604,3.8155865397721375e-05,0.0061770434187984604,0,0,1,1038
BTC,Baseline,2025-03-07,-0.0364357845918045,0.00019900438523477455,-0.03663478897703928,0.0013421077633921986,0.03663478897703928,0,1,0,1039
BTC,Baseline,2025-03-10,-0.0468585694418383,0.005529395887673323,-0.05238796532951162,0.0027444989113661116,0.05238796532951162,0,1,0,1040
BTC,Baseline,2025-03-11,0.0436611287188671,0.005084041990759371,0.03857708672810772,0.001488191620427945,0.03857708672810772,1,1,1,1041
BTC,Baseline,2025-03-12,0.0039518479042258,-0.00556892583106301,0.009520773735288809,9.064513251856521e-05,0.009520773735288809,1,0,0,1042
BTC,Baseline,2025-03-13,-0.0341632166692765,0.0019582857780167263,-0.03612150244729322,0.0013047629390498102,0.03612150244729322,0,1,0,1043
BTC,Baseline,2025-03-14,0.0465079604257573,0.00788908813586194,0.038618872289895356,0.0014914172969432474,0.038618872289895356,1,1,1,1044
BTC,Baseline,2025-03-17,0.0088516920896914,0.004041365642035459,0.00481032644765594,2.3139240533018216e-05,0.00481032644765594,1,1,1,1045
BTC,Baseline,2025-03-18,-0.0236193175551059,0.0005713306516098818,-0.024190648206715782,0.0005851874606610815,0.024190648206715782,0,1,0,1046
BTC,Baseline,2025-03-19,0.0401630030885304,0.005589676077625702,0.0345733270109047,0.0011953149406029526,0.0345733270109047,1,1,1,1047
BTC,Baseline,2025-03-20,-0.0101691605372057,-0.0029669054379061325,-0.007202255099299568,5.187247851538663e-05,0.007202255099299568,0,0,1,1048
BTC,Baseline,2025-03-21,-0.0039632612465665,0.002985273283836339,-0.006948534530402839,4.82821321202006e-05,0.006948534530402839,0,1,0,1049
BTC,Baseline,2025-03-24,0.0317134559402114,-0.0007969213245035572,0.03251037726471496,0.0010569246298940953,0.03251037726471496,1,0,0,1050
BTC,Baseline,2025-03-25,-1.1832145094028271e-05,-0.004410540347219957,0.004398708202125928,1.9348633847449918e-05,0.004398708202125928,0,0,1,1051
BTC,Baseline,2025-03-26,-0.0070997846147414,0.002072787978771508,-0.009172572593512908,8.41360879832641e-05,0.009172572593512908,0,1,0,1052
BTC,Baseline,2025-03-27,0.0003590352918473,0.0010006389093140783,-0.0006416036174667784,4.1165520194645606e-07,0.0006416036174667784,1,1,1,1053
BTC,Baseline,2025-03-28,-0.0410479326671262,0.0021040208321550617,-0.04315195349928126,0.0018620910908041324,0.04315195349928126,0,1,0,1054
BTC,Baseline,2025-03-31,-0.0013344172603195,0.003378242023288438,-0.0047126592836079385,2.2209157523376088e-05,0.0047126592836079385,0,1,0,1055
BTC,Baseline,2025-04-01,0.0334243474576197,0.003152379874300195,0.030271967583319504,0.000916392021365547,0.030271967583319504,1,1,1,1056
BTC,Baseline,2025-04-02,0.0049874883978516,-0.0022081160134065744,0.007195604411258175,5.17767228433181e-05,0.007195604411258175,1,0,0,1057
BTC,Baseline,2025-04-03,-0.0396817181414436,-7.502416296901787e-05,-0.03960669397847458,0.0015686902079045343,0.03960669397847458,0,0,1,1058
BTC,Baseline,2025-04-04,0.0215738522061202,0.001957381086427219,0.01961647111969298,0.0003848059391897488,0.01961647111969298,1,1,1,1059
BTC,Baseline,2025-04-07,0.0013789704720038,0.00043227281283690806,0.0009466976591668919,8.962364578720726e-07,0.0009466976591668919,1,1,1,1060
BTC,Baseline,2025-04-08,-0.0241040449453429,-0.006125450799515129,-0.01797859414582777,0.00032322984746039257,0.01797859414582777,0,0,1,1061
BTC,Baseline,2025-04-09,0.0769460604575016,-6.873372223054064e-05,0.07701479417973214,0.005931278522546504,0.07701479417973214,1,0,0,1062
BTC,Baseline,2025-04-10,-0.0407584547806337,-0.0038728097125827494,-0.036885645068050955,0.0013605508120862317,0.036885645068050955,0,0,1,1063
BTC,Baseline,2025-04-11,0.0482805841545114,0.00823011792545749,0.04005046622905391,0.0016040398451645874,0.04005046622905391,1,1,1,1064
BTC,Baseline,2025-04-14,0.0166109508647002,0.00573413367864686,0.01087681718605334,0.00011830515209882529,0.01087681718605334,1,1,1,1065
BTC,Baseline,2025-04-15,-0.010473584179802,-0.0003186105130234503,-0.01015497366677855,0.0001031234901729658,0.01015497366677855,0,0,1,1066
BTC,Baseline,2025-04-16,0.0035794400320359,0.003172446762481202,0.00040699326955469803,1.656435214628231e-07,0.00040699326955469803,1,1,1,1067
BTC,Baseline,2025-04-17,0.0099603224747875,0.006416621852518825,0.0035437006222686753,1.2557814100267397e-05,0.0035437006222686753,1,1,1,1068
BTC,Baseline,2025-04-21,0.0261126246620874,0.0006114703715586246,0.025501154290528776,0.0006503088701493542,0.025501154290528776,1,1,1,1069
BTC,Baseline,2025-04-22,0.0428599762858817,0.0007348111016389056,0.042125165184242794,0.0017745295417997413,0.042125165184242794,1,1,1,1070
BTC,Baseline,2025-04-23,0.0272972576076183,-0.0067032046044254645,0.03400046221204377,0.001156031430632616,0.03400046221204377,1,0,0,1071
BTC,Baseline,2025-04-24,-0.0019972648436878,-0.00893789188853545,0.0069406270448476495,4.817230377567061e-05,0.0069406270448476495,0,0,1,1072
BTC,Baseline,2025-04-25,0.0156153641176772,0.004554621619367743,0.011060742498309456,0.00012234002461390892,0.011060742498309456,1,1,1,1073
BTC,Baseline,2025-04-28,0.0021485241046599,-0.0004091659992810125,0.0025576901039409124,6.541778667797275e-06,0.0025576901039409124,1,0,0,1074
BTC,Baseline,2025-04-29,0.0038472117449574,0.003920804418418013,-7.359267346061273e-05,5.4158815870803725e-09,7.359267346061273e-05,1,1,1,1075
BTC,Baseline,2025-04-30,-0.0031135242408036,0.0004983414081743931,-0.003611865648977993,1.3045573466267218e-05,0.003611865648977993,0,1,0,1076
BTC,Baseline,2025-05-01,0.0198420186315202,0.0011020258221670902,0.01873999280935311,0.0003511873304946062,0.01873999280935311,1,1,1,1077
BTC,Baseline,2025-05-02,0.0060511014338158,-0.0072278193892540196,0.01327892082306982,0.00017632973822535728,0.01327892082306982,1,0,0,1078
BTC,Baseline,2025-05-05,-0.0155289863555654,0.002333386020830945,-0.017862372376396346,0.00031906434691304726,0.017862372376396346,0,1,0,1079
BTC,Baseline,2025-05-06,0.0048038851919429,0.006395607781741057,-0.0015917225897981568,2.533580802873751e-06,0.0015917225897981568,1,1,1,1080
BTC,Baseline,2025-05-07,0.0215259339964888,0.005908414293330343,0.015617519703158455,0.00024390692167854255,0.015617519703158455,1,1,1,1081
BTC,Baseline,2025-05-08,0.0588239835142323,-0.00374530292283358,0.06256928643706589,0.003914915605243597,0.06256928643706589,1,0,0,1082
BTC,Baseline,2025-05-09,0.0054185401146028,-0.012739522354304303,0.018158062468907103,0.00032971523262473275,0.018158062468907103,1,0,0,1083
BTC,Baseline,2025-05-12,-0.0156156005146612,0.0010609865497486631,-0.016676587064409863,0.00027810855611684236,0.016676587064409863,0,1,0,1084
BTC,Baseline,2025-05-13,0.0185869771582879,-0.004202892169904697,0.0227898693281926,0.0005193781439960938,0.0227898693281926,1,0,0,1085
BTC,Baseline,2025-05-14,-0.0099666341026323,-0.001403097004064784,-0.008563537098567517,7.333416763854215e-05,0.008563537098567517,0,0,1,1086
BTC,Baseline,2025-05-15,-0.0010703344995713,-0.0007113446599873348,-0.00035898983958396516,1.2887370492452103e-07,0.00035898983958396516,0,0,1,1087
BTC,Baseline,2025-05-16,0.0026741732507388,0.0035492469769687765,-0.0008750737262299764,7.657540263380157e-07,0.0008750737262299764,1,1,1,1088
BTC,Baseline,2025-05-19,0.0129055019111035,-0.0013658788585402288,0.01427138076964373,0.00020367230907215685,0.01427138076964373,1,0,0,1089
BTC,Baseline,2025-05-20,0.0139275269959149,0.00031041710147371,0.01361710989444119,0.00018542568187728816,0.01361710989444119,1,1,1,1090
BTC,Baseline,2025-05-21,0.0123903533062665,0.0009650931516588276,0.011425260154607672,0.00013053656960046572,0.011425260154607672,1,1,1,1091
BTC,Baseline,2025-05-22,0.0254462676996692,-0.0012891169320080565,0.026735384631677257,0.0007147807914037244,0.026735384631677257,1,0,0,1092
BTC,Baseline,2025-05-23,-0.02564739070563,-0.0028942438046535425,-0.02275314690097646,0.0005177056938974146,0.02275314690097646,0,0,1,1093
BTC,Baseline,2025-05-27,0.0002335558663017,0.0017389811565331848,-0.0015054252902314848,2.2663053044685502e-06,0.0015054252902314848,1,1,1,1094
BTC,Baseline,2025-05-28,-0.0211498084387841,-0.0010813166112203245,-0.020068491827563775,0.00040274436423299404,0.020068491827563775,0,0,1,1095
BTC,Baseline,2025-05-29,-0.0108202515755225,0.0027175266899569037,-0.013537778265479404,0.00018327144036528654,0.013537778265479404,0,1,0,1096
BTC,Baseline,2025-05-30,-0.015275056274065,0.0036958670560835612,-0.018970923330148562,0.000359895931998375,0.018970923330148562,0,1,0,1097
BTC,Baseline,2025-06-02,-0.0008100664363026,-0.00010049493136789396,-0.000709571504934706,5.034917206153035e-07,0.000709571504934706,0,0,1,1098
BTC,Baseline,2025-06-03,0.0083618617046837,0.0036186692073156097,0.0047431924973680905,2.2497875067088945e-05,0.0047431924973680905,1,1,1,1099
BTC,Baseline,2025-06-04,-0.0110289095887289,-0.0013839201668202881,-0.009644989421908612,9.302582094872902e-05,0.009644989421908612,0,0,1,1100
BTC,Baseline,2025-06-05,-0.0402910329262461,0.004472337410526489,-0.044763370336772586,0.0020037593239070517,0.044763370336772586,0,1,0,1101
BTC,Baseline,2025-06-06,0.0396039969436387,0.004544278672328231,0.035059718271310464,0.0012291838452636607,0.035059718271310464,1,1,1,1102
BTC,Baseline,2025-06-09,0.0238518476312784,-0.0021214884842004986,0.025973336115478897,0.0006746141889676404,0.025973336115478897,1,0,0,1103
BTC,Baseline,2025-06-10,0.0108796967262069,-0.0017507794497633026,0.012630476175970202,0.00015952892843175084,0.012630476175970202,1,0,0,1104
BTC,Baseline,2025-06-11,-0.0097412360535717,-0.0010622301467469266,-0.008679005906824773,7.53251435306993e-05,0.008679005906824773,0,0,1,1105
BTC,Baseline,2025-06-12,-0.0268425098983705,0.0029199905281880266,-0.029762500426558525,0.0008858064316408964,0.029762500426558525,0,1,0,1106
BTC,Baseline,2025-06-13,-0.0051403750235719,0.007131494462630377,-0.012271869486202278,0.00015059878068638256,0.012271869486202278,0,1,0,1107
BTC,Baseline,2025-06-16,0.0379782439223428,0.0026176009167991595,0.03536064300554364,0.0012503750737655024,0.03536064300554364,1,1,1,1108
BTC,Baseline,2025-06-17,-0.0414315990714765,-0.006195745689700557,-0.03523585338177594,0.001241565363542011,0.03523585338177594,0,0,1,1109
BTC,Baseline,2025-06-18,0.0041467841042586,0.0063303963221420755,-0.0021836122178834757,4.7681623180899916e-06,0.0021836122178834757,1,1,1,1110
BTC,Baseline,2025-06-20,-0.0056005658874379,0.002011527813562991,-0.007612093701000891,5.794397051281745e-05,0.007612093701000891,0,1,0,1111
BTC,Baseline,2025-06-23,0.0416404482657517,0.004433706722979669,0.03720674154277203,0.001384341616230638,0.03720674154277203,1,1,1,1112
BTC,Baseline,2025-06-24,0.0223799109903281,-0.004228117347872071,0.02660802833820017,0.0007079871720464634,0.02660802833820017,1,0,0,1113
BTC,Baseline,2025-06-25,0.01587950516398,-0.004158296196692899,0.020037801360672895,0.0004015134833697845,0.020037801360672895,1,0,0,1114
BTC,Baseline,2025-06-26,-0.0003716982264991,-0.0007143261129875734,0.0003426278864884734,1.1739386859955823e-07,0.0003426278864884734,0,0,1,1115
BTC,Baseline,2025-06-27,-0.0062143241938174,0.001614468602288329,-0.00782879279610573,6.128999664435696e-05,0.00782879279610573,0,1,0,1116
BTC,Baseline,2025-06-30,0.0018296689189536,-0.002017484519999383,0.003847153438952983,1.4800589582847766e-05,0.003847153438952983,1,0,0,1117
BTC,Baseline,2025-07-01,-0.0154826585897182,0.002181826790504631,-0.01766448538022283,0.0003120340437481061,0.01766448538022283,0,1,0,1118
BTC,Baseline,2025-07-02,0.0303375019980944,0.0043433432245041275,0.025994158773590275,0.0006756962903466203,0.025994158773590275,1,1,1,1119
BTC,Baseline,2025-07-03,0.0069497178712688,-0.003257906571875773,0.010207624443144573,0.00010419559677228257,0.010207624443144573,1,0,0,1120
BTC,Baseline,2025-07-07,-0.0076815608287019,-0.00021546830590969917,-0.007466092522792201,5.574253755889361e-05,0.007466092522792201,0,0,1,1121
BTC,Baseline,2025-07-08,0.0073361345369471,0.0013454775423641944,0.005990656994582905,3.588797122674509e-05,0.005990656994582905,1,1,1,1122
BTC,Baseline,2025-07-09,0.0187821967763229,-0.0012179449878896654,0.020000141764212564,0.00040000567058859967,0.020000141764212564,1,0,0,1123
BTC,Baseline,2025-07-10,0.0250346896251513,-0.0007735553592956714,0.025808244984446973,0.0006660655091772324,0.025808244984446973,1,0,0,1124
BTC,Baseline,2025-07-11,0.035825129277389,-0.002754005647527962,0.038579134924916964,0.0014883496515549477,0.038579134924916964,1,0,0,1125
BTC,Baseline,2025-07-14,0.0091468362805552,-0.0004871540670739041,0.009633990347629105,9.281377001821075e-05,0.009633990347629105,1,0,0,1126
BTC,Baseline,2025-07-15,-0.0316296356767493,-0.0011847286108385867,-0.03044490706591071,0.0009268923662519399,0.03044490706591071,0,0,1,1127
BTC,Baseline,2025-07-16,0.0292863118854258,0.002774847396497011,0.026511464488928792,0.0007028577493477324,0.026511464488928792,1,1,1,1128
BTC,Baseline,2025-07-17,-0.0038214198370703,-0.0017030848263456556,-0.0021183350107246445,4.48734321766178e-06,0.0021183350107246445,0,0,1,1129
BTC,Baseline,2025-07-18,-0.0167965559570949,0.00044123483773177364,-0.017237790794826676,0.0002971414314862113,0.017237790794826676,0,1,0,1130
BTC,Baseline,2025-07-21,-0.0096277217540046,0.0013914967307137828,-0.011019218484718384,0.00012142317601395933,0.011019218484718384,0,1,0,1131
BTC,Baseline,2025-07-22,0.0234579986151611,0.00459787597752361,0.01886012263763749,0.00035570422590672614,0.01886012263763749,1,1,1,1132
BTC,Baseline,2025-07-23,-0.0149823279857618,-0.0004438031656371021,-0.014538524820124698,0.00021136870394538188,0.014538524820124698,0,0,1,1133
BTC,Baseline,2025-07-24,0.0065785015217769,0.0002549405981228577,0.006323560923654042,3.998742275516436e-05,0.006323560923654042,1,1,1,1134
BTC,Baseline,2025-07-25,-0.0139685574206617,-0.0014573602119740117,-0.012511197208687687,0.00015653005559467456,0.012511197208687687,0,0,1,1135
BTC,Baseline,2025-07-28,-0.0063514812381396,-0.001328595387491898,-0.005022885850647702,2.522938226863689e-05,0.005022885850647702,0,0,1,1136
BTC,Baseline,2025-07-29,-0.0052862858916685,1.5924221588840815e-05,-0.005302210113257341,2.8113432085128422e-05,0.005302210113257341,0,1,0,1137
BTC,Baseline,2025-07-30,-0.0024283896908552,0.0027088903335183954,-0.005137280024373595,2.639164604882797e-05,0.005137280024373595,0,1,0,1138
BTC,Baseline,2025-07-31,-0.0054670400732005,-0.000829876378489981,-0.004637163694710519,2.150328713154131e-05,0.004637163694710519,0,0,1,1139
BTC,Baseline,2025-08-01,-0.0226562408043459,0.0013143561916588642,-0.023970596996004765,0.0005745895203448727,0.023970596996004765,0,1,0,1140
BTC,Baseline,2025-08-04,0.0035308644687604,0.003134920418972108,0.00039594404978829205,1.567716905627535e-07,0.00039594404978829205,1,1,1,1141
BTC,Baseline,2025-08-05,-0.0105267881757121,0.0017273784983889897,-0.01225416667410109,0.00015016460087664975,0.01225416667410109,0,1,0,1142
BTC,Baseline,2025-08-06,0.0127947917857058,0.002424291678832522,0.010370500106873279,0.00010754727246665868,0.010370500106873279,1,1,1,1143
BTC,Baseline,2025-08-07,0.0182829175596594,-0.0009054840434415679,0.01918840160310097,0.00036819475608188787,0.01918840160310097,1,0,0,1144
BTC,Baseline,2025-08-08,-0.0030020843907562,-0.0010504917281942867,-0.0019515926625619131,3.8087139205654976e-06,0.0019515926625619131,0,0,1,1145
BTC,Baseline,2025-08-11,0.0041262019731332,-1.0612549922316356e-05,0.004136814523055516,1.711323439816304e-05,0.004136814523055516,1,0,0,1146
BTC,Baseline,2025-08-12,0.0109588801540587,-0.0036229727353066865,0.014581852889365386,0.00021263043368709367,0.014581852889365386,1,0,0,1147
BTC,Baseline,2025-08-13,0.0226457693243965,-0.0011855854304796047,0.023831354754876105,0.0005679334694527559,0.023831354754876105,1,0,0,1148
BTC,Baseline,2025-08-14,-0.0414110409253692,-0.0014287568139500048,-0.03998228411141919,0.0015985830427662437,0.03998228411141919,0,0,1,1149
BTC,Baseline,2025-08-15,-0.0047878356172207,0.004024554753024938,-0.008812390370245638,7.765822403759805e-05,0.008812390370245638,0,1,0,1150
BTC,Baseline,2025-08-18,-0.0106411956555805,0.000859921009596752,-0.011501116665177252,0.0001322756845460179,0.011501116665177252,0,1,0,1151
BTC,Baseline,2025-08-19,-0.0251661332916949,0.0014811429156600315,-0.026647276207354933,0.0007100773292710643,0.026647276207354933,0,1,0,1152
BTC,Baseline,2025-08-20,0.0073322869121233,0.003453983589348198,0.003878303322775102,1.5041236663448396e-05,0.003878303322775102,1,1,1,1153
BTC,Baseline,2025-08-21,-0.0174781289922836,0.0008926983063071225,-0.018370827298590724,0.0003374872956346462,0.018370827298590724,0,1,0,1154
BTC,Baseline,2025-08-22,0.0398852492041319,0.002081898454711291,0.037803350749420615,0.0014290933278837202,0.037803350749420615,1,1,1,1155
BTC,Baseline,2025-08-25,-0.02776708289201,0.005585388387121134,-0.03335247127913113,0.0011123873404252668,0.03335247127913113,0,1,0,1156
BTC,Baseline,2025-08-26,0.0155612444287711,0.0034331787873812386,0.012128065641389862,0.00014708997620186128,0.012128065641389862,1,1,1,1157
BTC,Baseline,2025-08-27,0.0093628495962423,-0.0008332119918091044,0.010196061588051404,0.00010395967190733732,0.010196061588051404,1,0,0,1158
BTC,Baseline,2025-08-28,-0.0041521297080581,0.00011100489725536533,-0.004263134605313465,1.8174316663021196e-05,0.004263134605313465,0,1,0,1159
BTC,Baseline,2025-08-29,-0.0378056402747722,0.0024225937488119493,-0.04022823402358415,0.0016183108126562535,0.04022823402358415,0,1,0,1160
BTC,Baseline,2025-09-02,0.0231759195427326,0.0023013186908329877,0.020874600851899613,0.00043574896072612806,0.020874600851899613,1,1,1,1161
BTC,Baseline,2025-09-03,0.007593523430252,-0.00027243580971166503,0.007865959239963666,6.187331476476977e-05,0.007865959239963666,1,0,0,1162
BTC,Baseline,2025-09-04,-0.0166477058203542,0.0016932797532450963,-0.018340985573599297,0.0003363917518109775,0.018340985573599297,0,1,0,1163
BTC,Baseline,2025-09-05,0.0112163961830805,0.0019087333772834256,0.009307662805797074,8.663258690641827e-05,0.009307662805797074,1,1,1,1164
BTC,Baseline,2025-09-08,0.0056887305348703,0.0025819832225453757,0.0031067473123249246,9.651878862638143e-06,0.0031067473123249246,1,1,1,1165
BTC,Baseline,2025-09-09,-0.0043624192418514,0.0015776558409877125,-0.005940075082839113,3.528449198976609e-05,0.005940075082839113,0,1,0,1166
BTC,Baseline,2025-09-10,0.0188760116566982,0.0011616496179619746,0.017714362038736227,0.0003137986224394191,0.017714362038736227,1,1,1,1167
BTC,Baseline,2025-09-11,0.0070273607405556,-0.0014663644855000132,0.008493725226055614,7.214336821573349e-05,0.008493725226055614,1,0,0,1168
BTC,Baseline,2025-09-12,0.015689928153922,-0.00016868101866472065,0.01585860917258672,0.0002514954848888516,0.01585860917258672,1,0,0,1169
BTC,Baseline,2025-09-15,-0.0038201676241366,0.0012688463699685247,-0.0050890139941051245,2.5898063432197793e-05,0.0050890139941051245,0,1,0,1170
BTC,Baseline,2025-09-16,0.012897080812772,0.002399381114776174,0.010497699697995827,0.00011020169894930167,0.010497699697995827,1,1,1,1171
BTC,Baseline,2025-09-17,-0.0108647567851954,-0.00029933530408626915,-0.01056542148110913,0.00011162813107348225,0.01056542148110913,0,0,1,1172
BTC,Baseline,2025-09-18,0.0166929519042229,0.0015781376788460734,0.015114814225376826,0.00022845760906765365,0.015114814225376826,1,1,1,1173
BTC,Baseline,2025-09-19,-0.0186742864156792,-0.0032836510334797973,-0.015390635382199404,0.00023687165746780819,0.015390635382199404,0,0,1,1174
BTC,Baseline,2025-09-22,-0.0225206528402166,0.0025360081100335974,-0.025056660950250196,0.0006278362579757931,0.025056660950250196,0,1,0,1175
BTC,Baseline,2025-09-23,-0.0073357729407807,0.005605185792740665,-0.012940958733521364,0.00016746841294270286,0.012940958733521364,0,1,0,1176
BTC,Baseline,2025-09-24,0.0138934106339556,0.00354160180404248,0.01035180882991312,0.00010715994605106723,0.01035180882991312,1,1,1,1177
BTC,Baseline,2025-09-25,-0.0393282822798456,-0.002994163239291468,-0.03633411904055413,0.001320168206453158,0.03633411904055413,0,0,1,1178
BTC,Baseline,2025-09-26,0.0015094902458425,0.005343378376488795,-0.003833888130646295,1.4698698198310543e-05,0.003833888130646295,1,1,1,1179
BTC,Baseline,2025-09-29,0.0307312505198707,0.0005541871288827921,0.03017706339098791,0.0009106551549037027,0.03017706339098791,1,1,1,1180
BTC,Baseline,2025-09-30,0.0024820015753068,-0.001332996457429939,0.003814998032736739,1.455420998978519e-05,0.003814998032736739,1,0,0,1181
BTC,Baseline,2025-10-01,0.0254016005298061,0.0008068517118816534,0.02459474881792445,0.0006049016694167961,0.02459474881792445,1,1,1,1182
BTC,Baseline,2025-10-02,0.0262898622865122,-0.001545513533318969,0.02783537581983117,0.0007748081470312418,0.02783537581983117,1,0,0,1183
BTC,Baseline,2025-10-03,0.0149945258714193,-0.0036408877889299797,0.01863541366034928,0.0003472786422923325,0.01863541366034928,1,0,0,1184
BTC,Baseline,2025-10-06,0.0199538786450737,0.0009073287903486185,0.019046549854725082,0.00036277106136852806,0.019046549854725082,1,1,1,1185
BTC,Baseline,2025-10-07,-0.0261462439945661,-0.0002347838787223627,-0.025911460115843738,0.0006714037653349608,0.025911460115843738,0,0,1,1186
BTC,Baseline,2025-10-08,0.0074892442519367,0.0051047081847402,0.0023845360671964997,5.686012255760949e-06,0.0023845360671964997,1,1,1,1187
BTC,Baseline,2025-10-09,-0.0144294946717316,0.0016887700762384546,-0.016118264747970054,0.00025979845848565417,0.016118264747970054,0,1,0,1188
BTC,Baseline,2025-10-10,-0.0576142028001618,-0.0009657706418404417,-0.05664843215832136,0.0032090448659959376,0.05664843215832136,0,0,1,1189
BTC,Baseline,2025-10-14,-0.0239259949548147,0.004392277637627676,-0.028318272592442375,0.000801924562619873,0.028318272592442375,0,1,0,1190
BTC,Baseline,2025-10-15,-0.0166044090832243,0.004455361045069428,-0.02105977012829373,0.00044351391785657284,0.02105977012829373,0,1,0,1191
BTC,Baseline,2025-10-16,-0.0305539851750346,0.0034023854343489903,-0.03395637060938359,0.0011530351049618098,0.03395637060938359,0,1,0,1192
BTC,Baseline,2025-10-17,-0.0071531705525628,0.007841756294731526,-0.014994926847294325,0.00022484783115570814,0.014994926847294325,0,1,0,1193
BTC,Baseline,2025-10-20,0.0194857178327793,-0.004412178873385262,0.023897896706164563,0.0005711094669785111,0.023897896706164563,1,0,0,1194
BTC,Baseline,2025-10-21,-0.0014871801435665,0.0016916096266017158,-0.003178789770168216,1.01047044029261e-05,0.003178789770168216,0,1,0,1195
BTC,Baseline,2025-10-22,-0.0296534477167407,-0.006766119463756171,-0.02288732825298453,0.0005238297945598639,0.02288732825298453,0,0,1,1196
BTC,Baseline,2025-10-23,0.0176424962097979,0.002613358353750967,0.015029137856046931,0.00022587498469606293,0.015029137856046931,1,1,1,1197
BTC,Baseline,2025-10-24,0.0116390924671684,0.00022124461449200795,0.011417847852676391,0.00013036724958686687,0.011417847852676391,1,1,1,1198
BTC,Baseline,2025-10-27,0.0099262055285698,-0.0019380675725429257,0.011864273101112726,0.00014076097621778697,0.011864273101112726,1,0,0,1199
BTC,Baseline,2025-10-28,-0.0147685271155038,-0.004822885277416456,-0.009945641838087344,9.891579157151341e-05,0.009945641838087344,0,0,1,1200
BTC,Baseline,2025-10-29,-0.012181696800713,0.001060855264629434,-0.013242552065342434,0.00017536518520330516,0.013242552065342434,0,1,0,1201
BTC,Baseline,2025-10-30,-0.0360429342047102,0.0012972645822238486,-0.03734019878693405,0.0013942904454477512,0.03734019878693405,0,1,0,1202
BTC,Baseline,2025-10-31,0.0176601380811174,0.00518056596245318,0.012479572118664219,0.00015573972026494134,0.012479572118664219,1,1,1,1203
BTC,Baseline,2025-11-03,-0.0291502668727765,0.00046038788774868195,-0.029610654760525185,0.0008767908753470128,0.029610654760525185,0,1,0,1204
BTC,Baseline,2025-11-04,-0.0633740452071202,0.004027474792302672,-0.06740151999942287,0.004542964898232601,0.06740151999942287,0,1,0,1205
BTC,Baseline,2025-11-05,0.0329853455650725,0.005903398221277914,0.02708194734379459,0.0007334318719320628,0.02708194734379459,1,1,1,1206
BTC,Baseline,2025-11-06,-0.0252048543811298,-0.0039686098503391234,-0.021236244530790677,0.0004509780817715369,0.021236244530790677,0,0,1,1207
BTC,Baseline,2025-11-07,0.0267502900025979,0.004599868615143596,0.022150421387454305,0.0004906411676417931,0.022150421387454305,1,1,1,1208
BTC,Baseline,2025-11-10,0.0105043321621615,-0.0017855535785246024,0.012289885740686101,0.00015104129151911956,0.012289885740686101,1,0,0,1209
BTC,Baseline,2025-11-12,-0.007572923304809,0.0032954615378945644,-0.010868384842703565,0.00011812178908910859,0.010868384842703565,0,1,0,1210
BTC,Baseline,2025-11-13,-0.0306206357366333,0.004299841582385393,-0.03492047731901869,0.0012194397361880989,0.03492047731901869,0,1,0,1211
BTC,Baseline,2025-11-14,-0.0391503354714297,0.0034321190564289045,-0.04258245452785861,0.0018132654336171462,0.04258245452785861,0,1,0,1212
BTC,Baseline,2025-11-17,-0.0176441309297601,-0.001026310550129221,-0.016617820379630877,0.0002761519541696753,0.016617820379630877,0,0,1,1213
BTC,Baseline,2025-11-18,0.0071132451859113,0.0009674212561315313,0.006145823929779769,3.777115177585364e-05,0.006145823929779769,1,1,1,1214
BTC,Baseline,2025-11-19,-0.0210577376178096,-0.0016350045677788853,-0.019422733050030713,0.00037724255913275536,0.019422733050030713,0,0,1,1215
BTC,Baseline,2025-11-20,-0.0372978608455766,0.002001601275797708,-0.03929946212137431,0.001544447723029334,0.03929946212137431,0,1,0,1216
BTC,Baseline,2025-11-21,-0.0238467080382645,0.003929439119226259,-0.027776147157490758,0.0007715143509145818,0.027776147157490758,0,1,0,1217
BTC,Baseline,2025-11-24,0.0090451901082058,-0.004467691576664556,0.013512881684870356,0.0001825979714293047,0.013512881684870356,1,0,0,1218
BTC,Baseline,2025-11-25,-0.02011788325946,-0.0013526487730745268,-0.018765234486385476,0.00035213402532903074,0.018765234486385476,0,0,1,1219
BTC,Baseline,2025-11-26,0.0356818949837344,0.003983187287178881,0.031698707696555514,0.0010048080696316679,0.031698707696555514,1,1,1,1220
BTC,Baseline,2025-11-28,-0.0051948271339137,-0.0012497118805182299,-0.00394511525339547,1.5563934362573607e-05,0.00394511525339547,0,0,1,1221
BTC,Baseline,2025-12-01,-0.0531350664648002,0.001713701250101253,-0.05484876771490145,0.0030083873198432157,0.05484876771490145,0,1,0,1222
BTC,Baseline,2025-12-02,0.0579729924579246,0.005718219906922759,0.052254772551001846,0.002730561254356936,0.052254772551001846,1,1,1,1223
BTC,Baseline,2025-12-03,0.0228403976892387,-0.009285181106041844,0.032125578795280545,0.001032052812931779,0.032125578795280545,1,0,0,1224
BTC,Baseline,2025-12-04,-0.0168738629983313,-0.002245293216351376,-0.014628569781979923,0.00021399505386625613,0.014628569781979923,0,0,1,1225
BTC,Baseline,2025-12-05,-0.0330165845957834,0.0016522675124476622,-0.03466885210823106,0.0012019293065023975,0.03466885210823106,0,1,0,1226
BTC,Baseline,2025-12-08,0.0123930461845403,-0.0011414332611384998,0.0135344794456788,0.0001831821338655019,0.0135344794456788,1,0,0,1227
BTC,Baseline,2025-12-09,0.0145314140683793,-0.0026316442138060486,0.01716305828218535,0.00029457056959769114,0.01716305828218535,1,0,0,1228
BTC,Baseline,2025-12-10,-0.0030149598901376,-0.0017564954729211726,-0.0012584644172164276,1.5837326893998826e-06,0.0012584644172164276,0,0,1,1229
BTC,Baseline,2025-12-11,0.0054002300906678,0.0005984443392018807,0.004801785751465919,2.3057146402981124e-05,0.004801785751465919,1,1,1,1230
BTC,Baseline,2025-12-12,-0.0293986779264238,0.0017919761903042795,-0.03119065411672808,0.0009728569042293663,0.03119065411672808,0,1,0,1231
BTC,Baseline,2025-12-15,-0.0255916762648211,0.0028121936061765193,-0.02840386987099762,0.0008067798236485663,0.02840386987099762,0,1,0,1232
BTC,Baseline,2025-12-16,0.0178996453156278,0.0038185489175644243,0.014081096398063375,0.00019827727577155337,0.014081096398063375,1,1,1,1233
BTC,Baseline,2025-12-17,-0.0207609646560426,-0.0011989220484257047,-0.019562042607616893,0.0003826735109822187,0.019562042607616893,0,0,1,1234
BTC,Baseline,2025-12-18,-0.0044331347813775,0.004097265946150948,-0.008530400727528448,7.276773657221787e-05,0.008530400727528448,0,1,0,1235
BTC,Baseline,2025-12-19,0.0253697349033878,0.00048192270545847134,0.024887812197929328,0.0006194031959993998,0.024887812197929328,1,1,1,1236
BTC,Baseline,2025-12-22,0.0010552617757264,0.0015006725651432514,-0.00044541078941685137,1.983907713289427e-07,0.00044541078941685137,1,1,1,1237
BTC,Baseline,2025-12-23,-0.0066415618703312,0.0023844670984292963,-0.009026028968760497,8.146919894490368e-05,0.009026028968760497,0,1,0,1238
BTC,Baseline,2025-12-24,-0.0002490387408431,0.002070947309151348,-0.002319986049994448,5.382335272168841e-06,0.002319986049994448,0,1,0,1239
BTC,Baseline,2025-12-26,-0.004811213680116,0.0015943055441625927,-0.006405519224278592,4.103067653260262e-05,0.006405519224278592,0,1,0,1240
BTC,Baseline,2025-12-29,-0.0034935276376092,0.003339819327836111,-0.006833346965445311,4.669463075016064e-05,0.006833346965445311,0,1,0,1241
BTC,Baseline,2025-12-30,0.0109846166391908,-0.0036507899125542416,0.014635406551745042,0.0002141951249348617,0.014635406551745042,1,0,0,1242
BTC,Baseline,2025-12-31,-0.0058062780569171,-4.161411867051714e-05,-0.005764663938246583,3.32313503209206e-05,0.005764663938246583,0,0,1,1243
BTC,Cross_Crypto,2024-01-02,0.0338522639689997,-0.0031476943749355196,0.03699995834393522,0.0013689969174529415,0.03699995834393522,1,0,0,746
BTC,Cross_Crypto,2024-01-03,-0.0495283949100311,-0.00894680059440238,-0.04058159431562872,0.0016468657971982696,0.04058159431562872,0,0,1,747
BTC,Cross_Crypto,2024-01-04,0.0353450262550083,0.005151389163458739,0.030193637091549562,0.0009116557208161975,0.030193637091549562,1,1,1,748
BTC,Cross_Crypto,2024-01-05,-0.011940796433948,-0.007618836861317993,-0.004321959572630008,1.867933454744816e-05,0.004321959572630008,0,0,1,749
BTC,Cross_Crypto,2024-01-08,0.0625227533679936,-0.0014995838129897993,0.0640223371809834,0.004098859658115529,0.0640223371809834,1,0,0,750
BTC,Cross_Crypto,2024-01-09,-0.0365736275970131,-0.009136999956854935,-0.027436627640158168,0.0007527685362646912,0.027436627640158168,0,0,1,751
BTC,Cross_Crypto,2024-01-10,0.0117857627732164,0.006382254348013011,0.0054035084252033894,2.9197903301244014e-05,0.0054035084252033894,1,1,1,752
BTC,Cross_Crypto,2024-01-11,0.0042879617582345,0.0024610232509569424,0.0018269385072775578,3.337704309373551e-06,0.0018269385072775578,1,1,1,753
BTC,Cross_Crypto,2024-01-12,-0.0611173108158078,0.002940328868504316,-0.0640576396843121,0.004103381201925157,0.0640576396843121,0,1,0,754
BTC,Cross_Crypto,2024-01-16,0.0173378165053253,0.0015836685774180265,0.015754147927907275,0.00024819317693438507,0.015754147927907275,1,1,1,755
BTC,Cross_Crypto,2024-01-17,-0.0184629924327535,-0.004819244380370943,-0.013643748052382557,0.00018615186091689283,0.013643748052382557,0,0,1,756
BTC,Cross_Crypto,2024-01-18,-0.0374453878278541,0.0010869998914424112,-0.03853238771929651,0.0014847449033501927,0.03853238771929651,0,1,0,757
BTC,Cross_Crypto,2024-01-19,0.0126903260598785,0.005832262825275908,0.006858063234602592,4.703303132980776e-05,0.006858063234602592,1,1,1,758
BTC,Cross_Crypto,2024-01-22,-0.0477340635951292,0.0041157756092680825,-0.051849839204397286,0.0026884058255218536,0.051849839204397286,0,1,0,759
BTC,Cross_Crypto,2024-01-23,-0.0157848381598462,0.00659512087224616,-0.02237995903209236,0.0005008625662781325,0.02237995903209236,0,1,0,760
BTC,Cross_Crypto,2024-01-24,0.0146539006178425,-0.001105361339840738,0.01575926195768324,0.0002483543374508821,0.01575926195768324,1,0,0,761
BTC,Cross_Crypto,2024-01-25,0.0033764521624908,-0.0031454741645578904,0.006521926327048691,4.253552301545083e-05,0.006521926327048691,1,0,0,762
BTC,Cross_Crypto,2024-01-26,0.0511836447493628,0.0018944916853984306,0.04928915306396437,0.0024294206097629084,0.04928915306396437,1,1,1,763
BTC,Cross_Crypto,2024-01-29,0.0284577539356695,0.002287452866531703,0.026170301069137796,0.0006848846580493149,0.026170301069137796,1,1,1,764
BTC,Cross_Crypto,2024-01-30,0.008463291914936,-0.0007826307000945165,0.009245922615030516,8.548708500313274e-05,0.009245922615030516,1,0,0,765
BTC,Cross_Crypto,2024-01-31,-0.0253203398529352,0.0030366729934441783,-0.028357012846379377,0.0008041201775697251,0.028357012846379377,0,1,0,766
BTC,Cross_Crypto,2024-02-01,0.0151101750276914,0.005982215076941508,0.009127959950749892,8.331965286249397e-05,0.009127959950749892,1,1,1,767
BTC,Cross_Crypto,2024-02-02,-0.0030709345087918,0.0032796847557138298,-0.006350619264505629,4.033036504271002e-05,0.006350619264505629,0,1,0,768
BTC,Cross_Crypto,2024-02-05,-0.0099771060049352,-0.002759799430729362,-0.007217306574205837,5.20895141860748e-05,0.007217306574205837,0,0,1,769
BTC,Cross_Crypto,2024-02-06,0.0191957994384833,-0.0014324913694226116,0.020628290807905913,0.0004255263816555356,0.020628290807905913,1,0,0,770
BTC,Cross_Crypto,2024-02-07,0.0237601326122443,0.004594777639946798,0.019165354972297502,0.0003673108312141686,0.019165354972297502,1,1,1,771
BTC,Cross_Crypto,2024-02-08,0.0254506904489161,-0.001893418621316964,0.027344109070233064,0.0007477003008448021,0.027344109070233064,1,0,0,772
BTC,Cross_Crypto,2024-02-09,0.0477527202298084,-0.006414516188953251,0.05416723641876165,0.0029340895012460186,0.05416723641876165,1,0,0,773
BTC,Cross_Crypto,2024-02-12,0.0353261638907621,-0.00016937740028016846,0.035495541291042265,0.0012599334515440864,0.035495541291042265,1,0,0,774
BTC,Cross_Crypto,2024-02-13,-0.0056006054205141,-0.004035248022739871,-0.0015653573977742292,2.4503437827665067e-06,0.0015653573977742292,0,0,1,775
BTC,Cross_Crypto,2024-02-14,0.0436132410837892,-0.004997917275006272,0.048611158358795474,0.002363044716983891,0.048611158358795474,1,0,0,776
BTC,Cross_Crypto,2024-02-15,-0.0078045487792248,-0.0031516048400397345,-0.004652943939185065,2.1649887301199033e-05,0.004652943939185065,0,0,1,777
BTC,Cross_Crypto,2024-02-16,0.0123332365534209,0.0033804099608970017,0.008952826592523899,8.015310399580307e-05,0.008952826592523899,1,1,1,778
BTC,Cross_Crypto,2024-02-20,0.0025305841161619,0.0030922268374980327,-0.0005616427213361325,3.154425464298566e-07,0.0005616427213361325,1,1,1,779
BTC,Cross_Crypto,2024-02-21,-0.0123095793303188,0.0017923512115507467,-0.014101930541869546,0.00019886444500771312,0.014101930541869546,0,1,0,780
BTC,Cross_Crypto,2024-02-22,0.0048252652384898,0.00020699912792014608,0.004618266110569654,2.132838186803616e-05,0.004618266110569654,1,1,1,781
BTC,Cross_Crypto,2024-02-23,-0.0127467295829595,0.0008934298843153443,-0.013640159467274844,0.00018605395029268757,0.013640159467274844,0,1,0,782
BTC,Cross_Crypto,2024-02-26,0.054477868421388,0.00811164533622348,0.04636622308516452,0.0021498266431832433,0.04636622308516452,1,1,1,783
BTC,Cross_Crypto,2024-02-27,0.0370866690709048,-0.009550144877292555,0.04663681394819735,0.0021749924152387754,0.04663681394819735,1,0,0,784
BTC,Cross_Crypto,2024-02-28,0.0653611164555198,-0.0072931151815972955,0.0726542316371171,0.005278637374779867,0.0726542316371171,1,0,0,785
BTC,Cross_Crypto,2024-02-29,0.0144659832331768,-0.012199086890496785,0.026665070123673584,0.0007110259647004296,0.026665070123673584,1,0,0,786
BTC,Cross_Crypto,2024-03-01,0.0186672665495534,-0.002404919014281151,0.021072185563834552,0.0004440370044366773,0.021072185563834552,1,0,0,787
BTC,Cross_Crypto,2024-03-04,0.0713198625460871,0.0031618653965920784,0.06815799714949503,0.004645512575430572,0.06815799714949503,1,1,1,788
BTC,Cross_Crypto,2024-03-05,-0.0639026739485315,-0.012494599615173102,-0.051408074333358394,0.002642790106664102,0.051408074333358394,0,0,1,789
BTC,Cross_Crypto,2024-03-06,0.0485709262478393,0.012193835681139173,0.036377090566700125,0.0013232927180979032,0.036377090566700125,1,1,1,790
BTC,Cross_Crypto,2024-03-07,0.0130996287460495,-0.003181877477970746,0.016281506224020248,0.0002650874449228101,0.016281506224020248,1,0,0,791
BTC,Cross_Crypto,2024-03-08,0.0158720046586772,-0.001702913957049787,0.01757491861572699,0.00030887776434942706,0.01757491861572699,1,0,0,792
BTC,Cross_Crypto,2024-03-11,0.0384551390662724,-0.0010386984698824014,0.0394938375361548,0.0015597632033321897,0.0394938375361548,1,0,0,793
BTC,Cross_Crypto,2024-03-12,-0.0151119845397079,-0.006547874434544285,-0.008564110105163615,7.334398189336556e-05,0.008564110105163615,0,0,1,794
BTC,Cross_Crypto,2024-03-13,0.0289650139705572,-0.0018576275605380263,0.030822641531095225,0.0009500352309543961,0.030822641531095225,1,0,0,795
BTC,Cross_Crypto,2024-03-14,-0.0344861760711693,-0.005131101312029124,-0.029355074759140176,0.0008617204141147086,0.029355074759140176,0,0,1,796
BTC,Cross_Crypto,2024-03-15,-0.0406201072419309,-0.0006930750228528251,-0.039927032219078076,0.0015941679018232988,0.039927032219078076,0,0,1,797
BTC,Cross_Crypto,2024-03-18,-0.0130368983299158,-0.0036386292489215544,-0.009398269080994245,8.832746171877241e-05,0.009398269080994245,0,0,1,798
BTC,Cross_Crypto,2024-03-19,-0.0552806436597765,-0.0014349045916339231,-0.05384573906814258,0.002899363615794496,0.05384573906814258,0,0,1,799
BTC,Cross_Crypto,2024-03-20,0.0509143604426563,0.005531061872089418,0.04538329857056688,0.002059643789145218,0.04538329857056688,1,1,1,800
BTC,Cross_Crypto,2024-03-21,-0.024189556045524,-0.005896139939694248,-0.01829341610582975,0.00033464907282103134,0.01829341610582975,0,0,1,801
BTC,Cross_Crypto,2024-03-22,-0.030418267244856,0.006087006329985614,-0.03650527357484161,0.001332634998774029,0.03650527357484161,0,1,0,802
BTC,Cross_Crypto,2024-03-25,0.0702696771695903,-0.00079705824655249,0.07106673541614279,0.005050480882708044,0.07106673541614279,1,0,0,803
BTC,Cross_Crypto,2024-03-26,-0.01624502386136,-0.009899815217676008,-0.006345208643683993,4.0261672731882055e-05,0.006345208643683993,0,0,1,804
BTC,Cross_Crypto,2024-03-27,-0.0138229616432781,0.0033245790226134886,-0.017147540665891588,0.0002940381508884057,0.017147540665891588,0,1,0,805
BTC,Cross_Crypto,2024-03-28,0.0263831247700204,0.003292285309267187,0.023090839460753212,0.0005331868670022776,0.023090839460753212,1,1,1,806
BTC,Cross_Crypto,2024-04-01,-0.0153763839696944,0.0024829975052199638,-0.017859381474914365,0.00031895750666651444,0.017859381474914365,0,1,0,807
BTC,Cross_Crypto,2024-04-02,-0.0604915918986163,-0.0039729049428476465,-0.05651868695576865,0.0031943619752041732,0.05651868695576865,0,0,1,808
BTC,Cross_Crypto,2024-04-03,0.001004543359742,0.005674213881341601,-0.004669670521599601,2.180582278029629e-05,0.004669670521599601,1,1,1,809
BTC,Cross_Crypto,2024-04-04,0.0332365350980435,0.002159102538102531,0.03107743255994097,0.0009658068145176792,0.03107743255994097,1,1,1,810
BTC,Cross_Crypto,2024-04-05,-0.004570511889834,-0.004252337070201229,-0.00031817481963277144,1.0123521584834663e-07,0.00031817481963277144,0,0,1,811
BTC,Cross_Crypto,2024-04-08,0.0338188882276003,-0.0029050355384699217,0.03672392376607022,0.001348646576776137,0.03672392376607022,1,0,0,812
BTC,Cross_Crypto,2024-04-09,-0.0363839147837078,-0.0004990777184869927,-0.03588483706522081,0.0012877215311974453,0.03588483706522081,0,0,1,813
BTC,Cross_Crypto,2024-04-10,0.0095073964286869,0.006921091104289484,0.0025863053243974157,6.688975231006422e-06,0.0025863053243974157,1,1,1,814
BTC,Cross_Crypto,2024-04-11,0.0101130102786856,-0.009742895988200218,0.01985590626688582,0.0003942570136793555,0.01985590626688582,1,0,0,815
BTC,Cross_Crypto,2024-04-12,-0.0489131995699212,-0.0002432993512483661,-0.04866990021867283,0.00236875918729557,0.04866990021867283,0,0,1,816
BTC,Cross_Crypto,2024-04-15,-0.011409078485891,-0.0014896113627616975,-0.009919467123129303,9.839582800684314e-05,0.009919467123129303,0,0,1,817
BTC,Cross_Crypto,2024-04-16,-0.0015612310741558,-0.003006756825298121,0.0014455257511423209,2.089544697215571e-06,0.0014455257511423209,0,0,1,818
BTC,Cross_Crypto,2024-04-17,-0.0354879594851966,-0.0003793754712700659,-0.03510858401392653,0.0012326126714629377,0.03510858401392653,0,0,1,819
BTC,Cross_Crypto,2024-04-18,0.0431290544363939,0.008156841116649965,0.034972213319743935,0.001223055704481675,0.034972213319743935,1,1,1,820
BTC,Cross_Crypto,2024-04-19,0.0083707755536935,-0.007512551747004187,0.015883327300697685,0.0002522800861410884,0.015883327300697685,1,0,0,821
BTC,Cross_Crypto,2024-04-22,0.028786931697061,0.0033771133278287513,0.02540981836923225,0.0006456588695573726,0.02540981836923225,1,1,1,822
BTC,Cross_Crypto,2024-04-23,-0.0028947271708792,-0.0034932456653322536,0.0005985184944530537,3.582243882023501e-07,0.0005985184944530537,0,0,1,823
BTC,Cross_Crypto,2024-04-24,-0.0354649271994759,0.0035149720624108316,-0.03897989926188673,0.001519432546466838,0.03897989926188673,0,1,0,824
BTC,Cross_Crypto,2024-04-25,0.0116275867015831,0.0043477403491240935,0.007279846352459006,5.2996162915410694e-05,0.007279846352459006,1,1,1,825
BTC,Cross_Crypto,2024-04-26,-0.0132938972454768,-0.001492436659306387,-0.011801460586170412,0.00013927447196693368,0.011801460586170412,0,0,1,826
BTC,Cross_Crypto,2024-04-29,-0.0113181186472079,0.003689664892861405,-0.015007783540069305,0.00022523356678557518,0.015007783540069305,0,1,0,827
BTC,Cross_Crypto,2024-04-30,-0.0501919055068689,0.002571060655065155,-0.05276296616193406,0.0027839305982053984,0.05276296616193406,0,1,0,828
BTC,Cross_Crypto,2024-05-01,-0.0441131876491687,0.002299188203367969,-0.04641237585253667,0.002154108632277129,0.04641237585253667,0,1,0,829
BTC,Cross_Crypto,2024-05-02,0.0247850036738036,0.010793946904473176,0.013991056769330424,0.00019574966952262668,0.013991056769330424,1,1,1,830
BTC,Cross_Crypto,2024-05-03,0.069337382317619,-0.0009486708440597097,0.07028605316167871,0.004940129269046327,0.07028605316167871,1,0,0,831
BTC,Cross_Crypto,2024-05-06,-0.0070055858689724,0.006750865952564716,-0.013756451821537116,0.00018923996671827182,0.013756451821537116,0,1,0,832
BTC,Cross_Crypto,2024-05-07,-0.0051793891028767,0.0013223645716149146,-0.006501753674491614,4.227280084376521e-05,0.006501753674491614,0,1,0,833
BTC,Cross_Crypto,2024-05-08,-0.0226029285609912,0.0022569546913929345,-0.024859883252384134,0.0006180137953221692,0.024859883252384134,0,1,0,834
BTC,Cross_Crypto,2024-05-09,0.0169175661540506,0.0030805261027950087,0.013837040051255592,0.00019146367738005136,0.013837040051255592,1,1,1,835
BTC,Cross_Crypto,2024-05-10,-0.0345572554020824,0.0014832437630302592,-0.036040499165112656,0.0012989175800704861,0.036040499165112656,0,1,0,836
BTC,Cross_Crypto,2024-05-13,0.0294764616413887,0.0009970330106824216,0.02847942863070628,0.0008110778551314925,0.02847942863070628,1,1,1,837
BTC,Cross_Crypto,2024-05-14,-0.0234332793162606,-0.004340763191250041,-0.019092516125010558,0.0003645241719837882,0.019092516125010558,0,0,1,838
BTC,Cross_Crypto,2024-05-15,0.0682091139504595,0.005677171911274273,0.06253194203918523,0.0039102437751920216,0.06253194203918523,1,1,1,839
BTC,Cross_Crypto,2024-05-16,-0.0105982560276306,-0.005483594590888,-0.0051146614367426,2.6159761612501877e-05,0.0051146614367426,0,0,1,840
BTC,Cross_Crypto,2024-05-17,0.0247962841999007,-3.342172820304523e-05,0.024829705928103744,0.0006165142964761102,0.024829705928103744,1,0,0,841
BTC,Cross_Crypto,2024-05-20,0.0496603236030745,0.0031730384198456613,0.04648728518322884,0.0021610676837068477,0.04648728518322884,1,1,1,842
BTC,Cross_Crypto,2024-05-21,0.0026500545160474,-0.0008673897057882296,0.0035174442218356295,1.2372413853724857e-05,0.0035174442218356295,1,0,0,843
BTC,Cross_Crypto,2024-05-22,-0.0043702404899438,0.005101429980799363,-0.009471670470743163,8.9712541506348e-05,0.009471670470743163,0,1,0,844
BTC,Cross_Crypto,2024-05-23,-0.024324755118298,-0.00018766427693800436,-0.024137090841359995,0.0005825991542840645,0.024137090841359995,0,0,1,845
BTC,Cross_Crypto,2024-05-24,0.016470857244696,0.001865166614178529,0.014605690630517473,0.00021332619879438588,0.014605690630517473,1,1,1,846
BTC,Cross_Crypto,2024-05-28,-0.0194878259779661,-0.0008869830698908648,-0.018600842908075236,0.0003459913568908928,0.018600842908075236,0,0,1,847
BTC,Cross_Crypto,2024-05-29,-0.0123181229600415,0.0007858863243634245,-0.013104009284404925,0.00017171505932577047,0.013104009284404925,0,1,0,848
BTC,Cross_Crypto,2024-05-30,0.0156534342388203,-0.0015280993053187059,0.017181533544139007,0.0002952050949283739,0.017181533544139007,1,0,0,849
BTC,Cross_Crypto,2024-05-31,-0.0123803512892118,0.0004915920355912928,-0.012871943324803093,0.0001656869249569429,0.012871943324803093,0,1,0,850
BTC,Cross_Crypto,2024-06-03,0.0192119745643597,0.0038271237731507535,0.015384850791208948,0.0002366936338677626,0.015384850791208948,1,1,1,851
BTC,Cross_Crypto,2024-06-04,0.0186083886558869,0.0011273978381822064,0.017480990817704694,0.0003055850399686758,0.017480990817704694,1,1,1,852
BTC,Cross_Crypto,2024-06-05,0.0112707485853392,0.00010925219038493417,0.011161496394954265,0.00012457900177457705,0.011161496394954265,1,1,1,853
BTC,Cross_Crypto,2024-06-06,-0.0072521029233495,0.001553444728695369,-0.00880554765204487,7.753766945243291e-05,0.00880554765204487,0,1,0,854
BTC,Cross_Crypto,2024-06-07,-0.0201123459195007,0.0027494638145868777,-0.02286180973408758,0.0005226623443176216,0.02286180973408758,0,1,0,855
BTC,Cross_Crypto,2024-06-10,-0.0008493068208222,-0.0044139848102537765,0.0035646779894315766,1.2706929168337947e-05,0.0035646779894315766,0,0,1,856
BTC,Cross_Crypto,2024-06-11,-0.0341413032687097,-0.0003781748622563308,-0.03376312840645337,0.0011399488397906582,0.03376312840645337,0,0,1,857
BTC,Cross_Crypto,2024-06-12,0.0117462418481955,0.0062939129220308115,0.005452328926164688,2.9727890719092178e-05,0.005452328926164688,1,1,1,858
BTC,Cross_Crypto,2024-06-13,-0.020711095851542,0.0038929438945108225,-0.02460403974605282,0.000605358771825347,0.02460403974605282,0,1,0,859
BTC,Cross_Crypto,2024-06-14,-0.0143867814408368,0.0051650103819276955,-0.019551791822764494,0.00038227256348072054,0.019551791822764494,0,1,0,860
BTC,Cross_Crypto,2024-06-17,-0.0012948688872597,0.00456942763284765,-0.00586429652010735,3.4389973675743174e-05,0.00586429652010735,0,1,0,861
BTC,Cross_Crypto,2024-06-18,-0.0226584633283947,-0.0044636393675377695,-0.01819482396085693,0.0003310516189665735,0.01819482396085693,0,0,1,862
BTC,Cross_Crypto,2024-06-20,0.0031712581516359,0.006479984939921399,-0.0033087267882854986,1.094767295951807e-05,0.0033087267882854986,1,1,1,863
BTC,Cross_Crypto,2024-06-21,-0.0138127483854231,-0.0010152409938956886,-0.01279750739152741,0.00016377619543619872,0.01279750739152741,0,0,1,864
BTC,Cross_Crypto,2024-06-24,-0.068783722148876,0.0035131046137016064,-0.0722968267625776,0.005226831159938158,0.0722968267625776,0,1,0,865
BTC,Cross_Crypto,2024-06-25,0.0401391871613126,0.011749477914593215,0.028389709246719387,0.0008059755911132642,0.028389709246719387,1,1,1,866
BTC,Cross_Crypto,2024-06-26,-0.0155009155709826,-0.0045878638227476315,-0.010913051748234969,0.00011909469845965431,0.010913051748234969,0,0,1,867
BTC,Cross_Crypto,2024-06-27,0.0073552578209138,0.0002941519962758876,0.0070611058246379125,4.9859215466735455e-05,0.0070611058246379125,1,1,1,868
BTC,Cross_Crypto,2024-06-28,-0.0212315211766802,0.003626477440724196,-0.024857998617404398,0.000617920095262879,0.024857998617404398,0,1,0,869
BTC,Cross_Crypto,2024-07-01,0.0214149490142848,-0.002323863440728796,0.023738812455013598,0.0005635312167743087,0.023738812455013598,1,0,0,870
BTC,Cross_Crypto,2024-07-02,-0.0209859383038839,-0.006406675577904919,-0.014579262725978981,0.00021255490163312005,0.014579262725978981,0,0,1,871
BTC,Cross_Crypto,2024-07-03,-0.0390511241488317,0.006687494187217556,-0.04573861833604926,0.0020920212072907817,0.04573861833604926,0,1,0,872
BTC,Cross_Crypto,2024-07-05,-0.034471889765022,0.004873461046522538,-0.03934535081154454,0.0015480566304835086,0.03934535081154454,0,1,0,873
BTC,Cross_Crypto,2024-07-08,-0.0157559940628411,0.005965317416759146,-0.021721311479600245,0.00047181537239381337,0.021721311479600245,0,1,0,874
BTC,Cross_Crypto,2024-07-09,0.029205250786784,0.002514949720318828,0.026690301066465173,0.0007123721710185519,0.026690301066465173,1,1,1,875
BTC,Cross_Crypto,2024-07-10,-0.009041290820719,-0.003920845388606764,-0.005120445432112236,2.6218961423239064e-05,0.005120445432112236,0,0,1,876
BTC,Cross_Crypto,2024-07-11,0.0026181099338835,0.003503557437189407,-0.0008854475033059071,7.840172811106644e-07,0.0008854475033059071,1,1,1,877
BTC,Cross_Crypto,2024-07-12,-0.0003301477006529,0.0059256025791604786,-0.006255750279813378,3.913441156338516e-05,0.006255750279813378,0,1,0,878
BTC,Cross_Crypto,2024-07-15,0.0602067489010353,-0.001997010752531156,0.062203759653566455,0.003869307715038662,0.062203759653566455,1,0,0,879
BTC,Cross_Crypto,2024-07-16,0.0142217354088766,-0.008660611318231398,0.022882346727107997,0.0005236017917395901,0.022882346727107997,1,0,0,880
BTC,Cross_Crypto,2024-07-17,-0.0025771115803699,-0.0003614188470743851,-0.002215692733295515,4.90929428837855e-06,0.002215692733295515,0,0,1,881
BTC,Cross_Crypto,2024-07-18,-0.0109314548595298,0.0014002270311388593,-0.01233168189066866,0.00015207037825264535,0.01233168189066866,0,1,0,882
BTC,Cross_Crypto,2024-07-19,0.0483479921461192,0.0009439989708355662,0.04740399317528363,0.0022471385689623374,0.04740399317528363,1,1,1,883
BTC,Cross_Crypto,2024-07-22,0.0185794578447128,-0.0017741415072504707,0.02035359935196327,0.0004142690065802397,0.02035359935196327,1,0,0,884
BTC,Cross_Crypto,2024-07-23,-0.0343772890776131,-0.0031943339511738417,-0.03118295512643926,0.0009723766904175245,0.03118295512643926,0,0,1,885
BTC,Cross_Crypto,2024-07-24,0.0029797467655641,0.008098091620477282,-0.005118344854913182,2.6197454053816244e-05,0.005118344854913182,1,1,1,886
BTC,Cross_Crypto,2024-07-25,-0.0116585428988732,-0.0033516397198440906,-0.00830690317902911,6.900464042576394e-05,0.00830690317902911,0,0,1,887
BTC,Cross_Crypto,2024-07-26,0.0326870313423373,-0.0036156693306682933,0.036302700673005596,0.001317886076153841,0.036302700673005596,1,0,0,888
BTC,Cross_Crypto,2024-07-29,-0.0126337965024731,0.005296531161586265,-0.017930327664059366,0.0003214966501405326,0.017930327664059366,0,1,0,889
BTC,Cross_Crypto,2024-07-30,-0.0178223132244414,0.004316685063296438,-0.022138998287737837,0.0004901352451844588,0.022138998287737837,0,1,0,890
BTC,Cross_Crypto,2024-07-31,-0.024575320407761,0.004098910168496714,-0.028674230576257714,0.0008222114991403927,0.028674230576257714,0,1,0,891
BTC,Cross_Crypto,2024-08-01,0.001562959727652,0.006737357190948111,-0.0051743974632961105,2.6774389108165222e-05,0.0051743974632961105,1,1,1,892
BTC,Cross_Crypto,2024-08-02,-0.0332824330989658,0.0012572254791490406,-0.03453965857811484,0.0011929880146927421,0.03453965857811484,0,1,0,893
BTC,Cross_Crypto,2024-08-05,-0.0833294088908093,0.006527332088822391,-0.08985674097963169,0.00807423389948062,0.08985674097963169,0,1,0,894
BTC,Cross_Crypto,2024-08-06,0.0389856359169545,-0.008116956680825634,0.04710259259778014,0.0022186542294324522,0.04710259259778014,1,0,0,895
BTC,Cross_Crypto,2024-08-07,-0.0254218360814887,-0.005487449093836194,-0.019934386987652507,0.00039737978457348957,0.019934386987652507,0,0,1,896
BTC,Cross_Crypto,2024-08-08,0.0762969806388922,-0.0012767745413091447,0.07757375518020135,0.006017687492757815,0.07757375518020135,1,0,0,897
BTC,Cross_Crypto,2024-08-09,0.0208886168793331,-0.008225427732607371,0.029114044611940473,0.0008476275936660601,0.029114044611940473,1,0,0,898
BTC,Cross_Crypto,2024-08-12,0.0057766199656348,0.011548837179620533,-0.005772217213985733,3.3318491565433224e-05,0.005772217213985733,1,1,1,899
BTC,Cross_Crypto,2024-08-13,0.0288634944845804,0.004406319702562507,0.024457174782017893,0.000598153398318172,0.024457174782017893,1,1,1,900
BTC,Cross_Crypto,2024-08-14,-0.0238974667536997,-0.0021915630365664795,-0.02170590371713322,0.0004711462561774577,0.02170590371713322,0,0,1,901
BTC,Cross_Crypto,2024-08-15,-0.0425070574390239,0.005580444477398916,-0.04808750191642282,0.002312407840561968,0.04808750191642282,0,1,0,902
BTC,Cross_Crypto,2024-08-16,0.0447615832760836,0.0028981997411826194,0.04186338353490098,0.0017525428809902187,0.04186338353490098,1,1,1,903
BTC,Cross_Crypto,2024-08-19,-0.0120175863212848,0.004446575291607462,-0.016464161612892263,0.00027106861761543515,0.016464161612892263,0,1,0,904
BTC,Cross_Crypto,2024-08-20,0.0036567126147144,0.0029596733468734704,0.0006970392678409295,4.858637409122192e-07,0.0006970392678409295,1,1,1,905
BTC,Cross_Crypto,2024-08-21,0.0321018906196079,0.00010550071053116311,0.03199638990907674,0.0010237689672136677,0.03199638990907674,1,1,1,906
BTC,Cross_Crypto,2024-08-22,-0.0093047821563508,-0.004061228051534145,-0.005243554104816655,2.7494859650139588e-05,0.005243554104816655,0,0,1,907
BTC,Cross_Crypto,2024-08-23,0.0486691282387405,-0.00043872971840985125,0.04910785795715035,0.002411581713139655,0.04910785795715035,1,0,0,908
BTC,Cross_Crypto,2024-08-26,-0.0126040075400329,0.003623506202041833,-0.016227513742074734,0.00026333220224922433,0.016227513742074734,0,1,0,909
BTC,Cross_Crypto,2024-08-27,-0.0251611705748129,0.0012193300033088023,-0.0263805005781217,0.0006959308107522794,0.0263805005781217,0,1,0,910
BTC,Cross_Crypto,2024-08-28,-0.0417898334978055,0.002050731724786495,-0.04384056522259199,0.0019219951590363424,0.04384056522259199,0,1,0,911
BTC,Cross_Crypto,2024-08-29,0.0035758646462296,0.006248934649412424,-0.0026730700031828243,7.145303241915824e-06,0.0026730700031828243,1,1,1,912
BTC,Cross_Crypto,2024-08-30,-0.0081157396014633,0.0002005575312918062,-0.008316297132755106,6.91607980002708e-05,0.008316297132755106,0,1,0,913
BTC,Cross_Crypto,2024-09-03,-0.013216295711218,-0.0015077417562158052,-0.011708553955002195,0.00013709023571719755,0.011708553955002195,0,0,1,914
BTC,Cross_Crypto,2024-09-04,-0.0031053654831799,0.001509904708013217,-0.004615270191193116,2.1300718937715746e-05,0.004615270191193116,0,1,0,915
BTC,Cross_Crypto,2024-09-05,-0.0343205305322929,0.0024957580005181557,-0.036816288532811055,0.0013554391013311947,0.036816288532811055,0,1,0,916
BTC,Cross_Crypto,2024-09-06,-0.0591734310676667,0.006635304267346605,-0.0658087353350133,0.004330789646393828,0.0658087353350133,0,1,0,917
BTC,Cross_Crypto,2024-09-09,0.0473459611481395,0.0005096221827372224,0.04683633896540228,0.0021936426476820594,0.04683633896540228,1,1,1,918
BTC,Cross_Crypto,2024-09-10,0.009739401691195,-0.0058402036628645085,0.015579605354059509,0.00024272410298823972,0.015579605354059509,1,0,0,919
BTC,Cross_Crypto,2024-09-11,-0.0014774902739919,0.0016604314586035618,-0.003137921732595462,9.846552799894905e-06,0.003137921732595462,0,1,0,920
BTC,Cross_Crypto,2024-09-12,0.0122576826059758,-0.0003792923194122569,0.012636974925388057,0.00015969313526488648,0.012636974925388057,1,0,0,921
BTC,Cross_Crypto,2024-09-13,0.028325274867096,-0.0017471116661632313,0.03007238653325923,0.0009043484318057512,0.03007238653325923,1,0,0,922
BTC,Cross_Crypto,2024-09-16,-0.0362490529171659,0.0022388833435025637,-0.038487936260668466,0.0014813212376052786,0.038487936260668466,0,1,0,923
BTC,Cross_Crypto,2024-09-17,0.0417406475838187,0.005267571938959215,0.036473075644859486,0.001330285246995642,0.036473075644859486,1,1,1,924
BTC,Cross_Crypto,2024-09-18,0.0017226985354878,-0.006780155632111283,0.008502854167599083,7.229852899545709e-05,0.008502854167599083,1,0,0,925
BTC,Cross_Crypto,2024-09-19,0.0455385523756996,-0.0022464341278965044,0.047784986503596104,0.0022834049351488617,0.047784986503596104,1,0,0,926
BTC,Cross_Crypto,2024-09-20,-0.0035753766406934,-0.004619275967126281,0.0010438993264328808,1.0897258037270222e-06,0.0010438993264328808,0,0,1,927
BTC,Cross_Crypto,2024-09-23,0.0013595013041054,0.002460057407690064,-0.0011005561035846638,1.2112237371374571e-06,0.0011005561035846638,1,1,1,928
BTC,Cross_Crypto,2024-09-24,0.014553581163203,0.0027685583795583335,0.011785022783644666,0.00013888676201102387,0.011785022783644666,1,1,1,929
BTC,Cross_Crypto,2024-09-25,-0.0115329431133211,-0.0015833044714031463,-0.009949638641917953,9.899530910474694e-05,0.009949638641917953,0,0,1,930
BTC,Cross_Crypto,2024-09-26,0.0184720451655377,0.00030655447655977136,0.01816549068897793,0.0003299850519713439,0.01816549068897793,1,1,1,931
BTC,Cross_Crypto,2024-09-27,0.0173852888444075,-0.0015995523101717188,0.01898484115457922,0.00036042419366460484,0.01898484115457922,1,0,0,932
BTC,Cross_Crypto,2024-09-30,-0.0314313076235168,0.0015564785192394986,-0.0329877861427563,0.0010881940346002244,0.0329877861427563,0,1,0,933
BTC,Cross_Crypto,2024-10-01,-0.0482392632208875,0.003649790366411332,-0.05188905358729883,0.0026924738821855697,0.05188905358729883,0,1,0,934
BTC,Cross_Crypto,2024-10-02,0.0021200550280177,0.00636340772332411,-0.00424335269530641,1.8006042096764178e-05,0.00424335269530641,1,1,1,935
BTC,Cross_Crypto,2024-10-03,-0.0021940916268101,-0.004217002727702805,0.0020229111008927053,4.092169322114937e-06,0.0020229111008927053,0,0,1,936
BTC,Cross_Crypto,2024-10-04,0.0264092923570855,-0.0021778901777762816,0.028587182534861783,0.0008172270052815066,0.028587182534861783,1,0,0,937
BTC,Cross_Crypto,2024-10-07,0.0062361244993415,-0.0023465405965217845,0.008582665095863284,7.366214014774992e-05,0.008582665095863284,1,0,0,938
BTC,Cross_Crypto,2024-10-08,-0.0104499993718074,-0.002352828598471718,-0.008097170773335683,6.556417453256158e-05,0.008097170773335683,0,0,1,939
BTC,Cross_Crypto,2024-10-09,-0.0322120925706001,0.0020756487223818204,-0.03428774129298192,0.0011756492029744575,0.03428774129298192,0,1,0,940
BTC,Cross_Crypto,2024-10-10,-0.0108240710723244,0.0037099940683799557,-0.014534065140704355,0.0002112390495142375,0.014534065140704355,0,1,0,941
BTC,Cross_Crypto,2024-10-11,0.0532163174599906,0.002982523328021826,0.050233794131968774,0.0025234340728930204,0.050233794131968774,1,1,1,942
BTC,Cross_Crypto,2024-10-15,0.0085512573597209,-0.00479577078089749,0.01334702814061839,0.00017814316018645922,0.01334702814061839,1,0,0,943
BTC,Cross_Crypto,2024-10-16,0.0170784969874953,-0.0019848459703939794,0.01906334295788928,0.0003634110447301068,0.01906334295788928,1,0,0,944
BTC,Cross_Crypto,2024-10-17,-0.0102568813288822,-0.0008866385523911349,-0.009370242776491065,8.780144969038299e-05,0.009370242776491065,0,0,1,945
BTC,Cross_Crypto,2024-10-18,0.0220040796507288,0.0009890352274580794,0.02101504442327072,0.0004416320921120418,0.02101504442327072,1,1,1,946
BTC,Cross_Crypto,2024-10-21,-0.0150648735997794,0.003259478974893759,-0.01832435257467316,0.0003357818972809308,0.01832435257467316,0,1,0,947
BTC,Cross_Crypto,2024-10-22,-0.0036018750920468,7.524311748825785e-05,-0.0036771182095350578,1.3521198326894309e-05,0.0036771182095350578,0,1,0,948
BTC,Cross_Crypto,2024-10-23,-0.0133665504110694,0.0005691811435081517,-0.013935731554577552,0.00019420461396124847,0.013935731554577552,0,1,0,949
BTC,Cross_Crypto,2024-10-24,0.0231801284450381,-0.002297289246428351,0.025477417691466452,0.0006490988122254478,0.025477417691466452,1,0,0,950
BTC,Cross_Crypto,2024-10-25,-0.0202783264680678,-0.001903410280782808,-0.01837491618728499,0.000337637544889748,0.01837491618728499,0,0,1,951
BTC,Cross_Crypto,2024-10-28,0.0284058281641045,-0.00038962828080980894,0.028795456444914307,0.0008291783118709569,0.028795456444914307,1,0,0,952
BTC,Cross_Crypto,2024-10-29,0.0378565535067798,-0.005092608674758303,0.0429491621815381,0.0018446305320960628,0.0429491621815381,1,0,0,953
BTC,Cross_Crypto,2024-10-30,0.0072971464743804,-0.00398535761725808,0.01128250409163848,0.00012729489857783905,0.01128250409163848,1,0,0,954
BTC,Cross_Crypto,2024-10-31,-0.0408543131857316,0.0007579014134042952,-0.041612214599135895,0.0017315764038445386,0.041612214599135895,0,1,0,955
BTC,Cross_Crypto,2024-11-01,-0.0104798049528661,0.001902399877820947,-0.012382204830687048,0.00015331899646908967,0.012382204830687048,0,1,0,956
BTC,Cross_Crypto,2024-11-04,-0.0299014133940848,-0.0009727037142020709,-0.02892870967988273,0.0008368702437429407,0.02892870967988273,0,0,1,957
BTC,Cross_Crypto,2024-11-05,0.0305288796876364,0.003981822706651407,0.026547056980984994,0.0007047462343516641,0.026547056980984994,1,1,1,958
BTC,Cross_Crypto,2024-11-06,0.0942176258313904,-0.0032817929287790037,0.0974994187601694,0.009506136658570873,0.0974994187601694,1,0,0,959
BTC,Cross_Crypto,2024-11-07,-0.0002763921627514,-0.017029781344558646,0.016753389181807247,0.0002806760490770961,0.016753389181807247,0,0,1,960
BTC,Cross_Crypto,2024-11-08,0.0073967065321176,0.008870618553538878,-0.001473912021421278,2.1724166468901577e-06,0.001473912021421278,1,1,1,961
BTC,Cross_Crypto,2024-11-12,0.0031757040169092,-0.01820786177546832,0.02138356579237752,0.0004572568859969381,0.02138356579237752,1,0,0,962
BTC,Cross_Crypto,2024-11-13,0.0037580963295895,-0.006599239653981702,0.010357335983571202,0.00010727440867657884,0.010357335983571202,1,0,0,963
BTC,Cross_Crypto,2024-11-14,-0.0047154163599905,-0.005471728372784236,0.000756312012793736,5.720078606961122e-07,0.000756312012793736,0,0,1,964
BTC,Cross_Crypto,2024-11-15,0.0391825669497776,-0.0007398499900806085,0.03992241693985821,0.0015937993743198775,0.03992241693985821,1,0,0,965
BTC,Cross_Crypto,2024-11-18,0.024684266339162,0.0018341208935634123,0.022850145445598588,0.0005221291468850099,0.022850145445598588,1,1,1,966
BTC,Cross_Crypto,2024-11-19,0.0096352329629145,-0.0015190121159087064,0.011154245078823207,0.00012441718327845173,0.011154245078823207,1,0,0,967
BTC,Cross_Crypto,2024-11-20,0.0237712568669143,-0.002379046152127813,0.02615030301904211,0.0006838383479877229,0.02615030301904211,1,0,0,968
BTC,Cross_Crypto,2024-11-21,0.0376115194177816,-0.004866998034822795,0.04247851745260439,0.001804424444971216,0.04247851745260439,1,0,0,969
BTC,Cross_Crypto,2024-11-22,0.0133985507111739,-0.0008845058050494167,0.014283056516223316,0.00020400570344562935,0.014283056516223316,1,0,0,970
BTC,Cross_Crypto,2024-11-25,-0.0351052524155246,0.0030511948077075156,-0.03815644722323211,0.0014559144646992973,0.03815644722323211,0,1,0,971
BTC,Cross_Crypto,2024-11-26,-0.0220298261217315,0.009618805527695305,-0.0316486316494268,0.0010016358852810998,0.0316486316494268,0,1,0,972
BTC,Cross_Crypto,2024-11-27,0.0505653402066931,0.0008804799625506295,0.04968486024414247,0.0024685853374799686,0.04968486024414247,1,1,1,973
BTC,Cross_Crypto,2024-11-29,0.0241088135293977,0.0035341492644241877,0.02057466426497351,0.000423316809616378,0.02057466426497351,1,1,1,974
BTC,Cross_Crypto,2024-12-02,-0.0250118478189645,0.0008182141665239,-0.0258300619854884,0.0006671921021741729,0.0258300619854884,0,1,0,975
BTC,Cross_Crypto,2024-12-03,0.007007701440126,0.002553649950891825,0.0044540514892341745,1.9838574668749167e-05,0.0044540514892341745,1,1,1,976
BTC,Cross_Crypto,2024-12-04,0.0185085296466134,-0.0015924403835302012,0.020100970030143602,0.00040404899615273127,0.020100970030143602,1,0,0,977
BTC,Cross_Crypto,2024-12-05,0.0115056982495065,0.0024264813599653226,0.009079216889541178,8.243217932732979e-05,0.009079216889541178,1,1,1,978
BTC,Cross_Crypto,2024-12-06,0.0157227120041992,-0.0030211993088796255,0.018743911313078825,0.00035133421131256436,0.018743911313078825,1,0,0,979
BTC,Cross_Crypto,2024-12-09,-0.0321888807741713,0.0014977635150602887,-0.033686644289231585,0.001134790003469219,0.033686644289231585,0,1,0,980
BTC,Cross_Crypto,2024-12-10,9.285577956522566e-05,0.00018977256965113307,-9.69167900859074e-05,9.392864200555839e-09,9.69167900859074e-05,1,1,1,981
BTC,Cross_Crypto,2024-12-11,0.047409212283035,-0.00037697615687845923,0.04778618843991346,0.002283519805614919,0.04778618843991346,1,0,0,982
BTC,Cross_Crypto,2024-12-12,-0.0183550603844738,-0.003907472378462871,-0.014447588006010929,0.00020873279919143085,0.014447588006010929,0,0,1,983
BTC,Cross_Crypto,2024-12-13,0.0155025676938144,0.0018236022512651256,0.013678965442549275,0.00018711409557845728,0.013678965442549275,1,1,1,984
BTC,Cross_Crypto,2024-12-16,0.0310038162662734,-0.004994027690646732,0.03599784395692013,0.001295844769546771,0.03599784395692013,1,0,0,985
BTC,Cross_Crypto,2024-12-17,0.0031294981216156,-0.0017295905401203474,0.004859088661735947,2.3610742622610842e-05,0.004859088661735947,1,0,0,986
BTC,Cross_Crypto,2024-12-18,-0.0528161991436794,-0.0023969323755622524,-0.05041926676811715,0.0025421024614345625,0.05041926676811715,0,0,1,987
BTC,Cross_Crypto,2024-12-19,-0.0365464253131698,0.002114165711750958,-0.03866059102492076,0.0014946412983961837,0.03866059102492076,0,1,0,988
BTC,Cross_Crypto,2024-12-20,-0.0077934998517094,-0.00013713859613697504,-0.007656361255572425,5.8619867675830554e-05,0.007656361255572425,0,0,1,989
BTC,Cross_Crypto,2024-12-23,-0.013484828994282,0.010769625627693645,-0.024254454621975646,0.0005882785690094758,0.024254454621975646,0,1,0,990
BTC,Cross_Crypto,2024-12-24,0.0467192041009408,0.0009245586190688576,0.04579464548187194,0.002097149554810334,0.04579464548187194,1,1,1,991
BTC,Cross_Crypto,2024-12-26,-0.0282100631992715,0.0013234241540353575,-0.029533487353306857,0.000872226875247936,0.029533487353306857,0,1,0,992
BTC,Cross_Crypto,2024-12-27,-0.0137041118255646,0.0038469785983134674,-0.01755109042387807,0.0003080407750671445,0.01755109042387807,0,1,0,993
BTC,Cross_Crypto,2024-12-30,-0.0136461520104514,0.0017671119730399212,-0.015413263983491321,0.00023756870662479076,0.015413263983491321,0,1,0,994
BTC,Cross_Crypto,2024-12-31,0.019260736336352,0.0033717853590328264,0.015888950977319172,0.0002524587631596519,0.015888950977319172,1,1,1,995
BTC,Cross_Crypto,2025-01-02,0.0243478506551084,-0.0001832518771395994,0.024531102532247998,0.0006017749914476641,0.024531102532247998,1,0,0,996
BTC,Cross_Crypto,2025-01-03,0.0114588779155366,-0.0005081834297783645,0.011967061345314965,0.0001432105572425316,0.011967061345314965,1,0,0,997
BTC,Cross_Crypto,2025-01-06,0.034294918290502,0.00044338884176304064,0.033851529448738954,0.0011459260460188407,0.033851529448738954,1,1,1,998
BTC,Cross_Crypto,2025-01-07,-0.0515619639627889,-0.006118920469329499,-0.0454430434934594,0.002065070201948443,0.0454430434934594,0,0,1,999
BTC,Cross_Crypto,2025-01-08,-0.0217054649459641,0.003083443085515147,-0.024788908031479248,0.0006144899613931364,0.024788908031479248,0,1,0,1000
BTC,Cross_Crypto,2025-01-10,0.0268405366505112,0.0033630409889850547,0.023477495661526144,0.0005511928025369789,0.023477495661526144,1,1,1,1001
BTC,Cross_Crypto,2025-01-13,-0.0014932573036369,0.0004321555873211917,-0.0019254128909580916,3.707214800667596e-06,0.0019254128909580916,0,1,0,1002
BTC,Cross_Crypto,2025-01-14,0.0238123501863372,-0.004248256671805509,0.028060606858142708,0.0007873976572472456,0.028060606858142708,1,0,0,1003
BTC,Cross_Crypto,2025-01-15,0.0329512996409977,-0.0013608654148539075,0.03431216505585161,0.0011773246708200041,0.03431216505585161,1,0,0,1004
BTC,Cross_Crypto,2025-01-16,0.0046374050266276,0.0037012656842563482,0.0009361393423712519,8.7635686833528e-07,0.0009361393423712519,1,1,1,1005
BTC,Cross_Crypto,2025-01-17,0.0440108859529168,-0.0007039042599022681,0.04471479021281907,0.0019994124637764204,0.04471479021281907,1,0,0,1006
BTC,Cross_Crypto,2025-01-21,0.0405119895409116,0.003371142519820701,0.0371408470210909,0.0013794425174440766,0.0371408470210909,1,1,1,1007
BTC,Cross_Crypto,2025-01-22,-0.0257792403465053,-0.004893282686598546,-0.02088595765990675,0.0004362232273714175,0.02088595765990675,0,0,1,1008
BTC,Cross_Crypto,2025-01-23,-0.0091221659107764,0.0038774196803772667,-0.012999585591153667,0.00016898922554173005,0.012999585591153667,0,1,0,1009
BTC,Cross_Crypto,2025-01-24,0.019008011110073,0.0006865658317147891,0.01832144527835821,0.00033567535708787437,0.01832144527835821,1,1,1,1010
BTC,Cross_Crypto,2025-01-27,-0.0317501074037521,0.0017897496318446098,-0.03353985703559671,0.0011249220099682662,0.03353985703559671,0,1,0,1011
BTC,Cross_Crypto,2025-01-28,-0.0101553012784319,0.00364463036224486,-0.01379993164067676,0.00019043811328735155,0.01379993164067676,0,1,0,1012
BTC,Cross_Crypto,2025-01-29,0.0336958626867743,0.0016892458061791293,0.03200661688059517,0.0010244235241411996,0.03200661688059517,1,1,1,1013
BTC,Cross_Crypto,2025-01-30,0.0123053181381866,-0.0030654510433691315,0.015370769181555732,0.00023626054523266345,0.015370769181555732,1,0,0,1014
BTC,Cross_Crypto,2025-01-31,-0.0280149222402453,0.003796559549782792,-0.031811481790028094,0.001011970373677289,0.031811481790028094,0,1,0,1015
BTC,Cross_Crypto,2025-02-03,0.0494645179378851,0.0017022811924102326,0.04776223674547487,0.00228123125893079,0.04776223674547487,1,1,1,1016
BTC,Cross_Crypto,2025-02-04,-0.0541363377749822,-0.009102786994502031,-0.04503355078048017,0.0020280206958980863,0.04503355078048017,0,0,1,1017
BTC,Cross_Crypto,2025-02-05,0.0043953678693813,0.006950938125107475,-0.0025555702557261747,6.5309393319523455e-06,0.0025555702557261747,1,1,1,1018
BTC,Cross_Crypto,2025-02-06,-0.0011387973294262,0.0067216900193560955,-0.007860487348782296,6.178726136036652e-05,0.007860487348782296,0,1,0,1019
BTC,Cross_Crypto,2025-02-07,-0.0083212272161507,-0.0015640478881604834,-0.006757179327990217,4.565947247061832e-05,0.006757179327990217,0,0,1,1020
BTC,Cross_Crypto,2025-02-10,0.0217648540685725,0.0007631609958157117,0.02100169307275679,0.0004410711119222805,0.02100169307275679,1,1,1,1021
BTC,Cross_Crypto,2025-02-11,-0.0104816425259245,0.0014618595347699395,-0.011943502060694439,0.0001426472414738123,0.011943502060694439,0,1,0,1022
BTC,Cross_Crypto,2025-02-12,0.0132835840656931,0.0008248332614072939,0.012458750804285806,0.00015522047160329222,0.012458750804285806,1,1,1,1023
BTC,Cross_Crypto,2025-02-13,-0.0121124174169031,-0.001667019341550141,-0.010445398075352958,0.00010910634095258728,0.010445398075352958,0,0,1,1024
BTC,Cross_Crypto,2025-02-14,0.0102472092991818,0.0053135756734944296,0.00493363362568737,2.43407407525131e-05,0.00493363362568737,1,1,1,1025
BTC,Cross_Crypto,2025-02-18,-0.0146338633244338,0.0046504758928438295,-0.01928433921727763,0.00037188573904703204,0.01928433921727763,0,1,0,1026
BTC,Cross_Crypto,2025-02-19,0.0133685340094682,0.0007354405651388129,0.012633093444329387,0.00015959504997315813,0.012633093444329387,1,1,1,1027
BTC,Cross_Crypto,2025-02-20,0.0187101289605035,0.00042931898504153763,0.018280809975461963,0.0003341880133589496,0.018280809975461963,1,1,1,1028
BTC,Cross_Crypto,2025-02-21,-0.0287444079240082,-0.001514328513174401,-0.0272300794108338,0.0007414772247203148,0.0272300794108338,0,0,1,1029
BTC,Cross_Crypto,2025-02-24,-0.0186892403179827,0.005266606069040941,-0.023955846387023638,0.0005738825761186736,0.023955846387023638,0,1,0,1030
BTC,Cross_Crypto,2025-02-25,-0.0580263129041307,0.0004242364552988955,-0.058450549359429595,0.0034164667204191154,0.058450549359429595,0,1,0,1031
BTC,Cross_Crypto,2025-02-26,-0.0488280761126674,0.008098054560728814,-0.05692613067339622,0.0032405843534445817,0.05692613067339622,0,1,0,1032
BTC,Cross_Crypto,2025-02-27,-0.0018990307829248,0.0059602703114617975,-0.007859301094386598,6.176861369222639e-05,0.007859301094386598,0,1,0,1033
BTC,Cross_Crypto,2025-02-28,-0.0004948164225274,-0.0028794543271308884,0.0023846379046034883,5.6864979360717156e-06,0.0023846379046034883,0,0,1,1034
BTC,Cross_Crypto,2025-03-03,-0.100254070603198,-0.007019750277860344,-0.09323432032533766,0.00869263848652767,0.09323432032533766,0,0,1,1035
BTC,Cross_Crypto,2025-03-04,0.0257590777611691,0.008334900973324401,0.0174241767878447,0.000303601936734066,0.0174241767878447,1,1,1,1036
BTC,Cross_Crypto,2025-03-05,0.032497992859159,-0.0038142421730649537,0.03631223503222395,0.0013185784130354723,0.03631223503222395,1,0,0,1037
BTC,Cross_Crypto,2025-03-06,-0.01036120737552,-0.0047876297822504535,-0.005573577593269546,3.1064767188196346e-05,0.005573577593269546,0,0,1,1038
BTC,Cross_Crypto,2025-03-07,-0.0364357845918045,0.0005774395149556917,-0.037013224106760195,0.0013699787587772541,0.037013224106760195,0,1,0,1039
BTC,Cross_Crypto,2025-03-10,-0.0468585694418383,0.0019667254740666114,-0.04882529491590491,0.00238390942362509,0.04882529491590491,0,1,0,1040
BTC,Cross_Crypto,2025-03-11,0.0436611287188671,0.0024917699983280205,0.041169358720539076,0.001694916097460427,0.041169358720539076,1,1,1,1041
BTC,Cross_Crypto,2025-03-12,0.0039518479042258,-0.005669974807108805,0.009621822711334604,9.25794722883544e-05,0.009621822711334604,1,0,0,1042
BTC,Cross_Crypto,2025-03-13,-0.0341632166692765,-0.00010359394529566718,-0.03405962272398083,0.0011600579000999114,0.03405962272398083,0,0,1,1043
BTC,Cross_Crypto,2025-03-14,0.0465079604257573,0.008355086692266886,0.03815287373349041,0.0014556417741236624,0.03815287373349041,1,1,1,1044
BTC,Cross_Crypto,2025-03-17,0.0088516920896914,0.002328471326805928,0.0065232207628854715,4.255240912134011e-05,0.0065232207628854715,1,1,1,1045
BTC,Cross_Crypto,2025-03-18,-0.0236193175551059,0.001172617896867137,-0.024791935451973036,0.0006146400634547975,0.024791935451973036,0,1,0,1046
BTC,Cross_Crypto,2025-03-19,0.0401630030885304,0.006101101673757638,0.03406190141477276,0.0011602131279896987,0.03406190141477276,1,1,1,1047
BTC,Cross_Crypto,2025-03-20,-0.0101691605372057,-0.0009988532838738698,-0.00917030725333183,8.409453512051037e-05,0.00917030725333183,0,0,1,1048
BTC,Cross_Crypto,2025-03-21,-0.0039632612465665,0.0017496925647729443,-0.005712953811339444,3.2637841250497885e-05,0.005712953811339444,0,1,0,1049
BTC,Cross_Crypto,2025-03-24,0.0317134559402114,-0.0018261131618881252,0.03353956910209953,0.0011249026955545093,0.03353956910209953,1,0,0,1050
BTC,Cross_Crypto,2025-03-25,-1.1832145094028271e-05,-0.0034428404751747563,0.003431008330080728,1.1771818161083346e-05,0.003431008330080728,0,0,1,1051
BTC,Cross_Crypto,2025-03-26,-0.0070997846147414,0.0013098735741541162,-0.008409658188895516,7.072235085405741e-05,0.008409658188895516,0,1,0,1052
BTC,Cross_Crypto,2025-03-27,0.0003590352918473,-5.098403465251394e-05,0.00041001932649981397,1.6811584810336105e-07,0.00041001932649981397,1,0,0,1053
BTC,Cross_Crypto,2025-03-28,-0.0410479326671262,0.0019881530190708104,-0.043036085686197004,0.0018521046711896907,0.043036085686197004,0,1,0,1054
BTC,Cross_Crypto,2025-03-31,-0.0013344172603195,0.003677947628636307,-0.005012364888955807,2.5123801780036955e-05,0.005012364888955807,0,1,0,1055
BTC,Cross_Crypto,2025-04-01,0.0334243474576197,0.0034291606178811253,0.029995186839738574,0.0008997112335508261,0.029995186839738574,1,1,1,1056
BTC,Cross_Crypto,2025-04-02,0.0049874883978516,-0.0007964826988592008,0.0057839710967108006,3.345432164758594e-05,0.0057839710967108006,1,0,0,1057
BTC,Cross_Crypto,2025-04-03,-0.0396817181414436,-0.0017016375957790396,-0.037980080545664555,0.001442486518255167,0.037980080545664555,0,0,1,1058
BTC,Cross_Crypto,2025-04-04,0.0215738522061202,0.002483767094697383,0.019090085111422815,0.000364431349561367,0.019090085111422815,1,1,1,1059
BTC,Cross_Crypto,2025-04-07,0.0013789704720038,-0.0026394938246748646,0.0040184642966786645,1.6148055303681155e-05,0.0040184642966786645,1,0,0,1060
BTC,Cross_Crypto,2025-04-08,-0.0241040449453429,-0.005805397788320954,-0.018298647157021945,0.00033484048777718733,0.018298647157021945,0,0,1,1061
BTC,Cross_Crypto,2025-04-09,0.0769460604575016,-0.001813243043540129,0.07875930350104174,0.006203027887969206,0.07875930350104174,1,0,0,1062
BTC,Cross_Crypto,2025-04-10,-0.0407584547806337,-0.003393298347511578,-0.037365156433122125,0.0013961549152716878,0.037365156433122125,0,0,1,1063
BTC,Cross_Crypto,2025-04-11,0.0482805841545114,0.0055222077881166565,0.04275837636639474,0.0018282787494902644,0.04275837636639474,1,1,1,1064
BTC,Cross_Crypto,2025-04-14,0.0166109508647002,0.003883515305568467,0.012727435559131733,0.0001619876159118509,0.012727435559131733,1,1,1,1065
BTC,Cross_Crypto,2025-04-15,-0.010473584179802,-0.0004972900253174643,-0.009976294154484536,9.952644505680233e-05,0.009976294154484536,0,0,1,1066
BTC,Cross_Crypto,2025-04-16,0.0035794400320359,0.0021120646880242386,0.0014673753440116615,2.153190400213342e-06,0.0014673753440116615,1,1,1,1067
BTC,Cross_Crypto,2025-04-17,0.0099603224747875,0.005863730438388809,0.004096592036398691,1.6782066312685174e-05,0.004096592036398691,1,1,1,1068
BTC,Cross_Crypto,2025-04-21,0.0261126246620874,-0.0008142173194670421,0.026926841981554442,0.0007250548190996027,0.026926841981554442,1,0,0,1069
BTC,Cross_Crypto,2025-04-22,0.0428599762858817,-0.0003112134569043107,0.04317118974278601,0.0018637516238076321,0.04317118974278601,1,0,0,1070
BTC,Cross_Crypto,2025-04-23,0.0272972576076183,-0.0048848279569922125,0.03218208556461051,0.0010356866312879122,0.03218208556461051,1,0,0,1071
BTC,Cross_Crypto,2025-04-24,-0.0019972648436878,-0.007050300304790421,0.0050530354611026205,2.5533167371160572e-05,0.0050530354611026205,0,0,1,1072
BTC,Cross_Crypto,2025-04-25,0.0156153641176772,0.0027822356764321612,0.012833128441245038,0.0001646891855894923,0.012833128441245038,1,1,1,1073
BTC,Cross_Crypto,2025-04-28,0.0021485241046599,-0.001072551835133037,0.003221075939792937,1.0375330209912953e-05,0.003221075939792937,1,0,0,1074
BTC,Cross_Crypto,2025-04-29,0.0038472117449574,0.0031847675466563467,0.0006624441983010534,4.388323158627254e-07,0.0006624441983010534,1,1,1,1075
BTC,Cross_Crypto,2025-04-30,-0.0031135242408036,0.000885360395644557,-0.0039988846364481575,1.599107833562111e-05,0.0039988846364481575,0,1,0,1076
BTC,Cross_Crypto,2025-05-01,0.0198420186315202,0.0008021460267440134,0.019039872604776187,0.00036251674880610676,0.019039872604776187,1,1,1,1077
BTC,Cross_Crypto,2025-05-02,0.0060511014338158,-0.006650431528317964,0.012701532962133763,0.00016132893958817048,0.012701532962133763,1,0,0,1078
BTC,Cross_Crypto,2025-05-05,-0.0155289863555654,0.0020843364052327354,-0.017613322760798134,0.00031022913867604957,0.017613322760798134,0,1,0,1079
BTC,Cross_Crypto,2025-05-06,0.0048038851919429,0.0065183362306937,-0.0017144510387508,2.939342364273697e-06,0.0017144510387508,1,1,1,1080
BTC,Cross_Crypto,2025-05-07,0.0215259339964888,0.004642616006277436,0.016883317990211363,0.00028504642635859465,0.016883317990211363,1,1,1,1081
BTC,Cross_Crypto,2025-05-08,0.0588239835142323,-0.004118180858149446,0.06294216437238175,0.003961716055879922,0.06294216437238175,1,0,0,1082
BTC,Cross_Crypto,2025-05-09,0.0054185401146028,-0.003276455686079576,0.008694995800682375,7.560295197388413e-05,0.008694995800682375,1,0,0,1083
BTC,Cross_Crypto,2025-05-12,-0.0156156005146612,0.0010277454919461262,-0.016643346006607326,0.000277000966295652,0.016643346006607326,0,1,0,1084
BTC,Cross_Crypto,2025-05-13,0.0185869771582879,-0.004812969367254106,0.023399946525542007,0.0005475574973982254,0.023399946525542007,1,0,0,1085
BTC,Cross_Crypto,2025-05-14,-0.0099666341026323,0.0026611598214738227,-0.012627793924106123,0.00015946117938969153,0.012627793924106123,0,1,0,1086
BTC,Cross_Crypto,2025-05-15,-0.0010703344995713,-0.00234163403994141,0.00127129954037011,1.616202521345253e-06,0.00127129954037011,0,0,1,1087
BTC,Cross_Crypto,2025-05-16,0.0026741732507388,0.0019312573720560236,0.0007429158786827765,5.519240027990019e-07,0.0007429158786827765,1,1,1,1088
BTC,Cross_Crypto,2025-05-19,0.0129055019111035,-0.004370431783659701,0.0172759336947632,0.00029845788502585443,0.0172759336947632,1,0,0,1089
BTC,Cross_Crypto,2025-05-20,0.0139275269959149,0.0030640672149881663,0.010863459780926734,0.00011801475841181272,0.010863459780926734,1,1,1,1090
BTC,Cross_Crypto,2025-05-21,0.0123903533062665,0.00014881111166965486,0.012241542194596845,0.00014985535530209494,0.012241542194596845,1,1,1,1091
BTC,Cross_Crypto,2025-05-22,0.0254462676996692,-0.0013810299539282478,0.026827297653597447,0.0007197038993947151,0.026827297653597447,1,0,0,1092
BTC,Cross_Crypto,2025-05-23,-0.02564739070563,-0.0008484784369520992,-0.024798912268677902,0.0006149860497095833,0.024798912268677902,0,0,1,1093
BTC,Cross_Crypto,2025-05-27,0.0002335558663017,0.0019358342049629919,-0.001702278338661292,2.897751542275448e-06,0.001702278338661292,1,1,1,1094
BTC,Cross_Crypto,2025-05-28,-0.0211498084387841,0.0008857233621446421,-0.02203553180092874,0.0004855646617497418,0.02203553180092874,0,1,0,1095
BTC,Cross_Crypto,2025-05-29,-0.0108202515755225,0.003286397462857254,-0.014106649038379755,0.00019899754709202047,0.014106649038379755,0,1,0,1096
BTC,Cross_Crypto,2025-05-30,-0.015275056274065,0.004403849588918169,-0.019678905862983168,0.0003872593359641533,0.019678905862983168,0,1,0,1097
BTC,Cross_Crypto,2025-06-02,-0.0008100664363026,-0.0006456389755275273,-0.0001644274607750727,2.703638985693807e-08,0.0001644274607750727,0,0,1,1098
BTC,Cross_Crypto,2025-06-03,0.0083618617046837,0.003997405388451239,0.004364456316232461,1.9048478936301426e-05,0.004364456316232461,1,1,1,1099
BTC,Cross_Crypto,2025-06-04,-0.0110289095887289,-7.039361274945727e-05,-0.010958515975979443,0.0001200890723957967,0.010958515975979443,0,0,1,1100
BTC,Cross_Crypto,2025-06-05,-0.0402910329262461,0.004754438744154474,-0.04504547167040057,0.0020290945180088606,0.04504547167040057,0,1,0,1101
BTC,Cross_Crypto,2025-06-06,0.0396039969436387,0.0018003352236557989,0.037803661719982895,0.0014291168394389001,0.037803661719982895,1,1,1,1102
BTC,Cross_Crypto,2025-06-09,0.0238518476312784,-0.0022862333652426403,0.02613808099652104,0.0006831992781806943,0.02613808099652104,1,0,0,1103
BTC,Cross_Crypto,2025-06-10,0.0108796967262069,-0.0015124476343314763,0.012392144360538376,0.00015356524185242308,0.012392144360538376,1,0,0,1104
BTC,Cross_Crypto,2025-06-11,-0.0097412360535717,0.002397886420535244,-0.012139122474106943,0.00014735829444136828,0.012139122474106943,0,1,0,1105
BTC,Cross_Crypto,2025-06-12,-0.0268425098983705,0.004353481903302335,-0.031195991801672835,0.0009731899044900387,0.031195991801672835,0,1,0,1106
BTC,Cross_Crypto,2025-06-13,-0.0051403750235719,0.00480648462942861,-0.00994685965300051,9.894001695648943e-05,0.00994685965300051,0,1,0,1107
BTC,Cross_Crypto,2025-06-16,0.0379782439223428,0.00316955658015608,0.03480868734218672,0.00121164471448611,0.03480868734218672,1,1,1,1108
BTC,Cross_Crypto,2025-06-17,-0.0414315990714765,-0.004593279202404762,-0.03683831986907174,0.0013570618107760456,0.03683831986907174,0,0,1,1109
BTC,Cross_Crypto,2025-06-18,0.0041467841042586,0.005330008616900611,-0.0011832245126420114,1.4000202473169254e-06,0.0011832245126420114,1,1,1,1110
BTC,Cross_Crypto,2025-06-20,-0.0056005658874379,0.0020159299898299086,-0.007616495877267809,5.801100944843753e-05,0.007616495877267809,0,1,0,1111
BTC,Cross_Crypto,2025-06-23,0.0416404482657517,0.0008216685620813131,0.040818779703670385,0.0016661727764967734,0.040818779703670385,1,1,1,1112
BTC,Cross_Crypto,2025-06-24,0.0223799109903281,-0.002465002681197228,0.024844913671525328,0.0006172697353455461,0.024844913671525328,1,0,0,1113
BTC,Cross_Crypto,2025-06-25,0.01587950516398,-0.0033395877657811275,0.019219092929761126,0.0003693735330427941,0.019219092929761126,1,0,0,1114
BTC,Cross_Crypto,2025-06-26,-0.0003716982264991,-0.0016786625820879447,0.0013069643555888447,1.708155826779764e-06,0.0013069643555888447,0,0,1,1115
BTC,Cross_Crypto,2025-06-27,-0.0062143241938174,0.0015740337274558272,-0.007788357921273227,6.065851910985942e-05,0.007788357921273227,0,1,0,1116
BTC,Cross_Crypto,2025-06-30,0.0018296689189536,-0.002148435374123951,0.0039781042930775515,1.5825313766602044e-05,0.0039781042930775515,1,0,0,1117
BTC,Cross_Crypto,2025-07-01,-0.0154826585897182,0.0036253594071047647,-0.019108017996822962,0.0003651163517669102,0.019108017996822962,0,1,0,1118
BTC,Cross_Crypto,2025-07-02,0.0303375019980944,0.003219688848766871,0.02711781314932753,0.0007353757900018411,0.02711781314932753,1,1,1,1119
BTC,Cross_Crypto,2025-07-03,0.0069497178712688,-0.000802262045006271,0.007751979916275071,6.009319262233206e-05,0.007751979916275071,1,0,0,1120
BTC,Cross_Crypto,2025-07-07,-0.0076815608287019,0.00038324739689737583,-0.008064808225599275,6.504113171569373e-05,0.008064808225599275,0,1,0,1121
BTC,Cross_Crypto,2025-07-08,0.0073361345369471,0.0017238344596924964,0.0056123000772546035,3.149791215715203e-05,0.0056123000772546035,1,1,1,1122
BTC,Cross_Crypto,2025-07-09,0.0187821967763229,-0.0001850599127384417,0.01896725668906134,0.00035975682630874216,0.01896725668906134,1,0,0,1123
BTC,Cross_Crypto,2025-07-10,0.0250346896251513,0.001081143753425256,0.023953545871726045,0.0005737723598288839,0.023953545871726045,1,1,1,1124
BTC,Cross_Crypto,2025-07-11,0.035825129277389,-0.0022309646390883398,0.03805609391647734,0.0014482662841797435,0.03805609391647734,1,0,0,1125
BTC,Cross_Crypto,2025-07-14,0.0091468362805552,0.0004048219510310244,0.008742014329524176,7.642281453760603e-05,0.008742014329524176,1,1,1,1126
BTC,Cross_Crypto,2025-07-15,-0.0316296356767493,-0.001125375060633647,-0.03050426061611565,0.0009305099157359044,0.03050426061611565,0,0,1,1127
BTC,Cross_Crypto,2025-07-16,0.0292863118854258,0.005257492193639123,0.024028819691786676,0.0005773841757803951,0.024028819691786676,1,1,1,1128
BTC,Cross_Crypto,2025-07-17,-0.0038214198370703,0.002965030414932082,-0.006786450252002382,4.6055907022903195e-05,0.006786450252002382,0,1,0,1129
BTC,Cross_Crypto,2025-07-18,-0.0167965559570949,0.0011948111467861757,-0.01799136710388108,0.00032368929026661424,0.01799136710388108,0,1,0,1130
BTC,Cross_Crypto,2025-07-21,-0.0096277217540046,0.003992590315355775,-0.013620312069360376,0.00018551290086676393,0.013620312069360376,0,1,0,1131
BTC,Cross_Crypto,2025-07-22,0.0234579986151611,0.005316159048659865,0.018141839566501235,0.0003291263428566697,0.018141839566501235,1,1,1,1132
BTC,Cross_Crypto,2025-07-23,-0.0149823279857618,-0.0023405716646537414,-0.012641756321108059,0.00015981400288227557,0.012641756321108059,0,0,1,1133
BTC,Cross_Crypto,2025-07-24,0.0065785015217769,-0.0013958175335486642,0.007974319055325564,6.35897643961284e-05,0.007974319055325564,1,0,0,1134
BTC,Cross_Crypto,2025-07-25,-0.0139685574206617,0.0009233083732333655,-0.014891865793895065,0.0002217676668233819,0.014891865793895065,0,1,0,1135
BTC,Cross_Crypto,2025-07-28,-0.0063514812381396,-0.0005937359192473637,-0.005757745318892236,3.315163115722546e-05,0.005757745318892236,0,0,1,1136
BTC,Cross_Crypto,2025-07-29,-0.0052862858916685,-4.2647638222027134e-05,-0.005243638253446473,2.7495742133007178e-05,0.005243638253446473,0,0,1,1137
BTC,Cross_Crypto,2025-07-30,-0.0024283896908552,0.0027651436293502085,-0.005193533320205408,2.6972788348083813e-05,0.005193533320205408,0,1,0,1138
BTC,Cross_Crypto,2025-07-31,-0.0054670400732005,-0.00048742954518175147,-0.004979610528018748,2.4796521010755156e-05,0.004979610528018748,0,0,1,1139
BTC,Cross_Crypto,2025-08-01,-0.0226562408043459,0.0013038295755376551,-0.023960070379883555,0.0005740849726089733,0.023960070379883555,0,1,0,1140
BTC,Cross_Crypto,2025-08-04,0.0035308644687604,0.004142905148020494,-0.0006120406792600938,3.7459379306915703e-07,0.0006120406792600938,1,1,1,1141
BTC,Cross_Crypto,2025-08-05,-0.0105267881757121,0.0042461440314148745,-0.014772932207126974,0.00021823952599636946,0.014772932207126974,0,1,0,1142
BTC,Cross_Crypto,2025-08-06,0.0127947917857058,0.0011684796951260505,0.01162631209057975,0.0001351711328275609,0.01162631209057975,1,1,1,1143
BTC,Cross_Crypto,2025-08-07,0.0182829175596594,-0.00023135267362867085,0.018514270233288072,0.0003427782022712168,0.018514270233288072,1,0,0,1144
BTC,Cross_Crypto,2025-08-08,-0.0030020843907562,0.0010687045047596648,-0.004070788895515865,1.6571322231855278e-05,0.004070788895515865,0,1,0,1145
BTC,Cross_Crypto,2025-08-11,0.0041262019731332,-0.0017224506969027407,0.005848652670035941,3.420673805471854e-05,0.005848652670035941,1,0,0,1146
BTC,Cross_Crypto,2025-08-12,0.0109588801540587,-0.003285017468406721,0.014243897622465421,0.0002028886194792761,0.014243897622465421,1,0,0,1147
BTC,Cross_Crypto,2025-08-13,0.0226457693243965,0.002583709544526965,0.020062059779869534,0.0004024862426110588,0.020062059779869534,1,1,1,1148
BTC,Cross_Crypto,2025-08-14,-0.0414110409253692,-0.0013850688612327758,-0.040025972064136425,0.0016020784396790296,0.040025972064136425,0,0,1,1149
BTC,Cross_Crypto,2025-08-15,-0.0047878356172207,0.003925582782144294,-0.008713418399364993,7.59236602023924e-05,0.008713418399364993,0,1,0,1150
BTC,Cross_Crypto,2025-08-18,-0.0106411956555805,0.0013753791440453689,-0.01201657479962587,0.0001443980699150035,0.01201657479962587,0,1,0,1151
BTC,Cross_Crypto,2025-08-19,-0.0251661332916949,0.00038638109661815606,-0.025552514388313057,0.0006529309915649458,0.025552514388313057,0,1,0,1152
BTC,Cross_Crypto,2025-08-20,0.0073322869121233,0.0024167184698800463,0.004915568442243254,2.416281311037777e-05,0.004915568442243254,1,1,1,1153
BTC,Cross_Crypto,2025-08-21,-0.0174781289922836,0.0033222422425998217,-0.020800371234883423,0.00043265544350896577,0.020800371234883423,0,1,0,1154
BTC,Cross_Crypto,2025-08-22,0.0398852492041319,0.0016428817970224642,0.03824236740710944,0.0014624786649003465,0.03824236740710944,1,1,1,1155
BTC,Cross_Crypto,2025-08-25,-0.02776708289201,0.0065127784064691885,-0.03427986129847919,0.0011751088906429713,0.03427986129847919,0,1,0,1156
BTC,Cross_Crypto,2025-08-26,0.0155612444287711,-0.00016016915586068367,0.015721413584631784,0.0002471628450990448,0.015721413584631784,1,0,0,1157
BTC,Cross_Crypto,2025-08-27,0.0093628495962423,0.0011745839534400525,0.008188265642802247,6.70476942370957e-05,0.008188265642802247,1,1,1,1158
BTC,Cross_Crypto,2025-08-28,-0.0041521297080581,-0.00022800526726539372,-0.003924124440792706,1.539875262682667e-05,0.003924124440792706,0,0,1,1159
BTC,Cross_Crypto,2025-08-29,-0.0378056402747722,0.0008878183237901877,-0.03869345859856239,0.0014971837383186614,0.03869345859856239,0,1,0,1160
BTC,Cross_Crypto,2025-09-02,0.0231759195427326,0.0005617486459243669,0.022614170896808235,0.0005114007253500485,0.022614170896808235,1,1,1,1161
BTC,Cross_Crypto,2025-09-03,0.007593523430252,-0.0005621577799200771,0.008155681210172077,6.651513600195388e-05,0.008155681210172077,1,0,0,1162
BTC,Cross_Crypto,2025-09-04,-0.0166477058203542,0.0031004210898398672,-0.019748126910194067,0.0003899885164611311,0.019748126910194067,0,1,0,1163
BTC,Cross_Crypto,2025-09-05,0.0112163961830805,0.0004915879554117479,0.010724808227668753,0.00011502151152027137,0.010724808227668753,1,1,1,1164
BTC,Cross_Crypto,2025-09-08,0.0056887305348703,0.0022959930164311824,0.003392737518439118,1.1510667869024424e-05,0.003392737518439118,1,1,1,1165
BTC,Cross_Crypto,2025-09-09,-0.0043624192418514,0.0012136272655814372,-0.005576046507432837,3.109229465305394e-05,0.005576046507432837,0,1,0,1166
BTC,Cross_Crypto,2025-09-10,0.0188760116566982,0.0014707495514176203,0.01740526210528058,0.0003029431489535162,0.01740526210528058,1,1,1,1167
BTC,Cross_Crypto,2025-09-11,0.0070273607405556,-0.0019900179121468617,0.009017378652702461,8.131311776621406e-05,0.009017378652702461,1,0,0,1168
BTC,Cross_Crypto,2025-09-12,0.015689928153922,0.00036184324599001366,0.015328084907931985,0.0002349501869447723,0.015328084907931985,1,1,1,1169
BTC,Cross_Crypto,2025-09-15,-0.0038201676241366,0.0008954552467959551,-0.004715622870932554,2.2237099060862185e-05,0.004715622870932554,0,1,0,1170
BTC,Cross_Crypto,2025-09-16,0.012897080812772,0.001356451613187929,0.011540629199584072,0.0001331861223222925,0.011540629199584072,1,1,1,1171
BTC,Cross_Crypto,2025-09-17,-0.0108647567851954,-0.001039341979451231,-0.009825414805744169,9.653877610493672e-05,0.009825414805744169,0,0,1,1172
BTC,Cross_Crypto,2025-09-18,0.0166929519042229,0.002160834410544231,0.014532117493678668,0.00021118243885008157,0.014532117493678668,1,1,1,1173
BTC,Cross_Crypto,2025-09-19,-0.0186742864156792,-0.0028393429747903265,-0.015834943440888875,0.0002507454337761496,0.015834943440888875,0,0,1,1174
BTC,Cross_Crypto,2025-09-22,-0.0225206528402166,0.0025740388415748314,-0.02509469168179143,0.0006297435506041721,0.02509469168179143,0,1,0,1175
BTC,Cross_Crypto,2025-09-23,-0.0073357729407807,0.003069590075970779,-0.01040536301675148,0.00010827157951037946,0.01040536301675148,0,1,0,1176
BTC,Cross_Crypto,2025-09-24,0.0138934106339556,0.0039619731330139615,0.009931437500941638,9.86334508351099e-05,0.009931437500941638,1,1,1,1177
BTC,Cross_Crypto,2025-09-25,-0.0393282822798456,-0.0036866335808561287,-0.03564164869898947,0.0012703271219821777,0.03564164869898947,0,0,1,1178
BTC,Cross_Crypto,2025-09-26,0.0015094902458425,0.0036994094087605123,-0.0021899191629180122,4.7957459401155275e-06,0.0021899191629180122,1,1,1,1179
BTC,Cross_Crypto,2025-09-29,0.0307312505198707,0.0003307200622314696,0.03040053045763923,0.0009241922521058505,0.03040053045763923,1,1,1,1180
BTC,Cross_Crypto,2025-09-30,0.0024820015753068,-0.0003774120783783773,0.0028594136536851775,8.176246442881216e-06,0.0028594136536851775,1,0,0,1181
BTC,Cross_Crypto,2025-10-01,0.0254016005298061,0.00025117542634373047,0.02515042510346237,0.0006325438828848702,0.02515042510346237,1,1,1,1182
BTC,Cross_Crypto,2025-10-02,0.0262898622865122,-0.0009144028774444278,0.027204265163956628,0.0007400720431108641,0.027204265163956628,1,0,0,1183
BTC,Cross_Crypto,2025-10-03,0.0149945258714193,-0.002858751650607741,0.01785327752202704,0.000318739518278516,0.01785327752202704,1,0,0,1184
BTC,Cross_Crypto,2025-10-06,0.0199538786450737,0.0009609694954506517,0.01899290914962305,0.0003607305979658349,0.01899290914962305,1,1,1,1185
BTC,Cross_Crypto,2025-10-07,-0.0261462439945661,0.0012716560537372537,-0.027417900048303353,0.000751741243058753,0.027417900048303353,0,1,0,1186
BTC,Cross_Crypto,2025-10-08,0.0074892442519367,0.004462194660849038,0.003027049591087662,9.163029226903982e-06,0.003027049591087662,1,1,1,1187
BTC,Cross_Crypto,2025-10-09,-0.0144294946717316,0.001220675716687554,-0.015650170388419156,0.0002449278331865518,0.015650170388419156,0,1,0,1188
BTC,Cross_Crypto,2025-10-10,-0.0576142028001618,-0.002202440692028077,-0.05541176210813373,0.0030704633799284045,0.05541176210813373,0,0,1,1189
BTC,Cross_Crypto,2025-10-14,-0.0239259949548147,0.005709768886252766,-0.029635763841067465,0.0008782784984435218,0.029635763841067465,0,1,0,1190
BTC,Cross_Crypto,2025-10-15,-0.0166044090832243,0.0036331120854530934,-0.020237521168677393,0.0004095572630526656,0.020237521168677393,0,1,0,1191
BTC,Cross_Crypto,2025-10-16,-0.0305539851750346,0.002036082354835912,-0.03259006752987051,0.0010621125016015201,0.03259006752987051,0,1,0,1192
BTC,Cross_Crypto,2025-10-17,-0.0071531705525628,0.008335538326301042,-0.015488708878863841,0.00023990010273419558,0.015488708878863841,0,1,0,1193
BTC,Cross_Crypto,2025-10-20,0.0194857178327793,-0.0042048239794649535,0.023690541812244253,0.0005612417713576932,0.023690541812244253,1,0,0,1194
BTC,Cross_Crypto,2025-10-21,-0.0014871801435665,0.0004928877513507429,-0.001980067894917243,3.920668868482002e-06,0.001980067894917243,0,1,0,1195
BTC,Cross_Crypto,2025-10-22,-0.0296534477167407,-0.007392147902250883,-0.022261299814489818,0.0004955654694306044,0.022261299814489818,0,0,1,1196
BTC,Cross_Crypto,2025-10-23,0.0176424962097979,0.0016174600577284412,0.016025036152069457,0.00025680178367513306,0.016025036152069457,1,1,1,1197
BTC,Cross_Crypto,2025-10-24,0.0116390924671684,4.771365884950057e-05,0.011591378808318899,0.00013436006267794447,0.011591378808318899,1,1,1,1198
BTC,Cross_Crypto,2025-10-27,0.0099262055285698,-0.0013303309735837356,0.011256536502153535,0.00012670961402431495,0.011256536502153535,1,0,0,1199
BTC,Cross_Crypto,2025-10-28,-0.0147685271155038,-0.004707091288469436,-0.010061435827034363,0.00010123249090153067,0.010061435827034363,0,0,1,1200
BTC,Cross_Crypto,2025-10-29,-0.012181696800713,-0.00028346231926447765,-0.011898234481448522,0.0001415679837755306,0.011898234481448522,0,0,1,1201
BTC,Cross_Crypto,2025-10-30,-0.0360429342047102,0.001726903813052759,-0.03776983801776296,0.001426560663888052,0.03776983801776296,0,1,0,1202
BTC,Cross_Crypto,2025-10-31,0.0176601380811174,0.004381510841973964,0.013278627239143435,0.00017632194135612202,0.013278627239143435,1,1,1,1203
BTC,Cross_Crypto,2025-11-03,-0.0291502668727765,0.0003812698638147906,-0.029531536736591292,0.000872111662024641,0.029531536736591292,0,1,0,1204
BTC,Cross_Crypto,2025-11-04,-0.0633740452071202,0.0015553547998427876,-0.06492940000696298,0.004215826985264205,0.06492940000696298,0,1,0,1205
BTC,Cross_Crypto,2025-11-05,0.0329853455650725,0.002886672046726227,0.030098673518346275,0.0009059301475639993,0.030098673518346275,1,1,1,1206
BTC,Cross_Crypto,2025-11-06,-0.0252048543811298,-0.0016257186636315021,-0.023579135717498298,0.0005559756411842039,0.023579135717498298,0,0,1,1207
BTC,Cross_Crypto,2025-11-07,0.0267502900025979,0.004193124431566483,0.022557165571031417,0.0005088257185989251,0.022557165571031417,1,1,1,1208
BTC,Cross_Crypto,2025-11-10,0.0105043321621615,-5.207094572182158e-05,0.010556403107883321,0.00011143764657612864,0.010556403107883321,1,0,0,1209
BTC,Cross_Crypto,2025-11-12,-0.007572923304809,0.0026836247886428133,-0.010256548093451813,0.00010519677879329002,0.010256548093451813,0,1,0,1210
BTC,Cross_Crypto,2025-11-13,-0.0306206357366333,0.004878092584546599,-0.035498728321179895,0.0012601597124209396,0.035498728321179895,0,1,0,1211
BTC,Cross_Crypto,2025-11-14,-0.0391503354714297,0.0013691065680250768,-0.040519442039454776,0.001641825183188735,0.040519442039454776,0,1,0,1212
BTC,Cross_Crypto,2025-11-17,-0.0176441309297601,-0.0016064189552913999,-0.0160377119744687,0.00025720820537601674,0.0160377119744687,0,0,1,1213
BTC,Cross_Crypto,2025-11-18,0.0071132451859113,0.0011658452104192016,0.0059473999754920985,3.537156646848341e-05,0.0059473999754920985,1,1,1,1214
BTC,Cross_Crypto,2025-11-19,-0.0210577376178096,0.0002201612527677338,-0.021277898870577332,0.0004527489803465161,0.021277898870577332,0,1,0,1215
BTC,Cross_Crypto,2025-11-20,-0.0372978608455766,0.0010420192606027043,-0.0383398801061793,0.0014699464065562034,0.0383398801061793,0,1,0,1216
BTC,Cross_Crypto,2025-11-21,-0.0238467080382645,0.004236160814994963,-0.028082868853259463,0.0007886475230293705,0.028082868853259463,0,1,0,1217
BTC,Cross_Crypto,2025-11-24,0.0090451901082058,-0.004969693366744049,0.014014883474949849,0.00019641695881642235,0.014014883474949849,1,0,0,1218
BTC,Cross_Crypto,2025-11-25,-0.02011788325946,9.025274402022637e-05,-0.020208136003480228,0.00040836876073515384,0.020208136003480228,0,1,0,1219
BTC,Cross_Crypto,2025-11-26,0.0356818949837344,0.004094903392079338,0.03158699159165506,0.0009977380378112875,0.03158699159165506,1,1,1,1220
BTC,Cross_Crypto,2025-11-28,-0.0051948271339137,-0.0017253664748756448,-0.0034694606590380556,1.2037157264612779e-05,0.0034694606590380556,0,0,1,1221
BTC,Cross_Crypto,2025-12-01,-0.0531350664648002,0.002021682686851649,-0.05515674915165185,0.003042266976978247,0.05515674915165185,0,1,0,1222
BTC,Cross_Crypto,2025-12-02,0.0579729924579246,0.004148447169369601,0.053824545288555,0.0028970816755197084,0.053824545288555,1,1,1,1223
BTC,Cross_Crypto,2025-12-03,0.0228403976892387,-0.00817766056876789,0.03101805825800659,0.0009621199380970908,0.03101805825800659,1,0,0,1224
BTC,Cross_Crypto,2025-12-04,-0.0168738629983313,-0.0003524439119060793,-0.01652141908642522,0.00027295728862929554,0.01652141908642522,0,0,1,1225
BTC,Cross_Crypto,2025-12-05,-0.0330165845957834,0.0017838317188783245,-0.03480041631466173,0.0012110689756737742,0.03480041631466173,0,1,0,1226
BTC,Cross_Crypto,2025-12-08,0.0123930461845403,-0.0007981147667671107,0.01319116095130741,0.00017400672724329742,0.01319116095130741,1,0,0,1227
BTC,Cross_Crypto,2025-12-09,0.0145314140683793,-0.0018754150869696312,0.016406829155348933,0.00026918404293280776,0.016406829155348933,1,0,0,1228
BTC,Cross_Crypto,2025-12-10,-0.0030149598901376,0.0003417406106229412,-0.0033567005007605413,1.1267438251806069e-05,0.0033567005007605413,0,1,0,1229
BTC,Cross_Crypto,2025-12-11,0.0054002300906678,0.0011725120656530946,0.004227718025014706,1.7873599699034243e-05,0.004227718025014706,1,1,1,1230
BTC,Cross_Crypto,2025-12-12,-0.0293986779264238,-6.054019471962019e-05,-0.02933813773170418,0.0008607263255644445,0.02933813773170418,0,0,1,1231
BTC,Cross_Crypto,2025-12-15,-0.0255916762648211,0.003551247744379843,-0.029142924009200943,0.0008493100198060608,0.029142924009200943,0,1,0,1232
BTC,Cross_Crypto,2025-12-16,0.0178996453156278,0.0026320064186246203,0.01526763889700318,0.0002331007974892845,0.01526763889700318,1,1,1,1233
BTC,Cross_Crypto,2025-12-17,-0.0207609646560426,-0.0019337403333583927,-0.018827224322684206,0.00035446437569667177,0.018827224322684206,0,0,1,1234
BTC,Cross_Crypto,2025-12-18,-0.0044331347813775,0.00293055335560706,-0.00736368813698456,5.422390297876714e-05,0.00736368813698456,0,1,0,1235
BTC,Cross_Crypto,2025-12-19,0.0253697349033878,0.000692060881007546,0.024677674022380254,0.0006089875951548612,0.024677674022380254,1,1,1,1236
BTC,Cross_Crypto,2025-12-22,0.0010552617757264,0.001098112299999697,-4.285052427329696e-05,1.836167430496412e-09,4.285052427329696e-05,1,1,1,1237
BTC,Cross_Crypto,2025-12-23,-0.0066415618703312,0.002452333585450682,-0.009093895455781882,8.269893456069036e-05,0.009093895455781882,0,1,0,1238
BTC,Cross_Crypto,2025-12-24,-0.0002490387408431,0.002051500757168513,-0.002300539498011613,5.2924819819115255e-06,0.002300539498011613,0,1,0,1239
BTC,Cross_Crypto,2025-12-26,-0.004811213680116,0.0012365748344712532,-0.006047788514587253,3.6575745917173495e-05,0.006047788514587253,0,1,0,1240
BTC,Cross_Crypto,2025-12-29,-0.0034935276376092,0.0034055181153119854,-0.006899045752921185,4.759683230089984e-05,0.006899045752921185,0,1,0,1241
BTC,Cross_Crypto,2025-12-30,0.0109846166391908,-0.0034982934225656973,0.014482910061756497,0.00020975468385692759,0.014482910061756497,1,0,0,1242
BTC,Cross_Crypto,2025-12-31,-0.0058062780569171,0.00014426930283600176,-0.005950547359753102,3.540901388066461e-05,0.005950547359753102,0,1,0,1243
ETH,Baseline,2024-01-02,0.0125389495095303,-0.0025803995068775323,0.015119349016407832,0.0002285947146799525,0.015119349016407832,1,0,0,746
ETH,Baseline,2024-01-03,-0.0608662083679716,-0.0013142504138270302,-0.05955195795414457,0.003546435696172203,0.05955195795414457,0,0,1,747
ETH,Baseline,2024-01-04,0.021428360404804,0.0059401686210273094,0.015488191783776691,0.0002398840847310478,0.015488191783776691,1,1,1,748
ETH,Baseline,2024-01-05,-0.0123791315114931,-0.003663817057349246,-0.008715314454143853,7.595670603460876e-05,0.008715314454143853,0,0,1,749
ETH,Baseline,2024-01-08,0.042860740297264,-0.0012633465536239653,0.044124086850887964,0.001946935040424704,0.044124086850887964,1,0,0,750
ETH,Baseline,2024-01-09,-0.009103463761962,-0.0034022507263353676,-0.005701213035626632,3.2503830077599034e-05,0.005701213035626632,0,0,1,751
ETH,Baseline,2024-01-10,0.0868154442999705,0.0022506807251641576,0.08456476357480634,0.007151199238462894,0.08456476357480634,1,1,1,752
ETH,Baseline,2024-01-11,0.0293654497086816,-0.006903495886965016,0.03626894559564662,0.0013154364146199743,0.03626894559564662,1,0,0,753
ETH,Baseline,2024-01-12,-0.0310160429312558,0.0016427654592853515,-0.03265880839054115,0.0010665977654900811,0.03265880839054115,0,1,0,754
ETH,Baseline,2024-01-16,0.0326778382677836,0.0009830935415502068,0.0316947447262334,0.0010045568432610998,0.0316947447262334,1,1,1,755
ETH,Baseline,2024-01-17,-0.0313496983601835,-0.0047446666265606105,-0.026605031733622893,0.0007078277135470812,0.026605031733622893,0,0,1,756
ETH,Baseline,2024-01-18,-0.0281663490167934,0.00019498556807303735,-0.02836133458486644,0.0008043652994347411,0.02836133458486644,0,1,0,757
ETH,Baseline,2024-01-19,0.0133181477508721,0.0012629212972634285,0.01205522645360867,0.00014532848484778628,0.01205522645360867,1,1,1,758
ETH,Baseline,2024-01-22,-0.0614152350583283,-0.001420186381163229,-0.05999504867716507,0.003599405865775406,0.05999504867716507,0,0,1,759
ETH,Baseline,2024-01-23,-0.0545607931933054,0.005761213015711565,-0.06032200620901697,0.0036387444330806817,0.06032200620901697,0,1,0,760
ETH,Baseline,2024-01-24,0.0066552219565532,0.004260985272479933,0.002394236684073267,5.732369299362152e-06,0.002394236684073267,1,1,1,761
ETH,Baseline,2024-01-25,0.0009020590107201,-0.003995171482873263,0.004897230493593363,2.3982866507380695e-05,0.004897230493593363,1,0,0,762
ETH,Baseline,2024-01-26,0.0183372531811751,0.0007982282488922293,0.017539024932282873,0.00030761739557524025,0.017539024932282873,1,1,1,763
ETH,Baseline,2024-01-29,0.0190844651535438,7.022924741537438e-05,0.019014235906128427,0.0003615411670939035,0.019014235906128427,1,1,1,764
ETH,Baseline,2024-01-30,0.0314749718523305,0.0002344779489722965,0.031240493903358205,0.0009759684593257611,0.031240493903358205,1,1,1,765
ETH,Baseline,2024-01-31,-0.0440183558825222,-0.0004728960286704391,-0.04354545985385176,0.0018962070738834155,0.04354545985385176,0,0,1,766
ETH,Baseline,2024-02-01,0.0112852493739947,0.007008182196434369,0.004277067177560332,1.8293303641363903e-05,0.004277067177560332,1,1,1,767
ETH,Baseline,2024-02-02,-0.0036227117730479,0.002322639346707101,-0.005945351119755001,3.534719993717204e-05,0.005945351119755001,0,1,0,768
ETH,Baseline,2024-02-05,-0.00541557709546,-0.006632839025547736,0.0012172619300877367,1.481726606440922e-06,0.0012172619300877367,0,0,1,769
ETH,Baseline,2024-02-06,0.0400119357510752,-0.0031873783474445127,0.043199314098519716,0.0018661807385825643,0.043199314098519716,1,0,0,770
ETH,Baseline,2024-02-07,0.020613200441266,0.001083084569679149,0.019530115871586852,0.00038142542595760866,0.019530115871586852,1,1,1,771
ETH,Baseline,2024-02-08,-0.001659724076131,-0.0023061699227714116,0.0006464458466404117,4.178922326386387e-07,0.0006464458466404117,0,0,1,772
ETH,Baseline,2024-02-09,0.0317441900401254,-0.0015851448199357507,0.03332933486006115,0.0011108445622140873,0.03332933486006115,1,0,0,773
ETH,Baseline,2024-02-12,0.0498296564131574,-0.0020107561855703094,0.05184041259872771,0.0026874283784063266,0.05184041259872771,1,0,0,774
ETH,Baseline,2024-02-13,0.0003000545058223,-0.004153244443940894,0.004453298949763194,1.9831871535961967e-05,0.004453298949763194,1,0,0,775
ETH,Baseline,2024-02-14,0.054393960372012,-0.004357478169537066,0.05875143854154907,0.0034517315307014177,0.05875143854154907,1,0,0,776
ETH,Baseline,2024-02-15,0.0058452436383763,-0.0007886695023350881,0.006633913140711388,4.400880355850323e-05,0.006633913140711388,1,0,0,777
ETH,Baseline,2024-02-16,-0.0020652401067546,0.0007996026914977403,-0.0028648427982523404,8.2073242586983e-06,0.0028648427982523404,0,1,0,778
ETH,Baseline,2024-02-20,0.0069674993306654,-0.0034452328839471563,0.010412732214612556,0.00010842499217323011,0.010412732214612556,1,0,0,779
ETH,Baseline,2024-02-21,-0.0205100549779497,0.0014551280296803693,-0.02196518300763007,0.00048246926455868075,0.02196518300763007,0,1,0,780
ETH,Baseline,2024-02-22,0.0192879600214251,0.0001209989649445652,0.019166961056480535,0.00036737239614064143,0.019166961056480535,1,1,1,781
ETH,Baseline,2024-02-23,-0.0143850958803536,-0.0029710697904200647,-0.011414026089933535,0.00013027999158168343,0.011414026089933535,0,0,1,782
ETH,Baseline,2024-02-26,0.0244317518071533,0.0024253236519392123,0.02200642815521409,0.0004842828801505994,0.02200642815521409,1,1,1,783
ETH,Baseline,2024-02-27,0.0197493930298543,-0.0011579593734102802,0.02090735240326458,0.0004371173845142931,0.02090735240326458,1,0,0,784
ETH,Baseline,2024-02-28,0.0225911503734165,-0.000723672320459467,0.023314822693875966,0.0005435809572468738,0.023314822693875966,1,0,0,785
ETH,Baseline,2024-02-29,0.007896059304081,0.0011979974441326483,0.006698061859948352,4.4864032679694775e-05,0.006698061859948352,1,1,1,786
ETH,Baseline,2024-03-01,0.0234228997296185,0.0021653379268072115,0.02125756180281129,0.0004518839338003416,0.02125756180281129,1,1,1,787
ETH,Baseline,2024-03-04,0.0303491091535642,0.0015135654772762653,0.028835543676287934,0.0008314885791071091,0.028835543676287934,1,1,1,788
ETH,Baseline,2024-03-05,-0.0175820667648293,-0.0008073920311624465,-0.016774674733666853,0.0002813897124203211,0.016774674733666853,0,0,1,789
ETH,Baseline,2024-03-06,0.088797724668171,0.006383996854013353,0.08241372781415765,0.006792022532226063,0.08241372781415765,1,1,1,790
ETH,Baseline,2024-03-07,0.0062518405745819,-0.004290247952381613,0.010542088526963513,0.00011113563051033573,0.010542088526963513,1,0,0,791
ETH,Baseline,2024-03-08,0.0107549998409559,-0.0010094659386397273,0.011764465779595628,0.00013840265507927656,0.011764465779595628,1,0,0,792
ETH,Baseline,2024-03-11,0.0317890881928821,0.002466484753819159,0.02932260343906294,0.0008598150724445458,0.02932260343906294,1,1,1,793
ETH,Baseline,2024-03-12,-0.0206285847281993,-0.0005912296376829325,-0.02003735509051637,0.0004014955990234422,0.02003735509051637,0,0,1,794
ETH,Baseline,2024-03-13,0.0104413755606291,0.0004920891592590125,0.009949286401370088,9.898829989648775e-05,0.009949286401370088,1,1,1,795
ETH,Baseline,2024-03-14,-0.0385471716643302,0.0005313996519770999,-0.0390785713163073,0.0015271347361237157,0.0390785713163073,0,1,0,796
ETH,Baseline,2024-03-15,-0.0567404659579355,0.000636213678996983,-0.05737667963693248,0.0032920833661591823,0.05737667963693248,0,1,0,797
ETH,Baseline,2024-03-18,-0.0347097192449139,0.0014100298276637695,-0.03611974907257767,0.0013046362730659757,0.03611974907257767,0,1,0,798
ETH,Baseline,2024-03-19,-0.0678558987148886,0.0017071657520036042,-0.06956306446689221,0.004839019938025002,0.06956306446689221,0,1,0,799
ETH,Baseline,2024-03-20,0.0542454052866777,0.007170116305772272,0.047075288980905426,0.0022160828326357558,0.047075288980905426,1,1,1,800
ETH,Baseline,2024-03-21,0.0064366316988604,-0.0016631061503842711,0.00809973784924467,6.560575322648668e-05,0.00809973784924467,1,0,0,801
ETH,Baseline,2024-03-22,-0.0487054828116952,0.002636109166847068,-0.05134159197854227,0.0026359590668911157,0.05134159197854227,0,1,0,802
ETH,Baseline,2024-03-25,0.0612611736051354,0.002497487782407442,0.05876368582272796,0.0034531707714722786,0.05876368582272796,1,1,1,803
ETH,Baseline,2024-03-26,-0.0146978809115043,-0.0035971404341270424,-0.011100740477377259,0.0001232264391460819,0.011100740477377259,0,0,1,804
ETH,Baseline,2024-03-27,-0.0183631202823742,0.0030192715124193496,-0.02138239179479355,0.00045720667886605456,0.02138239179479355,0,1,0,805
ETH,Baseline,2024-03-28,0.0144686852358644,0.0034228742748140272,0.011045810961050373,0.00012200993978726056,0.011045810961050373,1,1,1,806
ETH,Baseline,2024-04-01,-0.0379372521549726,-0.001545574110800955,-0.03639167804417165,0.001324354230870645,0.03639167804417165,0,0,1,807
ETH,Baseline,2024-04-02,-0.0671434720144871,-0.0016152213897097575,-0.06552825062477735,0.0042939516299436336,0.06552825062477735,0,0,1,808
ETH,Baseline,2024-04-03,0.011037236920114,0.0033522676345273473,0.007684969285586652,5.905875292041022e-05,0.007684969285586652,1,1,1,809
ETH,Baseline,2024-04-04,0.0056987942560153,-0.0002167346490920528,0.005915528905107353,3.49934822271606e-05,0.005915528905107353,1,0,0,810
ETH,Baseline,2024-04-05,0.0029421940554148,0.0012107105062137127,0.0017314835492010872,2.998035281153994e-06,0.0017314835492010872,1,1,1,811
ETH,Baseline,2024-04-08,0.081147878697655,-0.004731207276298446,0.08587908597395344,0.007375217407721686,0.08587908597395344,1,0,0,812
ETH,Baseline,2024-04-09,-0.0490809159274276,-0.0037439066101700603,-0.045337009317257544,0.0020554444138330976,0.045337009317257544,0,0,1,813
ETH,Baseline,2024-04-10,0.00021349730007,0.006997508843875852,-0.006784011543805852,4.602281262649106e-05,0.006784011543805852,1,1,1,814
ETH,Baseline,2024-04-11,0.0032537450292692,-0.004768368983117623,0.008022114012386823,6.4354313227733e-05,0.008022114012386823,1,0,0,815
ETH,Baseline,2024-04-12,-0.0880861762779006,0.0011188754462177408,-0.08920505172411833,0.007957541253102626,0.08920505172411833,0,1,0,816
ETH,Baseline,2024-04-15,0.0048280608452587,0.0003484465097612322,0.004479614335497468,2.0066944594794423e-05,0.004479614335497468,1,1,1,817
ETH,Baseline,2024-04-16,-0.0038345349685092,-0.0054381415649533355,0.0016036065964441354,2.5715541161591444e-06,0.0016036065964441354,0,0,1,818
ETH,Baseline,2024-04-17,-0.032847887064307,0.0016926443605827478,-0.03454053142488975,0.0011930483111137961,0.03454053142488975,0,1,0,819
ETH,Baseline,2024-04-18,0.0324733948632078,0.006885870296995631,0.025587524566212168,0.0006547214134265112,0.025587524566212168,1,1,1,820
ETH,Baseline,2024-04-19,0.0030894333515899,-0.0022414637543149173,0.005330897105904817,2.8418463953744358e-05,0.005330897105904817,1,0,0,821
ETH,Baseline,2024-04-22,0.0131017259121116,0.002036898993505343,0.011064826918606257,0.00012243039473871365,0.011064826918606257,1,1,1,822
ETH,Baseline,2024-04-23,0.0061071705969106,0.0007380425975811941,0.005369127999329406,2.8827535473182993e-05,0.005369127999329406,1,1,1,823
ETH,Baseline,2024-04-24,-0.0254029372510564,-4.9264109125444176e-05,-0.025353673141930953,0.000642808741787871,0.025353673141930953,0,0,1,824
ETH,Baseline,2024-04-25,0.0136900432012335,0.00039895635873202857,0.01329108684250147,0.0001766529894549157,0.01329108684250147,1,1,1,825
ETH,Baseline,2024-04-26,-0.0096094458531862,-0.0008220902913486997,-0.0087873555618375,7.721761777015644e-05,0.0087873555618375,0,0,1,826
ETH,Baseline,2024-04-29,-0.0424748446022586,-0.00010053818661202515,-0.04237430641564657,0.0017955818442071064,0.04237430641564657,0,0,1,827
ETH,Baseline,2024-04-30,-0.0693494705704347,0.004622579773754286,-0.07397205034418898,0.005471864232123229,0.07397205034418898,0,1,0,828
ETH,Baseline,2024-05-01,-0.008593346044841,0.004724056246906341,-0.01331740229174734,0.00017735320380023731,0.01331740229174734,0,1,0,829
ETH,Baseline,2024-05-02,0.0165611138657798,0.004158399359382745,0.012402714506397055,0.00015382732712719194,0.012402714506397055,1,1,1,830
ETH,Baseline,2024-05-03,0.0421451430836028,0.0003466545944502712,0.04179848848915253,0.0017471136399778168,0.04179848848915253,1,1,1,831
ETH,Baseline,2024-05-06,-0.0186256872200935,0.0028637470424766245,-0.021489434262570127,0.0004617957849253229,0.021489434262570127,0,1,0,832
ETH,Baseline,2024-05-07,-0.0102807694017093,0.00032232878318145023,-0.01060309818489075,0.00011242569111843353,0.01060309818489075,0,1,0,833
ETH,Baseline,2024-05-08,-0.0323727305622052,0.002732482479404554,-0.035105213041609754,0.0012323759826968076,0.035105213041609754,0,1,0,834
ETH,Baseline,2024-05-09,0.0235419237143738,0.0025840649860549413,0.02095785872831886,0.000439231842476171,0.02095785872831886,1,1,1,835
ETH,Baseline,2024-05-10,-0.0438369548909163,-0.0005781189682647727,-0.043258835922651534,0.0018713268853828868,0.043258835922651534,0,0,1,836
ETH,Baseline,2024-05-13,0.0107886558474106,-0.0019403342549924208,0.012728990102403021,0.00016202718902707408,0.012728990102403021,1,0,0,837
ETH,Baseline,2024-05-14,-0.0216257935942462,-0.0013334319625648429,-0.02029236163168136,0.00041177994059093373,0.02029236163168136,0,0,1,838
ETH,Baseline,2024-05-15,0.0447968581014372,0.0021615828956950624,0.04263527520574214,0.0018177666918693703,0.04263527520574214,1,1,1,839
ETH,Baseline,2024-05-16,-0.0285712632938049,0.00019435175783915249,-0.02876561505164405,0.0008274606092993709,0.02876561505164405,0,1,0,840
ETH,Baseline,2024-05-17,0.0503441469102977,0.0020740162879803186,0.04827013062231738,0.002330005510295582,0.04827013062231738,1,1,1,841
ETH,Baseline,2024-05-20,0.1291988290300623,0.00032680676658725484,0.12887202226347505,0.01660799812227761,0.12887202226347505,1,1,1,842
ETH,Baseline,2024-05-21,0.0675295733900453,-0.007811405183784122,0.07534097857382942,0.005676263052462224,0.07534097857382942,1,0,0,843
ETH,Baseline,2024-05-22,0.0007766016464099,-0.001465105499041735,0.002241707145451635,5.025250925968918e-06,0.002241707145451635,1,0,0,844
ETH,Baseline,2024-05-23,0.0012929973342138,-0.00012616229760166638,0.0014191596318154664,2.01401406057461e-06,0.0014191596318154664,1,0,0,845
ETH,Baseline,2024-05-24,-0.0050936775850058,-0.00047452559579153563,-0.0046191519892142645,2.1336565099462098e-05,0.0046191519892142645,0,0,1,846
ETH,Baseline,2024-05-28,-0.0157908861760586,-0.00157428894141762,-0.01421659723464098,0.00020211163693200154,0.01421659723464098,0,0,1,847
ETH,Baseline,2024-05-29,-0.0207510494362619,-0.001449257780887746,-0.019301791655374153,0.0003725591611074713,0.019301791655374153,0,0,1,848
ETH,Baseline,2024-05-30,-0.0031252529644535,-0.0008804551037479027,-0.0022447978607055973,5.039117435428426e-06,0.0022447978607055973,0,0,1,849
ETH,Baseline,2024-05-31,0.0138739087634752,0.003473652238269767,0.010400256525205433,0.00010816533579007819,0.010400256525205433,1,1,1,850
ETH,Baseline,2024-06-03,-0.0038643299415149,0.003019527916398297,-0.006883857857913197,4.738749900795327e-05,0.006883857857913197,0,1,0,851
ETH,Baseline,2024-06-04,0.0095016352832155,0.003822581786840643,0.005679053496374856,3.225164861468748e-05,0.005679053496374856,1,1,1,852
ETH,Baseline,2024-06-05,0.0149137807042577,0.002265889560493416,0.012647891143764285,0.00015996915038451104,0.012647891143764285,1,1,1,853
ETH,Baseline,2024-06-06,-0.0172596747579254,0.001135930742045117,-0.018395605499970515,0.00033839830171054544,0.018395605499970515,0,1,0,854
ETH,Baseline,2024-06-07,-0.0287755243415728,0.0023586448850934833,-0.031134169226666286,0.0009693364934346939,0.031134169226666286,0,1,0,855
ETH,Baseline,2024-06-10,-0.0080683571174648,-0.004816099461608346,-0.003252257655856454,1.0577179860076916e-05,0.003252257655856454,0,0,1,856
ETH,Baseline,2024-06-11,-0.0510994182347998,-0.0014163857618518314,-0.04968303247294797,0.002468403715708002,0.04968303247294797,0,0,1,857
ETH,Baseline,2024-06-12,0.0196980346675029,0.0063134262051813585,0.013384608462321541,0.0001791477436896494,0.013384608462321541,1,1,1,858
ETH,Baseline,2024-06-13,-0.0226158832750306,0.0020580827024738743,-0.024673965977504472,0.0006088045970590483,0.024673965977504472,0,1,0,859
ETH,Baseline,2024-06-14,-0.0188246590979248,0.004763726229438025,-0.023588385327362828,0.000556411922352146,0.023588385327362828,0,1,0,860
ETH,Baseline,2024-06-17,-0.024130422611263,0.0013590169230660379,-0.02548943953432904,0.0006497115277742161,0.02548943953432904,0,1,0,861
ETH,Baseline,2024-06-18,-0.0153031648827657,-0.003517126953194807,-0.011786037929570893,0.00013891069007728376,0.011786037929570893,0,0,1,862
ETH,Baseline,2024-06-20,-0.0078835714876904,0.0009477750915750866,-0.008831346579265487,7.79926824031042e-05,0.008831346579265487,0,1,0,863
ETH,Baseline,2024-06-21,-0.0008261518687107,0.000128542379403924,-0.000954694248114624,9.114411073831472e-07,0.000954694248114624,0,1,0,864
ETH,Baseline,2024-06-24,-0.0369800006807593,0.0014817624934984667,-0.03846176317425777,0.001479307226472691,0.03846176317425777,0,1,0,865
ETH,Baseline,2024-06-25,0.0302146780733878,0.003239438455139735,0.026975239618248065,0.0007276635524619,0.026975239618248065,1,1,1,866
ETH,Baseline,2024-06-26,-0.0060440916050246,-0.0005224952154149628,-0.005521596389609638,3.048802668975019e-05,0.005521596389609638,0,0,1,867
ETH,Baseline,2024-06-27,0.0145117899463646,-0.00208958674472221,0.01660137669108681,0.00027560570803936043,0.01660137669108681,1,0,0,868
ETH,Baseline,2024-06-28,-0.0162538477862409,0.0015414353830466557,-0.017795283169287555,0.00031667210307512894,0.017795283169287555,0,1,0,869
ETH,Baseline,2024-07-01,0.0137850201165521,-0.002464465877414435,0.016249485993966535,0.0002640457950681146,0.016249485993966535,1,0,0,870
ETH,Baseline,2024-07-02,-0.0138142980638189,-0.004849150479641386,-0.008965147584177515,8.037387120608393e-05,0.008965147584177515,0,0,1,871
ETH,Baseline,2024-07-03,-0.0479904524034984,0.001517994265670905,-0.0495084466691693,0.002451086291593981,0.0495084466691693,0,1,0,872
ETH,Baseline,2024-07-05,-0.055015768704694,0.004381759810581104,-0.0593975285152751,0.0035280663937229183,0.0593975285152751,0,1,0,873
ETH,Baseline,2024-07-08,0.0034047789966367,0.002982173171356143,0.00042260582528055694,1.7859568356106063e-07,0.00042260582528055694,1,1,1,874
ETH,Baseline,2024-07-09,0.0244684505678902,0.00010902145468595051,0.02435942911320425,0.0005933817867212228,0.02435942911320425,1,1,1,875
ETH,Baseline,2024-07-10,0.0077363929669738,-0.0016579857209683936,0.009394378687942195,8.82543509324625e-05,0.009394378687942195,1,0,0,876
ETH,Baseline,2024-07-11,0.0064647001981518,-0.002170977836405291,0.00863567803455709,7.457493511653181e-05,0.00863567803455709,1,0,0,877
ETH,Baseline,2024-07-12,-0.0020720069733778,0.004840485755632916,-0.006912492729010716,4.778255572862601e-05,0.006912492729010716,0,1,0,878
ETH,Baseline,2024-07-15,0.0748248132450743,-0.0004352325200753257,0.07526004576514962,0.005664074488572416,0.07526004576514962,1,0,0,879
ETH,Baseline,2024-07-16,0.0013963638632531,-0.006807665035080639,0.00820402889833374,6.730609016469511e-05,0.00820402889833374,1,0,0,880
ETH,Baseline,2024-07-17,-0.006855036105476,0.0020839530437133675,-0.008938989149189367,7.990552700932525e-05,0.008938989149189367,0,1,0,881
ETH,Baseline,2024-07-18,-0.0007027407176062,0.0014136773703387977,-0.0021164180879449978,4.47922552298076e-06,0.0021164180879449978,0,1,0,882
ETH,Baseline,2024-07-19,0.0267765414061994,-0.0010612286515323754,0.027837770057731775,0.0007749414417871478,0.027837770057731775,1,0,0,883
ETH,Baseline,2024-07-22,0.0071746736621508,-0.0001957214699942943,0.007370395132145094,5.43227244039481e-05,0.007370395132145094,1,0,0,884
ETH,Baseline,2024-07-23,-0.0018642007262992,0.000399946800810323,-0.002264147527109523,5.126364024516168e-06,0.002264147527109523,0,1,0,885
ETH,Baseline,2024-07-24,-0.0316096191020777,0.0025795976146887984,-0.034189216716766495,0.0011689025397060256,0.034189216716766495,0,1,0,886
ETH,Baseline,2024-07-25,-0.0679466805647143,0.0006614603335190752,-0.06860814089823337,0.004707076997511843,0.06860814089823337,0,1,0,887
ETH,Baseline,2024-07-26,0.0317878418054563,0.0044588898239721585,0.027328951981484145,0.0007468716164062662,0.027328951981484145,1,1,1,888
ETH,Baseline,2024-07-29,0.0139772094894063,0.003955248773441071,0.010021960715965228,0.00010043969659235027,0.010021960715965228,1,1,1,889
ETH,Baseline,2024-07-30,-0.0123359244038252,0.0008603874760226033,-0.013196311879847804,0.00017414264723021228,0.013196311879847804,0,1,0,890
ETH,Baseline,2024-07-31,-0.0184461781757997,0.001180384909122145,-0.019626563084921844,0.00038520197852641685,0.019626563084921844,0,1,0,891
ETH,Baseline,2024-08-01,-0.0165300781923328,0.002393725305038299,-0.0189238034973711,0.0003581103388071146,0.0189238034973711,0,1,0,892
ETH,Baseline,2024-08-02,-0.049138252587404,0.004669058697246447,-0.053807311284650446,0.002895226747683271,0.053807311284650446,0,1,0,893
ETH,Baseline,2024-08-05,-0.1212213457856978,0.0030473178778182234,-0.12426866366351604,0.01544270076871607,0.12426866366351604,0,1,0,894
ETH,Baseline,2024-08-06,0.0212918667631311,-0.02181217077051179,0.04310403753364289,0.0018579580517016953,0.04310403753364289,1,0,0,895
ETH,Baseline,2024-08-07,-0.0579809630797311,0.014420206594439688,-0.07240116967417079,0.005241929370188068,0.07240116967417079,0,1,0,896
ETH,Baseline,2024-08-08,0.0900047571022441,0.0030508741188379805,0.08695388298340613,0.007560977765891886,0.08695388298340613,1,1,1,897
ETH,Baseline,2024-08-09,0.0091692606980833,-0.0023481518209365415,0.011517412519019842,0.000132650791133275,0.011517412519019842,1,0,0,898
ETH,Baseline,2024-08-12,0.0472492758323307,0.0067258099276872214,0.04052346590464348,0.0016421512889248026,0.04052346590464348,1,1,1,899
ETH,Baseline,2024-08-13,0.0066162636581811,-0.0007081063262904432,0.007324369984471543,5.364639566942768e-05,0.007324369984471543,1,0,0,900
ETH,Baseline,2024-08-14,-0.0084453048549091,0.0015840336395018708,-0.010029338494410971,0.00010058763063547372,0.010029338494410971,0,1,0,901
ETH,Baseline,2024-08-15,-0.048533336641713,0.0031075347941547406,-0.051640871435867736,0.0026667796026558204,0.051640871435867736,0,1,0,902
ETH,Baseline,2024-08-16,0.0229141960608489,0.0010458638864143388,0.02186833217443456,0.00047822395209140984,0.02186833217443456,1,1,1,903
ETH,Baseline,2024-08-19,-0.0187791836002766,-4.610982653830537e-06,-0.01877457261762277,0.00035248457697439065,0.01877457261762277,0,0,1,904
ETH,Baseline,2024-08-20,-0.0103920488815949,-0.00041041016288902827,-0.009981638718705872,9.96331115107682e-05,0.009981638718705872,0,0,1,905
ETH,Baseline,2024-08-21,0.0160591251608282,-0.00043022671747272676,0.016489351878300924,0.00027189872536642623,0.016489351878300924,1,0,0,906
ETH,Baseline,2024-08-22,-0.0024618230295088,-0.002073614213715637,-0.0003882088157931632,1.507060846595301e-07,0.0003882088157931632,0,0,1,907
ETH,Baseline,2024-08-23,0.0483927911806667,-0.0018326131495707012,0.0502254043302374,0.00252259124013583,0.0502254043302374,1,0,0,908
ETH,Baseline,2024-08-26,-0.0298584320385396,0.0012229323167511057,-0.031081364355290707,0.0009660512101863357,0.031081364355290707,0,1,0,909
ETH,Baseline,2024-08-27,-0.0407987519491608,0.0022276766609540845,-0.04302642861011488,0.0018512735589413124,0.04302642861011488,0,1,0,910
ETH,Baseline,2024-08-28,-0.0171518728791749,0.002223391599619372,-0.019375264478794275,0.00037540087362322716,0.019375264478794275,0,1,0,911
ETH,Baseline,2024-08-29,0.0010437489254619,0.0009749280883276257,6.882083713427426e-05,4.7363076238623035e-09,6.882083713427426e-05,1,1,1,912
ETH,Baseline,2024-08-30,-0.008428293204578,0.0024581977723433296,-0.01088649097692133,0.00011851568579058954,0.01088649097692133,0,1,0,913
ETH,Baseline,2024-09-03,-0.0363792445942904,-0.004891258480765697,-0.0314879861135247,0.0009914932694855244,0.0314879861135247,0,0,1,914
ETH,Baseline,2024-09-04,-0.0032534240454302,0.0005160269941772025,-0.0037694510396074025,1.4208761139997328e-05,0.0037694510396074025,0,1,0,915
ETH,Baseline,2024-09-05,-0.0364619403461785,0.0006204074261360625,-0.03708234777231456,0.0013751005163068826,0.03708234777231456,0,1,0,916
ETH,Baseline,2024-09-06,-0.0875626560381808,0.005207178552407586,-0.09276983459058838,0.008606242209965129,0.09276983459058838,0,1,0,917
ETH,Baseline,2024-09-09,0.0280239796596064,-0.0011795789586917125,0.029203558618298115,0.0008528478359723741,0.029203558618298115,1,0,0,918
ETH,Baseline,2024-09-10,0.015425341873051,0.002626617257595917,0.012798724615455084,0.00016380735178225588,0.012798724615455084,1,1,1,919
ETH,Baseline,2024-09-11,-0.0128023755660041,0.0009675803377674314,-0.013769955903771532,0.00018961168559181247,0.013769955903771532,0,1,0,920
ETH,Baseline,2024-09-12,0.0017235697045925,0.001329709068613006,0.0003938606359794939,1.551262005741714e-07,0.0003938606359794939,1,1,1,921
ETH,Baseline,2024-09-13,0.0300111523649453,-0.0012646513451701888,0.031275803710115485,0.0009781758977136735,0.031275803710115485,1,0,0,922
ETH,Baseline,2024-09-16,-0.0385363838855418,0.0014673575575690453,-0.04000374144311084,0.0016002993294472639,0.04000374144311084,0,1,0,923
ETH,Baseline,2024-09-17,0.0304438173390186,0.000992565656376394,0.029451251682642204,0.0008673762256743352,0.029451251682642204,1,1,1,924
ETH,Baseline,2024-09-18,-0.0080725896880914,-0.0024933953921781444,-0.005579194295913255,3.1127408991550996e-05,0.005579194295913255,0,0,1,925
ETH,Baseline,2024-09-19,0.0584964509925532,-0.00184012214256973,0.06033657313512293,0.0036405020576900384,0.06033657313512293,1,0,0,926
ETH,Baseline,2024-09-20,0.0299042527552573,-0.002895084296535954,0.032799337051793255,0.001075796511037138,0.032799337051793255,1,0,0,927
ETH,Baseline,2024-09-23,0.0336618918619223,0.0014321630658126936,0.0322297287961096,0.0010387554182707765,0.0322297287961096,1,1,1,928
ETH,Baseline,2024-09-24,-0.0040849806906377,-0.001249073612912648,-0.002835907077725052,8.042368953491043e-06,0.002835907077725052,0,0,1,929
ETH,Baseline,2024-09-25,-0.0268992216966307,0.0005308664039150103,-0.02743008810054571,0.0007524097332036993,0.02743008810054571,0,1,0,930
ETH,Baseline,2024-09-26,0.0196141529573907,0.0020235643971523824,0.01759058856023832,0.0003094288058955872,0.01759058856023832,1,1,1,931
ETH,Baseline,2024-09-27,0.0235777783977092,-0.0020430538038491083,0.025620832201558308,0.0006564270427004071,0.025620832201558308,1,0,0,932
ETH,Baseline,2024-09-30,-0.0181145070387765,-0.0014379628664257216,-0.01667654417235078,0.00027810712553236677,0.01667654417235078,0,0,1,933
ETH,Baseline,2024-10-01,-0.0639341042857795,0.00061951944121069,-0.0645536237269902,0.004167170336285831,0.0645536237269902,0,1,0,934
ETH,Baseline,2024-10-02,-0.0271871038995238,0.005726650194808582,-0.03291375409433238,0.0010833152085821813,0.03291375409433238,0,1,0,935
ETH,Baseline,2024-10-03,-0.018380576476355,0.0017349616943742952,-0.020115538170729294,0.00040463487589806725,0.020115538170729294,0,1,0,936
ETH,Baseline,2024-10-04,0.0363264741179655,-0.0009975229167981867,0.03732399703476369,0.0013930807546510488,0.03732399703476369,1,0,0,937
ETH,Baseline,2024-10-07,0.0010819540159494,-0.00275647185059336,0.0038384258665427598,1.4733513132944536e-05,0.0038384258665427598,1,0,0,938
ETH,Baseline,2024-10-08,0.0002866855079634,-0.0038396141712987737,0.004126299679262173,1.7026349043079114e-05,0.004126299679262173,1,0,0,939
ETH,Baseline,2024-10-09,-0.0367006014450664,-0.0005913164247637911,-0.03610928502030261,0.0013038804646774505,0.03610928502030261,0,0,1,940
ETH,Baseline,2024-10-10,0.0052536928381814,0.0020265362398756617,0.0032271565983057384,1.0414539709988265e-05,0.0032271565983057384,1,1,1,941
ETH,Baseline,2024-10-11,0.0374890997218683,-0.00010001489745131657,0.037589114619319616,0.0014129415378643477,0.037589114619319616,1,0,0,942
ETH,Baseline,2024-10-15,-0.0191806222958907,-0.001689221573944833,-0.017491400721945865,0.0003059490992156883,0.017491400721945865,0,0,1,943
ETH,Baseline,2024-10-16,0.0177681387627132,0.002684807642484136,0.015083331120229065,0.00022750687768247058,0.015083331120229065,1,1,1,944
ETH,Baseline,2024-10-17,-0.0080586671254181,0.0015024126097737604,-0.00956107973519186,9.141424570269646e-05,0.00956107973519186,0,1,0,945
ETH,Baseline,2024-10-18,0.0177909190450641,0.0005928103919951781,0.017198108653068922,0.0002957749412427641,0.017198108653068922,1,1,1,946
ETH,Baseline,2024-10-21,-0.0133689348399127,-0.00033722576322961343,-0.013031709076683086,0.00016982544145930433,0.013031709076683086,0,0,1,947
ETH,Baseline,2024-10-22,-0.0160239184664934,-0.00011327993598468037,-0.01591063853050872,0.0002531484184485087,0.01591063853050872,0,0,1,948
ETH,Baseline,2024-10-23,-0.0468100415936157,0.0017359544441022331,-0.048545996037717934,0.0023567137312941254,0.048545996037717934,0,1,0,949
ETH,Baseline,2024-10-24,0.0094892596715976,0.0017238026985269923,0.007765456973070608,6.030232200061093e-05,0.007765456973070608,1,1,1,950
ETH,Baseline,2024-10-25,-0.024429427068196,-0.00016207021083772602,-0.024267356857358275,0.0005889046088423737,0.024267356857358275,0,0,1,951
ETH,Baseline,2024-10-28,0.0108502328313494,-0.0019336019926592483,0.012783834824008649,0.00016342643280753625,0.012783834824008649,1,0,0,952
ETH,Baseline,2024-10-29,0.0406475650944432,-0.0005379903664723615,0.04118555546091556,0.0016962499786241517,0.04118555546091556,1,0,0,953
ETH,Baseline,2024-10-30,0.0222226335133625,-0.0006631813706269008,0.0228858148839894,0.0005237605229042307,0.0228858148839894,1,0,0,954
ETH,Baseline,2024-10-31,-0.0620755544672162,-0.0019885938419858164,-0.06008696062523038,0.0036104428371779864,0.06008696062523038,0,0,1,955
ETH,Baseline,2024-11-01,0.0002978288300465,0.001348457673330218,-0.0010506288432837179,1.103820966339683e-06,0.0010506288432837179,1,1,1,956
ETH,Baseline,2024-11-04,-0.0410363808570702,0.0003551307424308845,-0.04139151159950108,0.0017132572324916324,0.04139151159950108,0,1,0,957
ETH,Baseline,2024-11-05,0.0193531505813148,0.002723098218212615,0.016630052363102187,0.00027655864159952063,0.016630052363102187,1,1,1,958
ETH,Baseline,2024-11-06,0.107389008290603,-0.0005057103997584352,0.10789471869036144,0.01164127032127223,0.10789471869036144,1,0,0,959
ETH,Baseline,2024-11-07,0.0735965844688797,-0.003941298910816609,0.07753788337969632,0.006012123359003386,0.07753788337969632,1,0,0,960
ETH,Baseline,2024-11-08,0.016835904655538,-0.0003265002464989293,0.01716240490203693,0.00029454814202146127,0.01716240490203693,1,0,0,961
ETH,Baseline,2024-11-12,-0.014568982585969,-0.00012306290527837327,-0.014445919680690627,0.00020868459542096478,0.014445919680690627,0,0,1,962
ETH,Baseline,2024-11-13,-0.0394456733061054,0.0007765341949573677,-0.040222207501062764,0.0016178259762585497,0.040222207501062764,0,1,0,963
ETH,Baseline,2024-11-14,-0.011046665664828,0.004572329319415458,-0.015618994984243458,0.00024395300431782232,0.015618994984243458,0,1,0,964
ETH,Baseline,2024-11-15,-0.0089195741971618,0.0021583468664148446,-0.011077921063576645,0.00012272033509083512,0.011077921063576645,0,1,0,965
ETH,Baseline,2024-11-18,0.0282552230195551,0.0010394152199234654,0.027215807799631633,0.0007407001941864901,0.027215807799631633,1,1,1,966
ETH,Baseline,2024-11-19,-0.0175669505181872,-0.0002634361107426537,-0.017303514407444546,0.00029941161084864095,0.017303514407444546,0,0,1,967
ETH,Baseline,2024-11-20,-0.0048119828743671,0.0010391063086429707,-0.005851089183010071,3.423524462753746e-05,0.005851089183010071,0,1,0,968
ETH,Baseline,2024-11-21,0.0834452288193763,0.0012096525373505001,0.0822355762820258,0.006762690006436884,0.0822355762820258,1,1,1,969
ETH,Baseline,2024-11-22,-0.0085921100789276,-0.0015795858560973901,-0.00701252422283021,4.917549597578044e-05,0.00701252422283021,0,0,1,970
ETH,Baseline,2024-11-25,0.0268639661795072,0.006686047043937663,0.020177919135569537,0.0004071484206415833,0.020177919135569537,1,1,1,971
ETH,Baseline,2024-11-26,-0.0342696307034949,-0.0006953058718833349,-0.03357432483161156,0.0011272352878985686,0.03357432483161156,0,0,1,972
ETH,Baseline,2024-11-27,0.0905948812021113,0.002771550082167555,0.08782333111994375,0.007712937489003281,0.08782333111994375,1,1,1,973
ETH,Baseline,2024-11-29,0.0060479131839317,0.00463510450360597,0.0014128086803257296,1.9960283672037293e-06,0.0014128086803257296,1,1,1,974
ETH,Baseline,2024-12-02,-0.0250654743287275,0.0018825928553980013,-0.026948067184125502,0.0007261983249601418,0.026948067184125502,0,1,0,975
ETH,Baseline,2024-12-03,-0.0002073928650462,0.00437928733527537,-0.00458668020032157,2.103763526002192e-05,0.00458668020032157,0,1,0,976
ETH,Baseline,2024-12-04,0.061210903890192,0.0002449573737833763,0.060965946516408624,0.003716846634641597,0.060965946516408624,1,1,1,977
ETH,Baseline,2024-12-05,0.0041716103261139,-0.0007136725885249517,0.004885282914638852,2.3865989156062278e-05,0.004885282914638852,1,0,0,978
ETH,Baseline,2024-12-06,0.0432277382071028,-0.0011851229720472676,0.04441286117915007,0.001972502238118455,0.04441286117915007,1,0,0,979
ETH,Baseline,2024-12-09,-0.0760092349227647,0.0038242622742287883,-0.0798334971969935,0.006373387274702368,0.0798334971969935,0,1,0,980
ETH,Baseline,2024-12-10,-0.0161682191129941,0.004513764716061543,-0.020681983829055645,0.0004277444551053192,0.020681983829055645,0,1,0,981
ETH,Baseline,2024-12-11,0.0508957470911806,0.004228332512155598,0.046667414579025006,0.002177847583490596,0.046667414579025006,1,1,1,982
ETH,Baseline,2024-12-12,0.0090276180899199,0.00044693565566768755,0.008580682434252213,7.362811103748449e-05,0.008580682434252213,1,1,1,983
ETH,Baseline,2024-12-13,0.0095618155848429,-0.0006268261039868886,0.010188641688829788,0.00010380841946336032,0.010188641688829788,1,0,0,984
ETH,Baseline,2024-12-16,0.0487784326858036,-0.0015617504866042805,0.050340183172407876,0.0025341340418315772,0.050340183172407876,1,0,0,985
ETH,Baseline,2024-12-17,-0.0292104975441389,-0.002025367497278199,-0.0271851300468607,0.0007390312956647285,0.0271851300468607,0,0,1,986
ETH,Baseline,2024-12-18,-0.0635836535920672,0.0018088176143535788,-0.06539247120642078,0.00427617529048257,0.06539247120642078,0,1,0,987
ETH,Baseline,2024-12-19,-0.0771540084537008,-0.005439513817960361,-0.07171449463574044,0.005142968740859644,0.07171449463574044,0,0,1,988
ETH,Baseline,2024-12-20,0.0064776136860942,0.009430127810501985,-0.002952514124407785,8.71733965482747e-06,0.002952514124407785,1,1,1,989
ETH,Baseline,2024-12-23,-0.005804557840948,0.006894481564317991,-0.01269903940526599,0.0001612656018164984,0.01269903940526599,0,1,0,990
ETH,Baseline,2024-12-24,0.020084223818402,0.0021772191752916456,0.017907004643110354,0.0003206608152883758,0.017907004643110354,1,1,1,991
ETH,Baseline,2024-12-26,-0.0387821115926772,0.004185155730336046,-0.042967267323013245,0.0018461860612072817,0.042967267323013245,0,1,0,992
ETH,Baseline,2024-12-27,-0.0054845596935846,0.0023105276924989316,-0.007795087386083532,6.0763387356678594e-05,0.007795087386083532,0,1,0,993
ETH,Baseline,2024-12-30,-0.0092687144392851,-0.0015832798049897573,-0.007685434634295343,5.90659055180264e-05,0.007685434634295343,0,0,1,994
ETH,Baseline,2024-12-31,0.0098666485946546,0.001976816162693481,0.007889832431961119,6.22494558044255e-05,0.007889832431961119,1,1,1,995
ETH,Baseline,2025-01-02,0.0247838198187996,0.0015817964562967763,0.02320202336250282,0.0005383338881141267,0.02320202336250282,1,1,1,996
ETH,Baseline,2025-01-03,0.0458206507793258,0.0028401215248155757,0.04298052925451023,0.0018473258949978095,0.04298052925451023,1,1,1,997
ETH,Baseline,2025-01-06,0.0061682009273477,-0.0011450369528160375,0.007313237880163737,5.348344829186179e-05,0.007313237880163737,1,0,0,998
ETH,Baseline,2025-01-07,-0.085686070578592,-0.003111777013492684,-0.08257429356509931,0.006818513957775201,0.08257429356509931,0,0,1,999
ETH,Baseline,2025-01-08,-0.020566454984424,0.00392828285943136,-0.02449473784385536,0.0005999921820391999,0.02449473784385536,0,1,0,1000
ETH,Baseline,2025-01-10,0.0175860339085725,0.001963395174087701,0.015622638734484799,0.0002440668410282248,0.015622638734484799,1,1,1,1001
ETH,Baseline,2025-01-13,-0.047787644934781,0.0005601660579430168,-0.04834781099272402,0.0023375108277881654,0.04834781099272402,0,1,0,1002
ETH,Baseline,2025-01-14,0.0319407732472747,0.0031002678494979593,0.02884050539777674,0.0008317747515991893,0.02884050539777674,1,1,1,1003
ETH,Baseline,2025-01-15,0.065620241654562,-0.0023925837827221217,0.06801282543728412,0.0046257444239624825,0.06801282543728412,1,0,0,1004
ETH,Baseline,2025-01-16,-0.0338150675086334,0.0033197452497375273,-0.037134812758370925,0.001378994318599268,0.037134812758370925,0,1,0,1005
ETH,Baseline,2025-01-17,0.0458461891368405,0.0035147257045957483,0.042331463432244754,0.0017919527963154748,0.042331463432244754,1,1,1,1006
ETH,Baseline,2025-01-21,0.0155173154951671,-0.00015506375924175778,0.01567237925440886,0.0002456234714940252,0.01567237925440886,1,0,0,1007
ETH,Baseline,2025-01-22,-0.0224997959803531,-0.002513251748439182,-0.019986544231913917,0.0003994619503342515,0.019986544231913917,0,0,1,1008
ETH,Baseline,2025-01-23,-0.0029292048318445,0.0009131006702099863,-0.0038423055020544864,1.4763311571118178e-05,0.0038423055020544864,0,1,0,1009
ETH,Baseline,2025-01-24,0.0246724916454732,-0.0010879275020872698,0.02576041914756047,0.0006635991946580001,0.02576041914756047,1,0,0,1010
ETH,Baseline,2025-01-27,-0.0424878898327373,0.00019403397170453729,-0.042681923804441836,0.0018217466196481786,0.042681923804441836,0,1,0,1011
ETH,Baseline,2025-01-28,-0.0346268543739882,0.001156946387202552,-0.035783800761190754,0.001280480396916596,0.035783800761190754,0,1,0,1012
ETH,Baseline,2025-01-29,0.0283165436625385,0.005908976759233485,0.022407566903305014,0.0005020990545260902,0.022407566903305014,1,1,1,1013
ETH,Baseline,2025-01-30,0.0326689172348535,0.0002362068841340987,0.0324327103507194,0.0010518807006936613,0.0324327103507194,1,1,1,1014
ETH,Baseline,2025-01-31,0.0221610567467905,0.0013826756487024246,0.020778381098088074,0.00043174112105738376,0.020778381098088074,1,1,1,1015
ETH,Baseline,2025-02-03,-0.0318259522995257,0.005162882947512612,-0.03698883524703831,0.0013681739329325438,0.03698883524703831,0,1,0,1016
ETH,Baseline,2025-02-04,-0.06418432662805,0.004983643142922023,-0.06916796977097202,0.004784208042238099,0.06916796977097202,0,1,0,1017
ETH,Baseline,2025-02-05,0.0538479205754496,0.0026869164812778814,0.051161004094171715,0.002617448339923855,0.051161004094171715,1,1,1,1018
ETH,Baseline,2025-02-06,-0.0282232770145144,0.001747310553612865,-0.029970587568127267,0.0008982361191787847,0.029970587568127267,0,1,0,1019
ETH,Baseline,2025-02-07,-0.04523033994893,0.0015289148935078447,-0.04675925484243784,0.002186427913420047,0.04675925484243784,0,1,0,1020
ETH,Baseline,2025-02-10,0.0416515453398913,0.0017603094513830618,0.039891235888508236,0.0015913107007126076,0.039891235888508236,1,1,1,1021
ETH,Baseline,2025-02-11,-0.0163576919630881,0.0008934491881781997,-0.0172511411512663,0.00029760187102091353,0.0172511411512663,0,1,0,1022
ETH,Baseline,2025-02-12,0.0229309314588085,-0.0010736051221248689,0.024004536580933367,0.0005762177764653682,0.024004536580933367,1,0,0,1023
ETH,Baseline,2025-02-13,-0.0059769510919874,-0.0017523536472059567,-0.004224597444781443,1.7847223570453895e-05,0.004224597444781443,0,0,1,1024
ETH,Baseline,2025-02-14,0.0288638081389707,0.0013495430311500647,0.027514265107820637,0.0007570347844234362,0.027514265107820637,1,1,1,1025
ETH,Baseline,2025-02-18,-0.0458639629597931,-0.002531402062633822,-0.04333256089715928,0.0018777108339060173,0.04333256089715928,0,0,1,1026
ETH,Baseline,2025-02-19,0.0218619941899562,0.003913244314642054,0.017948749875314144,0.0003221576220865895,0.017948749875314144,1,1,1,1027
ETH,Baseline,2025-02-20,0.0063663911826465,-0.0006374065544523862,0.007003797737098886,4.905318274219148e-05,0.007003797737098886,1,0,0,1028
ETH,Baseline,2025-02-21,-0.0324420844082114,-0.0015200751192623546,-0.030922009288949042,0.0009561706584658509,0.030922009288949042,0,0,1,1029
ETH,Baseline,2025-02-24,-0.0629168312720221,-0.00015657790967044637,-0.06276025336235166,0.003938849402106573,0.06276025336235166,0,0,1,1030
ETH,Baseline,2025-02-25,-0.0485763173602807,0.0036387811533081355,-0.05221509851358884,0.0027264165127837874,0.05221509851358884,0,1,0,1031
ETH,Baseline,2025-02-26,-0.0712679055176736,0.002119531353182235,-0.07338743687085585,0.005385715890473852,0.07338743687085585,0,1,0,1032
ETH,Baseline,2025-02-27,-0.0261985893749828,0.005871079219150985,-0.032069668594133786,0.001028463643737571,0.032069668594133786,0,1,0,1033
ETH,Baseline,2025-02-28,-0.0237753314830406,0.000433865271560181,-0.024209196754600783,0.0005860852075029731,0.024209196754600783,0,1,0,1034
ETH,Baseline,2025-03-03,-0.1802001654952988,-0.0043100331700552654,-0.17589013232524353,0.03093733864939168,0.17589013232524353,0,0,1,1035
ETH,Baseline,2025-03-04,0.0316345104416376,0.00808800782552604,0.02354650261611156,0.0005544377854505486,0.02354650261611156,1,1,1,1036
ETH,Baseline,2025-03-05,0.0264073448508012,-0.004271758633974235,0.030679103484775434,0.0009412073906295602,0.030679103484775434,1,0,0,1037
ETH,Baseline,2025-03-06,-0.0124688043231715,-0.004706548398431669,-0.007762255924739831,6.0252617041158604e-05,0.007762255924739831,0,0,1,1038
ETH,Baseline,2025-03-07,-0.031409308039673,-0.0028528241157564,-0.028556483923916597,0.000815472774096907,0.028556483923916597,0,0,1,1039
ETH,Baseline,2025-03-10,-0.0904931936910384,0.0045214631497098225,-0.09501465684074822,0.009027785014565142,0.09501465684074822,0,1,0,1040
ETH,Baseline,2025-03-11,0.034651849145131,0.0015004631852942691,0.033151385959836736,0.0010990143910580602,0.033151385959836736,1,1,1,1041
ETH,Baseline,2025-03-12,-0.0234005778353903,-0.001092244295350099,-0.022308333540040203,0.0004976617453336826,0.022308333540040203,0,0,1,1042
ETH,Baseline,2025-03-13,-0.0266443937302821,0.006740350242853008,-0.03338474397313511,0.001114541130151781,0.03338474397313511,0,1,0,1043
ETH,Baseline,2025-03-14,0.0442615409526354,0.006035109101834484,0.03822643185080092,0.0014612600920439272,0.03822643185080092,1,1,1,1044
ETH,Baseline,2025-03-17,0.0209533961081235,0.002414688260087421,0.018538707848036077,0.00034368368867483445,0.018538707848036077,1,1,1,1045
ETH,Baseline,2025-03-18,-0.0158128081698688,-0.0011325858579807396,-0.01468022231188806,0.00021550892712645604,0.01468022231188806,0,0,1,1046
ETH,Baseline,2025-03-19,0.0657874457006492,0.0018239870512502658,0.06396345864939894,0.004091324042393368,0.06396345864939894,1,1,1,1047
ETH,Baseline,2025-03-20,-0.0278482926508456,-0.0012014327515104855,-0.026646859899335115,0.0007100551424947939,0.026646859899335115,0,0,1,1048
ETH,Baseline,2025-03-21,-0.0025700842340886,0.0034212525073530646,-0.005991336741441665,3.5896115949348826e-05,0.005991336741441665,0,1,0,1049
ETH,Baseline,2025-03-24,0.0456664079270154,-0.0003255856890942235,0.045991993616109623,0.0021152634767842684,0.045991993616109623,1,0,0,1050
ETH,Baseline,2025-03-25,-0.0098080145742441,-0.0033715883462670524,-0.006436426227977048,4.142758258819085e-05,0.006436426227977048,0,0,1,1051
ETH,Baseline,2025-03-26,-0.0268023647883791,0.0013948667162561636,-0.028197231504635264,0.0007950838645259954,0.028197231504635264,0,1,0,1052
ETH,Baseline,2025-03-27,-0.0019212301778938,0.001279028519163026,-0.003200258697056826,1.0241655728087853e-05,0.003200258697056826,0,1,0,1053
ETH,Baseline,2025-03-28,-0.0671192363900083,0.0008614258202527892,-0.0679806622102611,0.004621370434545621,0.0679806622102611,0,1,0,1054
ETH,Baseline,2025-03-31,0.0026630734603006,-0.00018469086027597843,0.0028477643205765783,8.109761625548981e-06,0.0028477643205765783,1,0,0,1055
ETH,Baseline,2025-04-01,0.0499337571080762,0.0007878221715733119,0.04914593493650289,0.0024153229207829756,0.04914593493650289,1,1,1,1056
ETH,Baseline,2025-04-02,-0.017193035062846,-0.001871088850033723,-0.015321946212812278,0.0002347620357483125,0.015321946212812278,0,0,1,1057
ETH,Baseline,2025-04-03,-0.044719627442828,-0.0006142378334840176,-0.04410538960934399,0.0019452853925920285,0.04410538960934399,0,0,1,1058
ETH,Baseline,2025-04-04,0.0110993350109979,-0.010893820183693975,0.021993155194691874,0.0004836988754178022,0.021993155194691874,1,0,0,1059
ETH,Baseline,2025-04-07,-0.0026336898310564,-0.008871695570591667,0.006238005739535266,3.891271560647492e-05,0.006238005739535266,0,0,1,1060
ETH,Baseline,2025-04-08,-0.0589372121858952,-0.00720137020423064,-0.05173584198166456,0.0026765973455517653,0.05173584198166456,0,0,1,1061
ETH,Baseline,2025-04-09,0.1227062653892785,-0.005269304813885,0.1279755702031635,0.01637774656882483,0.1279755702031635,1,0,0,1062
ETH,Baseline,2025-04-10,-0.0898536729347379,0.00901200424409953,-0.09886567717883743,0.009774422124030097,0.09886567717883743,0,1,0,1063
ETH,Baseline,2025-04-11,0.0275422763453751,0.003015523247150976,0.024526753098224125,0.0006015616175412467,0.024526753098224125,1,1,1,1064
ETH,Baseline,2025-04-14,0.0276125493634372,0.0022255046218250035,0.025387044741612196,0.0006445020407126195,0.025387044741612196,1,1,1,1065
ETH,Baseline,2025-04-15,-0.025207411384393,0.0021373015560837735,-0.027344712940476773,0.0007477333257970779,0.027344712940476773,0,1,0,1066
ETH,Baseline,2025-04-16,-0.0135769550600513,0.004090041180494943,-0.017666996240546243,0.0003121227561634751,0.017666996240546243,0,1,0,1067
ETH,Baseline,2025-04-17,0.0072597669615426,0.00613016722902781,0.0011295997325147895,1.275995555697484e-06,0.0011295997325147895,1,1,1,1068
ETH,Baseline,2025-04-21,-0.0074270429375195,0.001332183920434093,-0.008759226857953594,7.672405514909558e-05,0.008759226857953594,0,1,0,1069
ETH,Baseline,2025-04-22,0.0725713901271952,0.0020664744901291027,0.0705049156370661,0.004970943128989807,0.0705049156370661,1,1,1,1070
ETH,Baseline,2025-04-23,0.0573251055871773,-0.005506356714131442,0.06283146230130875,0.003947792654920782,0.06283146230130875,1,0,0,1071
ETH,Baseline,2025-04-24,-0.0186378314999995,-0.009476121146411732,-0.009161710353587768,8.393693660303732e-05,0.009161710353587768,0,0,1,1072
ETH,Baseline,2025-04-25,0.0208843112005317,0.002238005879307961,0.01864630532122374,0.00034768470213229676,0.01864630532122374,1,1,1,1073
ETH,Baseline,2025-04-28,-0.0091811229873261,-0.0024141959141941827,-0.006766927073131916,4.579130201308568e-05,0.006766927073131916,0,0,1,1074
ETH,Baseline,2025-04-29,0.0126355873273952,0.0025254647797341577,0.010110122547661042,0.00010221457792872421,0.010110122547661042,1,1,1,1075
ETH,Baseline,2025-04-30,-0.0081013438457324,-0.0011592377208595685,-0.006942106124872831,4.819283744899687e-05,0.006942106124872831,0,0,1,1076
ETH,Baseline,2025-05-01,0.0250936731781764,-0.0006096560019187328,0.025703329180095134,0.00066066113094033,0.025703329180095134,1,0,0,1077
ETH,Baseline,2025-05-02,0.0037798822102576,-0.0073609357681478065,0.011140817978405406,0.0001241178252279611,0.011140817978405406,1,0,0,1078
ETH,Baseline,2025-05-05,-0.0152501350967097,-0.0006219078340339973,-0.014628227262675703,0.0002139850328484887,0.014628227262675703,0,0,1,1079
ETH,Baseline,2025-05-06,-0.0186238212914564,0.004764940165095569,-0.023388761456551967,0.0005470341624714909,0.023388761456551967,0,1,0,1080
ETH,Baseline,2025-05-07,0.0127138614151127,0.005970883562954394,0.0067429778521583056,4.5467750314697434e-05,0.0067429778521583056,1,1,1,1081
ETH,Baseline,2025-05-08,0.1945206491913532,-0.0014889527763127105,0.19600960196766593,0.03841976406352283,0.19600960196766593,1,0,0,1082
ETH,Baseline,2025-05-09,0.0691503264295309,-0.013736929496130675,0.08288725592566157,0.0068702971948861186,0.08288725592566157,1,0,0,1083
ETH,Baseline,2025-05-12,-0.0100090279769422,0.0015178598680819235,-0.011526887845024123,0.00013286914339176488,0.011526887845024123,0,1,0,1084
ETH,Baseline,2025-05-13,0.0790552574959027,-0.0038028396918088165,0.08285809718771152,0.006865464269568248,0.08285809718771152,1,0,0,1085
ETH,Baseline,2025-05-14,-0.0341426328741112,-0.00583130324032585,-0.02831132963378535,0.0008015313856328525,0.02831132963378535,0,0,1,1086
ETH,Baseline,2025-05-15,-0.0244537420001408,-0.0010589901327560578,-0.023394751867384742,0.0005473144149365018,0.023394751867384742,0,0,1,1087
ETH,Baseline,2025-05-16,0.0134531264736302,0.0038608615935534297,0.009592264880076772,9.201154552955424e-05,0.009592264880076772,1,1,1,1088
ETH,Baseline,2025-05-19,0.0511480199396512,0.0012307480538546335,0.04991727188579657,0.0024917340325205364,0.04991727188579657,1,1,1,1089
ETH,Baseline,2025-05-20,-0.0028557092843251,-0.0034858334733261984,0.0006301241890010983,3.970564935642919e-07,0.0006301241890010983,0,0,1,1090
ETH,Baseline,2025-05-21,-0.0025528047906137,0.0016754137552498166,-0.0042282185458635164,1.787783207158419e-05,0.0042282185458635164,0,1,0,1091
ETH,Baseline,2025-05-22,0.0518055726316128,-0.0016873777113249333,0.05349295034293773,0.002861495736392002,0.05349295034293773,1,0,0,1092
ETH,Baseline,2025-05-23,-0.0376465486130164,-0.0005513531363215626,-0.03709519547669484,0.0013760535274542013,0.03709519547669484,0,0,1,1093
ETH,Baseline,2025-05-27,0.0389273393388503,0.004218943392301805,0.034708395946548495,0.001204672749182384,0.034708395946548495,1,1,1,1094
ETH,Baseline,2025-05-28,-0.0129295812173302,-0.00316112903337615,-0.00976845218395405,9.542265807019665e-05,0.00976845218395405,0,0,1,1095
ETH,Baseline,2025-05-29,0.0034362797761278,0.0016544015616325454,0.0017818782144952547,3.175089971292797e-06,0.0017818782144952547,1,1,1,1096
ETH,Baseline,2025-05-30,-0.0257250021149139,-0.00027838938715980344,-0.025446612727754097,0.0006475300993162968,0.025446612727754097,0,0,1,1097
ETH,Baseline,2025-06-02,0.0053706817964081,-5.810216151439266e-05,0.005428783957922493,2.9471695261796604e-05,0.005428783957922493,1,0,0,1098
ETH,Baseline,2025-06-03,0.0292346589646275,0.0005609020373693572,0.028673756927258143,0.0008221843363234844,0.028673756927258143,1,1,1,1099
ETH,Baseline,2025-06-04,-0.0041249649153499,-0.000789090844007819,-0.003335874071342081,1.1128055819852391e-05,0.003335874071342081,0,0,1,1100
ETH,Baseline,2025-06-05,-0.0826293178353184,0.0012215639904598103,-0.08385088182577821,0.0070309703829606225,0.08385088182577821,0,1,0,1101
ETH,Baseline,2025-06-06,0.0419440413391491,0.0030898538079283623,0.03885418753122074,0.001509647888711269,0.03885418753122074,1,1,1,1102
ETH,Baseline,2025-06-09,0.0227165828442921,-0.0011258581935110227,0.023842441037803124,0.0005684619946411185,0.023842441037803124,1,0,0,1103
ETH,Baseline,2025-06-10,0.0679457877714748,-0.0014306779438358862,0.06937646571531068,0.004813093995147679,0.06937646571531068,1,0,0,1104
ETH,Baseline,2025-06-11,0.0153703558613087,-0.00298555523033128,0.01835591109163998,0.0003369394720041916,0.01835591109163998,1,0,0,1105
ETH,Baseline,2025-06-12,-0.0635382651334786,-0.0007939013206177301,-0.06274436381286087,0.003936855190280645,0.06274436381286087,0,0,1,1106
ETH,Baseline,2025-06-13,-0.0366244466340013,0.0035736639182553666,-0.040198110552256666,0.0016158880919714487,0.040198110552256666,0,1,0,1107
ETH,Baseline,2025-06-16,0.0645272894942881,0.001978357639160589,0.06254893185512751,0.003912368876217385,0.06254893185512751,1,1,1,1108
ETH,Baseline,2025-06-17,-0.0614052960613087,-0.005273985867051112,-0.056131310194257586,0.0031507239841239657,0.056131310194257586,0,0,1,1109
ETH,Baseline,2025-06-18,0.0070295712729877,0.0057571462242229105,0.0012724250487647897,1.6190655047240775e-06,0.0012724250487647897,1,1,1,1110
ETH,Baseline,2025-06-20,-0.0326106602771593,-0.0005929301432445883,-0.032017730133914714,0.0010251350429281902,0.032017730133914714,0,0,1,1111
ETH,Baseline,2025-06-23,0.0705931599229438,0.004664851886879824,0.06592830803606398,0.004346541800498138,0.06592830803606398,1,1,1,1112
ETH,Baseline,2025-06-24,0.042579486499375,-0.004091189152140052,0.04667067565151505,0.00217815196576892,0.04667067565151505,1,0,0,1113
ETH,Baseline,2025-06-25,-0.0035443561507497,-0.0057785949351775575,0.0022342387844278577,4.991822945841671e-06,0.0022342387844278577,0,0,1,1114
ETH,Baseline,2025-06-26,0.0019393013139587,0.000897592044235998,0.0010417092697227021,1.0851582026262053e-06,0.0010417092697227021,1,1,1,1115
ETH,Baseline,2025-06-27,-0.0080929899299629,-0.0018634470039640752,-0.006229542925998825,3.8807205066862e-05,0.006229542925998825,0,0,1,1116
ETH,Baseline,2025-06-30,0.0285758609106643,-0.002686308869944716,0.031262169780609014,0.0009773232593916234,0.031262169780609014,1,0,0,1117
ETH,Baseline,2025-07-01,-0.0357799415102064,-0.002548086539755687,-0.03323185497045071,0.0011043561847770696,0.03323185497045071,0,0,1,1118
ETH,Baseline,2025-07-02,0.0705204940816883,0.0036156145189804654,0.06690487956270784,0.004476262909300441,0.06690487956270784,1,1,1,1119
ETH,Baseline,2025-07-03,0.0026730259992953,-0.003654840412928532,0.006327866412223832,4.004189333095051e-05,0.006327866412223832,1,0,0,1120
ETH,Baseline,2025-07-07,-0.0048803431235173,-0.0036451406509119526,-0.0012352024726053476,1.5257251483303645e-06,0.0012352024726053476,0,0,1,1121
ETH,Baseline,2025-07-08,0.0260061385023931,0.0026919974422408254,0.023314141060152276,0.0005435491733726782,0.023314141060152276,1,1,1,1122
ETH,Baseline,2025-07-09,0.0518974041971131,-0.0014595920347437155,0.053356996231856815,0.0028469690468863823,0.053356996231856815,1,0,0,1123
ETH,Baseline,2025-07-10,0.0289460338420129,-0.0011724483392173157,0.030118482181230217,0.0009071229689010821,0.030118482181230217,1,0,0,1124
ETH,Baseline,2025-07-11,0.0536134734426874,-0.0002760897816430469,0.05388956322433045,0.002904085024509109,0.05388956322433045,1,0,0,1125
ETH,Baseline,2025-07-14,0.0041071652993815,0.0009881545464450105,0.0031190107529364894,9.728228076933446e-06,0.0031190107529364894,1,1,1,1126
ETH,Baseline,2025-07-15,0.0121127827017799,0.0006782081721579423,0.011434574529621959,0.00013074949467347923,0.011434574529621959,1,1,1,1127
ETH,Baseline,2025-07-16,0.1056924320508063,0.0012567558775318823,0.10443567617327443,0.01090681045776904,0.10443567617327443,1,1,1,1128
ETH,Baseline,2025-07-17,0.0108558133566067,-0.003309608736524604,0.014165422093131303,0.00020065918307657243,0.014165422093131303,1,0,0,1129
ETH,Baseline,2025-07-18,0.0297731178155573,0.0016690607836815927,0.02810405703187571,0.0007898380216509224,0.02810405703187571,1,1,1,1130
ETH,Baseline,2025-07-21,0.00455427376309,-0.0005767994252803242,0.005131073188370324,2.6327912064412805e-05,0.005131073188370324,1,0,0,1131
ETH,Baseline,2025-07-22,-0.0137740715558016,0.0015115640495959473,-0.015285635605397547,0.00023365065586099723,0.015285635605397547,0,1,0,1132
ETH,Baseline,2025-07-23,-0.0376050585818033,0.002667772907968426,-0.040272831489771725,0.001621900956203549,0.040272831489771725,0,1,0,1133
ETH,Baseline,2025-07-24,0.0463329921725789,0.00021424267261850724,0.04611874949996039,0.002126939055440097,0.04611874949996039,1,1,1,1134
ETH,Baseline,2025-07-25,-0.014335068485566,-0.0013323530243300585,-0.013002715461235942,0.0001690706093658642,0.013002715461235942,0,0,1,1135
ETH,Baseline,2025-07-28,-0.0091015622784621,-0.00035689840587840947,-0.008744663872583689,7.646914624447037e-05,0.008744663872583689,0,0,1,1136
ETH,Baseline,2025-07-29,-0.0069746110296181,0.004265569209956876,-0.011240180239574977,0.00012634165181813178,0.011240180239574977,0,1,0,1137
ETH,Baseline,2025-07-30,0.0019484645419917,0.003447341001446246,-0.001498876459454546,2.246630640706995e-06,0.001498876459454546,1,1,1,1138
ETH,Baseline,2025-07-31,-0.009151364030403,0.0037308986462664976,-0.012882262676669497,0.00016595269167071194,0.012882262676669497,0,1,0,1139
ETH,Baseline,2025-08-01,-0.0540581513564807,0.001731879555641138,-0.055790030912121834,0.0031125275491755097,0.055790030912121834,0,1,0,1140
ETH,Baseline,2025-08-04,0.0574731041586664,-0.0009797097681284736,0.05845281392679487,0.0034167314559605043,0.05845281392679487,1,0,0,1141
ETH,Baseline,2025-08-05,-0.0344997782592543,-0.0012704345069775433,-0.033229343752276756,0.0011041892862069743,0.033229343752276756,0,0,1,1142
ETH,Baseline,2025-08-06,0.0277748908483051,0.0036369002107973242,0.024137990637507774,0.000582642592016413,0.024137990637507774,1,1,1,1143
ETH,Baseline,2025-08-07,0.052344174072652,-0.002635428195632809,0.05497960226828481,0.0030227566655787884,0.05497960226828481,1,0,0,1144
ETH,Baseline,2025-08-08,0.046197456997032,0.0007234107661215055,0.045474046230910496,0.002067888880610985,0.045474046230910496,1,1,1,1145
ETH,Baseline,2025-08-11,0.0067214362815383,0.0031100489080857635,0.003611387373452537,1.3042118761132413e-05,0.003611387373452537,1,1,1,1146
ETH,Baseline,2025-08-12,0.083784026745939,-0.001565518974053248,0.08534954571999225,0.007284544954609047,0.08534954571999225,1,0,0,1147
ETH,Baseline,2025-08-13,0.0212330113738598,-0.0035847081443215645,0.024817719518181364,0.0006159192020831202,0.024817719518181364,1,0,0,1148
ETH,Baseline,2025-08-14,-0.0393957696391154,0.0014010969098849748,-0.040796866549000374,0.0016643843202169457,0.040796866549000374,0,1,0,1149
ETH,Baseline,2025-08-15,-0.0239882030718733,0.004432340228550281,-0.02842054330042358,0.0008077272814912517,0.02842054330042358,0,1,0,1150
ETH,Baseline,2025-08-18,-0.0297541409837481,-0.00020674797744697833,-0.02954739300630112,0.0008730484334688124,0.02954739300630112,0,0,1,1151
ETH,Baseline,2025-08-19,-0.0425463893626042,0.004356411034986828,-0.04690280039759103,0.0021998726851362653,0.04690280039759103,0,1,0,1152
ETH,Baseline,2025-08-20,0.0470344547993848,0.004070888501787004,0.042963566297597795,0.0018458680290080812,0.042963566297597795,1,1,1,1153
ETH,Baseline,2025-08-21,-0.0270564529224524,0.0010761569958798816,-0.02813260991833228,0.0007914437408170479,0.02813260991833228,0,1,0,1154
ETH,Baseline,2025-08-22,0.1322306733899645,0.003279526317933329,0.12895114707203117,0.016628398331192614,0.12895114707203117,1,1,1,1155
ETH,Baseline,2025-08-25,-0.0941322240514131,0.0005023390317641042,-0.0946345630831772,0.008955700529943846,0.0946345630831772,0,1,0,1156
ETH,Baseline,2025-08-26,0.0517865945024247,0.009318458946818261,0.04246813555560644,0.0018035425375693638,0.04246813555560644,1,1,1,1157
ETH,Baseline,2025-08-27,0.001230182516068,-0.000983319354216567,0.002213501870284567,4.899590529753277e-06,0.002213501870284567,1,0,0,1158
ETH,Baseline,2025-08-28,-0.0301027699595744,0.00209884222441622,-0.03220161218399062,0.001036943827248133,0.03220161218399062,0,1,0,1159
ETH,Baseline,2025-08-29,-0.0311713194020282,0.0024431463534799673,-0.033614465755508166,0.0011299323080282311,0.033614465755508166,0,1,0,1160
ETH,Baseline,2025-09-02,0.0058468482665485,0.0051920916038381715,0.0006547566627103287,4.2870628736356714e-07,0.0006547566627103287,1,1,1,1161
ETH,Baseline,2025-09-03,0.0348846760745277,0.0062946104558714395,0.02859006561865626,0.0008173918520790707,0.02859006561865626,1,1,1,1162
ETH,Baseline,2025-09-04,-0.0363344811847438,0.0006811642318127165,-0.03701564541655652,0.0013701580056042415,0.03701564541655652,0,1,0,1163
ETH,Baseline,2025-09-05,0.0072626663627668,0.0029531953460518855,0.004309471016714915,1.857154044390588e-05,0.004309471016714915,1,1,1,1164
ETH,Baseline,2025-09-08,-0.000595557992613,0.000751059558018505,-0.0013466175506315048,1.8133788276687935e-06,0.0013466175506315048,0,1,0,1165
ETH,Baseline,2025-09-09,0.0013743660836907,0.0010658857216886359,0.00030848036200206404,9.516013374092447e-08,0.00030848036200206404,1,1,1,1166
ETH,Baseline,2025-09-10,0.0063703778431359,0.002273734344892564,0.004096643498243336,1.6782487951699397e-05,0.004096643498243336,1,1,1,1167
ETH,Baseline,2025-09-11,0.0201913924764079,0.0008851957908741282,0.019306196685533773,0.00037272923046051523,0.019306196685533773,1,1,1,1168
ETH,Baseline,2025-09-12,0.0559355309487482,-0.00123152981567877,0.05716706076442697,0.003268072836443686,0.05716706076442697,1,0,0,1169
ETH,Baseline,2025-09-15,-0.0233600628658587,0.0019916731698237998,-0.025351736035682502,0.0006427105200229227,0.025351736035682502,0,1,0,1170
ETH,Baseline,2025-09-16,-0.0030782195503456,0.0018483590397418241,-0.004926578590087424,2.4271176604307792e-05,0.004926578590087424,0,1,0,1171
ETH,Baseline,2025-09-17,0.001059692788285,-0.0010535728206027485,0.002113265608887749,4.4658915337077074e-06,0.002113265608887749,1,0,0,1172
ETH,Baseline,2025-09-18,0.0224518851736306,0.00294787625162599,0.01950400892200461,0.0003804063640296355,0.01950400892200461,1,1,1,1173
ETH,Baseline,2025-09-19,-0.0316353170451494,0.00013925650239646377,-0.03177457354754586,0.0010096235241284013,0.03177457354754586,0,1,0,1174
ETH,Baseline,2025-09-22,-0.0679245743120771,0.0023584912174939954,-0.0702830655295711,0.004939709300233986,0.0702830655295711,0,1,0,1175
ETH,Baseline,2025-09-23,-0.0018675570686672,0.0052826571965514935,-0.007150214265218694,5.11255640385369e-05,0.007150214265218694,0,1,0,1176
ETH,Baseline,2025-09-24,-0.0023099734464758,0.003035205447665606,-0.005345178894141406,2.8570937410374743e-05,0.005345178894141406,0,1,0,1177
ETH,Baseline,2025-09-25,-0.0691309953301054,0.0027698187150043724,-0.07190081404510977,0.005169727060349454,0.07190081404510977,0,1,0,1178
ETH,Baseline,2025-09-26,0.0316210378254285,0.008169381500258942,0.02345165632516956,0.0005499801843938653,0.02345165632516956,1,1,1,1179
ETH,Baseline,2025-09-29,0.0421435230239931,0.00023103623940127235,0.04191248678459183,0.0017566565484685847,0.04191248678459183,1,1,1,1180
ETH,Baseline,2025-09-30,-0.0081748044430075,-0.0005110472603815394,-0.00766375718262596,5.8733174154250986e-05,0.00766375718262596,0,0,1,1181
ETH,Baseline,2025-10-01,0.0330441155716006,0.0013341557688275867,0.03170995980277301,0.00100552155069348,0.03170995980277301,1,1,1,1182
ETH,Baseline,2025-10-02,0.0355238266291595,0.0006035393538358416,0.034920287275323654,0.001219426463391131,0.034920287275323654,1,1,1,1183
ETH,Baseline,2025-10-03,0.0098682716118382,-0.0003667689051861092,0.01023504051702431,0.00010475605438512925,0.01023504051702431,1,0,0,1184
ETH,Baseline,2025-10-06,0.041848385070901,0.0023776220104011767,0.039470763060499826,0.0015579411365781177,0.039470763060499826,1,1,1,1185
ETH,Baseline,2025-10-07,-0.0392094599716998,0.0030778225206527913,-0.04228728249235259,0.00178821426058803,0.04228728249235259,0,1,0,1186
ETH,Baseline,2025-10-08,-0.0018480705352263,0.006875413460041609,-0.008723483995267909,7.609917301569535e-05,0.008723483995267909,0,1,0,1187
ETH,Baseline,2025-10-09,-0.037008046678813,0.004967188928479424,-0.041975235607292424,0.0017619204042877098,0.041975235607292424,0,1,0,1188
ETH,Baseline,2025-10-10,-0.1165702462666358,0.003233374934598505,-0.1198036212012343,0.014352907652928838,0.1198036212012343,0,1,0,1189
ETH,Baseline,2025-10-14,-0.0401633474379033,0.005438288553647227,-0.045601635991550524,0.002079509205105876,0.045601635991550524,0,1,0,1190
ETH,Baseline,2025-10-15,-0.0387037514460872,0.0029669057298467453,-0.04167065717593395,0.0017364436694742155,0.04167065717593395,0,1,0,1191
ETH,Baseline,2025-10-16,-0.0289577120805528,0.0028130041167548385,-0.03177071619730764,0.001009378407689866,0.03177071619730764,0,1,0,1192
ETH,Baseline,2025-10-17,0.0019248584998494,0.002029176996924056,-0.00010431849707465612,1.0882348831915038e-08,0.00010431849707465612,1,1,1,1193
ETH,Baseline,2025-10-20,-0.0005000375132316,-0.0005425566964184095,4.251918318680956e-05,1.8078809388734685e-09,4.251918318680956e-05,0,0,1,1194
ETH,Baseline,2025-10-21,-0.0097909417506991,0.005695721094595615,-0.015486662845294714,0.00023983672608383178,0.015486662845294714,0,1,0,1195
ETH,Baseline,2025-10-22,-0.0462956393513182,-0.003675461444736802,-0.0426201779065814,0.0018164795647886494,0.0426201779065814,0,0,1,1196
ETH,Baseline,2025-10-23,0.013311003619243,0.0018080972563262595,0.011502906362916742,0.00013231685479403048,0.011502906362916742,1,1,1,1197
ETH,Baseline,2025-10-24,0.0277585400074498,0.0027458846090818965,0.025012655398367903,0.000625632930077503,0.025012655398367903,1,1,1,1198
ETH,Baseline,2025-10-27,0.0164758906513517,-0.0014444863597060788,0.01792037701105778,0.0003211399122184482,0.01792037701105778,1,0,0,1199
ETH,Baseline,2025-10-28,-0.0369958309445941,-0.005751144907622003,-0.031244686036972093,0.0009762304055489588,0.031244686036972093,0,0,1,1200
ETH,Baseline,2025-10-29,-0.0073208319339031,0.0001446790036151714,-0.007465510937518271,5.5733853558204934e-05,0.007465510937518271,0,1,0,1201
ETH,Baseline,2025-10-30,-0.0504113102201998,0.002787537064200766,-0.053198847284400566,0.0028301173523889735,0.053198847284400566,0,1,0,1202
ETH,Baseline,2025-10-31,0.0269049096426468,0.005994878073443557,0.020910031569203243,0.0004372294202250762,0.020910031569203243,1,1,1,1203
ETH,Baseline,2025-11-03,-0.0700441541309016,-5.834802412071167e-07,-0.0700435706506604,0.004906101789494055,0.0700435706506604,0,0,1,1204
ETH,Baseline,2025-11-04,-0.1137554723620222,0.0047539315178065375,-0.11850940387982874,0.014044478807952367,0.11850940387982874,0,1,0,1205
ETH,Baseline,2025-11-05,0.0689179770004887,0.005219160374528627,0.06369881662596007,0.004057539239547687,0.06369881662596007,1,1,1,1206
ETH,Baseline,2025-11-06,-0.0343793229245137,-0.0017671960658136043,-0.032612126858700095,0.001063550818247948,0.032612126858700095,0,0,1,1207
ETH,Baseline,2025-11-07,0.04140406566405,0.0019098245372477425,0.039494241126802256,0.0015597950821819987,0.039494241126802256,1,1,1,1208
ETH,Baseline,2025-11-10,-0.0105420695957766,-0.00147573165012662,-0.00906633794564998,8.219848374473268e-05,0.00906633794564998,0,0,1,1209
ETH,Baseline,2025-11-12,0.0011342907806742,0.0013666067190364738,-0.00023231593836227382,5.3970695217143804e-08,0.00023231593836227382,1,1,1,1210
ETH,Baseline,2025-11-13,-0.0734820097948258,0.0036636183979879824,-0.07714562819281379,0.005951447949263866,0.07714562819281379,0,1,0,1211
ETH,Baseline,2025-11-14,-0.0043678788200774,0.0034735618090639994,-0.007841440629141399,6.148819114034946e-05,0.007841440629141399,0,1,0,1212
ETH,Baseline,2025-11-17,-0.0215248839948724,-0.0007007532914236386,-0.020824130703448764,0.0004336444195543175,0.020824130703448764,0,0,1,1213
ETH,Baseline,2025-11-18,0.029392775803051,0.0013287121182112393,0.02806406368483976,0.0007875916705067418,0.02806406368483976,1,1,1,1214
ETH,Baseline,2025-11-19,-0.0354500446785679,-0.001415877263490504,-0.0340341674150774,0.0011583245516375163,0.0340341674150774,0,0,1,1215
ETH,Baseline,2025-11-20,-0.03771497877662,0.004295189461194305,-0.042010168237814303,0.0017648542353694617,0.042010168237814303,0,1,0,1216
ETH,Baseline,2025-11-21,-0.0397932883204553,0.002173196504418241,-0.041966484824873536,0.0017611858485563408,0.041966484824873536,0,1,0,1217
ETH,Baseline,2025-11-24,0.0407751337585565,-8.232209565742742e-05,0.04085745585421393,0.0016693316988790402,0.04085745585421393,1,0,0,1218
ETH,Baseline,2025-11-25,-0.009706408739737,-0.0016620928549758466,-0.008044315884761153,6.471101805382062e-05,0.008044315884761153,0,0,1,1219
ETH,Baseline,2025-11-26,0.0302350526059831,0.0008169112097886882,0.029418141396194412,0.0008654270432064873,0.029418141396194412,1,1,1,1220
ETH,Baseline,2025-11-28,0.001409712757503,-0.0004751451105365432,0.0018848578680395432,3.552689182710572e-06,0.0018848578680395432,1,0,0,1221
ETH,Baseline,2025-12-01,-0.0789673341449662,0.00041385033738779045,-0.079381184482354,0.006301372449821519,0.079381184482354,0,1,0,1222
ETH,Baseline,2025-12-02,0.070683972858718,0.004009802687562392,0.06667417017115561,0.004445444968012216,0.06667417017115561,1,1,1,1223
ETH,Baseline,2025-12-03,0.0547809662268168,-0.004680568825523561,0.059461535052340364,0.0035356741507807017,0.059461535052340364,1,0,0,1224
ETH,Baseline,2025-12-04,-0.0135437369622067,-0.0030415088908883454,-0.010502228071318355,0.00011029679446198725,0.010502228071318355,0,0,1,1225
ETH,Baseline,2025-12-05,-0.0337450138072728,0.0013060968619407805,-0.035051110669213584,0.0012285803591454583,0.035051110669213584,0,1,0,1226
ETH,Baseline,2025-12-08,0.0198098062096652,-0.0006770886854602786,0.02048689489512548,0.0004197128624439184,0.02048689489512548,1,0,0,1227
ETH,Baseline,2025-12-09,0.0474109154051095,-0.0016272666797787615,0.04903818208488826,0.002404743302190656,0.04903818208488826,1,0,0,1228
ETH,Baseline,2025-12-10,0.0122363621001025,-0.0011202911195806284,0.013356653219683129,0.00017840018523087168,0.013356653219683129,1,0,0,1229
ETH,Baseline,2025-12-11,-0.0276408196673252,-0.001460772272228517,-0.026180047395096682,0.0006853948816095086,0.026180047395096682,0,0,1,1230
ETH,Baseline,2025-12-12,-0.0528698358340786,0.002951873459473788,-0.05582170929355239,0.003116063228453873,0.05582170929355239,0,1,0,1231
ETH,Baseline,2025-12-15,-0.0452686377788639,0.00195810738197413,-0.047226745160838024,0.0022303654584867375,0.047226745160838024,0,1,0,1232
ETH,Baseline,2025-12-16,0.0019194905340758,0.0019489368629201503,-2.9446328844350434e-05,8.670862824096244e-10,2.9446328844350434e-05,1,1,1,1233
ETH,Baseline,2025-12-17,-0.045863429024493,0.00026709829507269264,-0.0461305273195657,0.002128025550781197,0.0461305273195657,0,1,0,1234
ETH,Baseline,2025-12-18,0.0030281642196873,0.004801732829411059,-0.0017735686097237594,3.145545613397469e-06,0.0017735686097237594,1,1,1,1235
ETH,Baseline,2025-12-19,0.0505102155708176,-0.0005149711392409195,0.05102518671005852,0.0026035696787963325,0.05102518671005852,1,0,0,1236
ETH,Baseline,2025-12-22,0.0046462639294153,0.0006606445160922119,0.003985619413323089,1.588516210785788e-05,0.003985619413323089,1,1,1,1237
ETH,Baseline,2025-12-23,-0.0049153008126314,0.0003220667484855696,-0.0052373675611169694,2.7430018970240313e-05,0.0052373675611169694,0,1,0,1238
ETH,Baseline,2025-12-24,-0.008023573330463,-0.0005123182541296149,-0.007511255076333385,5.641895282174404e-05,0.007511255076333385,0,0,1,1239
ETH,Baseline,2025-12-26,-0.0073841561550595,0.00012225285205039524,-0.0075064090071098955,5.6346176182020564e-05,0.0075064090071098955,0,1,0,1240
ETH,Baseline,2025-12-29,-0.0001362927024182,0.0011769400656045973,-0.0013132327680227974,1.7245803030088184e-06,0.0013132327680227974,0,1,0,1241
ETH,Baseline,2025-12-30,0.0105552072599906,-0.0036571439350525196,0.01421235119504312,0.00020199092649124362,0.01421235119504312,1,0,0,1242
ETH,Baseline,2025-12-31,0.0043032236232183,0.0010532934669533426,0.0032499301562649574,1.056204602060037e-05,0.0032499301562649574,1,1,1,1243
ETH,Cross_Crypto,2024-01-02,0.0125389495095303,-0.002263494916836868,0.014802444426367169,0.00021911236099568846,0.014802444426367169,1,0,0,746
ETH,Cross_Crypto,2024-01-03,-0.0608662083679716,-0.00046542816064956347,-0.060400780207322036,0.0036482542496532253,0.060400780207322036,0,0,1,747
ETH,Cross_Crypto,2024-01-04,0.021428360404804,0.005751646430629441,0.01567671397417456,0.0002457593610280799,0.01567671397417456,1,1,1,748
ETH,Cross_Crypto,2024-01-05,-0.0123791315114931,-0.002995292116861196,-0.009383839394631903,8.805644178424565e-05,0.009383839394631903,0,0,1,749
ETH,Cross_Crypto,2024-01-08,0.042860740297264,-0.001086434988496282,0.04394717528576028,0.0019313542155973394,0.04394717528576028,1,0,0,750
ETH,Cross_Crypto,2024-01-09,-0.009103463761962,-0.00246554310957405,-0.0066379206523879495,4.406199058739846e-05,0.0066379206523879495,0,0,1,751
ETH,Cross_Crypto,2024-01-10,0.0868154442999705,0.001376909086609205,0.0854385352133613,0.007299743299404778,0.0854385352133613,1,1,1,752
ETH,Cross_Crypto,2024-01-11,0.0293654497086816,-0.007946874358312143,0.037312324066993745,0.0013922095272803606,0.037312324066993745,1,0,0,753
ETH,Cross_Crypto,2024-01-12,-0.0310160429312558,0.0013827534872718657,-0.032398796418527664,0.001049682009369201,0.032398796418527664,0,1,0,754
ETH,Cross_Crypto,2024-01-16,0.0326778382677836,0.0010582716918399841,0.031619566575943614,0.0009997969904505305,0.031619566575943614,1,1,1,755
ETH,Cross_Crypto,2024-01-17,-0.0313496983601835,-0.0048361847959579995,-0.026513513564225502,0.0007029664015203697,0.026513513564225502,0,0,1,756
ETH,Cross_Crypto,2024-01-18,-0.0281663490167934,0.0002734039466031641,-0.028439752963396563,0.0008088195486190236,0.028439752963396563,0,1,0,757
ETH,Cross_Crypto,2024-01-19,0.0133181477508721,0.0007749679803920571,0.012543179770480042,0.00015733135875457976,0.012543179770480042,1,1,1,758
ETH,Cross_Crypto,2024-01-22,-0.0614152350583283,-0.0015683372352779269,-0.059846897823050374,0.0035816511790426318,0.059846897823050374,0,0,1,759
ETH,Cross_Crypto,2024-01-23,-0.0545607931933054,0.005581498089546177,-0.060142291282851576,0.0036170952007513646,0.060142291282851576,0,1,0,760
ETH,Cross_Crypto,2024-01-24,0.0066552219565532,0.004720619564576766,0.0019346023919764336,3.7426864150409385e-06,0.0019346023919764336,1,1,1,761
ETH,Cross_Crypto,2024-01-25,0.0009020590107201,-0.003741655620993725,0.0046437146317138255,2.156408558079307e-05,0.0046437146317138255,1,0,0,762
ETH,Cross_Crypto,2024-01-26,0.0183372531811751,0.000785898344845621,0.01755135483632948,0.00030805005659074623,0.01755135483632948,1,1,1,763
ETH,Cross_Crypto,2024-01-29,0.0190844651535438,5.263002220781687e-05,0.019031835131335984,0.00036221074846635456,0.019031835131335984,1,1,1,764
ETH,Cross_Crypto,2024-01-30,0.0314749718523305,0.0005176631165539347,0.030957308735776567,0.0009583549641621882,0.030957308735776567,1,1,1,765
ETH,Cross_Crypto,2024-01-31,-0.0440183558825222,-0.0007571428146616495,-0.04326121306786056,0.0018715325561028291,0.04326121306786056,0,0,1,766
ETH,Cross_Crypto,2024-02-01,0.0112852493739947,0.007193236450405371,0.004092012923589329,1.674456976682209e-05,0.004092012923589329,1,1,1,767
ETH,Cross_Crypto,2024-02-02,-0.0036227117730479,0.002402479089526583,-0.006025190862574483,3.630292493045104e-05,0.006025190862574483,0,1,0,768
ETH,Cross_Crypto,2024-02-05,-0.00541557709546,-0.006955205680754334,0.0015396285852943342,2.3704561806554327e-06,0.0015396285852943342,0,0,1,769
ETH,Cross_Crypto,2024-02-06,0.0400119357510752,-0.003361115007826848,0.04337305075890205,0.0018812215321342936,0.04337305075890205,1,0,0,770
ETH,Cross_Crypto,2024-02-07,0.020613200441266,0.0008898446393597985,0.019723355801906203,0.00038901076408858707,0.019723355801906203,1,1,1,771
ETH,Cross_Crypto,2024-02-08,-0.001659724076131,-0.002115832688568754,0.00045610861243775393,2.0803506633989322e-07,0.00045610861243775393,0,0,1,772
ETH,Cross_Crypto,2024-02-09,0.0317441900401254,-0.0009486904896843316,0.03269288052980973,0.0010688244373364122,0.03269288052980973,1,0,0,773
ETH,Cross_Crypto,2024-02-12,0.0498296564131574,-0.0019508450125201929,0.05178050142567759,0.002681220327894599,0.05178050142567759,1,0,0,774
ETH,Cross_Crypto,2024-02-13,0.0003000545058223,-0.00406491288860493,0.00436496739442723,1.9052940354412837e-05,0.00436496739442723,1,0,0,775
ETH,Cross_Crypto,2024-02-14,0.054393960372012,-0.004387465886303215,0.058781426258315214,0.0034552560729617494,0.058781426258315214,1,0,0,776
ETH,Cross_Crypto,2024-02-15,0.0058452436383763,-0.0005706337032650704,0.00641587734164137,4.1163482062987136e-05,0.00641587734164137,1,0,0,777
ETH,Cross_Crypto,2024-02-16,-0.0020652401067546,0.0005270216513653947,-0.0025922617581199945,6.719821022611365e-06,0.0025922617581199945,0,1,0,778
ETH,Cross_Crypto,2024-02-20,0.0069674993306654,-0.004071058623086973,0.011038557953752373,0.00012184976169834978,0.011038557953752373,1,0,0,779
ETH,Cross_Crypto,2024-02-21,-0.0205100549779497,0.0014936947337767289,-0.02200374971172643,0.000484165001376301,0.02200374971172643,0,1,0,780
ETH,Cross_Crypto,2024-02-22,0.0192879600214251,0.0001930964903519069,0.019094863531073196,0.00036461381327030913,0.019094863531073196,1,1,1,781
ETH,Cross_Crypto,2024-02-23,-0.0143850958803536,-0.003283994479763649,-0.01110110140058995,0.00012323445230618017,0.01110110140058995,0,0,1,782
ETH,Cross_Crypto,2024-02-26,0.0244317518071533,0.0018548693306320915,0.02257688247652121,0.0005097156223586505,0.02257688247652121,1,1,1,783
ETH,Cross_Crypto,2024-02-27,0.0197493930298543,-0.00010948666790961716,0.01985887969776392,0.00039437510285025997,0.01985887969776392,1,0,0,784
ETH,Cross_Crypto,2024-02-28,0.0225911503734165,-3.305476998664153e-05,0.02262420514340314,0.0005118546583707892,0.02262420514340314,1,0,0,785
ETH,Cross_Crypto,2024-02-29,0.007896059304081,0.0026915668707766793,0.005204492433304321,2.7086741488321933e-05,0.005204492433304321,1,1,1,786
ETH,Cross_Crypto,2024-03-01,0.0234228997296185,0.002446736447330858,0.020976163282287644,0.00043999942604519234,0.020976163282287644,1,1,1,787
ETH,Cross_Crypto,2024-03-04,0.0303491091535642,0.0014922020181193825,0.028856907135444816,0.0008327210894236859,0.028856907135444816,1,1,1,788
ETH,Cross_Crypto,2024-03-05,-0.0175820667648293,0.000736726828101341,-0.018318793592930642,0.00033557819870039674,0.018318793592930642,0,1,0,789
ETH,Cross_Crypto,2024-03-06,0.088797724668171,0.005142610062764785,0.08365511460540621,0.006998178199643648,0.08365511460540621,1,1,1,790
ETH,Cross_Crypto,2024-03-07,0.0062518405745819,-0.004427399160803942,0.010679239735385843,0.00011404616132584388,0.010679239735385843,1,0,0,791
ETH,Cross_Crypto,2024-03-08,0.0107549998409559,-0.0008361322517026377,0.011591132092658538,0.0001343543431894587,0.011591132092658538,1,0,0,792
ETH,Cross_Crypto,2024-03-11,0.0317890881928821,0.002795315894899831,0.02899377229798227,0.000840638832067244,0.02899377229798227,1,1,1,793
ETH,Cross_Crypto,2024-03-12,-0.0206285847281993,-0.00017133714987521698,-0.020457247578324084,0.0004184989784808466,0.020457247578324084,0,0,1,794
ETH,Cross_Crypto,2024-03-13,0.0104413755606291,0.0004607901208054689,0.00998058543982363,9.961208572161945e-05,0.00998058543982363,1,1,1,795
ETH,Cross_Crypto,2024-03-14,-0.0385471716643302,0.0010251598101108199,-0.039572331474441017,0.001565969418323035,0.039572331474441017,0,1,0,796
ETH,Cross_Crypto,2024-03-15,-0.0567404659579355,0.0005071156748850704,-0.057247581632820566,0.0032772856028064545,0.057247581632820566,0,1,0,797
ETH,Cross_Crypto,2024-03-18,-0.0347097192449139,0.0017523171110889815,-0.03646203635600288,0.001329480095226476,0.03646203635600288,0,1,0,798
ETH,Cross_Crypto,2024-03-19,-0.0678558987148886,0.0018668457653947083,-0.06972274448028332,0.004861261097862878,0.06972274448028332,0,1,0,799
ETH,Cross_Crypto,2024-03-20,0.0542454052866777,0.007003575419894582,0.04724182986678312,0.0022317904891620815,0.04724182986678312,1,1,1,800
ETH,Cross_Crypto,2024-03-21,0.0064366316988604,-0.001392071368803597,0.007828703067663997,6.128859172165167e-05,0.007828703067663997,1,0,0,801
ETH,Cross_Crypto,2024-03-22,-0.0487054828116952,0.0021701281964358263,-0.050875611008131025,0.002588327795450663,0.050875611008131025,0,1,0,802
ETH,Cross_Crypto,2024-03-25,0.0612611736051354,0.002726499116484621,0.05853467448865078,0.003426308117492305,0.05853467448865078,1,1,1,803
ETH,Cross_Crypto,2024-03-26,-0.0146978809115043,-0.002945661869249879,-0.011752219042254422,0.00013811465241712743,0.011752219042254422,0,0,1,804
ETH,Cross_Crypto,2024-03-27,-0.0183631202823742,0.002928825357419132,-0.021291945639793333,0.0004533469491279143,0.021291945639793333,0,1,0,805
ETH,Cross_Crypto,2024-03-28,0.0144686852358644,0.0033567716087104654,0.011111913627153934,0.0001234746244573293,0.011111913627153934,1,1,1,806
ETH,Cross_Crypto,2024-04-01,-0.0379372521549726,-0.0017419675233489897,-0.03619528463162361,0.0013100986295642482,0.03619528463162361,0,0,1,807
ETH,Cross_Crypto,2024-04-02,-0.0671434720144871,-0.0014201762474990616,-0.06572329576698804,0.004319551606474989,0.06572329576698804,0,0,1,808
ETH,Cross_Crypto,2024-04-03,0.011037236920114,0.003104942297566547,0.007932294622547452,6.292129797889522e-05,0.007932294622547452,1,1,1,809
ETH,Cross_Crypto,2024-04-04,0.0056987942560153,-0.0003123820772324877,0.006011176333247788,3.613424090939832e-05,0.006011176333247788,1,0,0,810
ETH,Cross_Crypto,2024-04-05,0.0029421940554148,0.0018270959314601754,0.0011150981239546245,1.243443826047123e-06,0.0011150981239546245,1,1,1,811
ETH,Cross_Crypto,2024-04-08,0.081147878697655,-0.004706100969523076,0.08585397966717807,0.0073709058246922265,0.08585397966717807,1,0,0,812
ETH,Cross_Crypto,2024-04-09,-0.0490809159274276,-0.004066525831995392,-0.04501439009543221,0.0020262953156637456,0.04501439009543221,0,0,1,813
ETH,Cross_Crypto,2024-04-10,0.00021349730007,0.006919701952349453,-0.006706204652279453,4.497318083825458e-05,0.006706204652279453,1,1,1,814
ETH,Cross_Crypto,2024-04-11,0.0032537450292692,-0.004529658254997258,0.007783403284266459,6.0581366685529896e-05,0.007783403284266459,1,0,0,815
ETH,Cross_Crypto,2024-04-12,-0.0880861762779006,0.001245172627522776,-0.08933134890542337,0.007980089897262484,0.08933134890542337,0,1,0,816
ETH,Cross_Crypto,2024-04-15,0.0048280608452587,0.0003670956407698829,0.004460965204488817,1.9900210555659956e-05,0.004460965204488817,1,1,1,817
ETH,Cross_Crypto,2024-04-16,-0.0038345349685092,-0.005634940532181389,0.001800405563672189,3.2414601937017724e-06,0.001800405563672189,0,0,1,818
ETH,Cross_Crypto,2024-04-17,-0.032847887064307,0.0017505877010645186,-0.03459847476537152,0.00119705445609005,0.03459847476537152,0,1,0,819
ETH,Cross_Crypto,2024-04-18,0.0324733948632078,0.006684508490835678,0.025788886372372123,0.0006650666603271206,0.025788886372372123,1,1,1,820
ETH,Cross_Crypto,2024-04-19,0.0030894333515899,-0.0018109133011230127,0.004900346652712913,2.4013397316754653e-05,0.004900346652712913,1,0,0,821
ETH,Cross_Crypto,2024-04-22,0.0131017259121116,0.0020562462125626024,0.011045479699548997,0.00012200262179314901,0.011045479699548997,1,1,1,822
ETH,Cross_Crypto,2024-04-23,0.0061071705969106,0.0011127902811297816,0.004994380315780819,2.494383473865891e-05,0.004994380315780819,1,1,1,823
ETH,Cross_Crypto,2024-04-24,-0.0254029372510564,-0.0002301367458219846,-0.025172800505234412,0.0006336698852763299,0.025172800505234412,0,0,1,824
ETH,Cross_Crypto,2024-04-25,0.0136900432012335,3.12414897141438e-05,0.013658801711519356,0.00018656286419460407,0.013658801711519356,1,1,1,825
ETH,Cross_Crypto,2024-04-26,-0.0096094458531862,-0.0007214786883839447,-0.008887967164802255,7.899596032260304e-05,0.008887967164802255,0,0,1,826
ETH,Cross_Crypto,2024-04-29,-0.0424748446022586,-0.00032829535284616823,-0.042146549249412434,0.0017763316136331477,0.042146549249412434,0,0,1,827
ETH,Cross_Crypto,2024-04-30,-0.0693494705704347,0.0049552371342588206,-0.07430470770469352,0.005521189587079941,0.07430470770469352,0,1,0,828
ETH,Cross_Crypto,2024-05-01,-0.008593346044841,0.004731555249328485,-0.013324901294169486,0.00017755299449935964,0.013324901294169486,0,1,0,829
ETH,Cross_Crypto,2024-05-02,0.0165611138657798,0.003531990784405647,0.013029123081374154,0.00016975804826959673,0.013029123081374154,1,1,1,830
ETH,Cross_Crypto,2024-05-03,0.0421451430836028,0.0005587434774338915,0.04158639960616891,0.0017294286322039657,0.04158639960616891,1,1,1,831
ETH,Cross_Crypto,2024-05-06,-0.0186256872200935,0.002708071847245544,-0.021333759067339045,0.0004551292759432709,0.021333759067339045,0,1,0,832
ETH,Cross_Crypto,2024-05-07,-0.0102807694017093,0.00035780704330214477,-0.010638576445011445,0.00011317930877635234,0.010638576445011445,0,1,0,833
ETH,Cross_Crypto,2024-05-08,-0.0323727305622052,0.0027428345389362008,-0.0351155651011414,0.0012331029123725,0.0351155651011414,0,1,0,834
ETH,Cross_Crypto,2024-05-09,0.0235419237143738,0.0025552888490214497,0.02098663486535235,0.0004404388429716228,0.02098663486535235,1,1,1,835
ETH,Cross_Crypto,2024-05-10,-0.0438369548909163,-0.0005764965201806461,-0.04326045837073566,0.0018714672584461529,0.04326045837073566,0,0,1,836
ETH,Cross_Crypto,2024-05-13,0.0107886558474106,-0.001937981087986056,0.012726636935396655,0.00016196728768540239,0.012726636935396655,1,0,0,837
ETH,Cross_Crypto,2024-05-14,-0.0216257935942462,-0.000920401774498366,-0.020705391819747836,0.0004287132504092806,0.020705391819747836,0,0,1,838
ETH,Cross_Crypto,2024-05-15,0.0447968581014372,0.0019814143272883257,0.04281544377414888,0.001833162225577304,0.04281544377414888,1,1,1,839
ETH,Cross_Crypto,2024-05-16,-0.0285712632938049,0.0007996330790702721,-0.029370896372875172,0.0008626495537461719,0.029370896372875172,0,1,0,840
ETH,Cross_Crypto,2024-05-17,0.0503441469102977,0.002202771070066365,0.04814137584023133,0.0023175920677904085,0.04814137584023133,1,1,1,841
ETH,Cross_Crypto,2024-05-20,0.1291988290300623,0.0002617456282755313,0.12893708340178678,0.01662477147615932,0.12893708340178678,1,1,1,842
ETH,Cross_Crypto,2024-05-21,0.0675295733900453,-0.008279005667414957,0.07580857905746026,0.005746940658711203,0.07580857905746026,1,0,0,843
ETH,Cross_Crypto,2024-05-22,0.0007766016464099,-0.0018467547185616693,0.0026233563649715693,6.881998617636846e-06,0.0026233563649715693,1,0,0,844
ETH,Cross_Crypto,2024-05-23,0.0012929973342138,-0.0001446176840230913,0.0014376150182368913,2.0667369406602573e-06,0.0014376150182368913,1,0,0,845
ETH,Cross_Crypto,2024-05-24,-0.0050936775850058,-0.0006527877920507984,-0.004440889792955002,1.972150215317192e-05,0.004440889792955002,0,0,1,846
ETH,Cross_Crypto,2024-05-28,-0.0157908861760586,-0.0015015481141938802,-0.014289338061864719,0.00020418518224625575,0.014289338061864719,0,0,1,847
ETH,Cross_Crypto,2024-05-29,-0.0207510494362619,-0.001526920938492899,-0.019224128497769,0.00036956711649873417,0.019224128497769,0,0,1,848
ETH,Cross_Crypto,2024-05-30,-0.0031252529644535,-0.0008439316944368058,-0.002281321270016694,5.2044267370305825e-06,0.002281321270016694,0,0,1,849
ETH,Cross_Crypto,2024-05-31,0.0138739087634752,0.00367745986722561,0.01019644889624959,0.00010396757009382949,0.01019644889624959,1,1,1,850
ETH,Cross_Crypto,2024-06-03,-0.0038643299415149,0.0030409610476848335,-0.006905290989199734,4.768304364552304e-05,0.006905290989199734,0,1,0,851
ETH,Cross_Crypto,2024-06-04,0.0095016352832155,0.004047655601061781,0.005453979682153718,2.9745894373345573e-05,0.005453979682153718,1,1,1,852
ETH,Cross_Crypto,2024-06-05,0.0149137807042577,0.0023939166207258555,0.012519864083531845,0.00015674699667011068,0.012519864083531845,1,1,1,853
ETH,Cross_Crypto,2024-06-06,-0.0172596747579254,0.0011166980475839673,-0.018376372805509366,0.00033769107748706417,0.018376372805509366,0,1,0,854
ETH,Cross_Crypto,2024-06-07,-0.0287755243415728,0.0024060189387902827,-0.031181543280363086,0.0009722886413451563,0.031181543280363086,0,1,0,855
ETH,Cross_Crypto,2024-06-10,-0.0080683571174648,-0.004821202945132967,-0.003247154172331833,1.0544010218892033e-05,0.003247154172331833,0,0,1,856
ETH,Cross_Crypto,2024-06-11,-0.0510994182347998,-0.0013892281870185059,-0.049710190047781294,0.0024711029945865344,0.049710190047781294,0,0,1,857
ETH,Cross_Crypto,2024-06-12,0.0196980346675029,0.006304745472451178,0.013393289195051722,0.0001793801954622892,0.013393289195051722,1,1,1,858
ETH,Cross_Crypto,2024-06-13,-0.0226158832750306,0.0020374567195298385,-0.024653339994560437,0.0006077871728873932,0.024653339994560437,0,1,0,859
ETH,Cross_Crypto,2024-06-14,-0.0188246590979248,0.004692467287298531,-0.02351712638522333,0.0005530552334185675,0.02351712638522333,0,1,0,860
ETH,Cross_Crypto,2024-06-17,-0.024130422611263,0.0013185095688781397,-0.02544893218014114,0.0006476481491094232,0.02544893218014114,0,1,0,861
ETH,Cross_Crypto,2024-06-18,-0.0153031648827657,-0.003363456138159847,-0.011939708744605853,0.00014255664490601749,0.011939708744605853,0,0,1,862
ETH,Cross_Crypto,2024-06-20,-0.0078835714876904,0.0007567740171958576,-0.008640345504886257,7.465557044380814e-05,0.008640345504886257,0,1,0,863
ETH,Cross_Crypto,2024-06-21,-0.0008261518687107,0.00022557420418383226,-0.0010517260728945322,1.106127732406155e-06,0.0010517260728945322,0,1,0,864
ETH,Cross_Crypto,2024-06-24,-0.0369800006807593,0.0015097165100229574,-0.03848971719078226,0.0014814583294263993,0.03848971719078226,0,1,0,865
ETH,Cross_Crypto,2024-06-25,0.0302146780733878,0.0027980874899345247,0.027416590583453276,0.0007516694392206988,0.027416590583453276,1,1,1,866
ETH,Cross_Crypto,2024-06-26,-0.0060440916050246,-0.0003528304460877728,-0.005691261158936828,3.239045357922296e-05,0.005691261158936828,0,0,1,867
ETH,Cross_Crypto,2024-06-27,0.0145117899463646,-0.0021926863601383663,0.016704476306502965,0.00027903952867451895,0.016704476306502965,1,0,0,868
ETH,Cross_Crypto,2024-06-28,-0.0162538477862409,0.0015213484411866589,-0.01777519622742756,0.00031595760092355496,0.01777519622742756,0,1,0,869
ETH,Cross_Crypto,2024-07-01,0.0137850201165521,-0.0023952297362798726,0.016180249852831972,0.0002618004853000691,0.016180249852831972,1,0,0,870
ETH,Cross_Crypto,2024-07-02,-0.0138142980638189,-0.004746990848397022,-0.009067307215421878,8.221606013884166e-05,0.009067307215421878,0,0,1,871
ETH,Cross_Crypto,2024-07-03,-0.0479904524034984,0.0013988915911705702,-0.04938934399466897,0.002439307300223744,0.04938934399466897,0,1,0,872
ETH,Cross_Crypto,2024-07-05,-0.055015768704694,0.004403412939877564,-0.059419181644571564,0.0035306391473105903,0.059419181644571564,0,1,0,873
ETH,Cross_Crypto,2024-07-08,0.0034047789966367,0.002979323903266686,0.0004254550933700139,1.8101203647448724e-07,0.0004254550933700139,1,1,1,874
ETH,Cross_Crypto,2024-07-09,0.0244684505678902,-3.861978946461189e-05,0.02450707035735481,0.0006005964975003389,0.02450707035735481,1,0,0,875
ETH,Cross_Crypto,2024-07-10,0.0077363929669738,-0.0015423062969056253,0.009278699263879427,8.609426002951662e-05,0.009278699263879427,1,0,0,876
ETH,Cross_Crypto,2024-07-11,0.0064647001981518,-0.002318259427450963,0.008782959625602764,7.714037978496824e-05,0.008782959625602764,1,0,0,877
ETH,Cross_Crypto,2024-07-12,-0.0020720069733778,0.004857183813097767,-0.006929190786475567,4.801368495537789e-05,0.006929190786475567,0,1,0,878
ETH,Cross_Crypto,2024-07-15,0.0748248132450743,-0.00028328532986581986,0.07510809857494012,0.005641226471542922,0.07510809857494012,1,0,0,879
ETH,Cross_Crypto,2024-07-16,0.0013963638632531,-0.006681961602789131,0.008078325466042232,6.525934233530644e-05,0.008078325466042232,1,0,0,880
ETH,Cross_Crypto,2024-07-17,-0.006855036105476,0.0022189046816535572,-0.009073940787129557,8.233640140833336e-05,0.009073940787129557,0,1,0,881
ETH,Cross_Crypto,2024-07-18,-0.0007027407176062,0.0014947233332265868,-0.002197464050832787,4.828848254702441e-06,0.002197464050832787,0,1,0,882
ETH,Cross_Crypto,2024-07-19,0.0267765414061994,-0.0011535879097577754,0.027930129315957175,0.0007800921236060904,0.027930129315957175,1,0,0,883
ETH,Cross_Crypto,2024-07-22,0.0071746736621508,-0.00012788254639529463,0.007302556208546094,5.332732717897511e-05,0.007302556208546094,1,0,0,884
ETH,Cross_Crypto,2024-07-23,-0.0018642007262992,0.0005351463959486318,-0.0023993471222478317,5.7568666130389515e-06,0.0023993471222478317,0,1,0,885
ETH,Cross_Crypto,2024-07-24,-0.0316096191020777,0.0022605529669408875,-0.033870172069018586,0.0011471885559849269,0.033870172069018586,0,1,0,886
ETH,Cross_Crypto,2024-07-25,-0.0679466805647143,0.0010295692459704187,-0.06897624981068472,0.004757723037945983,0.06897624981068472,0,1,0,887
ETH,Cross_Crypto,2024-07-26,0.0317878418054563,0.004776931018685506,0.027010910786770797,0.000729589301530891,0.027010910786770797,1,1,1,888
ETH,Cross_Crypto,2024-07-29,0.0139772094894063,0.003918777729599702,0.010058431759806597,0.00010117204946668605,0.010058431759806597,1,1,1,889
ETH,Cross_Crypto,2024-07-30,-0.0123359244038252,0.0006434527208207912,-0.012979377124645992,0.00016846423054378364,0.012979377124645992,0,1,0,890
ETH,Cross_Crypto,2024-07-31,-0.0184461781757997,0.001088219124679839,-0.01953439730047954,0.0003815926778929823,0.01953439730047954,0,1,0,891
ETH,Cross_Crypto,2024-08-01,-0.0165300781923328,0.002223621528982752,-0.01875369972131555,0.000351701253237271,0.01875369972131555,0,1,0,892
ETH,Cross_Crypto,2024-08-02,-0.049138252587404,0.004856272420780648,-0.05399452500818465,0.0029154087308594775,0.05399452500818465,0,1,0,893
ETH,Cross_Crypto,2024-08-05,-0.1212213457856978,0.00322455533294015,-0.12444590111863796,0.015486782305229816,0.12444590111863796,0,1,0,894
ETH,Cross_Crypto,2024-08-06,0.0212918667631311,-0.02179679370906171,0.043088660472192813,0.0018566326612879114,0.043088660472192813,1,0,0,895
ETH,Cross_Crypto,2024-08-07,-0.0579809630797311,0.014617678655027916,-0.07259864173475902,0.005270562781731895,0.07259864173475902,0,1,0,896
ETH,Cross_Crypto,2024-08-08,0.0900047571022441,0.00309870565711445,0.08690605144512965,0.007552661777783522,0.08690605144512965,1,1,1,897
ETH,Cross_Crypto,2024-08-09,0.0091692606980833,-0.0022674097755509687,0.011436670473634268,0.00013079743152249787,0.011436670473634268,1,0,0,898
ETH,Cross_Crypto,2024-08-12,0.0472492758323307,0.00655641702133725,0.04069285881099345,0.0016559087582114474,0.04069285881099345,1,1,1,899
ETH,Cross_Crypto,2024-08-13,0.0066162636581811,-0.0007924819582032783,0.007408745616384378,5.488951160829474e-05,0.007408745616384378,1,0,0,900
ETH,Cross_Crypto,2024-08-14,-0.0084453048549091,0.0016568853495325664,-0.010102190204441667,0.00010205424692671717,0.010102190204441667,0,1,0,901
ETH,Cross_Crypto,2024-08-15,-0.048533336641713,0.003054688545386878,-0.05158802518709987,0.0026613243427048507,0.05158802518709987,0,1,0,902
ETH,Cross_Crypto,2024-08-16,0.0229141960608489,0.0009807401338639693,0.02193345592698493,0.00048107648890099037,0.02193345592698493,1,1,1,903
ETH,Cross_Crypto,2024-08-19,-0.0187791836002766,-3.101235224813731e-05,-0.018748171248028463,0.00035149392514540113,0.018748171248028463,0,0,1,904
ETH,Cross_Crypto,2024-08-20,-0.0103920488815949,-0.00041918690568379727,-0.009972861975911103,9.945797599057351e-05,0.009972861975911103,0,0,1,905
ETH,Cross_Crypto,2024-08-21,0.0160591251608282,-0.00038363408016318934,0.016442759240991388,0.0002703643314572077,0.016442759240991388,1,0,0,906
ETH,Cross_Crypto,2024-08-22,-0.0024618230295088,-0.0019796809177098397,-0.00048214211179896035,2.3246101596996118e-07,0.00048214211179896035,0,0,1,907
ETH,Cross_Crypto,2024-08-23,0.0483927911806667,-0.0018617917351378358,0.050254582915804535,0.002525523104041473,0.050254582915804535,1,0,0,908
ETH,Cross_Crypto,2024-08-26,-0.0298584320385396,0.0012361443735118289,-0.031094576412051426,0.000966872682244905,0.031094576412051426,0,1,0,909
ETH,Cross_Crypto,2024-08-27,-0.0407987519491608,0.0022557668533520203,-0.04305451880251282,0.00185369158931593,0.04305451880251282,0,1,0,910
ETH,Cross_Crypto,2024-08-28,-0.0171518728791749,0.002231685037037641,-0.019383557916212543,0.00037572231749116594,0.019383557916212543,0,1,0,911
ETH,Cross_Crypto,2024-08-29,0.0010437489254619,0.0008851542437676458,0.00015859468169425418,2.51522730617018e-08,0.00015859468169425418,1,1,1,912
ETH,Cross_Crypto,2024-08-30,-0.008428293204578,0.002469698524805577,-0.010897991729383577,0.00011876622373371285,0.010897991729383577,0,1,0,913
ETH,Cross_Crypto,2024-09-03,-0.0363792445942904,-0.00491111804577125,-0.031468126548519146,0.0009902429884736156,0.031468126548519146,0,0,1,914
ETH,Cross_Crypto,2024-09-04,-0.0032534240454302,0.0005636972474602001,-0.0038171212928904,1.4570414964637279e-05,0.0038171212928904,0,1,0,915
ETH,Cross_Crypto,2024-09-05,-0.0364619403461785,0.0006212857555401314,-0.03708322610171863,0.001375165658111186,0.03708322610171863,0,1,0,916
ETH,Cross_Crypto,2024-09-06,-0.0875626560381808,0.005177292188153278,-0.09273994822633408,0.008600697997023125,0.09273994822633408,0,1,0,917
ETH,Cross_Crypto,2024-09-09,0.0280239796596064,-0.0011548711658667284,0.02917885082547313,0.0008514053354952139,0.02917885082547313,1,0,0,918
ETH,Cross_Crypto,2024-09-10,0.015425341873051,0.0027642272251683538,0.012661114647882646,0.0001603038241268285,0.012661114647882646,1,1,1,919
ETH,Cross_Crypto,2024-09-11,-0.0128023755660041,0.0009587094155444446,-0.013761084981548545,0.00018936745986940093,0.013761084981548545,0,1,0,920
ETH,Cross_Crypto,2024-09-12,0.0017235697045925,0.0013578711012076222,0.0003656986033848777,1.3373546851765005e-07,0.0003656986033848777,1,1,1,921
ETH,Cross_Crypto,2024-09-13,0.0300111523649453,-0.0012108278568473112,0.03122198022179261,0.0009748120489700089,0.03122198022179261,1,0,0,922
ETH,Cross_Crypto,2024-09-16,-0.0385363838855418,0.0015211143207860215,-0.04005749820632782,0.0016046031625499566,0.04005749820632782,0,1,0,923
ETH,Cross_Crypto,2024-09-17,0.0304438173390186,0.0009335072276273233,0.029510310111391276,0.0008708584028704822,0.029510310111391276,1,1,1,924
ETH,Cross_Crypto,2024-09-18,-0.0080725896880914,-0.0023816266629722443,-0.005690963025119155,3.238706015327337e-05,0.005690963025119155,0,0,1,925
ETH,Cross_Crypto,2024-09-19,0.0584964509925532,-0.0017965378266869905,0.06029298881924019,0.0036352445007570224,0.06029298881924019,1,0,0,926
ETH,Cross_Crypto,2024-09-20,0.0299042527552573,-0.0028678914641335936,0.0327721442193909,0.0010740134367365562,0.0327721442193909,1,0,0,927
ETH,Cross_Crypto,2024-09-23,0.0336618918619223,0.0014301506819585294,0.03223174117996377,0.0010388851394921722,0.03223174117996377,1,1,1,928
ETH,Cross_Crypto,2024-09-24,-0.0040849806906377,-0.0013679276447863958,-0.002717053045851304,7.3823772539698496e-06,0.002717053045851304,0,0,1,929
ETH,Cross_Crypto,2024-09-25,-0.0268992216966307,0.0006390027399397966,-0.027538224436570495,0.0007583538051189284,0.027538224436570495,0,1,0,930
ETH,Cross_Crypto,2024-09-26,0.0196141529573907,0.0020577101677082717,0.01755644278968243,0.00030822868342739217,0.01755644278968243,1,1,1,931
ETH,Cross_Crypto,2024-09-27,0.0235777783977092,-0.0020110650407092513,0.02558884343841845,0.000654788908515891,0.02558884343841845,1,0,0,932
ETH,Cross_Crypto,2024-09-30,-0.0181145070387765,-0.0014070436348735012,-0.016707463403903,0.00027913933339275803,0.016707463403903,0,0,1,933
ETH,Cross_Crypto,2024-10-01,-0.0639341042857795,0.0005098231974621746,-0.06444392748324168,0.0041530197894653125,0.06444392748324168,0,1,0,934
ETH,Cross_Crypto,2024-10-02,-0.0271871038995238,0.005701160723860652,-0.032888264623384456,0.0010816379499377616,0.032888264623384456,0,1,0,935
ETH,Cross_Crypto,2024-10-03,-0.018380576476355,0.0019019487913644918,-0.02028252526771949,0.0004113808312356796,0.02028252526771949,0,1,0,936
ETH,Cross_Crypto,2024-10-04,0.0363264741179655,-0.0009208183603894166,0.03724729247835492,0.001387360796968115,0.03724729247835492,1,0,0,937
ETH,Cross_Crypto,2024-10-07,0.0010819540159494,-0.0027690817100025147,0.003851035725951915,1.4830476162557993e-05,0.003851035725951915,1,0,0,938
ETH,Cross_Crypto,2024-10-08,0.0002866855079634,-0.003776235730606035,0.004062921238569435,1.650732899081859e-05,0.004062921238569435,1,0,0,939
ETH,Cross_Crypto,2024-10-09,-0.0367006014450664,-0.0006902720410528161,-0.03601032940401358,0.001296743823785565,0.03601032940401358,0,0,1,940
ETH,Cross_Crypto,2024-10-10,0.0052536928381814,0.001941320435753898,0.003312372402427502,1.097181093236334e-05,0.003312372402427502,1,1,1,941
ETH,Cross_Crypto,2024-10-11,0.0374890997218683,-0.0002131472724846012,0.0377022469943529,0.0014214594284231922,0.0377022469943529,1,0,0,942
ETH,Cross_Crypto,2024-10-15,-0.0191806222958907,-0.0016322358204924892,-0.01754838647539821,0.0003079458678899388,0.01754838647539821,0,0,1,943
ETH,Cross_Crypto,2024-10-16,0.0177681387627132,0.0028684049027187606,0.01489973385999444,0.0002220020690986648,0.01489973385999444,1,1,1,944
ETH,Cross_Crypto,2024-10-17,-0.0080586671254181,0.0015446699783954153,-0.009603337103813515,9.222408352948135e-05,0.009603337103813515,0,1,0,945
ETH,Cross_Crypto,2024-10-18,0.0177909190450641,0.0005579207970010484,0.017232998248063052,0.0002969762286177442,0.017232998248063052,1,1,1,946
ETH,Cross_Crypto,2024-10-21,-0.0133689348399127,-0.00040607590027577287,-0.012962858939636926,0.00016803571188892498,0.012962858939636926,0,0,1,947
ETH,Cross_Crypto,2024-10-22,-0.0160239184664934,-0.00015509110136678952,-0.01586882736512661,0.0002518196819441912,0.01586882736512661,0,0,1,948
ETH,Cross_Crypto,2024-10-23,-0.0468100415936157,0.0017984674815075333,-0.048608509075123235,0.0023627871545063377,0.048608509075123235,0,1,0,949
ETH,Cross_Crypto,2024-10-24,0.0094892596715976,0.0018776802326639364,0.007611579438933664,5.793614155519771e-05,0.007611579438933664,1,1,1,950
ETH,Cross_Crypto,2024-10-25,-0.024429427068196,-2.4921866409940985e-05,-0.02440450520178606,0.0005955798741440029,0.02440450520178606,0,0,1,951
ETH,Cross_Crypto,2024-10-28,0.0108502328313494,-0.001892612422679232,0.012742845254028632,0.00016238010516812004,0.012742845254028632,1,0,0,952
ETH,Cross_Crypto,2024-10-29,0.0406475650944432,-0.00037688238534396706,0.04102444747978717,0.0016830052910218156,0.04102444747978717,1,0,0,953
ETH,Cross_Crypto,2024-10-30,0.0222226335133625,-0.0005504037291739258,0.022773037242536424,0.000518611225249951,0.022773037242536424,1,0,0,954
ETH,Cross_Crypto,2024-10-31,-0.0620755544672162,-0.002032917072876632,-0.06004263739433957,0.0036051183052681446,0.06004263739433957,0,0,1,955
ETH,Cross_Crypto,2024-11-01,0.0002978288300465,0.001396708944934242,-0.001098880114887742,1.2075375068956969e-06,0.001098880114887742,1,1,1,956
ETH,Cross_Crypto,2024-11-04,-0.0410363808570702,0.00036536409955144,-0.04140174495662163,0.0017141044854531448,0.04140174495662163,0,1,0,957
ETH,Cross_Crypto,2024-11-05,0.0193531505813148,0.002707616850874884,0.016645533730439917,0.00027707379317121303,0.016645533730439917,1,1,1,958
ETH,Cross_Crypto,2024-11-06,0.107389008290603,-0.0003474188941220563,0.10773642718472505,0.011607137742529562,0.10773642718472505,1,0,0,959
ETH,Cross_Crypto,2024-11-07,0.0735965844688797,-0.0036622026088419246,0.07725878707772163,0.0059689201807207265,0.07725878707772163,1,0,0,960
ETH,Cross_Crypto,2024-11-08,0.016835904655538,-0.0010484965957183248,0.017884401251256326,0.0003198518081159388,0.017884401251256326,1,0,0,961
ETH,Cross_Crypto,2024-11-12,-0.014568982585969,0.0008426505622988849,-0.015411633148267885,0.00023751843629678948,0.015411633148267885,0,1,0,962
ETH,Cross_Crypto,2024-11-13,-0.0394456733061054,0.0009931348310207276,-0.04043880813712612,0.001635297203551298,0.04043880813712612,0,1,0,963
ETH,Cross_Crypto,2024-11-14,-0.011046665664828,0.0049374742638108385,-0.01598413992863884,0.0002554927292583065,0.01598413992863884,0,1,0,964
ETH,Cross_Crypto,2024-11-15,-0.0089195741971618,0.0022228660636903624,-0.011142440260852163,0.00012415397496665922,0.011142440260852163,0,1,0,965
ETH,Cross_Crypto,2024-11-18,0.0282552230195551,0.0010732821687287845,0.027181940850826314,0.0007388579084178203,0.027181940850826314,1,1,1,966
ETH,Cross_Crypto,2024-11-19,-0.0175669505181872,-0.00017126034134347726,-0.017395690176843722,0.00030261003672873716,0.017395690176843722,0,0,1,967
ETH,Cross_Crypto,2024-11-20,-0.0048119828743671,0.0012596689747453073,-0.006071651849112407,3.6864956176830115e-05,0.006071651849112407,0,1,0,968
ETH,Cross_Crypto,2024-11-21,0.0834452288193763,0.0014880957032942996,0.08195713311608199,0.006716971668607184,0.08195713311608199,1,1,1,969
ETH,Cross_Crypto,2024-11-22,-0.0085921100789276,-0.0017820061200114028,-0.006810103958916198,4.637751593124607e-05,0.006810103958916198,0,0,1,970
ETH,Cross_Crypto,2024-11-25,0.0268639661795072,0.006750445217211704,0.020113520962295496,0.00040455372550070036,0.020113520962295496,1,1,1,971
ETH,Cross_Crypto,2024-11-26,-0.0342696307034949,-0.001396714905017367,-0.03287291579847753,0.0010806285930937936,0.03287291579847753,0,0,1,972
ETH,Cross_Crypto,2024-11-27,0.0905948812021113,0.0027960085867413283,0.08779887261536998,0.007708642032529964,0.08779887261536998,1,1,1,973
ETH,Cross_Crypto,2024-11-29,0.0060479131839317,0.004666930565565889,0.001380982618365811,1.9071129922284912e-06,0.001380982618365811,1,1,1,974
ETH,Cross_Crypto,2024-12-02,-0.0250654743287275,0.0021133002138891653,-0.027178774542616666,0.0007386857856383878,0.027178774542616666,0,1,0,975
ETH,Cross_Crypto,2024-12-03,-0.0002073928650462,0.004265786387612255,-0.004473179252658456,2.000933262641406e-05,0.004473179252658456,0,1,0,976
ETH,Cross_Crypto,2024-12-04,0.061210903890192,0.00040618048631645143,0.06080472340387555,0.003697214388221811,0.06080472340387555,1,1,1,977
ETH,Cross_Crypto,2024-12-05,0.0041716103261139,-0.0010439497828744551,0.005215560108988355,2.7202067250470622e-05,0.005215560108988355,1,0,0,978
ETH,Cross_Crypto,2024-12-06,0.0432277382071028,-0.0009363943146303289,0.04416413252173313,0.001950470601397206,0.04416413252173313,1,0,0,979
ETH,Cross_Crypto,2024-12-09,-0.0760092349227647,0.0038947683557604314,-0.07990400327852513,0.0063846497399345555,0.07990400327852513,0,1,0,980
ETH,Cross_Crypto,2024-12-10,-0.0161682191129941,0.0049042821719435595,-0.02107250128493766,0.00044405031040369936,0.02107250128493766,0,1,0,981
ETH,Cross_Crypto,2024-12-11,0.0508957470911806,0.004477643905643033,0.046418103185537574,0.0021546403033432136,0.046418103185537574,1,1,1,982
ETH,Cross_Crypto,2024-12-12,0.0090276180899199,0.000702504648384155,0.008325113441535746,6.930751381443915e-05,0.008325113441535746,1,1,1,983
ETH,Cross_Crypto,2024-12-13,0.0095618155848429,-0.0009894359709815698,0.010551251555824469,0.00011132890939428828,0.010551251555824469,1,0,0,984
ETH,Cross_Crypto,2024-12-16,0.0487784326858036,-0.0012431448588027388,0.05002157754460634,0.002502158220051065,0.05002157754460634,1,0,0,985
ETH,Cross_Crypto,2024-12-17,-0.0292104975441389,-0.001997850548220083,-0.027212646995918816,0.0007405281565244894,0.027212646995918816,0,0,1,986
ETH,Cross_Crypto,2024-12-18,-0.0635836535920672,0.002292177109969179,-0.06587583070203638,0.004339625070683359,0.06587583070203638,0,1,0,987
ETH,Cross_Crypto,2024-12-19,-0.0771540084537008,-0.005536799534686745,-0.07161720891901405,0.0051290246133497055,0.07161720891901405,0,0,1,988
ETH,Cross_Crypto,2024-12-20,0.0064776136860942,0.009745213316120459,-0.003267599630026259,1.0677207342147745e-05,0.003267599630026259,1,1,1,989
ETH,Cross_Crypto,2024-12-23,-0.005804557840948,0.0062032903571820515,-0.012007848198130052,0.00014418841834933514,0.012007848198130052,0,1,0,990
ETH,Cross_Crypto,2024-12-24,0.020084223818402,0.0020078927576448503,0.01807633106075715,0.00032675374461809374,0.01807633106075715,1,1,1,991
ETH,Cross_Crypto,2024-12-26,-0.0387821115926772,0.004248260606252913,-0.04303037219893011,0.0018516129315784575,0.04303037219893011,0,1,0,992
ETH,Cross_Crypto,2024-12-27,-0.0054845596935846,0.0022766168329242907,-0.007761176526508891,6.023586107563261e-05,0.007761176526508891,0,1,0,993
ETH,Cross_Crypto,2024-12-30,-0.0092687144392851,-0.0016858537092611023,-0.007582860730023998,5.749977685094008e-05,0.007582860730023998,0,0,1,994
ETH,Cross_Crypto,2024-12-31,0.0098666485946546,0.0019156822093617625,0.007950966385292838,6.321786646005666e-05,0.007950966385292838,1,1,1,995
ETH,Cross_Crypto,2025-01-02,0.0247838198187996,0.0017210498737261735,0.023062769945073426,0.0005318913575393822,0.023062769945073426,1,1,1,996
ETH,Cross_Crypto,2025-01-03,0.0458206507793258,0.002987776490624018,0.042832874288701785,0.0018346551198317304,0.042832874288701785,1,1,1,997
ETH,Cross_Crypto,2025-01-06,0.0061682009273477,-0.0011716065565416274,0.007339807483889327,5.3872773900557775e-05,0.007339807483889327,1,0,0,998
ETH,Cross_Crypto,2025-01-07,-0.085686070578592,-0.0025390757824057322,-0.08314699479618626,0.006913422743637025,0.08314699479618626,0,0,1,999
ETH,Cross_Crypto,2025-01-08,-0.020566454984424,0.0040394485600765175,-0.024605903544500516,0.0006054504892412631,0.024605903544500516,0,1,0,1000
ETH,Cross_Crypto,2025-01-10,0.0175860339085725,0.0018754466924981866,0.015710587216074313,0.00024682255067387765,0.015710587216074313,1,1,1,1001
ETH,Cross_Crypto,2025-01-13,-0.047787644934781,0.0006171198617323792,-0.04840476479651338,0.002343021255005781,0.04840476479651338,0,1,0,1002
ETH,Cross_Crypto,2025-01-14,0.0319407732472747,0.0035150362672670445,0.028425736980007655,0.0008080225228565747,0.028425736980007655,1,1,1,1003
ETH,Cross_Crypto,2025-01-15,0.065620241654562,-0.0023153652088832403,0.06793560686344524,0.004615246679904588,0.06793560686344524,1,0,0,1004
ETH,Cross_Crypto,2025-01-16,-0.0338150675086334,0.0031378685842060987,-0.03695293609283949,0.0013655194858814795,0.03695293609283949,0,1,0,1005
ETH,Cross_Crypto,2025-01-17,0.0458461891368405,0.003970352836143377,0.04187583630069712,0.0017535856658827827,0.04187583630069712,1,1,1,1006
ETH,Cross_Crypto,2025-01-21,0.0155173154951671,-0.0005248547236581975,0.0160421702188253,0.0002573512253297654,0.0160421702188253,1,0,0,1007
ETH,Cross_Crypto,2025-01-22,-0.0224997959803531,-0.0019527335055585064,-0.020547062474794594,0.0004221817763431121,0.020547062474794594,0,0,1,1008
ETH,Cross_Crypto,2025-01-23,-0.0029292048318445,0.0007140194850595791,-0.003643224316904079,1.3273083423281193e-05,0.003643224316904079,0,1,0,1009
ETH,Cross_Crypto,2025-01-24,0.0246724916454732,-0.0011960571442795297,0.02586854878975273,0.0006691818164878175,0.02586854878975273,1,0,0,1010
ETH,Cross_Crypto,2025-01-27,-0.0424878898327373,0.0002826423345452071,-0.04277053216728251,0.0018293184218725477,0.04277053216728251,0,1,0,1011
ETH,Cross_Crypto,2025-01-28,-0.0346268543739882,0.0011797358083080987,-0.0358065901822963,0.0012821119004829179,0.0358065901822963,0,1,0,1012
ETH,Cross_Crypto,2025-01-29,0.0283165436625385,0.006069778425080295,0.022246765237458204,0.0004949185635305788,0.022246765237458204,1,1,1,1013
ETH,Cross_Crypto,2025-01-30,0.0326689172348535,0.0005185550629268586,0.03215036217192664,0.0010336457877860516,0.03215036217192664,1,1,1,1014
ETH,Cross_Crypto,2025-01-31,0.0221610567467905,0.0012281493874181926,0.020932907359372307,0.0004381866105160633,0.020932907359372307,1,1,1,1015
ETH,Cross_Crypto,2025-02-03,-0.0318259522995257,0.005360453609562239,-0.037186405909087936,0.0013828287844354502,0.037186405909087936,0,1,0,1016
ETH,Cross_Crypto,2025-02-04,-0.06418432662805,0.006173417448081836,-0.07035774407613184,0.0049502121514824644,0.07035774407613184,0,1,0,1017
ETH,Cross_Crypto,2025-02-05,0.0538479205754496,0.0026103766368649334,0.051237543938584665,0.002625285908858394,0.051237543938584665,1,1,1,1018
ETH,Cross_Crypto,2025-02-06,-0.0282232770145144,0.001557686129332294,-0.029780963143846696,0.0008869057657751552,0.029780963143846696,0,1,0,1019
ETH,Cross_Crypto,2025-02-07,-0.04523033994893,0.0016688755331366358,-0.04689921548206663,0.0021995364128333185,0.04689921548206663,0,1,0,1020
ETH,Cross_Crypto,2025-02-10,0.0416515453398913,0.0018239423592868696,0.039827602980604435,0.0015862379591806512,0.039827602980604435,1,1,1,1021
ETH,Cross_Crypto,2025-02-11,-0.0163576919630881,0.0008431819228187157,-0.017200873885906815,0.000295870062438871,0.017200873885906815,0,1,0,1022
ETH,Cross_Crypto,2025-02-12,0.0229309314588085,-0.0010646130324873382,0.023995544491295838,0.000575786155433758,0.023995544491295838,1,0,0,1023
ETH,Cross_Crypto,2025-02-13,-0.0059769510919874,-0.0017469931865775126,-0.004229957905409887,1.78925438815396e-05,0.004229957905409887,0,0,1,1024
ETH,Cross_Crypto,2025-02-14,0.0288638081389707,0.0012793218443743377,0.027584486294596363,0.0007609038841367746,0.027584486294596363,1,1,1,1025
ETH,Cross_Crypto,2025-02-18,-0.0458639629597931,-0.002724926986746194,-0.043139035973046906,0.001860976424683835,0.043139035973046906,0,0,1,1026
ETH,Cross_Crypto,2025-02-19,0.0218619941899562,0.004036651630189021,0.017825342559767178,0.0003177428373730471,0.017825342559767178,1,1,1,1027
ETH,Cross_Crypto,2025-02-20,0.0063663911826465,-0.0006495538232482688,0.007015945005894769,4.922348432573975e-05,0.007015945005894769,1,0,0,1028
ETH,Cross_Crypto,2025-02-21,-0.0324420844082114,-0.00135885082964525,-0.031083233578566148,0.0009661674096997021,0.031083233578566148,0,0,1,1029
ETH,Cross_Crypto,2025-02-24,-0.0629168312720221,-0.00028209271757183643,-0.06263473855445027,0.0039231104737843395,0.06263473855445027,0,0,1,1030
ETH,Cross_Crypto,2025-02-25,-0.0485763173602807,0.003880978483792062,-0.052457295844072764,0.0027517678872725736,0.052457295844072764,0,1,0,1031
ETH,Cross_Crypto,2025-02-26,-0.0712679055176736,0.0019415060383234893,-0.0732094115559971,0.0053596179403753615,0.0732094115559971,0,1,0,1032
ETH,Cross_Crypto,2025-02-27,-0.0261985893749828,0.005852777284097908,-0.032051366659080704,0.0010272901047148303,0.032051366659080704,0,1,0,1033
ETH,Cross_Crypto,2025-02-28,-0.0237753314830406,0.0006324923947125197,-0.024407823877753122,0.0005957418664474154,0.024407823877753122,0,1,0,1034
ETH,Cross_Crypto,2025-03-03,-0.1802001654952988,-0.0042224129953153545,-0.17597775249998343,0.030968169374945426,0.17597775249998343,0,0,1,1035
ETH,Cross_Crypto,2025-03-04,0.0316345104416376,0.008252053937522789,0.02338245650411481,0.000546739272166821,0.02338245650411481,1,1,1,1036
ETH,Cross_Crypto,2025-03-05,0.0264073448508012,-0.004173495033878873,0.03058083988468007,0.0009351877680524394,0.03058083988468007,1,0,0,1037
ETH,Cross_Crypto,2025-03-06,-0.0124688043231715,-0.0045641819196750415,-0.007904622403496459,6.248305534185812e-05,0.007904622403496459,0,0,1,1038
ETH,Cross_Crypto,2025-03-07,-0.031409308039673,-0.00283382365671471,-0.02857548438295829,0.000816558307720693,0.02857548438295829,0,0,1,1039
ETH,Cross_Crypto,2025-03-10,-0.0904931936910384,0.004635077315529791,-0.0951282710065682,0.009049387944699085,0.0951282710065682,0,1,0,1040
ETH,Cross_Crypto,2025-03-11,0.034651849145131,0.0016234583590332592,0.03302839078609775,0.0010908745979191865,0.03302839078609775,1,1,1,1041
ETH,Cross_Crypto,2025-03-12,-0.0234005778353903,-0.0008960913797899481,-0.022504486455600353,0.0005064519106302998,0.022504486455600353,0,0,1,1042
ETH,Cross_Crypto,2025-03-13,-0.0266443937302821,0.006862522435018943,-0.03350691616530104,0.0011227134309085122,0.03350691616530104,0,1,0,1043
ETH,Cross_Crypto,2025-03-14,0.0442615409526354,0.0059578376126123355,0.03830370334002307,0.0014671736895604942,0.03830370334002307,1,1,1,1044
ETH,Cross_Crypto,2025-03-17,0.0209533961081235,0.00239773932336026,0.018555656784763237,0.00034431239871393,0.018555656784763237,1,1,1,1045
ETH,Cross_Crypto,2025-03-18,-0.0158128081698688,-0.0011610833902152727,-0.014651724779653527,0.0002146730390187132,0.014651724779653527,0,0,1,1046
ETH,Cross_Crypto,2025-03-19,0.0657874457006492,0.001766785624415205,0.064020660076234,0.0040986449165967016,0.064020660076234,1,1,1,1047
ETH,Cross_Crypto,2025-03-20,-0.0278482926508456,-0.0012148127890721323,-0.026633479861773467,0.0007093422495474928,0.026633479861773467,0,0,1,1048
ETH,Cross_Crypto,2025-03-21,-0.0025700842340886,0.0034486133209799185,-0.006018697555068519,3.622472025938777e-05,0.006018697555068519,0,1,0,1049
ETH,Cross_Crypto,2025-03-24,0.0456664079270154,-0.0002786535667060226,0.04594506149372142,0.002110948675661843,0.04594506149372142,1,0,0,1050
ETH,Cross_Crypto,2025-03-25,-0.0098080145742441,-0.0033824117127497235,-0.006425602861494377,4.128837213364472e-05,0.006425602861494377,0,0,1,1051
ETH,Cross_Crypto,2025-03-26,-0.0268023647883791,0.001420193902142433,-0.028222558690521534,0.0007965128190399325,0.028222558690521534,0,1,0,1052
ETH,Cross_Crypto,2025-03-27,-0.0019212301778938,0.0013300291580156643,-0.0032512593359094646,1.0570687269338452e-05,0.0032512593359094646,0,1,0,1053
ETH,Cross_Crypto,2025-03-28,-0.0671192363900083,0.0008679503252653946,-0.06798718671527369,0.0046222575574574876,0.06798718671527369,0,1,0,1054
ETH,Cross_Crypto,2025-03-31,0.0026630734603006,-0.00016248139582209073,0.0028255548561226906,7.983760244958518e-06,0.0028255548561226906,1,0,0,1055
ETH,Cross_Crypto,2025-04-01,0.0499337571080762,0.0007657021196929687,0.04916805498838323,0.0024174976313406774,0.04916805498838323,1,1,1,1056
ETH,Cross_Crypto,2025-04-02,-0.017193035062846,-0.001868269936800586,-0.015324765126045416,0.00023484842616845777,0.015324765126045416,0,0,1,1057
ETH,Cross_Crypto,2025-04-03,-0.044719627442828,-0.0005575713385456852,-0.04416205610428232,0.001950287199357779,0.04416205610428232,0,0,1,1058
ETH,Cross_Crypto,2025-04-04,0.0110993350109979,-0.01088704957242705,0.021986384583424952,0.0004834011070502664,0.021986384583424952,1,0,0,1059
ETH,Cross_Crypto,2025-04-07,-0.0026336898310564,-0.008760557183056298,0.006126867351999897,3.753850354900223e-05,0.006126867351999897,0,0,1,1060
ETH,Cross_Crypto,2025-04-08,-0.0589372121858952,-0.007187789266347833,-0.051749422919547365,0.002678002772506174,0.051749422919547365,0,0,1,1061
ETH,Cross_Crypto,2025-04-09,0.1227062653892785,-0.005227982928259153,0.12793424831753764,0.01636717189257338,0.12793424831753764,1,0,0,1062
ETH,Cross_Crypto,2025-04-10,-0.0898536729347379,0.008931566001857159,-0.09878523893659505,0.009758523431760174,0.09878523893659505,0,1,0,1063
ETH,Cross_Crypto,2025-04-11,0.0275422763453751,0.0031986807683946784,0.024343595576980424,0.0005926106456155809,0.024343595576980424,1,1,1,1064
ETH,Cross_Crypto,2025-04-14,0.0276125493634372,0.0021924404485255196,0.02542010891491168,0.0006461819372459724,0.02542010891491168,1,1,1,1065
ETH,Cross_Crypto,2025-04-15,-0.025207411384393,0.0021616636390152212,-0.02736907502340822,0.0007490662676369476,0.02736907502340822,0,1,0,1066
ETH,Cross_Crypto,2025-04-16,-0.0135769550600513,0.004137906399946804,-0.017714861459998104,0.00031381631654692617,0.017714861459998104,0,1,0,1067
ETH,Cross_Crypto,2025-04-17,0.0072597669615426,0.00626750497906859,0.0009922619824740096,9.845838418632517e-07,0.0009922619824740096,1,1,1,1068
ETH,Cross_Crypto,2025-04-21,-0.0074270429375195,0.0014031977843789478,-0.008830240721898449,7.797315120667364e-05,0.008830240721898449,0,1,0,1069
ETH,Cross_Crypto,2025-04-22,0.0725713901271952,0.0023398784799256236,0.07023151164726957,0.004932465228260561,0.07023151164726957,1,1,1,1070
ETH,Cross_Crypto,2025-04-23,0.0573251055871773,-0.005590686403285755,0.06291579199046306,0.003958396881787216,0.06291579199046306,1,0,0,1071
ETH,Cross_Crypto,2025-04-24,-0.0186378314999995,-0.009593339230285622,-0.00904449226971388,8.180284041691412e-05,0.00904449226971388,0,0,1,1072
ETH,Cross_Crypto,2025-04-25,0.0208843112005317,0.002306864765102703,0.018577446435429,0.0003451215160612336,0.018577446435429,1,1,1,1073
ETH,Cross_Crypto,2025-04-28,-0.0091811229873261,-0.0023883711304025133,-0.0067927518569235856,4.614147778973882e-05,0.0067927518569235856,0,0,1,1074
ETH,Cross_Crypto,2025-04-29,0.0126355873273952,0.002612805237381761,0.010022782090013439,0.00010045616082389415,0.010022782090013439,1,1,1,1075
ETH,Cross_Crypto,2025-04-30,-0.0081013438457324,-0.001216045393019085,-0.0068852984527133145,4.740733478293636e-05,0.0068852984527133145,0,0,1,1076
ETH,Cross_Crypto,2025-05-01,0.0250936731781764,-0.0005958444978265117,0.025689517676002912,0.000659951318425666,0.025689517676002912,1,0,0,1077
ETH,Cross_Crypto,2025-05-02,0.0037798822102576,-0.007333307302482478,0.011113189512740079,0.00012350298114607606,0.011113189512740079,1,0,0,1078
ETH,Cross_Crypto,2025-05-05,-0.0152501350967097,-0.000736259443559643,-0.014513875653150057,0.000210652586475102,0.014513875653150057,0,0,1,1079
ETH,Cross_Crypto,2025-05-06,-0.0186238212914564,0.004686478732490541,-0.02331030002394694,0.0005433700872064207,0.02331030002394694,0,1,0,1080
ETH,Cross_Crypto,2025-05-07,0.0127138614151127,0.006176087470410313,0.006537773944702386,4.27424881520294e-05,0.006537773944702386,1,1,1,1081
ETH,Cross_Crypto,2025-05-08,0.1945206491913532,-0.001296016971012799,0.195816666162366,0.0383441667469435,0.195816666162366,1,0,0,1082
ETH,Cross_Crypto,2025-05-09,0.0691503264295309,-0.014844142731917344,0.08399446916144823,0.007055070849713478,0.08399446916144823,1,0,0,1083
ETH,Cross_Crypto,2025-05-12,-0.0100090279769422,0.0015783457011250713,-0.01158737367806727,0.00013426722875516624,0.01158737367806727,0,1,0,1084
ETH,Cross_Crypto,2025-05-13,0.0790552574959027,-0.003913504503747035,0.08296876199964973,0.006883815467754521,0.08296876199964973,1,0,0,1085
ETH,Cross_Crypto,2025-05-14,-0.0341426328741112,-0.006057057000864549,-0.02808557587324665,0.0007887995721318943,0.02808557587324665,0,0,1,1086
ETH,Cross_Crypto,2025-05-15,-0.0244537420001408,-0.0009496593971653894,-0.02350408260297541,0.0005524418990074914,0.02350408260297541,0,0,1,1087
ETH,Cross_Crypto,2025-05-16,0.0134531264736302,0.003978328579170687,0.009474797894459513,8.977179514085444e-05,0.009474797894459513,1,1,1,1088
ETH,Cross_Crypto,2025-05-19,0.0511480199396512,0.001487479383195621,0.04966054055645558,0.002466169288359369,0.04966054055645558,1,1,1,1089
ETH,Cross_Crypto,2025-05-20,-0.0028557092843251,-0.0036951072144287816,0.0008393979301036815,7.04588885062345e-07,0.0008393979301036815,0,0,1,1090
ETH,Cross_Crypto,2025-05-21,-0.0025528047906137,0.001853906240055268,-0.004406711030668968,1.941910210781956e-05,0.004406711030668968,0,1,0,1091
ETH,Cross_Crypto,2025-05-22,0.0518055726316128,-0.001508557998006874,0.05331413062961967,0.0028423965247921503,0.05331413062961967,1,0,0,1092
ETH,Cross_Crypto,2025-05-23,-0.0376465486130164,-0.0006153426123323529,-0.03703120600068405,0.001371310217865098,0.03703120600068405,0,0,1,1093
ETH,Cross_Crypto,2025-05-27,0.0389273393388503,0.004321693346325883,0.034605645992524414,0.001197550734559921,0.034605645992524414,1,1,1,1094
ETH,Cross_Crypto,2025-05-28,-0.0129295812173302,-0.003491004668716262,-0.009438576548613938,8.9086727264045e-05,0.009438576548613938,0,0,1,1095
ETH,Cross_Crypto,2025-05-29,0.0034362797761278,0.0015001060144013006,0.0019361737617264994,3.748768835598143e-06,0.0019361737617264994,1,1,1,1096
ETH,Cross_Crypto,2025-05-30,-0.0257250021149139,-0.00044522146233173104,-0.02527978065258217,0.0006390673098426678,0.02527978065258217,0,0,1,1097
ETH,Cross_Crypto,2025-06-02,0.0053706817964081,2.570328358312418e-05,0.005344978512824975,2.8568795302560687e-05,0.005344978512824975,1,1,1,1098
ETH,Cross_Crypto,2025-06-03,0.0292346589646275,0.00047304511814405363,0.028761613846483444,0.0008272304310542282,0.028761613846483444,1,1,1,1099
ETH,Cross_Crypto,2025-06-04,-0.0041249649153499,-0.0009295681731267304,-0.0031953967422231697,1.0210560340210447e-05,0.0031953967422231697,0,0,1,1100
ETH,Cross_Crypto,2025-06-05,-0.0826293178353184,0.0011160968051920767,-0.08374541464051048,0.007013294473311027,0.08374541464051048,0,1,0,1101
ETH,Cross_Crypto,2025-06-06,0.0419440413391491,0.003285330952279123,0.03865871038686998,0.0014944958887758888,0.03865871038686998,1,1,1,1102
ETH,Cross_Crypto,2025-06-09,0.0227165828442921,-0.0011511137525921783,0.02386769659688428,0.0005696669408409214,0.02386769659688428,1,0,0,1103
ETH,Cross_Crypto,2025-06-10,0.0679457877714748,-0.0012849995746576064,0.0692307873461324,0.0047929019165654065,0.0692307873461324,1,0,0,1104
ETH,Cross_Crypto,2025-06-11,0.0153703558613087,-0.0034884552871190175,0.018858811148427718,0.0003556547579320616,0.018858811148427718,1,0,0,1105
ETH,Cross_Crypto,2025-06-12,-0.0635382651334786,-0.001054643783289587,-0.06248362135018901,0.0039042029370337963,0.06248362135018901,0,0,1,1106
ETH,Cross_Crypto,2025-06-13,-0.0366244466340013,0.0037781936805935216,-0.040402640314594826,0.0016323733443905232,0.040402640314594826,0,1,0,1107
ETH,Cross_Crypto,2025-06-16,0.0645272894942881,0.0019713543813170403,0.06255593511297106,0.003913245017858245,0.06255593511297106,1,1,1,1108
ETH,Cross_Crypto,2025-06-17,-0.0614052960613087,-0.005313874405803902,-0.0560914216555048,0.003146247583335633,0.0560914216555048,0,0,1,1109
ETH,Cross_Crypto,2025-06-18,0.0070295712729877,0.005737621079448266,0.0012919501935394345,1.6691353025865824e-06,0.0012919501935394345,1,1,1,1110
ETH,Cross_Crypto,2025-06-20,-0.0326106602771593,-0.0006187090640465513,-0.031991951213112754,0.0010234849424221866,0.031991951213112754,0,0,1,1111
ETH,Cross_Crypto,2025-06-23,0.0705931599229438,0.0050472253751393005,0.0655459345478045,0.004296269535745071,0.0655459345478045,1,1,1,1112
ETH,Cross_Crypto,2025-06-24,0.042579486499375,-0.004149986039055108,0.04672947253843011,0.0021836436037198934,0.04672947253843011,1,0,0,1113
ETH,Cross_Crypto,2025-06-25,-0.0035443561507497,-0.005846537804532346,0.002302181653782646,5.300040367013399e-06,0.002302181653782646,0,0,1,1114
ETH,Cross_Crypto,2025-06-26,0.0019393013139587,0.0012421729362649472,0.0006971283776937528,4.859879749859237e-07,0.0006971283776937528,1,1,1,1115
ETH,Cross_Crypto,2025-06-27,-0.0080929899299629,-0.001918447966787768,-0.006174541963175132,3.812496845501061e-05,0.006174541963175132,0,0,1,1116
ETH,Cross_Crypto,2025-06-30,0.0285758609106643,-0.002680393953249354,0.03125625486391365,0.000976953468117926,0.03125625486391365,1,0,0,1117
ETH,Cross_Crypto,2025-07-01,-0.0357799415102064,-0.0028714491071813175,-0.03290849240302508,0.0010829688722399596,0.03290849240302508,0,0,1,1118
ETH,Cross_Crypto,2025-07-02,0.0705204940816883,0.003733948921222148,0.06678654516046614,0.004460442614470984,0.06678654516046614,1,1,1,1119
ETH,Cross_Crypto,2025-07-03,0.0026730259992953,-0.003944515632297474,0.006617541631592774,4.379185724586355e-05,0.006617541631592774,1,0,0,1120
ETH,Cross_Crypto,2025-07-07,-0.0048803431235173,-0.0037954239054576056,-0.0010849192180596946,1.177049709715259e-06,0.0010849192180596946,0,0,1,1121
ETH,Cross_Crypto,2025-07-08,0.0260061385023931,0.002630492050088938,0.023375646452304163,0.0005464208470631202,0.023375646452304163,1,1,1,1122
ETH,Cross_Crypto,2025-07-09,0.0518974041971131,-0.0016113931508341638,0.053508797347947265,0.002863191393623688,0.053508797347947265,1,0,0,1123
ETH,Cross_Crypto,2025-07-10,0.0289460338420129,-0.0014225830053714653,0.030368616847384365,0.0009222528892232375,0.030368616847384365,1,0,0,1124
ETH,Cross_Crypto,2025-07-11,0.0536134734426874,-0.00012908908410369513,0.0537425625267911,0.0028882630269460507,0.0537425625267911,1,0,0,1125
ETH,Cross_Crypto,2025-07-14,0.0041071652993815,0.0010000386977605039,0.003107126601620996,9.65423571850084e-06,0.003107126601620996,1,1,1,1126
ETH,Cross_Crypto,2025-07-15,0.0121127827017799,0.0008243653572074551,0.011288417344572445,0.00012742836614524402,0.011288417344572445,1,1,1,1127
ETH,Cross_Crypto,2025-07-16,0.1056924320508063,0.0005460151664571158,0.1051464168843492,0.011055768983617355,0.1051464168843492,1,1,1,1128
ETH,Cross_Crypto,2025-07-17,0.0108558133566067,-0.0037799606491620077,0.014635774005768707,0.000214205880747935,0.014635774005768707,1,0,0,1129
ETH,Cross_Crypto,2025-07-18,0.0297731178155573,0.0015575700390064728,0.028215547776550828,0.0007961171363308223,0.028215547776550828,1,1,1,1130
ETH,Cross_Crypto,2025-07-21,0.00455427376309,-0.0008770267550841579,0.005431300518174158,2.949902531871888e-05,0.005431300518174158,1,0,0,1131
ETH,Cross_Crypto,2025-07-22,-0.0137740715558016,0.001380423599779721,-0.01515449515558132,0.0002296587234205377,0.01515449515558132,0,1,0,1132
ETH,Cross_Crypto,2025-07-23,-0.0376050585818033,0.0030901447744073676,-0.040695203356210664,0.0016560995762033397,0.040695203356210664,0,1,0,1133
ETH,Cross_Crypto,2025-07-24,0.0463329921725789,0.0003156944467521232,0.04601729772582677,0.0021175916899873817,0.04601729772582677,1,1,1,1134
ETH,Cross_Crypto,2025-07-25,-0.014335068485566,-0.0015496573183769943,-0.012785411167189006,0.00016346673871408133,0.012785411167189006,0,0,1,1135
ETH,Cross_Crypto,2025-07-28,-0.0091015622784621,-0.0004071976574672627,-0.008694364620994837,7.559197616280669e-05,0.008694364620994837,0,0,1,1136
ETH,Cross_Crypto,2025-07-29,-0.0069746110296181,0.0042812387619365,-0.0112558497915546,0.00012669415453003973,0.0112558497915546,0,1,0,1137
ETH,Cross_Crypto,2025-07-30,0.0019484645419917,0.003462599400496185,-0.001514134858504485,2.292604369738397e-06,0.001514134858504485,1,1,1,1138
ETH,Cross_Crypto,2025-07-31,-0.009151364030403,0.00371934657900453,-0.01287071060940753,0.00016565519159111554,0.01287071060940753,0,1,0,1139
ETH,Cross_Crypto,2025-08-01,-0.0540581513564807,0.0017572495435615593,-0.05581540090004226,0.003115358977632438,0.05581540090004226,0,1,0,1140
ETH,Cross_Crypto,2025-08-04,0.0574731041586664,-0.000934675920378561,0.05840778007904496,0.003411468773762081,0.05840778007904496,1,0,0,1141
ETH,Cross_Crypto,2025-08-05,-0.0344997782592543,-0.0016463067362978284,-0.03285347152295647,0.001079350591109712,0.03285347152295647,0,0,1,1142
ETH,Cross_Crypto,2025-08-06,0.0277748908483051,0.0038147028631408154,0.023960187985164284,0.0005740906082844109,0.023960187985164284,1,1,1,1143
ETH,Cross_Crypto,2025-08-07,0.052344174072652,-0.002690397966670966,0.055034572039322965,0.003028804119551429,0.055034572039322965,1,0,0,1144
ETH,Cross_Crypto,2025-08-08,0.046197456997032,0.0005632017918036705,0.04563425520522833,0.002082485248135909,0.04563425520522833,1,1,1,1145
ETH,Cross_Crypto,2025-08-11,0.0067214362815383,0.0034064962543023415,0.003314940027235959,1.098882738417114e-05,0.003314940027235959,1,1,1,1146
ETH,Cross_Crypto,2025-08-12,0.083784026745939,-0.0015130547308133194,0.08529708147675233,0.007275592108451725,0.08529708147675233,1,0,0,1147
ETH,Cross_Crypto,2025-08-13,0.0212330113738598,-0.004104246513980569,0.02533725788784037,0.0006419766372749291,0.02533725788784037,1,0,0,1148
ETH,Cross_Crypto,2025-08-14,-0.0393957696391154,0.0015469882264764548,-0.04094275786559185,0.0016763094216404833,0.04094275786559185,0,1,0,1149
ETH,Cross_Crypto,2025-08-15,-0.0239882030718733,0.004286956258004085,-0.028275159329877383,0.000799484635129952,0.028275159329877383,0,1,0,1150
ETH,Cross_Crypto,2025-08-18,-0.0297541409837481,-0.00024059305954028318,-0.029513547924207816,0.0008710495110745114,0.029513547924207816,0,0,1,1151
ETH,Cross_Crypto,2025-08-19,-0.0425463893626042,0.004482070830134525,-0.04702846019273872,0.0022116760681000105,0.04702846019273872,0,1,0,1152
ETH,Cross_Crypto,2025-08-20,0.0470344547993848,0.004131207910119394,0.0429032468892654,0.0018406885936412614,0.0429032468892654,1,1,1,1153
ETH,Cross_Crypto,2025-08-21,-0.0270564529224524,0.0008672749105637437,-0.027923727833016145,0.0007797345760923605,0.027923727833016145,0,1,0,1154
ETH,Cross_Crypto,2025-08-22,0.1322306733899645,0.003296464801858332,0.12893420858810617,0.01662403014424127,0.12893420858810617,1,1,1,1155
ETH,Cross_Crypto,2025-08-25,-0.0941322240514131,0.0001816355078912979,-0.0943138595593044,0.008895104104972193,0.0943138595593044,0,1,0,1156
ETH,Cross_Crypto,2025-08-26,0.0517865945024247,0.009866835327102537,0.04191975917532216,0.0017572662093170064,0.04191975917532216,1,1,1,1157
ETH,Cross_Crypto,2025-08-27,0.001230182516068,-0.0012403797184937955,0.0024705622345617953,6.1036777548429715e-06,0.0024705622345617953,1,0,0,1158
ETH,Cross_Crypto,2025-08-28,-0.0301027699595744,0.00228584078814921,-0.03238861074772361,0.0010490221061675573,0.03238861074772361,0,1,0,1159
ETH,Cross_Crypto,2025-08-29,-0.0311713194020282,0.0027206713756104187,-0.03389199077763862,0.001148667038871541,0.03389199077763862,0,1,0,1160
ETH,Cross_Crypto,2025-09-02,0.0058468482665485,0.005590563523322937,0.0002562847432255634,6.568186961019297e-08,0.0002562847432255634,1,1,1,1161
ETH,Cross_Crypto,2025-09-03,0.0348846760745277,0.006646396218659947,0.028238279855867753,0.0007974004492183065,0.028238279855867753,1,1,1,1162
ETH,Cross_Crypto,2025-09-04,-0.0363344811847438,0.0004509718469503897,-0.036785453031694185,0.0013531695547469788,0.036785453031694185,0,1,0,1163
ETH,Cross_Crypto,2025-09-05,0.0072626663627668,0.00308127128279748,0.00418139507996932,1.748406481479164e-05,0.00418139507996932,1,1,1,1164
ETH,Cross_Crypto,2025-09-08,-0.000595557992613,0.0009107285544419398,-0.0015062865470549399,2.2688991618386937e-06,0.0015062865470549399,0,1,0,1165
ETH,Cross_Crypto,2025-09-09,0.0013743660836907,0.0012001392679287133,0.0001742268157619866,3.035498333056122e-08,0.0001742268157619866,1,1,1,1166
ETH,Cross_Crypto,2025-09-10,0.0063703778431359,0.0021879110224450188,0.004182466820690881,1.7493028706180086e-05,0.004182466820690881,1,1,1,1167
ETH,Cross_Crypto,2025-09-11,0.0201913924764079,0.0011883851801546969,0.019003007296253205,0.00036111428630145254,0.019003007296253205,1,1,1,1168
ETH,Cross_Crypto,2025-09-12,0.0559355309487482,-0.001319550469515169,0.05725508141826337,0.0032781443482119673,0.05725508141826337,1,0,0,1169
ETH,Cross_Crypto,2025-09-15,-0.0233600628658587,0.0020908413978892107,-0.025450904263747912,0.0006477485278424617,0.025450904263747912,0,1,0,1170
ETH,Cross_Crypto,2025-09-16,-0.0030782195503456,0.0020414778363825638,-0.005119697386728164,2.6211301331671187e-05,0.005119697386728164,0,1,0,1171
ETH,Cross_Crypto,2025-09-17,0.001059692788285,-0.0007507189004534176,0.0018104116887384177,3.2775904827206893e-06,0.0018104116887384177,1,0,0,1172
ETH,Cross_Crypto,2025-09-18,0.0224518851736306,0.0027906529999783547,0.019661232173652246,0.0003865640505862582,0.019661232173652246,1,1,1,1173
ETH,Cross_Crypto,2025-09-19,-0.0316353170451494,0.000206346839559831,-0.03184166388470923,0.001013891558946796,0.03184166388470923,0,1,0,1174
ETH,Cross_Crypto,2025-09-22,-0.0679245743120771,0.0022853020052215033,-0.07020987631729861,0.004929426732490368,0.07020987631729861,0,1,0,1175
ETH,Cross_Crypto,2025-09-23,-0.0018675570686672,0.005637507610207853,-0.007505064678875053,5.63259958340979e-05,0.007505064678875053,0,1,0,1176
ETH,Cross_Crypto,2025-09-24,-0.0023099734464758,0.0029608598654562272,-0.005270833311932027,2.778168380217234e-05,0.005270833311932027,0,1,0,1177
ETH,Cross_Crypto,2025-09-25,-0.0691309953301054,0.0031023003363935923,-0.072233295666499,0.005217649002843863,0.072233295666499,0,1,0,1178
ETH,Cross_Crypto,2025-09-26,0.0316210378254285,0.008276087365281095,0.023344950460147406,0.0005449867119867366,0.023344950460147406,1,1,1,1179
ETH,Cross_Crypto,2025-09-29,0.0421435230239931,0.00032391788236713764,0.041819605141625964,0.0017488793742015088,0.041819605141625964,1,1,1,1180
ETH,Cross_Crypto,2025-09-30,-0.0081748044430075,-0.0004244040537932717,-0.007750400389214228,6.0068706193132056e-05,0.007750400389214228,0,0,1,1181
ETH,Cross_Crypto,2025-10-01,0.0330441155716006,0.0014646496987188,0.031579465872881796,0.000997262664816506,0.031579465872881796,1,1,1,1182
ETH,Cross_Crypto,2025-10-02,0.0355238266291595,0.0007111653143076421,0.034812661314851855,0.0012119213878225828,0.034812661314851855,1,1,1,1183
ETH,Cross_Crypto,2025-10-03,0.0098682716118382,-0.0002444652413886514,0.010112736853226851,0.00010226744666261251,0.010112736853226851,1,0,0,1184
ETH,Cross_Crypto,2025-10-06,0.041848385070901,0.002464752516257003,0.039383632554644,0.0015510705131992146,0.039383632554644,1,1,1,1185
ETH,Cross_Crypto,2025-10-07,-0.0392094599716998,0.0029713972766196757,-0.04218085724831948,0.001779224718203106,0.04218085724831948,0,1,0,1186
ETH,Cross_Crypto,2025-10-08,-0.0018480705352263,0.006882792950627499,-0.008730863485853798,7.622797720861513e-05,0.008730863485853798,0,1,0,1187
ETH,Cross_Crypto,2025-10-09,-0.037008046678813,0.005119653982442778,-0.042127700661255776,0.0017747431630043705,0.042127700661255776,0,1,0,1188
ETH,Cross_Crypto,2025-10-10,-0.1165702462666358,0.003454045846214813,-0.12002429211285061,0.014405830697190893,0.12002429211285061,0,1,0,1189
ETH,Cross_Crypto,2025-10-14,-0.0401633474379033,0.005183931611996265,-0.04534727904989956,0.0020563757172294595,0.04534727904989956,0,1,0,1190
ETH,Cross_Crypto,2025-10-15,-0.0387037514460872,0.0030112333865852103,-0.041714984832672414,0.0017401399595900896,0.041714984832672414,0,1,0,1191
ETH,Cross_Crypto,2025-10-16,-0.0289577120805528,0.0029429734565610266,-0.031900685537113824,0.0010176537377378232,0.031900685537113824,0,1,0,1192
ETH,Cross_Crypto,2025-10-17,0.0019248584998494,0.0018242284357714786,0.00010063006407792134,1.0126409796326556e-08,0.00010063006407792134,1,1,1,1193
ETH,Cross_Crypto,2025-10-20,-0.0005000375132316,-0.00048187611657827395,-1.8161396653326007e-05,3.298363283994411e-10,1.8161396653326007e-05,0,0,1,1194
ETH,Cross_Crypto,2025-10-21,-0.0097909417506991,0.005989555715668282,-0.01578049746636738,0.0002490241002860273,0.01578049746636738,0,1,0,1195
ETH,Cross_Crypto,2025-10-22,-0.0462956393513182,-0.0035043423582051363,-0.04279129699311307,0.0018310950983528077,0.04279129699311307,0,0,1,1196
ETH,Cross_Crypto,2025-10-23,0.013311003619243,0.0018441537215412949,0.011466849897701706,0.00013148864657642163,0.011466849897701706,1,1,1,1197
ETH,Cross_Crypto,2025-10-24,0.0277585400074498,0.002878093895553664,0.024880446111896135,0.0006190365987269675,0.024880446111896135,1,1,1,1198
ETH,Cross_Crypto,2025-10-27,0.0164758906513517,-0.001454774362913502,0.017930665014265205,0.0003215087478537942,0.017930665014265205,1,0,0,1199
ETH,Cross_Crypto,2025-10-28,-0.0369958309445941,-0.005735266339904482,-0.031260564604689615,0.0009772228994039732,0.031260564604689615,0,0,1,1200
ETH,Cross_Crypto,2025-10-29,-0.0073208319339031,0.00028732320267890396,-0.007608155136582004,5.7884024582299124e-05,0.007608155136582004,0,1,0,1201
ETH,Cross_Crypto,2025-10-30,-0.0504113102201998,0.0026761249205699243,-0.05308743514076972,0.0028182757698254316,0.05308743514076972,0,1,0,1202
ETH,Cross_Crypto,2025-10-31,0.0269049096426468,0.005971184060093188,0.020933725582553613,0.0004382208667656596,0.020933725582553613,1,1,1,1203
ETH,Cross_Crypto,2025-11-03,-0.0700441541309016,-1.2206247771401335e-05,-0.0700319478831302,0.004904473724305465,0.0700319478831302,0,0,1,1204
ETH,Cross_Crypto,2025-11-04,-0.1137554723620222,0.004993360850726911,-0.11874883321274911,0.014101285389389305,0.11874883321274911,0,1,0,1205
ETH,Cross_Crypto,2025-11-05,0.0689179770004887,0.005371627726775338,0.06354634927371336,0.00403813850601677,0.06354634927371336,1,1,1,1206
ETH,Cross_Crypto,2025-11-06,-0.0343793229245137,-0.0018823402485189534,-0.03249698267599475,0.0010560538830439027,0.03249698267599475,0,0,1,1207
ETH,Cross_Crypto,2025-11-07,0.04140406566405,0.0019066540665790364,0.039497411597470965,0.001560045522900034,0.039497411597470965,1,1,1,1208
ETH,Cross_Crypto,2025-11-10,-0.0105420695957766,-0.0015879573418682768,-0.008954112253908322,8.017612625559116e-05,0.008954112253908322,0,0,1,1209
ETH,Cross_Crypto,2025-11-12,0.0011342907806742,0.0012880922280264547,-0.0001538014473522547,2.3654885207648376e-08,0.0001538014473522547,1,1,1,1210
ETH,Cross_Crypto,2025-11-13,-0.0734820097948258,0.003545403254439478,-0.07702741304926528,0.005933222361062122,0.07702741304926528,0,1,0,1211
ETH,Cross_Crypto,2025-11-14,-0.0043678788200774,0.003770086233764578,-0.008137965053841978,6.622647521755327e-05,0.008137965053841978,0,1,0,1212
ETH,Cross_Crypto,2025-11-17,-0.0215248839948724,-0.0006952980653799797,-0.02082958592949242,0.0004338716499941087,0.02082958592949242,0,0,1,1213
ETH,Cross_Crypto,2025-11-18,0.029392775803051,0.0013023988042233222,0.028090376998827677,0.000789069279936267,0.028090376998827677,1,1,1,1214
ETH,Cross_Crypto,2025-11-19,-0.0354500446785679,-0.0015385741619618203,-0.03391147051660608,0.0011499878325986436,0.03391147051660608,0,0,1,1215
ETH,Cross_Crypto,2025-11-20,-0.03771497877662,0.004318699847030707,-0.042033678623650705,0.0017668301386363503,0.042033678623650705,0,1,0,1216
ETH,Cross_Crypto,2025-11-21,-0.0397932883204553,0.002025338490565799,-0.041818626811021095,0.0017487975483594523,0.041818626811021095,0,1,0,1217
ETH,Cross_Crypto,2025-11-24,0.0407751337585565,0.00024697177379732257,0.04052816198475918,0.0016425319138628788,0.04052816198475918,1,1,1,1218
ETH,Cross_Crypto,2025-11-25,-0.009706408739737,-0.0019488481067972195,-0.007757560632939781,6.017974697373705e-05,0.007757560632939781,0,0,1,1219
ETH,Cross_Crypto,2025-11-26,0.0302350526059831,0.0005578222812769179,0.02967723032470618,0.0008807379997456601,0.02967723032470618,1,1,1,1220
ETH,Cross_Crypto,2025-11-28,0.001409712757503,-0.00032295143860270074,0.0017326641961057008,3.0021252164666144e-06,0.0017326641961057008,1,0,0,1221
ETH,Cross_Crypto,2025-12-01,-0.0789673341449662,0.0003091554986397161,-0.07927648964360592,0.006284761810212757,0.07927648964360592,0,1,0,1222
ETH,Cross_Crypto,2025-12-02,0.070683972858718,0.003953760222382273,0.06673021263633572,0.004452921278490579,0.06673021263633572,1,1,1,1223
ETH,Cross_Crypto,2025-12-03,0.0547809662268168,-0.004400015715184702,0.059180981942001505,0.0035023886236195084,0.059180981942001505,1,0,0,1224
ETH,Cross_Crypto,2025-12-04,-0.0135437369622067,-0.003221601758069989,-0.01032213520413671,0.00010654647517247841,0.01032213520413671,0,0,1,1225
ETH,Cross_Crypto,2025-12-05,-0.0337450138072728,0.0011530248642507152,-0.03489803867152352,0.0012178731031191508,0.03489803867152352,0,1,0,1226
ETH,Cross_Crypto,2025-12-08,0.0198098062096652,-0.0006727444237685535,0.020482550633433756,0.0004195348804511775,0.020482550633433756,1,0,0,1227
ETH,Cross_Crypto,2025-12-09,0.0474109154051095,-0.0015997867072957183,0.04901070211240522,0.0024020489215509215,0.04901070211240522,1,0,0,1228
ETH,Cross_Crypto,2025-12-10,0.0122363621001025,-0.001378760286047968,0.013615122386150468,0.00018537155758985562,0.013615122386150468,1,0,0,1229
ETH,Cross_Crypto,2025-12-11,-0.0276408196673252,-0.0016431062449763865,-0.025997713422348814,0.0006758811031905757,0.025997713422348814,0,0,1,1230
ETH,Cross_Crypto,2025-12-12,-0.0528698358340786,0.003388204484508337,-0.05625804031858694,0.0031649671004877534,0.05625804031858694,0,1,0,1231
ETH,Cross_Crypto,2025-12-15,-0.0452686377788639,0.0017521911383298126,-0.04702082891719371,0.0022109583520600004,0.04702082891719371,0,1,0,1232
ETH,Cross_Crypto,2025-12-16,0.0019194905340758,0.002006586290416542,-8.709575634074191e-05,7.585670772565885e-09,8.709575634074191e-05,1,1,1,1233
ETH,Cross_Crypto,2025-12-17,-0.045863429024493,0.0006020819979505434,-0.04646551102244355,0.002159043714576823,0.04646551102244355,0,1,0,1234
ETH,Cross_Crypto,2025-12-18,0.0030281642196873,0.004965687308043391,-0.0019375230883560911,3.7539957179129253e-06,0.0019375230883560911,1,1,1,1235
ETH,Cross_Crypto,2025-12-19,0.0505102155708176,-0.0006222298229075739,0.051132445393725176,0.002614526971942287,0.051132445393725176,1,0,0,1236
ETH,Cross_Crypto,2025-12-22,0.0046462639294153,0.0006320508720206262,0.004014213057394674,1.6113906470157897e-05,0.004014213057394674,1,1,1,1237
ETH,Cross_Crypto,2025-12-23,-0.0049153008126314,0.0002644708654463363,-0.005179771678077736,2.6830034637016246e-05,0.005179771678077736,0,1,0,1238
ETH,Cross_Crypto,2025-12-24,-0.008023573330463,-0.0005881991726583461,-0.007435374157804654,5.528478886654926e-05,0.007435374157804654,0,0,1,1239
ETH,Cross_Crypto,2025-12-26,-0.0073841561550595,0.000158778972909575,-0.007542935127969075,5.6895870344749846e-05,0.007542935127969075,0,1,0,1240
ETH,Cross_Crypto,2025-12-29,-0.0001362927024182,0.0011289420303817908,-0.0012652347327999909,1.6008189290834644e-06,0.0012652347327999909,0,1,0,1241
ETH,Cross_Crypto,2025-12-30,0.0105552072599906,-0.0036440105036113658,0.014199217763601966,0.00020161778509818963,0.014199217763601966,1,0,0,1242
ETH,Cross_Crypto,2025-12-31,0.0043032236232183,0.0011246613056974395,0.0031785623175208605,1.0103258406363584e-05,0.0031785623175208605,1,1,1,1243
