post_date,asset,Post_Count,Log_Reddit_Post_Count,Mean_Reddit_Sentiment,Median_Reddit_Sentiment,Std_Reddit_Sentiment,Positive_Share,Neutral_Share,Negative_Share
2021-01-01,BTC,153,5.0369526024136295,0.07917045256399909,0.0491568804718554,0.46297790293652485,0.20915032679738563,0.6601307189542484,0.13071895424836602
2021-01-01,ETH,12,2.5649493574615367,-0.1917940185715755,-0.3712886958383024,0.480551934622385,0.08333333333333333,0.5833333333333334,0.3333333333333333
2021-01-02,BTC,258,5.556828061699537,0.012256471469976696,0.01808677986264225,0.4849445319299389,0.20155038759689922,0.5852713178294574,0.2131782945736434
2021-01-02,ETH,18,2.9444389791664403,0.04881479513520994,0.0393368415534496,0.4085838265905988,0.05555555555555555,0.8888888888888888,0.05555555555555555
2021-01-03,BTC,270,5.602118820879701,0.06047029956330165,0.04389960877597325,0.5135810319040015,0.24444444444444444,0.5518518518518518,0.2037037037037037
2021-01-03,ETH,14,2.70805020110221,0.02511470879627657,0.03285751864314075,0.4711342397796768,0.21428571428571427,0.5714285714285714,0.21428571428571427
2021-01-04,BTC,181,5.204006687076795,-0.008255909772677275,-0.00320465862751,0.47717976480110186,0.18232044198895028,0.6132596685082873,0.20441988950276244
2021-01-04,ETH,28,3.367295829986474,-0.020768577798402736,-0.0021290145814419,0.46489402382491307,0.14285714285714285,0.6428571428571429,0.21428571428571427
2021-01-05,BTC,182,5.209486152841421,0.030999099687355883,0.05513464193791145,0.4580604399896025,0.1813186813186813,0.6373626373626373,0.1813186813186813
2021-01-05,ETH,35,3.58351893845611,-0.033685187506489446,-0.0202511027455329,0.5182205803382278,0.22857142857142856,0.5142857142857142,0.2571428571428571
2021-01-06,BTC,248,5.517452896464707,0.02207348340579624,0.040915748104453045,0.4900373802532306,0.1774193548387097,0.6048387096774194,0.21774193548387097
2021-01-06,ETH,34,3.5553480614894135,0.0648136422558523,0.0975515672471374,0.46653029366149046,0.20588235294117646,0.6470588235294118,0.14705882352941177
2021-01-07,BTC,332,5.808142489980444,0.004387647050632027,0.0268408134579658,0.507750669276596,0.19578313253012047,0.5783132530120482,0.22590361445783133
2021-01-07,ETH,19,2.995732273553991,-0.06170309767568191,0.0311797838658094,0.5442424991713819,0.15789473684210525,0.5789473684210527,0.2631578947368421
2021-01-08,BTC,267,5.5909869805108565,-0.03610749637676676,0.0002706609666347,0.4640889212843378,0.14606741573033707,0.5955056179775281,0.25842696629213485
2021-01-08,ETH,34,3.5553480614894135,-0.010928591863964403,0.03648106940090655,0.5309487364484029,0.17647058823529413,0.5588235294117647,0.2647058823529412
2021-01-09,BTC,207,5.337538079701318,-0.04262841818797974,0.0180529486387968,0.46985463413286416,0.13043478260869565,0.6135265700483091,0.2560386473429952
2021-01-09,ETH,18,2.9444389791664403,0.1274626158669384,0.11834241729229686,0.4313586175853027,0.16666666666666666,0.7222222222222222,0.1111111111111111
2021-01-10,BTC,168,5.1298987149230735,-0.18953161590200449,-0.1494620814919471,0.41586921428260704,0.05357142857142857,0.6369047619047619,0.30952380952380953
2021-01-10,ETH,28,3.367295829986474,0.03560816181457734,0.028476199135184253,0.42287647224122316,0.14285714285714285,0.7857142857142857,0.07142857142857142
2021-01-11,BTC,251,5.529429087511423,-0.06667152415975869,-0.0805015116930008,0.4775279620446631,0.1553784860557769,0.6095617529880478,0.2350597609561753
2021-01-11,ETH,21,3.091042453358316,0.005047811927007768,0.0293668545782566,0.36846757962153104,0.09523809523809523,0.7619047619047619,0.14285714285714285
2021-01-12,BTC,201,5.308267697401205,-0.08590710218833639,-0.0299994610249996,0.48039335815137324,0.13930348258706468,0.5970149253731343,0.263681592039801
2021-01-12,ETH,24,3.2188758248682006,0.1427859739342239,0.0578410923480987,0.461975613398168,0.20833333333333334,0.6666666666666666,0.125
2021-01-13,BTC,192,5.262690188904886,-0.05297957622557684,0.00614089705049985,0.40721224006779705,0.08854166666666667,0.7395833333333334,0.171875
2021-01-13,ETH,24,3.2188758248682006,0.1465016206978665,0.061644548550248104,0.4219300494099232,0.20833333333333334,0.7083333333333334,0.08333333333333333
2021-01-14,BTC,213,5.365976015021851,-0.05982752534792598,-0.011086881160736,0.4640685651021483,0.14084507042253522,0.6244131455399061,0.2347417840375587
2021-01-14,ETH,24,3.2188758248682006,0.02494243416003882,0.0753795905038714,0.4050509744411743,0.125,0.75,0.125
2021-01-15,BTC,163,5.099866427824199,-0.008975741276346105,0.0148385427892208,0.39678953184063565,0.1165644171779141,0.754601226993865,0.12883435582822086
2021-01-15,ETH,18,2.9444389791664403,0.06367338693235068,0.07021420821547505,0.46239906378118945,0.2222222222222222,0.6666666666666666,0.1111111111111111
2021-01-16,BTC,148,5.003946305945459,0.009452331383284678,0.0313923829235136,0.4337982427173126,0.1554054054054054,0.6824324324324325,0.16216216216216217
2021-01-16,ETH,22,3.1354942159291497,0.024103641414760867,-0.01975452899932855,0.44438361262618403,0.18181818181818182,0.6818181818181818,0.13636363636363635
2021-01-17,BTC,96,4.574710978503383,-0.06629973081726348,-0.0206731995567679,0.43862508540093653,0.11458333333333333,0.65625,0.22916666666666666
2021-01-17,ETH,12,2.5649493574615367,-0.17652835339928666,-0.14399940520524976,0.2867019448364436,0.0,0.9166666666666666,0.08333333333333333
2021-01-18,BTC,118,4.77912349311153,-0.010333644713559267,0.02157333772629495,0.4226886852179542,0.11864406779661017,0.7203389830508474,0.16101694915254236
2021-01-18,ETH,25,3.258096538021482,0.15032773910090325,0.0906511647626757,0.3961893920244829,0.2,0.72,0.08
2021-01-19,BTC,136,4.919980925828125,-0.0025011051175705032,0.04993728827685115,0.4761260393197313,0.18382352941176472,0.6029411764705882,0.21323529411764705
2021-01-19,ETH,17,2.8903717578961645,0.18031487890573986,0.1242650300264358,0.501063016031732,0.29411764705882354,0.5882352941176471,0.11764705882352941
2021-01-20,BTC,140,4.948759890378168,-0.015055643287321027,0.02745833992958065,0.42721410641564683,0.12142857142857143,0.7142857142857143,0.16428571428571428
2021-01-20,ETH,27,3.332204510175204,0.08555814625557373,0.0520855151116848,0.4174188900163451,0.18518518518518517,0.7407407407407407,0.07407407407407407
2021-01-21,BTC,167,5.123963979403259,0.05556828582598018,0.0305032227188348,0.4888841223095473,0.20958083832335328,0.6167664670658682,0.17365269461077845
2021-01-21,ETH,29,3.4011973816621555,0.020173141114606417,0.0819117855280637,0.3231469915186233,0.034482758620689655,0.8275862068965517,0.13793103448275862
2021-01-22,BTC,153,5.0369526024136295,-0.047642400746197244,0.0116839557886123,0.4538689930724485,0.1437908496732026,0.6013071895424836,0.2549019607843137
2021-01-22,ETH,27,3.332204510175204,0.012939027782219155,0.0407155333086848,0.43817677208071126,0.14814814814814814,0.7407407407407407,0.1111111111111111
2021-01-23,BTC,85,4.454347296253507,-0.013773503194234397,0.0333090461790561,0.45520164634151433,0.1411764705882353,0.6588235294117647,0.2
2021-01-23,ETH,8,2.1972245773362196,0.01475253840908406,-0.03288140427321195,0.4814282702414365,0.125,0.75,0.125
2021-01-24,BTC,75,4.330733340286331,-0.027717160481649145,-0.0230312496423721,0.4061317272655967,0.12,0.72,0.16
2021-01-24,ETH,13,2.6390573296152584,-0.12146430829754816,0.0084419101476669,0.48701887938635163,0.07692307692307693,0.6153846153846154,0.3076923076923077
2021-01-25,BTC,118,4.77912349311153,0.044463472600663224,0.07138070836663239,0.3808400135273664,0.11016949152542373,0.7796610169491526,0.11016949152542373
2021-01-25,ETH,21,3.091042453358316,0.0758373280321913,0.0548075065016746,0.24267907843012812,0.09523809523809523,0.9047619047619048,0.0
2021-01-26,BTC,96,4.574710978503383,0.017794980541414884,0.0503931301645934,0.3915122618545051,0.11458333333333333,0.7604166666666666,0.125
2021-01-26,ETH,18,2.9444389791664403,-0.0054088475234392586,0.07905130833387375,0.37921591388319315,0.0,0.8333333333333334,0.16666666666666666
2021-01-27,BTC,98,4.59511985013459,-0.020804142075761856,0.017412036191672052,0.40514401412368645,0.11224489795918367,0.7346938775510204,0.15306122448979592
2021-01-27,ETH,28,3.367295829986474,0.21744293152421182,0.191183403134346,0.35452218277892733,0.21428571428571427,0.7142857142857143,0.07142857142857142
2021-01-28,BTC,118,4.77912349311153,-0.012736734034398864,0.0245657488703727,0.45315660026334204,0.15254237288135594,0.6186440677966102,0.2288135593220339
2021-01-28,ETH,21,3.091042453358316,0.07352536179990107,0.1853345707058906,0.4660303889486324,0.19047619047619047,0.6190476190476191,0.19047619047619047
2021-01-29,BTC,212,5.3612921657094255,-0.06775855321880818,0.01215817779302595,0.508237156817398,0.17452830188679244,0.5566037735849056,0.2688679245283019
2021-01-29,ETH,18,2.9444389791664403,0.0806274108019554,0.09603330399841065,0.3715517955468114,0.16666666666666666,0.7777777777777778,0.05555555555555555
2021-01-30,BTC,175,5.170483995038151,-0.012141659695522066,0.0017055124044418,0.4484925529996246,0.15428571428571428,0.6285714285714286,0.21714285714285714
2021-01-30,ETH,21,3.091042453358316,-0.0750997848143535,-0.0032396838068962,0.3427494161891509,0.047619047619047616,0.8095238095238095,0.14285714285714285
2021-01-31,BTC,151,5.0238805208462765,0.026695138542752527,0.0299137942492961,0.49344588856348115,0.17880794701986755,0.609271523178808,0.2119205298013245
2021-01-31,ETH,16,2.833213344056216,0.24359264380473178,0.2091008927673101,0.3550572921850921,0.3125,0.6875,0.0
2021-02-01,BTC,162,5.093750200806762,0.0616709675990551,0.0314356270246207,0.46149676084823704,0.19753086419753085,0.6666666666666666,0.13580246913580246
2021-02-01,ETH,21,3.091042453358316,0.03573652542018819,0.0476185362786054,0.42966354183996963,0.14285714285714285,0.7142857142857143,0.14285714285714285
2021-02-02,BTC,172,5.153291594497779,0.006435763082726911,0.058792918920516954,0.4613306464876802,0.13372093023255813,0.6627906976744186,0.20348837209302326
2021-02-02,ETH,37,3.6375861597263857,0.05414027317326414,0.0580331571400165,0.441437826998066,0.13513513513513514,0.6756756756756757,0.1891891891891892
2021-02-03,BTC,194,5.272999558563747,0.06848220741160252,0.0637378301471471,0.4515906793958662,0.17525773195876287,0.6701030927835051,0.15463917525773196
2021-02-03,ETH,40,3.713572066704308,0.029445785313146185,0.0473043723031878,0.512098903853835,0.2,0.6,0.2
2021-02-04,BTC,195,5.278114659230517,-0.0020357766982693347,0.0207232031971216,0.45273057111343595,0.14358974358974358,0.676923076923077,0.1794871794871795
2021-02-04,ETH,30,3.4339872044851463,0.08803647778307397,0.10174171254038805,0.5254044449976862,0.2,0.6,0.2
2021-02-05,BTC,178,5.187385805840755,0.022213044781708734,0.0016067381948232,0.4665313683157428,0.19101123595505617,0.6179775280898876,0.19101123595505617
2021-02-05,ETH,42,3.7612001156935624,0.09774809520292495,0.07505315868183965,0.465785167875573,0.16666666666666666,0.6904761904761905,0.14285714285714285
2021-02-06,BTC,175,5.170483995038151,-0.032022912313363384,0.0038694106042385,0.44381592024788585,0.12571428571428572,0.6628571428571428,0.21142857142857144
2021-02-06,ETH,25,3.258096538021482,-0.18379182251170278,-0.1210424657911062,0.3880043310130294,0.04,0.6,0.36
2021-02-07,BTC,145,4.983606621708336,-0.07011190686407018,-0.0140506699681282,0.447207984894094,0.1310344827586207,0.6482758620689655,0.2206896551724138
2021-02-07,ETH,26,3.295836866004329,-0.20704750396991864,-0.1896142419427633,0.3626274338196315,0.038461538461538464,0.6538461538461539,0.3076923076923077
2021-02-08,BTC,299,5.703782474656201,0.08556437194830173,0.0713767707347869,0.4738257860437856,0.2140468227424749,0.6354515050167224,0.1505016722408027
2021-02-08,ETH,28,3.367295829986474,0.033116174745373435,0.030993878841400098,0.5346090597555885,0.21428571428571427,0.6071428571428571,0.17857142857142858
2021-02-09,BTC,427,6.059123195581797,0.07715671146544792,0.0570755843073129,0.46156751831368775,0.20140515222482436,0.6533957845433255,0.1451990632318501
2021-02-09,ETH,42,3.7612001156935624,-0.018292662715317615,0.0444955509155988,0.44184222263760664,0.09523809523809523,0.6904761904761905,0.21428571428571427
2021-02-10,BTC,318,5.765191102784844,-0.007708903967692819,0.0110405050218105,0.47160619045933944,0.18238993710691823,0.5911949685534591,0.22641509433962265
2021-02-10,ETH,28,3.367295829986474,-0.07524899945461325,-0.05395286716520785,0.5660055501481852,0.17857142857142858,0.5,0.32142857142857145
2021-02-11,BTC,278,5.631211781821365,0.037344269934378345,0.03242446109652515,0.4617317917079859,0.19424460431654678,0.6258992805755396,0.17985611510791366
2021-02-11,ETH,38,3.6635616461296463,0.07617227483148638,0.0931609920226037,0.5530953966888906,0.2631578947368421,0.5263157894736842,0.21052631578947367
2021-02-12,BTC,241,5.488937726156687,0.026724626572466454,0.0268551558256149,0.45890556230285356,0.16597510373443983,0.6846473029045643,0.14937759336099585
2021-02-12,ETH,23,3.1780538303479458,0.13360680471700817,0.0635664220899343,0.41712567632914155,0.17391304347826086,0.6956521739130435,0.13043478260869565
2021-02-13,BTC,206,5.332718793265369,0.04373553370688453,0.0658085164614021,0.46650101071336064,0.1941747572815534,0.6213592233009708,0.18446601941747573
2021-02-13,ETH,19,2.995732273553991,0.05600194401401828,0.0839294176548719,0.46137655548881296,0.21052631578947367,0.631578947368421,0.15789473684210525
2021-02-14,BTC,222,5.407171771460119,-0.02190897310349822,0.0008840383961796417,0.4895400256644959,0.16666666666666666,0.6036036036036037,0.22972972972972974
2021-02-14,ETH,29,3.4011973816621555,0.002536269755841332,0.0311202127486467,0.39815714933263446,0.10344827586206896,0.7931034482758621,0.10344827586206896
2021-02-15,BTC,227,5.429345628954441,-0.009021980592074277,0.019100122153759,0.46587612832925523,0.16740088105726872,0.6431718061674009,0.1894273127753304
2021-02-15,ETH,25,3.258096538021482,-0.12484592069871724,-0.2119217757135629,0.5059510971460713,0.16,0.48,0.36
2021-02-16,BTC,240,5.484796933490655,0.024839539731328835,0.0372763676568865,0.4766319203069665,0.1875,0.6291666666666667,0.18333333333333332
2021-02-16,ETH,29,3.4011973816621555,-0.11500927638101939,0.0055386126041412,0.4516257895699704,0.06896551724137931,0.6896551724137931,0.2413793103448276
2021-02-17,BTC,313,5.749392985908253,-0.0011997159225300897,0.018099769949913,0.49738510155494065,0.1853035143769968,0.6038338658146964,0.2108626198083067
2021-02-17,ETH,35,3.58351893845611,-0.06422896335965822,0.0157240666449069,0.4092850793799908,0.08571428571428572,0.7428571428571429,0.17142857142857143
2021-02-18,BTC,312,5.746203190540153,0.06909348126888896,0.04576067999005315,0.49706257050035,0.23397435897435898,0.5801282051282052,0.1858974358974359
2021-02-18,ETH,33,3.5263605246161616,0.10939297273359967,0.0602113455533981,0.4072819770186007,0.15151515151515152,0.7272727272727273,0.12121212121212122
2021-02-19,BTC,308,5.733341276897746,0.1525821005377477,0.1235119812190532,0.4964140201196164,0.29545454545454547,0.5681818181818182,0.13636363636363635
2021-02-19,ETH,32,3.4965075614664802,0.047744380244694185,0.0329269142821431,0.4461839495225852,0.125,0.75,0.125
2021-02-20,BTC,340,5.831882477283517,0.023332282220465402,0.0182324312627315,0.4784319946017978,0.20294117647058824,0.5970588235294118,0.2
2021-02-20,ETH,24,3.2188758248682006,-0.1418072078571034,-0.04075259342789645,0.3579818183031349,0.041666666666666664,0.7083333333333334,0.25
2021-02-21,BTC,272,5.60947179518496,0.015872884302927343,0.027821199968457153,0.47457213532451564,0.1948529411764706,0.5882352941176471,0.21691176470588236
2021-02-21,ETH,19,2.995732273553991,-0.16032433800252252,-0.188150554895401,0.419336797334697,0.10526315789473684,0.5263157894736842,0.3684210526315789
2021-02-22,BTC,274,5.616771097666572,-0.015721307175206773,0.00080686621367925,0.48480358022206915,0.1678832116788321,0.5948905109489051,0.23722627737226276
2021-02-22,ETH,26,3.295836866004329,-0.1358985604467587,-0.11247761640697715,0.4248601410465656,0.07692307692307693,0.6153846153846154,0.3076923076923077
2021-02-23,BTC,354,5.872117789475416,-0.07617782204744727,-0.0086187049746513,0.4737618809014466,0.1327683615819209,0.5875706214689266,0.2796610169491525
2021-02-23,ETH,25,3.258096538021482,0.04106889411807058,0.0626075807958841,0.4929700490103114,0.24,0.52,0.24
2021-02-24,BTC,271,5.605802066295998,-0.00506175487049653,0.0228916201740503,0.4698039671214224,0.18450184501845018,0.5904059040590406,0.22509225092250923
2021-02-24,ETH,34,3.5553480614894135,0.052589952702606635,0.0563211645931005,0.4873958595688565,0.17647058823529413,0.6764705882352942,0.14705882352941177
2021-02-25,BTC,202,5.313205979041787,-0.07592146802926437,0.007761104032397199,0.4548808586102991,0.12871287128712872,0.6039603960396039,0.26732673267326734
2021-02-25,ETH,27,3.332204510175204,0.1523097917239216,0.1888120071962475,0.456791269837531,0.14814814814814814,0.7777777777777778,0.07407407407407407
2021-02-26,BTC,189,5.247024072160486,-0.01679421528291805,0.0176869332790374,0.4799265277079413,0.19047619047619047,0.5925925925925926,0.21693121693121692
2021-02-26,ETH,33,3.5263605246161616,0.09675951894711364,0.1178865432739257,0.4748647153706007,0.21212121212121213,0.6666666666666666,0.12121212121212122
2021-02-27,BTC,159,5.075173815233827,-0.031101050126987204,0.0009938962757587,0.5019723094839349,0.18238993710691823,0.5786163522012578,0.2389937106918239
2021-02-27,ETH,23,3.1780538303479458,-0.0062073753721526015,-0.1503805369138717,0.5658649630711371,0.21739130434782608,0.5217391304347826,0.2608695652173913
2021-02-28,BTC,207,5.337538079701318,-0.047371641528041325,-0.0045509561896324,0.4718853493322949,0.15942028985507245,0.6086956521739131,0.2318840579710145
2021-02-28,ETH,27,3.332204510175204,0.04515293068942373,0.0363345593214035,0.3882763120653987,0.1111111111111111,0.7407407407407407,0.14814814814814814
2021-03-01,BTC,193,5.267858159063328,0.02209754656020725,0.045875858515501,0.4527825995500366,0.15544041450777202,0.6683937823834197,0.17616580310880828
2021-03-01,ETH,26,3.295836866004329,0.20750754645380837,0.10732224956154815,0.38731747435191216,0.2692307692307692,0.6538461538461539,0.07692307692307693
2021-03-02,BTC,172,5.153291594497779,0.0027929661622227574,0.03905958402901885,0.45192874909446495,0.1569767441860465,0.6744186046511628,0.1686046511627907
2021-03-02,ETH,27,3.332204510175204,0.12588600494415947,0.0890361219644546,0.3880196922725614,0.14814814814814814,0.7407407407407407,0.1111111111111111
2021-03-03,BTC,200,5.303304908059076,0.024795180227956726,0.04789972398430105,0.44926234276434585,0.175,0.66,0.165
2021-03-03,ETH,32,3.4965075614664802,0.24113744765054432,0.1453172327019274,0.3838416861235179,0.25,0.71875,0.03125
2021-03-04,BTC,152,5.030437921392435,0.030793703943919885,0.010742495767772151,0.4441336425966727,0.16447368421052633,0.6644736842105263,0.17105263157894737
2021-03-04,ETH,34,3.5553480614894135,0.1800100301419768,0.1545617228839546,0.4088326566963388,0.23529411764705882,0.7058823529411765,0.058823529411764705
2021-03-05,BTC,153,5.0369526024136295,0.029518212607203446,0.0376219935715198,0.49793044923745866,0.1895424836601307,0.6143790849673203,0.19607843137254902
2021-03-05,ETH,34,3.5553480614894135,0.04978549457839964,0.0301187392324209,0.4189794309451199,0.14705882352941177,0.7647058823529411,0.08823529411764706
2021-03-06,BTC,117,4.770684624465665,0.0021591486546616847,0.0442106127738952,0.43139528919715714,0.1282051282051282,0.6923076923076923,0.1794871794871795
2021-03-06,ETH,19,2.995732273553991,-0.1416025080007354,-0.1154623329639434,0.2842301414162863,0.05263157894736842,0.7368421052631579,0.21052631578947367
2021-03-07,BTC,150,5.017279836814924,0.0027854037145152656,0.030789751559495898,0.43104009559251005,0.14666666666666667,0.7,0.15333333333333332
2021-03-07,ETH,19,2.995732273553991,0.007574689133386857,0.0424659699201583,0.3336732014754416,0.10526315789473684,0.7368421052631579,0.15789473684210525
2021-03-08,BTC,189,5.247024072160486,0.027514426274195546,0.0064062401652336,0.4660318243193082,0.17989417989417988,0.6613756613756614,0.15873015873015872
2021-03-08,ETH,22,3.1354942159291497,0.12841077220880173,0.119935336522758,0.4035102613289913,0.13636363636363635,0.7727272727272727,0.09090909090909091
2021-03-09,BTC,180,5.198497031265826,0.10233753945859562,0.0684378733858466,0.4450174804132479,0.2388888888888889,0.6277777777777778,0.13333333333333333
2021-03-09,ETH,26,3.295836866004329,0.08676263257467116,0.0627266559749841,0.35605885094339124,0.11538461538461539,0.8461538461538461,0.038461538461538464
2021-03-10,BTC,178,5.187385805840755,0.0005433338123970023,0.030271498486399602,0.45920541555613675,0.16853932584269662,0.6179775280898876,0.21348314606741572
2021-03-10,ETH,31,3.4657359027997265,0.21587019864349594,0.180498557165265,0.34888876183619105,0.1935483870967742,0.7741935483870968,0.03225806451612903
2021-03-11,BTC,144,4.976733742420574,0.020768099432946954,0.042433641385287,0.4408172709639831,0.16666666666666666,0.6597222222222222,0.1736111111111111
2021-03-11,ETH,28,3.367295829986474,0.21444533918734773,0.1469305651262402,0.5409426046405101,0.32142857142857145,0.5714285714285714,0.10714285714285714
2021-03-12,BTC,150,5.017279836814924,0.06366821495350448,0.031053667422384,0.4710907007824946,0.2,0.6533333333333333,0.14666666666666667
2021-03-12,ETH,35,3.58351893845611,0.11422651634285493,0.0771397799253463,0.512001733683954,0.22857142857142856,0.6,0.17142857142857143
2021-03-13,BTC,200,5.303304908059076,0.060169071711134156,0.054324932396411854,0.508936585292943,0.245,0.545,0.21
2021-03-13,ETH,14,2.70805020110221,0.15186802748524184,0.07571361120790235,0.3631172874414618,0.14285714285714285,0.8571428571428571,0.0
2021-03-14,BTC,150,5.017279836814924,0.0073437885978880025,0.01748046837747095,0.4861953120651196,0.18666666666666668,0.58,0.23333333333333334
2021-03-14,ETH,24,3.2188758248682006,-0.07054426730610429,-0.04356014728546135,0.4441321935972051,0.125,0.6666666666666666,0.20833333333333334
2021-03-15,BTC,162,5.093750200806762,0.03188949935914327,0.038564890623092596,0.4933583851651036,0.19753086419753085,0.5864197530864198,0.21604938271604937
2021-03-15,ETH,27,3.332204510175204,0.02838981681054939,0.0568565763533115,0.4430431504971729,0.1111111111111111,0.7037037037037037,0.18518518518518517
2021-03-16,BTC,198,5.293304824724492,0.005733806562887478,0.0315114185214042,0.49024715318546724,0.18686868686868688,0.6060606060606061,0.20707070707070707
2021-03-16,ETH,25,3.258096538021482,-0.012180523276329049,0.0721406787633895,0.4416073675646911,0.16,0.64,0.2
2021-03-17,BTC,184,5.220355825078324,0.027342043181820562,0.058588219340890604,0.4879196522374693,0.20108695652173914,0.592391304347826,0.20652173913043478
2021-03-17,ETH,27,3.332204510175204,0.09115646179351539,0.1064201164990663,0.49846047669086435,0.18518518518518517,0.6296296296296297,0.18518518518518517
2021-03-18,BTC,188,5.241747015059643,-0.02764365568935396,0.0350125422701239,0.4868700296660477,0.1595744680851064,0.6223404255319149,0.21808510638297873
2021-03-18,ETH,33,3.5263605246161616,-0.0028210675880087246,0.0805073305964469,0.4819030695852982,0.15151515151515152,0.6363636363636364,0.21212121212121213
2021-03-19,BTC,130,4.875197323201151,-0.018927243928639943,0.031020037829875897,0.4341726230316739,0.15384615384615385,0.6615384615384615,0.18461538461538463
2021-03-19,ETH,20,3.044522437723423,0.016561510297469797,0.03223782218992705,0.30907664449367594,0.1,0.85,0.05
2021-03-20,BTC,101,4.624972813284271,-0.054399939945502455,-0.0214632824063301,0.4525658935059132,0.1485148514851485,0.6138613861386139,0.2376237623762376
2021-03-20,ETH,18,2.9444389791664403,0.07285293983295561,0.057426443323493,0.37261866934462134,0.1111111111111111,0.8888888888888888,0.0
2021-03-21,BTC,97,4.584967478670572,0.0733431328937757,0.0521025862544775,0.3947702445526839,0.17525773195876287,0.7216494845360825,0.10309278350515463
2021-03-21,ETH,14,2.70805020110221,-0.03368293888135147,-0.03112121671438215,0.46796573013364234,0.14285714285714285,0.7142857142857143,0.14285714285714285
2021-03-22,BTC,129,4.867534450455582,-0.03749927625514914,0.00239884480834,0.3659919349949652,0.06976744186046512,0.7674418604651163,0.16279069767441862
2021-03-22,ETH,18,2.9444389791664403,0.020066843652683814,0.048060694010928204,0.27023903089306744,0.05555555555555555,0.8888888888888888,0.05555555555555555
2021-03-23,BTC,115,4.7535901911063645,-0.0048435052370895595,0.0462729483842849,0.38988643331297707,0.10434782608695652,0.7391304347826086,0.1565217391304348
2021-03-23,ETH,27,3.332204510175204,0.24767670218177415,0.1833500526845455,0.39822870125348614,0.25925925925925924,0.6666666666666666,0.07407407407407407
2021-03-24,BTC,176,5.176149732573829,0.06029269197990122,0.0578835406340658,0.4819908177984587,0.2215909090909091,0.5795454545454546,0.19886363636363635
2021-03-24,ETH,31,3.4657359027997265,0.22947036744951602,0.212132170330733,0.42135259253180085,0.22580645161290322,0.7096774193548387,0.06451612903225806
2021-03-25,BTC,153,5.0369526024136295,0.017259309448003524,0.0213793404400348,0.48769912933214354,0.1895424836601307,0.6339869281045751,0.17647058823529413
2021-03-25,ETH,26,3.295836866004329,0.13040935936777923,0.0986135243438184,0.4297458725153023,0.19230769230769232,0.6538461538461539,0.15384615384615385
2021-03-26,BTC,154,5.043425116919247,0.016504048060643928,0.03597906464710825,0.4671008391528738,0.16883116883116883,0.6428571428571429,0.18831168831168832
2021-03-26,ETH,20,3.044522437723423,0.15153071301756427,0.0980983548797667,0.375231556209427,0.15,0.8,0.05
2021-03-27,BTC,111,4.718498871295094,0.03995024998932405,0.0511829340830445,0.44736108870826685,0.1891891891891892,0.6486486486486487,0.16216216216216217
2021-03-27,ETH,18,2.9444389791664403,-0.10551701134277715,-0.1815178813412785,0.5576472819102468,0.16666666666666666,0.4444444444444444,0.3888888888888889
2021-03-28,BTC,114,4.74493212836325,-0.05111662327851121,0.008280750364065101,0.4252411251208196,0.10526315789473684,0.7017543859649122,0.19298245614035087
2021-03-28,ETH,16,2.833213344056216,0.021784223179565722,0.0073221065104007495,0.4380717210482831,0.1875,0.6875,0.125
2021-03-29,BTC,125,4.836281906951478,0.007090041712857772,0.0317250993102788,0.4302870371137188,0.128,0.712,0.16
2021-03-29,ETH,25,3.258096538021482,0.3726423397473991,0.1775149470195174,0.406261062822081,0.36,0.64,0.0
2021-03-30,BTC,157,5.062595033026967,0.058333318779885665,0.0526307420805096,0.417151244487075,0.17197452229299362,0.6815286624203821,0.1464968152866242
2021-03-30,ETH,20,3.044522437723423,0.036396930145565415,0.06305065052583805,0.4680092271053016,0.2,0.65,0.15
2021-03-31,BTC,148,5.003946305945459,0.005464627159715348,0.05411882372573015,0.45201324959635814,0.14864864864864866,0.6486486486486487,0.20270270270270271
2021-03-31,ETH,25,3.258096538021482,0.16886803554371,0.1158520579338073,0.488852532905066,0.28,0.6,0.12
2021-04-01,BTC,144,4.976733742420574,0.0781971125535266,0.04285282175987955,0.46791389528827293,0.1875,0.6666666666666666,0.14583333333333334
2021-04-01,ETH,30,3.4339872044851463,0.05608774085994808,0.07860743999481196,0.37750458035795087,0.13333333333333333,0.7333333333333333,0.13333333333333333
2021-04-02,BTC,132,4.890349128221754,0.04635238034869403,0.04531186819076535,0.4643308836802263,0.17424242424242425,0.6515151515151515,0.17424242424242425
2021-04-02,ETH,24,3.2188758248682006,0.02065735191960508,0.02331971796229475,0.48801353344279924,0.25,0.5416666666666666,0.20833333333333334
2021-04-03,BTC,97,4.584967478670572,0.0534780672151288,0.0449842512607574,0.47241908785323494,0.1958762886597938,0.6701030927835051,0.13402061855670103
2021-04-03,ETH,22,3.1354942159291497,-0.05230542908380317,0.0220042150467634,0.506934592523485,0.13636363636363635,0.6363636363636364,0.22727272727272727
2021-04-04,BTC,82,4.418840607796598,0.02951893096835147,0.0263767391443252,0.3995437056527243,0.15853658536585366,0.7439024390243902,0.0975609756097561
2021-04-04,ETH,15,2.772588722239781,-0.006728150198857012,0.0666725859045982,0.3709251702337486,0.06666666666666667,0.7333333333333333,0.2
2021-04-05,BTC,111,4.718498871295094,0.08501845268692047,0.0798573046922683,0.45131633152953754,0.2072072072072072,0.6306306306306306,0.16216216216216217
2021-04-05,ETH,28,3.367295829986474,0.00024416176269628477,0.0939977627713233,0.4282027333933049,0.07142857142857142,0.75,0.17857142857142858
2021-04-06,BTC,122,4.812184355372417,0.05445144540672266,0.05649538896977895,0.43167128006695593,0.1557377049180328,0.7131147540983607,0.13114754098360656
2021-04-06,ETH,14,2.70805020110221,0.1744960682533149,0.1455781948752701,0.4152652679012496,0.14285714285714285,0.7142857142857143,0.14285714285714285
2021-04-07,BTC,112,4.727387818712341,-0.028339414817829887,0.02111086715012785,0.440645467411824,0.15178571428571427,0.6428571428571429,0.20535714285714285
2021-04-07,ETH,25,3.258096538021482,-0.018791028354316945,0.0446857847273349,0.3970096806734366,0.12,0.8,0.08
2021-04-08,BTC,135,4.912654885736052,0.006983531006887824,0.0434761960059404,0.4841647644199917,0.17037037037037037,0.6296296296296297,0.2
2021-04-08,ETH,22,3.1354942159291497,0.14083420574686237,0.21795940771698946,0.4715078083216435,0.18181818181818182,0.6363636363636364,0.18181818181818182
2021-04-09,BTC,131,4.882801922586371,0.04580484920639886,0.0340248830616474,0.44473693029575206,0.19083969465648856,0.6564885496183206,0.15267175572519084
2021-04-09,ETH,18,2.9444389791664403,0.012056084427361688,0.005987579934298999,0.31855014916604607,0.05555555555555555,0.8888888888888888,0.05555555555555555
2021-04-10,BTC,93,4.543294782270004,0.07474076702705112,0.0639853850007057,0.4460883370617556,0.1827956989247312,0.6774193548387096,0.13978494623655913
2021-04-10,ETH,20,3.044522437723423,0.02242718661436812,0.03745280858129265,0.4566689087976375,0.15,0.75,0.1
2021-04-11,BTC,84,4.442651256490317,0.02260166757401922,0.03376209735870355,0.4374864150527432,0.14285714285714285,0.7023809523809523,0.15476190476190477
2021-04-11,ETH,15,2.772588722239781,-0.08491118013237912,-0.0731724724173545,0.28105008853675506,0.06666666666666667,0.8666666666666667,0.06666666666666667
2021-04-12,BTC,122,4.812184355372417,0.06900829022185356,0.05806926079094405,0.4230705055539308,0.18032786885245902,0.6885245901639344,0.13114754098360656
2021-04-12,ETH,19,2.995732273553991,0.041143170557916144,0.0381052047014236,0.3281150726046054,0.15789473684210525,0.7368421052631579,0.10526315789473684
2021-04-13,BTC,190,5.25227342804663,0.024931767919885082,0.054971491452306454,0.49676517158263966,0.18421052631578946,0.5894736842105263,0.22631578947368422
2021-04-13,ETH,26,3.295836866004329,0.17221045740342772,0.0518894824199378,0.3720829112000377,0.23076923076923078,0.7307692307692307,0.038461538461538464
2021-04-14,BTC,182,5.209486152841421,0.025046592300046477,0.02329531032592055,0.4858362326050729,0.1813186813186813,0.6153846153846154,0.2032967032967033
2021-04-14,ETH,29,3.4011973816621555,0.04386034379873811,0.0596747267991304,0.42822290151082,0.10344827586206896,0.7931034482758621,0.10344827586206896
2021-04-15,BTC,176,5.176149732573829,0.06436787264101439,0.04427466634660955,0.4373817532729257,0.17045454545454544,0.6761363636363636,0.1534090909090909
2021-04-15,ETH,41,3.7376696182833684,0.09576264107543067,0.071537610143423,0.5286768112572229,0.2926829268292683,0.5121951219512195,0.1951219512195122
2021-04-16,BTC,138,4.9344739331306915,-0.08512989156946973,-0.0590679235756397,0.4878125816863139,0.13768115942028986,0.5797101449275363,0.2826086956521739
2021-04-16,ETH,25,3.258096538021482,-0.014357165433466443,0.0254484117031097,0.4900399105316073,0.16,0.64,0.2
2021-04-17,BTC,122,4.812184355372417,-0.07580639852676542,-0.021759752184152548,0.4825091928725962,0.14754098360655737,0.5901639344262295,0.26229508196721313
2021-04-17,ETH,18,2.9444389791664403,0.18707098523413554,0.0604365142062306,0.33530430020589047,0.2222222222222222,0.7777777777777778,0.0
2021-04-18,BTC,195,5.278114659230517,-0.1384353098578942,-0.1690199337899685,0.5131965519165999,0.15384615384615385,0.49230769230769234,0.35384615384615387
2021-04-18,ETH,11,2.4849066497880004,-0.25553653376515617,-0.1713246628642082,0.46293402861190996,0.0,0.6363636363636364,0.36363636363636365
2021-04-19,BTC,184,5.220355825078324,-0.02617881690979551,0.00747793726623055,0.4527796616029064,0.16847826086956522,0.5978260869565217,0.23369565217391305
2021-04-19,ETH,23,3.1780538303479458,0.22721541252837557,0.2269089929759502,0.38488133628000376,0.2608695652173913,0.6521739130434783,0.08695652173913043
2021-04-20,BTC,178,5.187385805840755,-0.04818730279175419,0.01902835164219135,0.42831185035105335,0.10112359550561797,0.702247191011236,0.19662921348314608
2021-04-20,ETH,18,2.9444389791664403,0.19156892298875997,0.24249937757849688,0.5274749196189304,0.3333333333333333,0.5555555555555556,0.1111111111111111
2021-04-21,BTC,149,5.0106352940962555,-0.11197821904698875,-0.0045384615659713,0.46188355836750017,0.10067114093959731,0.6241610738255033,0.2751677852348993
2021-04-21,ETH,33,3.5263605246161616,-0.010970576814460486,0.0311428941786289,0.46146575458831385,0.18181818181818182,0.6666666666666666,0.15151515151515152
2021-04-22,BTC,185,5.225746673713202,-0.0830235070832124,-0.0284518077969551,0.506022442027889,0.13513513513513514,0.6,0.2648648648648649
2021-04-22,ETH,27,3.332204510175204,0.15640174523340883,0.1351637244224548,0.4394042767938755,0.3333333333333333,0.5555555555555556,0.1111111111111111
2021-04-23,BTC,246,5.5093883366279774,-0.05442860475040942,-0.0476075783371925,0.5169007365667225,0.1910569105691057,0.5121951219512195,0.2967479674796748
2021-04-23,ETH,35,3.58351893845611,0.10576375059650411,0.0922011062502861,0.448289191903356,0.17142857142857143,0.7142857142857143,0.11428571428571428
2021-04-24,BTC,127,4.852030263919617,-0.04499592979101273,-0.0056626312434673,0.47268851013775426,0.1889763779527559,0.5354330708661418,0.2755905511811024
2021-04-24,ETH,24,3.2188758248682006,0.11713809754777077,0.08056249190121885,0.3498114569925175,0.16666666666666666,0.7916666666666666,0.041666666666666664
2021-04-25,BTC,116,4.762173934797756,-0.04516167300632866,-0.007820386439561849,0.4346411053353266,0.16379310344827586,0.6379310344827587,0.19827586206896552
2021-04-25,ETH,16,2.833213344056216,0.11920879650278944,0.0615216996520757,0.4436798018368082,0.1875,0.6875,0.125
2021-04-26,BTC,192,5.262690188904886,0.08031789061048279,0.07325606280937785,0.4463420266687101,0.17708333333333334,0.6822916666666666,0.140625
2021-04-26,ETH,19,2.995732273553991,-0.08016537600441982,-0.0131271257996559,0.33543608592945984,0.0,0.8421052631578947,0.15789473684210525
2021-04-27,BTC,135,4.912654885736052,0.03624958666558894,0.0431883670389652,0.4503551895256149,0.17777777777777778,0.6666666666666666,0.15555555555555556
2021-04-27,ETH,22,3.1354942159291497,0.023208366886881934,0.046536684734746744,0.3320038720464023,0.045454545454545456,0.8181818181818182,0.13636363636363635
2021-04-28,BTC,136,4.919980925828125,-0.006297775169300362,0.0299511700868606,0.42822435112530516,0.1323529411764706,0.6911764705882353,0.17647058823529413
2021-04-28,ETH,39,3.6888794541139363,0.15069014608012274,0.0324598662555217,0.5429338914159624,0.358974358974359,0.48717948717948717,0.15384615384615385
2021-04-29,BTC,120,4.795790545596741,0.025806787000813826,0.040171766653656946,0.49620380637541056,0.2,0.5916666666666667,0.20833333333333334
2021-04-29,ETH,27,3.332204510175204,0.06520748349699985,0.0517838597297668,0.3187236865236331,0.1111111111111111,0.8518518518518519,0.037037037037037035
2021-04-30,BTC,115,4.7535901911063645,0.03691926996588058,0.0387860238552093,0.44160218491061776,0.17391304347826086,0.6608695652173913,0.16521739130434782
2021-04-30,ETH,28,3.367295829986474,-0.029456196710400832,0.03987333271652455,0.5167181713135852,0.17857142857142858,0.6071428571428571,0.21428571428571427
2021-05-01,BTC,92,4.532599493153256,-0.024468244278661753,0.03876168653368945,0.41475098161321566,0.07608695652173914,0.717391304347826,0.20652173913043478
2021-05-01,ETH,30,3.4339872044851463,0.03423289325243482,0.00945005752146235,0.4464408000846623,0.2,0.6666666666666666,0.13333333333333333
2021-05-02,BTC,104,4.653960350157523,-0.0030051128280599885,0.0227326415479183,0.49586220170894474,0.19230769230769232,0.6057692307692307,0.20192307692307693
2021-05-02,ETH,28,3.367295829986474,0.09779156017715909,0.0898531596176326,0.3826684973368958,0.17857142857142858,0.7142857142857143,0.10714285714285714
2021-05-03,BTC,129,4.867534450455582,0.008151956708459255,0.0197469517588615,0.4666325690427305,0.14728682170542637,0.6666666666666666,0.18604651162790697
2021-05-03,ETH,44,3.8066624897703196,-0.006765914930094216,0.0008398387581110001,0.47722740714697254,0.18181818181818182,0.6136363636363636,0.20454545454545456
2021-05-04,BTC,127,4.852030263919617,0.060343280716021866,0.0652745068073272,0.4586269289017717,0.16535433070866143,0.6929133858267716,0.14173228346456693
2021-05-04,ETH,30,3.4339872044851463,-0.032215305371209986,0.016417183913290452,0.5028434611191711,0.13333333333333333,0.5666666666666667,0.3
2021-05-05,BTC,124,4.8283137373023015,-0.040467194029911155,0.04971295827999705,0.4347837626761414,0.0967741935483871,0.6612903225806451,0.24193548387096775
2021-05-05,ETH,32,3.4965075614664802,0.12918593311769655,0.1108827455900609,0.4300781370278106,0.21875,0.65625,0.125
2021-05-06,BTC,140,4.948759890378168,0.025344609460859962,0.0240811333060264,0.447012058755557,0.17857142857142858,0.6642857142857143,0.15714285714285714
2021-05-06,ETH,38,3.6635616461296463,-0.015197939153662646,0.02381323836743825,0.3613895785767037,0.07894736842105263,0.8157894736842105,0.10526315789473684
2021-05-07,BTC,114,4.74493212836325,0.012161433671217144,0.03924743970856065,0.48177812738337716,0.15789473684210525,0.6578947368421053,0.18421052631578946
2021-05-07,ETH,25,3.258096538021482,0.09226249624975026,0.057493507862091,0.4700774985498135,0.2,0.64,0.16
2021-05-08,BTC,79,4.382026634673881,-0.008134527074444238,0.0203014463186264,0.41272929776308864,0.1518987341772152,0.6582278481012658,0.189873417721519
2021-05-08,ETH,20,3.044522437723423,-0.04621006277156993,-0.01610605604946605,0.4955297902054708,0.15,0.65,0.2
2021-05-09,BTC,74,4.31748811353631,0.009548060904332504,0.0587461106479167,0.4804309243986911,0.16216216216216217,0.6486486486486487,0.1891891891891892
2021-05-09,ETH,18,2.9444389791664403,-0.05875198786250419,-0.05241069383919235,0.4462261479253208,0.16666666666666666,0.5555555555555556,0.2777777777777778
2021-05-10,BTC,116,4.762173934797756,-0.033758038412057,0.013705728575587248,0.40330170039947383,0.09482758620689655,0.7155172413793104,0.1896551724137931
2021-05-10,ETH,38,3.6635616461296463,-0.05759583428306015,-0.057833045721053994,0.4574327218854957,0.15789473684210525,0.6578947368421053,0.18421052631578946
2021-05-11,BTC,112,4.727387818712341,0.014300012861245435,0.0481871217489242,0.45355410223911435,0.14285714285714285,0.6696428571428571,0.1875
2021-05-11,ETH,29,3.4011973816621555,-0.13802039498816535,-0.1484234817326069,0.4891784885040141,0.10344827586206896,0.5862068965517241,0.3103448275862069
2021-05-12,BTC,116,4.762173934797756,-0.021850468649063263,0.01767887920141215,0.43290852379409467,0.14655172413793102,0.6637931034482759,0.1896551724137931
2021-05-12,ETH,26,3.295836866004329,-0.11344955739780115,-0.24887573160231108,0.5033600222378889,0.15384615384615385,0.5769230769230769,0.2692307692307692
2021-05-13,BTC,224,5.41610040220442,-0.08957083580337764,-0.05354111734777685,0.49358684557057503,0.16964285714285715,0.5535714285714286,0.2767857142857143
2021-05-13,ETH,31,3.4657359027997265,0.01501812333721788,-0.0415683761239051,0.3941191263157276,0.12903225806451613,0.7741935483870968,0.0967741935483871
2021-05-14,BTC,127,4.852030263919617,0.005216448290977527,0.026865093037486,0.4758873708886906,0.15748031496062992,0.6220472440944882,0.2204724409448819
2021-05-14,ETH,32,3.4965075614664802,-0.027580629302974564,-0.0756429098546505,0.52563196178839,0.1875,0.59375,0.21875
2021-05-15,BTC,95,4.564348191467836,-0.02593236801851738,0.0462885834276676,0.4529620687843359,0.16842105263157894,0.5894736842105263,0.24210526315789474
2021-05-15,ETH,19,2.995732273553991,0.18042602094723598,0.1522150933742523,0.5094915844887682,0.2631578947368421,0.631578947368421,0.10526315789473684
2021-05-16,BTC,123,4.820281565605037,-0.10560987673215265,-0.0968572497367858,0.49254861739005157,0.15447154471544716,0.5365853658536586,0.3089430894308943
2021-05-16,ETH,17,2.8903717578961645,0.0132535307750325,-0.0262917727231979,0.49166135627263535,0.23529411764705882,0.6470588235294118,0.11764705882352941
2021-05-17,BTC,189,5.247024072160486,-0.04750028452170747,-0.0157587453722953,0.4707037068595314,0.15873015873015872,0.5925925925925926,0.24867724867724866
2021-05-17,ETH,27,3.332204510175204,0.0027151555599023744,0.0296025956049561,0.46110963012910483,0.1111111111111111,0.7037037037037037,0.18518518518518517
2021-05-18,BTC,168,5.1298987149230735,0.006311410454578596,0.0418491847813129,0.4950919527528981,0.17261904761904762,0.6130952380952381,0.21428571428571427
2021-05-18,ETH,44,3.8066624897703196,-0.02762569530486045,-0.007770111784338951,0.45224473605700843,0.13636363636363635,0.6590909090909091,0.20454545454545456
2021-05-19,BTC,435,6.077642243349034,-0.08154153682923095,-0.065433531999588,0.5217910016074505,0.1839080459770115,0.5126436781609195,0.30344827586206896
2021-05-19,ETH,29,3.4011973816621555,-0.05415281244746315,0.0327436998486518,0.3607713047547745,0.06896551724137931,0.8275862068965517,0.10344827586206896
2021-05-20,BTC,201,5.308267697401205,-0.046595113005591056,-0.0137260556221008,0.49220025749871915,0.16417910447761194,0.572139303482587,0.263681592039801
2021-05-20,ETH,30,3.4339872044851463,0.18594568291058142,0.11372604640200731,0.3640007007834396,0.2,0.7666666666666667,0.03333333333333333
2021-05-21,BTC,222,5.407171771460119,-0.1071862662179597,-0.043401300907134996,0.4914981036441582,0.12612612612612611,0.5720720720720721,0.30180180180180183
2021-05-21,ETH,22,3.1354942159291497,0.13155471273189917,0.09635578654706475,0.29550728275177945,0.13636363636363635,0.8636363636363636,0.0
2021-05-22,BTC,179,5.19295685089021,-0.05471626536494027,-0.0518396086990833,0.516403429614674,0.1787709497206704,0.547486033519553,0.2737430167597765
2021-05-22,ETH,15,2.772588722239781,0.03131925564569731,-0.0384087227284908,0.6560938817288547,0.26666666666666666,0.4666666666666667,0.26666666666666666
2021-05-23,BTC,179,5.19295685089021,-0.11658533749316283,-0.130915205925703,0.5301568728185392,0.1787709497206704,0.49162011173184356,0.329608938547486
2021-05-23,ETH,23,3.1780538303479458,0.05892466550247501,0.0319006480276584,0.3414842685348918,0.21739130434782608,0.7391304347826086,0.043478260869565216
2021-05-24,BTC,196,5.2832037287379885,-0.002265171754905693,0.0409272504039108,0.4674347583069864,0.15816326530612246,0.6530612244897959,0.18877551020408162
2021-05-24,ETH,24,3.2188758248682006,0.04149182627831275,0.0590331028215587,0.39287198736098483,0.125,0.75,0.125
2021-05-25,BTC,166,5.117993812416755,-0.08411364782186427,-0.038308478891849504,0.47541525660527406,0.12650602409638553,0.5903614457831325,0.28313253012048195
2021-05-25,ETH,30,3.4339872044851463,0.1641854649797703,0.12011519307270646,0.4713714441537323,0.26666666666666666,0.6,0.13333333333333333
2021-05-26,BTC,155,5.049856007249537,0.05262769056153633,0.0572538673877716,0.46581870349143456,0.1870967741935484,0.632258064516129,0.18064516129032257
2021-05-26,ETH,31,3.4657359027997265,0.1293450508702306,0.0385813377797603,0.43570742190833195,0.25806451612903225,0.6774193548387096,0.06451612903225806
2021-05-27,BTC,127,4.852030263919617,0.011803399428622569,0.0383056923747062,0.45253702682835,0.15748031496062992,0.6377952755905512,0.2047244094488189
2021-05-27,ETH,33,3.5263605246161616,0.06730261537472182,0.033864039927721,0.43586197813770394,0.21212121212121213,0.696969696969697,0.09090909090909091
2021-05-28,BTC,115,4.7535901911063645,-0.10934961115455498,-0.0790600031614303,0.441396385224902,0.10434782608695652,0.6521739130434783,0.24347826086956523
2021-05-28,ETH,18,2.9444389791664403,0.13897658434386054,0.1168954486493021,0.3961151328724316,0.16666666666666666,0.7777777777777778,0.05555555555555555
2021-05-29,BTC,91,4.5217885770490405,0.08751122201255594,0.0502102524042129,0.48951441932415235,0.25274725274725274,0.6153846153846154,0.13186813186813187
2021-05-29,ETH,15,2.772588722239781,0.2455228177209695,0.3498086780309677,0.3938297099752544,0.3333333333333333,0.5333333333333333,0.13333333333333333
2021-05-30,BTC,91,4.5217885770490405,-0.04300374257030314,0.0083289816975593,0.49117957469822754,0.18681318681318682,0.5494505494505495,0.26373626373626374
2021-05-30,ETH,7,2.0794415416798357,0.10551201658589496,0.1584496349096298,0.41240058644763644,0.14285714285714285,0.7142857142857143,0.14285714285714285
2021-05-31,BTC,109,4.700480365792417,-0.0029965841036221704,0.0383957512676715,0.48312043206060357,0.1651376146788991,0.6146788990825688,0.22018348623853212
2021-05-31,ETH,12,2.5649493574615367,0.06536470316738509,-0.027459651231765747,0.43500232316804677,0.16666666666666666,0.75,0.08333333333333333
2021-06-01,BTC,94,4.553876891600541,0.0859450586982309,0.05524764629080885,0.45820839990666806,0.2127659574468085,0.6595744680851063,0.1276595744680851
2021-06-01,ETH,29,3.4011973816621555,0.11581040481667451,0.1641246271319687,0.36666911015278486,0.13793103448275862,0.7931034482758621,0.06896551724137931
2021-06-02,BTC,101,4.624972813284271,0.057827659616348254,0.061191402375698,0.3935207106470464,0.12871287128712872,0.7722772277227723,0.09900990099009901
2021-06-02,ETH,30,3.4339872044851463,0.10020160311833022,0.11321864742785685,0.42323227010011266,0.23333333333333334,0.6,0.16666666666666666
2021-06-03,BTC,127,4.852030263919617,0.018276385515634933,0.0602880818769335,0.44820252574277886,0.12598425196850394,0.6771653543307087,0.1968503937007874
2021-06-03,ETH,36,3.6109179126442243,0.20138159140737522,0.14444862026721234,0.5040073091689734,0.3333333333333333,0.5555555555555556,0.1111111111111111
2021-06-04,BTC,94,4.553876891600541,-0.003952265495404692,0.07274079974740741,0.41632722095924934,0.11702127659574468,0.6808510638297872,0.20212765957446807
2021-06-04,ETH,26,3.295836866004329,-0.1227152433532935,0.07009985391050574,0.4447250112934888,0.038461538461538464,0.6153846153846154,0.34615384615384615
2021-06-05,BTC,83,4.430816798843313,0.062426836706742816,0.0564793460071086,0.4263320549140387,0.1686746987951807,0.6987951807228916,0.13253012048192772
2021-06-05,ETH,29,3.4011973816621555,0.09393688129132678,0.0302455425262451,0.41448462166118666,0.1724137931034483,0.7241379310344828,0.10344827586206896
2021-06-06,BTC,110,4.709530201312334,0.053814235094680696,0.048572645522654,0.5095238006993821,0.21818181818181817,0.5636363636363636,0.21818181818181817
2021-06-06,ETH,25,3.258096538021482,0.07966678399592636,0.0624646227806806,0.43713292946339466,0.2,0.68,0.12
2021-06-07,BTC,160,5.081404364984463,0.0402179583266843,0.05500969849526875,0.4309865249721121,0.15625,0.69375,0.15
2021-06-07,ETH,29,3.4011973816621555,0.11945880098461076,0.1314451969228685,0.42409840669667653,0.20689655172413793,0.6896551724137931,0.10344827586206896
2021-06-08,BTC,196,5.2832037287379885,-0.10542435018578544,-0.06692836433649055,0.4990975261452201,0.1377551020408163,0.5408163265306123,0.32142857142857145
2021-06-08,ETH,28,3.367295829986474,0.09456916259036266,0.05497550871223205,0.42385919804969435,0.21428571428571427,0.6428571428571429,0.14285714285714285
2021-06-09,BTC,211,5.356586274672012,0.0654870213453009,0.0431500095874071,0.5038187971613745,0.22274881516587677,0.5876777251184834,0.1895734597156398
2021-06-09,ETH,32,3.4965075614664802,0.10141063656192273,0.07834977959282691,0.4305028206985565,0.15625,0.75,0.09375
2021-06-10,BTC,182,5.209486152841421,0.10731856059666806,0.057097403332591,0.4176036540106649,0.1978021978021978,0.6923076923076923,0.10989010989010989
2021-06-10,ETH,26,3.295836866004329,0.18211798382869274,0.13157796720042825,0.34798006247284946,0.19230769230769232,0.7692307692307693,0.038461538461538464
2021-06-11,BTC,147,4.997212273764115,-0.013138677616014473,0.0276846066117286,0.4123307535898306,0.1292517006802721,0.7074829931972789,0.16326530612244897
2021-06-11,ETH,16,2.833213344056216,-0.0015389735490316594,0.022145111113786652,0.3819397628134993,0.0625,0.8125,0.125
2021-06-12,BTC,108,4.6913478822291435,0.014083219176865412,0.02928137779235835,0.4903131378855007,0.19444444444444445,0.5925925925925926,0.21296296296296297
2021-06-12,ETH,23,3.1780538303479458,0.016702866019762067,0.0460603907704353,0.36916109797167473,0.08695652173913043,0.782608695652174,0.13043478260869565
2021-06-13,BTC,93,4.543294782270004,0.011419274809179442,0.0476907920092344,0.48522756687429286,0.17204301075268819,0.6451612903225806,0.1827956989247312
2021-06-13,ETH,18,2.9444389791664403,-0.01344625038715699,0.05402003414928905,0.5232831276626856,0.2222222222222222,0.5,0.2777777777777778
2021-06-14,BTC,132,4.890349128221754,0.06995796479609313,0.08141542226076126,0.4241734490855105,0.18181818181818182,0.6742424242424242,0.14393939393939395
2021-06-14,ETH,24,3.2188758248682006,0.12537461545434778,0.0919273449108004,0.3285263205052034,0.125,0.8333333333333334,0.041666666666666664
2021-06-15,BTC,113,4.736198448394496,0.023152773965982535,0.0400704247877001,0.3939282352219906,0.1504424778761062,0.6991150442477876,0.1504424778761062
2021-06-15,ETH,35,3.58351893845611,0.16290155935234257,0.132763747125864,0.30791979164168903,0.11428571428571428,0.8571428571428571,0.02857142857142857
2021-06-16,BTC,130,4.875197323201151,0.021739962065699853,0.046983239240944344,0.45348773109199125,0.17692307692307693,0.6461538461538462,0.17692307692307693
2021-06-16,ETH,22,3.1354942159291497,0.17127285120394925,0.12210162507835776,0.3413115591193342,0.09090909090909091,0.8636363636363636,0.045454545454545456
2021-06-17,BTC,121,4.804021044733257,-0.019214871206728774,0.0348375644534826,0.4779021222784441,0.17355371900826447,0.6115702479338843,0.21487603305785125
2021-06-17,ETH,22,3.1354942159291497,0.1488889238733629,0.10747832246124739,0.368928763389267,0.13636363636363635,0.8181818181818182,0.045454545454545456
2021-06-18,BTC,110,4.709530201312334,0.01042999483708461,0.046529955696314546,0.46683838859617866,0.14545454545454545,0.6454545454545455,0.20909090909090908
2021-06-18,ETH,28,3.367295829986474,0.15964416832762904,0.1222622795030474,0.48246089670627457,0.2857142857142857,0.5714285714285714,0.14285714285714285
2021-06-19,BTC,74,4.31748811353631,0.005712631470020358,0.020490936934947898,0.39900710467813255,0.13513513513513514,0.7297297297297297,0.13513513513513514
2021-06-19,ETH,10,2.3978952727983707,0.17735494170337912,0.14532886585220695,0.27476502954217896,0.1,0.9,0.0
2021-06-20,BTC,81,4.406719247264253,0.03938236247667651,0.0423770919442176,0.5039436315026414,0.2222222222222222,0.5679012345679012,0.20987654320987653
2021-06-20,ETH,19,2.995732273553991,0.06993687182272734,0.1000751331448555,0.40904592909832305,0.15789473684210525,0.7368421052631579,0.10526315789473684
2021-06-21,BTC,157,5.062595033026967,-0.023540093708089353,0.0114896297454833,0.48453412942073754,0.1910828025477707,0.5796178343949044,0.22929936305732485
2021-06-21,ETH,16,2.833213344056216,0.07644281805551144,0.027189490385353503,0.40548874976167254,0.1875,0.75,0.0625
2021-06-22,BTC,180,5.198497031265826,0.009278149796106538,0.03082259930670255,0.4900705720677789,0.19444444444444445,0.6055555555555555,0.2
2021-06-22,ETH,25,3.258096538021482,0.1661391849815845,0.1092435717582702,0.34591444745604666,0.2,0.76,0.04
2021-06-23,BTC,103,4.6443908991413725,-0.022098150637760328,0.0454682558774948,0.4031646286269994,0.11650485436893204,0.7087378640776699,0.17475728155339806
2021-06-23,ETH,24,3.2188758248682006,0.15291835803266926,0.079609973821789,0.357551605620193,0.20833333333333334,0.75,0.041666666666666664
2021-06-24,BTC,119,4.787491742782046,0.04111706403068445,0.0573866283521056,0.40261725721428965,0.14285714285714285,0.7226890756302521,0.13445378151260504
2021-06-24,ETH,38,3.6635616461296463,0.032584772555549674,0.13661564304493365,0.48130877592613436,0.18421052631578946,0.6578947368421053,0.15789473684210525
2021-06-25,BTC,104,4.653960350157523,0.06692852491127826,0.0435838727280497,0.48489245103415973,0.23076923076923078,0.5673076923076923,0.20192307692307693
2021-06-25,ETH,18,2.9444389791664403,0.21642361975197366,0.0877862367779016,0.47887777732806003,0.3333333333333333,0.6111111111111112,0.05555555555555555
2021-06-26,BTC,82,4.418840607796598,-0.053814091689873306,0.0063858702778816,0.45338349921646326,0.13414634146341464,0.6463414634146342,0.21951219512195122
2021-06-26,ETH,11,2.4849066497880004,0.023948736742816168,0.0360324177891016,0.3863378929881159,0.09090909090909091,0.7272727272727273,0.18181818181818182
2021-06-27,BTC,81,4.406719247264253,-0.03912392990192237,0.0121924318373203,0.44083963282106725,0.1111111111111111,0.691358024691358,0.19753086419753085
2021-06-27,ETH,7,2.0794415416798357,0.09631462847547871,0.0323171615600585,0.24253715669255768,0.14285714285714285,0.8571428571428571,0.0
2021-06-28,BTC,102,4.634728988229636,0.03774587381585482,0.041194440331310006,0.46946310302073907,0.17647058823529413,0.6568627450980392,0.16666666666666666
2021-06-28,ETH,13,2.6390573296152584,0.31263262991650176,0.3246468012221157,0.37128594983563895,0.5384615384615384,0.46153846153846156,0.0
2021-06-29,BTC,106,4.672828834461906,-0.042610750162429274,0.026791603304445702,0.4760947789819794,0.1509433962264151,0.6320754716981132,0.2169811320754717
2021-06-29,ETH,12,2.5649493574615367,0.3194582723275137,0.18203715514391655,0.29332429930964843,0.4166666666666667,0.5833333333333334,0.0
2021-06-30,BTC,109,4.700480365792417,0.003486892082429384,0.0523477718234062,0.4220638762480767,0.12844036697247707,0.6880733944954128,0.1834862385321101
2021-06-30,ETH,10,2.3978952727983707,0.29492418975569307,0.20614251680672163,0.3318635397776646,0.2,0.8,0.0
2021-07-01,BTC,93,4.543294782270004,0.11545761244406583,0.0714728608727455,0.442181728490083,0.22580645161290322,0.6666666666666666,0.10752688172043011
2021-07-01,ETH,11,2.4849066497880004,0.07253803829239171,0.0581763824447989,0.24360377971180247,0.09090909090909091,0.8181818181818182,0.09090909090909091
2021-07-02,BTC,93,4.543294782270004,0.06402528278469558,0.040800541639328,0.4347202591939971,0.17204301075268819,0.7204301075268817,0.10752688172043011
2021-07-02,ETH,9,2.302585092994046,0.3685947666979498,0.4502180935814976,0.3197870476301808,0.4444444444444444,0.5555555555555556,0.0
2021-07-03,BTC,80,4.394449154672439,-0.004313863973948175,0.02837985381484025,0.4355039969954725,0.125,0.675,0.2
2021-07-03,ETH,8,2.1972245773362196,0.04289268489810639,0.06804488692432639,0.420381691755588,0.125,0.75,0.125
2021-07-04,BTC,73,4.30406509320417,0.08559642246707456,0.0583033710718154,0.511077159053373,0.2328767123287671,0.589041095890411,0.1780821917808219
2021-07-04,ETH,10,2.3978952727983707,0.36256105604115874,0.36684328014962375,0.5522740779744676,0.5,0.4,0.1
2021-07-05,BTC,101,4.624972813284271,-0.04289930649355313,0.0276844725012779,0.42444055919961843,0.0891089108910891,0.693069306930693,0.21782178217821782
2021-07-05,ETH,10,2.3978952727983707,0.26374419778585434,0.19159105233848095,0.4826653903552369,0.3,0.6,0.1
2021-07-06,BTC,94,4.553876891600541,0.09762681994780381,0.08471049414947625,0.45633457655120296,0.18085106382978725,0.6595744680851063,0.1595744680851064
2021-07-06,ETH,18,2.9444389791664403,0.364279566410308,0.26057551475241775,0.31323905163278654,0.4444444444444444,0.5555555555555556,0.0
2021-07-07,BTC,85,4.454347296253507,0.1447520382277777,0.0868591330945491,0.38151127075662167,0.16470588235294117,0.788235294117647,0.047058823529411764
2021-07-07,ETH,14,2.70805020110221,0.35789947864499744,0.2543545179069042,0.44137333496776693,0.42857142857142855,0.5,0.07142857142857142
2021-07-08,BTC,95,4.564348191467836,-0.006310411094148699,0.0218366868793964,0.4111653973321894,0.11578947368421053,0.7263157894736842,0.15789473684210525
2021-07-08,ETH,27,3.332204510175204,0.2269031422436927,0.1504885889589786,0.3543137477080164,0.18518518518518517,0.7777777777777778,0.037037037037037035
2021-07-09,BTC,92,4.532599493153256,0.08205891119660404,0.06851613591425115,0.4664102871608412,0.20652173913043478,0.6739130434782609,0.11956521739130435
2021-07-09,ETH,8,2.1972245773362196,0.14085264531604477,0.06626562867313615,0.3329441799592108,0.125,0.875,0.0
2021-07-10,BTC,63,4.1588830833596715,-0.04690602683048282,0.0223637763410806,0.45932517248276694,0.09523809523809523,0.6666666666666666,0.23809523809523808
2021-07-10,ETH,8,2.1972245773362196,0.011472984566353258,0.11392286350019275,0.6660198318685449,0.375,0.25,0.375
2021-07-11,BTC,67,4.219507705176107,0.037625347983453475,0.0709142442792654,0.5093809876395126,0.208955223880597,0.582089552238806,0.208955223880597
2021-07-11,ETH,7,2.0794415416798357,0.5570986490430576,0.6784577183425426,0.37966426395615854,0.5714285714285714,0.42857142857142855,0.0
2021-07-12,BTC,83,4.430816798843313,0.028372425605621497,0.0528582707047462,0.41558855978161696,0.13253012048192772,0.7228915662650602,0.14457831325301204
2021-07-12,ETH,10,2.3978952727983707,0.27161172945052386,0.18149418616667384,0.4287758139577747,0.3,0.7,0.0
2021-07-13,BTC,77,4.356708826689592,0.06739584610543467,0.0577169433236122,0.4003693637462752,0.16883116883116883,0.7402597402597403,0.09090909090909091
2021-07-13,ETH,11,2.4849066497880004,0.19450465395030647,0.1687112832441926,0.28811237409177914,0.2727272727272727,0.7272727272727273,0.0
2021-07-14,BTC,101,4.624972813284271,0.07800777742897372,0.06502799782902,0.407972211837347,0.16831683168316833,0.7128712871287128,0.1188118811881188
2021-07-14,ETH,24,3.2188758248682006,0.2149977765511721,0.13300482789054507,0.2712153486780156,0.20833333333333334,0.75,0.041666666666666664
2021-07-15,BTC,106,4.672828834461906,-0.03562060944771148,0.0201176460832357,0.3914901237492463,0.09433962264150944,0.7075471698113207,0.19811320754716982
2021-07-15,ETH,16,2.833213344056216,0.31805179358343594,0.22024442465044552,0.35089520547014125,0.25,0.75,0.0
2021-07-16,BTC,100,4.61512051684126,0.0913530687522143,0.09257152164354915,0.4350795092550119,0.15,0.74,0.11
2021-07-16,ETH,25,3.258096538021482,0.24229375452734525,0.2204611580818891,0.39236480773364313,0.28,0.68,0.04
2021-07-17,BTC,60,4.110873864173311,-0.006752593085790685,0.0456979759037494,0.3829830737986647,0.06666666666666667,0.7833333333333333,0.15
2021-07-17,ETH,7,2.0794415416798357,0.11957857511671525,0.265660778619349,0.3877722300739826,0.14285714285714285,0.7142857142857143,0.14285714285714285
2021-07-18,BTC,55,4.02535169073515,0.02869075453755529,0.0282678548246622,0.49198468049703586,0.21818181818181817,0.5818181818181818,0.2
2021-07-18,ETH,5,1.791759469228055,0.21452468745410438,0.1025986019521951,0.4166981381123682,0.2,0.8,0.0
2021-07-19,BTC,74,4.31748811353631,0.1859303871169686,0.12201010389253496,0.35374798640245325,0.1891891891891892,0.7567567567567568,0.05405405405405406
2021-07-19,ETH,15,2.772588722239781,0.13622381930084276,0.0839899741113185,0.35298139577515947,0.13333333333333333,0.8,0.06666666666666667
2021-07-20,BTC,90,4.51085950651685,-0.0131783078217672,0.034712332766503054,0.4681642605011822,0.2,0.6,0.2
2021-07-20,ETH,20,3.044522437723423,0.15365897277370094,0.10480642504990095,0.32604649212515413,0.15,0.85,0.0
2021-07-21,BTC,116,4.762173934797756,0.054819821645024,0.08401395939290521,0.4466820101142598,0.14655172413793102,0.6724137931034483,0.1810344827586207
2021-07-21,ETH,16,2.833213344056216,0.27848303187056445,0.22707648202776903,0.22227284787268436,0.125,0.875,0.0
2021-07-22,BTC,91,4.5217885770490405,0.14839606951911943,0.110621653497219,0.4574449717147032,0.23076923076923078,0.6593406593406593,0.10989010989010989
2021-07-22,ETH,20,3.044522437723423,0.2009924569865688,0.16463381517678494,0.28585986886941256,0.15,0.8,0.05
2021-07-23,BTC,76,4.343805421853684,0.04135414840972148,0.04355871444568035,0.4387702172630556,0.15789473684210525,0.6710526315789473,0.17105263157894737
2021-07-23,ETH,13,2.6390573296152584,0.10109282105874554,0.0963650643825531,0.1948808481646096,0.0,1.0,0.0
2021-07-24,BTC,48,3.8918202981106265,0.05813697738388631,0.07321450905874365,0.48507352937524806,0.1875,0.6666666666666666,0.14583333333333334
2021-07-24,ETH,12,2.5649493574615367,0.2719555274331166,0.28589365375228226,0.3495093405236294,0.16666666666666666,0.75,0.08333333333333333
2021-07-25,BTC,57,4.060443010546419,-0.030579833763145048,0.0312962494790554,0.4796648454060373,0.14035087719298245,0.631578947368421,0.22807017543859648
2021-07-25,ETH,8,2.1972245773362196,0.10115629895881281,0.1587997118476778,0.6643593127975206,0.25,0.5,0.25
2021-07-26,BTC,115,4.7535901911063645,0.08812077528513643,0.0799522809684276,0.5063290208877053,0.2608695652173913,0.5739130434782609,0.16521739130434782
2021-07-26,ETH,16,2.833213344056216,0.1398854823928559,0.05683974549174305,0.42973527060189604,0.1875,0.75,0.0625
2021-07-27,BTC,75,4.330733340286331,0.056725190083185835,0.0697514377534389,0.5098954009892178,0.28,0.5066666666666667,0.21333333333333335
2021-07-27,ETH,20,3.044522437723423,0.31009334651753306,0.19793858565390104,0.43767138003220696,0.35,0.6,0.05
2021-07-28,BTC,79,4.382026634673881,0.046537541012173576,0.0610023709014058,0.41169175204547065,0.1518987341772152,0.7088607594936709,0.13924050632911392
2021-07-28,ETH,18,2.9444389791664403,0.11890391072827493,0.1041189744137227,0.4036278202343024,0.16666666666666666,0.7222222222222222,0.1111111111111111
2021-07-29,BTC,99,4.605170185988092,0.16253741512150324,0.076214900240302,0.42923376311204203,0.24242424242424243,0.6868686868686869,0.0707070707070707
2021-07-29,ETH,21,3.091042453358316,0.20280121644360147,0.2118648290634155,0.5196400474036715,0.3333333333333333,0.5238095238095238,0.14285714285714285
2021-07-30,BTC,98,4.59511985013459,0.14812492102037697,0.11154104443266985,0.4248318734558126,0.21428571428571427,0.673469387755102,0.11224489795918367
2021-07-30,ETH,24,3.2188758248682006,0.3078219349166223,0.19533173600211734,0.3173551968736072,0.25,0.75,0.0
2021-07-31,BTC,69,4.248495242049359,-0.014751953332671442,0.0533289471641182,0.44262517858541367,0.14492753623188406,0.6666666666666666,0.18840579710144928
2021-07-31,ETH,10,2.3978952727983707,0.06420187768526377,0.02190899755805725,0.6002706842124624,0.3,0.5,0.2
2021-08-01,BTC,80,4.394449154672439,-0.08179733986617066,-0.0440694466233253,0.4865620543693379,0.125,0.6,0.275
2021-08-01,ETH,9,2.302585092994046,0.05995719155503641,0.1305190119892358,0.7124321084892115,0.4444444444444444,0.2222222222222222,0.3333333333333333
2021-08-02,BTC,84,4.442651256490317,0.13523031071582364,0.0844930461607873,0.39200717691689446,0.21428571428571427,0.7142857142857143,0.07142857142857142
2021-08-02,ETH,31,3.4657359027997265,0.20809641816923694,0.2149365823715925,0.343268636502395,0.1935483870967742,0.7419354838709677,0.06451612903225806
2021-08-03,BTC,94,4.553876891600541,0.06977643317820384,0.08150528045371169,0.39457282678226,0.1276595744680851,0.7659574468085106,0.10638297872340426
2021-08-03,ETH,20,3.044522437723423,0.18058730529155578,0.1428202679380774,0.47987788531906617,0.2,0.7,0.1
2021-08-04,BTC,106,4.672828834461906,0.03949683006931938,0.037550287554040496,0.432177770642612,0.1509433962264151,0.7075471698113207,0.14150943396226415
2021-08-04,ETH,26,3.295836866004329,0.032906922422206164,0.0895136878825724,0.517774445041141,0.15384615384615385,0.5769230769230769,0.2692307692307692
2021-08-05,BTC,90,4.51085950651685,0.0987365679660191,0.0903654415160417,0.4752503684685567,0.2111111111111111,0.6333333333333333,0.15555555555555556
2021-08-05,ETH,69,4.248495242049359,0.13117639262370928,0.1086849034763872,0.47922618957078167,0.2608695652173913,0.5942028985507246,0.14492753623188406
2021-08-06,BTC,83,4.430816798843313,-0.020687472420262108,0.0298936497420072,0.46287353136838355,0.14457831325301204,0.6506024096385542,0.20481927710843373
2021-08-06,ETH,37,3.6375861597263857,0.044279562246457134,0.0467457361519336,0.4920453175368794,0.16216216216216217,0.6486486486486487,0.1891891891891892
2021-08-07,BTC,68,4.23410650459726,-0.12839790889034597,-0.0634367018938064,0.41803606664629195,0.10294117647058823,0.6323529411764706,0.2647058823529412
2021-08-07,ETH,15,2.772588722239781,-0.11891159927472472,-0.0220469683408737,0.4425991437660128,0.06666666666666667,0.7333333333333333,0.2
2021-08-08,BTC,63,4.1588830833596715,0.016751745804434736,-0.0364153608679771,0.5428853247956278,0.2222222222222222,0.5555555555555556,0.2222222222222222
2021-08-08,ETH,21,3.091042453358316,0.09547445573844011,0.032337550073862,0.5048508925581302,0.2857142857142857,0.5714285714285714,0.14285714285714285
2021-08-09,BTC,103,4.6443908991413725,0.027106375707024063,0.0500226132571697,0.47733662790636466,0.1650485436893204,0.6407766990291263,0.1941747572815534
2021-08-09,ETH,20,3.044522437723423,0.08338838662020862,0.08768377592787141,0.4654826648938047,0.1,0.75,0.15
2021-08-10,BTC,87,4.477336814478207,0.0600305013545928,0.0797941088676452,0.48378557025091373,0.20689655172413793,0.6206896551724138,0.1724137931034483
2021-08-10,ETH,33,3.5263605246161616,-0.013579823055558592,0.0502899335697293,0.41206895432207713,0.09090909090909091,0.7272727272727273,0.18181818181818182
2021-08-11,BTC,88,4.48863636973214,-0.010004607654991563,0.0384818091988563,0.4582802694703966,0.13636363636363635,0.6704545454545454,0.19318181818181818
2021-08-11,ETH,33,3.5263605246161616,-0.1457400837010055,-0.085442379117012,0.5229685897234684,0.15151515151515152,0.48484848484848486,0.36363636363636365
2021-08-12,BTC,73,4.30406509320417,0.11871819291582765,0.0601264499127864,0.45727580143618324,0.2191780821917808,0.6575342465753424,0.1232876712328767
2021-08-12,ETH,32,3.4965075614664802,-0.02567419414481266,0.045210490003228146,0.4497310432137595,0.125,0.6875,0.1875
2021-08-13,BTC,70,4.2626798770413155,0.056118685858590256,0.04888625442981715,0.3974465403049245,0.14285714285714285,0.7285714285714285,0.12857142857142856
2021-08-13,ETH,27,3.332204510175204,0.09149387442610327,0.0879628136754036,0.5034015693898349,0.18518518518518517,0.6296296296296297,0.18518518518518517
2021-08-14,BTC,73,4.30406509320417,0.024933721906862744,0.0225250143557786,0.42709014841728377,0.1780821917808219,0.684931506849315,0.136986301369863
2021-08-14,ETH,20,3.044522437723423,-0.3212081699166447,-0.2792243966832757,0.3695948631226415,0.0,0.6,0.4
2021-08-15,BTC,53,3.9889840465642745,-0.05798656317264826,0.0067073367536067,0.4431124568349491,0.1509433962264151,0.6226415094339622,0.22641509433962265
2021-08-15,ETH,30,3.4339872044851463,-0.06800341359339654,-0.026392783969640697,0.44395825811939776,0.1,0.6333333333333333,0.26666666666666666
2021-08-16,BTC,56,4.04305126783455,0.09158878699443969,0.05996192200109355,0.44486859203614115,0.21428571428571427,0.6607142857142857,0.125
2021-08-16,ETH,19,2.995732273553991,0.24689398631208428,0.2552966922521591,0.35526022119504397,0.21052631578947367,0.7368421052631579,0.05263157894736842
2021-08-17,BTC,79,4.382026634673881,0.02666037157472647,0.0384188126772642,0.44804329056958997,0.1518987341772152,0.6835443037974683,0.16455696202531644
2021-08-17,ETH,32,3.4965075614664802,0.031201420311845127,0.04832243081182235,0.4805272004141932,0.15625,0.6875,0.15625
2021-08-18,BTC,82,4.418840607796598,0.08874824649807654,0.06323781702667469,0.39555574552633266,0.15853658536585366,0.7682926829268293,0.07317073170731707
2021-08-18,ETH,17,2.8903717578961645,0.1956531145637307,0.1115732165053486,0.37442324299581065,0.17647058823529413,0.8235294117647058,0.0
2021-08-19,BTC,85,4.454347296253507,0.06516501250375499,0.0796367786824703,0.46728986040275217,0.17647058823529413,0.6588235294117647,0.16470588235294117
2021-08-19,ETH,35,3.58351893845611,0.10981260010240865,0.0504355235025286,0.45973655511991507,0.2,0.6857142857142857,0.11428571428571428
2021-08-20,BTC,80,4.394449154672439,0.05786780991475097,0.054953343234956195,0.43456797806621683,0.175,0.7125,0.1125
2021-08-20,ETH,38,3.6635616461296463,-0.017562057850514796,0.022305225953459698,0.43413321993875204,0.10526315789473684,0.7105263157894737,0.18421052631578946
2021-08-21,BTC,73,4.30406509320417,-0.000866636203295778,0.053791357204318,0.4664686644967108,0.1643835616438356,0.6027397260273972,0.2328767123287671
2021-08-21,ETH,22,3.1354942159291497,-0.010477902664040991,0.04112598858773705,0.49037471752572664,0.13636363636363635,0.7272727272727273,0.13636363636363635
2021-08-22,BTC,51,3.9512437185814275,0.015833048469514818,0.0267234295606613,0.42503065625715186,0.1568627450980392,0.6862745098039216,0.1568627450980392
2021-08-22,ETH,25,3.258096538021482,-0.19760090810246767,-0.2002888470888137,0.467177534503287,0.08,0.56,0.36
2021-08-23,BTC,64,4.174387269895637,0.14735357633253443,0.09949479019269344,0.4424079408970785,0.234375,0.65625,0.109375
2021-08-23,ETH,34,3.5553480614894135,-0.09573103710050311,-0.06965464726090426,0.407556658924747,0.058823529411764705,0.7352941176470589,0.20588235294117646
2021-08-24,BTC,75,4.330733340286331,0.054542765875036515,0.0362633392214775,0.47364840794402113,0.17333333333333334,0.6666666666666666,0.16
2021-08-24,ETH,26,3.295836866004329,0.04923470900394022,0.0540336044505238,0.4550006457212392,0.15384615384615385,0.6538461538461539,0.19230769230769232
2021-08-25,BTC,80,4.394449154672439,0.03756016161059959,0.03407787298783655,0.4227575337776627,0.1625,0.7,0.1375
2021-08-25,ETH,31,3.4657359027997265,0.03297960705634566,0.025091553106904,0.4282814940303217,0.16129032258064516,0.7096774193548387,0.12903225806451613
2021-08-26,BTC,72,4.290459441148391,-0.0006559650678860431,0.06782247684895985,0.41966842272199445,0.09722222222222222,0.7222222222222222,0.18055555555555555
2021-08-26,ETH,36,3.6109179126442243,-0.02908311706657212,0.0248283268883824,0.44556767696440575,0.1388888888888889,0.6111111111111112,0.25
2021-08-27,BTC,81,4.406719247264253,0.0367163447289509,0.0689380401745438,0.4411919096552164,0.16049382716049382,0.6666666666666666,0.1728395061728395
2021-08-27,ETH,38,3.6635616461296463,0.019766934651048156,0.05589133501052855,0.4353434204710986,0.10526315789473684,0.7368421052631579,0.15789473684210525
2021-08-28,BTC,50,3.9318256327243257,0.12790583598427474,0.07223964156582946,0.4287493330850805,0.22,0.66,0.12
2021-08-28,ETH,29,3.4011973816621555,-0.19889118801802397,-0.121786143630743,0.436786965517542,0.06896551724137931,0.5862068965517241,0.3448275862068966
2021-08-29,BTC,56,4.04305126783455,0.012466498068533826,0.04846025630831715,0.3787432273231043,0.125,0.7321428571428571,0.14285714285714285
2021-08-29,ETH,27,3.332204510175204,0.03276004276617807,0.0995143018662929,0.3135178934061264,0.1111111111111111,0.7407407407407407,0.14814814814814814
2021-08-30,BTC,80,4.394449154672439,0.016695804573828344,0.0553364278748631,0.4445764721390636,0.1625,0.6125,0.225
2021-08-30,ETH,26,3.295836866004329,0.09540534256778369,0.1142726554535329,0.41840238202795654,0.15384615384615385,0.7307692307692307,0.11538461538461539
2021-08-31,BTC,72,4.290459441148391,-0.0374891465148216,0.0717425644397735,0.4165094384947947,0.06944444444444445,0.7083333333333334,0.2222222222222222
2021-08-31,ETH,40,3.713572066704308,0.012133321707369754,0.05183819681406015,0.5229930604212575,0.15,0.675,0.175
2021-09-01,BTC,79,4.382026634673881,0.03326487165133031,0.0704145822674036,0.4040173939471575,0.16455696202531644,0.6708860759493671,0.16455696202531644
2021-09-01,ETH,41,3.7376696182833684,0.02475828758054753,0.0367599641904234,0.40493219543372055,0.0975609756097561,0.8048780487804879,0.0975609756097561
2021-09-02,BTC,67,4.219507705176107,0.015647737564755338,0.063565288670361,0.42926826938680696,0.11940298507462686,0.6865671641791045,0.19402985074626866
2021-09-02,ETH,36,3.6109179126442243,-0.01964574809406056,-0.03479469567537305,0.5437675566468473,0.16666666666666666,0.6111111111111112,0.2222222222222222
2021-09-03,BTC,66,4.204692619390966,0.020195882005447686,0.04920455394312735,0.49265468025200243,0.22727272727272727,0.5909090909090909,0.18181818181818182
2021-09-03,ETH,32,3.4965075614664802,-0.05845043636509217,0.006104264408349949,0.35402811617392915,0.0625,0.78125,0.15625
2021-09-04,BTC,52,3.970291913552122,0.03373135454379595,0.032751945778727504,0.47598520250286996,0.23076923076923078,0.6153846153846154,0.15384615384615385
2021-09-04,ETH,20,3.044522437723423,0.06460228064097465,-0.0101243369281292,0.5060923009925443,0.35,0.55,0.1
2021-09-05,BTC,63,4.1588830833596715,0.08511383748716778,0.0574054736644029,0.46713187603905654,0.2222222222222222,0.6031746031746031,0.1746031746031746
2021-09-05,ETH,22,3.1354942159291497,0.016053614894520826,-0.0060283113270998,0.4045752239689124,0.13636363636363635,0.7727272727272727,0.09090909090909091
2021-09-06,BTC,85,4.454347296253507,0.05463354474700548,0.0487814070656895,0.43367809003639934,0.17647058823529413,0.7058823529411765,0.11764705882352941
2021-09-06,ETH,24,3.2188758248682006,0.17714633964351378,0.182826877804473,0.4635291088951009,0.3333333333333333,0.5833333333333334,0.08333333333333333
2021-09-07,BTC,144,4.976733742420574,0.012189797266425249,0.03308104351162905,0.5034855340223264,0.2013888888888889,0.5694444444444444,0.22916666666666666
2021-09-07,ETH,20,3.044522437723423,0.031125859357416623,0.03033494204282755,0.46259604677532257,0.15,0.75,0.1
2021-09-08,BTC,122,4.812184355372417,-0.054259290201131447,0.00678990781307215,0.47332328442247906,0.14754098360655737,0.6229508196721312,0.22950819672131148
2021-09-08,ETH,36,3.6109179126442243,-0.02403223675598079,-0.035470301285386,0.4556128418969437,0.1388888888888889,0.6944444444444444,0.16666666666666666
2021-09-09,BTC,100,4.61512051684126,0.04347472273977473,0.04682288412004705,0.41332555015131367,0.15,0.75,0.1
2021-09-09,ETH,29,3.4011973816621555,0.039222103005660494,0.0682324231602251,0.37021073368906987,0.06896551724137931,0.8275862068965517,0.10344827586206896
2021-09-10,BTC,85,4.454347296253507,-0.03596915839075605,0.0251225307583808,0.4443245278833379,0.12941176470588237,0.6352941176470588,0.23529411764705882
2021-09-10,ETH,27,3.332204510175204,-0.04066208656877281,0.0432278234511613,0.5327547672648881,0.18518518518518517,0.5555555555555556,0.25925925925925924
2021-09-11,BTC,69,4.248495242049359,-0.002795365733512942,0.0571339149028062,0.4641158807477208,0.14492753623188406,0.6666666666666666,0.18840579710144928
2021-09-11,ETH,22,3.1354942159291497,0.012060061859136266,0.04286752268671985,0.4698190893053262,0.13636363636363635,0.6818181818181818,0.18181818181818182
2021-09-12,BTC,52,3.970291913552122,0.061453587053200365,0.059723250567913,0.3920568055025816,0.1346153846153846,0.7115384615384616,0.15384615384615385
2021-09-12,ETH,19,2.995732273553991,0.12421962294090343,0.026988461613655,0.5213285535110025,0.2631578947368421,0.631578947368421,0.10526315789473684
2021-09-13,BTC,98,4.59511985013459,0.018302632327077475,0.0474816188216209,0.40441575982123984,0.12244897959183673,0.7346938775510204,0.14285714285714285
2021-09-13,ETH,29,3.4011973816621555,0.07629464096229137,0.0575167387723922,0.41463286776071573,0.1724137931034483,0.7241379310344828,0.10344827586206896
2021-09-14,BTC,87,4.477336814478207,-0.06436589896015224,-0.0371892265975475,0.4492794364096635,0.12643678160919541,0.632183908045977,0.2413793103448276
2021-09-14,ETH,31,3.4657359027997265,0.10757446081392587,0.1522154919803142,0.5797641987203848,0.2903225806451613,0.45161290322580644,0.25806451612903225
2021-09-15,BTC,102,4.634728988229636,0.09133237757144823,0.07865393999963996,0.4731323764723044,0.20588235294117646,0.6470588235294118,0.14705882352941177
2021-09-15,ETH,32,3.4965075614664802,0.20760917024381342,0.1492415545508265,0.48176590630704924,0.3125,0.59375,0.09375
2021-09-16,BTC,94,4.553876891600541,0.048729650021104645,0.057248994708061204,0.41757904319286027,0.1702127659574468,0.6914893617021277,0.13829787234042554
2021-09-16,ETH,22,3.1354942159291497,0.12187873970039866,0.0372610921040177,0.3795576148466831,0.18181818181818182,0.7272727272727273,0.09090909090909091
2021-09-17,BTC,98,4.59511985013459,-0.01899752690936724,-0.0081361345946788,0.45799770340077134,0.15306122448979592,0.6326530612244898,0.21428571428571427
2021-09-17,ETH,25,3.258096538021482,-0.08666535216383638,-0.0342795997858047,0.5494910074018605,0.16,0.48,0.36
2021-09-18,BTC,55,4.02535169073515,-0.04304299963299523,-0.0624654591083526,0.38042412066995906,0.07272727272727272,0.8,0.12727272727272726
2021-09-18,ETH,24,3.2188758248682006,0.0646692960775302,0.07085227966308585,0.4647591590373427,0.16666666666666666,0.6666666666666666,0.16666666666666666
2021-09-19,BTC,69,4.248495242049359,-0.06766320812934334,0.0338589698076248,0.4889952000062432,0.10144927536231885,0.6231884057971014,0.2753623188405797
2021-09-19,ETH,15,2.772588722239781,-0.22817828124389053,-0.4485499933362007,0.6045103315577403,0.13333333333333333,0.3333333333333333,0.5333333333333333
2021-09-20,BTC,102,4.634728988229636,-0.07523920641545499,0.0076407473534345,0.46970249074081183,0.14705882352941177,0.5980392156862745,0.2549019607843137
2021-09-20,ETH,28,3.367295829986474,0.08824580558575688,0.1039267624728381,0.32304880873148684,0.07142857142857142,0.8571428571428571,0.07142857142857142
2021-09-21,BTC,89,4.499809670330265,0.016834486541442907,-0.0024325251579284,0.4489485381539108,0.14606741573033707,0.7078651685393258,0.14606741573033707
2021-09-21,ETH,27,3.332204510175204,0.24632708392002517,0.2920734137296676,0.47308343335724856,0.3333333333333333,0.5555555555555556,0.1111111111111111
2021-09-22,BTC,89,4.499809670330265,0.002099673310817955,0.0405587293207645,0.43467299890407646,0.1348314606741573,0.6741573033707865,0.19101123595505617
2021-09-22,ETH,23,3.1780538303479458,0.0348228315377365,0.0044722333550453,0.4096280888669398,0.13043478260869565,0.7391304347826086,0.13043478260869565
2021-09-23,BTC,96,4.574710978503383,-0.0034904073739502055,0.040570827201008755,0.46793942866808685,0.15625,0.6354166666666666,0.20833333333333334
2021-09-23,ETH,29,3.4011973816621555,0.06939292653335322,0.0923576690256595,0.50595085303784,0.13793103448275862,0.6551724137931034,0.20689655172413793
2021-09-24,BTC,133,4.897839799950911,-0.13029035799296335,-0.1027506813406944,0.5183477874164025,0.15037593984962405,0.48872180451127817,0.3609022556390977
2021-09-24,ETH,21,3.091042453358316,-0.17036133330492748,0.0004079341888427,0.35020743810321514,0.0,0.7619047619047619,0.23809523809523808
2021-09-25,BTC,67,4.219507705176107,-0.04754769451109999,-0.0140151754021644,0.5241296460825139,0.19402985074626866,0.5223880597014925,0.2835820895522388
2021-09-25,ETH,16,2.833213344056216,-0.1002711986002396,0.0015634102746844014,0.47204357000699426,0.0625,0.6875,0.25
2021-09-26,BTC,57,4.060443010546419,0.07375319205273531,0.0607824735343456,0.4681095711103285,0.22807017543859648,0.6140350877192983,0.15789473684210525
2021-09-26,ETH,17,2.8903717578961645,-0.053409167099744075,-0.0526901185512542,0.405364175268398,0.058823529411764705,0.7058823529411765,0.23529411764705882
2021-09-27,BTC,62,4.143134726391533,0.04515725552224585,0.0167194157838821,0.4593641620576158,0.1935483870967742,0.6129032258064516,0.1935483870967742
2021-09-27,ETH,29,3.4011973816621555,0.11193588188977846,0.0966008258983492,0.4815795483578064,0.2413793103448276,0.5862068965517241,0.1724137931034483
2021-09-28,BTC,81,4.406719247264253,0.10613092786580738,0.0553738288581371,0.4275672344022169,0.18518518518518517,0.7037037037037037,0.1111111111111111
2021-09-28,ETH,28,3.367295829986474,0.07157684171605586,0.05254645808599885,0.309736177448647,0.07142857142857142,0.8214285714285714,0.10714285714285714
2021-09-29,BTC,78,4.3694478524670215,0.050733600769980014,0.06963904434815045,0.4568141787610407,0.1794871794871795,0.6282051282051282,0.19230769230769232
2021-09-29,ETH,32,3.4965075614664802,0.13111038535134867,0.0539840613491833,0.38128566531446634,0.1875,0.75,0.0625
2021-09-30,BTC,71,4.276666119016055,0.058807951621186565,0.0531635861843824,0.46922717747208753,0.22535211267605634,0.5774647887323944,0.19718309859154928
2021-09-30,ETH,30,3.4339872044851463,0.10455629328886666,0.16415647789835924,0.5338520804899981,0.16666666666666666,0.6333333333333333,0.2
2021-10-01,BTC,77,4.356708826689592,-0.03750688016608165,0.0312636476010084,0.4422249754213485,0.12987012987012986,0.6623376623376623,0.2077922077922078
2021-10-01,ETH,26,3.295836866004329,0.27020565338898445,0.25877229450270534,0.3029848158175882,0.2692307692307692,0.7307692307692307,0.0
2021-10-02,BTC,43,3.784189633918261,0.04476255548002501,0.0475147645920515,0.4999500477751876,0.20930232558139536,0.5813953488372093,0.20930232558139536
2021-10-02,ETH,16,2.833213344056216,0.1056667821103474,0.10832917178049675,0.4846605993467603,0.25,0.625,0.125
2021-10-03,BTC,54,4.007333185232471,-0.08974752033612242,-0.0222775433212518,0.4535123552823432,0.09259259259259259,0.6666666666666666,0.24074074074074073
2021-10-03,ETH,17,2.8903717578961645,-0.07758234413888525,-0.0147205274552106,0.41489707948241805,0.058823529411764705,0.6470588235294118,0.29411764705882354
2021-10-04,BTC,72,4.290459441148391,0.12412677388056179,0.0845994886476546,0.41310806822408097,0.2222222222222222,0.6944444444444444,0.08333333333333333
2021-10-04,ETH,19,2.995732273553991,-0.04036053819091698,0.0190145522356033,0.37122912179104456,0.05263157894736842,0.8421052631578947,0.10526315789473684
2021-10-05,BTC,76,4.343805421853684,0.058903423674086,0.05327030550688505,0.45668341065301915,0.17105263157894737,0.6710526315789473,0.15789473684210525
2021-10-05,ETH,26,3.295836866004329,0.19910151244571,0.08928677858784789,0.37675762404571744,0.19230769230769232,0.7692307692307693,0.038461538461538464
2021-10-06,BTC,102,4.634728988229636,0.01606889635406653,0.046988208312541205,0.42388094664556714,0.12745098039215685,0.6764705882352942,0.19607843137254902
2021-10-06,ETH,32,3.4965075614664802,0.17161204321382684,0.10769988410174844,0.4837657258038213,0.28125,0.625,0.09375
2021-10-07,BTC,100,4.61512051684126,0.03893435987178235,0.049984518438577596,0.4755899246798447,0.18,0.64,0.18
2021-10-07,ETH,24,3.2188758248682006,0.050139095653624566,0.07488815579563375,0.38863246184325057,0.08333333333333333,0.7916666666666666,0.125
2021-10-08,BTC,86,4.465908118654584,0.08742058684313019,0.08186817099340254,0.381775567427462,0.1744186046511628,0.6976744186046512,0.12790697674418605
2021-10-08,ETH,25,3.258096538021482,-0.007378094261512157,-0.0063416697084903,0.35236624333513145,0.08,0.76,0.16
2021-10-09,BTC,62,4.143134726391533,-0.020624013876752757,0.0258009633980691,0.45248670927759765,0.12903225806451613,0.6774193548387096,0.1935483870967742
2021-10-09,ETH,16,2.833213344056216,0.1108237758598989,0.08066066261380911,0.4561690245477137,0.25,0.6875,0.0625
2021-10-10,BTC,55,4.02535169073515,0.002577547085556115,0.0270958580076694,0.4471582892795182,0.2,0.5818181818181818,0.21818181818181817
2021-10-10,ETH,17,2.8903717578961645,-0.061535138910745885,-0.053598016500473,0.41801371581898267,0.11764705882352941,0.7058823529411765,0.17647058823529413
2021-10-11,BTC,88,4.48863636973214,0.02989277279861694,0.0589865329675376,0.4973990061888635,0.20454545454545456,0.6136363636363636,0.18181818181818182
2021-10-11,ETH,20,3.044522437723423,0.016676829848438497,0.07295358227565879,0.3252729383642601,0.05,0.85,0.1
2021-10-12,BTC,91,4.5217885770490405,0.01970968853712982,0.0854992382228374,0.41040589778334297,0.14285714285714285,0.7032967032967034,0.15384615384615385
2021-10-12,ETH,31,3.4657359027997265,-0.045196027667712316,-0.0094790197908878,0.4140503702372,0.0967741935483871,0.7741935483870968,0.12903225806451613
2021-10-13,BTC,95,4.564348191467836,-0.0014829402507625959,0.0218610968440771,0.493166127393143,0.2,0.6105263157894737,0.18947368421052632
2021-10-13,ETH,25,3.258096538021482,-0.06431762996595353,-0.0146662984043359,0.4623532812110465,0.08,0.72,0.2
2021-10-14,BTC,111,4.718498871295094,0.044592063263612425,0.0438087806105613,0.4570011668413186,0.21621621621621623,0.6216216216216216,0.16216216216216217
2021-10-14,ETH,40,3.713572066704308,-0.035094744918751544,-0.0001717722043394999,0.48695520109293566,0.125,0.7,0.175
2021-10-15,BTC,120,4.795790545596741,0.10688320601087373,0.06651455955579874,0.4276081031836122,0.18333333333333332,0.7,0.11666666666666667
2021-10-15,ETH,23,3.1780538303479458,-0.14981775470685377,-0.0744098126888275,0.46729865327973524,0.13043478260869565,0.5652173913043478,0.30434782608695654
2021-10-16,BTC,87,4.477336814478207,0.023897789412006827,0.0292548388242721,0.4517830140226546,0.20689655172413793,0.6436781609195402,0.14942528735632185
2021-10-16,ETH,26,3.295836866004329,-0.0718602674941604,-0.15029274858534336,0.5308810265251674,0.19230769230769232,0.5384615384615384,0.2692307692307692
2021-10-17,BTC,81,4.406719247264253,0.07547893519455819,0.054171985015273,0.4587157981408046,0.19753086419753085,0.6666666666666666,0.13580246913580246
2021-10-17,ETH,17,2.8903717578961645,-0.07519039925297395,0.0425065513700246,0.34412197310872145,0.058823529411764705,0.7647058823529411,0.17647058823529413
2021-10-18,BTC,109,4.700480365792417,0.10317472848238063,0.0839304905384779,0.4312126477461481,0.2018348623853211,0.6880733944954128,0.11009174311926606
2021-10-18,ETH,24,3.2188758248682006,-0.19744314845108116,-0.199900085106492,0.4821783945782218,0.125,0.5,0.375
2021-10-19,BTC,130,4.875197323201151,0.14901382676057087,0.10749984066933391,0.47601155466050143,0.27692307692307694,0.5846153846153846,0.13846153846153847
2021-10-19,ETH,21,3.091042453358316,-0.013760956813625647,0.0345836672931909,0.49963308980398513,0.14285714285714285,0.6666666666666666,0.19047619047619047
2021-10-20,BTC,134,4.90527477843843,0.11111422971676368,0.06654372578486795,0.4994774861235625,0.26865671641791045,0.5671641791044776,0.16417910447761194
2021-10-20,ETH,30,3.4339872044851463,0.0682966290662686,0.04703843407332895,0.42107947463500545,0.2,0.7,0.1
2021-10-21,BTC,137,4.927253685157205,0.07532849873205387,0.068114548921585,0.4439017767387333,0.18248175182481752,0.656934306569343,0.16058394160583941
2021-10-21,ETH,30,3.4339872044851463,-0.09156696195326125,-0.06267246976494785,0.45980316324481396,0.06666666666666667,0.7333333333333333,0.2
2021-10-22,BTC,81,4.406719247264253,0.02055673092390973,0.0707675442099571,0.43129555112882806,0.12345679012345678,0.691358024691358,0.18518518518518517
2021-10-22,ETH,29,3.4011973816621555,0.04550098627002846,0.0560398334637284,0.4143138668596869,0.13793103448275862,0.6896551724137931,0.1724137931034483
2021-10-23,BTC,56,4.04305126783455,0.11518966590769456,0.12854031473398206,0.4384317648006547,0.19642857142857142,0.6607142857142857,0.14285714285714285
2021-10-23,ETH,14,2.70805020110221,0.018728162195267406,0.02689203154295675,0.5386865475522703,0.21428571428571427,0.5,0.2857142857142857
2021-10-24,BTC,57,4.060443010546419,-0.04098271952713267,-0.043497011065483,0.4827478908171841,0.17543859649122806,0.5789473684210527,0.24561403508771928
2021-10-24,ETH,12,2.5649493574615367,0.13007687719073147,0.022208365611732,0.7008281118534772,0.4166666666666667,0.3333333333333333,0.25
2021-10-25,BTC,80,4.394449154672439,0.05386714052001479,0.0660696113482117,0.40143323644773693,0.125,0.7375,0.1375
2021-10-25,ETH,21,3.091042453358316,-0.04766362493059465,0.0274751782417297,0.4678492508450033,0.19047619047619047,0.5714285714285714,0.23809523809523808
2021-10-26,BTC,96,4.574710978503383,0.029207833684874146,0.0553902462124824,0.4204091549508361,0.13541666666666666,0.7083333333333334,0.15625
2021-10-26,ETH,34,3.5553480614894135,-0.1375879866673666,0.0007238658145070002,0.4253473991053028,0.08823529411764706,0.6470588235294118,0.2647058823529412
2021-10-27,BTC,101,4.624972813284271,0.03230509669105015,0.0570388659834861,0.43084484608492823,0.1782178217821782,0.6435643564356436,0.1782178217821782
2021-10-27,ETH,22,3.1354942159291497,0.042278193022039806,0.06594135798513885,0.405725073585495,0.09090909090909091,0.8181818181818182,0.09090909090909091
2021-10-28,BTC,75,4.330733340286331,0.043338563293218606,0.0549507830291986,0.3671283536293178,0.08,0.8,0.12
2021-10-28,ETH,32,3.4965075614664802,-0.10028766087634722,0.00914945919066665,0.511181708215216,0.09375,0.5625,0.34375
2021-10-29,BTC,96,4.574710978503383,0.10469664118863875,0.08707065321505066,0.48709136211644305,0.25,0.5833333333333334,0.16666666666666666
2021-10-29,ETH,24,3.2188758248682006,0.03810649576674526,0.03021374763920895,0.3963174329231534,0.125,0.7916666666666666,0.08333333333333333
2021-10-30,BTC,68,4.23410650459726,0.12702095795676163,0.0954281422309577,0.44739987248474794,0.20588235294117646,0.6911764705882353,0.10294117647058823
2021-10-30,ETH,30,3.4339872044851463,-0.1684207066660747,-0.28141294512897724,0.5734990497155038,0.16666666666666666,0.3333333333333333,0.5
2021-10-31,BTC,68,4.23410650459726,0.1443309627870536,0.0717078456655144,0.538459602150918,0.29411764705882354,0.5588235294117647,0.14705882352941177
2021-10-31,ETH,17,2.8903717578961645,-0.07162817915463272,-0.0051017701625823,0.4561685072623669,0.11764705882352941,0.6470588235294118,0.23529411764705882
2021-11-01,BTC,95,4.564348191467836,0.064585932072154,0.0572112873196601,0.447559153504494,0.17894736842105263,0.6947368421052632,0.12631578947368421
2021-11-01,ETH,31,3.4657359027997265,0.02384110992293685,0.0472132638096809,0.3991280590911483,0.12903225806451613,0.7419354838709677,0.12903225806451613
2021-11-02,BTC,84,4.442651256490317,0.08731135043559506,0.06585842696949835,0.49757407483009497,0.2261904761904762,0.5833333333333334,0.19047619047619047
2021-11-02,ETH,47,3.871201010907891,-0.09051924853763998,-0.0090278759598732,0.4571163085073559,0.0851063829787234,0.6382978723404256,0.2765957446808511
2021-11-03,BTC,79,4.382026634673881,0.0711244036608576,0.0528112407773733,0.4055400725400518,0.1518987341772152,0.7468354430379747,0.10126582278481013
2021-11-03,ETH,39,3.6888794541139363,-0.03087920840017689,0.0216521061956882,0.45268923586016163,0.1794871794871795,0.5897435897435898,0.23076923076923078
2021-11-04,BTC,85,4.454347296253507,0.08040776091956478,0.074718065559864,0.4327830523705566,0.2,0.6588235294117647,0.1411764705882353
2021-11-04,ETH,32,3.4965075614664802,-0.007668981619644915,0.03568139672279355,0.588118175031621,0.25,0.40625,0.34375
2021-11-05,BTC,74,4.31748811353631,0.10892975794126251,0.09054559096693984,0.3921350570268464,0.20270270270270271,0.6621621621621622,0.13513513513513514
2021-11-05,ETH,27,3.332204510175204,-0.05099427782826955,0.0361927207559347,0.3953911439054444,0.07407407407407407,0.7407407407407407,0.18518518518518517
2021-11-06,BTC,56,4.04305126783455,0.05586121198887537,0.0567140001803636,0.41090155561663755,0.19642857142857142,0.6607142857142857,0.14285714285714285
2021-11-06,ETH,26,3.295836866004329,-0.06067635008814531,-0.0021008104085922,0.4349878990914434,0.07692307692307693,0.7307692307692307,0.19230769230769232
2021-11-07,BTC,69,4.248495242049359,0.023012760949010648,0.0167343029752373,0.4381503633284828,0.14492753623188406,0.6811594202898551,0.17391304347826086
2021-11-07,ETH,35,3.58351893845611,-0.0843449545558542,-0.056462550535798,0.4775808918372578,0.11428571428571428,0.6,0.2857142857142857
2021-11-08,BTC,91,4.5217885770490405,0.07967832743747998,0.0595782026648521,0.39901676719896045,0.15384615384615385,0.7142857142857143,0.13186813186813187
2021-11-08,ETH,30,3.4339872044851463,-0.037449564117317403,0.044739651028066846,0.36593134647741976,0.06666666666666667,0.7666666666666667,0.16666666666666666
2021-11-09,BTC,117,4.770684624465665,0.19397132402747616,0.1257250122725963,0.5029754260066184,0.3247863247863248,0.5384615384615384,0.13675213675213677
2021-11-09,ETH,44,3.8066624897703196,-0.00406179421009835,0.0164900980889797,0.47051359145389526,0.1590909090909091,0.6590909090909091,0.18181818181818182
2021-11-10,BTC,98,4.59511985013459,0.026508628907470907,0.05934387398883695,0.41997045534818295,0.14285714285714285,0.7142857142857143,0.14285714285714285
2021-11-10,ETH,34,3.5553480614894135,-0.09614060808192282,0.0454252893105149,0.4566718786927058,0.08823529411764706,0.6470588235294118,0.2647058823529412
2021-11-11,BTC,98,4.59511985013459,-0.006953915688019181,0.04191031679511065,0.47009746355411064,0.15306122448979592,0.6428571428571429,0.20408163265306123
2021-11-11,ETH,49,3.912023005428146,0.13750426329634324,0.0823186486959457,0.3841092345885163,0.1836734693877551,0.7551020408163265,0.061224489795918366
2021-11-12,BTC,87,4.477336814478207,0.04240644777370295,0.0590615291148424,0.39777174128091863,0.16091954022988506,0.6896551724137931,0.14942528735632185
2021-11-12,ETH,41,3.7376696182833684,-0.002762370390772115,0.064874280244112,0.44973287536740847,0.0975609756097561,0.6829268292682927,0.21951219512195122
2021-11-13,BTC,61,4.127134385045092,0.08836325820245336,0.0569661371409893,0.4624801997976656,0.21311475409836064,0.6557377049180327,0.13114754098360656
2021-11-13,ETH,26,3.295836866004329,0.0009485767222940961,-0.01004897616803645,0.46335380361104594,0.19230769230769232,0.5384615384615384,0.2692307692307692
2021-11-14,BTC,72,4.290459441148391,0.04857421992508331,0.044219879899173906,0.4358667969042237,0.1527777777777778,0.6944444444444444,0.1527777777777778
2021-11-14,ETH,38,3.6635616461296463,-0.04805240127576615,0.019774407148361147,0.5019214697321461,0.10526315789473684,0.6578947368421053,0.23684210526315788
2021-11-15,BTC,93,4.543294782270004,0.03236975800746711,0.0033850669860839,0.46582096751515817,0.20430107526881722,0.6236559139784946,0.17204301075268819
2021-11-15,ETH,31,3.4657359027997265,-0.049486981592171145,-0.017138622701168,0.3742432358567099,0.0967741935483871,0.7419354838709677,0.16129032258064516
2021-11-16,BTC,83,4.430816798843313,0.0038673060662842373,0.0449100583791732,0.4367058170790468,0.13253012048192772,0.6746987951807228,0.1927710843373494
2021-11-16,ETH,37,3.6375861597263857,-0.08653792509230206,-0.0045345611870288,0.45832576118009405,0.16216216216216217,0.5675675675675675,0.2702702702702703
2021-11-17,BTC,80,4.394449154672439,-0.057548854636843325,0.0056510511785745,0.43757468259574217,0.1375,0.6125,0.25
2021-11-17,ETH,30,3.4339872044851463,-0.007110740477219229,0.0352383637800812,0.37566103091131275,0.1,0.7333333333333333,0.16666666666666666
2021-11-18,BTC,104,4.653960350157523,-0.042217937779451646,-0.0186701845377683,0.44201778536606784,0.14423076923076922,0.6442307692307693,0.21153846153846154
2021-11-18,ETH,24,3.2188758248682006,-0.098585417867677,0.06475098710507149,0.43051240165163773,0.08333333333333333,0.6666666666666666,0.25
2021-11-19,BTC,93,4.543294782270004,0.02891976578832072,0.0578458486124873,0.4718130779929759,0.1827956989247312,0.6129032258064516,0.20430107526881722
2021-11-19,ETH,27,3.332204510175204,-0.0585130925109196,-0.042737016454339,0.4674262139793734,0.14814814814814814,0.5925925925925926,0.25925925925925924
2021-11-20,BTC,54,4.007333185232471,-0.021660890421588665,0.0140320342034101,0.5057033325960542,0.18518518518518517,0.5555555555555556,0.25925925925925924
2021-11-20,ETH,17,2.8903717578961645,0.0519888758084134,0.0472337426617741,0.5201407182926013,0.17647058823529413,0.6470588235294118,0.17647058823529413
2021-11-21,BTC,64,4.174387269895637,0.04910508553803082,0.0670647323131561,0.40502586876314733,0.15625,0.71875,0.125
2021-11-21,ETH,27,3.332204510175204,-0.11232760044987555,-0.100329291075468,0.45248998642967814,0.07407407407407407,0.6296296296296297,0.2962962962962963
2021-11-22,BTC,62,4.143134726391533,0.03424118375105241,0.059718383476138046,0.43798590143112937,0.14516129032258066,0.6935483870967742,0.16129032258064516
2021-11-22,ETH,23,3.1780538303479458,-0.1360040357761571,-0.0820032246410846,0.48362434070949656,0.13043478260869565,0.6086956521739131,0.2608695652173913
2021-11-23,BTC,84,4.442651256490317,0.004545545593524968,0.01532741449773305,0.44177379887052454,0.16666666666666666,0.6785714285714286,0.15476190476190477
2021-11-23,ETH,29,3.4011973816621555,0.11678681037677771,0.1266697747632861,0.4691516121362029,0.1724137931034483,0.6206896551724138,0.20689655172413793
2021-11-24,BTC,90,4.51085950651685,-0.019780499748109533,0.033154577948153,0.4515725288050373,0.13333333333333333,0.6777777777777778,0.18888888888888888
2021-11-24,ETH,39,3.6888794541139363,-0.06562814206625217,-0.1753095015883445,0.45785300536749324,0.10256410256410256,0.6666666666666666,0.23076923076923078
2021-11-25,BTC,72,4.290459441148391,0.16454013648520535,0.09240698069334025,0.491598243406632,0.2777777777777778,0.5972222222222222,0.125
2021-11-25,ETH,30,3.4339872044851463,-0.004496561239163088,0.04004790447652335,0.37013505446985306,0.1,0.7666666666666667,0.13333333333333333
2021-11-26,BTC,87,4.477336814478207,-0.1389546504501125,-0.104146271944046,0.4364063360349143,0.06896551724137931,0.6091954022988506,0.3218390804597701
2021-11-26,ETH,21,3.091042453358316,-0.05323860468342902,-0.0134884901344776,0.3402509542814133,0.047619047619047616,0.8571428571428571,0.09523809523809523
2021-11-27,BTC,60,4.110873864173311,-0.07252070689573885,0.0370233654975891,0.3875561800196163,0.1,0.6833333333333333,0.21666666666666667
2021-11-27,ETH,21,3.091042453358316,0.05651285558096355,0.064677108079195,0.4772984175910948,0.19047619047619047,0.5714285714285714,0.23809523809523808
2021-11-28,BTC,68,4.23410650459726,-0.03711247237344436,-0.0282156597822904,0.41052942323915526,0.1323529411764706,0.7058823529411765,0.16176470588235295
2021-11-28,ETH,18,2.9444389791664403,0.019084999350727425,0.03431251225993035,0.35983269312639893,0.1111111111111111,0.7777777777777778,0.1111111111111111
2021-11-29,BTC,70,4.2626798770413155,0.023276520487187164,0.00934178382158275,0.4009012404657636,0.12857142857142856,0.7142857142857143,0.15714285714285714
2021-11-29,ETH,19,2.995732273553991,0.005143742126069567,0.031553303822875,0.2734803263932316,0.05263157894736842,0.8947368421052632,0.05263157894736842
2021-11-30,BTC,80,4.394449154672439,-0.004739782564865893,0.01726470421999685,0.42642300470535455,0.1625,0.6875,0.15
2021-11-30,ETH,30,3.4339872044851463,0.06776639730669556,0.0636296244338154,0.4275652539988307,0.16666666666666666,0.7,0.13333333333333333
2021-12-01,BTC,90,4.51085950651685,0.07016461032649708,0.10476925806142386,0.39932764620453715,0.15555555555555556,0.7333333333333333,0.1111111111111111
2021-12-01,ETH,28,3.367295829986474,-0.008254186375000135,0.0443858122453093,0.368356967839539,0.07142857142857142,0.8214285714285714,0.10714285714285714
2021-12-02,BTC,74,4.31748811353631,0.09012494373412147,0.0581861119717359,0.4443090105512228,0.17567567567567569,0.7027027027027027,0.12162162162162163
2021-12-02,ETH,30,3.4339872044851463,0.04053888290654868,0.08535709418356416,0.4292757444826676,0.13333333333333333,0.7,0.16666666666666666
2021-12-03,BTC,66,4.204692619390966,-0.07019539987033403,0.0100403502583503,0.4452531805877365,0.10606060606060606,0.6363636363636364,0.25757575757575757
2021-12-03,ETH,24,3.2188758248682006,0.012769153618137352,0.00896863266825675,0.5140978930014917,0.16666666666666666,0.5833333333333334,0.25
2021-12-04,BTC,100,4.61512051684126,-0.013395788259804252,-0.0018887892365455,0.4874080498625471,0.16,0.59,0.25
2021-12-04,ETH,17,2.8903717578961645,-0.07290191244443552,-0.1195756644010543,0.501483488891968,0.11764705882352941,0.7058823529411765,0.17647058823529413
2021-12-05,BTC,72,4.290459441148391,-0.08207743549266727,-0.0490370392799377,0.4667461950131676,0.1527777777777778,0.5555555555555556,0.2916666666666667
2021-12-05,ETH,19,2.995732273553991,-0.07993936891618529,0.0335882417857646,0.42934738298639064,0.05263157894736842,0.7368421052631579,0.21052631578947367
2021-12-06,BTC,96,4.574710978503383,-0.08170450474184084,-0.01595855876803395,0.4624089395358134,0.14583333333333334,0.6041666666666666,0.25
2021-12-06,ETH,23,3.1780538303479458,-0.02630690356676022,0.0633164569735527,0.43143780313260843,0.17391304347826086,0.6521739130434783,0.17391304347826086
2021-12-07,BTC,87,4.477336814478207,0.005712355460286477,0.0327303186058998,0.4209077765687192,0.14942528735632185,0.6666666666666666,0.1839080459770115
2021-12-07,ETH,25,3.258096538021482,0.2135110846720636,0.1757039600051939,0.43309643951610743,0.28,0.64,0.08
2021-12-08,BTC,88,4.48863636973214,0.012226800524248654,0.00973629578948015,0.4181587840342776,0.13636363636363635,0.7045454545454546,0.1590909090909091
2021-12-08,ETH,29,3.4011973816621555,-0.04324474288471815,-0.1361704301089048,0.5230151697982711,0.20689655172413793,0.5517241379310345,0.2413793103448276
2021-12-09,BTC,69,4.248495242049359,0.03049645229559931,0.0618376396596431,0.4006810780775144,0.13043478260869565,0.7681159420289855,0.10144927536231885
2021-12-09,ETH,27,3.332204510175204,0.05277870316058396,0.0576401725411415,0.3888108203801579,0.07407407407407407,0.8518518518518519,0.07407407407407407
2021-12-10,BTC,74,4.31748811353631,-0.01210677079743127,0.0169550478458404,0.4395546002740543,0.16216216216216217,0.6756756756756757,0.16216216216216217
2021-12-10,ETH,10,2.3978952727983707,0.08177968161180614,0.0305402968078851,0.492910135243803,0.2,0.7,0.1
2021-12-11,BTC,53,3.9889840465642745,0.0161341711667911,0.0508679188787937,0.4030518515805204,0.16981132075471697,0.6981132075471698,0.1320754716981132
2021-12-11,ETH,14,2.70805020110221,-0.03623395660958652,0.076902111293748,0.4914736828965338,0.14285714285714285,0.5714285714285714,0.2857142857142857
2021-12-12,BTC,41,3.7376696182833684,-0.02020371908594559,0.0056439787149429,0.498418575378218,0.17073170731707318,0.6097560975609756,0.21951219512195122
2021-12-12,ETH,11,2.4849066497880004,0.17139389289712365,0.0829165130853653,0.4951346671367309,0.2727272727272727,0.5454545454545454,0.18181818181818182
2021-12-13,BTC,82,4.418840607796598,-0.015851795420663936,0.03381103649735445,0.4417928236433801,0.13414634146341464,0.6707317073170732,0.1951219512195122
2021-12-13,ETH,18,2.9444389791664403,0.2779076121126612,0.2067586060147732,0.40798189299711596,0.2777777777777778,0.7222222222222222,0.0
2021-12-14,BTC,89,4.499809670330265,0.05420812957375989,0.0473561091348528,0.44111203617276407,0.19101123595505617,0.651685393258427,0.15730337078651685
2021-12-14,ETH,20,3.044522437723423,0.07964268459472805,0.0316468887031078,0.4687012398918983,0.2,0.65,0.15
2021-12-15,BTC,82,4.418840607796598,-0.04121878486774044,-0.00220282375812525,0.3796546484277893,0.12195121951219512,0.7195121951219512,0.15853658536585366
2021-12-15,ETH,18,2.9444389791664403,0.021791088989832334,0.07386118220165369,0.3873011034544586,0.05555555555555555,0.6666666666666666,0.2777777777777778
2021-12-16,BTC,75,4.330733340286331,-0.10070495397939036,-0.0589426532387733,0.4565195241273867,0.12,0.6,0.28
2021-12-16,ETH,29,3.4011973816621555,0.16451624863588343,0.1421654932200908,0.5073492578915455,0.2413793103448276,0.6206896551724138,0.13793103448275862
2021-12-17,BTC,74,4.31748811353631,-0.020668409126055616,0.0331896226853132,0.4477940741053739,0.12162162162162163,0.6891891891891891,0.1891891891891892
2021-12-17,ETH,19,2.995732273553991,-0.041024109030044414,0.0328985918313264,0.48567711189913715,0.05263157894736842,0.7368421052631579,0.21052631578947367
2021-12-18,BTC,53,3.9889840465642745,0.07042963274332852,0.057970936410129,0.36193955548711476,0.1509433962264151,0.7735849056603774,0.07547169811320754
2021-12-18,ETH,13,2.6390573296152584,-0.03334188914427964,0.0724519900977611,0.4557049822999446,0.15384615384615385,0.46153846153846156,0.38461538461538464
2021-12-19,BTC,50,3.9318256327243257,0.0828642159560695,0.0587542322464287,0.390748950342534,0.16,0.74,0.1
2021-12-19,ETH,23,3.1780538303479458,-0.0936907480734036,-0.0236562900245189,0.6259806978710394,0.21739130434782608,0.4782608695652174,0.30434782608695654
2021-12-20,BTC,69,4.248495242049359,0.0277069841403568,0.0887834597378969,0.4396119997261225,0.13043478260869565,0.6521739130434783,0.21739130434782608
2021-12-20,ETH,21,3.091042453358316,-0.01594543710927524,0.029518786817789,0.517337093746081,0.19047619047619047,0.5238095238095238,0.2857142857142857
2021-12-21,BTC,74,4.31748811353631,0.14891655929543934,0.12265270855277775,0.44929450986478797,0.21621621621621623,0.6891891891891891,0.0945945945945946
2021-12-21,ETH,27,3.332204510175204,0.1255525324700607,0.2175006819888949,0.5094592627502172,0.25925925925925924,0.5555555555555556,0.18518518518518517
2021-12-22,BTC,86,4.465908118654584,-0.01325443778511917,0.03076240187510845,0.4337850504551449,0.10465116279069768,0.7441860465116279,0.1511627906976744
2021-12-22,ETH,22,3.1354942159291497,0.07111032857474955,0.07609420642256735,0.3278796915961901,0.09090909090909091,0.8181818181818182,0.09090909090909091
2021-12-23,BTC,78,4.3694478524670215,0.050906473197616056,0.07073803618550295,0.38590821857626967,0.15384615384615385,0.7307692307692307,0.11538461538461539
2021-12-23,ETH,16,2.833213344056216,0.1885561036033323,0.14491272647865114,0.449214218956068,0.25,0.6875,0.0625
2021-12-24,BTC,49,3.912023005428146,0.15462400109450125,0.0749984309077262,0.5176246085345406,0.2857142857142857,0.5306122448979592,0.1836734693877551
2021-12-24,ETH,20,3.044522437723423,0.032583883171901105,0.007500736042857149,0.4683332224516041,0.15,0.65,0.2
2021-12-25,BTC,39,3.6888794541139363,0.11199094793305565,0.1219988465309143,0.3387144970864349,0.15384615384615385,0.7948717948717948,0.05128205128205128
2021-12-25,ETH,16,2.833213344056216,0.1366907959745731,0.07504645409062499,0.47199789389994273,0.25,0.6875,0.0625
2021-12-26,BTC,44,3.8066624897703196,0.0018876810526390606,0.0186912771314382,0.45345852866214176,0.1590909090909091,0.6590909090909091,0.18181818181818182
2021-12-26,ETH,19,2.995732273553991,-0.06488493099612624,-0.0466092564165592,0.446478539289403,0.10526315789473684,0.631578947368421,0.2631578947368421
2021-12-27,BTC,56,4.04305126783455,0.18381158114061688,0.14570257347077126,0.4312385413784939,0.23214285714285715,0.6607142857142857,0.10714285714285714
2021-12-27,ETH,15,2.772588722239781,0.03817233170848338,0.0988750010728836,0.39972477785830396,0.13333333333333333,0.7333333333333333,0.13333333333333333
2021-12-28,BTC,50,3.9318256327243257,-0.024819120252504955,0.05887464620172975,0.457852446426045,0.12,0.68,0.2
2021-12-28,ETH,18,2.9444389791664403,0.13805736041265643,0.056905564852058846,0.5080771662859032,0.3333333333333333,0.5555555555555556,0.1111111111111111
2021-12-29,BTC,56,4.04305126783455,0.042192679792476276,0.064709423109889,0.462788054706013,0.16071428571428573,0.6428571428571429,0.19642857142857142
2021-12-29,ETH,13,2.6390573296152584,0.03357175708963322,-0.0102559179067611,0.42469903495552447,0.15384615384615385,0.7692307692307693,0.07692307692307693
2021-12-30,BTC,83,4.430816798843313,0.053994099825553324,0.0234157470986247,0.42307974518606045,0.13253012048192772,0.7590361445783133,0.10843373493975904
2021-12-30,ETH,15,2.772588722239781,0.22605816836779313,0.1090366635471582,0.44749213629429313,0.3333333333333333,0.6,0.06666666666666667
2021-12-31,BTC,53,3.9889840465642745,0.17448936471328982,0.1077654361724853,0.5001953952933367,0.2830188679245283,0.5849056603773585,0.1320754716981132
2021-12-31,ETH,15,2.772588722239781,0.030333305709063993,0.0709478920325636,0.33711251093805633,0.06666666666666667,0.8666666666666667,0.06666666666666667
2022-01-01,BTC,46,3.8501476017100584,0.08794348462707484,0.03433994390070435,0.497786580864549,0.2391304347826087,0.5869565217391305,0.17391304347826086
2022-01-01,ETH,9,2.302585092994046,0.13952936431289548,0.059770768508315,0.526930856969238,0.2222222222222222,0.6666666666666666,0.1111111111111111
2022-01-02,BTC,44,3.8066624897703196,0.09994948614621535,0.049481805413961355,0.4094073455987484,0.20454545454545456,0.6590909090909091,0.13636363636363635
2022-01-02,ETH,14,2.70805020110221,-0.04341632695702304,0.0714608319103717,0.47371997372270136,0.07142857142857142,0.7142857142857143,0.21428571428571427
2022-01-03,BTC,76,4.343805421853684,0.16442626255172255,0.17396396398544312,0.5497726786210454,0.34210526315789475,0.4868421052631579,0.17105263157894737
2022-01-03,ETH,18,2.9444389791664403,-0.0688872609882512,-0.1046267338097095,0.5307330888521771,0.16666666666666666,0.5,0.3333333333333333
2022-01-04,BTC,64,4.174387269895637,0.13517401828903527,0.12557517085224384,0.4354137063978191,0.203125,0.671875,0.125
2022-01-04,ETH,31,3.4657359027997265,0.04395847853964134,0.0641702301800251,0.4471151666970217,0.16129032258064516,0.6774193548387096,0.16129032258064516
2022-01-05,BTC,79,4.382026634673881,-0.01457427258756531,0.0265516079962253,0.40900476101053906,0.10126582278481013,0.7341772151898734,0.16455696202531644
2022-01-05,ETH,22,3.1354942159291497,0.0024686107538979263,0.0219088755548,0.4462373646359969,0.13636363636363635,0.7272727272727273,0.13636363636363635
2022-01-06,BTC,113,4.736198448394496,-0.07872286844644201,-0.0403483435511589,0.4263350777791295,0.10619469026548672,0.6283185840707964,0.26548672566371684
2022-01-06,ETH,24,3.2188758248682006,0.06470539799192919,0.027014927007257848,0.44789341288302603,0.20833333333333334,0.5833333333333334,0.20833333333333334
2022-01-07,BTC,94,4.553876891600541,-0.026678834273975265,-0.01103182602673765,0.4551245002874256,0.1595744680851064,0.6595744680851063,0.18085106382978725
2022-01-07,ETH,17,2.8903717578961645,0.0017543545485857622,0.0061328113079071,0.3813941013791413,0.11764705882352941,0.7647058823529411,0.11764705882352941
2022-01-08,BTC,71,4.276666119016055,-0.023461973707808156,0.0171915255486965,0.4270567701539216,0.14084507042253522,0.6901408450704225,0.16901408450704225
2022-01-08,ETH,14,2.70805020110221,0.08883304601269108,0.04505392536520955,0.40562036368899396,0.21428571428571427,0.7142857142857143,0.07142857142857142
2022-01-09,BTC,66,4.204692619390966,0.00931752359522788,0.06422041635960335,0.46284956689692613,0.13636363636363635,0.6515151515151515,0.21212121212121213
2022-01-09,ETH,14,2.70805020110221,-0.009453517451350193,0.011089837178587851,0.3100222921427469,0.07142857142857142,0.8571428571428571,0.07142857142857142
2022-01-10,BTC,72,4.290459441148391,0.040407133891777545,0.05520787392742925,0.41026937229558935,0.16666666666666666,0.6944444444444444,0.1388888888888889
2022-01-10,ETH,12,2.5649493574615367,0.08587837558782968,0.0834414009004831,0.4097908123522729,0.08333333333333333,0.8333333333333334,0.08333333333333333
2022-01-11,BTC,89,4.499809670330265,0.05325630428583433,0.065857361536473,0.41410244822459874,0.16853932584269662,0.6966292134831461,0.1348314606741573
2022-01-11,ETH,28,3.367295829986474,0.10938310802781157,0.0633414918556809,0.4700381118947117,0.25,0.6785714285714286,0.07142857142857142
2022-01-12,BTC,75,4.330733340286331,0.09283860477308434,0.0286994129419326,0.47205170416027603,0.22666666666666666,0.6533333333333333,0.12
2022-01-12,ETH,22,3.1354942159291497,-0.057640995163555184,0.0008969139307737,0.37090724615956666,0.045454545454545456,0.7727272727272727,0.18181818181818182
2022-01-13,BTC,58,4.07753744390572,0.10811970796805387,0.080859066452831,0.5076715324688401,0.27586206896551724,0.5689655172413793,0.15517241379310345
2022-01-13,ETH,28,3.367295829986474,0.19318391864986292,0.178764515556395,0.434581962846347,0.21428571428571427,0.6785714285714286,0.10714285714285714
2022-01-14,BTC,71,4.276666119016055,0.012858133299053236,0.0412305500358343,0.4412581692622872,0.15492957746478872,0.6619718309859155,0.18309859154929578
2022-01-14,ETH,24,3.2188758248682006,-0.04855881823459642,0.0194312278181314,0.4625842749902104,0.08333333333333333,0.7083333333333334,0.20833333333333334
2022-01-15,BTC,69,4.248495242049359,-0.015344700064051201,-0.0223666410893201,0.5125834432028857,0.2028985507246377,0.5362318840579711,0.2608695652173913
2022-01-15,ETH,13,2.6390573296152584,0.034758910250205236,0.0350676104426384,0.3873806965300966,0.15384615384615385,0.6923076923076923,0.15384615384615385
2022-01-16,BTC,54,4.007333185232471,0.03292401197487144,0.01047324109822505,0.4384724001226509,0.16666666666666666,0.6851851851851852,0.14814814814814814
2022-01-16,ETH,14,2.70805020110221,-0.12630132595742388,-0.0455547692254185,0.3712142593458096,0.0,0.7142857142857143,0.2857142857142857
2022-01-17,BTC,57,4.060443010546419,0.034160853449353254,0.0257831253111362,0.40044166947964427,0.14035087719298245,0.7368421052631579,0.12280701754385964
2022-01-17,ETH,19,2.995732273553991,-0.023372042887402984,-0.0097995810210704,0.3455756677008958,0.10526315789473684,0.7368421052631579,0.15789473684210525
2022-01-18,BTC,83,4.430816798843313,0.02820460939589124,0.0585703467950224,0.41064501081066135,0.14457831325301204,0.7228915662650602,0.13253012048192772
2022-01-18,ETH,33,3.5263605246161616,0.009993823456831957,-0.0267098769545555,0.37569104874408055,0.09090909090909091,0.7878787878787878,0.12121212121212122
2022-01-19,BTC,76,4.343805421853684,-0.07375583569457951,-0.025534599088132347,0.4731645618619699,0.14473684210526316,0.5789473684210527,0.27631578947368424
2022-01-19,ETH,25,3.258096538021482,0.018591644093394276,0.0616247998550534,0.3284943213131076,0.12,0.8,0.08
2022-01-20,BTC,70,4.2626798770413155,0.11043261775381064,0.045167126227170146,0.398714412954682,0.18571428571428572,0.7285714285714285,0.08571428571428572
2022-01-20,ETH,33,3.5263605246161616,-0.010263313892099907,0.0578097328543663,0.42182095584032386,0.09090909090909091,0.696969696969697,0.21212121212121213
2022-01-21,BTC,108,4.6913478822291435,0.0024844661238603285,0.0316778011620044,0.46735314623551605,0.17592592592592593,0.6018518518518519,0.2222222222222222
2022-01-21,ETH,14,2.70805020110221,0.04021911886853297,0.054929559584707,0.5491879224423942,0.21428571428571427,0.5714285714285714,0.21428571428571427
2022-01-22,BTC,123,4.820281565605037,-0.12545027290811625,-0.1101674325764179,0.43471783918432927,0.08943089430894309,0.6504065040650406,0.2601626016260163
2022-01-22,ETH,19,2.995732273553991,0.03572689832531308,0.0610852912068367,0.4112360371299583,0.10526315789473684,0.7368421052631579,0.15789473684210525
2022-01-23,BTC,81,4.406719247264253,-0.08054235132330638,-0.0702606253325939,0.41004734325814823,0.09876543209876543,0.6790123456790124,0.2222222222222222
2022-01-23,ETH,18,2.9444389791664403,-0.007626409073256801,0.06483001727610825,0.4548919267445562,0.1111111111111111,0.6666666666666666,0.2222222222222222
2022-01-24,BTC,99,4.605170185988092,0.0022851754487915417,0.0289120376110076,0.45162158695813387,0.1717171717171717,0.6363636363636364,0.1919191919191919
2022-01-24,ETH,14,2.70805020110221,0.1458748566219583,0.0290839839726686,0.45211169887393854,0.21428571428571427,0.7857142857142857,0.0
2022-01-25,BTC,100,4.61512051684126,-0.011770268578547993,0.0397268920205533,0.37201615719309544,0.08,0.8,0.12
2022-01-25,ETH,27,3.332204510175204,0.14033665025123843,0.0735843442380428,0.3775680990636537,0.18518518518518517,0.7037037037037037,0.1111111111111111
2022-01-26,BTC,111,4.718498871295094,0.06657686782791068,0.0488497763872146,0.41168487782157975,0.15315315315315314,0.7297297297297297,0.11711711711711711
2022-01-26,ETH,22,3.1354942159291497,-0.10645240267992696,0.0005833171308040502,0.3969235600268348,0.09090909090909091,0.6818181818181818,0.22727272727272727
2022-01-27,BTC,79,4.382026634673881,-0.03177803692914829,0.0164880082011222,0.43491645301471715,0.13924050632911392,0.6582278481012658,0.20253164556962025
2022-01-27,ETH,22,3.1354942159291497,0.23481632075907494,0.19821881409734488,0.407973027636958,0.2727272727272727,0.6818181818181818,0.045454545454545456
2022-01-28,BTC,73,4.30406509320417,-0.01020660817189372,0.0208060331642627,0.4289578891023672,0.1232876712328767,0.7123287671232876,0.1643835616438356
2022-01-28,ETH,18,2.9444389791664403,0.002351353035515381,0.00701306760311125,0.4400589187842301,0.16666666666666666,0.6111111111111112,0.2222222222222222
2022-01-29,BTC,70,4.2626798770413155,-0.021315018107582417,0.02254268247634165,0.44622903070299846,0.12857142857142856,0.6857142857142857,0.18571428571428572
2022-01-29,ETH,11,2.4849066497880004,-0.09901572768153115,0.0557276047766208,0.5715508772429878,0.18181818181818182,0.45454545454545453,0.36363636363636365
2022-01-30,BTC,68,4.23410650459726,0.03627678636214969,0.054898818954825346,0.4198641752283257,0.17647058823529413,0.6470588235294118,0.17647058823529413
2022-01-30,ETH,20,3.044522437723423,-0.007815114187542363,0.05776848085224624,0.4235583341536747,0.05,0.7,0.25
2022-01-31,BTC,66,4.204692619390966,-0.023094079506611735,0.03698770981281995,0.4681524808979759,0.16666666666666666,0.6060606060606061,0.22727272727272727
2022-01-31,ETH,21,3.091042453358316,-0.12441521596961788,-0.032358594238758,0.4396819295658014,0.047619047619047616,0.7142857142857143,0.23809523809523808
2022-02-01,BTC,81,4.406719247264253,0.02220707731091497,0.0508964182808995,0.4290234033838221,0.14814814814814814,0.6790123456790124,0.1728395061728395
2022-02-01,ETH,26,3.295836866004329,0.02451111244646687,0.0716349091380834,0.3194595140940673,0.07692307692307693,0.8076923076923077,0.11538461538461539
2022-02-02,BTC,72,4.290459441148391,0.011220949464283566,0.026180304586887353,0.3705043634565719,0.08333333333333333,0.8055555555555556,0.1111111111111111
2022-02-02,ETH,20,3.044522437723423,-0.03261342968326062,0.00608853250741955,0.5053515780656969,0.15,0.65,0.2
2022-02-03,BTC,67,4.219507705176107,0.02529701886788956,0.0458427872508764,0.4483584485152073,0.1791044776119403,0.6417910447761194,0.1791044776119403
2022-02-03,ETH,24,3.2188758248682006,-0.09733380196848884,-0.0045791678130626505,0.36007066901583457,0.0,0.875,0.125
2022-02-04,BTC,76,4.343805421853684,0.036298704367302544,0.03509378433227535,0.4440748998141149,0.2236842105263158,0.5921052631578947,0.18421052631578946
2022-02-04,ETH,13,2.6390573296152584,-0.23671939045799753,-0.2570806965231895,0.5038628283418023,0.07692307692307693,0.5384615384615384,0.38461538461538464
2022-02-05,BTC,71,4.276666119016055,-0.017091938720779933,0.0063773691654205,0.42636773004352685,0.14084507042253522,0.6901408450704225,0.16901408450704225
2022-02-05,ETH,13,2.6390573296152584,-0.001030073501169675,-0.0460505932569503,0.45178019547860904,0.15384615384615385,0.6153846153846154,0.23076923076923078
2022-02-06,BTC,57,4.060443010546419,0.09397173344909228,0.1138994060456752,0.4981322728324861,0.24561403508771928,0.5614035087719298,0.19298245614035087
2022-02-06,ETH,19,2.995732273553991,0.041656321870457175,0.0584328677505254,0.3943031237353531,0.15789473684210525,0.6842105263157895,0.15789473684210525
2022-02-07,BTC,88,4.48863636973214,0.141272600234846,0.07857093028724191,0.43680636573018816,0.22727272727272727,0.6704545454545454,0.10227272727272728
2022-02-07,ETH,16,2.833213344056216,0.013824454741552472,0.029628771822899552,0.4740976764755385,0.1875,0.5625,0.25
2022-02-08,BTC,58,4.07753744390572,-0.014904550862787615,-0.05127036385238165,0.4526975687426528,0.1724137931034483,0.6379310344827587,0.1896551724137931
2022-02-08,ETH,34,3.5553480614894135,-0.057204727754544694,0.018622882664203602,0.40933945726690396,0.058823529411764705,0.7647058823529411,0.17647058823529413
2022-02-09,BTC,73,4.30406509320417,0.0853005329478685,0.0753224757499992,0.3933216525705978,0.1506849315068493,0.7671232876712328,0.0821917808219178
2022-02-09,ETH,23,3.1780538303479458,-0.04129028794072244,-0.0013431832194328,0.37368989615632303,0.043478260869565216,0.8260869565217391,0.13043478260869565
2022-02-10,BTC,96,4.574710978503383,-0.018450709614019924,0.014328634366392999,0.47497588398040835,0.15625,0.6458333333333334,0.19791666666666666
2022-02-10,ETH,25,3.258096538021482,0.012627787981182335,0.0317559763789176,0.3605055460875759,0.12,0.76,0.12
2022-02-11,BTC,64,4.174387269895637,0.03553519602974119,0.06627090554684395,0.4294442360392321,0.171875,0.671875,0.15625
2022-02-11,ETH,22,3.1354942159291497,-0.11327823899178342,-0.01383891794830555,0.3547695826198516,0.045454545454545456,0.7272727272727273,0.22727272727272727
2022-02-12,BTC,49,3.912023005428146,0.030518115916270377,0.0462484154850244,0.44503091237783565,0.1836734693877551,0.673469387755102,0.14285714285714285
2022-02-12,ETH,6,1.9459101490553132,0.4804447434726171,0.40285327285528183,0.3872337391814842,0.3333333333333333,0.6666666666666666,0.0
2022-02-13,BTC,56,4.04305126783455,-0.010717081525529335,0.0344563908874988,0.46360901148030526,0.125,0.6607142857142857,0.21428571428571427
2022-02-13,ETH,15,2.772588722239781,-0.07647080974032482,0.0052538327872753,0.40396287987244206,0.06666666666666667,0.6666666666666666,0.26666666666666666
2022-02-14,BTC,62,4.143134726391533,0.06093980259667601,0.0418100147508084,0.47871929544770475,0.20967741935483872,0.6290322580645161,0.16129032258064516
2022-02-14,ETH,16,2.833213344056216,0.1829162014182657,0.09733203984797001,0.3092762285125298,0.1875,0.8125,0.0
2022-02-15,BTC,91,4.5217885770490405,-0.027861769590015115,0.0215948782861232,0.3806856614657203,0.0989010989010989,0.7582417582417582,0.14285714285714285
2022-02-15,ETH,22,3.1354942159291497,0.06527666362870314,0.08751837071031329,0.5139522971034844,0.22727272727272727,0.5454545454545454,0.22727272727272727
2022-02-16,BTC,73,4.30406509320417,-0.006754899598428452,0.0160855706781148,0.4413904907734876,0.1232876712328767,0.7397260273972602,0.136986301369863
2022-02-16,ETH,28,3.367295829986474,0.04119210908954431,0.04472300596535205,0.3772353138775055,0.10714285714285714,0.75,0.14285714285714285
2022-02-17,BTC,78,4.3694478524670215,-0.014591139278565656,0.0022262036800385007,0.45078821685877246,0.16666666666666666,0.6538461538461539,0.1794871794871795
2022-02-17,ETH,15,2.772588722239781,0.17791031178397435,0.0766136068850755,0.36435556810468744,0.2,0.7333333333333333,0.06666666666666667
2022-02-18,BTC,68,4.23410650459726,-0.08210834676933969,-0.02831991761922835,0.4316289872950627,0.10294117647058823,0.6617647058823529,0.23529411764705882
2022-02-18,ETH,14,2.70805020110221,-0.08911922657197076,-0.0106751061975956,0.4099370571669718,0.14285714285714285,0.5714285714285714,0.2857142857142857
2022-02-19,BTC,69,4.248495242049359,-0.06690413172127328,-0.0235594417899847,0.44886272739179534,0.13043478260869565,0.6086956521739131,0.2608695652173913
2022-02-19,ETH,13,2.6390573296152584,0.17432953084174255,0.1884436882100999,0.5033063531640266,0.38461538461538464,0.46153846153846156,0.15384615384615385
2022-02-20,BTC,60,4.110873864173311,-0.05945049080764876,0.01132539287209505,0.4346346565135886,0.1,0.75,0.15
2022-02-20,ETH,14,2.70805020110221,0.023608213456879766,0.004967700690031052,0.4243084448479489,0.14285714285714285,0.7142857142857143,0.14285714285714285
2022-02-21,BTC,72,4.290459441148391,-0.005117037854183255,0.0108440909534692,0.43353249830009105,0.16666666666666666,0.6388888888888888,0.19444444444444445
2022-02-21,ETH,19,2.995732273553991,-0.019997033940039974,0.0389767996966838,0.4395136230855504,0.15789473684210525,0.5789473684210527,0.2631578947368421
2022-02-22,BTC,72,4.290459441148391,-0.018047600122776612,0.03275798307731745,0.45558935298047387,0.1388888888888889,0.6388888888888888,0.2222222222222222
2022-02-22,ETH,21,3.091042453358316,-0.010210935248150718,0.0186016261577606,0.44042049035313674,0.14285714285714285,0.7142857142857143,0.14285714285714285
2022-02-23,BTC,59,4.0943445622221,-0.0027760040543784096,0.033646666444838,0.3955597809285897,0.13559322033898305,0.6779661016949152,0.1864406779661017
2022-02-23,ETH,19,2.995732273553991,-0.014048810337523122,0.0715927351266145,0.2871762821210428,0.0,0.8421052631578947,0.15789473684210525
2022-02-24,BTC,71,4.276666119016055,-0.16807007213110026,-0.2064087577164173,0.4058675675815587,0.09859154929577464,0.5915492957746479,0.30985915492957744
2022-02-24,ETH,13,2.6390573296152584,-0.03489828781368069,0.1159060867503285,0.39673950488758747,0.15384615384615385,0.6923076923076923,0.15384615384615385
2022-02-25,BTC,69,4.248495242049359,0.029208315671354092,0.0397386066615581,0.42568155973014243,0.13043478260869565,0.7246376811594203,0.14492753623188406
2022-02-25,ETH,16,2.833213344056216,0.036743965145433315,0.058272181078791604,0.39926784130528215,0.125,0.75,0.125
2022-02-26,BTC,51,3.9512437185814275,-0.0014093732096108764,-0.0004192702472209,0.45258785277080554,0.13725490196078433,0.6862745098039216,0.17647058823529413
2022-02-26,ETH,20,3.044522437723423,0.13287853156216442,0.10467132902704174,0.5331660084171631,0.3,0.45,0.25
2022-02-27,BTC,47,3.871201010907891,-0.04886355795005851,-0.0608614087104797,0.4345484143935029,0.1276595744680851,0.7021276595744681,0.1702127659574468
2022-02-27,ETH,9,2.302585092994046,0.13761709614967305,0.0951613532379269,0.5808377344914286,0.2222222222222222,0.6666666666666666,0.1111111111111111
2022-02-28,BTC,91,4.5217885770490405,-0.11061230127106082,-0.0979836117476224,0.4361318913332074,0.10989010989010989,0.6593406593406593,0.23076923076923078
2022-02-28,ETH,16,2.833213344056216,-0.07438925192400347,0.0009889523498713554,0.4077802174762798,0.0625,0.625,0.3125
2022-03-01,BTC,79,4.382026634673881,-0.007805496168358232,0.0431513516232371,0.43135478975885216,0.1518987341772152,0.6835443037974683,0.16455696202531644
2022-03-01,ETH,22,3.1354942159291497,0.10631353847301481,0.14751847833395,0.5176566922358684,0.2727272727272727,0.5,0.22727272727272727
2022-03-02,BTC,74,4.31748811353631,-0.03375526924925932,-0.00990056246519085,0.3850724336905505,0.0945945945945946,0.7567567567567568,0.14864864864864866
2022-03-02,ETH,21,3.091042453358316,0.050047336556460875,0.029409484937787,0.442210452442693,0.09523809523809523,0.7619047619047619,0.14285714285714285
2022-03-03,BTC,65,4.189654742026425,-0.011936015411853226,-0.0349788218736648,0.4543725147167953,0.15384615384615385,0.6461538461538462,0.2
2022-03-03,ETH,21,3.091042453358316,-0.14544328288840397,-0.0049985013902187,0.381991800780424,0.047619047619047616,0.7142857142857143,0.23809523809523808
2022-03-04,BTC,52,3.970291913552122,-0.07232277230538714,0.0015212632715701996,0.37390567553544324,0.07692307692307693,0.7115384615384616,0.21153846153846154
2022-03-04,ETH,17,2.8903717578961645,-0.09812801268280429,0.0088510569185018,0.4564752086365034,0.058823529411764705,0.7058823529411765,0.23529411764705882
2022-03-05,BTC,36,3.6109179126442243,-0.03714465379663227,0.0185398268513381,0.4453493506908798,0.1111111111111111,0.6666666666666666,0.2222222222222222
2022-03-05,ETH,11,2.4849066497880004,0.1013445553623817,0.0323279574513435,0.37112583157353846,0.18181818181818182,0.8181818181818182,0.0
2022-03-06,BTC,47,3.871201010907891,0.033734119720162534,0.0534683605656027,0.44163778240742796,0.1702127659574468,0.7021276595744681,0.1276595744680851
2022-03-06,ETH,12,2.5649493574615367,0.01690713345305992,0.0379890901967883,0.3842008302552633,0.08333333333333333,0.8333333333333334,0.08333333333333333
2022-03-07,BTC,60,4.110873864173311,-0.03297358868488421,0.01631859131157395,0.44776482999810535,0.15,0.6,0.25
2022-03-07,ETH,19,2.995732273553991,0.13085085591056236,0.079783970490098,0.3164893302853628,0.21052631578947367,0.7368421052631579,0.05263157894736842
2022-03-08,BTC,57,4.060443010546419,-0.03957009113704166,0.0105436965823173,0.39412702269903394,0.12280701754385964,0.7368421052631579,0.14035087719298245
2022-03-08,ETH,19,2.995732273553991,0.1422670049911463,0.1289320727810263,0.4562257334163262,0.2631578947368421,0.631578947368421,0.10526315789473684
2022-03-09,BTC,79,4.382026634673881,-0.014822626424528942,-0.0057052988559007,0.40260864752024567,0.13924050632911392,0.7215189873417721,0.13924050632911392
2022-03-09,ETH,21,3.091042453358316,0.07366066207621422,0.0571221336722373,0.36130619721277085,0.19047619047619047,0.7142857142857143,0.09523809523809523
2022-03-10,BTC,72,4.290459441148391,0.02032577763182214,0.0314758010208606,0.4445008924953961,0.16666666666666666,0.6388888888888888,0.19444444444444445
2022-03-10,ETH,20,3.044522437723423,0.042525680747348804,0.07377862697467205,0.3431386320525795,0.1,0.8,0.1
2022-03-11,BTC,65,4.189654742026425,-0.09663803469962799,-0.0643738135695457,0.40667222289947036,0.09230769230769231,0.6923076923076923,0.2153846153846154
2022-03-11,ETH,21,3.091042453358316,-0.12227502440856326,-0.116108613088727,0.4227088157582057,0.047619047619047616,0.7142857142857143,0.23809523809523808
2022-03-12,BTC,49,3.912023005428146,-0.10932150098723264,-0.0187974646687507,0.4377198314060773,0.08163265306122448,0.6938775510204082,0.22448979591836735
2022-03-12,ETH,12,2.5649493574615367,0.052848070995726935,0.049595058895647505,0.4460862201280269,0.16666666666666666,0.6666666666666666,0.16666666666666666
2022-03-13,BTC,56,4.04305126783455,0.03388289620384707,0.03143391758203505,0.44224303033810447,0.19642857142857142,0.6785714285714286,0.125
2022-03-13,ETH,15,2.772588722239781,0.05261671120921769,0.1398336300626397,0.2661172374029575,0.0,0.9333333333333333,0.06666666666666667
2022-03-14,BTC,58,4.07753744390572,0.029888377536955314,0.06893752003088591,0.3955842852821805,0.08620689655172414,0.7931034482758621,0.1206896551724138
2022-03-14,ETH,21,3.091042453358316,0.13124919852374917,0.0777740180492401,0.40257000367901435,0.14285714285714285,0.8095238095238095,0.047619047619047616
2022-03-15,BTC,58,4.07753744390572,0.09949324385600228,0.0907267220318317,0.40143807528097486,0.15517241379310345,0.6896551724137931,0.15517241379310345
2022-03-15,ETH,18,2.9444389791664403,0.09399899690308504,0.08876016526482995,0.3683986643950703,0.1111111111111111,0.8333333333333334,0.05555555555555555
2022-03-16,BTC,65,4.189654742026425,-0.026182017468202586,0.0247027929872274,0.3604046069720179,0.09230769230769231,0.7538461538461538,0.15384615384615385
2022-03-16,ETH,23,3.1780538303479458,0.17161919441802995,0.1847949307411909,0.41697183157230794,0.2608695652173913,0.6521739130434783,0.08695652173913043
2022-03-17,BTC,77,4.356708826689592,0.06041183256749788,0.0718635879456996,0.48098485410585673,0.2077922077922078,0.5974025974025974,0.19480519480519481
2022-03-17,ETH,18,2.9444389791664403,0.022559349864928264,-0.0380137152969837,0.48426976821893813,0.2222222222222222,0.5555555555555556,0.2222222222222222
2022-03-18,BTC,49,3.912023005428146,-0.0009958120775694233,0.0383016057312488,0.4369184394749922,0.14285714285714285,0.6938775510204082,0.16326530612244897
2022-03-18,ETH,25,3.258096538021482,0.20173210066743194,0.1137518212199211,0.4472189941873809,0.24,0.64,0.12
2022-03-19,BTC,44,3.8066624897703196,-0.0018276179325766963,0.0208014110103249,0.45978324306951807,0.1590909090909091,0.7045454545454546,0.13636363636363635
2022-03-19,ETH,11,2.4849066497880004,0.09324394335800949,0.0469397455453872,0.2727748227417932,0.09090909090909091,0.9090909090909091,0.0
2022-03-20,BTC,36,3.6109179126442243,-0.08674403749561559,-0.03347807191312305,0.37596588791423635,0.1111111111111111,0.7222222222222222,0.16666666666666666
2022-03-20,ETH,12,2.5649493574615367,-0.12700757997420928,-0.0607643513940275,0.442323854016777,0.08333333333333333,0.6666666666666666,0.25
2022-03-21,BTC,58,4.07753744390572,0.08973875709664847,0.05125052807852625,0.43610903222151864,0.1896551724137931,0.7068965517241379,0.10344827586206896
2022-03-21,ETH,16,2.833213344056216,-0.21649640896066558,-0.21606724429875612,0.39329539110109657,0.0625,0.5625,0.375
2022-03-22,BTC,51,3.9512437185814275,0.01121903018678958,0.0404291292652487,0.43159957938772275,0.1568627450980392,0.7058823529411765,0.13725490196078433
2022-03-22,ETH,17,2.8903717578961645,0.2993776675806764,0.281267930753529,0.5050502061930197,0.4117647058823529,0.47058823529411764,0.11764705882352941
2022-03-23,BTC,56,4.04305126783455,-0.07578344372866143,0.04125474952161305,0.43632151350562365,0.08928571428571429,0.7142857142857143,0.19642857142857142
2022-03-23,ETH,17,2.8903717578961645,0.02298601056613466,0.0036661028861999,0.489582968174667,0.23529411764705882,0.6470588235294118,0.11764705882352941
2022-03-24,BTC,54,4.007333185232471,-0.018508592374726313,0.028689266182482152,0.43042489038784704,0.14814814814814814,0.6666666666666666,0.18518518518518517
2022-03-24,ETH,11,2.4849066497880004,-0.053710994649339816,0.0464232992380857,0.446638712959532,0.09090909090909091,0.6363636363636364,0.2727272727272727
2022-03-25,BTC,62,4.143134726391533,-0.06243238242853793,-0.0123079270124435,0.42953198234908635,0.11290322580645161,0.6774193548387096,0.20967741935483872
2022-03-25,ETH,15,2.772588722239781,0.1926221083694448,0.140588829293847,0.5204554652775126,0.4,0.5333333333333333,0.06666666666666667
2022-03-26,BTC,49,3.912023005428146,-0.006160640775473151,0.0368633046746254,0.42755545617743507,0.14285714285714285,0.6530612244897959,0.20408163265306123
2022-03-26,ETH,11,2.4849066497880004,-0.1268602661703798,-0.2544034458696842,0.5361401361801675,0.18181818181818182,0.45454545454545453,0.36363636363636365
2022-03-27,BTC,45,3.828641396489095,-0.04235261461904479,-0.0063375122845172,0.45263705463802034,0.13333333333333333,0.7111111111111111,0.15555555555555556
2022-03-27,ETH,13,2.6390573296152584,-0.19778378452890769,-0.1135185062885284,0.48619657277797945,0.07692307692307693,0.46153846153846156,0.46153846153846156
2022-03-28,BTC,71,4.276666119016055,-0.0010174241057977578,0.0131267271935939,0.5076001603506487,0.19718309859154928,0.5633802816901409,0.23943661971830985
2022-03-28,ETH,18,2.9444389791664403,0.0942657103296369,0.10104637965559954,0.38399641010598345,0.16666666666666666,0.7222222222222222,0.1111111111111111
2022-03-29,BTC,71,4.276666119016055,-0.06927854638927106,0.0337413549423217,0.4675691703206114,0.11267605633802817,0.6338028169014085,0.2535211267605634
2022-03-29,ETH,18,2.9444389791664403,0.04718152513831026,0.0212107449769973,0.318766158585085,0.16666666666666666,0.7777777777777778,0.05555555555555555
2022-03-30,BTC,59,4.0943445622221,-0.09458878831898446,-0.0095153041183948,0.42967275418963835,0.05084745762711865,0.6779661016949152,0.2711864406779661
2022-03-30,ETH,19,2.995732273553991,0.14422986971361465,0.142196150496602,0.4871024169586149,0.2631578947368421,0.631578947368421,0.10526315789473684
2022-03-31,BTC,75,4.330733340286331,-0.029277808250238502,0.0011711008846759,0.5117996614738488,0.17333333333333334,0.5733333333333334,0.25333333333333335
2022-03-31,ETH,24,3.2188758248682006,-0.009046705924750625,0.00638797320425505,0.5066627484087528,0.16666666666666666,0.5833333333333334,0.25
2022-04-01,BTC,63,4.1588830833596715,0.01281767052095678,0.0538243055343627,0.39873940723404594,0.07936507936507936,0.7777777777777778,0.14285714285714285
2022-04-01,ETH,18,2.9444389791664403,-0.05951172571318845,-0.1575747616589069,0.591485105284875,0.2222222222222222,0.3888888888888889,0.3888888888888889
2022-04-02,BTC,57,4.060443010546419,-0.041532781154832304,0.0204895604401826,0.4058070046389668,0.14035087719298245,0.7017543859649122,0.15789473684210525
2022-04-02,ETH,12,2.5649493574615367,-0.1449346188843871,-0.09125732444226736,0.3737817722026972,0.08333333333333333,0.6666666666666666,0.25
2022-04-03,BTC,50,3.9318256327243257,0.04023076540092006,0.0579241579398512,0.4949326884767613,0.2,0.6,0.2
2022-04-03,ETH,11,2.4849066497880004,0.067317851819098,0.0433967281132936,0.4335667894784621,0.18181818181818182,0.7272727272727273,0.09090909090909091
2022-04-04,BTC,60,4.110873864173311,0.05394017569487914,0.0625451486557722,0.47032158506274707,0.18333333333333332,0.65,0.16666666666666666
2022-04-04,ETH,21,3.091042453358316,0.10231360862962899,0.0707420948892831,0.39833154021821476,0.14285714285714285,0.8095238095238095,0.047619047619047616
2022-04-05,BTC,54,4.007333185232471,0.10830072627006168,0.064771587960422,0.41599075062681634,0.16666666666666666,0.7222222222222222,0.1111111111111111
2022-04-05,ETH,19,2.995732273553991,-0.09617945966065715,-0.038060687482357,0.5278494864995968,0.15789473684210525,0.5263157894736842,0.3157894736842105
2022-04-06,BTC,65,4.189654742026425,-0.021779700096410053,-0.0360279902815818,0.4695825683359794,0.16923076923076924,0.6307692307692307,0.2
2022-04-06,ETH,22,3.1354942159291497,0.12679583266038785,0.1034214023966342,0.29619849959410294,0.09090909090909091,0.8636363636363636,0.045454545454545456
2022-04-07,BTC,80,4.394449154672439,0.14752757473033853,0.1209548488259315,0.39255571081170426,0.2,0.6875,0.1125
2022-04-07,ETH,24,3.2188758248682006,0.16337242089988044,0.10391325107775624,0.46151153308676585,0.25,0.6666666666666666,0.08333333333333333
2022-04-08,BTC,83,4.430816798843313,-0.008560730211706054,0.008623294532299,0.48107689111309254,0.1566265060240964,0.6024096385542169,0.24096385542168675
2022-04-08,ETH,15,2.772588722239781,-0.1058454263334473,-0.1015547700226306,0.45434113656104697,0.13333333333333333,0.6666666666666666,0.2
2022-04-09,BTC,41,3.7376696182833684,0.11781538211990418,0.1210438124835491,0.42532916862843395,0.17073170731707318,0.7317073170731707,0.0975609756097561
2022-04-09,ETH,16,2.833213344056216,0.07132562546757981,0.0622391100041568,0.3679078695962951,0.1875,0.6875,0.125
2022-04-10,BTC,40,3.713572066704308,0.03030823248263914,0.04509632801637049,0.4301923689719195,0.15,0.675,0.175
2022-04-10,ETH,8,2.1972245773362196,-0.13691323867533356,-0.1175796836614608,0.2444271106610531,0.0,0.875,0.125
2022-04-11,BTC,71,4.276666119016055,-0.023447886879988753,0.0269910246133804,0.4679921442639145,0.14084507042253522,0.6619718309859155,0.19718309859154928
2022-04-11,ETH,20,3.044522437723423,0.10968801777344195,0.09619274991564444,0.4324523714411077,0.15,0.7,0.15
2022-04-12,BTC,74,4.31748811353631,-0.023410996906711043,0.02827962487936015,0.3868801608422326,0.12162162162162163,0.7297297297297297,0.14864864864864866
2022-04-12,ETH,19,2.995732273553991,0.10566566926182101,0.0736166397109627,0.5184404021427284,0.21052631578947367,0.631578947368421,0.15789473684210525
2022-04-13,BTC,68,4.23410650459726,-0.12605013869196066,-0.0518770609050989,0.4551939542862243,0.11764705882352941,0.5588235294117647,0.3235294117647059
2022-04-13,ETH,16,2.833213344056216,0.03226344793802125,0.04262145236134525,0.5003813892778333,0.25,0.5,0.25
2022-04-14,BTC,87,4.477336814478207,0.03798425841230856,0.0456554237753152,0.4251698666806044,0.1839080459770115,0.6666666666666666,0.14942528735632185
2022-04-14,ETH,12,2.5649493574615367,0.005972173355985437,-0.022482501342892654,0.4229911659481946,0.16666666666666666,0.75,0.08333333333333333
2022-04-15,BTC,60,4.110873864173311,-0.009843345838210858,0.04618998803198335,0.4304405222575726,0.11666666666666667,0.7,0.18333333333333332
2022-04-15,ETH,14,2.70805020110221,0.13589614784411555,0.14894883381202814,0.39635536647561703,0.21428571428571427,0.7857142857142857,0.0
2022-04-16,BTC,32,3.4965075614664802,0.00044925119436809574,0.02153785992413755,0.4379466342221014,0.125,0.75,0.125
2022-04-16,ETH,6,1.9459101490553132,0.19363964046351612,0.23086020397022367,0.3657342799475695,0.16666666666666666,0.8333333333333334,0.0
2022-04-17,BTC,50,3.9318256327243257,0.028939508781768382,0.019359707832336398,0.47339945504966363,0.18,0.66,0.16
2022-04-17,ETH,9,2.302585092994046,-0.14462829815844694,0.0056427922099828,0.25760475326884796,0.0,0.8888888888888888,0.1111111111111111
2022-04-18,BTC,38,3.6635616461296463,-0.050760182919666955,0.00911977887153625,0.5030860992264502,0.18421052631578946,0.5789473684210527,0.23684210526315788
2022-04-18,ETH,9,2.302585092994046,-0.06421556820472081,-0.0837384052574634,0.40459286823323126,0.1111111111111111,0.6666666666666666,0.2222222222222222
2022-04-19,BTC,52,3.970291913552122,0.1300481710394916,0.0897452041972428,0.3952347379538958,0.19230769230769232,0.7115384615384616,0.09615384615384616
2022-04-19,ETH,16,2.833213344056216,0.05909084646555128,0.05487761273980135,0.3102514124014183,0.125,0.8125,0.0625
2022-04-20,BTC,50,3.9318256327243257,-0.06628154752776028,0.0227946490049362,0.408085429164051,0.1,0.66,0.24
2022-04-20,ETH,9,2.302585092994046,0.09766146985607015,0.1380771952681243,0.4490567589155008,0.2222222222222222,0.5555555555555556,0.2222222222222222
2022-04-21,BTC,63,4.1588830833596715,0.07803438743576406,0.0619664117693901,0.4234947297369809,0.1746031746031746,0.7142857142857143,0.1111111111111111
2022-04-21,ETH,11,2.4849066497880004,0.08412311306561931,0.0965862609446048,0.2557552989173475,0.0,1.0,0.0
2022-04-22,BTC,52,3.970291913552122,-0.07055786491568702,-0.06960400938987725,0.42612791328610283,0.11538461538461539,0.6153846153846154,0.2692307692307692
2022-04-22,ETH,11,2.4849066497880004,0.0906952976841818,0.0897580496966838,0.3539917067574461,0.18181818181818182,0.7272727272727273,0.09090909090909091
2022-04-23,BTC,36,3.6109179126442243,0.03073010935137668,0.0253428751602768,0.4671062484391846,0.16666666666666666,0.6388888888888888,0.19444444444444445
2022-04-23,ETH,5,1.791759469228055,0.3970945567823946,0.518158670514822,0.20842087851037355,0.6,0.4,0.0
2022-04-24,BTC,42,3.7612001156935624,-0.00969189067282493,0.02206119336187835,0.36297727295839005,0.09523809523809523,0.7857142857142857,0.11904761904761904
2022-04-24,ETH,7,2.0794415416798357,0.06414719527986432,0.2026696316897869,0.6543656303719043,0.2857142857142857,0.42857142857142855,0.2857142857142857
2022-04-25,BTC,46,3.8501476017100584,0.006832387470437768,0.06471421150490635,0.4224132551306914,0.08695652173913043,0.7391304347826086,0.17391304347826086
2022-04-25,ETH,15,2.772588722239781,-0.011956400641550643,0.0140955671668052,0.43608987659810666,0.06666666666666667,0.7333333333333333,0.2
2022-04-26,BTC,48,3.8918202981106265,0.0458619066387958,0.10534985805861645,0.38319699303954263,0.0625,0.8333333333333334,0.10416666666666667
2022-04-26,ETH,15,2.772588722239781,0.0065241400462885775,-0.0600520558655262,0.5006187509565222,0.2,0.6,0.2
2022-04-27,BTC,66,4.204692619390966,0.07523030523126097,0.0935882818885147,0.44475412736702535,0.19696969696969696,0.6515151515151515,0.15151515151515152
2022-04-27,ETH,15,2.772588722239781,0.05329296415050826,0.0295347599312663,0.39515807557589727,0.26666666666666666,0.6,0.13333333333333333
2022-04-28,BTC,49,3.912023005428146,0.05676682843180486,0.0619425838813185,0.3893820015831697,0.12244897959183673,0.7755102040816326,0.10204081632653061
2022-04-28,ETH,16,2.833213344056216,-0.06119679840048777,0.036954672075808,0.42210168396603487,0.0625,0.6875,0.25
2022-04-29,BTC,62,4.143134726391533,-0.09854687864501631,0.0126622766256332,0.3866143290297773,0.0967741935483871,0.6612903225806451,0.24193548387096775
2022-04-29,ETH,6,1.9459101490553132,0.0473700841733565,0.0139353089034557,0.3526851791083906,0.16666666666666666,0.8333333333333334,0.0
2022-04-30,BTC,41,3.7376696182833684,0.008536264981801909,0.0246470943093299,0.3848548225156015,0.12195121951219512,0.7804878048780488,0.0975609756097561
2022-04-30,ETH,14,2.70805020110221,-0.0481690375267395,-0.06408427748829121,0.3694298946779611,0.14285714285714285,0.6428571428571429,0.21428571428571427
2022-05-01,BTC,52,3.970291913552122,-0.07237534349909626,-0.0418837927281856,0.414446176627803,0.11538461538461539,0.6538461538461539,0.23076923076923078
2022-05-01,ETH,10,2.3978952727983707,-0.2786271348362789,-0.39460550155490637,0.5484028502470277,0.1,0.4,0.5
2022-05-02,BTC,51,3.9512437185814275,0.031700779729541016,0.0856272373348474,0.4825004917382842,0.21568627450980393,0.5686274509803921,0.21568627450980393
2022-05-02,ETH,12,2.5649493574615367,0.15370874411504096,0.08579236594960091,0.3141672277492366,0.16666666666666666,0.8333333333333334,0.0
2022-05-03,BTC,47,3.871201010907891,-0.0328078197929612,0.0576997566968202,0.43355513413238556,0.1276595744680851,0.6808510638297872,0.19148936170212766
2022-05-03,ETH,13,2.6390573296152584,0.28189305500843775,0.2094663754105568,0.45984928785072215,0.38461538461538464,0.5384615384615384,0.07692307692307693
2022-05-04,BTC,48,3.8918202981106265,0.0892561979223198,0.0786121282726526,0.44867042321786416,0.16666666666666666,0.7291666666666666,0.10416666666666667
2022-05-04,ETH,9,2.302585092994046,-0.3371911332425144,-0.4646599888801574,0.3039453394580086,0.0,0.4444444444444444,0.5555555555555556
2022-05-05,BTC,66,4.204692619390966,-0.03479104727033921,-0.0027230698615312,0.46201167768213847,0.15151515151515152,0.6515151515151515,0.19696969696969696
2022-05-05,ETH,15,2.772588722239781,-0.05392077798023821,-0.0639655515551567,0.4721831943678702,0.13333333333333333,0.6666666666666666,0.2
2022-05-06,BTC,58,4.07753744390572,-0.05941258345987519,-0.0140871554613113,0.39592908692368,0.06896551724137931,0.7931034482758621,0.13793103448275862
2022-05-06,ETH,10,2.3978952727983707,-0.06791635057888924,0.008244136348366751,0.37166532289919146,0.0,0.8,0.2
2022-05-07,BTC,42,3.7612001156935624,-0.07815290575603114,0.01559437531977885,0.4205091280477983,0.11904761904761904,0.6428571428571429,0.23809523809523808
2022-05-07,ETH,7,2.0794415416798357,0.07455848503325667,0.0758318677544593,0.45263294752375716,0.14285714285714285,0.7142857142857143,0.14285714285714285
2022-05-08,BTC,45,3.828641396489095,0.08668662228931984,0.055187739431858,0.444127687627108,0.2222222222222222,0.6888888888888889,0.08888888888888889
2022-05-08,ETH,11,2.4849066497880004,-0.19127572869712656,-0.1993916034698486,0.34393878145586076,0.0,0.7272727272727273,0.2727272727272727
2022-05-09,BTC,70,4.2626798770413155,0.014274102273131042,0.05838459171354765,0.42693204150594916,0.12857142857142856,0.7,0.17142857142857143
2022-05-09,ETH,7,2.0794415416798357,-0.15968109321381366,0.036354299634695,0.4956538132959837,0.14285714285714285,0.42857142857142855,0.42857142857142855
2022-05-10,BTC,56,4.04305126783455,0.00736652165817628,0.049041804391890695,0.4104794041525871,0.125,0.75,0.125
2022-05-10,ETH,13,2.6390573296152584,-0.14504006687695017,-0.3168642986565828,0.5386811171567688,0.15384615384615385,0.5384615384615384,0.3076923076923077
2022-05-11,BTC,84,4.442651256490317,0.011965521425563128,0.02426795568317175,0.47427105638050465,0.20238095238095238,0.5952380952380952,0.20238095238095238
2022-05-11,ETH,9,2.302585092994046,-0.25020692124962807,-0.2755522914230823,0.43809337610635796,0.1111111111111111,0.5555555555555556,0.3333333333333333
2022-05-12,BTC,113,4.736198448394496,-0.07563404756828945,-0.0354884564876556,0.4889514090487812,0.1415929203539823,0.6017699115044248,0.25663716814159293
2022-05-12,ETH,13,2.6390573296152584,0.043726564062615984,0.0760309686884284,0.45138516118180066,0.15384615384615385,0.6923076923076923,0.15384615384615385
2022-05-13,BTC,71,4.276666119016055,-0.12129080523802362,-0.0417052134871482,0.476653760283288,0.1267605633802817,0.5211267605633803,0.352112676056338
2022-05-13,ETH,8,2.1972245773362196,0.2708346850122325,0.08346031536348161,0.4338680989973614,0.375,0.625,0.0
2022-05-14,BTC,52,3.970291913552122,0.0020003689972397203,0.05578632652759545,0.4380936721765074,0.11538461538461539,0.7307692307692307,0.15384615384615385
2022-05-14,ETH,8,2.1972245773362196,0.053031087911222116,0.09739792160689825,0.5825731040457276,0.25,0.5,0.25
2022-05-15,BTC,51,3.9512437185814275,-0.09416511212019069,0.0096754133701324,0.43185585608496607,0.058823529411764705,0.6666666666666666,0.27450980392156865
2022-05-15,ETH,6,1.9459101490553132,-0.011630050527552782,0.0318397264927625,0.5034168755980835,0.16666666666666666,0.6666666666666666,0.16666666666666666
2022-05-16,BTC,63,4.1588830833596715,0.0005262139482453229,-0.0124261938035488,0.409537027491879,0.12698412698412698,0.7301587301587301,0.14285714285714285
2022-05-16,ETH,23,3.1780538303479458,0.01877129289483569,0.0485526844859123,0.33018516545344134,0.043478260869565216,0.8695652173913043,0.08695652173913043
2022-05-17,BTC,62,4.143134726391533,0.0017243913307245094,0.0635225891601294,0.36873869898997164,0.06451612903225806,0.8064516129032258,0.12903225806451613
2022-05-17,ETH,5,1.791759469228055,-0.12739129178225994,0.0031883716583251,0.5463596853704991,0.2,0.4,0.4
2022-05-18,BTC,57,4.060443010546419,0.07681184512840812,0.035884091630578,0.37168088759901646,0.14035087719298245,0.7719298245614035,0.08771929824561403
2022-05-18,ETH,12,2.5649493574615367,0.1342624909399698,0.1419820515438914,0.2842111121517636,0.08333333333333333,0.9166666666666666,0.0
2022-05-19,BTC,51,3.9512437185814275,0.1354596976957777,0.0881662145256996,0.4237625522609502,0.19607843137254902,0.6666666666666666,0.13725490196078433
2022-05-19,ETH,14,2.70805020110221,0.11345085054303383,0.1034627729095518,0.3933261376380596,0.14285714285714285,0.7142857142857143,0.14285714285714285
2022-05-20,BTC,55,4.02535169073515,-0.023168260358612646,-0.0213116034865379,0.4382422132806506,0.14545454545454545,0.6545454545454545,0.2
2022-05-20,ETH,10,2.3978952727983707,0.06380274100229141,0.048303907737135804,0.3663528601886678,0.1,0.8,0.1
2022-05-21,BTC,53,3.9889840465642745,-0.024639364020055475,0.0124597111716866,0.489261762144358,0.1509433962264151,0.6226415094339622,0.22641509433962265
2022-05-21,ETH,11,2.4849066497880004,0.2700014384886758,0.1013584099709987,0.45583818435061624,0.45454545454545453,0.45454545454545453,0.09090909090909091
2022-05-22,BTC,50,3.9318256327243257,0.14480597225716338,0.05401927419006815,0.5335441901713778,0.28,0.58,0.14
2022-05-22,ETH,10,2.3978952727983707,0.051192780584096896,0.0223867762833833,0.24061236748253007,0.1,0.9,0.0
2022-05-23,BTC,43,3.784189633918261,0.08828471347602992,0.0736192828044295,0.49735584368561914,0.2558139534883721,0.5581395348837209,0.18604651162790697
2022-05-23,ETH,12,2.5649493574615367,-0.12716189248021695,0.059018936008214895,0.3426324644841963,0.0,0.8333333333333334,0.16666666666666666
2022-05-24,BTC,61,4.127134385045092,-0.0074743262919612615,-0.0223497301340103,0.4490168539286706,0.14754098360655737,0.6557377049180327,0.19672131147540983
2022-05-24,ETH,12,2.5649493574615367,0.09161582065280527,0.06604650337249042,0.5254865801843327,0.25,0.6666666666666666,0.08333333333333333
2022-05-25,BTC,53,3.9889840465642745,0.1256600921986765,0.0776778813451528,0.4251828566784315,0.1509433962264151,0.7735849056603774,0.07547169811320754
2022-05-25,ETH,16,2.833213344056216,0.21000011198339052,0.0775007903575897,0.3608030571415864,0.1875,0.8125,0.0
2022-05-26,BTC,45,3.828641396489095,0.05378072302685016,0.0614675022661685,0.4057181903653481,0.13333333333333333,0.7555555555555555,0.1111111111111111
2022-05-26,ETH,14,2.70805020110221,-0.12891851189280196,0.025595908053219298,0.30038826627382986,0.0,0.8571428571428571,0.14285714285714285
2022-05-27,BTC,44,3.8066624897703196,0.02453004654539241,0.03397956490516655,0.4578778762375689,0.25,0.5909090909090909,0.1590909090909091
2022-05-27,ETH,12,2.5649493574615367,-0.061214476513365916,0.047594094648957204,0.5499815877014833,0.16666666666666666,0.5833333333333334,0.25
2022-05-28,BTC,32,3.4965075614664802,0.0845538353023585,0.06239181384444235,0.4620411702996622,0.1875,0.6875,0.125
2022-05-28,ETH,11,2.4849066497880004,0.1690817114537243,0.1692887730896473,0.5584615488532806,0.45454545454545453,0.45454545454545453,0.09090909090909091
2022-05-29,BTC,32,3.4965075614664802,-0.16924240699154325,-0.10461277142167086,0.43549964783022005,0.0625,0.625,0.3125
2022-05-29,ETH,5,1.791759469228055,0.059656677581369874,0.1069028638303279,0.4812896954069523,0.2,0.6,0.2
2022-05-30,BTC,42,3.7612001156935624,0.08963153765182055,0.09214735496789214,0.5071455530161714,0.21428571428571427,0.6190476190476191,0.16666666666666666
2022-05-30,ETH,17,2.8903717578961645,0.05296847588547012,0.0211178548634052,0.4023816921404851,0.11764705882352941,0.8235294117647058,0.058823529411764705
2022-05-31,BTC,49,3.912023005428146,0.09616715149307738,0.0788341667503118,0.48203470047241537,0.22448979591836735,0.6326530612244898,0.14285714285714285
2022-05-31,ETH,15,2.772588722239781,0.32009671040189763,0.3199671544134617,0.32436285954043625,0.4,0.6,0.0
2022-06-01,BTC,55,4.02535169073515,0.00760187665847214,0.046948567032814,0.4360569149493391,0.12727272727272726,0.6727272727272727,0.2
2022-06-01,ETH,17,2.8903717578961645,0.06919412661398597,-0.0712087005376815,0.4549915615376259,0.23529411764705882,0.7058823529411765,0.058823529411764705
2022-06-02,BTC,58,4.07753744390572,0.09326181681184417,0.06621272955089799,0.3929122179644677,0.20689655172413793,0.6896551724137931,0.10344827586206896
2022-06-02,ETH,15,2.772588722239781,-0.053574579472964,-0.0429840274155139,0.40924856780240965,0.13333333333333333,0.7333333333333333,0.13333333333333333
2022-06-03,BTC,55,4.02535169073515,-0.01229327946308663,0.0456711575388908,0.4042992166432099,0.09090909090909091,0.7636363636363637,0.14545454545454545
2022-06-03,ETH,12,2.5649493574615367,0.13857542185966545,0.056760951410979,0.4419530684253995,0.25,0.6666666666666666,0.08333333333333333
2022-06-04,BTC,35,3.58351893845611,-0.052364513018567656,0.0190990604460239,0.4797295827787262,0.11428571428571428,0.6,0.2857142857142857
2022-06-04,ETH,8,2.1972245773362196,-0.3031158613739535,-0.32843389455229044,0.271648516556914,0.0,0.75,0.25
2022-06-05,BTC,47,3.871201010907891,0.006242757048854166,0.0289813093841075,0.44923865451150385,0.1702127659574468,0.5957446808510638,0.23404255319148937
2022-06-05,ETH,6,1.9459101490553132,-0.059001995638633765,-0.04832001961767675,0.13619482252132084,0.0,1.0,0.0
2022-06-06,BTC,61,4.127134385045092,0.10195762399187096,0.0605663061141967,0.48672054052730473,0.2786885245901639,0.5737704918032787,0.14754098360655737
2022-06-06,ETH,10,2.3978952727983707,-0.15920530867297203,-0.0671537388116121,0.3572297659079205,0.0,0.7,0.3
2022-06-07,BTC,71,4.276666119016055,0.07744578275383567,0.1058208215981721,0.41989541595250873,0.15492957746478872,0.704225352112676,0.14084507042253522
2022-06-07,ETH,11,2.4849066497880004,0.30272957632868464,0.1584473568946123,0.3341870965864837,0.36363636363636365,0.6363636363636364,0.0
2022-06-08,BTC,55,4.02535169073515,0.04960941017436031,0.0580636598169803,0.4625581650364404,0.2,0.5818181818181818,0.21818181818181817
2022-06-08,ETH,15,2.772588722239781,0.3910545767207319,0.1204871460795402,0.38041734715183556,0.4666666666666667,0.5333333333333333,0.0
2022-06-09,BTC,54,4.007333185232471,0.15221886073791044,0.08446340635418885,0.5252513194861134,0.3148148148148148,0.5370370370370371,0.14814814814814814
2022-06-09,ETH,9,2.302585092994046,0.2151998193261938,0.0807860856875777,0.5807724052619507,0.4444444444444444,0.4444444444444444,0.1111111111111111
2022-06-10,BTC,46,3.8501476017100584,-0.031765050598946604,-0.003201561048626853,0.41535020453890537,0.10869565217391304,0.7608695652173914,0.13043478260869565
2022-06-10,ETH,7,2.0794415416798357,0.19452618155628443,0.1000857837498188,0.33453719269142235,0.14285714285714285,0.8571428571428571,0.0
2022-06-11,BTC,39,3.6888794541139363,-0.04253298456732853,-0.0441815108060836,0.4071154528724243,0.1282051282051282,0.6923076923076923,0.1794871794871795
2022-06-11,ETH,15,2.772588722239781,0.06068834050868948,0.1076718717813491,0.3941111357364362,0.2,0.7333333333333333,0.06666666666666667
2022-06-12,BTC,37,3.6375861597263857,-0.13611131095377782,-0.0102618560194969,0.502093361314345,0.13513513513513514,0.5405405405405406,0.32432432432432434
2022-06-12,ETH,6,1.9459101490553132,-0.10843701703318702,-0.14611243270337582,0.32351068136916156,0.0,0.6666666666666666,0.3333333333333333
2022-06-13,BTC,111,4.718498871295094,-0.12195167252122685,-0.1151856929063797,0.4811449166111277,0.17117117117117117,0.5405405405405406,0.2882882882882883
2022-06-13,ETH,14,2.70805020110221,0.015358660802511232,0.04060112964361905,0.4521546076312963,0.21428571428571427,0.6428571428571429,0.14285714285714285
2022-06-14,BTC,117,4.770684624465665,-0.10006740653059551,-0.0505783446133136,0.4709004838128542,0.1623931623931624,0.5726495726495726,0.26495726495726496
2022-06-14,ETH,8,2.1972245773362196,0.1067130125593394,0.035679080523550497,0.2644403039206091,0.125,0.875,0.0
2022-06-15,BTC,116,4.762173934797756,0.01443295700050055,0.02562032919377085,0.4778431391341084,0.19827586206896552,0.6206896551724138,0.1810344827586207
2022-06-15,ETH,18,2.9444389791664403,0.036376152730857314,0.061765497550368254,0.5134871059810268,0.2222222222222222,0.6111111111111112,0.16666666666666666
2022-06-16,BTC,76,4.343805421853684,0.0460290520262022,0.0444615418091416,0.48464448075665123,0.2236842105263158,0.5789473684210527,0.19736842105263158
2022-06-16,ETH,14,2.70805020110221,0.10612097221227093,0.11402296693995591,0.3005485344169921,0.07142857142857142,0.8571428571428571,0.07142857142857142
2022-06-17,BTC,82,4.418840607796598,-0.1468756573626817,-0.1024160264059901,0.41811240977977954,0.07317073170731707,0.6829268292682927,0.24390243902439024
2022-06-17,ETH,7,2.0794415416798357,0.008294816827401519,0.0040374398231506,0.46873000335435444,0.14285714285714285,0.7142857142857143,0.14285714285714285
2022-06-18,BTC,130,4.875197323201151,-0.14220694918543675,-0.12793940491974348,0.45238268807921433,0.11538461538461539,0.5846153846153846,0.3
2022-06-18,ETH,11,2.4849066497880004,0.2710430506320501,0.1435371115803718,0.47839808552178037,0.36363636363636365,0.5454545454545454,0.09090909090909091
2022-06-19,BTC,94,4.553876891600541,-0.06842785356368156,-0.07076113671064371,0.4809709995501197,0.14893617021276595,0.6170212765957447,0.23404255319148937
2022-06-19,ETH,13,2.6390573296152584,-0.02519858610601381,0.0139325335621833,0.3328207816964545,0.07692307692307693,0.8461538461538461,0.07692307692307693
2022-06-20,BTC,65,4.189654742026425,-0.004989748915585768,0.0165616869926452,0.4126380413466488,0.13846153846153847,0.6923076923076923,0.16923076923076924
2022-06-20,ETH,15,2.772588722239781,-0.060856441718836626,-0.0118012428283691,0.46758155883580665,0.13333333333333333,0.6,0.26666666666666666
2022-06-21,BTC,64,4.174387269895637,-0.00016248691099463378,0.05896629998460405,0.47436212980530906,0.1875,0.609375,0.203125
2022-06-21,ETH,16,2.833213344056216,0.022950031707296134,0.0394020513631403,0.5080591417215022,0.1875,0.625,0.1875
2022-06-22,BTC,57,4.060443010546419,-0.04577152503719718,0.0217249616980552,0.411715845547451,0.10526315789473684,0.7368421052631579,0.15789473684210525
2022-06-22,ETH,18,2.9444389791664403,-0.04781231515678682,0.036053442396223497,0.4828023036976029,0.2222222222222222,0.5,0.2777777777777778
2022-06-23,BTC,69,4.248495242049359,0.08767238830256721,0.0686407713219523,0.4548844289280004,0.18840579710144928,0.6811594202898551,0.13043478260869565
2022-06-23,ETH,11,2.4849066497880004,0.01858319287103686,0.0454778401181101,0.41884117007252286,0.09090909090909091,0.7272727272727273,0.18181818181818182
2022-06-24,BTC,49,3.912023005428146,0.037171838106587515,0.0518338158726692,0.3934718563936857,0.16326530612244897,0.7346938775510204,0.10204081632653061
2022-06-24,ETH,8,2.1972245773362196,0.28484677578671835,0.11246916302479801,0.40585670254035655,0.25,0.75,0.0
2022-06-25,BTC,36,3.6109179126442243,-0.02732418800911143,0.015103196725249301,0.5033527650024848,0.2222222222222222,0.5277777777777778,0.25
2022-06-25,ETH,7,2.0794415416798357,-0.05096208969397204,-0.0281266905367374,0.4613516216382897,0.14285714285714285,0.7142857142857143,0.14285714285714285
2022-06-26,BTC,41,3.7376696182833684,0.11041955515265284,0.0604729047045111,0.5044310066408163,0.2682926829268293,0.6341463414634146,0.0975609756097561
2022-06-26,ETH,8,2.1972245773362196,-0.08032146678306162,-0.0530933383852243,0.4949699658905099,0.125,0.625,0.25
2022-06-27,BTC,60,4.110873864173311,-0.02604158783409125,0.059560725931078154,0.45083446841584723,0.11666666666666667,0.6666666666666666,0.21666666666666667
2022-06-27,ETH,17,2.8903717578961645,0.0984811765853973,0.0975180454552173,0.3022318793246607,0.11764705882352941,0.8235294117647058,0.058823529411764705
2022-06-28,BTC,62,4.143134726391533,-0.052438108306828775,0.01972965756431215,0.4607112693343649,0.14516129032258066,0.6290322580645161,0.22580645161290322
2022-06-28,ETH,19,2.995732273553991,0.05318503260710522,0.0528179686516523,0.312997799302412,0.15789473684210525,0.8421052631578947,0.0
2022-06-29,BTC,51,3.9512437185814275,0.04376665554831133,0.0621102536097168,0.3813799458455142,0.17647058823529413,0.7254901960784313,0.09803921568627451
2022-06-29,ETH,7,2.0794415416798357,-0.1276364979733314,0.0012982860207557,0.3453842958664377,0.14285714285714285,0.5714285714285714,0.2857142857142857
2022-06-30,BTC,88,4.48863636973214,-0.0704265671335055,-0.01746042072772975,0.47756228797728945,0.14772727272727273,0.5909090909090909,0.26136363636363635
2022-06-30,ETH,9,2.302585092994046,-0.05520885298028591,0.0650066803209483,0.32408248128732736,0.0,0.7777777777777778,0.2222222222222222
2022-07-01,BTC,69,4.248495242049359,-0.1350499739586983,-0.037785492837429,0.45782259105342304,0.07246376811594203,0.6086956521739131,0.3188405797101449
2022-07-01,ETH,14,2.70805020110221,-0.052191894418293874,0.009718894958496049,0.49034373301336553,0.07142857142857142,0.7142857142857143,0.21428571428571427
2022-07-02,BTC,63,4.1588830833596715,-0.052088412774046744,-0.1223149802535772,0.43312998180296836,0.14285714285714285,0.6666666666666666,0.19047619047619047
2022-07-02,ETH,7,2.0794415416798357,0.1182826137768903,0.1620778255164623,0.6013329221961062,0.2857142857142857,0.5714285714285714,0.14285714285714285
2022-07-03,BTC,45,3.828641396489095,-0.010232893998424218,0.0221888050436973,0.41473465946390464,0.1111111111111111,0.7333333333333333,0.15555555555555556
2022-07-03,ETH,4,1.6094379124341003,-0.4819182741921395,-0.6130729019641876,0.3580657066171587,0.0,0.25,0.75
2022-07-04,BTC,50,3.9318256327243257,0.019357582221273328,0.0174341425299644,0.4149220010812881,0.14,0.74,0.12
2022-07-04,ETH,6,1.9459101490553132,0.10035690416892369,-0.0078714871779084,0.23781580700307903,0.16666666666666666,0.8333333333333334,0.0
2022-07-05,BTC,45,3.828641396489095,-0.07130124309721092,-0.0205259956419467,0.3303247624184953,0.06666666666666667,0.8222222222222222,0.1111111111111111
2022-07-05,ETH,17,2.8903717578961645,0.2090373721165473,0.0997027400881052,0.5027515110472269,0.29411764705882354,0.5294117647058824,0.17647058823529413
2022-07-06,BTC,48,3.8918202981106265,-0.10655451600905508,-0.010145790874958,0.41581389081661235,0.08333333333333333,0.6458333333333334,0.2708333333333333
2022-07-06,ETH,13,2.6390573296152584,-0.04121374267225082,0.0384817328304052,0.2826293799451757,0.0,0.9230769230769231,0.07692307692307693
2022-07-07,BTC,57,4.060443010546419,-0.03801336656978125,0.0189162734895944,0.4690541177842719,0.15789473684210525,0.5964912280701754,0.24561403508771928
2022-07-07,ETH,12,2.5649493574615367,0.16981190695272133,0.15132407005876297,0.3347927954626094,0.16666666666666666,0.8333333333333334,0.0
2022-07-08,BTC,57,4.060443010546419,-0.04833941420809807,0.0068916268646717,0.44288595409357473,0.12280701754385964,0.6666666666666666,0.21052631578947367
2022-07-08,ETH,6,1.9459101490553132,0.11290024562428395,0.02894222270697355,0.463934030496663,0.16666666666666666,0.8333333333333334,0.0
2022-07-09,BTC,33,3.5263605246161616,-0.15011979117425103,-0.0558565147221088,0.3686566640587644,0.06060606060606061,0.7272727272727273,0.21212121212121213
2022-07-09,ETH,6,1.9459101490553132,-0.13030543589654067,-0.09041635133326055,0.3961961073724177,0.0,0.6666666666666666,0.3333333333333333
2022-07-10,BTC,30,3.4339872044851463,-0.04118031097653632,-0.00139497220516205,0.44951314281088356,0.13333333333333333,0.6333333333333333,0.23333333333333334
2022-07-10,ETH,10,2.3978952727983707,0.0895721720997244,0.043550043366849395,0.3835464428553855,0.2,0.7,0.1
2022-07-11,BTC,45,3.828641396489095,0.006145381958534321,0.0234934240579605,0.4652445464353992,0.17777777777777778,0.6444444444444445,0.17777777777777778
2022-07-11,ETH,13,2.6390573296152584,0.3652640159886617,0.3410344622097909,0.3503023839892291,0.3076923076923077,0.6923076923076923,0.0
2022-07-12,BTC,65,4.189654742026425,-0.051529177235296146,0.001952975988388,0.4281182877400624,0.12307692307692308,0.6615384615384615,0.2153846153846154
2022-07-12,ETH,12,2.5649493574615367,-0.0756492018699646,-0.1307251770049333,0.46921560110645383,0.25,0.5,0.25
2022-07-13,BTC,51,3.9512437185814275,-0.07663353880429093,0.0008435100317001,0.41148183728509474,0.11764705882352941,0.7058823529411765,0.17647058823529413
2022-07-13,ETH,8,2.1972245773362196,0.20224504539510235,0.15397239755839104,0.5144657787923179,0.375,0.5,0.125
2022-07-14,BTC,51,3.9512437185814275,-0.020935681068758465,0.0261553451418876,0.4791065317150953,0.13725490196078433,0.6666666666666666,0.19607843137254902
2022-07-14,ETH,19,2.995732273553991,0.07839584002565396,0.1006630230695009,0.48853087004152423,0.2631578947368421,0.5789473684210527,0.15789473684210525
2022-07-15,BTC,51,3.9512437185814275,-0.03217145952158701,0.0106019228696823,0.4268078333527906,0.09803921568627451,0.7254901960784313,0.17647058823529413
2022-07-15,ETH,10,2.3978952727983707,-0.06910690516233443,-0.015398114919662401,0.32716197937291186,0.1,0.8,0.1
2022-07-16,BTC,35,3.58351893845611,0.016102643976254126,-0.0050939619541168,0.38723194568599245,0.11428571428571428,0.7142857142857143,0.17142857142857143
2022-07-16,ETH,10,2.3978952727983707,0.08679749618750063,0.1244216356426477,0.3750538991705802,0.1,0.8,0.1
2022-07-17,BTC,36,3.6109179126442243,-0.00031921546259481047,0.0487714949995279,0.5068661447050343,0.19444444444444445,0.5833333333333334,0.2222222222222222
2022-07-17,ETH,3,1.3862943611198906,0.43859726392353576,0.4788128212094307,0.4397453411217676,0.6666666666666666,0.3333333333333333,0.0
2022-07-18,BTC,37,3.6375861597263857,0.012938724283280002,0.0120375454425811,0.4764767839092581,0.21621621621621623,0.5135135135135135,0.2702702702702703
2022-07-18,ETH,10,2.3978952727983707,0.15089742462150751,0.14101853361353275,0.4478990645872493,0.2,0.7,0.1
2022-07-19,BTC,50,3.9318256327243257,-0.034581389259547006,0.0092676393687725,0.4597822051023212,0.16,0.56,0.28
2022-07-19,ETH,9,2.302585092994046,0.35428719155283434,0.2202671971172094,0.3001947922443954,0.3333333333333333,0.6666666666666666,0.0
2022-07-20,BTC,56,4.04305126783455,-0.05398589297796467,-0.00404021888971325,0.39731725894541803,0.10714285714285714,0.7142857142857143,0.17857142857142858
2022-07-20,ETH,12,2.5649493574615367,0.09472648448233183,0.07342803012579675,0.4834350468001838,0.16666666666666666,0.5833333333333334,0.25
2022-07-21,BTC,45,3.828641396489095,0.009344693050823276,0.0101046338677406,0.41431896304246396,0.15555555555555556,0.6666666666666666,0.17777777777777778
2022-07-21,ETH,9,2.302585092994046,0.097989714730324,0.1274306331761181,0.43792917760974165,0.2222222222222222,0.6666666666666666,0.1111111111111111
2022-07-22,BTC,30,3.4339872044851463,-0.14031254768682022,-0.14482687320560214,0.4599656574376206,0.1,0.5666666666666667,0.3333333333333333
2022-07-22,ETH,12,2.5649493574615367,0.09668990077140428,0.048781687393784454,0.17602238718034854,0.0,1.0,0.0
2022-07-23,BTC,29,3.4011973816621555,-0.12107956394199924,-0.036178259178996,0.4363667825276181,0.10344827586206896,0.6896551724137931,0.20689655172413793
2022-07-23,ETH,3,1.3862943611198906,0.47600441131119925,0.5500247972086072,0.46219513332326523,0.6666666666666666,0.3333333333333333,0.0
2022-07-24,BTC,30,3.4339872044851463,-0.02008495965662103,0.0716942409053444,0.4605735405698622,0.13333333333333333,0.6333333333333333,0.23333333333333334
2022-07-24,ETH,10,2.3978952727983707,-0.01188872207421809,0.042896944098174544,0.2966284830296142,0.0,0.9,0.1
2022-07-25,BTC,41,3.7376696182833684,0.09230083161851436,0.0617828695103526,0.44946942054640177,0.21951219512195122,0.6585365853658537,0.12195121951219512
2022-07-25,ETH,10,2.3978952727983707,-0.06601477786898613,-0.0127127785235643,0.45785874665452525,0.2,0.6,0.2
2022-07-26,BTC,47,3.871201010907891,0.0008470313474932132,0.0250926399603486,0.44263044264660434,0.1702127659574468,0.6170212765957447,0.2127659574468085
2022-07-26,ETH,15,2.772588722239781,0.020977882528677574,0.0706875314936041,0.5221178845195517,0.2,0.6,0.2
2022-07-27,BTC,51,3.9512437185814275,-0.006695841512113233,0.0362534373998642,0.47406034316472573,0.17647058823529413,0.6078431372549019,0.21568627450980393
2022-07-27,ETH,15,2.772588722239781,0.12061411629741388,0.0530516249127686,0.40635439006249297,0.2,0.7333333333333333,0.06666666666666667
2022-07-28,BTC,60,4.110873864173311,0.13413247902256747,0.09549399651587005,0.42598896466507913,0.23333333333333334,0.6833333333333333,0.08333333333333333
2022-07-28,ETH,19,2.995732273553991,0.09829348459300631,0.1138986274600029,0.19277750378582745,0.0,0.9473684210526315,0.05263157894736842
2022-07-29,BTC,42,3.7612001156935624,0.052206280630170576,0.06212825514376155,0.4298847372174631,0.16666666666666666,0.7142857142857143,0.11904761904761904
2022-07-29,ETH,9,2.302585092994046,0.09974268497899173,0.1338062579743564,0.3199355813770277,0.1111111111111111,0.8888888888888888,0.0
2022-07-30,BTC,39,3.6888794541139363,-0.157048856612677,-0.0992987379431724,0.3776742861394124,0.05128205128205128,0.717948717948718,0.23076923076923078
2022-07-30,ETH,9,2.302585092994046,0.2952487587851162,0.1625657603144645,0.45915393001816857,0.3333333333333333,0.5555555555555556,0.1111111111111111
2022-07-31,BTC,38,3.6635616461296463,0.19842719256044608,0.0819676090031862,0.4414424016764985,0.2894736842105263,0.6578947368421053,0.05263157894736842
2022-07-31,ETH,7,2.0794415416798357,-0.07183393476797004,0.0222675800323486,0.39147942145148973,0.0,0.8571428571428571,0.14285714285714285
2022-08-01,BTC,40,3.713572066704308,-0.017994521229411482,0.03699931316077705,0.5041261730725753,0.2,0.525,0.275
2022-08-01,ETH,8,2.1972245773362196,-0.022505703702336177,0.08976358594372866,0.5364857123082566,0.125,0.625,0.25
2022-08-02,BTC,51,3.9512437185814275,0.008580285001217434,0.0498937517404556,0.4396280452984906,0.13725490196078433,0.7058823529411765,0.1568627450980392
2022-08-02,ETH,12,2.5649493574615367,0.027234520879574103,0.0837214519269764,0.3927013649415801,0.16666666666666666,0.75,0.08333333333333333
2022-08-03,BTC,44,3.8066624897703196,0.08407400550574741,0.050738577498123,0.45561364383222197,0.20454545454545456,0.6818181818181818,0.11363636363636363
2022-08-03,ETH,12,2.5649493574615367,0.04009536395703131,0.044773614965379196,0.45661216660102033,0.08333333333333333,0.6666666666666666,0.25
2022-08-04,BTC,50,3.9318256327243257,0.07264500735327602,0.046104650944471304,0.47748418360706163,0.18,0.66,0.16
2022-08-04,ETH,13,2.6390573296152584,-0.004693841239294194,0.0650107190012931,0.2338922190731963,0.0,0.9230769230769231,0.07692307692307693
2022-08-05,BTC,37,3.6375861597263857,0.10452688773590568,0.0905694924294948,0.4868429910825734,0.24324324324324326,0.6486486486486487,0.10810810810810811
2022-08-05,ETH,13,2.6390573296152584,-0.062299319775775075,-0.1593677662312984,0.32866272206767494,0.07692307692307693,0.8461538461538461,0.07692307692307693
2022-08-06,BTC,36,3.6109179126442243,0.16931929373337576,0.1109609333798289,0.43306198698172776,0.19444444444444445,0.75,0.05555555555555555
2022-08-06,ETH,10,2.3978952727983707,0.27114134824369096,0.31689985631965095,0.5159713566799569,0.4,0.5,0.1
2022-08-07,BTC,30,3.4339872044851463,0.10047156820849826,0.0288431420922279,0.5009560575493727,0.23333333333333334,0.6333333333333333,0.13333333333333333
2022-08-07,ETH,6,1.9459101490553132,-0.0062773257959634066,-0.051920096389949294,0.42925377903192763,0.16666666666666666,0.6666666666666666,0.16666666666666666
2022-08-08,BTC,40,3.713572066704308,0.15095108399400486,0.08442072896286845,0.38179998585892155,0.2,0.75,0.05
2022-08-08,ETH,14,2.70805020110221,-0.09317324849377785,-0.00820179283618925,0.4720996041788993,0.07142857142857142,0.5714285714285714,0.35714285714285715
2022-08-09,BTC,43,3.784189633918261,-0.0029787777213726454,0.0216974765062332,0.5156461641167471,0.20930232558139536,0.5116279069767442,0.27906976744186046
2022-08-09,ETH,24,3.2188758248682006,0.0035945915151387453,0.031262713484466104,0.575105488992567,0.25,0.5,0.25
2022-08-10,BTC,39,3.6888794541139363,0.0791990539082923,0.0715042883530259,0.402973063761016,0.1282051282051282,0.7948717948717948,0.07692307692307693
2022-08-10,ETH,10,2.3978952727983707,-0.15238753873854874,-0.21785284578800196,0.3249145969771157,0.1,0.8,0.1
2022-08-11,BTC,55,4.02535169073515,0.05061125806109471,0.0624973066151142,0.46542606177511275,0.18181818181818182,0.6545454545454545,0.16363636363636364
2022-08-11,ETH,21,3.091042453358316,0.05397302661800666,0.0986046288162469,0.4272929809277157,0.19047619047619047,0.6190476190476191,0.19047619047619047
2022-08-12,BTC,33,3.5263605246161616,-0.03401851517176538,0.039192084223032,0.4527472392606198,0.09090909090909091,0.7272727272727273,0.18181818181818182
2022-08-12,ETH,17,2.8903717578961645,-0.1724725440144539,-0.0749640315771102,0.36610773328322915,0.058823529411764705,0.7647058823529411,0.17647058823529413
2022-08-13,BTC,31,3.4657359027997265,-0.0011312489157482562,0.039101518690586,0.3327611177513585,0.0967741935483871,0.7419354838709677,0.16129032258064516
2022-08-13,ETH,15,2.772588722239781,-0.07830290508766967,-0.043610081076622,0.3988707531692712,0.06666666666666667,0.7333333333333333,0.2
2022-08-14,BTC,39,3.6888794541139363,0.024179513864696797,-0.0234795436263084,0.4271260708787975,0.15384615384615385,0.6923076923076923,0.15384615384615385
2022-08-14,ETH,9,2.302585092994046,-0.17339633255162173,-0.2519307602196932,0.38167225386083325,0.0,0.8888888888888888,0.1111111111111111
2022-08-15,BTC,43,3.784189633918261,0.03363525295131948,0.0508592184633016,0.4205328325528896,0.13953488372093023,0.6744186046511628,0.18604651162790697
2022-08-15,ETH,5,1.791759469228055,-0.09467153977602723,0.0220869844779372,0.2499369226883992,0.0,1.0,0.0
2022-08-16,BTC,31,3.4657359027997265,0.06583110514968152,0.0388795398175716,0.4520308175992399,0.16129032258064516,0.6774193548387096,0.16129032258064516
2022-08-16,ETH,14,2.70805020110221,0.07422110493228372,0.03583296993747355,0.640420189561378,0.35714285714285715,0.35714285714285715,0.2857142857142857
2022-08-17,BTC,37,3.6375861597263857,0.033284129219356216,0.0386387333273887,0.4338181719478436,0.1891891891891892,0.6486486486486487,0.16216216216216217
2022-08-17,ETH,12,2.5649493574615367,-0.05771534166221196,-0.0073167476803064485,0.34300888386249034,0.08333333333333333,0.8333333333333334,0.08333333333333333
2022-08-18,BTC,45,3.828641396489095,0.0523390353916006,0.0570707619190216,0.4592598912828134,0.2222222222222222,0.6222222222222222,0.15555555555555556
2022-08-18,ETH,19,2.995732273553991,-0.01493382485779493,0.0312335509806871,0.30967360459318505,0.05263157894736842,0.8421052631578947,0.10526315789473684
2022-08-19,BTC,29,3.4011973816621555,-0.012603022158145906,0.0279677673242986,0.34440709509234424,0.06896551724137931,0.7586206896551724,0.1724137931034483
2022-08-19,ETH,14,2.70805020110221,-0.1131486145313829,-0.051377528347074944,0.4555891200648198,0.07142857142857142,0.6428571428571429,0.2857142857142857
2022-08-20,BTC,29,3.4011973816621555,0.09191100548246298,0.1224212124943733,0.5113313225827767,0.2413793103448276,0.5862068965517241,0.1724137931034483
2022-08-20,ETH,12,2.5649493574615367,-0.21509449125733224,-0.24097596481442446,0.3437407134175123,0.08333333333333333,0.5833333333333334,0.3333333333333333
2022-08-21,BTC,33,3.5263605246161616,0.12975878433931168,0.0765510257333517,0.4357001723176262,0.18181818181818182,0.696969696969697,0.12121212121212122
2022-08-21,ETH,16,2.833213344056216,-0.13562672986881807,-0.14253265969455242,0.29833696744871724,0.0625,0.875,0.0625
2022-08-22,BTC,35,3.58351893845611,-0.022396821894549918,0.0617860648781061,0.38571427597502345,0.11428571428571428,0.7142857142857143,0.17142857142857143
2022-08-22,ETH,17,2.8903717578961645,-0.02435617455664804,0.0206780415028333,0.3249504882804775,0.058823529411764705,0.8823529411764706,0.058823529411764705
2022-08-23,BTC,34,3.5553480614894135,0.1763132349587977,0.1627374063245952,0.5173429223516137,0.29411764705882354,0.5882352941176471,0.11764705882352941
2022-08-23,ETH,19,2.995732273553991,0.02028801994349218,0.0401630923151969,0.4362881174518232,0.15789473684210525,0.6842105263157895,0.15789473684210525
2022-08-24,BTC,27,3.332204510175204,0.0449047246430483,0.0880240425467491,0.41966177326963156,0.14814814814814814,0.7037037037037037,0.14814814814814814
2022-08-24,ETH,11,2.4849066497880004,0.38266972987912595,0.1828892298508435,0.38608884073612,0.45454545454545453,0.5454545454545454,0.0
2022-08-25,BTC,35,3.58351893845611,0.12763263170740433,0.1617403775453567,0.41434989167215003,0.2,0.6857142857142857,0.11428571428571428
2022-08-25,ETH,19,2.995732273553991,0.12415407443615167,0.1727752778679132,0.3961517726627351,0.21052631578947367,0.6842105263157895,0.10526315789473684
2022-08-26,BTC,28,3.367295829986474,-0.0011432100270342654,0.03716691629961125,0.3859256274953393,0.10714285714285714,0.7857142857142857,0.10714285714285714
2022-08-26,ETH,12,2.5649493574615367,0.08866798540111633,0.15430941246449945,0.5476858347553879,0.25,0.5,0.25
2022-08-27,BTC,25,3.258096538021482,0.06569085454568266,0.0307628158479928,0.42107710607558535,0.16,0.76,0.08
2022-08-27,ETH,8,2.1972245773362196,-0.02527845540316774,-0.027317135594785207,0.2541578896077758,0.0,1.0,0.0
2022-08-28,BTC,29,3.4011973816621555,0.09052051536353496,0.083338875323534,0.45910944580379115,0.2413793103448276,0.5862068965517241,0.1724137931034483
2022-08-28,ETH,12,2.5649493574615367,-0.14521697132537761,-0.0828522741794586,0.33365364329677744,0.0,0.8333333333333334,0.16666666666666666
2022-08-29,BTC,28,3.367295829986474,0.006391073776675124,-0.06867807172238824,0.47175131789154784,0.21428571428571427,0.6071428571428571,0.17857142857142858
2022-08-29,ETH,10,2.3978952727983707,-0.03498991085216403,-0.004812425002455699,0.2692756979614516,0.0,0.9,0.1
2022-08-30,BTC,39,3.6888794541139363,-0.0010283319727302858,0.044337086379528,0.48835796180101476,0.15384615384615385,0.6153846153846154,0.23076923076923078
2022-08-30,ETH,16,2.833213344056216,0.03562819167564157,0.15377361793071032,0.5269038127894523,0.1875,0.5625,0.25
2022-08-31,BTC,49,3.912023005428146,-0.019688953025437595,0.0469092838466167,0.4855222458806851,0.14285714285714285,0.6326530612244898,0.22448979591836735
2022-08-31,ETH,12,2.5649493574615367,0.04803803671772278,0.06498436536639925,0.43227564159863247,0.08333333333333333,0.75,0.16666666666666666
2022-09-01,BTC,39,3.6888794541139363,-0.059117617163186274,0.0123957004398107,0.40671941647980153,0.07692307692307693,0.7435897435897436,0.1794871794871795
2022-09-01,ETH,9,2.302585092994046,0.07798550953157243,0.148333691060543,0.38237051748599216,0.1111111111111111,0.6666666666666666,0.2222222222222222
2022-09-02,BTC,33,3.5263605246161616,0.02316200404399725,-0.0104457587003707,0.48080644757856145,0.15151515151515152,0.6666666666666666,0.18181818181818182
2022-09-02,ETH,10,2.3978952727983707,0.14023063469212504,-0.01328276563435785,0.46584926048640873,0.3,0.6,0.1
2022-09-03,BTC,29,3.4011973816621555,0.05450204827678228,-0.0408340170979499,0.5181119926815715,0.20689655172413793,0.5862068965517241,0.20689655172413793
2022-09-03,ETH,8,2.1972245773362196,-0.04548772284761074,0.0706215417012572,0.326953109147683,0.0,0.875,0.125
2022-09-04,BTC,27,3.332204510175204,0.03343857814454368,0.0486334078013896,0.49223898524668314,0.18518518518518517,0.6666666666666666,0.14814814814814814
2022-09-04,ETH,11,2.4849066497880004,-0.18578816802156242,-0.176135491579771,0.38940517428346705,0.09090909090909091,0.7272727272727273,0.18181818181818182
2022-09-05,BTC,38,3.6635616461296463,0.08641066955476018,0.07147754682227961,0.4207661464044437,0.18421052631578946,0.6842105263157895,0.13157894736842105
2022-09-05,ETH,15,2.772588722239781,-0.05473703575941425,-0.0487305950373411,0.4591024508573801,0.13333333333333333,0.6666666666666666,0.2
2022-09-06,BTC,26,3.295836866004329,0.12043287805639781,0.09625828126445404,0.5482679959756028,0.3076923076923077,0.5,0.19230769230769232
2022-09-06,ETH,20,3.044522437723423,0.294268944329815,0.20151850115507836,0.3609544469823869,0.25,0.75,0.0
2022-09-07,BTC,32,3.4965075614664802,-0.01839628093875944,-0.05288774613291025,0.43711846226782286,0.125,0.71875,0.15625
2022-09-07,ETH,10,2.3978952727983707,0.0613019450334832,0.01328592095524065,0.28001254900840133,0.1,0.9,0.0
2022-09-08,BTC,32,3.4965075614664802,0.1536847879033303,0.1072704517282545,0.43348576740987693,0.25,0.6875,0.0625
2022-09-08,ETH,17,2.8903717578961645,0.1068325190914466,0.0823799651116132,0.3925413494502406,0.17647058823529413,0.7647058823529411,0.058823529411764705
2022-09-09,BTC,36,3.6109179126442243,0.08806435106736088,0.08720597997307775,0.4417035711099593,0.19444444444444445,0.6666666666666666,0.1388888888888889
2022-09-09,ETH,19,2.995732273553991,0.023538895539547258,0.027359552681446,0.3561703531854119,0.05263157894736842,0.8421052631578947,0.10526315789473684
2022-09-10,BTC,23,3.1780538303479458,0.13463872134604532,0.067784066312015,0.4147535323316787,0.2608695652173913,0.6521739130434783,0.08695652173913043
2022-09-10,ETH,21,3.091042453358316,-0.03798916761852093,0.0624562911689281,0.34066623921102923,0.047619047619047616,0.7619047619047619,0.19047619047619047
2022-09-11,BTC,29,3.4011973816621555,-0.05686427816620161,-0.0198973082005977,0.4719045211862446,0.13793103448275862,0.6551724137931034,0.20689655172413793
2022-09-11,ETH,10,2.3978952727983707,-0.0053324047476053125,-0.00713123101741075,0.5233920424074696,0.2,0.6,0.2
2022-09-12,BTC,44,3.8066624897703196,0.07165627133376389,0.08577560028061265,0.4220202249208819,0.13636363636363635,0.75,0.11363636363636363
2022-09-12,ETH,12,2.5649493574615367,0.17159325410223877,0.17335410695523018,0.39866943530647186,0.25,0.6666666666666666,0.08333333333333333
2022-09-13,BTC,31,3.4657359027997265,0.001968467795860851,0.0611856188625097,0.4794572732644593,0.12903225806451613,0.6451612903225806,0.22580645161290322
2022-09-13,ETH,17,2.8903717578961645,0.10004687977626042,0.0690278578549623,0.37373191412184176,0.11764705882352941,0.7647058823529411,0.11764705882352941
2022-09-14,BTC,46,3.8501476017100584,0.010935609846416365,0.0432474091649055,0.45141239093504465,0.13043478260869565,0.717391304347826,0.15217391304347827
2022-09-14,ETH,27,3.332204510175204,0.03273037616680893,0.0535992868244648,0.43357914737691144,0.1111111111111111,0.7407407407407407,0.14814814814814814
2022-09-15,BTC,30,3.4339872044851463,0.05924894298271586,0.058200323022901956,0.44172824258896953,0.16666666666666666,0.6333333333333333,0.2
2022-09-15,ETH,61,4.127134385045092,0.17148066813614768,0.0645020827651023,0.5143078759569307,0.32786885245901637,0.5573770491803278,0.11475409836065574
2022-09-16,BTC,36,3.6109179126442243,-0.05248633017375445,0.01160115562379355,0.40176995422057366,0.08333333333333333,0.75,0.16666666666666666
2022-09-16,ETH,20,3.044522437723423,-0.020675072458107024,0.00405175797641275,0.352284483493007,0.1,0.85,0.05
2022-09-17,BTC,25,3.258096538021482,-0.06761627228930592,0.031586448661983,0.4133708210360359,0.12,0.68,0.2
2022-09-17,ETH,21,3.091042453358316,-0.1019341632768157,-0.0549133606255054,0.36960800866758975,0.047619047619047616,0.7619047619047619,0.19047619047619047
2022-09-18,BTC,27,3.332204510175204,0.054355651019485994,0.0701994765549898,0.3898759098815989,0.1111111111111111,0.7407407407407407,0.14814814814814814
2022-09-18,ETH,11,2.4849066497880004,0.0058004207147115995,0.0116711687296628,0.3255360830056809,0.18181818181818182,0.7272727272727273,0.09090909090909091
2022-09-19,BTC,39,3.6888794541139363,-0.03756525617343588,0.0264436043798923,0.4410759156491348,0.1282051282051282,0.6410256410256411,0.23076923076923078
2022-09-19,ETH,16,2.833213344056216,0.06394401671423111,-0.02636198420077565,0.5571557549158895,0.25,0.5625,0.1875
2022-09-20,BTC,41,3.7376696182833684,0.03520665676673735,0.0733394529670476,0.3567289087005258,0.07317073170731707,0.8536585365853658,0.07317073170731707
2022-09-20,ETH,20,3.044522437723423,-0.017107718891929854,0.04259421676397315,0.3765178816304257,0.1,0.8,0.1
2022-09-21,BTC,29,3.4011973816621555,-0.10645083496989362,0.020375058054924,0.3638848875756804,0.034482758620689655,0.6896551724137931,0.27586206896551724
2022-09-21,ETH,17,2.8903717578961645,0.008790358544929941,0.0095435343682765,0.29916057446410765,0.11764705882352941,0.8823529411764706,0.0
2022-09-22,BTC,36,3.6109179126442243,-0.08411096061334117,-0.01649966649711125,0.41417278007631403,0.1111111111111111,0.6666666666666666,0.2222222222222222
2022-09-22,ETH,18,2.9444389791664403,-0.08303634527449805,-0.0549874231219291,0.375817167584576,0.05555555555555555,0.7777777777777778,0.16666666666666666
2022-09-23,BTC,30,3.4339872044851463,0.03588367169722915,0.05581198073923585,0.4569415742680616,0.2,0.6,0.2
2022-09-23,ETH,14,2.70805020110221,-0.031227698150490025,0.019912660121917697,0.29782063654107693,0.0,0.9285714285714286,0.07142857142857142
2022-09-24,BTC,30,3.4339872044851463,-0.03494848140981049,-0.11592896748334164,0.4321498563132095,0.16666666666666666,0.7,0.13333333333333333
2022-09-24,ETH,11,2.4849066497880004,0.07355918743732302,-0.0737406760454177,0.40042038839617294,0.09090909090909091,0.8181818181818182,0.09090909090909091
2022-09-25,BTC,14,2.70805020110221,-0.03859922981687956,0.04904335923492905,0.4240378714933021,0.07142857142857142,0.7142857142857143,0.21428571428571427
2022-09-25,ETH,12,2.5649493574615367,-0.05941493553109465,-0.0387672604992985,0.28071879608072337,0.08333333333333333,0.8333333333333334,0.08333333333333333
2022-09-26,BTC,40,3.713572066704308,0.02225893898284994,-0.0068224044516682495,0.39693471705285893,0.15,0.75,0.1
2022-09-26,ETH,13,2.6390573296152584,-0.14473133061367732,-0.0573916379362344,0.2112638241314814,0.0,0.8461538461538461,0.15384615384615385
2022-09-27,BTC,47,3.871201010907891,-0.07532016999593522,-0.0268312394618988,0.4551630325722737,0.1276595744680851,0.6808510638297872,0.19148936170212766
2022-09-27,ETH,13,2.6390573296152584,0.022758223868619913,0.1342596532776951,0.4003152368955999,0.15384615384615385,0.6153846153846154,0.23076923076923078
2022-09-28,BTC,46,3.8501476017100584,-0.007791909966212913,0.0262551754713058,0.4440688081737555,0.1956521739130435,0.5869565217391305,0.21739130434782608
2022-09-28,ETH,18,2.9444389791664403,0.007429343311943932,0.05396292358636855,0.28437883321791774,0.05555555555555555,0.8333333333333334,0.1111111111111111
2022-09-29,BTC,44,3.8066624897703196,0.10468933449274943,0.069200892932713,0.5287768073608774,0.2727272727272727,0.5227272727272727,0.20454545454545456
2022-09-29,ETH,13,2.6390573296152584,0.3353827955523649,0.2443897589109838,0.3774559650670109,0.3076923076923077,0.6923076923076923,0.0
2022-09-30,BTC,49,3.912023005428146,-0.025228506909227188,0.0317954085767269,0.36272286409333987,0.08163265306122448,0.7755102040816326,0.14285714285714285
2022-09-30,ETH,11,2.4849066497880004,-0.13785011285323312,0.0681923497468233,0.35205450267236055,0.0,0.7272727272727273,0.2727272727272727
2022-10-01,BTC,37,3.6375861597263857,0.13225076733018595,0.1103140646591782,0.42217136762743757,0.1891891891891892,0.7297297297297297,0.08108108108108109
2022-10-01,ETH,2,1.0986122886681098,-0.3881514742970466,-0.3881514742970466,0.13740184501230435,0.0,0.5,0.5
2022-10-02,BTC,34,3.5553480614894135,0.012933821280432104,-0.04112562537193295,0.4430994421624964,0.17647058823529413,0.6470588235294118,0.17647058823529413
2022-10-02,ETH,5,1.791759469228055,-0.2207970403134823,-0.0719165615737438,0.315704459889843,0.0,0.6,0.4
2022-10-03,BTC,40,3.713572066704308,0.056140651809982955,0.0572390556335449,0.4146559203761657,0.175,0.7,0.125
2022-10-03,ETH,15,2.772588722239781,0.12348365141078828,0.0408500712364912,0.3761747235773782,0.13333333333333333,0.8666666666666667,0.0
2022-10-04,BTC,38,3.6635616461296463,-0.07973784923332891,0.013284497428685399,0.4880022305111115,0.18421052631578946,0.5263157894736842,0.2894736842105263
2022-10-04,ETH,8,2.1972245773362196,0.10780407828860918,0.00959652941673995,0.31629775989013936,0.25,0.75,0.0
2022-10-05,BTC,37,3.6375861597263857,0.13923822966958016,0.067331563681364,0.3961763786809265,0.16216216216216217,0.8108108108108109,0.02702702702702703
2022-10-05,ETH,13,2.6390573296152584,0.047728779403349526,0.01501340046525,0.3389554110803291,0.07692307692307693,0.7692307692307693,0.15384615384615385
2022-10-06,BTC,41,3.7376696182833684,-0.0013196363749845821,0.050317145884037,0.4611143822161088,0.17073170731707318,0.5853658536585366,0.24390243902439024
2022-10-06,ETH,9,2.302585092994046,-0.0061557736351258475,0.0200441554188728,0.4829321831825691,0.1111111111111111,0.6666666666666666,0.2222222222222222
2022-10-07,BTC,32,3.4965075614664802,-0.04497636282030727,0.05033822171390055,0.48369742552027695,0.125,0.5625,0.3125
2022-10-07,ETH,7,2.0794415416798357,-0.37581150074090275,-0.4240291975438595,0.31233812552213364,0.0,0.42857142857142855,0.5714285714285714
2022-10-08,BTC,18,2.9444389791664403,0.042057897222952695,0.05602704733610145,0.351640560789346,0.1111111111111111,0.7777777777777778,0.1111111111111111
2022-10-08,ETH,4,1.6094379124341003,0.13377944205421957,0.2279324897099287,0.7511890519278537,0.5,0.25,0.25
2022-10-09,BTC,21,3.091042453358316,0.130161618603216,0.0573935844004154,0.4268125746102219,0.23809523809523808,0.6666666666666666,0.09523809523809523
2022-10-09,ETH,3,1.3862943611198906,0.024237475125119107,-0.3289516307413578,0.7135227106401121,0.3333333333333333,0.6666666666666666,0.0
2022-10-10,BTC,37,3.6375861597263857,0.057713309070095406,0.0697142519056797,0.3413783104127994,0.08108108108108109,0.8108108108108109,0.10810810810810811
2022-10-10,ETH,9,2.302585092994046,0.02177616115659474,0.0692659467458725,0.3217200489877136,0.1111111111111111,0.7777777777777778,0.1111111111111111
2022-10-11,BTC,51,3.9512437185814275,0.005810601239585691,0.056859565898776,0.3955526100077552,0.0784313725490196,0.7450980392156863,0.17647058823529413
2022-10-11,ETH,8,2.1972245773362196,0.2202408573357388,0.13634231779724354,0.22519137714153636,0.25,0.75,0.0
2022-10-12,BTC,45,3.828641396489095,0.04415530829379955,0.0754357185214757,0.45480407366250675,0.17777777777777778,0.6444444444444445,0.17777777777777778
2022-10-12,ETH,9,2.302585092994046,-0.04382119798618889,0.0647044852375984,0.339322871224562,0.0,0.8888888888888888,0.1111111111111111
2022-10-13,BTC,47,3.871201010907891,0.09488135339949835,0.0603477312251925,0.47851091999503254,0.2127659574468085,0.6595744680851063,0.1276595744680851
2022-10-13,ETH,4,1.6094379124341003,0.48996369529049844,0.4888493127655238,0.4919736847165541,0.5,0.5,0.0
2022-10-14,BTC,39,3.6888794541139363,0.06952345117520635,0.0780048938468098,0.44917488814409945,0.1794871794871795,0.6666666666666666,0.15384615384615385
2022-10-14,ETH,9,2.302585092994046,-0.21705623478111294,-0.1949140131473541,0.4597180966346211,0.1111111111111111,0.4444444444444444,0.4444444444444444
2022-10-15,BTC,28,3.367295829986474,0.0502297768086594,0.03264344297349445,0.3984362840660706,0.17857142857142858,0.7142857142857143,0.10714285714285714
2022-10-15,ETH,3,1.3862943611198906,-0.3023788779973984,-0.383718341588974,0.5176187897218886,0.0,0.6666666666666666,0.3333333333333333
2022-10-16,BTC,16,2.833213344056216,-0.2618790592532605,-0.332649739459157,0.31230383509949583,0.0,0.625,0.375
2022-10-16,ETH,4,1.6094379124341003,-0.1031933925114572,0.009866463951766498,0.34009237544927184,0.0,0.75,0.25
2022-10-17,BTC,32,3.4965075614664802,0.1332227699967916,0.10207629902288315,0.4442303414040119,0.25,0.65625,0.09375
2022-10-17,ETH,10,2.3978952727983707,-0.062278016796335565,-0.02991147153079505,0.4582038894467376,0.1,0.7,0.2
2022-10-18,BTC,30,3.4339872044851463,0.05612929975613951,0.02779616136103865,0.3814306065751315,0.2,0.7,0.1
2022-10-18,ETH,10,2.3978952727983707,-0.1484392597689293,-0.36580212786793703,0.5857795720748349,0.2,0.3,0.5
2022-10-19,BTC,38,3.6635616461296463,-0.022950209475024377,0.0282809734344482,0.4264805931860155,0.13157894736842105,0.6578947368421053,0.21052631578947367
2022-10-19,ETH,8,2.1972245773362196,0.2464652815833688,0.13122050766833124,0.42758116735632573,0.375,0.625,0.0
2022-10-20,BTC,31,3.4657359027997265,0.013221483625050982,0.0337251275777816,0.5109335556460215,0.1935483870967742,0.6129032258064516,0.1935483870967742
2022-10-20,ETH,11,2.4849066497880004,-0.20646176597272808,-0.3084634765982628,0.48915197205128386,0.09090909090909091,0.5454545454545454,0.36363636363636365
2022-10-21,BTC,26,3.295836866004329,-0.02421390948494753,0.049941167701035696,0.4750109326752631,0.19230769230769232,0.6153846153846154,0.19230769230769232
2022-10-21,ETH,8,2.1972245773362196,-0.15887523628771305,-0.14891925640404222,0.32902700122933537,0.0,0.75,0.25
2022-10-22,BTC,26,3.295836866004329,0.05263170298153104,0.02938488684594625,0.41640601893873624,0.11538461538461539,0.7692307692307693,0.11538461538461539
2022-10-22,ETH,9,2.302585092994046,0.0014716650152371922,0.0242464151233434,0.4568741137058221,0.2222222222222222,0.6666666666666666,0.1111111111111111
2022-10-23,BTC,30,3.4339872044851463,0.02376892066871126,0.0364237148314714,0.48985196106732004,0.2,0.5666666666666667,0.23333333333333334
2022-10-23,ETH,2,1.0986122886681098,-0.18655513972043988,-0.18655513972043988,0.40807947447152987,0.0,0.5,0.5
2022-10-24,BTC,34,3.5553480614894135,-0.046342558597269295,-0.0375767648220062,0.41428020221121403,0.14705882352941177,0.6176470588235294,0.23529411764705882
2022-10-24,ETH,8,2.1972245773362196,0.08599106734618543,0.09921962069347495,0.5742813625699721,0.375,0.375,0.25
2022-10-25,BTC,32,3.4965075614664802,0.15609211091214092,0.1166118653491139,0.42175707581142374,0.28125,0.625,0.09375
2022-10-25,ETH,7,2.0794415416798357,0.12707260018214583,0.0610115155577659,0.5633222715795155,0.42857142857142855,0.2857142857142857,0.2857142857142857
2022-10-26,BTC,32,3.4965075614664802,-0.020607760161510676,0.018234468996524752,0.4378571621291448,0.15625,0.625,0.21875
2022-10-26,ETH,9,2.302585092994046,-0.1255591494652132,0.0685592964291572,0.3807235468418712,0.0,0.7777777777777778,0.2222222222222222
2022-10-27,BTC,35,3.58351893845611,0.12661066436807492,0.0994658255949616,0.4357732383101171,0.2,0.6857142857142857,0.11428571428571428
2022-10-27,ETH,10,2.3978952727983707,-0.07079257639124992,0.03851867886260145,0.4392206539809364,0.1,0.7,0.2
2022-10-28,BTC,32,3.4965075614664802,-0.014119129627943051,0.03338592313230035,0.41911891747988883,0.09375,0.71875,0.1875
2022-10-28,ETH,9,2.302585092994046,0.10226876886251074,-0.0242426991462707,0.3897914893946529,0.1111111111111111,0.8888888888888888,0.0
2022-10-29,BTC,25,3.258096538021482,0.03747043661307543,0.0584814250469207,0.40272591775702044,0.08,0.76,0.16
2022-10-29,ETH,11,2.4849066497880004,0.030232863543047158,-0.0552722960710525,0.5660908340251187,0.2727272727272727,0.45454545454545453,0.2727272727272727
2022-10-30,BTC,26,3.295836866004329,0.14144698228651228,0.08158474974334236,0.5934757519219295,0.34615384615384615,0.4230769230769231,0.23076923076923078
2022-10-30,ETH,6,1.9459101490553132,-0.12764503139381606,-0.1082810759544372,0.25591551706634436,0.0,0.8333333333333334,0.16666666666666666
2022-10-31,BTC,45,3.828641396489095,0.09151603046080305,0.0624614218249917,0.49724844664186635,0.2222222222222222,0.6444444444444445,0.13333333333333333
2022-10-31,ETH,5,1.791759469228055,-0.14565798845142125,-0.017152115702629,0.4929416384236148,0.0,0.8,0.2
2022-11-01,BTC,36,3.6109179126442243,0.22312072009016345,0.1343323197215795,0.4675592150190356,0.3333333333333333,0.5555555555555556,0.1111111111111111
2022-11-01,ETH,9,2.302585092994046,-0.2114361593913701,-0.456603704020381,0.4670632895190872,0.1111111111111111,0.4444444444444444,0.4444444444444444
2022-11-02,BTC,29,3.4011973816621555,-0.02450094123146144,0.0152907334268093,0.37164280225794216,0.10344827586206896,0.7931034482758621,0.10344827586206896
2022-11-02,ETH,7,2.0794415416798357,0.04552540695294738,-0.0810901597142219,0.4656380711215278,0.14285714285714285,0.7142857142857143,0.14285714285714285
2022-11-03,BTC,43,3.784189633918261,0.0036946707567589786,0.053897313773632,0.5328393103927798,0.20930232558139536,0.5348837209302325,0.2558139534883721
2022-11-03,ETH,9,2.302585092994046,0.043660879988844166,0.0497161969542503,0.2758893493568963,0.0,0.8888888888888888,0.1111111111111111
2022-11-04,BTC,32,3.4965075614664802,-0.06433753132296263,0.0372452419251203,0.529509838909872,0.15625,0.59375,0.25
2022-11-04,ETH,7,2.0794415416798357,0.021923313316489952,0.1219094851985573,0.2552934463325501,0.0,1.0,0.0
2022-11-05,BTC,24,3.2188758248682006,0.0477110301144421,0.0017035882920026,0.3854634863423797,0.125,0.75,0.125
2022-11-05,ETH,5,1.791759469228055,0.18546943331602958,0.0797283519059419,0.46572861119845077,0.2,0.8,0.0
2022-11-06,BTC,16,2.833213344056216,-0.0855621592781972,-0.0333478078246116,0.3653268316802513,0.0625,0.75,0.1875
2022-11-06,ETH,4,1.6094379124341003,-0.12417197832837701,-0.2757978681474924,0.5216793515919333,0.25,0.5,0.25
2022-11-07,BTC,38,3.6635616461296463,-0.07849346831636994,-0.04964511469006535,0.4477270901803641,0.10526315789473684,0.6578947368421053,0.23684210526315788
2022-11-07,ETH,17,2.8903717578961645,-0.06734169788165566,-0.0735435560345649,0.5330883069299317,0.17647058823529413,0.5882352941176471,0.23529411764705882
2022-11-08,BTC,43,3.784189633918261,-0.12974052138756528,-0.0324111357331275,0.4676915807181629,0.11627906976744186,0.5581395348837209,0.32558139534883723
2022-11-08,ETH,5,1.791759469228055,0.25354979066178196,0.334273412823677,0.6520628491877203,0.6,0.2,0.2
2022-11-09,BTC,82,4.418840607796598,-0.08913726697210222,-0.064900767058134,0.4525569126776544,0.10975609756097561,0.5975609756097561,0.2926829268292683
2022-11-09,ETH,16,2.833213344056216,0.1308254859468434,0.095254483865574,0.43857823512905164,0.125,0.75,0.125
2022-11-10,BTC,77,4.356708826689592,-0.13175980420178407,-0.0351305641233921,0.44344156829253656,0.09090909090909091,0.6363636363636364,0.2727272727272727
2022-11-10,ETH,8,2.1972245773362196,0.27551212898106314,0.1184233273379504,0.43627070007424573,0.375,0.625,0.0
2022-11-11,BTC,89,4.499809670330265,-0.14618397838425604,-0.1118009835481643,0.42851634393221333,0.07865168539325842,0.6179775280898876,0.30337078651685395
2022-11-11,ETH,11,2.4849066497880004,-0.018922848330641336,0.0590634867548942,0.46519458179681195,0.18181818181818182,0.5454545454545454,0.2727272727272727
2022-11-12,BTC,75,4.330733340286331,-0.2100212838097165,-0.1211209129542112,0.4798519041040335,0.09333333333333334,0.56,0.3466666666666667
2022-11-12,ETH,14,2.70805020110221,-0.3008731114012854,-0.2753467746078968,0.30966281701546267,0.0,0.6428571428571429,0.35714285714285715
2022-11-13,BTC,64,4.174387269895637,-0.10766718399827369,-0.06259284168481825,0.4566393273709557,0.109375,0.640625,0.25
2022-11-13,ETH,6,1.9459101490553132,0.052559053719354175,0.0635032933205366,0.6574000638789301,0.3333333333333333,0.5,0.16666666666666666
2022-11-14,BTC,75,4.330733340286331,-0.15130954200091462,-0.0768230855464935,0.4187195339063963,0.06666666666666667,0.64,0.29333333333333333
2022-11-14,ETH,14,2.70805020110221,-0.010832288734880957,0.06790469912812111,0.39257890513405985,0.07142857142857142,0.8571428571428571,0.07142857142857142
2022-11-15,BTC,70,4.2626798770413155,-0.09833799223082938,-0.07973318547010415,0.4560617240907984,0.12857142857142856,0.5857142857142857,0.2857142857142857
2022-11-15,ETH,14,2.70805020110221,0.07381908123248392,-0.034707807004451696,0.46075077462952296,0.21428571428571427,0.6428571428571429,0.14285714285714285
2022-11-16,BTC,73,4.30406509320417,-0.14740168809418708,-0.0835063308477401,0.3939018843585577,0.0547945205479452,0.7123287671232876,0.2328767123287671
2022-11-16,ETH,13,2.6390573296152584,-0.25061615692594874,-0.2694745156913996,0.4279726216530401,0.07692307692307693,0.6153846153846154,0.3076923076923077
2022-11-17,BTC,82,4.418840607796598,-0.1135665536091504,-0.02684344537556165,0.45691210609603944,0.10975609756097561,0.573170731707317,0.3170731707317073
2022-11-17,ETH,13,2.6390573296152584,-0.04575928483301631,-0.035477340221405,0.3216166689783772,0.0,0.9230769230769231,0.07692307692307693
2022-11-18,BTC,61,4.127134385045092,-0.04686875262328226,0.0252540875226259,0.4805799093392114,0.18032786885245902,0.6065573770491803,0.21311475409836064
2022-11-18,ETH,12,2.5649493574615367,-0.08696531939009826,-0.09345648251473901,0.46608781626758183,0.16666666666666666,0.5,0.3333333333333333
2022-11-19,BTC,37,3.6375861597263857,0.040856807838773004,0.0314802676439285,0.4120806799243621,0.10810810810810811,0.7837837837837838,0.10810810810810811
2022-11-19,ETH,11,2.4849066497880004,-0.09869816467504612,0.0180572941899299,0.3202699601057919,0.0,0.9090909090909091,0.09090909090909091
2022-11-20,BTC,42,3.7612001156935624,-0.09224436501972377,0.007215667515993051,0.31795357498314264,0.047619047619047616,0.7857142857142857,0.16666666666666666
2022-11-20,ETH,7,2.0794415416798357,-0.10224417916366034,-0.0499209091067314,0.34334180090115674,0.0,0.8571428571428571,0.14285714285714285
2022-11-21,BTC,49,3.912023005428146,-0.056331832755395043,0.0040172822773456,0.4346928899153833,0.16326530612244897,0.673469387755102,0.16326530612244897
2022-11-21,ETH,8,2.1972245773362196,-0.04355184175074103,0.03972314111888405,0.28344401042727224,0.0,0.75,0.25
2022-11-22,BTC,62,4.143134726391533,-0.05266498608304368,-0.0280288290232419,0.4072924480806378,0.12903225806451613,0.6612903225806451,0.20967741935483872
2022-11-22,ETH,10,2.3978952727983707,0.11485485923476517,0.039997743442654554,0.42193085616233683,0.2,0.7,0.1
2022-11-23,BTC,76,4.343805421853684,0.01781431383355276,0.0162487234920263,0.4187580988003725,0.17105263157894737,0.7105263157894737,0.11842105263157894
2022-11-23,ETH,14,2.70805020110221,0.2357490444888494,0.128180346917361,0.41052242010896967,0.2857142857142857,0.7142857142857143,0.0
2022-11-24,BTC,57,4.060443010546419,-0.0349429632586084,0.0219901502132415,0.41647865514779686,0.08771929824561403,0.7368421052631579,0.17543859649122806
2022-11-24,ETH,11,2.4849066497880004,-0.04701616003347393,0.0936893322505056,0.4893811647769469,0.18181818181818182,0.5454545454545454,0.2727272727272727
2022-11-25,BTC,45,3.828641396489095,0.12274424132063157,0.0932293348014354,0.4580854546473537,0.26666666666666666,0.6,0.13333333333333333
2022-11-25,ETH,5,1.791759469228055,0.12313541807234288,0.0613768510520458,0.6257161345747155,0.4,0.4,0.2
2022-11-26,BTC,36,3.6109179126442243,-0.0788235359165507,-0.00794301647692915,0.392904536318776,0.08333333333333333,0.7222222222222222,0.19444444444444445
2022-11-26,ETH,3,1.3862943611198906,-0.29956685782720643,-0.2394973561167717,0.23260425276846564,0.0,0.6666666666666666,0.3333333333333333
2022-11-27,BTC,42,3.7612001156935624,0.0037781766482761887,0.012484268285334148,0.4902916277727884,0.16666666666666666,0.6666666666666666,0.16666666666666666
2022-11-27,ETH,5,1.791759469228055,0.09636736982502045,0.1300747450441122,0.6623293819992615,0.2,0.6,0.2
2022-11-28,BTC,59,4.0943445622221,0.029010187100492794,0.0322681292891502,0.4721990460476978,0.2033898305084746,0.6101694915254238,0.1864406779661017
2022-11-28,ETH,17,2.8903717578961645,0.07929256558418274,0.0376113690435886,0.5153021674411128,0.23529411764705882,0.5882352941176471,0.17647058823529413
2022-11-29,BTC,67,4.219507705176107,-0.01575358389570976,0.0197545960545539,0.42049146999591736,0.11940298507462686,0.6865671641791045,0.19402985074626866
2022-11-29,ETH,13,2.6390573296152584,0.27463982655451846,0.3013100223615765,0.38353648646717314,0.38461538461538464,0.6153846153846154,0.0
2022-11-30,BTC,55,4.02535169073515,-0.02596231608820911,0.0462417230010032,0.4346817758311634,0.10909090909090909,0.6727272727272727,0.21818181818181817
2022-11-30,ETH,13,2.6390573296152584,-0.1434199791043424,-0.0001779720187187,0.3774610673971114,0.07692307692307693,0.6153846153846154,0.3076923076923077
2022-12-01,BTC,42,3.7612001156935624,-0.1195925341675147,-0.04130850359797475,0.4424151770176105,0.07142857142857142,0.6428571428571429,0.2857142857142857
2022-12-01,ETH,11,2.4849066497880004,-0.1117047111249783,0.0108755026012659,0.4298870014760435,0.09090909090909091,0.6363636363636364,0.2727272727272727
2022-12-02,BTC,65,4.189654742026425,-0.06435594971721562,-0.0258331224322319,0.4864115000620263,0.15384615384615385,0.6461538461538462,0.2
2022-12-02,ETH,2,1.0986122886681098,-0.3860331019386649,-0.3860331019386649,0.24176830922674872,0.0,0.5,0.5
2022-12-03,BTC,37,3.6375861597263857,0.07621626303581572,0.0295627154409885,0.476268692402032,0.24324324324324326,0.6216216216216216,0.13513513513513514
2022-12-03,ETH,4,1.6094379124341003,-0.239103899570182,-0.13745456561446193,0.39892799077927904,0.0,0.75,0.25
2022-12-04,BTC,28,3.367295829986474,-0.10659155222986427,-0.024651970714330597,0.3744610424227037,0.07142857142857142,0.7142857142857143,0.21428571428571427
2022-12-04,ETH,4,1.6094379124341003,0.1025252535473555,0.11821571923792355,0.4444769824111814,0.25,0.5,0.25
2022-12-05,BTC,41,3.7376696182833684,-0.10863069145054352,-0.1310911774635315,0.49741443154845966,0.17073170731707318,0.5853658536585366,0.24390243902439024
2022-12-05,ETH,5,1.791759469228055,0.24781726934015752,0.1627995320595801,0.36328195956837506,0.2,0.8,0.0
2022-12-06,BTC,53,3.9889840465642745,-0.14144474337369484,-0.1022852808237075,0.4551107755073121,0.11320754716981132,0.5660377358490566,0.32075471698113206
2022-12-06,ETH,11,2.4849066497880004,0.17609441403130235,0.1264258418232202,0.2905765405346278,0.18181818181818182,0.8181818181818182,0.0
2022-12-07,BTC,55,4.02535169073515,-0.1015490670307455,-0.0410608910024166,0.4796839871942502,0.16363636363636364,0.5272727272727272,0.3090909090909091
2022-12-07,ETH,17,2.8903717578961645,0.006969425690305583,0.0278079509735107,0.316279946399009,0.058823529411764705,0.8823529411764706,0.058823529411764705
2022-12-08,BTC,49,3.912023005428146,-0.12522325506528878,-0.0273427739739418,0.4587767082324154,0.12244897959183673,0.6122448979591837,0.2653061224489796
2022-12-08,ETH,13,2.6390573296152584,-0.1745905586375067,-0.1585930213332176,0.26832460065867053,0.0,0.8461538461538461,0.15384615384615385
2022-12-09,BTC,46,3.8501476017100584,-0.061509413280240864,-0.0131762847304344,0.42652667673561306,0.13043478260869565,0.6739130434782609,0.1956521739130435
2022-12-09,ETH,13,2.6390573296152584,-0.09302703943103552,0.0191820785403251,0.3976532745073569,0.07692307692307693,0.6923076923076923,0.23076923076923078
2022-12-10,BTC,50,3.9318256327243257,-0.12531778999604284,-0.0056449677795171495,0.42497141096789404,0.06,0.68,0.26
2022-12-10,ETH,11,2.4849066497880004,0.00996648533989422,-0.0013876557350158,0.6137677859400931,0.2727272727272727,0.45454545454545453,0.2727272727272727
2022-12-11,BTC,85,4.454347296253507,-0.056382912309730755,-0.0090207122266292,0.510086833273564,0.15294117647058825,0.5764705882352941,0.27058823529411763
2022-12-11,ETH,7,2.0794415416798357,0.2241586913088603,-0.0036807097494602,0.5954697344136893,0.42857142857142855,0.5714285714285714,0.0
2022-12-12,BTC,92,4.532599493153256,0.054719169770934335,0.0717535642907023,0.4695191182403515,0.1956521739130435,0.6195652173913043,0.18478260869565216
2022-12-12,ETH,13,2.6390573296152584,0.13895123836118725,0.1001575216650962,0.48073677200343307,0.15384615384615385,0.6923076923076923,0.15384615384615385
2022-12-13,BTC,82,4.418840607796598,0.05292779328187973,0.01325410604476925,0.4880679720087449,0.21951219512195122,0.6219512195121951,0.15853658536585366
2022-12-13,ETH,7,2.0794415416798357,0.06268524089162905,-0.0048280619084835,0.4616746657640009,0.14285714285714285,0.8571428571428571,0.0
2022-12-14,BTC,72,4.290459441148391,-0.16183186563365679,-0.10563117032870645,0.45565827680616044,0.06944444444444445,0.6111111111111112,0.3194444444444444
2022-12-14,ETH,11,2.4849066497880004,0.143817978318442,0.1171331107616424,0.4854631584714838,0.18181818181818182,0.6363636363636364,0.18181818181818182
2022-12-15,BTC,55,4.02535169073515,-0.008861509117890493,0.0324931889772415,0.46563701515087225,0.18181818181818182,0.6545454545454545,0.16363636363636364
2022-12-15,ETH,10,2.3978952727983707,0.14576707284431906,0.22410845477133984,0.6000193858952816,0.3,0.5,0.2
2022-12-16,BTC,60,4.110873864173311,0.08007708733978992,0.057465243153274045,0.4679548077399863,0.21666666666666667,0.6166666666666667,0.16666666666666666
2022-12-16,ETH,13,2.6390573296152584,-0.21953976455216223,-0.2653750255703926,0.4746622373181854,0.07692307692307693,0.46153846153846156,0.46153846153846156
2022-12-17,BTC,60,4.110873864173311,-0.033249875468512394,0.043781057931482695,0.4536215877781143,0.11666666666666667,0.6833333333333333,0.2
2022-12-17,ETH,7,2.0794415416798357,-0.12388082640245557,-0.022165760397911,0.4537252122596047,0.0,0.7142857142857143,0.2857142857142857
2022-12-18,BTC,52,3.970291913552122,0.08496190678740206,0.03794927150011055,0.38478661203667236,0.17307692307692307,0.7692307692307693,0.057692307692307696
2022-12-18,ETH,5,1.791759469228055,0.2681084573734552,0.2916462868452072,0.5425178554341268,0.4,0.4,0.2
2022-12-19,BTC,42,3.7612001156935624,-0.023448760055803836,0.04545942880213255,0.42232468965813114,0.09523809523809523,0.7142857142857143,0.19047619047619047
2022-12-19,ETH,7,2.0794415416798357,0.43972732226497363,0.5272908648476005,0.3106646471280037,0.5714285714285714,0.42857142857142855,0.0
2022-12-20,BTC,47,3.871201010907891,0.03825293079593237,0.0276591107249259,0.4519090631888433,0.1276595744680851,0.723404255319149,0.14893617021276595
2022-12-20,ETH,12,2.5649493574615367,0.23700741988917193,0.1849451512098312,0.41927137194888736,0.25,0.6666666666666666,0.08333333333333333
2022-12-21,BTC,46,3.8501476017100584,-0.061365248063457736,-0.0163382720202207,0.4253544323534392,0.15217391304347827,0.6086956521739131,0.2391304347826087
2022-12-21,ETH,14,2.70805020110221,-0.10223544857996916,-0.013495929539203595,0.45192541457147256,0.14285714285714285,0.5714285714285714,0.2857142857142857
2022-12-22,BTC,39,3.6888794541139363,0.16927143380953333,0.1490829288959503,0.4181537792325733,0.23076923076923078,0.6923076923076923,0.07692307692307693
2022-12-22,ETH,11,2.4849066497880004,0.12153278727253727,0.010591298341751,0.45671634492988106,0.18181818181818182,0.7272727272727273,0.09090909090909091
2022-12-23,BTC,40,3.713572066704308,0.00810061604133807,-0.0447996631264686,0.4111245029078784,0.125,0.75,0.125
2022-12-23,ETH,7,2.0794415416798357,0.17221318198634045,0.2105846935883164,0.49559534934852095,0.2857142857142857,0.5714285714285714,0.14285714285714285
2022-12-24,BTC,41,3.7376696182833684,0.28522819722150794,0.1802344731986522,0.529319948217981,0.34146341463414637,0.5365853658536586,0.12195121951219512
2022-12-24,ETH,6,1.9459101490553132,0.17570954840630293,0.13031497178599236,0.23343462103615306,0.16666666666666666,0.8333333333333334,0.0
2022-12-25,BTC,33,3.5263605246161616,0.1103784349168453,0.087734792381525,0.5255312818525076,0.2727272727272727,0.5454545454545454,0.18181818181818182
2022-12-25,ETH,2,1.0986122886681098,-0.08678960055112836,-0.08678960055112836,0.059267765020591695,0.0,1.0,0.0
2022-12-26,BTC,41,3.7376696182833684,0.01898558255534891,0.0466043427586555,0.46453824176426195,0.17073170731707318,0.6341463414634146,0.1951219512195122
2022-12-26,ETH,6,1.9459101490553132,-0.08222474499295156,-0.05135103687644005,0.34494168755805993,0.0,0.8333333333333334,0.16666666666666666
2022-12-27,BTC,38,3.6635616461296463,0.11959231123450752,0.0779448579996824,0.4169644313154454,0.18421052631578946,0.7105263157894737,0.10526315789473684
2022-12-27,ETH,5,1.791759469228055,0.1862363549415022,0.3001809907145798,0.6096408475517189,0.2,0.6,0.2
2022-12-28,BTC,38,3.6635616461296463,0.04908135266496652,0.06935091502964495,0.3845616158959381,0.07894736842105263,0.7894736842105263,0.13157894736842105
2022-12-28,ETH,7,2.0794415416798357,-0.0026779651774891467,-0.0055023841559886,0.601867750088985,0.2857142857142857,0.42857142857142855,0.2857142857142857
2022-12-29,BTC,39,3.6888794541139363,0.11649964872795418,0.1128637716174125,0.43910016248520584,0.20512820512820512,0.6410256410256411,0.15384615384615385
2022-12-29,ETH,12,2.5649493574615367,-0.0388244428904727,-0.04063391685485835,0.4291381412311905,0.16666666666666666,0.6666666666666666,0.16666666666666666
2022-12-30,BTC,39,3.6888794541139363,0.06461596438804497,0.0156628675758838,0.4703591838095154,0.23076923076923078,0.6666666666666666,0.10256410256410256
2022-12-30,ETH,4,1.6094379124341003,-0.17951349169015884,-0.0271259322762489,0.37354057603723717,0.0,0.75,0.25
2022-12-31,BTC,45,3.828641396489095,0.09936233705116643,0.0699197724461555,0.44023746157753985,0.2,0.6888888888888889,0.1111111111111111
2022-12-31,ETH,6,1.9459101490553132,0.11034206813201307,0.10860314825549719,0.5485964056577797,0.16666666666666666,0.6666666666666666,0.16666666666666666
2023-01-01,BTC,42,3.7612001156935624,0.18881633935684694,0.0794771630316972,0.5117422721768471,0.2857142857142857,0.5952380952380952,0.11904761904761904
2023-01-01,ETH,2,1.0986122886681098,0.1744474456645548,0.1744474456645548,0.04369944028690368,0.0,1.0,0.0
2023-01-02,BTC,46,3.8501476017100584,0.14878595283801627,0.1092926734127104,0.472971534461714,0.30434782608695654,0.5217391304347826,0.17391304347826086
2023-01-02,ETH,6,1.9459101490553132,0.13593697765221197,0.11823928821831936,0.26494636923865894,0.16666666666666666,0.8333333333333334,0.0
2023-01-03,BTC,44,3.8066624897703196,0.09619972497140142,0.05200868239626285,0.49117533779431893,0.2727272727272727,0.5454545454545454,0.18181818181818182
2023-01-03,ETH,7,2.0794415416798357,0.1507186712697148,0.0986252650618553,0.12274831045490474,0.0,1.0,0.0
2023-01-04,BTC,42,3.7612001156935624,0.0446778269030065,0.05101623712107535,0.513458233927781,0.21428571428571427,0.5714285714285714,0.21428571428571427
2023-01-04,ETH,4,1.6094379124341003,-0.2618027091957629,-0.2287454847246408,0.3751056531962114,0.0,0.75,0.25
2023-01-05,BTC,43,3.784189633918261,0.00833006500169028,0.0224699415266513,0.49109619696985335,0.16279069767441862,0.6511627906976745,0.18604651162790697
2023-01-05,ETH,9,2.302585092994046,-0.15623396810972032,0.0053928941488265,0.4981687701589754,0.1111111111111111,0.4444444444444444,0.4444444444444444
2023-01-06,BTC,44,3.8066624897703196,0.026000393364070482,0.05364199914038175,0.46385350233161443,0.1590909090909091,0.6590909090909091,0.18181818181818182
2023-01-06,ETH,8,2.1972245773362196,-0.07831918701413088,0.0523243728093803,0.5201225348029407,0.125,0.5,0.375
2023-01-07,BTC,37,3.6375861597263857,-0.009389316946318432,-0.0657486971467733,0.42510173464654466,0.13513513513513514,0.7027027027027027,0.16216216216216217
2023-01-07,ETH,10,2.3978952727983707,-0.0474112991243601,-0.10651632491499186,0.450130657601366,0.1,0.7,0.2
2023-01-08,BTC,41,3.7376696182833684,0.06925585430410759,0.0598376998677849,0.5310258531361018,0.24390243902439024,0.5853658536585366,0.17073170731707318
2023-01-08,ETH,3,1.3862943611198906,-0.12890625869234398,-0.1558038778603077,0.1085022183061802,0.0,1.0,0.0
2023-01-09,BTC,35,3.58351893845611,0.031264246547860766,-0.0139624029397964,0.3284176540603652,0.14285714285714285,0.8,0.05714285714285714
2023-01-09,ETH,10,2.3978952727983707,0.18033691515447572,0.13929390488192434,0.3329461695382063,0.2,0.8,0.0
2023-01-10,BTC,46,3.8501476017100584,0.15005140444871198,0.0833843140862882,0.5316929630884999,0.30434782608695654,0.5434782608695652,0.15217391304347827
2023-01-10,ETH,6,1.9459101490553132,-0.12197338999249045,-0.0902311531826854,0.3037582325090746,0.0,0.8333333333333334,0.16666666666666666
2023-01-11,BTC,47,3.871201010907891,0.05556229762534827,0.0497354827821254,0.3379259690393834,0.10638297872340426,0.8297872340425532,0.06382978723404255
2023-01-11,ETH,4,1.6094379124341003,0.08806321455631402,0.0710258951876312,0.10703339391095171,0.0,1.0,0.0
2023-01-12,BTC,32,3.4965075614664802,0.11441840518455136,0.07677119015716011,0.4414774483749198,0.21875,0.65625,0.125
2023-01-12,ETH,9,2.302585092994046,-0.11114880623709827,0.0224691219627857,0.42270354362830626,0.1111111111111111,0.6666666666666666,0.2222222222222222
2023-01-13,BTC,44,3.8066624897703196,0.06080783165948975,0.0601144763641059,0.5002686732165955,0.20454545454545456,0.6363636363636364,0.1590909090909091
2023-01-13,ETH,5,1.791759469228055,-0.11922820704057813,-0.1758446395397186,0.43923001189334215,0.0,0.8,0.2
2023-01-14,BTC,62,4.143134726391533,0.021860402588161725,0.0315809370949864,0.43286686619763753,0.14516129032258066,0.7096774193548387,0.14516129032258066
2023-01-14,ETH,13,2.6390573296152584,-0.15459907688916877,-0.2232876569032669,0.4608750381398638,0.15384615384615385,0.6923076923076923,0.15384615384615385
2023-01-15,BTC,55,4.02535169073515,0.03269543961240824,0.0529306456446647,0.425487111642402,0.14545454545454545,0.6909090909090909,0.16363636363636364
2023-01-15,ETH,6,1.9459101490553132,0.059462177722404384,0.08814988099038595,0.21031032219303505,0.0,1.0,0.0
2023-01-16,BTC,42,3.7612001156935624,0.1113071496310156,0.03694658866152165,0.5261110007030741,0.2619047619047619,0.5714285714285714,0.16666666666666666
2023-01-16,ETH,7,2.0794415416798357,0.3754056183887379,0.2453223690390586,0.33426760863583005,0.42857142857142855,0.5714285714285714,0.0
2023-01-17,BTC,36,3.6109179126442243,-0.09062176751386788,-0.035158916376531096,0.3972469207291159,0.05555555555555555,0.7222222222222222,0.2222222222222222
2023-01-17,ETH,13,2.6390573296152584,0.4574365424207197,0.5833036177791655,0.38831717972992685,0.6923076923076923,0.23076923076923078,0.07692307692307693
2023-01-18,BTC,43,3.784189633918261,0.07657572884264205,0.045440811663866,0.4078926872853414,0.13953488372093023,0.7674418604651163,0.09302325581395349
2023-01-18,ETH,11,2.4849066497880004,0.1302806007548828,0.0858846865594387,0.527026579382485,0.2727272727272727,0.5454545454545454,0.18181818181818182
2023-01-19,BTC,46,3.8501476017100584,-0.053329830014895975,-0.0043354742228985,0.43053259716491055,0.13043478260869565,0.6739130434782609,0.1956521739130435
2023-01-19,ETH,8,2.1972245773362196,-0.011645667793345627,-0.055755525827407795,0.42237001280058967,0.125,0.75,0.125
2023-01-20,BTC,43,3.784189633918261,0.05319428286341906,0.0607174709439277,0.4319483833415543,0.16279069767441862,0.6744186046511628,0.16279069767441862
2023-01-20,ETH,12,2.5649493574615367,0.021615279974260677,0.002295450307428802,0.5568505368982297,0.25,0.5,0.25
2023-01-21,BTC,47,3.871201010907891,-0.03632012310318967,0.0296648442745208,0.4674822893995426,0.1276595744680851,0.6170212765957447,0.2553191489361702
2023-01-21,ETH,8,2.1972245773362196,-0.04010086297057572,0.03203442832455035,0.21734694236895516,0.0,0.875,0.125
2023-01-22,BTC,43,3.784189633918261,0.02606674082317325,-0.0070042163133621,0.5156443079031668,0.18604651162790697,0.627906976744186,0.18604651162790697
2023-01-22,ETH,7,2.0794415416798357,0.0589105992444924,0.053508773446083,0.5282250829718916,0.14285714285714285,0.7142857142857143,0.14285714285714285
2023-01-23,BTC,51,3.9512437185814275,0.01134074866479517,0.0695841070264577,0.45976567976861454,0.1568627450980392,0.6470588235294118,0.19607843137254902
2023-01-23,ETH,5,1.791759469228055,0.33362522940151396,0.0792122669517993,0.4543428631557588,0.4,0.6,0.0
2023-01-24,BTC,57,4.060443010546419,-1.081571865249354e-06,0.0368538498878479,0.4102253499199346,0.10526315789473684,0.7017543859649122,0.19298245614035087
2023-01-24,ETH,12,2.5649493574615367,0.12280441366601734,0.04591580899432295,0.3621884468885062,0.16666666666666666,0.75,0.08333333333333333
2023-01-25,BTC,36,3.6109179126442243,0.12664267684643468,0.06039772555232045,0.4536763867259669,0.25,0.6388888888888888,0.1111111111111111
2023-01-25,ETH,7,2.0794415416798357,0.20112720550969243,0.2683761762455106,0.40819503000673013,0.14285714285714285,0.7142857142857143,0.14285714285714285
2023-01-26,BTC,43,3.784189633918261,0.10646065913931313,0.0972719900310039,0.49352054403355744,0.23255813953488372,0.5813953488372093,0.18604651162790697
2023-01-26,ETH,10,2.3978952727983707,-0.11113683385774493,-0.17326942831277847,0.2678592283935292,0.0,0.9,0.1
2023-01-27,BTC,44,3.8066624897703196,0.10335793456232006,0.07256819028407335,0.483968456278798,0.25,0.6363636363636364,0.11363636363636363
2023-01-27,ETH,6,1.9459101490553132,0.4274249178512643,0.4020893492270261,0.2843615857691275,0.3333333333333333,0.6666666666666666,0.0
2023-01-28,BTC,32,3.4965075614664802,0.0008155958348652313,0.0526624722406268,0.37777211160469737,0.125,0.78125,0.09375
2023-01-28,ETH,4,1.6094379124341003,-0.17301858437713236,-0.3064933503046632,0.493899845629667,0.25,0.5,0.25
2023-01-29,BTC,38,3.6635616461296463,0.055981374014855215,0.044324273243546444,0.44920023153824534,0.18421052631578946,0.6842105263157895,0.13157894736842105
2023-01-29,ETH,7,2.0794415416798357,0.023501641050513285,0.0589679293334484,0.2541625527278024,0.0,1.0,0.0
2023-01-30,BTC,44,3.8066624897703196,0.04485006327211686,0.04755952488631005,0.3727847305528329,0.1590909090909091,0.7272727272727273,0.11363636363636363
2023-01-30,ETH,5,1.791759469228055,-0.06985932681709527,-0.0792966112494468,0.32358519066084696,0.0,0.8,0.2
2023-01-31,BTC,44,3.8066624897703196,0.038754289594097886,0.09761842922307545,0.4359804046326551,0.13636363636363635,0.6818181818181818,0.18181818181818182
2023-01-31,ETH,5,1.791759469228055,0.16140230298042296,0.1187570625916123,0.2557339494389125,0.2,0.8,0.0
2023-02-01,BTC,49,3.912023005428146,0.10579651031567124,0.1262074708938598,0.4727806704009275,0.20408163265306123,0.673469387755102,0.12244897959183673
2023-02-01,ETH,12,2.5649493574615367,0.4148718281455028,0.37288452428765595,0.39724566426169533,0.4166666666666667,0.5833333333333334,0.0
2023-02-02,BTC,27,3.332204510175204,-0.2053902991961136,-0.1325502172112465,0.4054496859768292,0.037037037037037035,0.6666666666666666,0.2962962962962963
2023-02-02,ETH,8,2.1972245773362196,0.22332711316994389,0.06654920335859055,0.4755815709675107,0.25,0.75,0.0
2023-02-03,BTC,33,3.5263605246161616,-0.02811530618363935,-0.0077748298645019,0.4353120541877099,0.09090909090909091,0.696969696969697,0.21212121212121213
2023-02-03,ETH,8,2.1972245773362196,0.2881521869858261,0.09723882144317025,0.45309322394005774,0.375,0.625,0.0
2023-02-04,BTC,30,3.4339872044851463,-0.04737460258572052,-0.0363544505089521,0.3749561019533389,0.06666666666666667,0.7666666666666667,0.16666666666666666
2023-02-04,ETH,6,1.9459101490553132,-0.27535120242585737,-0.11438082810491321,0.4741492959239297,0.0,0.6666666666666666,0.3333333333333333
2023-02-05,BTC,22,3.1354942159291497,0.026254212716594328,0.0879607060924172,0.44678800082278414,0.13636363636363635,0.7272727272727273,0.13636363636363635
2023-02-05,ETH,5,1.791759469228055,0.3394488025456667,0.2724197078496218,0.6021254169103873,0.4,0.4,0.2
2023-02-06,BTC,40,3.713572066704308,-0.12067889678874053,-0.042722949758172,0.38176694048580967,0.05,0.7,0.25
2023-02-06,ETH,11,2.4849066497880004,-0.05572807763449172,0.0072630494832992,0.40822504864501663,0.09090909090909091,0.7272727272727273,0.18181818181818182
2023-02-07,BTC,29,3.4011973816621555,-0.11332930128314886,-0.0472274273633956,0.34713190327995336,0.034482758620689655,0.7586206896551724,0.20689655172413793
2023-02-07,ETH,6,1.9459101490553132,0.023517942987382384,0.074105616658926,0.2114145695877065,0.0,1.0,0.0
2023-02-08,BTC,31,3.4657359027997265,-0.05198801794059335,0.0023217666894197,0.39433780270380203,0.06451612903225806,0.7419354838709677,0.1935483870967742
2023-02-08,ETH,12,2.5649493574615367,0.056000515372337134,0.0709603275172412,0.39738361440643255,0.08333333333333333,0.75,0.16666666666666666
2023-02-09,BTC,45,3.828641396489095,-0.03881331776372261,0.0142693370580673,0.4073691509370823,0.08888888888888889,0.7111111111111111,0.2
2023-02-09,ETH,7,2.0794415416798357,0.12013125805450338,-0.0194564089179039,0.34413554302191957,0.14285714285714285,0.8571428571428571,0.0
2023-02-10,BTC,32,3.4965075614664802,0.10162184968066869,0.0623641149140894,0.47768143286423476,0.25,0.625,0.125
2023-02-10,ETH,11,2.4849066497880004,-0.008390652820129296,0.0202129036188125,0.5117140824076893,0.2727272727272727,0.45454545454545453,0.2727272727272727
2023-02-11,BTC,29,3.4011973816621555,0.02404215798616922,0.0592767484486103,0.4640602434679283,0.1724137931034483,0.6896551724137931,0.13793103448275862
2023-02-11,ETH,8,2.1972245773362196,-0.20951294736005366,-0.07773730158805846,0.39624924983077386,0.0,0.625,0.375
2023-02-12,BTC,33,3.5263605246161616,0.11360847233851072,0.0741847679018974,0.28751938442872393,0.15151515151515152,0.8181818181818182,0.030303030303030304
2023-02-12,ETH,7,2.0794415416798357,0.030699124160621843,0.1233062949031591,0.1829251424476848,0.0,1.0,0.0
2023-02-13,BTC,31,3.4657359027997265,-0.01849092791728195,0.0312804020941257,0.46155041341874986,0.16129032258064516,0.6451612903225806,0.1935483870967742
2023-02-13,ETH,4,1.6094379124341003,0.3209554709610529,0.1313651211094111,0.4381564406167892,0.25,0.75,0.0
2023-02-14,BTC,35,3.58351893845611,0.08277036652102002,0.0672596804797649,0.4714541639062531,0.22857142857142856,0.6285714285714286,0.14285714285714285
2023-02-14,ETH,7,2.0794415416798357,0.0018962648963289721,0.0034551620483398,0.37656650753842064,0.14285714285714285,0.7142857142857143,0.14285714285714285
2023-02-15,BTC,33,3.5263605246161616,0.048513860921516556,0.0652698287740349,0.42415274088822535,0.15151515151515152,0.696969696969697,0.15151515151515152
2023-02-15,ETH,7,2.0794415416798357,0.33792458003985565,0.1377457864582538,0.4263284850982863,0.2857142857142857,0.7142857142857143,0.0
2023-02-16,BTC,34,3.5553480614894135,0.04597503627198473,0.03079819772392505,0.429757244279266,0.14705882352941177,0.7058823529411765,0.14705882352941177
2023-02-16,ETH,9,2.302585092994046,0.09867986602087812,0.0943583734333515,0.2563745067264137,0.1111111111111111,0.7777777777777778,0.1111111111111111
2023-02-17,BTC,38,3.6635616461296463,0.000414153812208071,-0.03129783831536765,0.45434204726340344,0.18421052631578946,0.6578947368421053,0.15789473684210525
2023-02-17,ETH,11,2.4849066497880004,0.12103278540201821,0.0894822739064693,0.45915679668296583,0.18181818181818182,0.7272727272727273,0.09090909090909091
2023-02-18,BTC,31,3.4657359027997265,-0.048242150535506595,0.0023860484361648,0.3627170400451374,0.03225806451612903,0.8709677419354839,0.0967741935483871
2023-02-18,ETH,9,2.302585092994046,0.07971385167911649,0.0232267826795578,0.595149938364708,0.3333333333333333,0.4444444444444444,0.2222222222222222
2023-02-19,BTC,24,3.2188758248682006,-0.06760817096801476,0.018133155070245252,0.4423523461653692,0.08333333333333333,0.7083333333333334,0.20833333333333334
2023-02-19,ETH,6,1.9459101490553132,0.14974165288731456,0.1571357892826199,0.5550860236011317,0.3333333333333333,0.5,0.16666666666666666
2023-02-20,BTC,25,3.258096538021482,0.1835820213984698,0.1065969015471637,0.35749135348769856,0.2,0.76,0.04
2023-02-20,ETH,13,2.6390573296152584,0.0012455720167893459,0.0343604311347007,0.45995944391580573,0.15384615384615385,0.7692307692307693,0.07692307692307693
2023-02-21,BTC,25,3.258096538021482,0.24309487598016857,0.1805608216673135,0.4321396684657992,0.32,0.56,0.12
2023-02-21,ETH,11,2.4849066497880004,0.0824070811398666,0.1078263185918331,0.409064750942224,0.09090909090909091,0.7272727272727273,0.18181818181818182
2023-02-22,BTC,29,3.4011973816621555,0.04443621950561244,0.0527198435738682,0.38359648378412375,0.1724137931034483,0.7241379310344828,0.10344827586206896
2023-02-22,ETH,4,1.6094379124341003,0.1580666601657867,0.0794514929875731,0.17021201412581916,0.0,1.0,0.0
2023-02-23,BTC,39,3.6888794541139363,0.04770964295125733,0.0738812079653143,0.44196738513767697,0.1794871794871795,0.6410256410256411,0.1794871794871795
2023-02-23,ETH,11,2.4849066497880004,-0.012158858801492261,0.0649213204160332,0.4074774230172462,0.09090909090909091,0.7272727272727273,0.18181818181818182
2023-02-24,BTC,37,3.6375861597263857,-0.033002673339954505,0.0177572295069694,0.43286269537994276,0.10810810810810811,0.7567567567567568,0.13513513513513514
2023-02-24,ETH,16,2.833213344056216,0.1094738390384009,0.13452142477035522,0.3533321610879714,0.125,0.75,0.125
2023-02-25,BTC,24,3.2188758248682006,-0.02616077836137265,0.07536069815978405,0.4681308549924791,0.125,0.625,0.25
2023-02-25,ETH,4,1.6094379124341003,0.14827396022155878,0.2352767121046781,0.49224703214941734,0.25,0.5,0.25
2023-02-26,BTC,29,3.4011973816621555,0.03288668135566442,0.0487844794988632,0.43632370071230026,0.1724137931034483,0.6896551724137931,0.13793103448275862
2023-02-26,ETH,5,1.791759469228055,0.07231691819615667,-0.1731403674930334,0.7438112280160042,0.4,0.4,0.2
2023-02-27,BTC,20,3.044522437723423,0.0470100772450678,0.0778413722291588,0.419730830515896,0.15,0.75,0.1
2023-02-27,ETH,5,1.791759469228055,0.13391297543421385,0.1096258554607629,0.135001661962978,0.0,1.0,0.0
2023-02-28,BTC,42,3.7612001156935624,-0.0195273058100914,0.03801273880526415,0.4546931312326086,0.14285714285714285,0.6428571428571429,0.21428571428571427
2023-02-28,ETH,13,2.6390573296152584,0.15425270833433244,0.1044648084789514,0.31315641327119337,0.23076923076923078,0.7692307692307693,0.0
2023-03-01,BTC,38,3.6635616461296463,0.018000184316310622,0.053981440840288955,0.3898470130016222,0.10526315789473684,0.7368421052631579,0.15789473684210525
2023-03-01,ETH,9,2.302585092994046,0.08706776482156581,0.2377094947732985,0.5498260810445222,0.3333333333333333,0.4444444444444444,0.2222222222222222
2023-03-02,BTC,35,3.58351893845611,0.04183697852838252,0.0255312174558639,0.4258211292680004,0.17142857142857143,0.6571428571428571,0.17142857142857143
2023-03-02,ETH,7,2.0794415416798357,0.25767226740052657,0.0513152480125427,0.4707424265627862,0.2857142857142857,0.7142857142857143,0.0
2023-03-03,BTC,25,3.258096538021482,-0.10143480485305192,0.0179898217320442,0.4629983580351482,0.12,0.6,0.28
2023-03-03,ETH,7,2.0794415416798357,0.1067159145937434,0.0999272717162966,0.047380607280551164,0.0,1.0,0.0
2023-03-04,BTC,27,3.332204510175204,0.12898194344921243,0.0717421043664217,0.4029794986934545,0.2222222222222222,0.7407407407407407,0.037037037037037035
2023-03-04,ETH,10,2.3978952727983707,0.11309726674808189,0.04757111519575115,0.34679798075858126,0.1,0.9,0.0
2023-03-05,BTC,26,3.295836866004329,0.11032084639793119,0.02864809613674875,0.4947620285391997,0.2692307692307692,0.5769230769230769,0.15384615384615385
2023-03-05,ETH,2,1.0986122886681098,-0.2747284434735775,-0.2747284434735775,0.5193834377085019,0.0,0.5,0.5
2023-03-06,BTC,31,3.4657359027997265,0.058899292354321765,0.0653535206802189,0.39346359106832896,0.16129032258064516,0.7419354838709677,0.0967741935483871
2023-03-06,ETH,9,2.302585092994046,-0.2741020880380852,-0.335803946480155,0.5148535091781433,0.1111111111111111,0.5555555555555556,0.3333333333333333
2023-03-07,BTC,29,3.4011973816621555,-0.10702423671067789,-0.0791921764612197,0.38332188310353354,0.10344827586206896,0.6896551724137931,0.20689655172413793
2023-03-07,ETH,7,2.0794415416798357,0.2517798713109057,0.2148059732280671,0.5121811897200186,0.2857142857142857,0.5714285714285714,0.14285714285714285
2023-03-08,BTC,33,3.5263605246161616,-0.03361885437995874,0.0402265321463346,0.4652473088139135,0.12121212121212122,0.6666666666666666,0.21212121212121213
2023-03-08,ETH,10,2.3978952727983707,0.2435079844202846,0.19409675337374205,0.36366321476275026,0.2,0.7,0.1
2023-03-09,BTC,34,3.5553480614894135,0.06603944887790608,0.07090669497847554,0.4083589668695592,0.20588235294117646,0.6764705882352942,0.11764705882352941
2023-03-09,ETH,5,1.791759469228055,0.0807227190816775,0.0326758362352848,0.544263173412753,0.2,0.6,0.2
2023-03-10,BTC,51,3.9512437185814275,-0.06161158255246633,0.0398846231400966,0.5127895644441829,0.11764705882352941,0.6078431372549019,0.27450980392156865
2023-03-10,ETH,13,2.6390573296152584,0.1804010122298048,0.0614494830369949,0.37296717343882985,0.23076923076923078,0.6923076923076923,0.07692307692307693
2023-03-11,BTC,50,3.9318256327243257,-0.03358049061149359,-0.0132495351135731,0.45493912873782266,0.16,0.62,0.22
2023-03-11,ETH,7,2.0794415416798357,0.16428143065422776,0.0941139608621597,0.5502946217426821,0.2857142857142857,0.5714285714285714,0.14285714285714285
2023-03-12,BTC,41,3.7376696182833684,-0.06469720616800392,-0.0536302179098129,0.4099404869878345,0.0975609756097561,0.7073170731707317,0.1951219512195122
2023-03-12,ETH,11,2.4849066497880004,0.1252735738049854,0.002985842525959,0.34039249977120783,0.18181818181818182,0.7272727272727273,0.09090909090909091
2023-03-13,BTC,81,4.406719247264253,-0.04834036632544465,0.0123216658830642,0.5106233834724739,0.19753086419753085,0.5061728395061729,0.2962962962962963
2023-03-13,ETH,12,2.5649493574615367,-0.0662406635625909,0.0147186825051903,0.3288507676206687,0.0,0.8333333333333334,0.16666666666666666
2023-03-14,BTC,42,3.7612001156935624,-0.015952064683439134,0.0680704053957015,0.43525004735446676,0.14285714285714285,0.6666666666666666,0.19047619047619047
2023-03-14,ETH,7,2.0794415416798357,-0.13717585682336778,-0.0677126981317997,0.3239621698528368,0.0,0.7142857142857143,0.2857142857142857
2023-03-15,BTC,67,4.219507705176107,-0.017910554907771197,0.0508164027705788,0.3989463163243522,0.11940298507462686,0.7164179104477612,0.16417910447761194
2023-03-15,ETH,8,2.1972245773362196,0.08557806437602265,0.053437698632478645,0.5455130742522242,0.25,0.625,0.125
2023-03-16,BTC,41,3.7376696182833684,0.05166611387167216,0.0425555147230625,0.47475382275313416,0.1951219512195122,0.6341463414634146,0.17073170731707318
2023-03-16,ETH,10,2.3978952727983707,-0.09720374238677323,0.0566148795187473,0.33248546414171903,0.0,0.9,0.1
2023-03-17,BTC,51,3.9512437185814275,0.02635430305164453,0.0456937924027442,0.5313143516598949,0.23529411764705882,0.5490196078431373,0.21568627450980393
2023-03-17,ETH,15,2.772588722239781,0.26525798065898315,0.306950491387397,0.4358985798069038,0.26666666666666666,0.6666666666666666,0.06666666666666667
2023-03-18,BTC,52,3.970291913552122,-0.09591930822576754,-0.0357587672770023,0.39682723013820526,0.09615384615384616,0.7307692307692307,0.17307692307692307
2023-03-18,ETH,6,1.9459101490553132,0.059285536544242234,0.08402919024229044,0.5670456522566765,0.16666666666666666,0.6666666666666666,0.16666666666666666
2023-03-19,BTC,78,4.3694478524670215,0.040811948815527826,0.0194112621247768,0.47754451858460045,0.21794871794871795,0.6153846153846154,0.16666666666666666
2023-03-19,ETH,6,1.9459101490553132,0.21779485628940165,0.333551581017673,0.4531962453116268,0.5,0.3333333333333333,0.16666666666666666
2023-03-20,BTC,73,4.30406509320417,-0.05526835065692255,-0.0222435891628265,0.4807330679855274,0.1506849315068493,0.5616438356164384,0.2876712328767123
2023-03-20,ETH,8,2.1972245773362196,0.23569964634953067,0.29580164235085243,0.6131339767926073,0.5,0.375,0.125
2023-03-21,BTC,55,4.02535169073515,-0.013019934008744625,-0.0359731242060661,0.5034073387339655,0.2,0.5818181818181818,0.21818181818181817
2023-03-21,ETH,4,1.6094379124341003,0.25390559562947596,0.1031152657233178,0.42021070003486694,0.25,0.75,0.0
2023-03-22,BTC,59,4.0943445622221,-0.0824196996656641,-0.0600056089460849,0.4237201508272809,0.1016949152542373,0.6779661016949152,0.22033898305084745
2023-03-22,ETH,7,2.0794415416798357,-0.08952682831191594,0.104605684056878,0.33845920581674394,0.0,0.7142857142857143,0.2857142857142857
2023-03-23,BTC,43,3.784189633918261,-0.04934006625093346,-0.0491649806499481,0.39680620011278195,0.11627906976744186,0.7209302325581395,0.16279069767441862
2023-03-23,ETH,6,1.9459101490553132,0.07774202184130746,0.21844873344525695,0.4143897671353771,0.0,0.8333333333333334,0.16666666666666666
2023-03-24,BTC,52,3.970291913552122,0.06839155144273089,0.036952550522983046,0.44702008199505316,0.21153846153846154,0.6153846153846154,0.17307692307692307
2023-03-24,ETH,7,2.0794415416798357,0.06669719876455407,0.0862252237275242,0.23813795375071095,0.0,1.0,0.0
2023-03-25,BTC,49,3.912023005428146,0.002787902756423059,-0.0153960585594177,0.5322215192418428,0.1836734693877551,0.5918367346938775,0.22448979591836735
2023-03-25,ETH,6,1.9459101490553132,-0.19702219869941473,-0.1178997959941625,0.5640579008680612,0.16666666666666666,0.5,0.3333333333333333
2023-03-26,BTC,41,3.7376696182833684,-0.02039731999223189,-0.0102283582091331,0.4406338877743882,0.14634146341463414,0.6829268292682927,0.17073170731707318
2023-03-26,ETH,8,2.1972245773362196,0.1466873778263107,0.14586510928347707,0.2741471562919809,0.125,0.875,0.0
2023-03-27,BTC,50,3.9318256327243257,-0.004280344429425894,0.0012838747352362,0.4673979987233374,0.18,0.6,0.22
2023-03-27,ETH,5,1.791759469228055,0.24498002745676786,0.18312280299142,0.6258550663018427,0.4,0.6,0.0
2023-03-28,BTC,47,3.871201010907891,-0.09197109836609442,0.003699243068695,0.34358891398611996,0.0851063829787234,0.8085106382978723,0.10638297872340426
2023-03-28,ETH,10,2.3978952727983707,0.3853380098007619,0.32172267208807165,0.3302278202097845,0.3,0.7,0.0
2023-03-29,BTC,48,3.8918202981106265,0.1002872375296041,0.01719446107745165,0.4091276864440354,0.20833333333333334,0.75,0.041666666666666664
2023-03-29,ETH,6,1.9459101490553132,0.04970573878381399,0.10224670078605405,0.5204098205026754,0.16666666666666666,0.6666666666666666,0.16666666666666666
2023-03-30,BTC,44,3.8066624897703196,0.12455881236449139,0.09815151011571285,0.38265340577269913,0.20454545454545456,0.7045454545454546,0.09090909090909091
2023-03-30,ETH,9,2.302585092994046,0.30824817697672796,0.2568815182894468,0.42993530231011495,0.3333333333333333,0.6666666666666666,0.0
2023-03-31,BTC,48,3.8918202981106265,0.011173998898205645,0.0609801332466304,0.43709537504998136,0.14583333333333334,0.6666666666666666,0.1875
2023-03-31,ETH,6,1.9459101490553132,-0.001433452746520435,0.043893122114241095,0.19934191917212876,0.0,1.0,0.0
2023-04-01,BTC,35,3.58351893845611,0.017182331452412252,0.059512831736356,0.47830007056573653,0.14285714285714285,0.6,0.2571428571428571
2023-04-01,ETH,5,1.791759469228055,0.09388468982651832,-0.0483464077115058,0.3100343166124466,0.0,1.0,0.0
2023-04-02,BTC,36,3.6109179126442243,0.015556052760479765,0.0499944128096103,0.4446750618134562,0.1111111111111111,0.6944444444444444,0.19444444444444445
2023-04-02,ETH,4,1.6094379124341003,-0.5561718225944787,-0.6912177978083491,0.36720332403592004,0.0,0.25,0.75
2023-04-03,BTC,37,3.6375861597263857,-0.020355402171058024,-0.013042613863945,0.4129234522343575,0.16216216216216217,0.6756756756756757,0.16216216216216217
2023-04-03,ETH,10,2.3978952727983707,0.4079013303620741,0.3796575504820794,0.4362890735232135,0.4,0.6,0.0
2023-04-04,BTC,37,3.6375861597263857,-0.04491710156907102,0.0522716380655765,0.511614613209843,0.16216216216216217,0.5945945945945946,0.24324324324324326
2023-04-04,ETH,7,2.0794415416798357,0.0856365816601153,0.0719637442380189,0.5125771576152494,0.14285714285714285,0.7142857142857143,0.14285714285714285
2023-04-05,BTC,41,3.7376696182833684,0.02657478991555186,0.0533056380227208,0.4494562703549787,0.1951219512195122,0.6585365853658537,0.14634146341463414
2023-04-05,ETH,7,2.0794415416798357,0.16239908296016178,0.0786791844293475,0.6199582770580685,0.2857142857142857,0.5714285714285714,0.14285714285714285
2023-04-06,BTC,41,3.7376696182833684,0.2283773353527777,0.1247670967131853,0.4006918559627765,0.2926829268292683,0.6585365853658537,0.04878048780487805
2023-04-06,ETH,3,1.3862943611198906,0.11281944174940388,0.3185289781540632,0.39710261317476303,0.0,1.0,0.0
2023-04-07,BTC,41,3.7376696182833684,0.031179245379639835,0.0033085271716117,0.44960324095023474,0.1951219512195122,0.6341463414634146,0.17073170731707318
2023-04-07,ETH,4,1.6094379124341003,0.13487446901854128,0.2423241401556879,0.42685486322989763,0.25,0.5,0.25
2023-04-08,BTC,38,3.6635616461296463,-0.02335927604182967,0.0147755704820156,0.4330490116062762,0.15789473684210525,0.6052631578947368,0.23684210526315788
2023-04-08,ETH,5,1.791759469228055,-0.0020807002671062945,0.167226992547512,0.5838306242855035,0.2,0.6,0.2
2023-04-09,BTC,38,3.6635616461296463,0.06950111262880168,0.0518780145794153,0.42472683998996047,0.15789473684210525,0.7631578947368421,0.07894736842105263
2023-04-09,ETH,6,1.9459101490553132,0.27123379092275474,0.27709460002370173,0.5776357784350724,0.3333333333333333,0.5,0.16666666666666666
2023-04-10,BTC,40,3.713572066704308,0.0673497550538741,0.0399955478496849,0.47007289971381067,0.175,0.7,0.125
2023-04-10,ETH,12,2.5649493574615367,0.22584363605710678,0.17222845088690514,0.4683345859494468,0.4166666666666667,0.5,0.08333333333333333
2023-04-11,BTC,46,3.8501476017100584,-0.056874170585575985,0.04513276740908615,0.520456669938375,0.15217391304347827,0.5434782608695652,0.30434782608695654
2023-04-11,ETH,7,2.0794415416798357,0.09635722371084346,0.0869940109550952,0.5282666800139606,0.42857142857142855,0.2857142857142857,0.2857142857142857
2023-04-12,BTC,57,4.060443010546419,-0.01367851091842903,0.0328015759587287,0.47727783680773667,0.17543859649122806,0.5789473684210527,0.24561403508771928
2023-04-12,ETH,9,2.302585092994046,0.30921996866042417,0.3174897795543074,0.21964603046497885,0.2222222222222222,0.7777777777777778,0.0
2023-04-13,BTC,50,3.9318256327243257,0.002556009846739463,0.034736980684101554,0.4793799677107787,0.12,0.68,0.2
2023-04-13,ETH,11,2.4849066497880004,0.050553001251749,0.0373400319367647,0.39598897345624223,0.09090909090909091,0.8181818181818182,0.09090909090909091
2023-04-14,BTC,42,3.7612001156935624,-0.023729073981355344,0.0288004484027624,0.4547268076014976,0.14285714285714285,0.6428571428571429,0.21428571428571427
2023-04-14,ETH,16,2.833213344056216,0.10514003115531521,0.01765884831547735,0.37563705577187395,0.125,0.8125,0.0625
2023-04-15,BTC,39,3.6888794541139363,-0.036884416085787304,-0.007564328610897,0.42885572325020177,0.15384615384615385,0.6410256410256411,0.20512820512820512
2023-04-15,ETH,6,1.9459101490553132,0.04973708066002778,-0.04593920754268765,0.42310493081331024,0.16666666666666666,0.8333333333333334,0.0
2023-04-16,BTC,35,3.58351893845611,-0.0808220738278968,-0.0148349925875663,0.47608565203207703,0.17142857142857143,0.5428571428571428,0.2857142857142857
2023-04-16,ETH,10,2.3978952727983707,0.08370743501000107,-0.004971942864358401,0.32751756634059714,0.2,0.8,0.0
2023-04-17,BTC,47,3.871201010907891,0.008702560422070165,0.0109402127563953,0.454291135004801,0.1702127659574468,0.6595744680851063,0.1702127659574468
2023-04-17,ETH,16,2.833213344056216,0.1784772923856508,0.1097102258354425,0.4559191524241779,0.25,0.625,0.125
2023-04-18,BTC,49,3.912023005428146,0.16837675419008855,0.1150235310196876,0.36360125764201084,0.1836734693877551,0.7755102040816326,0.04081632653061224
2023-04-18,ETH,11,2.4849066497880004,0.24197884996167637,0.1543965376913547,0.4949895744513707,0.36363636363636365,0.5454545454545454,0.09090909090909091
2023-04-19,BTC,43,3.784189633918261,-0.1254826666310776,-0.0981304720044136,0.383122838692602,0.09302325581395349,0.7209302325581395,0.18604651162790697
2023-04-19,ETH,9,2.302585092994046,-0.19503528733427325,-0.1959974952042102,0.28864364668159437,0.0,0.8888888888888888,0.1111111111111111
2023-04-20,BTC,37,3.6375861597263857,0.05910300580797264,0.0322801060974597,0.43515866267913555,0.1891891891891892,0.6756756756756757,0.13513513513513514
2023-04-20,ETH,10,2.3978952727983707,-0.13972470529843123,-0.0853533893823623,0.40735574884021697,0.1,0.6,0.3
2023-04-21,BTC,46,3.8501476017100584,0.058403036969653106,0.0728365648537874,0.4835304766105227,0.17391304347826086,0.6304347826086957,0.1956521739130435
2023-04-21,ETH,4,1.6094379124341003,-0.13235734589397904,-0.15486500225961206,0.14671072149249512,0.0,1.0,0.0
2023-04-22,BTC,41,3.7376696182833684,0.10716896364181416,0.0640511363744735,0.4725992132989749,0.24390243902439024,0.6097560975609756,0.14634146341463414
2023-04-23,BTC,43,3.784189633918261,0.1376099055984902,0.1107303462922573,0.4876486335474181,0.2558139534883721,0.6046511627906976,0.13953488372093023
2023-04-23,ETH,4,1.6094379124341003,0.050205440726131194,-0.01686873845756055,0.5888668108942161,0.25,0.5,0.25
2023-04-24,BTC,44,3.8066624897703196,0.11284058628900144,0.05119595513679085,0.4617456028035306,0.25,0.6136363636363636,0.13636363636363635
2023-04-24,ETH,6,1.9459101490553132,0.2718920046463608,0.16347502777352924,0.37945210011192376,0.16666666666666666,0.8333333333333334,0.0
2023-04-25,BTC,50,3.9318256327243257,0.022909999571274948,0.05253372620791195,0.49683298293263883,0.18,0.62,0.2
2023-04-25,ETH,7,2.0794415416798357,0.08786096636738094,0.0286685153841972,0.35131506230476983,0.14285714285714285,0.7142857142857143,0.14285714285714285
2023-04-26,BTC,49,3.912023005428146,0.035217711374125604,0.0795048624277114,0.43552798344231686,0.14285714285714285,0.7346938775510204,0.12244897959183673
2023-04-26,ETH,3,1.3862943611198906,0.3228197778419902,0.062436593696475,0.514001051101722,0.3333333333333333,0.6666666666666666,0.0
2023-04-27,BTC,44,3.8066624897703196,0.10814517523183233,0.03378004301339385,0.39311139070746703,0.22727272727272727,0.6818181818181818,0.09090909090909091
2023-04-27,ETH,7,2.0794415416798357,-0.2812771109997162,-0.3469340801239013,0.5745786803975598,0.14285714285714285,0.42857142857142855,0.42857142857142855
2023-04-28,BTC,40,3.713572066704308,0.049394162977114325,0.05768258869647975,0.44971526204504314,0.175,0.65,0.175
2023-04-28,ETH,7,2.0794415416798357,0.13305065727659635,0.272808272857219,0.518947730973716,0.14285714285714285,0.7142857142857143,0.14285714285714285
2023-04-29,BTC,29,3.4011973816621555,-0.0832558425729452,-0.0086346417665481,0.4875137470488172,0.13793103448275862,0.5517241379310345,0.3103448275862069
2023-04-29,ETH,3,1.3862943611198906,-0.4429438067600131,-0.6686971373856068,0.5032186268834499,0.0,0.3333333333333333,0.6666666666666666
2023-04-30,BTC,30,3.4339872044851463,0.11449658668910462,0.09041568730026481,0.4362828146708357,0.16666666666666666,0.7,0.13333333333333333
2023-04-30,ETH,3,1.3862943611198906,-0.0405903160572052,0.0273164883255958,0.33548895638085413,0.0,1.0,0.0
2023-05-01,BTC,36,3.6109179126442243,-0.056180031627364874,-0.02376658096909515,0.41597602738591694,0.1388888888888889,0.6388888888888888,0.2222222222222222
2023-05-01,ETH,9,2.302585092994046,-0.21413087575799888,-0.2209859862923622,0.31805591292897384,0.0,0.6666666666666666,0.3333333333333333
2023-05-02,BTC,41,3.7376696182833684,-0.0546260886916482,0.0308365654200315,0.4742101894378461,0.14634146341463414,0.5609756097560976,0.2926829268292683
2023-05-02,ETH,9,2.302585092994046,-0.1683282476539413,-0.2311673294752836,0.5071465212172919,0.1111111111111111,0.6666666666666666,0.2222222222222222
2023-05-03,BTC,32,3.4965075614664802,0.012286492576095034,0.04018911626189945,0.36553224938523615,0.0625,0.78125,0.15625
2023-05-03,ETH,3,1.3862943611198906,-0.04901652845243615,0.0754786729812622,0.4981647401626969,0.0,0.6666666666666666,0.3333333333333333
2023-05-04,BTC,51,3.9512437185814275,0.09997316304703846,0.0675261095166206,0.5283041100445638,0.27450980392156865,0.5294117647058824,0.19607843137254902
2023-05-04,ETH,6,1.9459101490553132,0.08921766878726582,0.11346858041360969,0.4712048876843641,0.16666666666666666,0.6666666666666666,0.16666666666666666
2023-05-05,BTC,38,3.6635616461296463,-0.05748090000308462,0.01704969163984055,0.4597059506952074,0.13157894736842105,0.5526315789473685,0.3157894736842105
2023-05-05,ETH,6,1.9459101490553132,-0.060334218355516604,-0.03483761847019194,0.45595887993988116,0.0,0.8333333333333334,0.16666666666666666
2023-05-06,BTC,21,3.091042453358316,-0.05755904813607534,0.0167032666504383,0.41332201793383216,0.14285714285714285,0.7142857142857143,0.14285714285714285
2023-05-06,ETH,3,1.3862943611198906,0.10286927347381909,0.1925806999206543,0.27749121663490955,0.0,1.0,0.0
2023-05-07,BTC,37,3.6375861597263857,-0.06356275013673146,0.0318012945353984,0.4164859592274041,0.08108108108108109,0.7297297297297297,0.1891891891891892
2023-05-07,ETH,4,1.6094379124341003,-0.054348150035366416,-0.146083845756948,0.6856722253685029,0.25,0.5,0.25
2023-05-08,BTC,44,3.8066624897703196,0.03242117349608715,0.04256595112383365,0.4394125500182734,0.1590909090909091,0.6818181818181818,0.1590909090909091
2023-05-08,ETH,9,2.302585092994046,0.08302129918916358,0.0161523278802633,0.24681369201717115,0.1111111111111111,0.8888888888888888,0.0
2023-05-09,BTC,55,4.02535169073515,-0.14715027119752697,-0.0140821114182472,0.43420825170113325,0.07272727272727272,0.6,0.32727272727272727
2023-05-09,ETH,8,2.1972245773362196,0.0784516043495387,-0.10417444631457326,0.5487850455147469,0.25,0.5,0.25
2023-05-10,BTC,52,3.970291913552122,0.04974712520533313,0.036096210591495,0.4145161810868488,0.17307692307692307,0.7115384615384616,0.11538461538461539
2023-05-10,ETH,9,2.302585092994046,0.2898739434313029,0.3263396811671555,0.35037283592709706,0.2222222222222222,0.7777777777777778,0.0
2023-05-11,BTC,30,3.4339872044851463,-0.030637194666390633,0.02635538484901185,0.5128217871568524,0.16666666666666666,0.5333333333333333,0.3
2023-05-11,ETH,9,2.302585092994046,0.05646753471551669,0.0584072489291429,0.4656755795951941,0.1111111111111111,0.6666666666666666,0.2222222222222222
2023-05-12,BTC,37,3.6375861597263857,0.10086137342040198,0.0916051156818866,0.39315336950125646,0.1891891891891892,0.7027027027027027,0.10810810810810811
2023-05-12,ETH,11,2.4849066497880004,-0.363105976827104,-0.4553605243563652,0.40483030042718754,0.0,0.5454545454545454,0.45454545454545453
2023-05-13,BTC,29,3.4011973816621555,-0.08420946201759166,0.0391701310873031,0.39058496525308994,0.034482758620689655,0.7586206896551724,0.20689655172413793
2023-05-13,ETH,8,2.1972245773362196,-0.2256676281685941,-0.10750816576182835,0.39098105382508036,0.0,0.75,0.25
2023-05-14,BTC,35,3.58351893845611,0.11134275842923672,0.0669567249715328,0.4343100301156729,0.2,0.7142857142857143,0.08571428571428572
2023-05-14,ETH,1,0.6931471805599453,0.1072605829685926,0.1072605829685926,,0.0,1.0,0.0
2023-05-15,BTC,47,3.871201010907891,0.006331743419844091,0.0497254561632871,0.43564598622008616,0.14893617021276595,0.7021276595744681,0.14893617021276595
2023-05-15,ETH,3,1.3862943611198906,-0.26706714555621147,-0.1681914590299129,0.3593636406145461,0.0,0.6666666666666666,0.3333333333333333
2023-05-16,BTC,44,3.8066624897703196,-0.0238092178373005,0.06741332868114111,0.46771190672712937,0.13636363636363635,0.6363636363636364,0.22727272727272727
2023-05-16,ETH,5,1.791759469228055,-0.0738346915692091,-0.0075454860925674,0.16126889141815254,0.0,1.0,0.0
2023-05-17,BTC,55,4.02535169073515,-0.078941356157884,0.0061932802200317,0.5353105717311261,0.16363636363636364,0.5454545454545454,0.2909090909090909
2023-05-17,ETH,3,1.3862943611198906,-0.11237650721644367,0.059764128178358,0.3547712318285817,0.0,0.6666666666666666,0.3333333333333333
2023-05-18,BTC,48,3.8918202981106265,-0.06304396458532817,-0.0350580150261521,0.5177414753414451,0.16666666666666666,0.5416666666666666,0.2916666666666667
2023-05-18,ETH,3,1.3862943611198906,0.18545342609286308,0.0761405378580093,0.5873975677353341,0.3333333333333333,0.6666666666666666,0.0
2023-05-19,BTC,33,3.5263605246161616,0.10635481014226872,0.035994566977024,0.4317951711990101,0.21212121212121213,0.6666666666666666,0.12121212121212122
2023-05-19,ETH,2,1.0986122886681098,-0.02775646653026345,-0.02775646653026345,0.6513139908984537,0.0,0.5,0.5
2023-05-20,BTC,40,3.713572066704308,0.021887932781828552,0.05010458268225185,0.3839921284337652,0.1,0.775,0.125
2023-05-20,ETH,5,1.791759469228055,-0.10768490061163905,-0.0071560628712177,0.19074264259226564,0.0,1.0,0.0
2023-05-21,BTC,29,3.4011973816621555,0.012620378205359998,0.0957937538623809,0.506296063190746,0.1724137931034483,0.5517241379310345,0.27586206896551724
2023-05-21,ETH,4,1.6094379124341003,-0.03740670194383711,-0.0203134072944522,0.5789346671774873,0.25,0.5,0.25
2023-05-22,BTC,44,3.8066624897703196,0.22725242752560668,0.1840799427591264,0.545505388033764,0.3181818181818182,0.5227272727272727,0.1590909090909091
2023-05-22,ETH,4,1.6094379124341003,0.29276566742919385,0.4895492615178227,0.7720316044225823,0.5,0.25,0.25
2023-05-23,BTC,41,3.7376696182833684,0.14329587540407548,0.0962578877806663,0.48999483898387225,0.21951219512195122,0.6341463414634146,0.14634146341463414
2023-05-23,ETH,5,1.791759469228055,0.2668124539777636,0.1098232120275497,0.3587418197362717,0.2,0.8,0.0
2023-05-24,BTC,48,3.8918202981106265,0.05790514135151168,0.06510710436850785,0.4726697619231534,0.16666666666666666,0.6666666666666666,0.16666666666666666
2023-05-24,ETH,3,1.3862943611198906,0.3313528262854864,0.0219783037900924,0.5644695131814037,0.3333333333333333,0.6666666666666666,0.0
2023-05-25,BTC,41,3.7376696182833684,0.17154526631291048,0.1397042796015739,0.4754029031223911,0.2682926829268293,0.5853658536585366,0.14634146341463414
2023-05-25,ETH,4,1.6094379124341003,0.08924475195817647,0.07785846572369334,0.04432459682764493,0.0,1.0,0.0
2023-05-26,BTC,46,3.8501476017100584,0.14432741388800024,0.10025369003415105,0.4655431275908167,0.21739130434782608,0.6739130434782609,0.10869565217391304
2023-05-26,ETH,10,2.3978952727983707,-0.23222720120102167,-0.2259102165699005,0.31049223648781726,0.0,0.7,0.3
2023-05-27,BTC,39,3.6888794541139363,0.045779106965384044,0.0439838413149118,0.5076874102850757,0.20512820512820512,0.6153846153846154,0.1794871794871795
2023-05-27,ETH,4,1.6094379124341003,-0.5068810402881354,-0.5916625410318375,0.3238551731821402,0.0,0.25,0.75
2023-05-28,BTC,35,3.58351893845611,-0.1268997880497149,0.0087744332849979,0.4663865535357618,0.05714285714285714,0.6857142857142857,0.2571428571428571
2023-05-28,ETH,3,1.3862943611198906,0.41535605148722726,0.535096263512969,0.21645076478843728,0.6666666666666666,0.3333333333333333,0.0
2023-05-29,BTC,32,3.4965075614664802,0.1748119613621384,0.10158641310408706,0.5256886276231957,0.3125,0.5,0.1875
2023-05-29,ETH,2,1.0986122886681098,0.042812087573111,0.042812087573111,0.008979811494998149,0.0,1.0,0.0
2023-05-30,BTC,45,3.828641396489095,0.04930242762590447,0.0484219314530491,0.46120356725062617,0.13333333333333333,0.7111111111111111,0.15555555555555556
2023-05-30,ETH,3,1.3862943611198906,0.3066341696151843,0.0469396263360977,0.49226463720397157,0.3333333333333333,0.6666666666666666,0.0
2023-05-31,BTC,19,2.995732273553991,-0.00328010840243416,0.066371276974678,0.42065697604976104,0.05263157894736842,0.7894736842105263,0.15789473684210525
2023-05-31,ETH,7,2.0794415416798357,0.017508552808846722,0.1082603279501199,0.6692098389512164,0.2857142857142857,0.42857142857142855,0.2857142857142857
2023-06-01,BTC,25,3.258096538021482,0.06078427606262265,0.0948105053976178,0.5214251601413182,0.2,0.6,0.2
2023-06-01,ETH,11,2.4849066497880004,-0.0396409597332505,0.0936597189866006,0.4423023677653987,0.0,0.8181818181818182,0.18181818181818182
2023-06-02,BTC,34,3.5553480614894135,0.08716964719967697,0.04432734008878465,0.48320215102296615,0.29411764705882354,0.47058823529411764,0.23529411764705882
2023-06-02,ETH,3,1.3862943611198906,-0.050925581560780565,-0.1270677521824836,0.579722379000207,0.3333333333333333,0.3333333333333333,0.3333333333333333
2023-06-03,BTC,32,3.4965075614664802,0.030054147006012485,0.0541365128010511,0.3832476345175031,0.09375,0.71875,0.1875
2023-06-03,ETH,2,1.0986122886681098,-0.3243792662397028,-0.3243792662397028,0.8448469429031159,0.0,0.5,0.5
2023-06-04,BTC,38,3.6635616461296463,0.10545668574540239,0.10832096729427575,0.3578289690563248,0.15789473684210525,0.7368421052631579,0.10526315789473684
2023-06-04,ETH,4,1.6094379124341003,0.5218888036906719,0.6914952635997906,0.5274291279251416,0.75,0.25,0.0
2023-06-05,BTC,40,3.713572066704308,-0.18249323909985835,-0.1818043384701013,0.4839180050381894,0.125,0.5,0.375
2023-06-05,ETH,4,1.6094379124341003,-0.5676573959644884,-0.5953288376331329,0.2201454065384702,0.0,0.5,0.5
2023-06-06,BTC,36,3.6109179126442243,-0.006254265860964858,0.0185355897992849,0.44800761221951013,0.19444444444444445,0.5555555555555556,0.25
2023-06-06,ETH,5,1.791759469228055,0.06159273544326425,0.25385657325387,0.7221568292439998,0.4,0.2,0.4
2023-06-07,BTC,31,3.4657359027997265,0.06018696252947614,0.0851735398173332,0.5083445278550828,0.25806451612903225,0.5483870967741935,0.1935483870967742
2023-06-07,ETH,5,1.791759469228055,0.30446077082306144,0.1075837193056941,0.5540850564096105,0.4,0.6,0.0
2023-06-08,BTC,47,3.871201010907891,0.07864026712412212,0.0535987727344036,0.38987248801179264,0.14893617021276595,0.7659574468085106,0.0851063829787234
2023-06-08,ETH,6,1.9459101490553132,-0.17049306545717025,-0.15599518548697236,0.25417642483725217,0.0,0.8333333333333334,0.16666666666666666
2023-06-09,BTC,41,3.7376696182833684,-0.03813008515720779,0.0147032178938388,0.48840886739032296,0.14634146341463414,0.6341463414634146,0.21951219512195122
2023-06-09,ETH,5,1.791759469228055,-0.105187492351979,-0.0077922530472278,0.37644900321142644,0.0,0.8,0.2
2023-06-10,BTC,43,3.784189633918261,-0.04915690073895075,-0.0229286327958107,0.5686556056563806,0.20930232558139536,0.46511627906976744,0.32558139534883723
2023-06-10,ETH,5,1.791759469228055,0.02098666792735456,0.0092142820358276,0.16866631729169254,0.0,1.0,0.0
2023-06-11,BTC,42,3.7612001156935624,-0.03990280614899738,0.03171159327030175,0.3918580030867879,0.09523809523809523,0.7380952380952381,0.16666666666666666
2023-06-11,ETH,6,1.9459101490553132,-0.021629850457732875,0.07491057831794021,0.6001521244917488,0.16666666666666666,0.5,0.3333333333333333
2023-06-12,BTC,10,2.3978952727983707,0.06325514730997381,0.10365815646946425,0.5297899450890452,0.3,0.5,0.2
2023-06-12,ETH,4,1.6094379124341003,0.2649024974089116,0.10117636434733865,0.3732143849392876,0.25,0.75,0.0
2023-06-13,BTC,6,1.9459101490553132,-0.011015447089448608,0.15790819027461106,0.6999100876351932,0.16666666666666666,0.5,0.3333333333333333
2023-06-14,BTC,13,2.6390573296152584,0.05921402441051144,0.0352562479674816,0.4445781278014899,0.15384615384615385,0.8461538461538461,0.0
2023-06-15,BTC,41,3.7376696182833684,0.05331424443709958,0.0502595081925392,0.4711501686951831,0.17073170731707318,0.6585365853658537,0.17073170731707318
2023-06-15,ETH,7,2.0794415416798357,0.35939285395267817,0.3912853552028537,0.2608364136091531,0.2857142857142857,0.7142857142857143,0.0
2023-06-16,BTC,44,3.8066624897703196,0.11153248363883571,0.0777139076963067,0.42709449036714037,0.20454545454545456,0.6590909090909091,0.13636363636363635
2023-06-16,ETH,2,1.0986122886681098,0.5321232273709029,0.5321232273709029,0.24124061981740794,0.5,0.5,0.0
2023-06-17,BTC,35,3.58351893845611,-0.03523703832844539,0.0342678539454937,0.5245625116572884,0.17142857142857143,0.5714285714285714,0.2571428571428571
2023-06-17,ETH,3,1.3862943611198906,0.09483801946043964,0.1364424303174018,0.4108688083155527,0.3333333333333333,0.6666666666666666,0.0
2023-06-18,BTC,38,3.6635616461296463,0.03813569143561546,0.05148587329313155,0.38920766670760615,0.15789473684210525,0.7105263157894737,0.13157894736842105
2023-06-18,ETH,4,1.6094379124341003,0.5000149157422129,0.6273595383390784,0.47899590401140635,0.75,0.25,0.0
2023-06-19,BTC,39,3.6888794541139363,0.13505253533665565,0.0968771921470761,0.44519511539406287,0.23076923076923078,0.6923076923076923,0.07692307692307693
2023-06-19,ETH,6,1.9459101490553132,0.0558380662308385,0.13184204325079915,0.5596959883575982,0.16666666666666666,0.6666666666666666,0.16666666666666666
2023-06-20,BTC,35,3.58351893845611,0.20644985889084635,0.1477998383343219,0.35955436517586753,0.22857142857142856,0.7142857142857143,0.05714285714285714
2023-06-20,ETH,6,1.9459101490553132,0.43585113478669274,0.30721264844760293,0.3342444965777877,0.3333333333333333,0.6666666666666666,0.0
2023-06-21,BTC,55,4.02535169073515,0.01937567039223557,0.0551759470254182,0.5158855699500597,0.16363636363636364,0.6,0.23636363636363636
2023-06-21,ETH,8,2.1972245773362196,-0.20394131948705763,-0.3017910085618496,0.38368646957216773,0.0,0.75,0.25
2023-06-22,BTC,34,3.5553480614894135,0.0267640762065318,0.08170489501208064,0.4789164400895527,0.17647058823529413,0.5882352941176471,0.23529411764705882
2023-06-22,ETH,11,2.4849066497880004,0.018385002728212942,0.0799395311623811,0.38246994526434724,0.09090909090909091,0.8181818181818182,0.09090909090909091
2023-06-23,BTC,45,3.828641396489095,-0.05238819189059238,-0.0084366351366043,0.4183736245762765,0.1111111111111111,0.6666666666666666,0.2222222222222222
2023-06-23,ETH,5,1.791759469228055,0.26606508884578944,0.3749818922951817,0.4615473771081241,0.4,0.6,0.0
2023-06-24,BTC,43,3.784189633918261,-0.05099012958817185,0.0078934058547019,0.45758419403388134,0.09302325581395349,0.6511627906976745,0.2558139534883721
2023-06-24,ETH,6,1.9459101490553132,0.018863004089022653,0.07254748512059445,0.23854653446919405,0.0,1.0,0.0
2023-06-25,BTC,28,3.367295829986474,0.03597741036875439,0.07050774618983266,0.45679938113049096,0.17857142857142858,0.6428571428571429,0.17857142857142858
2023-06-25,ETH,3,1.3862943611198906,0.298850130289793,0.4962341897189617,0.3795518207452003,0.6666666666666666,0.3333333333333333,0.0
2023-06-26,BTC,48,3.8918202981106265,0.07037906001399581,0.03604386933147905,0.4465345605559604,0.22916666666666666,0.6458333333333334,0.125
2023-06-26,ETH,6,1.9459101490553132,0.3041564749243359,0.2601708795409649,0.3643269187760657,0.3333333333333333,0.6666666666666666,0.0
2023-06-27,BTC,55,4.02535169073515,0.03185504005205901,0.0547952689230442,0.4249244921850172,0.14545454545454545,0.6727272727272727,0.18181818181818182
2023-06-27,ETH,5,1.791759469228055,-0.021092520747333775,5.849078297615051e-05,0.6087024514338674,0.2,0.6,0.2
2023-06-28,BTC,53,3.9889840465642745,0.08329486992772456,0.098311229608953,0.4241539290156756,0.20754716981132076,0.660377358490566,0.1320754716981132
2023-06-28,ETH,4,1.6094379124341003,-0.06055111531168224,0.084527519531548,0.47192394904711604,0.0,0.75,0.25
2023-06-29,BTC,43,3.784189633918261,-0.01897235830357776,0.0516986367292702,0.41169094422114555,0.11627906976744186,0.7209302325581395,0.16279069767441862
2023-06-29,ETH,5,1.791759469228055,0.1464144190773368,0.1818426791578531,0.5773451779646706,0.2,0.6,0.2
2023-06-30,BTC,43,3.784189633918261,0.07300553624626507,0.0665391087532043,0.4032543502960649,0.11627906976744186,0.7906976744186046,0.09302325581395349
2023-06-30,ETH,4,1.6094379124341003,0.20759484375594184,0.05722330138087274,0.5047900251394954,0.25,0.5,0.25
2023-07-01,BTC,20,3.044522437723423,0.040922999149188385,0.12342026690021154,0.45767464462603435,0.15,0.7,0.15
2023-07-01,ETH,4,1.6094379124341003,0.04585393075831234,0.0720135741867125,0.31662941506041664,0.0,1.0,0.0
2023-07-02,BTC,28,3.367295829986474,0.17681609977236284,0.17635283991694445,0.5741156533745071,0.39285714285714285,0.35714285714285715,0.25
2023-07-02,ETH,3,1.3862943611198906,-0.41523492988198996,-0.7343770107254386,0.6932351463028842,0.0,0.3333333333333333,0.6666666666666666
2023-07-03,BTC,36,3.6109179126442243,0.019285578817491305,0.057138132629916,0.46796166711691684,0.16666666666666666,0.6666666666666666,0.16666666666666666
2023-07-03,ETH,7,2.0794415416798357,-0.0021835286835474943,0.05259295925498,0.5091007394624929,0.14285714285714285,0.7142857142857143,0.14285714285714285
2023-07-04,BTC,38,3.6635616461296463,-0.05196002937583744,0.0382008850574493,0.48482078312842314,0.15789473684210525,0.5526315789473685,0.2894736842105263
2023-07-04,ETH,7,2.0794415416798357,0.5031984191487676,0.7294282815419137,0.44358023241100664,0.5714285714285714,0.42857142857142855,0.0
2023-07-05,BTC,40,3.713572066704308,0.053113835485419245,0.0572588397189974,0.49705511259904755,0.2,0.6,0.2
2023-07-05,ETH,8,2.1972245773362196,0.09418435060069896,0.0906068934127688,0.5625292588335571,0.25,0.625,0.125
2023-07-06,BTC,40,3.713572066704308,-0.0393494359072065,0.0107596907764673,0.4336557353998043,0.1,0.675,0.225
2023-07-06,ETH,6,1.9459101490553132,0.06860955381610741,0.06107217539101835,0.4580361369217759,0.16666666666666666,0.6666666666666666,0.16666666666666666
2023-07-07,BTC,30,3.4339872044851463,-0.01049686813882243,0.0762412431649863,0.4451044637404074,0.13333333333333333,0.6333333333333333,0.23333333333333334
2023-07-07,ETH,6,1.9459101490553132,0.42410112127739313,0.6511305707972497,0.7031292265908529,0.6666666666666666,0.16666666666666666,0.16666666666666666
2023-07-08,BTC,37,3.6375861597263857,0.018561385329686916,-0.0415349081158638,0.4580588649376987,0.16216216216216217,0.6756756756756757,0.16216216216216217
2023-07-08,ETH,4,1.6094379124341003,0.0766463588224724,-0.0005004957783967257,0.7292925291224789,0.5,0.0,0.5
2023-07-09,BTC,35,3.58351893845611,0.15750044715989914,0.0500180907547473,0.46596438554057423,0.2857142857142857,0.6,0.11428571428571428
2023-07-09,ETH,2,1.0986122886681098,-0.008979922160506248,-0.008979922160506248,0.40795101877980283,0.0,1.0,0.0
2023-07-10,BTC,40,3.713572066704308,0.00858529939432627,0.08073475165292615,0.452217361907685,0.175,0.6,0.225
2023-07-10,ETH,3,1.3862943611198906,0.7652034697045261,0.7879501145798713,0.16345708766495678,1.0,0.0,0.0
2023-07-11,BTC,44,3.8066624897703196,0.025534987216815352,-0.006353699602186701,0.4758278876392683,0.18181818181818182,0.6136363636363636,0.20454545454545456
2023-07-11,ETH,7,2.0794415416798357,-0.010819325256826615,-0.0219340920448303,0.4193049331561268,0.14285714285714285,0.7142857142857143,0.14285714285714285
2023-07-12,BTC,41,3.7376696182833684,-0.010060166616401672,0.0224601030349731,0.44320099499349985,0.14634146341463414,0.6097560975609756,0.24390243902439024
2023-07-12,ETH,5,1.791759469228055,0.38858570107258855,0.3908978560939431,0.411443665992888,0.4,0.6,0.0
2023-07-13,BTC,36,3.6109179126442243,0.08162615263265453,0.1156650823540985,0.4724555961634165,0.25,0.6111111111111112,0.1388888888888889
2023-07-13,ETH,4,1.6094379124341003,0.018862398806959377,0.1479888274334371,0.31030816116155496,0.0,0.75,0.25
2023-07-14,BTC,43,3.784189633918261,0.004997227167667346,0.0054064318537712,0.43066677163008976,0.11627906976744186,0.7209302325581395,0.16279069767441862
2023-07-14,ETH,4,1.6094379124341003,0.27437572192866355,0.31789745669811964,0.19862591992091805,0.0,1.0,0.0
2023-07-15,BTC,30,3.4339872044851463,-0.1266141343396157,-0.0742869526147842,0.40629252913099734,0.03333333333333333,0.7333333333333333,0.23333333333333334
2023-07-15,ETH,5,1.791759469228055,0.5055330345639959,0.4249871298670769,0.44498890516736317,0.4,0.6,0.0
2023-07-16,BTC,22,3.1354942159291497,0.03055577327243306,0.07586108660325405,0.3753049733416907,0.13636363636363635,0.7727272727272727,0.09090909090909091
2023-07-16,ETH,9,2.302585092994046,0.2542297494623603,0.0844509117305278,0.48145179816776873,0.3333333333333333,0.5555555555555556,0.1111111111111111
2023-07-17,BTC,35,3.58351893845611,0.03678385400479392,0.0435848236083984,0.42459593416079333,0.17142857142857143,0.6857142857142857,0.14285714285714285
2023-07-17,ETH,9,2.302585092994046,-0.3323481920071774,-0.2790463417768478,0.35365372929399674,0.0,0.5555555555555556,0.4444444444444444
2023-07-18,BTC,33,3.5263605246161616,0.061277567310202286,0.0875838287174701,0.42774558698736403,0.18181818181818182,0.6363636363636364,0.18181818181818182
2023-07-18,ETH,6,1.9459101490553132,0.18036397744435814,0.08431266341358415,0.18736570131482452,0.0,1.0,0.0
2023-07-19,BTC,39,3.6888794541139363,-0.03222853382332967,0.0215894356369972,0.3627132922557918,0.07692307692307693,0.7692307692307693,0.15384615384615385
2023-07-19,ETH,4,1.6094379124341003,0.04203694802708924,0.15458653960376975,0.5736120124643252,0.25,0.5,0.25
2023-07-20,BTC,28,3.367295829986474,-0.0374484632297286,-0.016262678429484353,0.5272149778105439,0.21428571428571427,0.5,0.2857142857142857
2023-07-20,ETH,3,1.3862943611198906,0.19196064490824938,0.2211801372468471,0.32688045810303146,0.3333333333333333,0.6666666666666666,0.0
2023-07-21,BTC,40,3.713572066704308,0.22702348974708003,0.0921495580114424,0.4259145175923362,0.325,0.675,0.0
2023-07-21,ETH,4,1.6094379124341003,0.08491783274803308,0.053994296584278303,0.6229015607654389,0.25,0.5,0.25
2023-07-22,BTC,31,3.4657359027997265,0.029039729792144038,-0.0042418576776981,0.42041194368910245,0.16129032258064516,0.7096774193548387,0.12903225806451613
2023-07-22,ETH,3,1.3862943611198906,0.3019201163357744,0.2060800706967711,0.3100014868943232,0.3333333333333333,0.6666666666666666,0.0
2023-07-23,BTC,30,3.4339872044851463,0.16434948546035832,0.06836427981033916,0.4547778792292081,0.23333333333333334,0.7,0.06666666666666667
2023-07-23,ETH,5,1.791759469228055,-0.2794868128374219,-0.0312610380351543,0.4984153201351711,0.0,0.6,0.4
2023-07-24,BTC,37,3.6375861597263857,0.034245864330866425,0.0382120078429579,0.44641249365452257,0.13513513513513514,0.7027027027027027,0.16216216216216217
2023-07-24,ETH,4,1.6094379124341003,-0.05291153839789331,-0.0877732299268246,0.5770870251368122,0.25,0.5,0.25
2023-07-25,BTC,37,3.6375861597263857,-0.17594104410916866,-0.1287619788199663,0.4585838822824102,0.10810810810810811,0.6486486486486487,0.24324324324324326
2023-07-25,ETH,6,1.9459101490553132,0.11691956462649007,0.0746212378144264,0.5531770569352846,0.3333333333333333,0.5,0.16666666666666666
2023-07-26,BTC,36,3.6109179126442243,0.11534345506354132,0.09881805628538129,0.47190148083702166,0.25,0.6388888888888888,0.1111111111111111
2023-07-26,ETH,2,1.0986122886681098,-0.4826244246214628,-0.4826244246214628,0.28904896920725665,0.0,0.5,0.5
2023-07-27,BTC,32,3.4965075614664802,-0.05845512952146237,-0.01014029979705805,0.4300913020204163,0.125,0.625,0.25
2023-07-27,ETH,8,2.1972245773362196,0.007358419767115262,0.07621546322479841,0.48824251495267607,0.25,0.5,0.25
2023-07-28,BTC,38,3.6635616461296463,0.16365873083276183,0.08348672487772996,0.5051811400545213,0.2894736842105263,0.6052631578947368,0.10526315789473684
2023-07-28,ETH,4,1.6094379124341003,-0.48238858859986067,-0.5194099433720112,0.2649505508280906,0.0,0.5,0.5
2023-07-29,BTC,29,3.4011973816621555,0.11836579794481654,0.0423295572400093,0.4505912686456414,0.2413793103448276,0.6896551724137931,0.06896551724137931
2023-07-29,ETH,6,1.9459101490553132,-0.1645752421269814,-0.0949636613950133,0.34508593191716747,0.0,0.8333333333333334,0.16666666666666666
2023-07-30,BTC,29,3.4011973816621555,0.06543394047285205,0.0540281273424625,0.3916974028567335,0.1724137931034483,0.7241379310344828,0.10344827586206896
2023-07-30,ETH,3,1.3862943611198906,0.6718831692123786,0.9734294845256954,0.5275917953513695,0.6666666666666666,0.3333333333333333,0.0
2023-07-31,BTC,42,3.7612001156935624,-0.0707770773497898,-0.096071888692677,0.4678861427225458,0.16666666666666666,0.6190476190476191,0.21428571428571427
2023-07-31,ETH,9,2.302585092994046,0.015856754241718188,-0.0773257426917553,0.5881407039745672,0.2222222222222222,0.4444444444444444,0.3333333333333333
2023-08-01,BTC,33,3.5263605246161616,0.016225083413618516,0.0314778424799442,0.40673066877849773,0.09090909090909091,0.7575757575757576,0.15151515151515152
2023-08-01,ETH,6,1.9459101490553132,-0.12223666425173484,-0.052808701992034954,0.5046369617807521,0.16666666666666666,0.5,0.3333333333333333
2023-08-02,BTC,23,3.1780538303479458,-0.03120988676243503,0.0229967609047889,0.44331238668714934,0.17391304347826086,0.6521739130434783,0.17391304347826086
2023-08-02,ETH,5,1.791759469228055,0.07812996404245494,0.0877663977444171,0.1476594565899924,0.0,1.0,0.0
2023-08-03,BTC,34,3.5553480614894135,-0.08312158379018965,-0.0019455887377262003,0.4958901359030902,0.11764705882352941,0.5882352941176471,0.29411764705882354
2023-08-03,ETH,5,1.791759469228055,-0.08670239988714457,0.0617152592167258,0.3095622993809066,0.0,0.8,0.2
2023-08-04,BTC,34,3.5553480614894135,0.06860414166893701,0.02084804791957135,0.5000718444037987,0.2647058823529412,0.5588235294117647,0.17647058823529413
2023-08-04,ETH,2,1.0986122886681098,0.6872327941237018,0.6872327941237018,0.2748984254387129,1.0,0.0,0.0
2023-08-05,BTC,27,3.332204510175204,0.06659861640245826,0.037542188540101,0.5065840180702468,0.2222222222222222,0.6296296296296297,0.14814814814814814
2023-08-05,ETH,3,1.3862943611198906,-0.04128877508143581,-0.0577536895871162,0.3151020661433731,0.0,1.0,0.0
2023-08-06,BTC,27,3.332204510175204,0.08709748153988686,0.0601712856441736,0.46733689385564736,0.18518518518518517,0.7407407407407407,0.07407407407407407
2023-08-06,ETH,3,1.3862943611198906,-0.36583488527685404,-0.4938657749444246,0.37509873960678325,0.0,0.3333333333333333,0.6666666666666666
2023-08-07,BTC,31,3.4657359027997265,0.10511886295411854,0.0926367458887398,0.38521181089978485,0.16129032258064516,0.7419354838709677,0.0967741935483871
2023-08-07,ETH,4,1.6094379124341003,0.1525705646490678,0.2248670668341219,0.17032551449154315,0.0,1.0,0.0
2023-08-08,BTC,28,3.367295829986474,0.2837819148719843,0.305048581212759,0.43890037667707715,0.39285714285714285,0.5714285714285714,0.03571428571428571
2023-08-08,ETH,2,1.0986122886681098,0.41001424565911293,0.41001424565911293,0.2802862416409589,0.5,0.5,0.0
2023-08-09,BTC,41,3.7376696182833684,-0.08278731313511364,-0.0294127203524112,0.43324075771924153,0.0975609756097561,0.6829268292682927,0.21951219512195122
2023-08-09,ETH,3,1.3862943611198906,-0.0029526818543672683,0.0083796679973602,0.060226760021370764,0.0,1.0,0.0
2023-08-10,BTC,35,3.58351893845611,0.08529920232415732,0.0953885018825531,0.499086191016162,0.2,0.6571428571428571,0.14285714285714285
2023-08-10,ETH,3,1.3862943611198906,-0.05452059224868815,0.0313185593113303,0.614554922792494,0.3333333333333333,0.3333333333333333,0.3333333333333333
2023-08-11,BTC,36,3.6109179126442243,-0.09061332817913757,-0.026958767324686002,0.4052269152105322,0.08333333333333333,0.6388888888888888,0.2777777777777778
2023-08-11,ETH,3,1.3862943611198906,0.08015836061288913,0.04005578905344,0.319236792925831,0.0,1.0,0.0
2023-08-12,BTC,30,3.4339872044851463,-0.05768312086972097,0.0115871801972389,0.3121765913761053,0.06666666666666667,0.8,0.13333333333333333
2023-08-12,ETH,1,0.6931471805599453,0.1572012193500995,0.1572012193500995,,0.0,1.0,0.0
2023-08-13,BTC,27,3.332204510175204,-0.041450005563631376,-0.0497537776827812,0.5135085697947874,0.18518518518518517,0.5555555555555556,0.25925925925925924
2023-08-13,ETH,4,1.6094379124341003,0.18297928804531693,0.16873665573075408,0.20932704279365363,0.0,1.0,0.0
2023-08-14,BTC,28,3.367295829986474,0.02580640169825139,-0.0154386498034,0.47443658622475127,0.21428571428571427,0.6071428571428571,0.17857142857142858
2023-08-14,ETH,5,1.791759469228055,-0.07703397357836368,0.0278594680130481,0.47871918461702617,0.0,0.8,0.2
2023-08-15,BTC,22,3.1354942159291497,-0.04691193497274072,0.05244620051234955,0.3225957507779252,0.0,0.8636363636363636,0.13636363636363635
2023-08-15,ETH,9,2.302585092994046,-0.12298758682380947,0.0465307831764221,0.46005476253858774,0.0,0.6666666666666666,0.3333333333333333
2023-08-16,BTC,35,3.58351893845611,-0.10541421442425676,-0.1346344798803329,0.3887013323836897,0.14285714285714285,0.6285714285714286,0.22857142857142856
2023-08-16,ETH,6,1.9459101490553132,-0.003325325126449267,0.08605207595974204,0.605527421159474,0.3333333333333333,0.3333333333333333,0.3333333333333333
2023-08-17,BTC,33,3.5263605246161616,0.09021970334773262,0.0959405610337853,0.4246188124613414,0.15151515151515152,0.7272727272727273,0.12121212121212122
2023-08-17,ETH,5,1.791759469228055,0.1923542484641075,0.0520609002560377,0.4280530446984351,0.4,0.6,0.0
2023-08-18,BTC,32,3.4965075614664802,0.11770359072761494,0.096377442125231,0.49284709705711843,0.25,0.53125,0.21875
2023-08-18,ETH,2,1.0986122886681098,0.41916404396761214,0.41916404396761214,0.7318528569611787,0.5,0.5,0.0
2023-08-19,BTC,31,3.4657359027997265,-0.0360630632738673,0.0147271361202001,0.3338872936145542,0.06451612903225806,0.8064516129032258,0.12903225806451613
2023-08-20,BTC,27,3.332204510175204,0.058753080269390794,-0.0641989931464195,0.44774697653909085,0.18518518518518517,0.6666666666666666,0.14814814814814814
2023-08-20,ETH,6,1.9459101490553132,0.30480291810818017,0.18850425002165136,0.39854525039580063,0.3333333333333333,0.6666666666666666,0.0
2023-08-21,BTC,35,3.58351893845611,0.04526389989602779,0.040272181853652,0.3768618572941907,0.14285714285714285,0.7714285714285715,0.08571428571428572
2023-08-21,ETH,5,1.791759469228055,-0.011787572875618912,-0.149469219148159,0.3499376671575827,0.0,1.0,0.0
2023-08-22,BTC,31,3.4657359027997265,0.03526438696069582,0.0519101172685623,0.3710179402658062,0.0967741935483871,0.8064516129032258,0.0967741935483871
2023-08-22,ETH,4,1.6094379124341003,-0.044533059699460927,0.1423342381604015,0.44224476073046365,0.0,0.75,0.25
2023-08-23,BTC,40,3.713572066704308,0.044662203220650544,0.07725825719535345,0.4652131814893173,0.175,0.65,0.175
2023-08-23,ETH,8,2.1972245773362196,0.19929779641097412,0.136867088265717,0.3996621745963922,0.375,0.625,0.0
2023-08-24,BTC,39,3.6888794541139363,0.08212496603552538,0.1110659837722778,0.4420338508592534,0.15384615384615385,0.7435897435897436,0.10256410256410256
2023-08-24,ETH,6,1.9459101490553132,0.41784192113361013,0.49486208765301853,0.35595086555697997,0.5,0.5,0.0
2023-08-25,BTC,31,3.4657359027997265,0.005158530157660275,0.0609581172466278,0.4603733556165973,0.12903225806451613,0.6451612903225806,0.22580645161290322
2023-08-25,ETH,7,2.0794415416798357,-0.14893975907138415,-0.2746242135763168,0.554622765567635,0.14285714285714285,0.5714285714285714,0.2857142857142857
2023-08-26,BTC,29,3.4011973816621555,0.047214353160033445,0.0081919431686401,0.44616173655283947,0.2413793103448276,0.6896551724137931,0.06896551724137931
2023-08-26,ETH,2,1.0986122886681098,0.3283112714998424,0.3283112714998424,0.3692866583356982,0.5,0.5,0.0
2023-08-27,BTC,22,3.1354942159291497,-0.10921848470091143,-0.10541038587689396,0.27615412316368115,0.0,0.9090909090909091,0.09090909090909091
2023-08-27,ETH,2,1.0986122886681098,0.2301251231692731,0.2301251231692731,0.04491690337261251,0.0,1.0,0.0
2023-08-28,BTC,33,3.5263605246161616,0.03101130690651409,0.0398099496960639,0.48265805379733207,0.21212121212121213,0.6060606060606061,0.18181818181818182
2023-08-28,ETH,7,2.0794415416798357,0.044632314039128144,0.1873461231589317,0.4490557097105114,0.14285714285714285,0.5714285714285714,0.2857142857142857
2023-08-29,BTC,35,3.58351893845611,0.038112726488283705,0.0394569709897041,0.46236412955805134,0.2,0.5714285714285714,0.22857142857142856
2023-08-29,ETH,5,1.791759469228055,0.13420770969241852,0.2756885569542646,0.3450405079357987,0.0,1.0,0.0
2023-08-30,BTC,28,3.367295829986474,-0.189505478587567,-0.2126372493803501,0.44908688787134576,0.07142857142857142,0.6071428571428571,0.32142857142857145
2023-08-31,BTC,38,3.6635616461296463,0.1383222611253395,0.05381007306277745,0.36876896199638126,0.18421052631578946,0.7631578947368421,0.05263157894736842
2023-08-31,ETH,6,1.9459101490553132,-0.0017204329681893282,0.0581398862414062,0.6331624265513462,0.16666666666666666,0.5,0.3333333333333333
2023-09-01,BTC,35,3.58351893845611,0.0067254609162253915,0.0284782014787197,0.4852251781337624,0.17142857142857143,0.6571428571428571,0.17142857142857143
2023-09-01,ETH,7,2.0794415416798357,0.23531528740256494,0.4077496118843555,0.6247369133509663,0.42857142857142855,0.42857142857142855,0.14285714285714285
2023-09-02,BTC,21,3.091042453358316,0.19323175264123296,0.2516773752868175,0.45902546376345493,0.2857142857142857,0.5714285714285714,0.14285714285714285
2023-09-02,ETH,4,1.6094379124341003,0.19971386244287714,0.37988685979507864,0.7112397706358611,0.5,0.25,0.25
2023-09-03,BTC,30,3.4339872044851463,0.05429168925620614,0.1150995818898081,0.4613254299482529,0.2,0.6333333333333333,0.16666666666666666
2023-09-03,ETH,1,0.6931471805599453,0.0071123242378234,0.0071123242378234,,0.0,1.0,0.0
2023-09-04,BTC,33,3.5263605246161616,-0.005411721004003821,-0.020146656781435,0.36669526561065235,0.15151515151515152,0.7272727272727273,0.12121212121212122
2023-09-04,ETH,6,1.9459101490553132,0.17202961188741028,0.0783767701359465,0.38973988379977204,0.16666666666666666,0.8333333333333334,0.0
2023-09-05,BTC,31,3.4657359027997265,0.02110622102589979,0.0169496089220047,0.3986056120405207,0.12903225806451613,0.7096774193548387,0.16129032258064516
2023-09-05,ETH,4,1.6094379124341003,0.13954548467881978,0.06420885771512985,0.19044371201526636,0.0,1.0,0.0
2023-09-06,BTC,47,3.871201010907891,0.01556400869021865,0.0351366456598043,0.4020603171986826,0.10638297872340426,0.7659574468085106,0.1276595744680851
2023-09-06,ETH,2,1.0986122886681098,-0.23091314849443736,-0.23091314849443736,0.5393999622367263,0.0,0.5,0.5
2023-09-07,BTC,36,3.6109179126442243,0.026168829476874732,0.05606359615921965,0.4662230297531133,0.16666666666666666,0.6666666666666666,0.16666666666666666
2023-09-07,ETH,7,2.0794415416798357,-0.10058474939848697,0.0991568369790911,0.3666245667679309,0.0,0.8571428571428571,0.14285714285714285
2023-09-08,BTC,36,3.6109179126442243,0.021238658848839496,0.0366146098822355,0.490152513925874,0.16666666666666666,0.6388888888888888,0.19444444444444445
2023-09-08,ETH,4,1.6094379124341003,-0.2821136339334771,-0.48362679686397314,0.5593713026467059,0.25,0.25,0.5
2023-09-09,BTC,34,3.5553480614894135,0.01572926106917507,0.0183992069214582,0.47027334483441763,0.17647058823529413,0.6176470588235294,0.20588235294117646
2023-09-09,ETH,2,1.0986122886681098,-0.1723847407847643,-0.1723847407847643,0.31518277590258825,0.0,1.0,0.0
2023-09-10,BTC,30,3.4339872044851463,-0.08952971257579824,-0.0686834845691919,0.3848252390392554,0.03333333333333333,0.8,0.16666666666666666
2023-09-10,ETH,3,1.3862943611198906,-0.4196419428723554,-0.3249850384891033,0.4242872584284853,0.0,0.6666666666666666,0.3333333333333333
2023-09-11,BTC,36,3.6109179126442243,-0.11128890072642308,-0.10581286251544945,0.4433333913363053,0.1111111111111111,0.5833333333333334,0.3055555555555556
2023-09-11,ETH,7,2.0794415416798357,-0.25042054562696386,-0.1086409538984298,0.40024949659540326,0.0,0.7142857142857143,0.2857142857142857
2023-09-12,BTC,32,3.4965075614664802,0.04233069616020657,0.0018824450671673003,0.32660600874731943,0.125,0.84375,0.03125
2023-09-12,ETH,9,2.302585092994046,0.023618419551187098,-0.0591493584215641,0.4031714386735134,0.2222222222222222,0.6666666666666666,0.1111111111111111
2023-09-13,BTC,40,3.713572066704308,-0.03826539454748855,0.07057164143770925,0.498074140176758,0.175,0.575,0.25
2023-09-13,ETH,3,1.3862943611198906,0.10093662181558709,0.1690889913588762,0.8756093122545152,0.3333333333333333,0.3333333333333333,0.3333333333333333
2023-09-14,BTC,27,3.332204510175204,-0.021641663387762744,0.0507771074771881,0.43160648361391724,0.1111111111111111,0.7407407407407407,0.14814814814814814
2023-09-14,ETH,6,1.9459101490553132,0.19474865748391798,0.16389830084517595,0.39024774266362716,0.3333333333333333,0.6666666666666666,0.0
2023-09-15,BTC,35,3.58351893845611,-0.051269096229225396,-0.0491843670606613,0.3976460738268905,0.11428571428571428,0.6571428571428571,0.22857142857142856
2023-09-15,ETH,8,2.1972245773362196,0.143909470847575,0.08786067645996805,0.3736768066533791,0.25,0.625,0.125
2023-09-16,BTC,21,3.091042453358316,0.0617700901680759,0.0330299502238631,0.4568645305115339,0.14285714285714285,0.6666666666666666,0.19047619047619047
2023-09-16,ETH,1,0.6931471805599453,0.2641954068094492,0.2641954068094492,,0.0,1.0,0.0
2023-09-17,BTC,24,3.2188758248682006,-0.0014311486544708457,-0.005460056476294998,0.4448567497627164,0.16666666666666666,0.6666666666666666,0.16666666666666666
2023-09-17,ETH,6,1.9459101490553132,0.2191113451068911,0.1496535507030785,0.5722129274127878,0.3333333333333333,0.5,0.16666666666666666
2023-09-18,BTC,34,3.5553480614894135,0.011026839307947619,0.036603687796741696,0.5111920224597204,0.20588235294117646,0.5294117647058824,0.2647058823529412
2023-09-18,ETH,3,1.3862943611198906,0.18907952091346192,-0.0813882891088724,0.6385640060570772,0.3333333333333333,0.6666666666666666,0.0
2023-09-19,BTC,41,3.7376696182833684,-0.019512008534880682,0.0412227343767881,0.3742729245708001,0.07317073170731707,0.7804878048780488,0.14634146341463414
2023-09-19,ETH,3,1.3862943611198906,-0.11266003766407569,-0.0418715737760067,0.4371254901667077,0.0,0.6666666666666666,0.3333333333333333
2023-09-20,BTC,36,3.6109179126442243,0.05727328470028522,0.04883554670959705,0.41491251852140754,0.1388888888888889,0.7222222222222222,0.1388888888888889
2023-09-20,ETH,9,2.302585092994046,0.14546140071211586,0.147016579285264,0.25536973156031273,0.0,0.8888888888888888,0.1111111111111111
2023-09-21,BTC,44,3.8066624897703196,0.12292806813440454,0.0386325088329613,0.47105487728228007,0.29545454545454547,0.5681818181818182,0.13636363636363635
2023-09-21,ETH,3,1.3862943611198906,-0.09396762338777387,0.025959001854062,0.22240060409154955,0.0,1.0,0.0
2023-09-22,BTC,39,3.6888794541139363,-0.04924816561815068,0.0401372667402029,0.39652609095782104,0.02564102564102564,0.8205128205128205,0.15384615384615385
2023-09-22,ETH,4,1.6094379124341003,-0.06694893212988973,-0.0037698019295931,0.22207326825700566,0.0,1.0,0.0
2023-09-23,BTC,28,3.367295829986474,0.023157113181826238,0.0478873285464942,0.4263213228751075,0.14285714285714285,0.7142857142857143,0.14285714285714285
2023-09-24,BTC,30,3.4339872044851463,-0.042444959934800866,-0.0549449604004621,0.45643945202747654,0.2,0.6,0.2
2023-09-24,ETH,3,1.3862943611198906,-0.3505711325754722,-0.4550218041986227,0.22051664217269634,0.0,0.6666666666666666,0.3333333333333333
2023-09-25,BTC,38,3.6635616461296463,-0.04893912487099633,0.0502241756767034,0.4204267150749635,0.07894736842105263,0.6578947368421053,0.2631578947368421
2023-09-25,ETH,3,1.3862943611198906,-0.005296412234504971,-0.0670139640569686,0.13861556169238945,0.0,1.0,0.0
2023-09-26,BTC,42,3.7612001156935624,-0.0920522188146909,-0.0604254566133022,0.46532936837209327,0.11904761904761904,0.6190476190476191,0.2619047619047619
2023-09-26,ETH,2,1.0986122886681098,-0.234868667088449,-0.234868667088449,0.002055584778484308,0.0,1.0,0.0
2023-09-27,BTC,29,3.4011973816621555,-0.038822133631991405,-0.099353589117527,0.5052587707550689,0.13793103448275862,0.6206896551724138,0.2413793103448276
2023-09-28,BTC,37,3.6375861597263857,-0.011257738202206187,-0.0050054043531417,0.45657660212538953,0.16216216216216217,0.6486486486486487,0.1891891891891892
2023-09-28,ETH,6,1.9459101490553132,0.019766733671228092,0.0794314094819128,0.4313731688821977,0.16666666666666666,0.6666666666666666,0.16666666666666666
2023-09-29,BTC,25,3.258096538021482,0.07454667702317237,0.0450610220432281,0.46125412542608685,0.24,0.6,0.16
2023-09-29,ETH,4,1.6094379124341003,0.0015130657702684541,-0.013716459274292,0.1362230692324249,0.0,1.0,0.0
2023-09-30,BTC,41,3.7376696182833684,-0.01927679792478136,-0.0898723006248474,0.49977287382145086,0.17073170731707318,0.5609756097560976,0.2682926829268293
2023-09-30,ETH,3,1.3862943611198906,0.20919720797489086,-0.0821338593959808,0.6217888731047535,0.3333333333333333,0.6666666666666666,0.0
2023-10-01,BTC,35,3.58351893845611,-0.02734769564121961,0.0059093981981277,0.4298304904327033,0.11428571428571428,0.6571428571428571,0.22857142857142856
2023-10-01,ETH,1,0.6931471805599453,0.9695583359571174,0.9695583359571174,,1.0,0.0,0.0
2023-10-02,BTC,52,3.970291913552122,0.07442575459852098,0.0568169043399393,0.45082983211215144,0.21153846153846154,0.6153846153846154,0.17307692307692307
2023-10-02,ETH,9,2.302585092994046,-0.13475946781949866,-0.0313648879528045,0.40537727579056804,0.0,0.7777777777777778,0.2222222222222222
2023-10-03,BTC,27,3.332204510175204,-0.11271344547815344,-0.1846507638692855,0.47908565833623407,0.14814814814814814,0.5555555555555556,0.2962962962962963
2023-10-03,ETH,3,1.3862943611198906,-0.3103423236558835,-0.534906417131424,0.46016452326835994,0.0,0.3333333333333333,0.6666666666666666
2023-10-04,BTC,36,3.6109179126442243,0.007084330323980065,0.0539478072896599,0.4266595451979653,0.16666666666666666,0.7222222222222222,0.1111111111111111
2023-10-04,ETH,2,1.0986122886681098,0.5767231495119631,0.5767231495119631,0.3040666743411081,0.5,0.5,0.0
2023-10-05,BTC,39,3.6888794541139363,0.1286538057685949,0.0832828283309936,0.45028299860635174,0.23076923076923078,0.6410256410256411,0.1282051282051282
2023-10-05,ETH,7,2.0794415416798357,-0.07514020933636599,0.1542979851365089,0.5140050170300067,0.14285714285714285,0.5714285714285714,0.2857142857142857
2023-10-06,BTC,25,3.258096538021482,-0.15816894743591547,-0.0773718208074569,0.4881702252850799,0.12,0.6,0.28
2023-10-06,ETH,9,2.302585092994046,-0.005445935789288746,0.0339261554181575,0.46455080417554867,0.1111111111111111,0.7777777777777778,0.1111111111111111
2023-10-07,BTC,23,3.1780538303479458,0.12827317864107696,0.0942978826351463,0.32312244024041664,0.13043478260869565,0.8260869565217391,0.043478260869565216
2023-10-07,ETH,2,1.0986122886681098,0.2699440997093916,0.2699440997093916,0.34929851608795126,0.5,0.5,0.0
2023-10-08,BTC,32,3.4965075614664802,-0.1411867595743388,-0.0372600741684436,0.42522418456633243,0.0625,0.6875,0.25
2023-10-08,ETH,1,0.6931471805599453,0.0986077468842268,0.0986077468842268,,0.0,1.0,0.0
2023-10-09,BTC,35,3.58351893845611,-0.01587514101660677,0.0200736746191978,0.49214490494179314,0.2,0.5714285714285714,0.22857142857142856
2023-10-10,BTC,38,3.6635616461296463,0.016320069645237363,0.0346655172761529,0.4598777865370128,0.15789473684210525,0.6052631578947368,0.23684210526315788
2023-10-10,ETH,3,1.3862943611198906,-0.2503945243855318,-0.109010849148035,0.4143784226297631,0.0,0.6666666666666666,0.3333333333333333
2023-10-11,BTC,33,3.5263605246161616,-0.02155474030807841,0.0488125206902623,0.501261244505327,0.21212121212121213,0.5454545454545454,0.24242424242424243
2023-10-11,ETH,2,1.0986122886681098,0.37031601602211595,0.37031601602211595,0.5008858793444375,0.5,0.5,0.0
2023-10-12,BTC,49,3.912023005428146,0.10732979718263126,0.120348185300827,0.5194610625610471,0.2653061224489796,0.5306122448979592,0.20408163265306123
2023-10-12,ETH,7,2.0794415416798357,-0.09668785140716606,0.057196419686079,0.4641532359857558,0.14285714285714285,0.5714285714285714,0.2857142857142857
2023-10-13,BTC,44,3.8066624897703196,0.004137879607945006,0.01007656846195455,0.4393434825373597,0.18181818181818182,0.6818181818181818,0.13636363636363635
2023-10-13,ETH,2,1.0986122886681098,-0.6608117362484336,-0.6608117362484336,0.07284330575571016,0.0,0.0,1.0
2023-10-14,BTC,38,3.6635616461296463,0.0052380588236509915,0.052197557874023845,0.47476170965673015,0.13157894736842105,0.6578947368421053,0.21052631578947367
2023-10-15,BTC,22,3.1354942159291497,-0.0005293474955992468,0.0647845054045319,0.34748832308983013,0.045454545454545456,0.8181818181818182,0.13636363636363635
2023-10-15,ETH,6,1.9459101490553132,-0.25451585293437046,-0.4594680294394493,0.5845060715456856,0.16666666666666666,0.3333333333333333,0.5
2023-10-16,BTC,30,3.4339872044851463,0.025267025191957743,0.089527424192056,0.4407669080066482,0.16666666666666666,0.7,0.13333333333333333
2023-10-16,ETH,5,1.791759469228055,0.031653149519115686,-0.1259922236204147,0.5332526407846444,0.2,0.6,0.2
2023-10-17,BTC,37,3.6375861597263857,0.015860521599549694,0.010166460648179,0.4933321654177112,0.1891891891891892,0.5675675675675675,0.24324324324324326
2023-10-17,ETH,5,1.791759469228055,-0.26070507261902093,-0.2559006828814745,0.5022213149108549,0.0,0.6,0.4
2023-10-18,BTC,44,3.8066624897703196,0.0299293836896223,0.028811915777623598,0.4662805011673885,0.20454545454545456,0.6136363636363636,0.18181818181818182
2023-10-18,ETH,4,1.6094379124341003,0.24860969645669684,0.0789279835298657,0.49573156825277226,0.25,0.75,0.0
2023-10-19,BTC,30,3.4339872044851463,0.13977486733347175,0.170248304028064,0.45566906197515555,0.23333333333333334,0.6666666666666666,0.1
2023-10-19,ETH,5,1.791759469228055,0.15142073160968722,0.0475246459245681,0.5591170383428714,0.2,0.6,0.2
2023-10-20,BTC,47,3.871201010907891,0.00935477522657589,0.031419713050127,0.41031079955205807,0.1702127659574468,0.6595744680851063,0.1702127659574468
2023-10-20,ETH,2,1.0986122886681098,0.07719022792298347,0.07719022792298347,1.0420068671457106,0.5,0.0,0.5
2023-10-21,BTC,42,3.7612001156935624,-0.009428772909034563,-0.03936366923153395,0.46105405982920067,0.14285714285714285,0.6904761904761905,0.16666666666666666
2023-10-21,ETH,4,1.6094379124341003,0.16063530178507793,0.0942933852784336,0.3960315022061246,0.25,0.75,0.0
2023-10-22,BTC,29,3.4011973816621555,0.05636445326923297,0.0144060403108596,0.5533002386815534,0.27586206896551724,0.5172413793103449,0.20689655172413793
2023-10-22,ETH,1,0.6931471805599453,-0.8558760941959918,-0.8558760941959918,,0.0,0.0,1.0
2023-10-23,BTC,61,4.127134385045092,0.03737863056270069,0.0287397559732198,0.4797166420932811,0.21311475409836064,0.5901639344262295,0.19672131147540983
2023-10-23,ETH,3,1.3862943611198906,0.5103348828852177,0.7091358837205917,0.5768001701598658,0.6666666666666666,0.3333333333333333,0.0
2023-10-24,BTC,86,4.465908118654584,-0.021836824793650143,-0.00695069134235375,0.43118758146355934,0.1511627906976744,0.6976744186046512,0.1511627906976744
2023-10-24,ETH,3,1.3862943611198906,0.053008100017905235,0.095564367249608,0.5903295586255556,0.3333333333333333,0.3333333333333333,0.3333333333333333
2023-10-25,BTC,55,4.02535169073515,0.10921015389348296,0.0410717632621526,0.4275888024558991,0.2,0.7272727272727273,0.07272727272727272
2023-10-25,ETH,4,1.6094379124341003,-0.20733671123161915,-0.20707538537681106,0.26994126728971257,0.0,1.0,0.0
2023-10-26,BTC,56,4.04305126783455,0.021959843234591457,0.0083268899470568,0.3924685323086345,0.17857142857142858,0.7142857142857143,0.10714285714285714
2023-10-26,ETH,6,1.9459101490553132,-0.12717057306629917,-0.11175875738263134,0.2745146443983106,0.0,0.8333333333333334,0.16666666666666666
2023-10-27,BTC,38,3.6635616461296463,-0.014032098391142337,0.01398778520524495,0.4069549894455087,0.10526315789473684,0.7368421052631579,0.15789473684210525
2023-10-27,ETH,3,1.3862943611198906,0.11432304900760452,0.1575147956609726,0.7248374337945647,0.3333333333333333,0.3333333333333333,0.3333333333333333
2023-10-28,BTC,34,3.5553480614894135,-0.04453641955521617,0.07014735974371425,0.44511066597632587,0.08823529411764706,0.7058823529411765,0.20588235294117646
2023-10-28,ETH,2,1.0986122886681098,0.37166884215548635,0.37166884215548635,0.15810423277960822,0.5,0.5,0.0
2023-10-29,BTC,30,3.4339872044851463,0.1147765700162078,0.07720780977979295,0.46517211334732705,0.13333333333333333,0.7333333333333333,0.13333333333333333
2023-10-29,ETH,2,1.0986122886681098,0.3384921653196216,0.3384921653196216,0.5559242904350244,0.5,0.5,0.0
2023-10-30,BTC,40,3.713572066704308,-0.07943797236075625,-0.0098832026124,0.3812229029913926,0.075,0.75,0.175
2023-10-30,ETH,2,1.0986122886681098,-0.31490775384008884,-0.31490775384008884,0.5555974995767392,0.0,0.5,0.5
2023-10-31,BTC,55,4.02535169073515,-0.005533370760862128,0.0368629926815629,0.46729460047067245,0.14545454545454545,0.6363636363636364,0.21818181818181817
2023-10-31,ETH,3,1.3862943611198906,0.16633433693399033,0.1280842889100313,0.3307454684458243,0.3333333333333333,0.6666666666666666,0.0
2023-11-01,BTC,47,3.871201010907891,0.03693593308289952,0.0227104946970939,0.438143330759674,0.1702127659574468,0.723404255319149,0.10638297872340426
2023-11-01,ETH,6,1.9459101490553132,0.2937985270400532,0.17967431247234344,0.5397789783659007,0.3333333333333333,0.6666666666666666,0.0
2023-11-02,BTC,51,3.9512437185814275,0.0051108407696672424,0.0293828845024108,0.43886507196029984,0.19607843137254902,0.6078431372549019,0.19607843137254902
2023-11-02,ETH,7,2.0794415416798357,-0.023920617531985065,0.0167632699012756,0.25872147020261915,0.0,1.0,0.0
2023-11-03,BTC,62,4.143134726391533,-0.08633170323446393,-0.029185159131884547,0.4272610102186121,0.11290322580645161,0.6612903225806451,0.22580645161290322
2023-11-03,ETH,4,1.6094379124341003,0.07265204572468066,0.06114069814793764,0.7205259302142247,0.25,0.5,0.25
2023-11-04,BTC,29,3.4011973816621555,-0.11767762303673501,0.0137272253632545,0.3830804806847992,0.06896551724137931,0.6896551724137931,0.2413793103448276
2023-11-04,ETH,3,1.3862943611198906,-0.3897785268103082,-0.4137078262865543,0.35794254252940444,0.0,0.6666666666666666,0.3333333333333333
2023-11-05,BTC,33,3.5263605246161616,0.17879808857811216,0.146594125777483,0.4906298036647511,0.2727272727272727,0.5757575757575758,0.15151515151515152
2023-11-05,ETH,5,1.791759469228055,-0.08436303064227106,0.0342032462358474,0.3974778867442996,0.0,0.8,0.2
2023-11-06,BTC,58,4.07753744390572,-0.10026617585841952,-0.00742375478148455,0.43356768058218814,0.1206896551724138,0.6206896551724138,0.25862068965517243
2023-11-06,ETH,3,1.3862943611198906,0.3727712320784728,0.0898409113287925,0.5083671514685543,0.3333333333333333,0.6666666666666666,0.0
2023-11-07,BTC,44,3.8066624897703196,-0.06404297795167871,0.00881193019449705,0.4643013442003029,0.13636363636363635,0.6363636363636364,0.22727272727272727
2023-11-07,ETH,4,1.6094379124341003,0.5669555619824678,0.575869804713875,0.31934709979151604,0.5,0.5,0.0
2023-11-08,BTC,50,3.9318256327243257,0.0039187057130038614,0.04318299330770965,0.4858713506945566,0.18,0.62,0.2
2023-11-08,ETH,5,1.791759469228055,0.33754246137104926,0.394381397170946,0.29240851209834295,0.2,0.8,0.0
2023-11-09,BTC,71,4.276666119016055,-0.04547721467597384,-0.0012363344430923,0.4776548633976701,0.15492957746478872,0.6056338028169014,0.23943661971830985
2023-11-09,ETH,6,1.9459101490553132,-0.06338617694564165,0.03793809609487645,0.3065689850805829,0.0,0.8333333333333334,0.16666666666666666
2023-11-10,BTC,63,4.1588830833596715,-0.025440133442836146,-0.0015517584979534,0.3472046862198549,0.09523809523809523,0.746031746031746,0.15873015873015872
2023-11-10,ETH,7,2.0794415416798357,0.3210672065615654,0.3910759296268224,0.6076430050150899,0.42857142857142855,0.42857142857142855,0.14285714285714285
2023-11-11,BTC,44,3.8066624897703196,-0.05808377473361113,-0.00190902315080165,0.42082454522220036,0.1590909090909091,0.6818181818181818,0.1590909090909091
2023-11-11,ETH,5,1.791759469228055,0.1813768924213946,0.1524983402341604,0.4047816005635802,0.2,0.8,0.0
2023-11-12,BTC,30,3.4339872044851463,-0.06430557849040877,0.007921099662780751,0.5947350514305972,0.26666666666666666,0.36666666666666664,0.36666666666666664
2023-11-13,BTC,35,3.58351893845611,0.1187680092440652,0.1537129012867808,0.5135231362660688,0.22857142857142856,0.6,0.17142857142857143
2023-11-13,ETH,6,1.9459101490553132,-0.21241561377731463,-0.40849301218986506,0.6757835740669365,0.16666666666666666,0.5,0.3333333333333333
2023-11-14,BTC,50,3.9318256327243257,0.05746579819126054,0.032329212874174104,0.4001911854965763,0.18,0.72,0.1
2023-11-14,ETH,4,1.6094379124341003,0.2511009422596544,0.1359822214581072,0.3168163379204066,0.25,0.75,0.0
2023-11-15,BTC,41,3.7376696182833684,-0.008083410776879015,0.0133461840450763,0.49344849782149763,0.17073170731707318,0.6097560975609756,0.21951219512195122
2023-11-15,ETH,7,2.0794415416798357,0.05345980834681541,0.0808137655258178,0.5234574156443598,0.2857142857142857,0.5714285714285714,0.14285714285714285
2023-11-16,BTC,66,4.204692619390966,0.0966872289991994,0.15670157503336662,0.539859076318793,0.25757575757575757,0.5,0.24242424242424243
2023-11-16,ETH,10,2.3978952727983707,0.293327075894922,0.140361892292276,0.49886852777673135,0.4,0.5,0.1
2023-11-17,BTC,62,4.143134726391533,-0.010653022965866957,0.027233766391873297,0.47219682943361985,0.1774193548387097,0.5483870967741935,0.27419354838709675
2023-11-17,ETH,5,1.791759469228055,0.23606861578300592,0.165127882733941,0.2665619639411918,0.2,0.8,0.0
2023-11-18,BTC,25,3.258096538021482,-0.06774296769872308,-0.0132548101246356,0.45828419567061257,0.12,0.68,0.2
2023-11-18,ETH,4,1.6094379124341003,0.26303693000227213,0.2200102750211954,0.4932744591891629,0.25,0.75,0.0
2023-11-19,BTC,38,3.6635616461296463,-0.017752914131913138,0.0065884292125701505,0.5412335323523897,0.23684210526315788,0.5,0.2631578947368421
2023-11-19,ETH,6,1.9459101490553132,-0.21386381533617774,-0.287963442504406,0.5141960751087776,0.0,0.5,0.5
2023-11-20,BTC,48,3.8918202981106265,0.045582041576077835,0.06605256721377364,0.4703516406354144,0.1875,0.6458333333333334,0.16666666666666666
2023-11-20,ETH,6,1.9459101490553132,-0.19915577210485935,-0.4120308542624116,0.6179285907598092,0.16666666666666666,0.5,0.3333333333333333
2023-11-21,BTC,41,3.7376696182833684,0.022835616715161544,0.0346638709306716,0.40222943308690473,0.14634146341463414,0.7560975609756098,0.0975609756097561
2023-11-21,ETH,9,2.302585092994046,0.19682451355684963,0.0797196021303534,0.5855372210691902,0.3333333333333333,0.5555555555555556,0.1111111111111111
2023-11-22,BTC,58,4.07753744390572,-0.02910149976177591,-0.01099916547536845,0.38478187301478184,0.08620689655172414,0.7758620689655172,0.13793103448275862
2023-11-22,ETH,5,1.791759469228055,0.02559668952599168,0.0285498164594173,0.15913965501248178,0.0,1.0,0.0
2023-11-23,BTC,53,3.9889840465642745,-0.03701816714491766,0.040188729763031,0.4049544761328602,0.11320754716981132,0.7169811320754716,0.16981132075471697
2023-11-23,ETH,7,2.0794415416798357,0.15176701246361649,0.2598546668887138,0.5983724396738367,0.42857142857142855,0.2857142857142857,0.2857142857142857
2023-11-24,BTC,51,3.9512437185814275,0.026150644939465843,0.0313326027244329,0.38515968046327426,0.09803921568627451,0.803921568627451,0.09803921568627451
2023-11-24,ETH,3,1.3862943611198906,0.10177426707620423,0.0237902626395225,0.7938781791307147,0.3333333333333333,0.3333333333333333,0.3333333333333333
2023-11-25,BTC,39,3.6888794541139363,0.03112538413216287,0.0844960850663483,0.3532420942156396,0.05128205128205128,0.8717948717948718,0.07692307692307693
2023-11-25,ETH,4,1.6094379124341003,-0.4528005571337417,-0.4236586932092905,0.3885349289277354,0.0,0.5,0.5
2023-11-26,BTC,47,3.871201010907891,-0.014150074821837416,0.0245283283293247,0.4327184352075856,0.1276595744680851,0.6808510638297872,0.19148936170212766
2023-11-26,ETH,1,0.6931471805599453,0.1605898141860962,0.1605898141860962,,0.0,1.0,0.0
2023-11-27,BTC,59,4.0943445622221,-0.012728822141317497,0.0102015659213066,0.46617247768340053,0.11864406779661017,0.6949152542372882,0.1864406779661017
2023-11-27,ETH,4,1.6094379124341003,-0.2017916550976224,-0.47136411210522056,0.8433103944671573,0.25,0.25,0.5
2023-11-28,BTC,39,3.6888794541139363,0.023483090926534844,0.0220192857086658,0.3729435603386046,0.15384615384615385,0.7692307692307693,0.07692307692307693
2023-11-28,ETH,8,2.1972245773362196,0.4375618255871814,0.4958869647234678,0.3466685109967391,0.625,0.375,0.0
2023-11-29,BTC,61,4.127134385045092,-0.07090533185811317,-0.0388132780790329,0.4269538072239573,0.09836065573770492,0.7049180327868853,0.19672131147540983
2023-11-29,ETH,4,1.6094379124341003,-0.06891521299257874,0.0015054196119308506,0.16586357203288443,0.0,1.0,0.0
2023-11-30,BTC,50,3.9318256327243257,0.03625316439196468,0.0283326674252748,0.4853118917507653,0.22,0.62,0.16
2023-11-30,ETH,3,1.3862943611198906,-0.11458659047881763,-0.1248890087008476,0.42428422504415975,0.0,0.6666666666666666,0.3333333333333333
2023-12-01,BTC,51,3.9512437185814275,0.0034179410522840207,-0.008404441177845,0.4119105794025901,0.11764705882352941,0.7254901960784313,0.1568627450980392
2023-12-01,ETH,1,0.6931471805599453,-0.2701586075127125,-0.2701586075127125,,0.0,1.0,0.0
2023-12-02,BTC,50,3.9318256327243257,0.11100585308857261,0.0373380971141159,0.46576740173504916,0.22,0.68,0.1
2023-12-02,ETH,2,1.0986122886681098,-0.35279795899987215,-0.35279795899987215,0.0577742861752521,0.0,1.0,0.0
2023-12-03,BTC,60,4.110873864173311,0.1324253769572048,0.104966340586543,0.5097782141548904,0.31666666666666665,0.4666666666666667,0.21666666666666667
2023-12-03,ETH,6,1.9459101490553132,-0.30885880316297215,-0.1636263336986303,0.44881606497558746,0.0,0.6666666666666666,0.3333333333333333
2023-12-04,BTC,87,4.477336814478207,0.04703759650255543,0.0424291789531707,0.5232063957344247,0.27586206896551724,0.5287356321839081,0.19540229885057472
2023-12-04,ETH,7,2.0794415416798357,-0.11456450474049365,-0.0618131197988987,0.4884988219928325,0.0,0.7142857142857143,0.2857142857142857
2023-12-05,BTC,100,4.61512051684126,0.028654806934064258,0.0227099731564521,0.4906665195125229,0.2,0.58,0.22
2023-12-05,ETH,3,1.3862943611198906,-0.13510924228467047,-0.6307238005101681,0.8937271841790667,0.3333333333333333,0.0,0.6666666666666666
2023-12-06,BTC,95,4.564348191467836,0.0032906715145432602,0.0575671195983886,0.49928222191428334,0.2,0.6105263157894737,0.18947368421052632
2023-12-06,ETH,4,1.6094379124341003,-0.10908099357038736,-0.3649692125618458,0.6478550443591371,0.25,0.25,0.5
2023-12-07,BTC,81,4.406719247264253,-0.10824283392938935,-0.0254919752478599,0.4918204089121582,0.1728395061728395,0.5185185185185185,0.30864197530864196
2023-12-07,ETH,6,1.9459101490553132,-0.385539414982001,-0.3967310804873705,0.3088595813596207,0.0,0.5,0.5
2023-12-08,BTC,52,3.970291913552122,-0.10112220992764029,0.0009360481053590991,0.47120106331199135,0.11538461538461539,0.5961538461538461,0.28846153846153844
2023-12-08,ETH,3,1.3862943611198906,-0.4815711919218302,-0.4256385341286659,0.13627978173826322,0.0,0.6666666666666666,0.3333333333333333
2023-12-09,BTC,52,3.970291913552122,0.00637808218687916,0.03749107290059325,0.44778229195676156,0.1346153846153846,0.7307692307692307,0.1346153846153846
2023-12-09,ETH,2,1.0986122886681098,-0.20533848274499178,-0.20533848274499178,0.5379323776907128,0.0,0.5,0.5
2023-12-10,BTC,62,4.143134726391533,0.01836022697464232,0.02425848506391045,0.4124237372722762,0.14516129032258066,0.6774193548387096,0.1774193548387097
2023-12-10,ETH,5,1.791759469228055,0.019031733646988857,-0.1373314820230007,0.42063619718152934,0.2,0.8,0.0
2023-12-11,BTC,51,3.9512437185814275,-0.06903631239672942,0.0056950598955154,0.39634877788480416,0.0784313725490196,0.7254901960784313,0.19607843137254902
2023-12-11,ETH,4,1.6094379124341003,0.028602187521755668,0.09947538794949645,0.4688587284536987,0.25,0.5,0.25
2023-12-12,BTC,51,3.9512437185814275,-0.019713890232036225,0.0201615262776613,0.4513140919592026,0.13725490196078433,0.6470588235294118,0.21568627450980393
2023-12-12,ETH,5,1.791759469228055,0.1473545683547854,0.047631736844778,0.3150818619038611,0.2,0.8,0.0
2023-12-13,BTC,53,3.9889840465642745,0.04880171480702832,0.0713156629353761,0.5045335018895815,0.20754716981132076,0.6037735849056604,0.18867924528301888
2023-12-13,ETH,6,1.9459101490553132,-0.19603028148412704,-0.23353074584156275,0.4425551747177318,0.16666666666666666,0.5,0.3333333333333333
2023-12-14,BTC,50,3.9318256327243257,-0.04743833067826928,0.0308239245787262,0.44600011053975114,0.12,0.66,0.22
2023-12-14,ETH,9,2.302585092994046,-0.025750096137118008,-0.0639003440737724,0.7008241808443757,0.3333333333333333,0.3333333333333333,0.3333333333333333
2023-12-15,BTC,57,4.060443010546419,-0.1424731817872574,-0.1146300360560417,0.4612793681597471,0.08771929824561403,0.6140350877192983,0.2982456140350877
2023-12-15,ETH,5,1.791759469228055,-0.1869700773153454,-0.2972033936530351,0.6206791230999176,0.2,0.4,0.4
2023-12-16,BTC,46,3.8501476017100584,-0.21898241005534225,-0.1698632501065731,0.41476440872553644,0.043478260869565216,0.6304347826086957,0.32608695652173914
2023-12-16,ETH,3,1.3862943611198906,0.2320663258045291,0.0603813603520393,0.6667741601069443,0.3333333333333333,0.6666666666666666,0.0
2023-12-17,BTC,50,3.9318256327243257,-0.0027310140384361236,0.0277611939236521,0.4334382069114793,0.12,0.7,0.18
2023-12-17,ETH,1,0.6931471805599453,0.6302825324237347,0.6302825324237347,,1.0,0.0,0.0
2023-12-18,BTC,54,4.007333185232471,-0.008912825154968442,0.0328245582059025,0.4438719180670632,0.16666666666666666,0.6296296296296297,0.2037037037037037
2023-12-18,ETH,3,1.3862943611198906,-0.19403170607984066,-0.3424184005707502,0.7383363011243415,0.3333333333333333,0.3333333333333333,0.3333333333333333
2023-12-19,BTC,56,4.04305126783455,0.07196452663213547,0.0041726659983396,0.43202033566387055,0.21428571428571427,0.6964285714285714,0.08928571428571429
2023-12-19,ETH,10,2.3978952727983707,-0.10381623539142312,0.0170174657832831,0.4336484436946099,0.0,0.7,0.3
2023-12-20,BTC,54,4.007333185232471,-0.01969051303738659,-0.0129250027239322,0.4100463593470908,0.09259259259259259,0.6481481481481481,0.25925925925925924
2023-12-20,ETH,11,2.4849066497880004,-0.2724405995316126,-0.2989435717463493,0.2979747579796259,0.0,0.7272727272727273,0.2727272727272727
2023-12-21,BTC,49,3.912023005428146,-0.0322469596380406,0.0216310322284698,0.4431806553330482,0.12244897959183673,0.673469387755102,0.20408163265306123
2023-12-21,ETH,5,1.791759469228055,0.06524122413247822,0.0190467275679111,0.32214553059890366,0.2,0.8,0.0
2023-12-22,BTC,60,4.110873864173311,0.06029633025561147,0.08212859346531325,0.42707177989406087,0.15,0.6833333333333333,0.16666666666666666
2023-12-22,ETH,4,1.6094379124341003,-0.13496219320222735,-0.2591424128040671,0.414015379807688,0.0,0.75,0.25
2023-12-23,BTC,47,3.871201010907891,0.039710540616726304,0.0453744921833276,0.41925855130017503,0.14893617021276595,0.7021276595744681,0.14893617021276595
2023-12-23,ETH,4,1.6094379124341003,0.03224006836535409,-0.0715374369174242,0.5025683510201978,0.25,0.75,0.0
2023-12-24,BTC,40,3.713572066704308,0.11234857052622829,0.0719366185367107,0.4553860298302095,0.175,0.675,0.15
2023-12-24,ETH,5,1.791759469228055,-0.3247404320165515,-0.2539938800036907,0.36832693179824516,0.0,0.6,0.4
2023-12-25,BTC,41,3.7376696182833684,0.17456570209185707,0.0459296442568302,0.4416792735022569,0.2682926829268293,0.7073170731707317,0.024390243902439025
2023-12-25,ETH,3,1.3862943611198906,0.10273375983039533,0.0505252350121736,0.10980542089675394,0.0,1.0,0.0
2023-12-26,BTC,43,3.784189633918261,0.0003638884247562233,0.0107330046594142,0.4382662546091161,0.16279069767441862,0.6511627906976745,0.18604651162790697
2023-12-26,ETH,7,2.0794415416798357,-0.14731224213859864,-0.2517280671745538,0.5490133714988559,0.14285714285714285,0.5714285714285714,0.2857142857142857
2023-12-27,BTC,49,3.912023005428146,-0.024620277773854997,0.0222376147285103,0.3954828370448007,0.08163265306122448,0.7551020408163265,0.16326530612244897
2023-12-27,ETH,7,2.0794415416798357,-0.15721599158963986,-0.23131631501019,0.31546586157594286,0.0,0.7142857142857143,0.2857142857142857
2023-12-28,BTC,64,4.174387269895637,-0.032993106669891865,-0.02274065092205995,0.4969422770564415,0.1875,0.578125,0.234375
2023-12-28,ETH,8,2.1972245773362196,0.14223627094179392,0.1340226652100682,0.39219248267527945,0.25,0.75,0.0
2023-12-29,BTC,55,4.02535169073515,-0.033333546689457524,-0.0177773237228393,0.3749033810205654,0.10909090909090909,0.7454545454545455,0.14545454545454545
2023-12-29,ETH,1,0.6931471805599453,-0.6987955160439014,-0.6987955160439014,,0.0,0.0,1.0
2023-12-30,BTC,50,3.9318256327243257,-0.0813272724323906,0.00865382794290775,0.43142304598247416,0.14,0.64,0.22
2023-12-30,ETH,4,1.6094379124341003,0.12267356668598953,0.12480951193720105,0.30565101042896176,0.0,1.0,0.0
2023-12-31,BTC,43,3.784189633918261,0.042300276653191374,0.02684879116714,0.4717280145933915,0.18604651162790697,0.7209302325581395,0.09302325581395349
2023-12-31,ETH,7,2.0794415416798357,0.22580711076235666,0.0658561903983354,0.6069839980783364,0.42857142857142855,0.42857142857142855,0.14285714285714285
2024-01-01,BTC,50,3.9318256327243257,0.10853025934426114,0.0977460341528058,0.4714218984058889,0.2,0.68,0.12
2024-01-01,ETH,4,1.6094379124341003,0.04153246618807315,0.1015863288193941,0.49618664768600296,0.25,0.5,0.25
2024-01-02,BTC,79,4.382026634673881,-0.01588351340504669,-0.0758473873138427,0.48341119092825185,0.17721518987341772,0.5949367088607594,0.22784810126582278
2024-01-02,ETH,2,1.0986122886681098,0.08343051932752134,0.08343051932752134,0.3216815723302332,0.0,1.0,0.0
2024-01-03,BTC,80,4.394449154672439,0.016925931109290096,-0.0076901512220501995,0.5404244464010115,0.25,0.525,0.225
2024-01-03,ETH,7,2.0794415416798357,0.18399181165399825,0.0571902533993124,0.4546917361097217,0.2857142857142857,0.7142857142857143,0.0
2024-01-04,BTC,53,3.9889840465642745,0.048913604193279205,0.0192217081785202,0.3752222201670097,0.1320754716981132,0.7547169811320755,0.11320754716981132
2024-01-04,ETH,4,1.6094379124341003,-0.34394671325571835,-0.26792555302381516,0.47786556408856284,0.0,0.5,0.5
2024-01-05,BTC,59,4.0943445622221,0.02703885365103892,0.0213999841362237,0.4278580053176672,0.15254237288135594,0.6779661016949152,0.1694915254237288
2024-01-05,ETH,2,1.0986122886681098,-0.3853684067726135,-0.3853684067726135,0.05369134447007359,0.0,1.0,0.0
2024-01-06,BTC,84,4.442651256490317,0.02743167497101239,0.0619881227612495,0.4659361556639073,0.16666666666666666,0.6547619047619048,0.17857142857142858
2024-01-06,ETH,4,1.6094379124341003,0.18982492521172387,0.30120665766298765,0.6417680170104475,0.25,0.5,0.25
2024-01-07,BTC,68,4.23410650459726,-0.03976572322768762,0.02020341157913205,0.44995795262196014,0.11764705882352941,0.6617647058823529,0.22058823529411764
2024-01-07,ETH,4,1.6094379124341003,-0.1026115769054741,0.061146907508373205,0.34357000309477637,0.0,0.75,0.25
2024-01-08,BTC,93,4.543294782270004,-0.021862808362110162,0.0257733091711998,0.49580670404487265,0.1935483870967742,0.5806451612903226,0.22580645161290322
2024-01-08,ETH,4,1.6094379124341003,0.39819856276153587,0.46419116551987827,0.45791134496719155,0.5,0.5,0.0
2024-01-09,BTC,125,4.836281906951478,-0.08145060853194445,-0.009995624423027,0.4961675081138266,0.136,0.576,0.288
2024-01-09,ETH,2,1.0986122886681098,0.64514279528521,0.64514279528521,0.4122734517198381,0.5,0.5,0.0
2024-01-10,BTC,125,4.836281906951478,0.0667855563648045,0.0340693816542625,0.49797532282416523,0.232,0.568,0.2
2024-01-10,ETH,3,1.3862943611198906,-0.26425132776300114,-0.2477486096322536,0.38768986251202986,0.0,0.6666666666666666,0.3333333333333333
2024-01-11,BTC,140,4.948759890378168,0.03498554371430405,0.024727240204811048,0.43992884731840143,0.17857142857142858,0.6785714285714286,0.14285714285714285
2024-01-11,ETH,7,2.0794415416798357,-0.051066936193300175,0.1023865365423262,0.33447452467625916,0.0,0.8571428571428571,0.14285714285714285
2024-01-12,BTC,89,4.499809670330265,-0.0811170004844519,0.005135741084814,0.4753853175076,0.14606741573033707,0.5955056179775281,0.25842696629213485
2024-01-12,ETH,4,1.6094379124341003,0.027788810315541923,-0.02905791695229709,0.8011071243807105,0.5,0.0,0.5
2024-01-13,BTC,57,4.060443010546419,0.02775390159640985,-0.0032173991203308,0.4949720971040427,0.22807017543859648,0.543859649122807,0.22807017543859648
2024-01-13,ETH,4,1.6094379124341003,-0.07906646106857806,-0.2040038388222456,0.6243344170537151,0.25,0.25,0.5
2024-01-14,BTC,53,3.9889840465642745,-0.02842972860320138,0.0128381550312042,0.4143097386871085,0.1509433962264151,0.660377358490566,0.18867924528301888
2024-01-14,ETH,4,1.6094379124341003,-0.3594437655992806,-0.4093030896037817,0.26766411908369636,0.0,0.5,0.5
2024-01-15,BTC,54,4.007333185232471,0.048753607638732134,0.0649140207096934,0.458965609226882,0.18518518518518517,0.6481481481481481,0.16666666666666666
2024-01-15,ETH,3,1.3862943611198906,-0.0366450446502616,0.0867429859936237,0.700056043489136,0.3333333333333333,0.3333333333333333,0.3333333333333333
2024-01-16,BTC,55,4.02535169073515,0.049900471169332196,0.0592471975833177,0.3574624022588395,0.12727272727272726,0.7818181818181819,0.09090909090909091
2024-01-16,ETH,5,1.791759469228055,0.23641328660305588,-0.0291176289319992,0.5787814068222082,0.4,0.6,0.0
2024-01-17,BTC,53,3.9889840465642745,0.05909028750369852,0.0193821787834167,0.4599864669707845,0.18867924528301888,0.660377358490566,0.1509433962264151
2024-01-17,ETH,3,1.3862943611198906,-0.19548781091968218,0.0407289806753397,0.4481875632310839,0.0,0.6666666666666666,0.3333333333333333
2024-01-18,BTC,48,3.8918202981106265,0.03435694557750441,0.03509128559380765,0.45580464090091855,0.14583333333333334,0.7083333333333334,0.14583333333333334
2024-01-18,ETH,7,2.0794415416798357,-0.15661256527528167,-0.0994238927960395,0.2749628213953497,0.0,0.8571428571428571,0.14285714285714285
2024-01-19,BTC,64,4.174387269895637,0.03021613332384731,0.034416775219142354,0.4180656778025805,0.1875,0.671875,0.140625
2024-01-19,ETH,4,1.6094379124341003,-0.44188928324729204,-0.48629918508231634,0.14210697520274213,0.0,0.25,0.75
2024-01-20,BTC,28,3.367295829986474,0.10435997196639488,0.09023570083081715,0.38020391145681176,0.14285714285714285,0.75,0.10714285714285714
2024-01-20,ETH,4,1.6094379124341003,0.30709475313778967,0.3170760925859213,0.2761546465018229,0.5,0.5,0.0
2024-01-21,BTC,37,3.6375861597263857,0.022000053708718423,0.0215972438454628,0.43587541096624927,0.16216216216216217,0.6486486486486487,0.1891891891891892
2024-01-21,ETH,3,1.3862943611198906,-0.12222146087636554,0.0123782008886337,0.581021588082303,0.0,0.6666666666666666,0.3333333333333333
2024-01-22,BTC,37,3.6375861597263857,-0.03232941807977653,-0.0275560468435287,0.39145117430198195,0.10810810810810811,0.7297297297297297,0.16216216216216217
2024-01-22,ETH,3,1.3862943611198906,-0.11524102184921503,0.0843715528026223,0.49721905122415455,0.0,0.6666666666666666,0.3333333333333333
2024-01-23,BTC,51,3.9512437185814275,-0.08375331798714458,-0.0056785065680742,0.47285508054309544,0.1568627450980392,0.5686274509803921,0.27450980392156865
2024-01-23,ETH,7,2.0794415416798357,-0.06952320055903069,0.0322821773588657,0.6128379816026249,0.2857142857142857,0.42857142857142855,0.2857142857142857
2024-01-24,BTC,38,3.6635616461296463,0.018862668167505606,0.061731022782623754,0.4068350591900087,0.15789473684210525,0.7105263157894737,0.13157894736842105
2024-01-24,ETH,6,1.9459101490553132,-0.4625377787742764,-0.502224138006568,0.3566163261735691,0.0,0.3333333333333333,0.6666666666666666
2024-01-25,BTC,45,3.828641396489095,0.013312846996511005,0.0636149272322654,0.38300409853349937,0.08888888888888889,0.7555555555555555,0.15555555555555556
2024-01-25,ETH,8,2.1972245773362196,0.07826122394180858,0.027418400626629598,0.29788062937547033,0.125,0.875,0.0
2024-01-26,BTC,41,3.7376696182833684,-0.0660064098334349,0.0224172584712505,0.44579063741095065,0.12195121951219512,0.6829268292682927,0.1951219512195122
2024-01-26,ETH,3,1.3862943611198906,-0.4949990302945177,-0.6288428390398622,0.3862956021284905,0.0,0.3333333333333333,0.6666666666666666
2024-01-27,BTC,44,3.8066624897703196,-0.0014814867966131155,0.00731221958994865,0.4229149822084204,0.13636363636363635,0.7045454545454546,0.1590909090909091
2024-01-27,ETH,6,1.9459101490553132,-0.3778014156656961,-0.37029752507805824,0.4021429750865555,0.0,0.5,0.5
2024-01-28,BTC,44,3.8066624897703196,0.1038939351036044,0.05006346176378425,0.4245657456279299,0.20454545454545456,0.7045454545454546,0.09090909090909091
2024-01-28,ETH,6,1.9459101490553132,-0.03013170603662731,0.020327646285295452,0.431798178123918,0.16666666666666666,0.6666666666666666,0.16666666666666666
2024-01-29,BTC,53,3.9889840465642745,0.003973803948611017,0.0292984042316675,0.41217344453422883,0.1320754716981132,0.6981132075471698,0.16981132075471697
2024-01-29,ETH,3,1.3862943611198906,0.4181804816859464,0.3989731110632419,0.143332745893228,0.3333333333333333,0.6666666666666666,0.0
2024-01-30,BTC,44,3.8066624897703196,-0.047420938933183526,-0.06690466031432145,0.401125808493778,0.13636363636363635,0.6818181818181818,0.18181818181818182
2024-01-30,ETH,6,1.9459101490553132,-0.18266349332407117,0.015268187969923,0.37258412892397796,0.0,0.6666666666666666,0.3333333333333333
2024-01-31,BTC,51,3.9512437185814275,-0.010690379938037675,0.0530362389981746,0.42526338072227843,0.0784313725490196,0.7647058823529411,0.1568627450980392
2024-01-31,ETH,9,2.302585092994046,0.23329826793633401,0.2019062489271164,0.41583525399766125,0.3333333333333333,0.6666666666666666,0.0
2024-02-01,BTC,49,3.912023005428146,0.08435737113325797,0.0909059196710586,0.4527306370632491,0.16326530612244897,0.6938775510204082,0.14285714285714285
2024-02-01,ETH,9,2.302585092994046,0.06005334859299993,-0.0042032860219478,0.294513935398333,0.1111111111111111,0.8888888888888888,0.0
2024-02-02,BTC,51,3.9512437185814275,-0.018011608076574034,0.0316283926367759,0.43900362234445095,0.1568627450980392,0.6470588235294118,0.19607843137254902
2024-02-02,ETH,6,1.9459101490553132,0.018703533821584056,-0.021008618175983387,0.6906668720264966,0.3333333333333333,0.3333333333333333,0.3333333333333333
2024-02-03,BTC,29,3.4011973816621555,-0.09335036459378898,0.0395100805908441,0.4937452799697446,0.06896551724137931,0.6551724137931034,0.27586206896551724
2024-02-03,ETH,2,1.0986122886681098,-0.31914369901642203,-0.31914369901642203,0.6237938498906865,0.0,0.5,0.5
2024-02-04,BTC,35,3.58351893845611,0.05595364555317377,0.018181212246418,0.49723374492509603,0.22857142857142856,0.6285714285714286,0.14285714285714285
2024-02-04,ETH,1,0.6931471805599453,0.9597140627447516,0.9597140627447516,,1.0,0.0,0.0
2024-02-05,BTC,54,4.007333185232471,-0.12790792784653604,-0.08382980339229104,0.44386902333517175,0.12962962962962962,0.5925925925925926,0.2777777777777778
2024-02-05,ETH,5,1.791759469228055,0.1703928479924798,0.1965135280042886,0.3420880304964746,0.2,0.8,0.0
2024-02-06,BTC,51,3.9512437185814275,-0.06708909954200042,-0.0093877092003822,0.45313818597035993,0.11764705882352941,0.6862745098039216,0.19607843137254902
2024-02-06,ETH,8,2.1972245773362196,0.008483539189910488,0.21118616126477713,0.4634661932708491,0.0,0.75,0.25
2024-02-07,BTC,44,3.8066624897703196,0.06856702460208908,0.06824074266478415,0.4616792328863131,0.20454545454545456,0.6363636363636364,0.1590909090909091
2024-02-07,ETH,3,1.3862943611198906,-0.0700277251501878,0.05518738925457,0.7058176010561228,0.3333333333333333,0.3333333333333333,0.3333333333333333
2024-02-08,BTC,50,3.9318256327243257,-0.019030095147900286,0.015441512688994349,0.44332322161254933,0.12,0.7,0.18
2024-02-08,ETH,9,2.302585092994046,0.10224821832444932,0.1414739787578582,0.144291349488767,0.0,1.0,0.0
2024-02-09,BTC,64,4.174387269895637,0.028709768914268345,0.0662492741830647,0.343112387607602,0.109375,0.796875,0.09375
2024-02-09,ETH,5,1.791759469228055,-0.012654820736497662,0.0275163929909467,0.3867513743449265,0.0,0.8,0.2
2024-02-10,BTC,50,3.9318256327243257,-0.09018069524783642,0.02731842733919615,0.4443632740963923,0.1,0.68,0.22
2024-02-10,ETH,3,1.3862943611198906,-0.20177032984793186,-0.3274029344320297,0.35184195990771855,0.0,0.6666666666666666,0.3333333333333333
2024-02-11,BTC,38,3.6635616461296463,-0.03906502584485631,-0.0031933188438415493,0.484593409353561,0.13157894736842105,0.631578947368421,0.23684210526315788
2024-02-11,ETH,1,0.6931471805599453,-0.1749490834772586,-0.1749490834772586,,0.0,1.0,0.0
2024-02-12,BTC,62,4.143134726391533,0.0020222647280822804,0.05299329850822685,0.4279890585048415,0.14516129032258066,0.6451612903225806,0.20967741935483872
2024-02-12,ETH,2,1.0986122886681098,-0.5666163596324623,-0.5666163596324623,0.2725495073203076,0.0,0.5,0.5
2024-02-13,BTC,71,4.276666119016055,0.03398880625183,0.0032376646995544,0.49235819370963746,0.2112676056338028,0.5915492957746479,0.19718309859154928
2024-02-13,ETH,7,2.0794415416798357,0.06084619555622341,-0.005327658727765,0.45172786286111033,0.14285714285714285,0.7142857142857143,0.14285714285714285
2024-02-14,BTC,88,4.48863636973214,0.10101957029176199,0.06195831252261995,0.44685776611739936,0.20454545454545456,0.6818181818181818,0.11363636363636363
2024-02-14,ETH,5,1.791759469228055,0.06992106821853669,-0.0949362069368362,0.6380957471422929,0.4,0.4,0.2
2024-02-15,BTC,83,4.430816798843313,0.13916777875779354,0.0829449594020843,0.42236289396234905,0.25301204819277107,0.6506024096385542,0.0963855421686747
2024-02-15,ETH,2,1.0986122886681098,-0.4204769153147936,-0.4204769153147936,0.26259859226440346,0.0,0.5,0.5
2024-02-16,BTC,93,4.543294782270004,0.05612843852960854,0.0283292066305875,0.4100162103567113,0.16129032258064516,0.7311827956989247,0.10752688172043011
2024-02-16,ETH,11,2.4849066497880004,0.04549656179733572,0.0480010509490966,0.25480526577418117,0.09090909090909091,0.8181818181818182,0.09090909090909091
2024-02-17,BTC,49,3.912023005428146,0.10501086974174392,0.0991831794381141,0.4085805138906916,0.14285714285714285,0.7755102040816326,0.08163265306122448
2024-02-17,ETH,3,1.3862943611198906,-0.24407317178944746,-0.0016137585043907,0.550395686926672,0.0,0.6666666666666666,0.3333333333333333
2024-02-18,BTC,43,3.784189633918261,0.08863203500419162,0.0832139104604721,0.4922283535230351,0.32558139534883723,0.5116279069767442,0.16279069767441862
2024-02-18,ETH,1,0.6931471805599453,-0.3243345208466053,-0.3243345208466053,,0.0,1.0,0.0
2024-02-19,BTC,70,4.2626798770413155,-0.0037457153101318743,0.0391938779503107,0.4272104970286586,0.12857142857142856,0.7142857142857143,0.15714285714285714
2024-02-19,ETH,5,1.791759469228055,0.15319526251405474,0.0718282349407672,0.5905862184877658,0.4,0.4,0.2
2024-02-20,BTC,46,3.8501476017100584,0.04009009223512332,0.07030431134626265,0.4510220319054296,0.13043478260869565,0.6739130434782609,0.1956521739130435
2024-02-20,ETH,9,2.302585092994046,-0.11828033833040132,-0.0808901973068714,0.4130855481178304,0.1111111111111111,0.5555555555555556,0.3333333333333333
2024-02-21,BTC,63,4.1588830833596715,0.04285864020320809,0.0308658592402935,0.3975531906944527,0.14285714285714285,0.7619047619047619,0.09523809523809523
2024-02-21,ETH,9,2.302585092994046,-0.1475449449175762,-0.3374099396169185,0.5598034654095735,0.1111111111111111,0.4444444444444444,0.4444444444444444
2024-02-22,BTC,71,4.276666119016055,0.03568272931422566,-0.0161203518509864,0.4529422532038384,0.18309859154929578,0.6619718309859155,0.15492957746478872
2024-02-22,ETH,9,2.302585092994046,-0.054040157029198274,-0.0676418617367744,0.44232002209813953,0.1111111111111111,0.6666666666666666,0.2222222222222222
2024-02-23,BTC,60,4.110873864173311,-0.0002345146688943182,0.021522359922528198,0.32741020205000043,0.1,0.8166666666666667,0.08333333333333333
2024-02-23,ETH,4,1.6094379124341003,0.5384077589260414,0.6597847391385585,0.3740968739104984,0.75,0.25,0.0
2024-02-24,BTC,52,3.970291913552122,-0.1849859423147371,-0.2316000275313854,0.41105586079976475,0.07692307692307693,0.6730769230769231,0.25
2024-02-24,ETH,5,1.791759469228055,0.06627866849303246,0.1354858577251434,0.5730163305723754,0.2,0.6,0.2
2024-02-25,BTC,54,4.007333185232471,-0.06020984361465606,-0.01106906402856105,0.44104144588556715,0.12962962962962962,0.6481481481481481,0.2222222222222222
2024-02-25,ETH,4,1.6094379124341003,-0.25412951130419975,-0.23718069959431892,0.4652013321190061,0.0,0.5,0.5
2024-02-26,BTC,76,4.343805421853684,0.010364642829364659,-0.0182324834167957,0.4450509829857618,0.15789473684210525,0.6842105263157895,0.15789473684210525
2024-02-26,ETH,12,2.5649493574615367,-0.10794230635898809,-0.11555906105786559,0.5027623477387676,0.16666666666666666,0.5833333333333334,0.25
2024-02-27,BTC,132,4.890349128221754,0.040371660785185115,0.0509893968701362,0.520646701951783,0.2196969696969697,0.5909090909090909,0.1893939393939394
2024-02-27,ETH,9,2.302585092994046,0.11868611345481539,0.0419369507580995,0.5178271700962308,0.2222222222222222,0.6666666666666666,0.1111111111111111
2024-02-28,BTC,182,5.209486152841421,0.04957990365801379,0.0470554744824767,0.5210875859462516,0.23076923076923078,0.5494505494505495,0.21978021978021978
2024-02-28,ETH,4,1.6094379124341003,0.0016678089741617164,0.1245996565558016,0.35681680119111797,0.0,0.75,0.25
2024-02-29,BTC,122,4.812184355372417,0.03374481454804601,0.041170933283865396,0.47142435265265087,0.19672131147540983,0.6311475409836066,0.1721311475409836
2024-02-29,ETH,13,2.6390573296152584,-0.14640600382923508,-0.0659040361642837,0.5526048752661474,0.15384615384615385,0.5384615384615384,0.3076923076923077
2024-03-01,BTC,118,4.77912349311153,0.002626130870401353,0.0163684077560901,0.39044135839582605,0.1271186440677966,0.7457627118644068,0.1271186440677966
2024-03-01,ETH,4,1.6094379124341003,0.1445596143603325,0.13034228328615427,0.1535158516105845,0.0,1.0,0.0
2024-03-02,BTC,91,4.5217885770490405,0.04647532475928029,0.0201457031071186,0.4534632813271358,0.17582417582417584,0.6813186813186813,0.14285714285714285
2024-03-02,ETH,11,2.4849066497880004,0.050100630170411685,0.0435265814885497,0.3757594366932555,0.09090909090909091,0.7272727272727273,0.18181818181818182
2024-03-03,BTC,63,4.1588830833596715,0.05903428324705197,0.0334152840077877,0.4032587477174506,0.1746031746031746,0.7142857142857143,0.1111111111111111
2024-03-03,ETH,8,2.1972245773362196,0.0019530466524884105,0.0340467849746346,0.15812142761515074,0.0,1.0,0.0
2024-03-04,BTC,135,4.912654885736052,0.054029602993762596,0.0550245661288499,0.5004176384042137,0.2222222222222222,0.6,0.17777777777777778
2024-03-04,ETH,10,2.3978952727983707,-0.27409827895462513,-0.11897330358624454,0.3708160913249435,0.0,0.6,0.4
2024-03-05,BTC,207,5.337538079701318,0.02188525801852958,0.0166796278208494,0.5216406263077291,0.24154589371980675,0.5314009661835749,0.22705314009661837
2024-03-05,ETH,12,2.5649493574615367,-0.2068412605440244,-0.1263028737157583,0.4860648477689094,0.08333333333333333,0.5833333333333334,0.3333333333333333
2024-03-06,BTC,144,4.976733742420574,-0.016523563946571413,0.03013934195041655,0.44296529553671177,0.18055555555555555,0.6041666666666666,0.2152777777777778
2024-03-06,ETH,14,2.70805020110221,-0.16064005907225823,-0.12224522978067395,0.3497386286788414,0.07142857142857142,0.7142857142857143,0.21428571428571427
2024-03-07,BTC,111,4.718498871295094,-0.026578194436592022,-0.0077206157147884,0.4121184617339383,0.12612612612612611,0.6846846846846847,0.1891891891891892
2024-03-07,ETH,7,2.0794415416798357,-0.44872788299939453,-0.5485679358243942,0.31826645842513057,0.0,0.42857142857142855,0.5714285714285714
2024-03-08,BTC,132,4.890349128221754,0.0015643664695689393,0.0004149116575718,0.507418366207479,0.18181818181818182,0.6363636363636364,0.18181818181818182
2024-03-08,ETH,13,2.6390573296152584,-0.25826857581089896,-0.245914738625288,0.5187731437325847,0.15384615384615385,0.46153846153846156,0.38461538461538464
2024-03-09,BTC,97,4.584967478670572,-0.0534072609320667,-0.0314580090343952,0.4387107244523425,0.12371134020618557,0.6494845360824743,0.2268041237113402
2024-03-09,ETH,10,2.3978952727983707,-0.11737439502030611,-0.1806837376207113,0.3349083186063049,0.0,0.8,0.2
2024-03-10,BTC,88,4.48863636973214,-0.06587701067540118,-0.021780318580567802,0.4358849334773461,0.10227272727272728,0.6931818181818182,0.20454545454545456
2024-03-10,ETH,7,2.0794415416798357,-0.34049175067671705,-0.3074834235012531,0.3364352507038699,0.0,0.7142857142857143,0.2857142857142857
2024-03-11,BTC,154,5.043425116919247,0.01682600181235315,0.0218770410865545,0.46962443734605125,0.2012987012987013,0.5974025974025974,0.2012987012987013
2024-03-11,ETH,14,2.70805020110221,-0.17946756759192795,-0.17338082566857335,0.46755382206994395,0.14285714285714285,0.5,0.35714285714285715
2024-03-12,BTC,118,4.77912349311153,-0.05397715857370867,-0.0283349705860018,0.4313046348839913,0.11864406779661017,0.6949152542372882,0.1864406779661017
2024-03-12,ETH,10,2.3978952727983707,-0.22297575175762177,-0.2820257358253002,0.4139892748750196,0.1,0.7,0.2
2024-03-13,BTC,147,4.997212273764115,-0.05145112723096268,-0.0120312385261058,0.48220641159430716,0.14285714285714285,0.6190476190476191,0.23809523809523808
2024-03-13,ETH,3,1.3862943611198906,0.36742028221488,0.3969936287030577,0.3555549459168932,0.3333333333333333,0.6666666666666666,0.0
2024-03-14,BTC,138,4.9344739331306915,0.02118371116955751,0.0185722671449184,0.47390858787543033,0.17391304347826086,0.6521739130434783,0.17391304347826086
2024-03-14,ETH,15,2.772588722239781,-0.08502114738027254,-0.0501059591770172,0.34193540749704154,0.06666666666666667,0.8,0.13333333333333333
2024-03-15,BTC,118,4.77912349311153,-0.013118225126132626,0.012797526083886599,0.46120298810655747,0.16101694915254236,0.6186440677966102,0.22033898305084745
2024-03-15,ETH,5,1.791759469228055,-0.09501872677356002,-0.0711248889565467,0.47667568179061803,0.0,0.8,0.2
2024-03-16,BTC,54,4.007333185232471,0.011100962016455542,0.039586273953318554,0.4073389535615088,0.16666666666666666,0.6851851851851852,0.14814814814814814
2024-03-16,ETH,10,2.3978952727983707,-0.1086595615837723,-0.08308342099189756,0.38692435715709267,0.0,0.8,0.2
2024-03-17,BTC,70,4.2626798770413155,0.004753284788291368,0.03243774920701975,0.456649287675402,0.21428571428571427,0.6285714285714286,0.15714285714285714
2024-03-17,ETH,3,1.3862943611198906,-0.7945366262768706,-0.7542905081063509,0.07222829132617492,0.0,0.0,1.0
2024-03-18,BTC,72,4.290459441148391,0.05788675019478736,0.05866283550858495,0.40698745079146736,0.1527777777777778,0.7222222222222222,0.125
2024-03-18,ETH,13,2.6390573296152584,-0.12505450676410243,-0.2289640456438064,0.49302290910749164,0.07692307692307693,0.6923076923076923,0.23076923076923078
2024-03-19,BTC,98,4.59511985013459,0.0017628975293351892,0.01828917581588025,0.42149751959104736,0.14285714285714285,0.6938775510204082,0.16326530612244897
2024-03-19,ETH,7,2.0794415416798357,0.11339181954307216,0.0810813410207629,0.5428427200489159,0.42857142857142855,0.42857142857142855,0.14285714285714285
2024-03-20,BTC,78,4.3694478524670215,-0.07897772900581075,-0.017343360930681152,0.48244849887231894,0.14102564102564102,0.6025641025641025,0.2564102564102564
2024-03-20,ETH,8,2.1972245773362196,-0.08572681574150921,-0.2415329169016332,0.715870581466373,0.25,0.25,0.5
2024-03-21,BTC,81,4.406719247264253,-0.008355954673463185,0.0275833010673522,0.4770142211591922,0.14814814814814814,0.6666666666666666,0.18518518518518517
2024-03-21,ETH,10,2.3978952727983707,-0.12640188550576567,0.019277238287031647,0.4595932033399618,0.0,0.8,0.2
2024-03-22,BTC,52,3.970291913552122,-0.024318098847288656,0.031065920367836897,0.4291326757405214,0.11538461538461539,0.7115384615384616,0.17307692307692307
2024-03-22,ETH,9,2.302585092994046,-0.23258893644540674,-0.1584895178675651,0.4542705280694352,0.1111111111111111,0.5555555555555556,0.3333333333333333
2024-03-23,BTC,37,3.6375861597263857,-0.05499872772929233,-0.0216766893863677,0.4260112727343957,0.08108108108108109,0.7027027027027027,0.21621621621621623
2024-03-23,ETH,3,1.3862943611198906,0.10625297358880437,0.0333072934299707,0.2941079692716381,0.0,1.0,0.0
2024-03-24,BTC,49,3.912023005428146,-0.04336708177318227,0.0122261568903923,0.39906975192374694,0.10204081632653061,0.7142857142857143,0.1836734693877551
2024-03-24,ETH,4,1.6094379124341003,-0.2051587770693004,-0.41159385070204735,0.6803868394294099,0.25,0.25,0.5
2024-03-25,BTC,71,4.276666119016055,-0.00339010072229299,-0.0219108462333679,0.44030326280876764,0.15492957746478872,0.6901408450704225,0.15492957746478872
2024-03-25,ETH,5,1.791759469228055,-0.19152341317385435,-0.2420838288962841,0.29493009817313215,0.0,0.8,0.2
2024-03-26,BTC,57,4.060443010546419,-0.05959461749482311,-0.0445152446627616,0.4331158104921984,0.12280701754385964,0.6666666666666666,0.21052631578947367
2024-03-26,ETH,9,2.302585092994046,-0.10408308062081538,0.0164323449134826,0.4071780780802635,0.0,0.7777777777777778,0.2222222222222222
2024-03-27,BTC,74,4.31748811353631,0.038593104192546586,0.04877206124365325,0.44237608165449915,0.12162162162162163,0.6756756756756757,0.20270270270270271
2024-03-27,ETH,8,2.1972245773362196,-0.26188620016910136,-0.3359432630240917,0.5353575580878823,0.125,0.375,0.5
2024-03-28,BTC,68,4.23410650459726,0.013647287005476428,0.02069099061191075,0.4284403332054079,0.1323529411764706,0.7058823529411765,0.16176470588235295
2024-03-28,ETH,5,1.791759469228055,-0.07303061769343908,-0.2261588256806135,0.5491160095090559,0.2,0.6,0.2
2024-03-29,BTC,44,3.8066624897703196,-0.11155364785174077,-0.0607866235077381,0.38166394635577494,0.09090909090909091,0.6818181818181818,0.22727272727272727
2024-03-29,ETH,3,1.3862943611198906,-0.2089595807095369,0.0617633927613496,0.47518134188077227,0.0,0.6666666666666666,0.3333333333333333
2024-03-30,BTC,56,4.04305126783455,-0.07545470022263803,-0.045176183804869596,0.4493286316731174,0.14285714285714285,0.6428571428571429,0.21428571428571427
2024-03-30,ETH,6,1.9459101490553132,-0.023819269263185592,0.0372889339923858,0.6162790097396716,0.16666666666666666,0.5,0.3333333333333333
2024-03-31,BTC,48,3.8918202981106265,0.041182970453519374,-0.01516075246036045,0.4035636267359921,0.125,0.7708333333333334,0.10416666666666667
2024-03-31,ETH,1,0.6931471805599453,0.3037166316062212,0.3037166316062212,,0.0,1.0,0.0
2024-04-01,BTC,56,4.04305126783455,-0.007743176351401171,0.0453667845577001,0.4498631219867857,0.16071428571428573,0.625,0.21428571428571427
2024-04-01,ETH,6,1.9459101490553132,-0.14504061546176675,0.06659898627549404,0.42580230396906904,0.0,0.6666666666666666,0.3333333333333333
2024-04-02,BTC,52,3.970291913552122,0.02104598438689629,-0.0005674790591001502,0.4547130385870524,0.15384615384615385,0.6923076923076923,0.15384615384615385
2024-04-02,ETH,8,2.1972245773362196,-0.156497998686973,0.03563753142952915,0.5896241046864353,0.125,0.5,0.375
2024-04-03,BTC,50,3.9318256327243257,-0.06431235458236188,0.02693662047386165,0.40969331639249873,0.1,0.7,0.2
2024-04-03,ETH,8,2.1972245773362196,0.056166798283811645,0.03286839928477995,0.44007287065150513,0.125,0.75,0.125
2024-04-04,BTC,68,4.23410650459726,-0.03614308404982748,0.0301321512088179,0.43060626811998054,0.1323529411764706,0.6470588235294118,0.22058823529411764
2024-04-04,ETH,5,1.791759469228055,-0.3841897199861705,-0.5038104970008135,0.47159830574776435,0.0,0.4,0.6
2024-04-05,BTC,52,3.970291913552122,-0.028415497293910737,0.0113051328808069,0.47549595049263205,0.15384615384615385,0.6153846153846154,0.23076923076923078
2024-04-05,ETH,1,0.6931471805599453,0.1175053603947162,0.1175053603947162,,0.0,1.0,0.0
2024-04-06,BTC,61,4.127134385045092,-0.03532629987591359,0.0287787020206451,0.45887571043125697,0.18032786885245902,0.5573770491803278,0.26229508196721313
2024-04-06,ETH,1,0.6931471805599453,-0.3875607252120971,-0.3875607252120971,,0.0,1.0,0.0
2024-04-07,BTC,45,3.828641396489095,0.003681678299067744,0.0269044339656829,0.44804849389517104,0.15555555555555556,0.6444444444444445,0.2
2024-04-07,ETH,5,1.791759469228055,-0.1096099888905883,0.1822782140225172,0.575162314054144,0.2,0.4,0.4
2024-04-08,BTC,61,4.127134385045092,-0.00027612177655102644,0.0564203709363937,0.41814614940095174,0.14754098360655737,0.6557377049180327,0.19672131147540983
2024-04-08,ETH,6,1.9459101490553132,-0.41698686638846993,-0.5642322548665106,0.3937998628139812,0.0,0.3333333333333333,0.6666666666666666
2024-04-09,BTC,58,4.07753744390572,-0.03783298480918566,-0.012278813868761,0.4214776506295639,0.1206896551724138,0.7241379310344828,0.15517241379310345
2024-04-09,ETH,9,2.302585092994046,-0.19310549007625216,-0.2434070743620395,0.5194653354843775,0.1111111111111111,0.4444444444444444,0.4444444444444444
2024-04-10,BTC,46,3.8501476017100584,-0.04483901396515253,-0.0077148908749222495,0.44794630510751415,0.13043478260869565,0.6521739130434783,0.21739130434782608
2024-04-10,ETH,6,1.9459101490553132,-0.30426158336922526,-0.3746863501146436,0.3238036574642201,0.0,0.5,0.5
2024-04-11,BTC,43,3.784189633918261,0.03160609751614894,0.0482183247804641,0.4926826372423718,0.18604651162790697,0.627906976744186,0.18604651162790697
2024-04-11,ETH,7,2.0794415416798357,0.23578710019189333,0.2682841382920742,0.46787653633757165,0.2857142857142857,0.7142857142857143,0.0
2024-04-12,BTC,44,3.8066624897703196,-0.001419045195110491,0.02580051776021715,0.3970525533961908,0.11363636363636363,0.7272727272727273,0.1590909090909091
2024-04-12,ETH,4,1.6094379124341003,-0.2485769921913743,-0.17917476594448084,0.310031279938916,0.0,0.75,0.25
2024-04-13,BTC,40,3.713572066704308,0.009226875769672913,-0.0082148313522339,0.4251732416958945,0.125,0.725,0.15
2024-04-13,ETH,3,1.3862943611198906,-0.4028284829109907,-0.4899765495210886,0.3882685187934758,0.0,0.3333333333333333,0.6666666666666666
2024-04-14,BTC,37,3.6375861597263857,-0.1659987645626471,-0.1984516084194183,0.44281168717815284,0.10810810810810811,0.5675675675675675,0.32432432432432434
2024-04-14,ETH,1,0.6931471805599453,-0.2349467128515243,-0.2349467128515243,,0.0,1.0,0.0
2024-04-15,BTC,42,3.7612001156935624,0.09936720117305715,0.0658382237888872,0.39254770855440574,0.16666666666666666,0.7142857142857143,0.11904761904761904
2024-04-15,ETH,6,1.9459101490553132,0.016691155460042257,0.0636758739128709,0.4833763011368941,0.16666666666666666,0.5,0.3333333333333333
2024-04-16,BTC,43,3.784189633918261,-0.02000810410610812,0.0047072395682334,0.3503229745400501,0.06976744186046512,0.813953488372093,0.11627906976744186
2024-04-16,ETH,8,2.1972245773362196,0.203525728196837,0.10939674917608495,0.31938245972828316,0.25,0.75,0.0
2024-04-17,BTC,72,4.290459441148391,-0.00400346812481682,0.02844828926026815,0.47051733194504824,0.18055555555555555,0.625,0.19444444444444445
2024-04-17,ETH,3,1.3862943611198906,0.11015477652351063,0.1393490061163902,0.20477961042606826,0.0,1.0,0.0
2024-04-18,BTC,59,4.0943445622221,0.027236300577819988,0.0279512256383895,0.4562680611613335,0.1694915254237288,0.6610169491525424,0.1694915254237288
2024-04-18,ETH,5,1.791759469228055,0.01702589001506566,0.0402003973722457,0.2641031911207846,0.0,1.0,0.0
2024-04-19,BTC,104,4.653960350157523,0.05926118912667824,0.058414594735950204,0.5031553048030575,0.21153846153846154,0.5865384615384616,0.20192307692307693
2024-04-19,ETH,4,1.6094379124341003,-0.026416468899697065,-0.013714202679693699,0.41534514495341895,0.0,0.75,0.25
2024-04-20,BTC,79,4.382026634673881,0.22507857811147983,0.1173773258924484,0.5340608954292662,0.3291139240506329,0.5569620253164557,0.11392405063291139
2024-04-20,ETH,7,2.0794415416798357,-0.02766930611271942,-0.0213200077414512,0.4363742817851047,0.14285714285714285,0.7142857142857143,0.14285714285714285
2024-04-21,BTC,33,3.5263605246161616,0.16609163687451545,0.0941450037062168,0.4705620412859312,0.30303030303030304,0.6060606060606061,0.09090909090909091
2024-04-21,ETH,3,1.3862943611198906,-0.1568374382331967,-0.0937440097332,0.2683087303832148,0.0,1.0,0.0
2024-04-22,BTC,47,3.871201010907891,0.11031741882733842,0.0851369053125381,0.47887877816967045,0.2127659574468085,0.6382978723404256,0.14893617021276595
2024-04-22,ETH,2,1.0986122886681098,0.16035568295046684,0.16035568295046684,0.053443143654826525,0.0,1.0,0.0
2024-04-23,BTC,48,3.8918202981106265,0.03965521606733091,0.0113893039524555,0.40440013505783146,0.16666666666666666,0.7083333333333334,0.125
2024-04-23,ETH,8,2.1972245773362196,-0.07085365493549034,-0.08416104689240454,0.45923623083268167,0.125,0.625,0.25
2024-04-24,BTC,50,3.9318256327243257,-0.10715955656021833,-0.01875902712345115,0.4297406278428315,0.08,0.66,0.26
2024-04-24,ETH,9,2.302585092994046,-0.10413012728612454,-0.1213454902172088,0.468726304327987,0.1111111111111111,0.5555555555555556,0.3333333333333333
2024-04-25,BTC,51,3.9512437185814275,-0.0925374951478386,-0.0507419928908348,0.4066107290777698,0.0784313725490196,0.6470588235294118,0.27450980392156865
2024-04-25,ETH,4,1.6094379124341003,0.2725086063728668,0.35474680410698056,0.6001424443782922,0.5,0.5,0.0
2024-04-26,BTC,44,3.8066624897703196,0.05264822691044006,0.09188322070986026,0.4360714908615566,0.1590909090909091,0.6590909090909091,0.18181818181818182
2024-04-26,ETH,5,1.791759469228055,-0.06181151792407037,0.0513721369206905,0.24580909586612723,0.0,0.8,0.2
2024-04-27,BTC,33,3.5263605246161616,-0.12711117082190784,-0.1355297863483429,0.451168381660049,0.12121212121212122,0.5454545454545454,0.3333333333333333
2024-04-27,ETH,3,1.3862943611198906,-0.0653391055141886,-0.1151430644094944,0.6930280058384541,0.3333333333333333,0.3333333333333333,0.3333333333333333
2024-04-28,BTC,30,3.4339872044851463,-0.12190141685617466,-0.0776620926335454,0.3833488153463031,0.1,0.6333333333333333,0.26666666666666666
2024-04-28,ETH,2,1.0986122886681098,-0.012797330506145954,-0.012797330506145954,1.1529879524312276,0.5,0.0,0.5
2024-04-29,BTC,26,3.295836866004329,0.15766468873838535,0.093965149950236,0.41919729654784543,0.23076923076923078,0.6923076923076923,0.07692307692307693
2024-04-29,ETH,8,2.1972245773362196,-0.25226353225298226,-0.14851149357855314,0.4291389321247731,0.0,0.75,0.25
2024-04-30,BTC,29,3.4011973816621555,-0.08394907394038706,-0.038716584444046,0.47932926581655255,0.13793103448275862,0.5517241379310345,0.3103448275862069
2024-04-30,ETH,2,1.0986122886681098,0.3355268292361871,0.3355268292361871,0.5678568674959389,0.5,0.5,0.0
2024-05-01,BTC,45,3.828641396489095,0.002952724726249768,0.021177738904953,0.4339779846395141,0.15555555555555556,0.7111111111111111,0.13333333333333333
2024-05-01,ETH,5,1.791759469228055,-0.1496235833037645,-0.0629412867128849,0.7051917350256236,0.2,0.4,0.4
2024-05-02,BTC,25,3.258096538021482,-0.03308840025216341,0.0240385998040437,0.46979858991238044,0.16,0.68,0.16
2024-05-02,ETH,4,1.6094379124341003,-0.17150574584957215,-0.18010959215462208,0.44872366777411477,0.0,0.5,0.5
2024-05-03,BTC,57,4.060443010546419,-0.06469280490847794,-0.0468983799219131,0.5212166905688161,0.15789473684210525,0.543859649122807,0.2982456140350877
2024-05-03,ETH,6,1.9459101490553132,-0.04747617609488471,0.10657289251685134,0.6160143261843842,0.16666666666666666,0.5,0.3333333333333333
2024-05-04,BTC,37,3.6375861597263857,0.09148464559552233,0.0803359616547823,0.4362533495130918,0.1891891891891892,0.7027027027027027,0.10810810810810811
2024-05-04,ETH,4,1.6094379124341003,-0.11472333734855059,-0.31189839355647564,0.8125950544172541,0.25,0.25,0.5
2024-05-05,BTC,33,3.5263605246161616,-0.0912004740076196,-0.0211683548986911,0.41383005683501994,0.09090909090909091,0.6666666666666666,0.24242424242424243
2024-05-05,ETH,5,1.791759469228055,0.049719960708171126,0.0062706898897886,0.4194140996536504,0.2,0.8,0.0
2024-05-06,BTC,39,3.6888794541139363,0.05384158537699244,0.0342424400150775,0.37199442787107845,0.15384615384615385,0.7435897435897436,0.10256410256410256
2024-05-06,ETH,7,2.0794415416798357,0.023361986236912855,0.0083169937133789,0.4101119966935833,0.14285714285714285,0.7142857142857143,0.14285714285714285
2024-05-07,BTC,32,3.4965075614664802,-0.03655433891981375,0.02055576816201205,0.34197632623309837,0.0625,0.75,0.1875
2024-05-07,ETH,2,1.0986122886681098,-0.11167495884001255,-0.11167495884001255,0.1896120622978301,0.0,1.0,0.0
2024-05-08,BTC,37,3.6375861597263857,0.03026952903491219,0.0059492401778697,0.45112062341710313,0.16216216216216217,0.7027027027027027,0.13513513513513514
2024-05-08,ETH,5,1.791759469228055,-0.13545449133962398,0.1235370133072137,0.41893687144226277,0.0,0.8,0.2
2024-05-09,BTC,26,3.295836866004329,0.10689558715631182,0.19991431385278696,0.4659256624937627,0.19230769230769232,0.5769230769230769,0.23076923076923078
2024-05-09,ETH,4,1.6094379124341003,-0.2702276622876525,-0.2501117195934057,0.38865087395108,0.0,0.5,0.5
2024-05-10,BTC,15,2.772588722239781,0.04080854800219337,0.1023809742182493,0.4901036707976327,0.26666666666666666,0.5333333333333333,0.2
2024-05-10,ETH,2,1.0986122886681098,-0.2551526613533497,-0.2551526613533497,0.07040726400989605,0.0,1.0,0.0
2024-05-11,BTC,30,3.4339872044851463,0.07458896397147326,0.0647292560897767,0.3206467890754924,0.1,0.8333333333333334,0.06666666666666667
2024-05-11,ETH,1,0.6931471805599453,0.070737175643444,0.070737175643444,,0.0,1.0,0.0
2024-05-12,BTC,27,3.332204510175204,0.009929215863209067,0.0287222675979137,0.4434597705147975,0.1111111111111111,0.7407407407407407,0.14814814814814814
2024-05-12,ETH,2,1.0986122886681098,0.12279363384004688,0.12279363384004688,1.1645062704230345,0.5,0.0,0.5
2024-05-13,BTC,43,3.784189633918261,-0.02169156729698528,0.0117974001914262,0.4689848093475186,0.18604651162790697,0.6046511627906976,0.20930232558139536
2024-05-14,BTC,38,3.6635616461296463,-0.08020854438042367,-0.08936411701142785,0.4153353271540715,0.10526315789473684,0.6842105263157895,0.21052631578947367
2024-05-14,ETH,4,1.6094379124341003,-0.41166817257180804,-0.39531241450458765,0.41346315851974247,0.0,0.5,0.5
2024-05-15,BTC,34,3.5553480614894135,-0.026538405235281542,-0.0039103589951992,0.449789432628753,0.11764705882352941,0.7352941176470589,0.14705882352941177
2024-05-15,ETH,3,1.3862943611198906,-0.36367868663122255,-0.4579827468842268,0.22696001631950105,0.0,0.6666666666666666,0.3333333333333333
2024-05-16,BTC,41,3.7376696182833684,0.12407183636933929,0.095406437292695,0.46550047786028204,0.2926829268292683,0.5853658536585366,0.12195121951219512
2024-05-16,ETH,2,1.0986122886681098,-0.2196735702455044,-0.2196735702455044,0.34500136829357214,0.0,1.0,0.0
2024-05-17,BTC,49,3.912023005428146,0.047774078923144496,0.0973988138139247,0.43846738840409905,0.14285714285714285,0.673469387755102,0.1836734693877551
2024-05-17,ETH,5,1.791759469228055,-0.0035509190522134528,0.0194973945617675,0.44526286425361,0.2,0.8,0.0
2024-05-18,BTC,23,3.1780538303479458,0.0737995188784502,0.0711197145283222,0.4420750607688397,0.21739130434782608,0.6521739130434783,0.13043478260869565
2024-05-18,ETH,3,1.3862943611198906,-0.20319562933097282,-0.3530983831733465,0.3234228854191653,0.0,1.0,0.0
2024-05-19,BTC,36,3.6109179126442243,0.08546074613695964,0.046874426305293995,0.3994228342128516,0.1388888888888889,0.7777777777777778,0.08333333333333333
2024-05-19,ETH,3,1.3862943611198906,-0.1113602928817272,-0.0706403627991676,0.3170137999073551,0.0,1.0,0.0
2024-05-20,BTC,25,3.258096538021482,0.06956216895952821,0.0955140190199017,0.5139941902354265,0.24,0.6,0.16
2024-05-20,ETH,3,1.3862943611198906,-0.43779293820261955,-0.6248368266969919,0.48314113441681983,0.0,0.3333333333333333,0.6666666666666666
2024-05-21,BTC,49,3.912023005428146,0.002852791811016436,0.0537789482623338,0.4381165790051461,0.12244897959183673,0.673469387755102,0.20408163265306123
2024-05-21,ETH,7,2.0794415416798357,-0.3782243932198201,-0.5202152729034424,0.3390013656536455,0.0,0.42857142857142855,0.5714285714285714
2024-05-22,BTC,42,3.7612001156935624,0.08318435633555053,0.04568634927272795,0.48208889843513797,0.19047619047619047,0.6666666666666666,0.14285714285714285
2024-05-22,ETH,5,1.791759469228055,-0.03341927714645865,0.1166878221556544,0.38698867231336226,0.0,0.8,0.2
2024-05-23,BTC,32,3.4965075614664802,0.21429012678709114,0.26771158585324883,0.48365750006431735,0.34375,0.5625,0.09375
2024-05-23,ETH,9,2.302585092994046,0.06502053423577712,0.0080529302358627,0.47823956008483054,0.1111111111111111,0.7777777777777778,0.1111111111111111
2024-05-24,BTC,32,3.4965075614664802,-0.09644311946613016,-0.07837348058819765,0.4568404846522758,0.125,0.65625,0.21875
2024-05-24,ETH,1,0.6931471805599453,-0.7982651712372899,-0.7982651712372899,,0.0,0.0,1.0
2024-05-25,BTC,27,3.332204510175204,-0.01902887069068299,0.0307004731148481,0.4789944530994883,0.1111111111111111,0.6666666666666666,0.2222222222222222
2024-05-25,ETH,2,1.0986122886681098,0.36386178422253573,0.36386178422253573,0.7901926968793469,0.5,0.5,0.0
2024-05-26,BTC,24,3.2188758248682006,-0.012756021576933563,-0.010249951854348151,0.49569180312116323,0.20833333333333334,0.5833333333333334,0.20833333333333334
2024-05-26,ETH,3,1.3862943611198906,0.09934725084652503,0.1727882958948612,0.48895761483093797,0.3333333333333333,0.6666666666666666,0.0
2024-05-27,BTC,37,3.6375861597263857,0.05747685976628516,-0.0128684118390083,0.4546406234221231,0.1891891891891892,0.6756756756756757,0.13513513513513514
2024-05-27,ETH,3,1.3862943611198906,-0.21369510578612486,-0.1894412450492382,0.38887981168255586,0.0,0.6666666666666666,0.3333333333333333
2024-05-28,BTC,29,3.4011973816621555,0.04567760276078277,0.0438991207629442,0.37098554856503224,0.10344827586206896,0.7931034482758621,0.10344827586206896
2024-05-28,ETH,3,1.3862943611198906,-0.08570190332829951,-0.0146912336349487,0.20632613642280156,0.0,1.0,0.0
2024-05-29,BTC,27,3.332204510175204,-0.14130881609809065,-0.1190940365195274,0.42294287581869705,0.1111111111111111,0.6296296296296297,0.25925925925925924
2024-05-29,ETH,3,1.3862943611198906,0.18743931176140904,0.3043301105499267,0.31939715113839745,0.0,1.0,0.0
2024-05-30,BTC,30,3.4339872044851463,0.18976173236345248,0.12675607972778374,0.439885720792056,0.23333333333333334,0.6666666666666666,0.1
2024-05-30,ETH,6,1.9459101490553132,0.19543353212065995,0.2189166783355176,0.5250363845465218,0.3333333333333333,0.5,0.16666666666666666
2024-05-31,BTC,31,3.4657359027997265,0.07346766872421627,0.0812137834727764,0.4233972058187945,0.1935483870967742,0.7096774193548387,0.0967741935483871
2024-05-31,ETH,3,1.3862943611198906,0.2313353080147256,0.0832667173817753,0.2787575147985303,0.3333333333333333,0.6666666666666666,0.0
2024-06-01,BTC,30,3.4339872044851463,-0.14805216745007782,-0.14269191864877934,0.504424366560323,0.1,0.6333333333333333,0.26666666666666666
2024-06-02,BTC,39,3.6888794541139363,0.06824903464756715,0.0477696359157562,0.4138764792528683,0.15384615384615385,0.7692307692307693,0.07692307692307693
2024-06-02,ETH,5,1.791759469228055,-0.09201727975159883,-0.2382134981453418,0.558472643459503,0.2,0.4,0.4
2024-06-03,BTC,31,3.4657359027997265,-0.04134126645212452,0.0384846907109022,0.45530659067394597,0.16129032258064516,0.6451612903225806,0.1935483870967742
2024-06-03,ETH,3,1.3862943611198906,0.09426904097199436,0.1826770603656768,0.2499395625971347,0.0,1.0,0.0
2024-06-04,BTC,35,3.58351893845611,0.016764386596956424,0.0711300652474165,0.4098796827348644,0.11428571428571428,0.7428571428571429,0.14285714285714285
2024-06-04,ETH,8,2.1972245773362196,0.14825994079001248,0.13661138666793698,0.5532845148105834,0.375,0.5,0.125
2024-06-05,BTC,36,3.6109179126442243,0.010211066821486574,0.0586131270974874,0.46763681787715466,0.16666666666666666,0.6111111111111112,0.2222222222222222
2024-06-05,ETH,3,1.3862943611198906,0.45807607083891827,0.4369894489645958,0.44607066447562815,0.3333333333333333,0.6666666666666666,0.0
2024-06-06,BTC,47,3.871201010907891,0.021791324698108634,0.0355215966701507,0.352673501817884,0.10638297872340426,0.7872340425531915,0.10638297872340426
2024-06-06,ETH,1,0.6931471805599453,-0.0313687697052955,-0.0313687697052955,,0.0,1.0,0.0
2024-06-07,BTC,30,3.4339872044851463,0.020455104857683166,0.049948137253522845,0.43866600058761474,0.16666666666666666,0.6333333333333333,0.2
2024-06-07,ETH,5,1.791759469228055,0.05057289134711027,0.0133869647979736,0.3493515339314858,0.0,1.0,0.0
2024-06-08,BTC,29,3.4011973816621555,0.05510777296851677,0.0517886281013488,0.41310093430056355,0.13793103448275862,0.7931034482758621,0.06896551724137931
2024-06-08,ETH,2,1.0986122886681098,-0.22882409952580926,-0.22882409952580926,0.18969928520082346,0.0,1.0,0.0
2024-06-09,BTC,30,3.4339872044851463,-0.07921199899477264,0.01544621307402845,0.44970375956609016,0.13333333333333333,0.6333333333333333,0.23333333333333334
2024-06-09,ETH,3,1.3862943611198906,-0.23285932652652264,-0.2345419265329837,0.4446812649912867,0.0,0.6666666666666666,0.3333333333333333
2024-06-10,BTC,32,3.4965075614664802,0.14917839161353183,0.08871414698660371,0.5094597188021529,0.3125,0.5625,0.125
2024-06-10,ETH,4,1.6094379124341003,-0.0440687944646925,0.03570359898731105,0.28501603117091234,0.0,1.0,0.0
2024-06-11,BTC,32,3.4965075614664802,-0.033724312292179086,0.05592240300029511,0.43444636707774253,0.125,0.6875,0.1875
2024-06-11,ETH,4,1.6094379124341003,-0.19968024967238307,-0.20841300114989278,0.3014721948136366,0.0,0.5,0.5
2024-06-12,BTC,38,3.6635616461296463,0.03844737440139348,0.05457425676286215,0.49816634308520236,0.21052631578947367,0.6052631578947368,0.18421052631578946
2024-06-12,ETH,2,1.0986122886681098,0.3832137822173536,0.3832137822173536,0.3153427119974305,0.5,0.5,0.0
2024-06-13,BTC,34,3.5553480614894135,0.0018200439620105595,0.0503439488820731,0.5055520268142389,0.14705882352941177,0.6176470588235294,0.23529411764705882
2024-06-13,ETH,3,1.3862943611198906,0.25056750513613224,0.2525916639715433,0.19692016483153926,0.0,1.0,0.0
2024-06-14,BTC,27,3.332204510175204,-0.03663703906177372,0.0250338464975357,0.429270736327937,0.1111111111111111,0.5925925925925926,0.2962962962962963
2024-06-15,BTC,24,3.2188758248682006,0.025791799649596204,0.08113273559138175,0.3644507735263259,0.08333333333333333,0.8333333333333334,0.08333333333333333
2024-06-15,ETH,2,1.0986122886681098,0.20263259788043794,0.20263259788043794,0.28076175193475417,0.0,1.0,0.0
2024-06-16,BTC,23,3.1780538303479458,0.16666933743323645,0.0940742269158363,0.26220603437840706,0.13043478260869565,0.8695652173913043,0.0
2024-06-16,ETH,4,1.6094379124341003,0.17806844401638955,0.43898399150930345,0.6211512053196586,0.5,0.25,0.25
2024-06-17,BTC,31,3.4657359027997265,0.019736020915931258,0.0433137062937021,0.43211100884181386,0.16129032258064516,0.6774193548387096,0.16129032258064516
2024-06-17,ETH,3,1.3862943611198906,-0.21556895699662468,-0.7097067488357425,0.9398202418162488,0.3333333333333333,0.0,0.6666666666666666
2024-06-18,BTC,35,3.58351893845611,0.1125358096889353,0.094875730574131,0.36490346781774113,0.08571428571428572,0.8571428571428571,0.05714285714285714
2024-06-18,ETH,5,1.791759469228055,0.10266618593595922,0.0625510290265083,0.32833517489794767,0.2,0.8,0.0
2024-06-19,BTC,24,3.2188758248682006,0.1880532956274692,0.0542619549669325,0.4246720894223484,0.25,0.7083333333333334,0.041666666666666664
2024-06-19,ETH,3,1.3862943611198906,-0.39928545088817674,-0.4916426194831729,0.34523986259176637,0.0,0.3333333333333333,0.6666666666666666
2024-06-20,BTC,25,3.258096538021482,0.09347791825421155,-0.0176594853401184,0.40491022167541024,0.24,0.68,0.08
2024-06-20,ETH,1,0.6931471805599453,0.2707649020012468,0.2707649020012468,,0.0,1.0,0.0
2024-06-21,BTC,31,3.4657359027997265,0.04245088135282839,0.0897116707637906,0.4002651556392011,0.1935483870967742,0.5806451612903226,0.22580645161290322
2024-06-21,ETH,3,1.3862943611198906,0.3499703529911737,0.1558439619839191,0.47728769905026874,0.3333333333333333,0.6666666666666666,0.0
2024-06-22,BTC,19,2.995732273553991,0.10270691672830204,0.0968900332227349,0.4193139803201384,0.15789473684210525,0.6842105263157895,0.15789473684210525
2024-06-22,ETH,2,1.0986122886681098,-0.3323371051810682,-0.3323371051810682,0.2332239569949316,0.0,0.5,0.5
2024-06-23,BTC,26,3.295836866004329,0.15064583499378598,0.04775658296421165,0.43135469052161624,0.23076923076923078,0.6538461538461539,0.11538461538461539
2024-06-23,ETH,4,1.6094379124341003,-0.1906273525673896,-0.17128858808428052,0.35441689542179156,0.0,0.75,0.25
2024-06-24,BTC,35,3.58351893845611,0.013614938088825768,0.0203515496104955,0.513067426670525,0.2571428571428571,0.5714285714285714,0.17142857142857143
2024-06-24,ETH,4,1.6094379124341003,0.009753706515766646,0.062784174690023,0.27536230926180233,0.0,1.0,0.0
2024-06-25,BTC,45,3.828641396489095,0.0556771369340519,0.0670220712199807,0.4771720525924232,0.17777777777777778,0.6666666666666666,0.15555555555555556
2024-06-25,ETH,1,0.6931471805599453,0.1927248798310756,0.1927248798310756,,0.0,1.0,0.0
2024-06-26,BTC,30,3.4339872044851463,-0.015259706166883321,0.04016769677400585,0.4364010351625708,0.16666666666666666,0.6333333333333333,0.2
2024-06-26,ETH,2,1.0986122886681098,0.5773394376737997,0.5773394376737997,0.49836202381657035,0.5,0.5,0.0
2024-06-27,BTC,36,3.6109179126442243,0.007827148261842217,-0.0021107532083988,0.5054047685438962,0.19444444444444445,0.6388888888888888,0.16666666666666666
2024-06-27,ETH,2,1.0986122886681098,0.42591312434524303,0.42591312434524303,0.6337350329758517,0.5,0.5,0.0
2024-06-28,BTC,33,3.5263605246161616,0.0453712069993895,0.0657561374828219,0.3473315296654127,0.12121212121212122,0.7575757575757576,0.12121212121212122
2024-06-28,ETH,2,1.0986122886681098,-0.35880861757323146,-0.35880861757323146,0.592754662376314,0.0,0.5,0.5
2024-06-29,BTC,24,3.2188758248682006,0.07103442078611504,0.06660958379507059,0.40129689704045607,0.20833333333333334,0.625,0.16666666666666666
2024-06-29,ETH,2,1.0986122886681098,0.3136768136173486,0.3136768136173486,0.375618351070076,0.5,0.5,0.0
2024-06-30,BTC,23,3.1780538303479458,0.008841397686173058,0.0561308339238166,0.3647901259076698,0.043478260869565216,0.8260869565217391,0.13043478260869565
2024-07-01,BTC,30,3.4339872044851463,0.12157403950113801,0.13242339901626105,0.3305117499871483,0.16666666666666666,0.7333333333333333,0.1
2024-07-01,ETH,3,1.3862943611198906,0.30527134317283827,0.0926660867407918,0.42739938531764826,0.3333333333333333,0.6666666666666666,0.0
2024-07-02,BTC,35,3.58351893845611,-0.07354221808990198,0.0011186189949512,0.4781841949098572,0.11428571428571428,0.6,0.2857142857142857
2024-07-02,ETH,6,1.9459101490553132,0.16238550826286272,0.1714129298925399,0.22345804452345552,0.16666666666666666,0.8333333333333334,0.0
2024-07-03,BTC,41,3.7376696182833684,0.015034836592016416,0.0150081515312194,0.4571278365910009,0.1951219512195122,0.6341463414634146,0.17073170731707318
2024-07-03,ETH,5,1.791759469228055,0.20019318857230245,0.1033117398619651,0.4075947092050059,0.2,0.8,0.0
2024-07-04,BTC,34,3.5553480614894135,0.08091711618608849,0.08030459424480794,0.4553988367947174,0.20588235294117646,0.6470588235294118,0.14705882352941177
2024-07-04,ETH,2,1.0986122886681098,0.3011183934286237,0.3011183934286237,0.207724022437591,0.0,1.0,0.0
2024-07-05,BTC,51,3.9512437185814275,-0.03890329522226809,0.0187944918870925,0.44133159482371165,0.1568627450980392,0.6666666666666666,0.17647058823529413
2024-07-05,ETH,2,1.0986122886681098,-0.061495714355260134,-0.061495714355260134,0.8216879562646366,0.5,0.0,0.5
2024-07-06,BTC,26,3.295836866004329,0.03176731495365787,0.0038593336939811503,0.4726632701416112,0.19230769230769232,0.6153846153846154,0.19230769230769232
2024-07-07,BTC,31,3.4657359027997265,-0.009656530414377492,0.0412452006712555,0.2911111910089479,0.0967741935483871,0.8709677419354839,0.03225806451612903
2024-07-07,ETH,4,1.6094379124341003,-0.06264497071970256,0.08685357961803675,0.5871129251245767,0.0,0.75,0.25
2024-07-08,BTC,30,3.4339872044851463,0.004118902290550364,0.02921456098556515,0.5452314617389571,0.23333333333333334,0.5333333333333333,0.23333333333333334
2024-07-08,ETH,3,1.3862943611198906,0.3959470581806575,0.2433634642511606,0.45084709401162526,0.3333333333333333,0.6666666666666666,0.0
2024-07-09,BTC,36,3.6109179126442243,0.06641386960594292,0.0375181389972567,0.45613320572948524,0.16666666666666666,0.7222222222222222,0.1111111111111111
2024-07-09,ETH,2,1.0986122886681098,-0.5932811936363578,-0.5932811936363578,0.11363037576145328,0.0,0.0,1.0
2024-07-10,BTC,33,3.5263605246161616,-0.08305189567688628,0.0170210376381874,0.36215210467303605,0.06060606060606061,0.8181818181818182,0.12121212121212122
2024-07-10,ETH,4,1.6094379124341003,0.2901231825817377,0.283906709169969,0.5609864334478785,0.5,0.5,0.0
2024-07-11,BTC,47,3.871201010907891,0.04547471823071703,0.0516853183507919,0.3832174217324417,0.0851063829787234,0.8297872340425532,0.0851063829787234
2024-07-11,ETH,6,1.9459101490553132,0.17872653424274176,0.11345624178647995,0.33612274531677555,0.16666666666666666,0.8333333333333334,0.0
2024-07-12,BTC,31,3.4657359027997265,-0.06393538643005153,-0.0504803210496902,0.40855536141629845,0.12903225806451613,0.7419354838709677,0.12903225806451613
2024-07-12,ETH,3,1.3862943611198906,-0.08996107770750918,-0.1023877821862697,0.6994692405430409,0.3333333333333333,0.3333333333333333,0.3333333333333333
2024-07-13,BTC,30,3.4339872044851463,-0.035979898157529534,0.0195098184049129,0.4678389879714059,0.1,0.6333333333333333,0.26666666666666666
2024-07-13,ETH,1,0.6931471805599453,-0.1917674690485,-0.1917674690485,,0.0,1.0,0.0
2024-07-14,BTC,24,3.2188758248682006,-0.010186064968972173,0.0056911157444119,0.44004072308274045,0.16666666666666666,0.625,0.20833333333333334
2024-07-14,ETH,1,0.6931471805599453,0.1599259190261364,0.1599259190261364,,0.0,1.0,0.0
2024-07-15,BTC,45,3.828641396489095,0.14058087394158875,0.0955509478226304,0.4916164943355857,0.3111111111111111,0.5555555555555556,0.13333333333333333
2024-07-15,ETH,2,1.0986122886681098,-0.35506199812516576,-0.35506199812516576,0.6380665548179139,0.0,0.5,0.5
2024-07-16,BTC,47,3.871201010907891,-0.06788979364222195,0.0099612735211849,0.4187494043855131,0.0851063829787234,0.6595744680851063,0.2553191489361702
2024-07-16,ETH,7,2.0794415416798357,0.23460363034558082,0.3252006825059652,0.6022854772780057,0.2857142857142857,0.5714285714285714,0.14285714285714285
2024-07-17,BTC,31,3.4657359027997265,-0.1476567830109308,-0.0218634158372879,0.3998287729124992,0.0967741935483871,0.6451612903225806,0.25806451612903225
2024-07-17,ETH,5,1.791759469228055,-0.04006516812369228,-0.1483211107552051,0.5542453950819808,0.2,0.4,0.4
2024-07-18,BTC,33,3.5263605246161616,-0.020410972499203966,0.0461253225803375,0.45560813316631105,0.12121212121212122,0.6666666666666666,0.21212121212121213
2024-07-18,ETH,5,1.791759469228055,0.04091639411635697,0.0544707961380481,0.6264134247289967,0.2,0.6,0.2
2024-07-19,BTC,37,3.6375861597263857,0.053541841174198954,0.0628323275595903,0.39058066600297536,0.1891891891891892,0.6756756756756757,0.13513513513513514
2024-07-19,ETH,2,1.0986122886681098,0.1506707901135087,0.1506707901135087,0.38059939338472787,0.0,1.0,0.0
2024-07-20,BTC,34,3.5553480614894135,0.006002392928006463,0.0216183313168585,0.48479397016505127,0.20588235294117646,0.5882352941176471,0.20588235294117646
2024-07-20,ETH,1,0.6931471805599453,-0.1670139022171497,-0.1670139022171497,,0.0,1.0,0.0
2024-07-21,BTC,29,3.4011973816621555,0.008801135884854802,0.0320583209395408,0.40075113569650395,0.13793103448275862,0.7241379310344828,0.13793103448275862
2024-07-22,BTC,42,3.7612001156935624,0.03830526606734132,0.0431285202503204,0.3778014918370338,0.14285714285714285,0.7619047619047619,0.09523809523809523
2024-07-22,ETH,1,0.6931471805599453,0.1033633537590503,0.1033633537590503,,0.0,1.0,0.0
2024-07-23,BTC,39,3.6888794541139363,0.01821878941681904,0.0245850831270217,0.5186385067021965,0.1794871794871795,0.6153846153846154,0.20512820512820512
2024-07-23,ETH,3,1.3862943611198906,0.095991996039326,0.0466560125350952,0.8244115902998573,0.3333333333333333,0.3333333333333333,0.3333333333333333
2024-07-24,BTC,48,3.8918202981106265,0.0644686620653374,0.08310135407373305,0.5225931164222859,0.20833333333333334,0.5833333333333334,0.20833333333333334
2024-07-24,ETH,1,0.6931471805599453,0.9671038074884564,0.9671038074884564,,1.0,0.0,0.0
2024-07-25,BTC,39,3.6888794541139363,0.10063637973657115,0.0971472840756177,0.49076837024596265,0.1794871794871795,0.6410256410256411,0.1794871794871795
2024-07-25,ETH,5,1.791759469228055,0.04111120477318762,0.0278063956648111,0.4377870572394859,0.2,0.6,0.2
2024-07-26,BTC,39,3.6888794541139363,-0.0019280376772468106,0.0664563924074173,0.42927582009813037,0.10256410256410256,0.717948717948718,0.1794871794871795
2024-07-26,ETH,3,1.3862943611198906,0.6327220849537601,0.8911112912464887,0.5071247900396544,0.6666666666666666,0.3333333333333333,0.0
2024-07-27,BTC,43,3.784189633918261,0.22057507243711327,0.1505187414586544,0.5481609446403383,0.3023255813953488,0.5581395348837209,0.13953488372093023
2024-07-27,ETH,1,0.6931471805599453,0.9778166632167996,0.9778166632167996,,1.0,0.0,0.0
2024-07-28,BTC,33,3.5263605246161616,0.045438515572724034,-0.0320112407207489,0.5134544486913797,0.21212121212121213,0.6060606060606061,0.18181818181818182
2024-07-28,ETH,4,1.6094379124341003,0.15691642474848774,0.2019637913908809,0.5307313450934951,0.25,0.5,0.25
2024-07-29,BTC,44,3.8066624897703196,-0.04026313059412959,0.0023137722164392497,0.437472559046763,0.1590909090909091,0.5909090909090909,0.25
2024-07-29,ETH,3,1.3862943611198906,-0.2958137448877097,-0.1155005469918251,0.4699411198279399,0.0,0.6666666666666666,0.3333333333333333
2024-07-30,BTC,35,3.58351893845611,0.03350740097063992,0.0740884924307465,0.48305742983434913,0.17142857142857143,0.6,0.22857142857142856
2024-07-30,ETH,5,1.791759469228055,0.3751059130765498,0.2106873840093612,0.38928731516567233,0.4,0.6,0.0
2024-07-31,BTC,44,3.8066624897703196,-0.0028448859335516137,0.08633303176611655,0.3935568408760243,0.06818181818181818,0.7727272727272727,0.1590909090909091
2024-07-31,ETH,1,0.6931471805599453,0.0355285126715898,0.0355285126715898,,0.0,1.0,0.0
2024-08-01,BTC,43,3.784189633918261,0.14507654122466782,0.0871136267669498,0.45787041723890176,0.27906976744186046,0.6046511627906976,0.11627906976744186
2024-08-01,ETH,2,1.0986122886681098,0.0961595592088997,0.0961595592088997,0.08007736383379523,0.0,1.0,0.0
2024-08-02,BTC,37,3.6375861597263857,-0.007126803453256572,0.0369129031896591,0.4381579134215549,0.10810810810810811,0.7837837837837838,0.10810810810810811
2024-08-02,ETH,3,1.3862943611198906,0.13533817697316408,0.3610664764419198,0.80427593518508,0.3333333333333333,0.3333333333333333,0.3333333333333333
2024-08-03,BTC,35,3.58351893845611,0.02844529621569173,0.0541857779026031,0.4471063554332183,0.2,0.6285714285714286,0.17142857142857143
2024-08-03,ETH,4,1.6094379124341003,0.0010692328214645178,0.0715377517044544,0.26896673357491263,0.0,1.0,0.0
2024-08-04,BTC,36,3.6109179126442243,-0.06796267796825203,0.029656732454895952,0.44256989887715215,0.08333333333333333,0.5833333333333334,0.3333333333333333
2024-08-04,ETH,2,1.0986122886681098,0.24329440668225286,0.24329440668225286,0.00766413308136883,0.0,1.0,0.0
2024-08-05,BTC,77,4.356708826689592,0.015521333586158497,0.0087255239486694,0.4670825077207426,0.2077922077922078,0.6103896103896104,0.18181818181818182
2024-08-06,BTC,43,3.784189633918261,0.017374353597027263,0.0635203812271356,0.485831834074359,0.18604651162790697,0.5581395348837209,0.2558139534883721
2024-08-06,ETH,5,1.791759469228055,-0.143110753595829,0.0175115168094635,0.6270684940455381,0.2,0.4,0.4
2024-08-07,BTC,39,3.6888794541139363,0.08020924287848175,0.0457191825844347,0.40463226521163115,0.15384615384615385,0.7692307692307693,0.07692307692307693
2024-08-07,ETH,3,1.3862943611198906,0.09637068281881507,0.1881021708250045,0.7530471493190468,0.3333333333333333,0.3333333333333333,0.3333333333333333
2024-08-08,BTC,37,3.6375861597263857,0.1114256679634186,0.087652014568448,0.37630680236452513,0.16216216216216217,0.7567567567567568,0.08108108108108109
2024-08-08,ETH,2,1.0986122886681098,0.28934875479899347,0.28934875479899347,0.3098354178760987,0.5,0.5,0.0
2024-08-09,BTC,40,3.713572066704308,-0.09910723657812923,-0.04983688890933985,0.4265302712170331,0.1,0.7,0.2
2024-08-09,ETH,1,0.6931471805599453,0.2968472726643085,0.2968472726643085,,0.0,1.0,0.0
2024-08-10,BTC,38,3.6635616461296463,0.10402313704406352,0.01922148466110225,0.43912417141507065,0.21052631578947367,0.7368421052631579,0.05263157894736842
2024-08-10,ETH,3,1.3862943611198906,0.13045037506769094,0.0697027705609798,0.1430582345440215,0.0,1.0,0.0
2024-08-11,BTC,44,3.8066624897703196,-0.05933488869446923,-0.036559198051691,0.4174727664316109,0.09090909090909091,0.7272727272727273,0.18181818181818182
2024-08-11,ETH,2,1.0986122886681098,-0.24083762057125568,-0.24083762057125568,0.40331933300954664,0.0,0.5,0.5
2024-08-12,BTC,43,3.784189633918261,-0.08620422884691942,0.0110844857990741,0.42789191612338806,0.11627906976744186,0.6744186046511628,0.20930232558139536
2024-08-12,ETH,1,0.6931471805599453,0.3381806686520576,0.3381806686520576,,0.0,1.0,0.0
2024-08-13,BTC,31,3.4657359027997265,-0.07185408241686322,0.0244958642870187,0.474799724734647,0.12903225806451613,0.6774193548387096,0.1935483870967742
2024-08-13,ETH,1,0.6931471805599453,-0.7415913315489888,-0.7415913315489888,,0.0,0.0,1.0
2024-08-14,BTC,39,3.6888794541139363,0.1177554642781615,0.0952827455475926,0.3755179014083947,0.20512820512820512,0.6923076923076923,0.10256410256410256
2024-08-14,ETH,3,1.3862943611198906,-0.3451215174670021,-0.5384481968358159,0.33758650738308793,0.0,0.3333333333333333,0.6666666666666666
2024-08-15,BTC,36,3.6109179126442243,-0.040131342707253576,-0.0160962864756584,0.39887360497592755,0.08333333333333333,0.7222222222222222,0.19444444444444445
2024-08-15,ETH,4,1.6094379124341003,-0.2560445978306234,-0.28286858741194004,0.2688579217615804,0.0,0.75,0.25
2024-08-16,BTC,32,3.4965075614664802,0.039069373058737235,0.065152664668858,0.4809149604618218,0.15625,0.625,0.21875
2024-08-16,ETH,2,1.0986122886681098,-0.42777262534946203,-0.42777262534946203,0.16215535690688357,0.0,0.5,0.5
2024-08-17,BTC,22,3.1354942159291497,-0.013052323007617484,0.037371676415204946,0.371598688962124,0.045454545454545456,0.8636363636363636,0.09090909090909091
2024-08-17,ETH,2,1.0986122886681098,0.16932524624280632,0.16932524624280632,0.4502378695725546,0.0,1.0,0.0
2024-08-18,BTC,29,3.4011973816621555,0.04377524977838942,0.0415980294346809,0.3927330869178248,0.10344827586206896,0.7586206896551724,0.13793103448275862
2024-08-18,ETH,3,1.3862943611198906,-0.20418654382228849,-0.1865085549652576,0.251437894028738,0.0,0.6666666666666666,0.3333333333333333
2024-08-19,BTC,41,3.7376696182833684,0.07725830181933395,0.0732614533044397,0.36985336922965684,0.17073170731707318,0.7560975609756098,0.07317073170731707
2024-08-19,ETH,5,1.791759469228055,0.11823954321444034,0.0203326866030693,0.5821867864836573,0.2,0.6,0.2
2024-08-20,BTC,33,3.5263605246161616,0.06348724179252077,0.0874628089368343,0.4506647342763551,0.21212121212121213,0.6363636363636364,0.15151515151515152
2024-08-20,ETH,3,1.3862943611198906,0.14209271222352982,0.4319175584241748,0.8412108536287672,0.3333333333333333,0.3333333333333333,0.3333333333333333
2024-08-21,BTC,43,3.784189633918261,0.012496420669607648,0.0746397022157907,0.4701168308057486,0.13953488372093023,0.6511627906976745,0.20930232558139536
2024-08-22,BTC,28,3.367295829986474,-0.018618230724574195,-0.0298638194799423,0.4431331679748564,0.14285714285714285,0.6428571428571429,0.21428571428571427
2024-08-22,ETH,2,1.0986122886681098,-0.2672991193830967,-0.2672991193830967,0.46953741364588036,0.0,0.5,0.5
2024-08-23,BTC,41,3.7376696182833684,0.11087986530747444,0.0689545618370175,0.45648991761893026,0.21951219512195122,0.6341463414634146,0.14634146341463414
2024-08-23,ETH,3,1.3862943611198906,0.41407505935058,0.3230261988937855,0.38035770571863015,0.3333333333333333,0.6666666666666666,0.0
2024-08-24,BTC,37,3.6375861597263857,0.0032300091336002965,0.0194510221481323,0.5106909040362506,0.24324324324324326,0.5675675675675675,0.1891891891891892
2024-08-24,ETH,3,1.3862943611198906,0.36806399646836024,0.3794328831136226,0.38554227011565856,0.3333333333333333,0.6666666666666666,0.0
2024-08-25,BTC,41,3.7376696182833684,0.12633315418142735,0.0646727597340941,0.5058121898899404,0.2926829268292683,0.5853658536585366,0.12195121951219512
2024-08-25,ETH,1,0.6931471805599453,0.6309112347662449,0.6309112347662449,,1.0,0.0,0.0
2024-08-26,BTC,40,3.713572066704308,0.10844373255968094,0.09302217094227666,0.4718235089292076,0.25,0.6,0.15
2024-08-26,ETH,3,1.3862943611198906,-0.26236748043447733,-0.4527706876397133,0.4143588307825918,0.0,0.6666666666666666,0.3333333333333333
2024-08-27,BTC,44,3.8066624897703196,0.16109672462599436,0.0922326641157269,0.43556989370251376,0.20454545454545456,0.6590909090909091,0.13636363636363635
2024-08-27,ETH,4,1.6094379124341003,0.090400603832677,0.08991433167830111,0.648026082510421,0.25,0.5,0.25
2024-08-28,BTC,41,3.7376696182833684,0.054359482729057884,0.0464146733283996,0.5818982649321308,0.3170731707317073,0.43902439024390244,0.24390243902439024
2024-08-29,BTC,41,3.7376696182833684,0.03977139591716413,-0.0210218504071235,0.4505807825355404,0.1951219512195122,0.7073170731707317,0.0975609756097561
2024-08-29,ETH,5,1.791759469228055,0.3428503851406276,0.1847836170345544,0.2939581462071695,0.2,0.8,0.0
2024-08-30,BTC,33,3.5263605246161616,0.04304632947385084,0.038612644188106,0.4179903800851534,0.15151515151515152,0.696969696969697,0.15151515151515152
2024-08-31,BTC,30,3.4339872044851463,-0.10078907975306113,-0.06161439791321755,0.3712030932363831,0.03333333333333333,0.7666666666666667,0.2
2024-08-31,ETH,1,0.6931471805599453,-0.3418421149253845,-0.3418421149253845,,0.0,1.0,0.0
2024-09-01,BTC,27,3.332204510175204,-0.04855579278362846,-0.0248733311891555,0.3153642595399776,0.07407407407407407,0.8518518518518519,0.07407407407407407
2024-09-02,BTC,19,2.995732273553991,0.07897631435557023,0.0987206231802702,0.5863811564247196,0.3157894736842105,0.47368421052631576,0.21052631578947367
2024-09-02,ETH,2,1.0986122886681098,-0.1206583734601736,-0.1206583734601736,0.3956747534317089,0.0,1.0,0.0
2024-09-03,BTC,36,3.6109179126442243,0.06036369437222471,0.05998008255846795,0.44653497094709926,0.19444444444444445,0.6666666666666666,0.1388888888888889
2024-09-03,ETH,8,2.1972245773362196,0.15001510409638288,0.0672080628573894,0.41376521761356344,0.25,0.75,0.0
2024-09-04,BTC,29,3.4011973816621555,0.05204360307884754,0.0981536954641342,0.5358441328446389,0.1724137931034483,0.6206896551724138,0.20689655172413793
2024-09-04,ETH,5,1.791759469228055,0.15357342744246122,0.1968516060151159,0.1279640489166603,0.0,1.0,0.0
2024-09-05,BTC,39,3.6888794541139363,0.032866224843578845,0.0673806075938046,0.45696455708309736,0.1794871794871795,0.6666666666666666,0.15384615384615385
2024-09-05,ETH,5,1.791759469228055,-0.39776363484561444,-0.4966098796576261,0.2905504967376987,0.0,0.4,0.6
2024-09-06,BTC,42,3.7612001156935624,0.1978650183577667,0.10303209768608204,0.45527286440149434,0.2857142857142857,0.6190476190476191,0.09523809523809523
2024-09-06,ETH,1,0.6931471805599453,-0.3120201006531715,-0.3120201006531715,,0.0,1.0,0.0
2024-09-07,BTC,40,3.713572066704308,0.009921399061568087,-0.07335045933723446,0.5010116335918869,0.225,0.6,0.175
2024-09-07,ETH,1,0.6931471805599453,-0.8728807782754302,-0.8728807782754302,,0.0,0.0,1.0
2024-09-08,BTC,28,3.367295829986474,0.032165893220475736,-0.05009630322456355,0.48901173000227843,0.25,0.5714285714285714,0.17857142857142858
2024-09-08,ETH,2,1.0986122886681098,-0.5343614220619202,-0.5343614220619202,0.12899534524379877,0.0,0.0,1.0
2024-09-09,BTC,43,3.784189633918261,-0.05311991678832402,0.006927091628313,0.4862746957122384,0.13953488372093023,0.627906976744186,0.23255813953488372
2024-09-09,ETH,5,1.791759469228055,0.15349359847605223,0.0412643887102603,0.3116862065902965,0.2,0.8,0.0
2024-09-10,BTC,35,3.58351893845611,-0.007922502500670305,0.0523161157034337,0.3920122587464119,0.11428571428571428,0.7142857142857143,0.17142857142857143
2024-09-10,ETH,1,0.6931471805599453,0.0270418468862772,0.0270418468862772,,0.0,1.0,0.0
2024-09-11,BTC,27,3.332204510175204,0.15495277887762146,0.106103210709989,0.4157299376964717,0.37037037037037035,0.48148148148148145,0.14814814814814814
2024-09-11,ETH,1,0.6931471805599453,-0.4144798386842012,-0.4144798386842012,,0.0,1.0,0.0
2024-09-12,BTC,41,3.7376696182833684,0.1359839106671421,0.0998298553749919,0.4923094010376706,0.2682926829268293,0.5609756097560976,0.17073170731707318
2024-09-12,ETH,4,1.6094379124341003,0.07332685671281071,0.05781657481566069,0.5610167849402146,0.25,0.5,0.25
2024-09-13,BTC,37,3.6375861597263857,0.1351818507348464,0.0991321746259927,0.44440682719469504,0.24324324324324326,0.6216216216216216,0.13513513513513514
2024-09-13,ETH,2,1.0986122886681098,-0.2485102647915482,-0.2485102647915482,0.2635880672414487,0.0,1.0,0.0
2024-09-14,BTC,26,3.295836866004329,0.001995843306828581,-0.014399589039385251,0.4713976558283282,0.19230769230769232,0.6153846153846154,0.19230769230769232
2024-09-14,ETH,3,1.3862943611198906,0.04464722657576203,0.003551609814167,0.7631876883447164,0.3333333333333333,0.3333333333333333,0.3333333333333333
2024-09-15,BTC,23,3.1780538303479458,-0.00592135129820392,-0.0145156532526016,0.46269702126476187,0.17391304347826086,0.6086956521739131,0.21739130434782608
2024-09-15,ETH,2,1.0986122886681098,0.24691853765398258,0.24691853765398258,0.052143658192103974,0.0,1.0,0.0
2024-09-16,BTC,27,3.332204510175204,0.03735437682243409,0.0959088429808616,0.4605210612162549,0.2222222222222222,0.6296296296296297,0.14814814814814814
2024-09-16,ETH,4,1.6094379124341003,0.005103128176415346,0.015554180368781104,0.7519140480960189,0.25,0.5,0.25
2024-09-17,BTC,36,3.6109179126442243,0.06987239715332784,0.06328844837844365,0.42356608449202293,0.25,0.6111111111111112,0.1388888888888889
2024-09-17,ETH,1,0.6931471805599453,0.0089904963970184,0.0089904963970184,,0.0,1.0,0.0
2024-09-18,BTC,36,3.6109179126442243,-0.039778383474590055,0.0262417886406183,0.333221476123718,0.05555555555555555,0.8055555555555556,0.1388888888888889
2024-09-18,ETH,2,1.0986122886681098,0.3203045567497611,0.3203045567497611,0.3383156808858289,0.5,0.5,0.0
2024-09-19,BTC,41,3.7376696182833684,0.018102713888965356,0.0676541477441787,0.5054849034356955,0.14634146341463414,0.6341463414634146,0.21951219512195122
2024-09-19,ETH,2,1.0986122886681098,-0.25853943079710007,-0.25853943079710007,0.20195944255025214,0.0,1.0,0.0
2024-09-20,BTC,33,3.5263605246161616,0.03437072422468301,0.0751329809427261,0.4161266232977957,0.15151515151515152,0.6666666666666666,0.18181818181818182
2024-09-20,ETH,5,1.791759469228055,0.09638321716338397,0.0750730074942112,0.5808332721288335,0.2,0.6,0.2
2024-09-21,BTC,18,2.9444389791664403,0.015182825180494963,-0.0083750067278743,0.45689041283669074,0.2222222222222222,0.6111111111111112,0.16666666666666666
2024-09-21,ETH,1,0.6931471805599453,0.0470518581569194,0.0470518581569194,,0.0,1.0,0.0
2024-09-22,BTC,25,3.258096538021482,0.2327997207827866,0.1290413672104478,0.40027743966333756,0.32,0.6,0.08
2024-09-22,ETH,2,1.0986122886681098,-0.0441857744008302,-0.0441857744008302,0.007261361991930484,0.0,1.0,0.0
2024-09-23,BTC,27,3.332204510175204,0.09602716809173148,0.0791310090571641,0.3462194616419782,0.14814814814814814,0.8148148148148148,0.037037037037037035
2024-09-23,ETH,1,0.6931471805599453,-0.0842446833848953,-0.0842446833848953,,0.0,1.0,0.0
2024-09-24,BTC,33,3.5263605246161616,0.016569362071370986,0.042689137160778,0.5073923577455585,0.21212121212121213,0.6060606060606061,0.18181818181818182
2024-09-24,ETH,3,1.3862943611198906,-0.11153707482541601,-0.3863955307751894,0.873431152088216,0.3333333333333333,0.3333333333333333,0.3333333333333333
2024-09-25,BTC,41,3.7376696182833684,0.009762913533827149,0.0243730265647172,0.5077683413223006,0.21951219512195122,0.5853658536585366,0.1951219512195122
2024-09-25,ETH,3,1.3862943611198906,-0.3710222961381078,-0.6340501857921481,0.5642585442360667,0.0,0.3333333333333333,0.6666666666666666
2024-09-26,BTC,44,3.8066624897703196,0.08708121194715865,0.029011933133006047,0.4486238292568891,0.22727272727272727,0.6363636363636364,0.13636363636363635
2024-09-26,ETH,2,1.0986122886681098,-0.12307214364409451,-0.12307214364409451,0.26801452024996997,0.0,1.0,0.0
2024-09-27,BTC,34,3.5553480614894135,-0.03512678443974652,0.07580534927546975,0.4934616226400315,0.20588235294117646,0.5588235294117647,0.23529411764705882
2024-09-27,ETH,2,1.0986122886681098,0.12088546110317117,0.12088546110317117,1.1416203579905049,0.5,0.0,0.5
2024-09-28,BTC,21,3.091042453358316,0.12804308313033766,0.098474339582026,0.46572720915893256,0.2857142857142857,0.5714285714285714,0.14285714285714285
2024-09-28,ETH,3,1.3862943611198906,-0.19695733984311417,-0.0717044696211814,0.266078324082984,0.0,0.6666666666666666,0.3333333333333333
2024-09-29,BTC,22,3.1354942159291497,0.1097296214747158,0.0695864553563296,0.375842938756567,0.13636363636363635,0.7727272727272727,0.09090909090909091
2024-09-29,ETH,5,1.791759469228055,0.04279888803139329,-0.1567374616861343,0.4535674923588536,0.2,0.8,0.0
2024-09-30,BTC,45,3.828641396489095,0.0970235603188889,0.0499155595898628,0.40941050107581367,0.2,0.6888888888888889,0.1111111111111111
2024-09-30,ETH,6,1.9459101490553132,-0.14490493348178765,0.00036888010799885013,0.4526538514955947,0.0,0.6666666666666666,0.3333333333333333
2024-10-01,BTC,33,3.5263605246161616,0.06310229548112008,0.0479527506977319,0.41746510062271563,0.15151515151515152,0.7272727272727273,0.12121212121212122
2024-10-01,ETH,1,0.6931471805599453,-0.0414539836347103,-0.0414539836347103,,0.0,1.0,0.0
2024-10-02,BTC,29,3.4011973816621555,0.026480503821873957,0.0941169587895274,0.3990225936425242,0.10344827586206896,0.7241379310344828,0.1724137931034483
2024-10-02,ETH,1,0.6931471805599453,-0.3312154458835721,-0.3312154458835721,,0.0,1.0,0.0
2024-10-03,BTC,33,3.5263605246161616,0.042445316311028394,0.0816666036844253,0.4778698558053914,0.24242424242424243,0.5757575757575758,0.18181818181818182
2024-10-04,BTC,30,3.4339872044851463,-0.08172945336749157,0.04718942008912555,0.35451717457109067,0.0,0.8333333333333334,0.16666666666666666
2024-10-04,ETH,3,1.3862943611198906,0.47024525864981115,0.8757375362329185,0.7296909520057083,0.6666666666666666,0.3333333333333333,0.0
2024-10-05,BTC,30,3.4339872044851463,0.10850755541274944,0.07785065565258259,0.46257480991837935,0.2,0.6666666666666666,0.13333333333333333
2024-10-05,ETH,3,1.3862943611198906,-0.05084336921572683,-0.0968227013945579,0.11620244485632239,0.0,1.0,0.0
2024-10-06,BTC,26,3.295836866004329,-0.0870491527916434,0.05047038290649645,0.38014471459077226,0.038461538461538464,0.7692307692307693,0.19230769230769232
2024-10-06,ETH,3,1.3862943611198906,-0.43877432914450765,-0.5086448956280947,0.3480650381005797,0.0,0.3333333333333333,0.6666666666666666
2024-10-07,BTC,31,3.4657359027997265,0.116552664132248,0.0844981782138347,0.4189092768167258,0.1935483870967742,0.6774193548387096,0.12903225806451613
2024-10-07,ETH,2,1.0986122886681098,0.46620126685593277,0.46620126685593277,0.402879278587425,0.5,0.5,0.0
2024-10-08,BTC,27,3.332204510175204,-0.025460612106447424,0.0131692867726087,0.4786345588951398,0.14814814814814814,0.6296296296296297,0.2222222222222222
2024-10-08,ETH,5,1.791759469228055,0.25296897143125535,0.4563027485273778,0.6212881439367752,0.4,0.4,0.2
2024-10-09,BTC,24,3.2188758248682006,0.07901334414297405,0.05136815784499045,0.4076849670336868,0.125,0.7916666666666666,0.08333333333333333
2024-10-09,ETH,4,1.6094379124341003,-0.3443392269546166,-0.3743048384785652,0.5265988669308598,0.0,0.5,0.5
2024-10-10,BTC,35,3.58351893845611,0.02346885067277721,0.0386751294136047,0.46494363663841287,0.17142857142857143,0.6857142857142857,0.14285714285714285
2024-10-10,ETH,4,1.6094379124341003,0.28087459446396673,0.15059431409463284,0.3515354117022938,0.25,0.75,0.0
2024-10-11,BTC,38,3.6635616461296463,0.08927763263866502,0.03339758515357965,0.3711679911833697,0.23684210526315788,0.6578947368421053,0.10526315789473684
2024-10-11,ETH,4,1.6094379124341003,0.17355663509806618,0.368938842555508,0.6501772082816558,0.5,0.25,0.25
2024-10-12,BTC,23,3.1780538303479458,-0.0007292874683828578,0.0938175953924655,0.4010486723182919,0.13043478260869565,0.6521739130434783,0.21739130434782608
2024-10-12,ETH,5,1.791759469228055,-0.48887989930808545,-0.5101062394678593,0.18581607448870804,0.0,0.4,0.6
2024-10-13,BTC,37,3.6375861597263857,-0.03381092934491667,-0.0342400223016738,0.4887946812528139,0.16216216216216217,0.5945945945945946,0.24324324324324326
2024-10-13,ETH,3,1.3862943611198906,0.07330021914094688,-0.1510965600609779,0.6721519344170872,0.3333333333333333,0.3333333333333333,0.3333333333333333
2024-10-14,BTC,24,3.2188758248682006,0.09073126298608258,0.05943781882524485,0.5075437578100181,0.20833333333333334,0.6666666666666666,0.125
2024-10-14,ETH,1,0.6931471805599453,0.2908279821276665,0.2908279821276665,,0.0,1.0,0.0
2024-10-15,BTC,37,3.6375861597263857,0.17777507312318963,0.0720109660178422,0.349917204207524,0.13513513513513514,0.8108108108108109,0.05405405405405406
2024-10-15,ETH,3,1.3862943611198906,0.05357301188632843,0.1067317337729036,0.09863504624687591,0.0,1.0,0.0
2024-10-16,BTC,34,3.5553480614894135,0.09948640074991785,0.08218862349167465,0.4670972926127173,0.20588235294117646,0.6470588235294118,0.14705882352941177
2024-10-16,ETH,7,2.0794415416798357,0.24015376098187904,0.1350290961563587,0.2338624318313902,0.14285714285714285,0.8571428571428571,0.0
2024-10-17,BTC,29,3.4011973816621555,0.12233824725262821,0.0948269721120596,0.41017177977817454,0.1724137931034483,0.7241379310344828,0.10344827586206896
2024-10-17,ETH,6,1.9459101490553132,0.3346227948786691,0.29259154316969216,0.21728066501844356,0.16666666666666666,0.8333333333333334,0.0
2024-10-18,BTC,30,3.4339872044851463,-0.09448171970434487,-0.061075683683156995,0.3702063764783024,0.06666666666666667,0.7,0.23333333333333334
2024-10-18,ETH,5,1.791759469228055,0.19780092714354397,0.065056562423706,0.28100094434882883,0.2,0.8,0.0
2024-10-19,BTC,36,3.6109179126442243,-0.04459570587560949,-0.10399255529046054,0.41921400434949696,0.1111111111111111,0.7777777777777778,0.1111111111111111
2024-10-19,ETH,2,1.0986122886681098,-0.27184028737246985,-0.27184028737246985,0.08883167190855835,0.0,1.0,0.0
2024-10-20,BTC,29,3.4011973816621555,-0.03190509801537826,0.0370245315134525,0.38065531298355404,0.06896551724137931,0.7931034482758621,0.13793103448275862
2024-10-20,ETH,3,1.3862943611198906,-0.0959367950757345,0.0429790597409009,0.2928434133021779,0.0,1.0,0.0
2024-10-21,BTC,40,3.713572066704308,0.01615991230937652,-0.0101301372051239,0.4751564083709655,0.2,0.675,0.125
2024-10-21,ETH,4,1.6094379124341003,-0.149794302880764,-0.3219506060704589,0.4836074048894276,0.25,0.5,0.25
2024-10-22,BTC,41,3.7376696182833684,0.10753041466629905,0.0979833975434303,0.4222682792607755,0.17073170731707318,0.7317073170731707,0.0975609756097561
2024-10-22,ETH,6,1.9459101490553132,0.19355617331651345,0.18502623168751592,0.33077815934432664,0.16666666666666666,0.8333333333333334,0.0
2024-10-23,BTC,25,3.258096538021482,-0.013438466936349877,0.0722923800349235,0.46051485253250257,0.16,0.64,0.2
2024-10-23,ETH,2,1.0986122886681098,0.0935294616501778,0.0935294616501778,0.09343842880573704,0.0,1.0,0.0
2024-10-24,BTC,40,3.713572066704308,0.12282570925890465,0.09783538570627565,0.48857032144656065,0.225,0.6,0.175
2024-10-24,ETH,4,1.6094379124341003,-0.05213677673600613,-0.007659394759684801,0.2843020317777999,0.0,1.0,0.0
2024-10-25,BTC,31,3.4657359027997265,0.020050386064535675,0.0833621174097061,0.44159181039828327,0.12903225806451613,0.7096774193548387,0.16129032258064516
2024-10-25,ETH,2,1.0986122886681098,0.2521771269384772,0.2521771269384772,0.39231542076117404,0.5,0.5,0.0
2024-10-26,BTC,18,2.9444389791664403,0.048042140306077036,0.08814128395169965,0.4115508700780636,0.16666666666666666,0.7222222222222222,0.1111111111111111
2024-10-26,ETH,3,1.3862943611198906,-0.16974478432287773,0.0940470844507217,0.4729844696761457,0.0,0.6666666666666666,0.3333333333333333
2024-10-27,BTC,19,2.995732273553991,-0.012640509533842928,0.070221765898168,0.35922301999860157,0.10526315789473684,0.7894736842105263,0.10526315789473684
2024-10-27,ETH,3,1.3862943611198906,-0.6263044558775922,-0.5683559849858284,0.22705103258899945,0.0,0.0,1.0
2024-10-28,BTC,35,3.58351893845611,0.10204584655751076,0.0616246666759252,0.4440350668986215,0.22857142857142856,0.6285714285714286,0.14285714285714285
2024-10-28,ETH,2,1.0986122886681098,0.6648036761907861,0.6648036761907861,0.24948472794323717,0.5,0.5,0.0
2024-10-29,BTC,68,4.23410650459726,0.14012905645273244,0.1736839809454977,0.49021707049738067,0.27941176470588236,0.5294117647058824,0.19117647058823528
2024-10-29,ETH,7,2.0794415416798357,0.17431075837729232,0.2125639785081148,0.48198620356993455,0.42857142857142855,0.42857142857142855,0.14285714285714285
2024-10-30,BTC,41,3.7376696182833684,0.09935235267323328,0.0575506910681724,0.48185811240774284,0.21951219512195122,0.6341463414634146,0.14634146341463414
2024-10-30,ETH,8,2.1972245773362196,0.09174257342237976,0.14664798276498908,0.35240818589232636,0.125,0.75,0.125
2024-10-31,BTC,54,4.007333185232471,0.11639723556625002,0.05466269049793475,0.4324621510463582,0.2222222222222222,0.6851851851851852,0.09259259259259259
2024-10-31,ETH,5,1.791759469228055,0.30066619836725295,0.429896549321711,0.3416094388688048,0.2,0.8,0.0
2024-11-01,BTC,44,3.8066624897703196,0.00040535423481328163,0.0388271920382976,0.45594800160271165,0.1590909090909091,0.6590909090909091,0.18181818181818182
2024-11-01,ETH,7,2.0794415416798357,0.119010776613972,0.0582737177610397,0.2856151017314555,0.14285714285714285,0.8571428571428571,0.0
2024-11-02,BTC,30,3.4339872044851463,-0.015915617641682436,0.05061808042228215,0.3810380069187773,0.1,0.7333333333333333,0.16666666666666666
2024-11-02,ETH,2,1.0986122886681098,0.23503985698334875,0.23503985698334875,0.46681520764029516,0.5,0.5,0.0
2024-11-03,BTC,32,3.4965075614664802,-0.09106217320368161,-0.029085354879498447,0.4588662073611715,0.09375,0.65625,0.25
2024-11-03,ETH,2,1.0986122886681098,0.5700616361573339,0.5700616361573339,0.014553813870082855,1.0,0.0,0.0
2024-11-04,BTC,34,3.5553480614894135,0.008847188156591175,0.041673459112644154,0.42073196482287584,0.14705882352941177,0.6764705882352942,0.17647058823529413
2024-11-04,ETH,3,1.3862943611198906,0.5240171372424811,0.5583002236671746,0.44512506779272537,0.6666666666666666,0.3333333333333333,0.0
2024-11-05,BTC,39,3.6888794541139363,0.03950926616119267,0.0808827057480812,0.45071449256169055,0.1794871794871795,0.6666666666666666,0.15384615384615385
2024-11-05,ETH,5,1.791759469228055,0.3317436781711876,0.3395688440650701,0.21187696275681034,0.4,0.6,0.0
2024-11-06,BTC,69,4.248495242049359,0.1193921951951621,0.0740218479186296,0.530070011761043,0.2898550724637681,0.5362318840579711,0.17391304347826086
2024-11-06,ETH,3,1.3862943611198906,0.0951896789483726,0.2157119400799274,0.5322112191086539,0.3333333333333333,0.3333333333333333,0.3333333333333333
2024-11-07,BTC,58,4.07753744390572,0.149173374885918,0.14206153806298966,0.48796485459301414,0.29310344827586204,0.5517241379310345,0.15517241379310345
2024-11-07,ETH,6,1.9459101490553132,0.1839402222152178,0.1755676725879311,0.47107760671776433,0.3333333333333333,0.5,0.16666666666666666
2024-11-08,BTC,58,4.07753744390572,0.12343065986602471,0.13112037815153596,0.4466127956103609,0.22413793103448276,0.6551724137931034,0.1206896551724138
2024-11-08,ETH,10,2.3978952727983707,0.27559856174048036,0.1406882598530501,0.363227589713609,0.4,0.6,0.0
2024-11-09,BTC,50,3.9318256327243257,0.054627784714102734,0.0896950233727693,0.40296214836627514,0.1,0.76,0.14
2024-11-09,ETH,4,1.6094379124341003,0.23667511495295912,0.1949251159094274,0.23534218179454935,0.25,0.75,0.0
2024-11-10,BTC,124,4.8283137373023015,0.16926337489219864,0.116307501681149,0.469956177376764,0.2903225806451613,0.5806451612903226,0.12903225806451613
2024-11-10,ETH,3,1.3862943611198906,0.03342320366452136,0.0848189033567905,0.5687652738664496,0.3333333333333333,0.3333333333333333,0.3333333333333333
2024-11-11,BTC,204,5.3230099791384085,0.06818136791116558,0.045953628607094246,0.48270446644142245,0.23039215686274508,0.5931372549019608,0.17647058823529413
2024-11-11,ETH,3,1.3862943611198906,0.03249616331110398,-0.1809931881725788,0.470210775786215,0.3333333333333333,0.6666666666666666,0.0
2024-11-12,BTC,179,5.19295685089021,0.04848795527509055,0.040413960814476,0.5054001888462079,0.22905027932960895,0.5586592178770949,0.2122905027932961
2024-11-12,ETH,8,2.1972245773362196,0.452125722396886,0.6303353323601186,0.48408972952877144,0.625,0.375,0.0
2024-11-13,BTC,141,4.955827057601261,0.05838387246501255,0.0475010871887207,0.4921411858979108,0.22695035460992907,0.6099290780141844,0.16312056737588654
2024-11-13,ETH,8,2.1972245773362196,-0.26246240589534864,-0.4217567276209593,0.5109417698787584,0.125,0.375,0.5
2024-11-14,BTC,105,4.663439094112067,0.07077834036289936,0.046464592218399,0.4138820604636132,0.20952380952380953,0.6666666666666666,0.12380952380952381
2024-11-14,ETH,7,2.0794415416798357,0.1350531474288021,0.2218862362205982,0.374389221664099,0.14285714285714285,0.8571428571428571,0.0
2024-11-15,BTC,70,4.2626798770413155,0.051302080787718286,0.0527204163372516,0.5037216171486523,0.21428571428571427,0.5428571428571428,0.24285714285714285
2024-11-15,ETH,7,2.0794415416798357,0.05315843969583507,0.0378018766641616,0.37342983527637597,0.14285714285714285,0.7142857142857143,0.14285714285714285
2024-11-16,BTC,68,4.23410650459726,-0.03270510318757529,0.02597820619121185,0.49693960249217967,0.20588235294117646,0.5294117647058824,0.2647058823529412
2024-11-16,ETH,3,1.3862943611198906,0.052776974315444626,0.3336024060845375,0.6887264674650241,0.3333333333333333,0.3333333333333333,0.3333333333333333
2024-11-17,BTC,60,4.110873864173311,-0.032611630837588265,0.010003040544688702,0.44894755430142147,0.13333333333333333,0.65,0.21666666666666667
2024-11-17,ETH,3,1.3862943611198906,0.14173192903399467,0.0128137841820716,0.36879310316131,0.3333333333333333,0.6666666666666666,0.0
2024-11-18,BTC,70,4.2626798770413155,0.09612644687960191,0.07504242844879619,0.37755280168464733,0.18571428571428572,0.7142857142857143,0.1
2024-11-18,ETH,6,1.9459101490553132,0.6388651170224572,0.59269780642353,0.17608526116409973,0.8333333333333334,0.16666666666666666,0.0
2024-11-19,BTC,90,4.51085950651685,0.01741170890939732,0.06482511246576905,0.4620666968676467,0.17777777777777778,0.6333333333333333,0.18888888888888888
2024-11-19,ETH,11,2.4849066497880004,0.3484663814729588,0.5276561523787677,0.40514018722838474,0.5454545454545454,0.45454545454545453,0.0
2024-11-20,BTC,87,4.477336814478207,0.007776236434563472,0.0043789744377136,0.48491611567413656,0.19540229885057472,0.5747126436781609,0.22988505747126436
2024-11-20,ETH,4,1.6094379124341003,0.1721198435407132,0.26860210532322526,0.43252157109168926,0.25,0.75,0.0
2024-11-21,BTC,176,5.176149732573829,0.055315675749708054,0.0366388028487563,0.49538689393816554,0.22727272727272727,0.5795454545454546,0.19318181818181818
2024-11-21,ETH,7,2.0794415416798357,0.05668805938746247,0.0839214920997619,0.4754434516985678,0.2857142857142857,0.5714285714285714,0.14285714285714285
2024-11-22,BTC,155,5.049856007249537,0.12069005070764932,0.0967451045289635,0.473891823043494,0.2967741935483871,0.5290322580645161,0.17419354838709677
2024-11-22,ETH,9,2.302585092994046,-0.05124049346583584,-0.0218840613961219,0.505113309999631,0.1111111111111111,0.6666666666666666,0.2222222222222222
2024-11-23,BTC,82,4.418840607796598,0.017626082499102674,0.02704656217247245,0.4799671897970257,0.1951219512195122,0.5853658536585366,0.21951219512195122
2024-11-23,ETH,2,1.0986122886681098,-0.15847934293560684,-0.15847934293560684,1.0255182286023863,0.5,0.0,0.5
2024-11-24,BTC,84,4.442651256490317,-0.006640052076406954,0.0044424775987863,0.43430099433357466,0.14285714285714285,0.7023809523809523,0.15476190476190477
2024-11-24,ETH,6,1.9459101490553132,-0.06509255260849993,-0.050140981562435655,0.46782613287098623,0.16666666666666666,0.6666666666666666,0.16666666666666666
2024-11-25,BTC,69,4.248495242049359,-0.022520266442924094,0.0178311690688133,0.5044737568062342,0.2318840579710145,0.5072463768115942,0.2608695652173913
2024-11-25,ETH,9,2.302585092994046,0.18606909969821572,0.0413680896162986,0.3350016546257948,0.3333333333333333,0.6666666666666666,0.0
2024-11-26,BTC,91,4.5217885770490405,0.0762810238898005,0.0791181065142154,0.4264235391126636,0.18681318681318682,0.6923076923076923,0.12087912087912088
2024-11-26,ETH,10,2.3978952727983707,0.025551716354675586,0.0277146035805344,0.49911513306744537,0.2,0.6,0.2
2024-11-27,BTC,95,4.564348191467836,0.09832607949348655,0.0912222117185592,0.4794541200263186,0.2,0.6421052631578947,0.15789473684210525
2024-11-27,ETH,7,2.0794415416798357,0.13329697832731263,0.057176424190402,0.3503726710141469,0.2857142857142857,0.7142857142857143,0.0
2024-11-28,BTC,89,4.499809670330265,0.0904670162584235,0.0382132679224014,0.5140030996920399,0.2696629213483146,0.5393258426966292,0.19101123595505617
2024-11-28,ETH,4,1.6094379124341003,0.1850230621639639,0.0721886763349175,0.2591122357642177,0.25,0.75,0.0
2024-11-29,BTC,74,4.31748811353631,-0.025201584832314904,0.0160821313038468,0.4136487052008046,0.0945945945945946,0.7027027027027027,0.20270270270270271
2024-11-29,ETH,11,2.4849066497880004,0.3234317348211665,0.1949551049619913,0.31087530746726333,0.36363636363636365,0.6363636363636364,0.0
2024-11-30,BTC,63,4.1588830833596715,0.1716010413642618,0.0951956920325756,0.4517392974206634,0.2857142857142857,0.6190476190476191,0.09523809523809523
2024-11-30,ETH,3,1.3862943611198906,0.18542981636710465,0.567100734449923,0.7582302708579569,0.6666666666666666,0.0,0.3333333333333333
2024-12-01,BTC,58,4.07753744390572,-0.005256119880680774,0.024419873952865552,0.42782567092770885,0.1206896551724138,0.7241379310344828,0.15517241379310345
2024-12-01,ETH,7,2.0794415416798357,0.0699608069844544,0.1606288626790046,0.5505691303791951,0.42857142857142855,0.42857142857142855,0.14285714285714285
2024-12-02,BTC,61,4.127134385045092,0.04189612844684085,0.0199226140975952,0.4493865798261832,0.18032786885245902,0.6557377049180327,0.16393442622950818
2024-12-02,ETH,7,2.0794415416798357,-0.013763576213802595,0.0656010117381811,0.6366044636466921,0.2857142857142857,0.42857142857142855,0.2857142857142857
2024-12-03,BTC,68,4.23410650459726,-0.06871152462382965,-0.042741648852825095,0.43989974717634533,0.11764705882352941,0.6911764705882353,0.19117647058823528
2024-12-03,ETH,6,1.9459101490553132,0.15867994112583497,0.059395479969680254,0.4368772065350799,0.3333333333333333,0.5,0.16666666666666666
2024-12-04,BTC,71,4.276666119016055,0.05790603701615521,0.0474619017913937,0.435536956488793,0.15492957746478872,0.7183098591549296,0.1267605633802817
2024-12-04,ETH,10,2.3978952727983707,-0.1549745134077966,-0.15735267382115126,0.4911734429839684,0.2,0.4,0.4
2024-12-05,BTC,483,6.182084906716632,0.4043815297556185,0.5039861109107733,0.5368513062628824,0.5300207039337475,0.36853002070393376,0.10144927536231885
2024-12-05,ETH,8,2.1972245773362196,0.010718493140302576,0.0453981682658195,0.41295606004534696,0.125,0.75,0.125
2024-12-06,BTC,128,4.859812404361672,0.04152660447107336,0.0318208541721105,0.49391646005885737,0.234375,0.5625,0.203125
2024-12-06,ETH,3,1.3862943611198906,0.24285239493474362,0.1124562798067927,0.273647351110394,0.3333333333333333,0.6666666666666666,0.0
2024-12-07,BTC,64,4.174387269895637,0.0024414290528511707,-0.00218000449240205,0.4361635537709067,0.171875,0.65625,0.171875
2024-12-07,ETH,4,1.6094379124341003,0.0880281887948513,0.07011808035895226,0.3687631401305993,0.25,0.75,0.0
2024-12-08,BTC,83,4.430816798843313,0.005290049428389544,0.0299039408564567,0.4716027274303145,0.14457831325301204,0.6746987951807228,0.18072289156626506
2024-12-08,ETH,8,2.1972245773362196,0.27001031130203046,0.1975469775497913,0.5557141311826324,0.375,0.5,0.125
2024-12-09,BTC,66,4.204692619390966,-8.900151729132421e-05,-0.01041032560169695,0.3890917239612211,0.10606060606060606,0.7272727272727273,0.16666666666666666
2024-12-09,ETH,5,1.791759469228055,0.13893583258613945,0.4528433787636459,0.6247045669780201,0.4,0.4,0.2
2024-12-10,BTC,87,4.477336814478207,-0.024954159171374026,-0.0030760765075683,0.5006180067864698,0.1839080459770115,0.5862068965517241,0.22988505747126436
2024-12-10,ETH,11,2.4849066497880004,0.1695880679498342,0.1102055180817842,0.30673996023669103,0.2727272727272727,0.7272727272727273,0.0
2024-12-11,BTC,83,4.430816798843313,0.021763861887661884,0.0524126291275024,0.4646640337754132,0.1686746987951807,0.6265060240963856,0.20481927710843373
2024-12-11,ETH,6,1.9459101490553132,0.3166460026986897,0.2894869754090905,0.20716961770314915,0.3333333333333333,0.6666666666666666,0.0
2024-12-12,BTC,94,4.553876891600541,-0.010600402109087147,0.03377037821337575,0.42900996256227975,0.13829787234042554,0.6595744680851063,0.20212765957446807
2024-12-12,ETH,10,2.3978952727983707,0.01805669404566286,0.12150589842349285,0.4289513904621174,0.2,0.6,0.2
2024-12-13,BTC,80,4.394449154672439,-0.014862638483464252,0.018105046823620748,0.49736950613388026,0.1875,0.5875,0.225
2024-12-13,ETH,5,1.791759469228055,0.18802823696751148,0.1119710765779018,0.6068362058257362,0.4,0.4,0.2
2024-12-14,BTC,74,4.31748811353631,0.07176357771370659,0.05478039570152755,0.4864629332490356,0.20270270270270271,0.6486486486486487,0.14864864864864866
2024-12-14,ETH,5,1.791759469228055,0.17435045437887312,0.0926372222602367,0.23692103142452423,0.2,0.8,0.0
2024-12-15,BTC,95,4.564348191467836,0.13577177098854198,0.0756641030311584,0.4409061236874876,0.2736842105263158,0.6105263157894737,0.11578947368421053
2024-12-15,ETH,9,2.302585092994046,0.2069687340925965,0.2944215326569974,0.38537699101153333,0.2222222222222222,0.6666666666666666,0.1111111111111111
2024-12-16,BTC,108,4.6913478822291435,0.07876248386283233,0.04076730087399475,0.46494846163673687,0.21296296296296297,0.6388888888888888,0.14814814814814814
2024-12-16,ETH,6,1.9459101490553132,0.4463355540841197,0.7158275515539572,0.6303612083929081,0.6666666666666666,0.16666666666666666,0.16666666666666666
2024-12-17,BTC,77,4.356708826689592,0.0971511179466381,0.1105182617902755,0.5022600885793457,0.23376623376623376,0.5974025974025974,0.16883116883116883
2024-12-17,ETH,9,2.302585092994046,-0.1299164432307912,-0.1285607554018497,0.41359133259633274,0.1111111111111111,0.6666666666666666,0.2222222222222222
2024-12-18,BTC,84,4.442651256490317,-0.03713413301877501,0.017572689801454502,0.42982654693525424,0.09523809523809523,0.75,0.15476190476190477
2024-12-18,ETH,2,1.0986122886681098,0.45962964300997555,0.45962964300997555,0.1405262768324752,0.5,0.5,0.0
2024-12-19,BTC,96,4.574710978503383,-0.06170779798412696,-0.0296181477606296,0.4716016668561238,0.125,0.625,0.25
2024-12-19,ETH,6,1.9459101490553132,0.23750945817058286,0.21778325573541218,0.4699261289245863,0.3333333333333333,0.5,0.16666666666666666
2024-12-20,BTC,93,4.543294782270004,-0.12229289503527745,-0.0878734290599823,0.48004965141237665,0.11827956989247312,0.5591397849462365,0.3225806451612903
2024-12-20,ETH,3,1.3862943611198906,-0.11924194327245156,0.0262598842382431,0.46281915419021363,0.0,0.6666666666666666,0.3333333333333333
2024-12-21,BTC,53,3.9889840465642745,0.06217379319999929,0.0153786242008209,0.49031186760594875,0.20754716981132076,0.6415094339622641,0.1509433962264151
2024-12-21,ETH,5,1.791759469228055,-0.15618384443223476,-0.1372964084148407,0.3605127171171129,0.0,0.8,0.2
2024-12-22,BTC,56,4.04305126783455,0.033487166693833254,0.0547178797423839,0.44116844086468404,0.14285714285714285,0.6964285714285714,0.16071428571428573
2024-12-22,ETH,2,1.0986122886681098,0.05960156046785414,0.05960156046785414,0.2867087947489197,0.0,1.0,0.0
2024-12-23,BTC,61,4.127134385045092,0.14857281509359352,0.1455529816448688,0.42032882452851594,0.22950819672131148,0.6885245901639344,0.08196721311475409
2024-12-23,ETH,7,2.0794415416798357,0.005928075406700349,0.0543412370607256,0.3886367605420289,0.14285714285714285,0.7142857142857143,0.14285714285714285
2024-12-24,BTC,54,4.007333185232471,0.09823788726848928,0.0628307238221168,0.5891582751918788,0.3148148148148148,0.4444444444444444,0.24074074074074073
2024-12-24,ETH,7,2.0794415416798357,0.20049172772892881,0.0150932855904102,0.4121196057424964,0.2857142857142857,0.7142857142857143,0.0
2024-12-25,BTC,76,4.343805421853684,0.1137390649191251,0.059086591005325304,0.5423799722612896,0.3026315789473684,0.5263157894736842,0.17105263157894737
2024-12-25,ETH,5,1.791759469228055,-0.0899076897650957,-0.0375348515808582,0.34966153160914415,0.0,0.8,0.2
2024-12-26,BTC,61,4.127134385045092,0.01733166272713818,-0.0292679965496063,0.4765005745786778,0.19672131147540983,0.6229508196721312,0.18032786885245902
2024-12-26,ETH,5,1.791759469228055,-0.27012815959751607,-0.2593673206865787,0.34477569952767484,0.0,0.6,0.4
2024-12-27,BTC,53,3.9889840465642745,0.024710732204663848,0.0535255633294582,0.47954524424144096,0.18867924528301888,0.6037735849056604,0.20754716981132076
2024-12-27,ETH,2,1.0986122886681098,0.4795232049655169,0.4795232049655169,0.30874157939960645,0.5,0.5,0.0
2024-12-28,BTC,44,3.8066624897703196,0.012311648540410463,0.0021677091717719997,0.43680358521933754,0.13636363636363635,0.7272727272727273,0.13636363636363635
2024-12-28,ETH,6,1.9459101490553132,-0.06128589731330673,0.01567198149859905,0.3311803421206645,0.0,0.8333333333333334,0.16666666666666666
2024-12-29,BTC,69,4.248495242049359,0.008341121079022252,0.0325444042682647,0.4792764750730316,0.17391304347826086,0.6231884057971014,0.2028985507246377
2024-12-29,ETH,11,2.4849066497880004,-0.10223765262741259,-0.0161922834813594,0.49180445248078636,0.09090909090909091,0.6363636363636364,0.2727272727272727
2024-12-30,BTC,64,4.174387269895637,0.07770743505534483,0.040331373922526795,0.4722067450237272,0.203125,0.640625,0.15625
2024-12-30,ETH,2,1.0986122886681098,-0.2416457450017333,-0.2416457450017333,0.7194749595916207,0.0,0.5,0.5
2024-12-31,BTC,70,4.2626798770413155,0.009522498061414813,-0.01783713698387145,0.48935663891862047,0.18571428571428572,0.6857142857142857,0.12857142857142856
2024-12-31,ETH,5,1.791759469228055,0.08888411074876784,0.0644001895561814,0.22066932425378769,0.0,1.0,0.0
2025-01-01,BTC,57,4.060443010546419,-0.006542227259559327,0.0311172306537628,0.5101213587640203,0.19298245614035087,0.543859649122807,0.2631578947368421
2025-01-01,ETH,2,1.0986122886681098,0.3133322214707732,0.3133322214707732,0.08457467557283103,0.0,1.0,0.0
2025-01-02,BTC,59,4.0943445622221,0.08945580068344282,0.0636921357363462,0.4335950830161617,0.1864406779661017,0.7288135593220338,0.0847457627118644
2025-01-02,ETH,7,2.0794415416798357,0.03652228454926183,0.053731856867671,0.3957555672885221,0.14285714285714285,0.7142857142857143,0.14285714285714285
2025-01-03,BTC,68,4.23410650459726,0.12222924641922445,0.1032708855345845,0.4717996853866759,0.23529411764705882,0.6617647058823529,0.10294117647058823
2025-01-03,ETH,3,1.3862943611198906,0.17494836100377142,0.3392427181825042,0.8020246638799262,0.3333333333333333,0.3333333333333333,0.3333333333333333
2025-01-04,BTC,62,4.143134726391533,-0.004126424035583182,0.011219345033168751,0.43282538014647637,0.14516129032258066,0.7258064516129032,0.12903225806451613
2025-01-04,ETH,4,1.6094379124341003,-0.21098080452065915,-0.2281999783590436,0.503338496274542,0.0,0.5,0.5
2025-01-05,BTC,79,4.382026634673881,0.011270562410826171,0.0143759213387966,0.40203837055218594,0.13924050632911392,0.7341772151898734,0.12658227848101267
2025-01-05,ETH,8,2.1972245773362196,0.07396262763359115,0.10118013643659646,0.42506880748523124,0.125,0.75,0.125
2025-01-06,BTC,74,4.31748811353631,0.06547880611961356,0.0478247851133346,0.5044623723225533,0.21621621621621623,0.6081081081081081,0.17567567567567569
2025-01-06,ETH,7,2.0794415416798357,0.2756965100499136,0.2629707437008619,0.32763760115751134,0.2857142857142857,0.7142857142857143,0.0
2025-01-07,BTC,72,4.290459441148391,0.029109201723864917,0.02254983037710185,0.45071087353778305,0.18055555555555555,0.625,0.19444444444444445
2025-01-07,ETH,5,1.791759469228055,-0.2850479387678206,-0.1243315190076828,0.5228335428955847,0.0,0.6,0.4
2025-01-08,BTC,67,4.219507705176107,0.060050476187798386,0.055498719215393,0.47890371726430436,0.19402985074626866,0.6268656716417911,0.1791044776119403
2025-01-08,ETH,6,1.9459101490553132,0.12701359173903862,0.31393488589674234,0.5854086398032773,0.3333333333333333,0.3333333333333333,0.3333333333333333
2025-01-09,BTC,65,4.189654742026425,0.09507784295397309,0.0487247183918952,0.47112021486338085,0.2,0.6461538461538462,0.15384615384615385
2025-01-09,ETH,6,1.9459101490553132,-0.03476579246732101,0.0683612441644072,0.408482752998494,0.0,0.8333333333333334,0.16666666666666666
2025-01-10,BTC,55,4.02535169073515,-0.04306473891589452,-0.011973425745964,0.46280297489326533,0.12727272727272726,0.6181818181818182,0.2545454545454545
2025-01-10,ETH,4,1.6094379124341003,0.1996859958744608,0.36077079083770514,0.4584153917432515,0.25,0.5,0.25
2025-01-11,BTC,42,3.7612001156935624,-0.007643974391699192,0.0236717071384191,0.3980281405904618,0.11904761904761904,0.7142857142857143,0.16666666666666666
2025-01-11,ETH,8,2.1972245773362196,-0.013165911717805998,-0.04209602996706965,0.546652858365331,0.125,0.625,0.25
2025-01-12,BTC,44,3.8066624897703196,0.10804232996782627,0.1024579536169767,0.48076175560164086,0.18181818181818182,0.6363636363636364,0.18181818181818182
2025-01-12,ETH,3,1.3862943611198906,0.3187252458495398,0.47722023492679,0.5701649093417424,0.3333333333333333,0.6666666666666666,0.0
2025-01-13,BTC,42,3.7612001156935624,0.013216312265112284,0.0184151791036129,0.4663167579063711,0.16666666666666666,0.6666666666666666,0.16666666666666666
2025-01-13,ETH,8,2.1972245773362196,0.0826097632816527,0.07289259694516655,0.4259844488391376,0.125,0.75,0.125
2025-01-14,BTC,54,4.007333185232471,0.18116893347232016,0.08490272751078004,0.5066635159562624,0.2962962962962963,0.5555555555555556,0.14814814814814814
2025-01-14,ETH,11,2.4849066497880004,0.16850233934184702,0.1912304032593965,0.5173671099703481,0.18181818181818182,0.6363636363636364,0.18181818181818182
2025-01-15,BTC,47,3.871201010907891,0.019161104259299153,0.0245337896049022,0.45899481693988226,0.14893617021276595,0.7021276595744681,0.14893617021276595
2025-01-15,ETH,7,2.0794415416798357,-0.09015791404194066,0.1219920068979263,0.5667963282328208,0.14285714285714285,0.42857142857142855,0.42857142857142855
2025-01-16,BTC,71,4.276666119016055,-0.046606148183214624,-0.0410071834921836,0.5303844403967436,0.18309859154929578,0.5492957746478874,0.2676056338028169
2025-01-16,ETH,7,2.0794415416798357,0.3017285169834005,0.2683829702436924,0.2712826317745372,0.14285714285714285,0.8571428571428571,0.0
2025-01-17,BTC,57,4.060443010546419,0.06331788277531271,0.0993805592879653,0.46701404159835125,0.15789473684210525,0.6842105263157895,0.15789473684210525
2025-01-17,ETH,7,2.0794415416798357,0.03428583665351782,0.0364541532471776,0.41670839901926326,0.0,0.8571428571428571,0.14285714285714285
2025-01-18,BTC,40,3.713572066704308,0.058563167019747196,0.01303143426775925,0.4307209186321129,0.175,0.7,0.125
2025-01-18,ETH,7,2.0794415416798357,0.030582186932276403,0.2004445195198059,0.5515204372219008,0.2857142857142857,0.42857142857142855,0.2857142857142857
2025-01-19,BTC,52,3.970291913552122,0.0592104912816117,0.0375977107323706,0.4365859840363994,0.19230769230769232,0.6923076923076923,0.11538461538461539
2025-01-19,ETH,10,2.3978952727983707,0.1106397246941924,0.14254679437726736,0.49852440129329834,0.2,0.7,0.1
2025-01-20,BTC,63,4.1588830833596715,0.009118932491493602,0.0245039127767086,0.4705479421337002,0.1746031746031746,0.6031746031746031,0.2222222222222222
2025-01-20,ETH,9,2.302585092994046,-0.06911881790599889,-0.0055120009928941,0.6137907444686073,0.2222222222222222,0.4444444444444444,0.3333333333333333
2025-01-21,BTC,51,3.9512437185814275,-0.004725835272384915,-0.0022307261824607,0.49569783030214487,0.19607843137254902,0.5686274509803921,0.23529411764705882
2025-01-21,ETH,10,2.3978952727983707,-0.04441685788333418,0.19858059147372836,0.6155867506457695,0.2,0.4,0.4
2025-01-22,BTC,62,4.143134726391533,0.05079966837600354,0.03976705297827715,0.440860872974381,0.1774193548387097,0.6451612903225806,0.1774193548387097
2025-01-22,ETH,9,2.302585092994046,0.21543190954253075,0.3846365401986986,0.5186946496174895,0.4444444444444444,0.4444444444444444,0.1111111111111111
2025-01-23,BTC,55,4.02535169073515,-0.007803919881751596,0.0056012086570262,0.43388368674782,0.14545454545454545,0.6909090909090909,0.16363636363636364
2025-01-23,ETH,17,2.8903717578961645,0.07235332242870594,0.0460619176737964,0.45804105139813195,0.17647058823529413,0.7058823529411765,0.11764705882352941
2025-01-24,BTC,56,4.04305126783455,0.01636658355710096,0.0446857744827866,0.4419271040200085,0.16071428571428573,0.6785714285714286,0.16071428571428573
2025-01-24,ETH,7,2.0794415416798357,0.13381362187543086,-0.0108693093061447,0.3951058188518932,0.2857142857142857,0.7142857142857143,0.0
2025-01-25,BTC,34,3.5553480614894135,0.13611437118721798,0.0931737278588116,0.5381356064382509,0.2647058823529412,0.5294117647058824,0.20588235294117646
2025-01-25,ETH,4,1.6094379124341003,0.09377296327147633,0.09753420762717724,0.7257246027468713,0.5,0.25,0.25
2025-01-26,BTC,53,3.9889840465642745,-0.0653245784627836,-0.0245999693870544,0.4164024908625227,0.1320754716981132,0.660377358490566,0.20754716981132076
2025-01-26,ETH,6,1.9459101490553132,-0.12968161360671124,-0.1564328484237194,0.38793357584206645,0.0,0.8333333333333334,0.16666666666666666
2025-01-27,BTC,66,4.204692619390966,0.05284767587683304,0.04262368194758885,0.4518890753354661,0.21212121212121213,0.6363636363636364,0.15151515151515152
2025-01-27,ETH,4,1.6094379124341003,0.22960298089310527,0.30733244353905315,0.5730374720412209,0.25,0.5,0.25
2025-01-28,BTC,48,3.8918202981106265,-0.03014482249758051,0.0033001638948917,0.4022989242256013,0.125,0.6875,0.1875
2025-01-28,ETH,4,1.6094379124341003,-0.0780854664044455,-0.045350991189479856,0.5995076707288651,0.0,0.5,0.5
2025-01-29,BTC,49,3.912023005428146,0.07261160815286698,0.0163761004805564,0.3404141386834772,0.16326530612244897,0.7551020408163265,0.08163265306122448
2025-01-29,ETH,6,1.9459101490553132,-0.26772223234487075,-0.32582294940948486,0.5635306513450111,0.0,0.5,0.5
2025-01-30,BTC,75,4.330733340286331,0.03278245548407236,0.0407862421125173,0.4843835957131044,0.21333333333333335,0.5866666666666667,0.2
2025-01-30,ETH,6,1.9459101490553132,0.2182029460867246,0.33114634489174927,0.4078437325795189,0.5,0.5,0.0
2025-01-31,BTC,55,4.02535169073515,-0.08326879829718646,-0.0263488665223121,0.40961462377105007,0.09090909090909091,0.6727272727272727,0.23636363636363636
2025-01-31,ETH,5,1.791759469228055,0.19672375419177116,0.4990322517696768,0.5279900466883105,0.6,0.2,0.2
2025-02-01,BTC,49,3.912023005428146,0.06479833873311933,0.0967248994857072,0.4471131123209964,0.20408163265306123,0.6122448979591837,0.1836734693877551
2025-02-01,ETH,6,1.9459101490553132,0.1342665511959543,-0.0014523528516292503,0.48302316076899254,0.16666666666666666,0.8333333333333334,0.0
2025-02-02,BTC,69,4.248495242049359,-0.053468609687642776,-0.0717530623078346,0.46070527121002314,0.17391304347826086,0.6231884057971014,0.2028985507246377
2025-02-02,ETH,2,1.0986122886681098,0.2888230311218649,0.2888230311218649,0.33437685407296064,0.5,0.5,0.0
2025-02-03,BTC,79,4.382026634673881,-0.010135810191542671,0.0647894106805324,0.4794085311195421,0.189873417721519,0.5569620253164557,0.25316455696202533
2025-02-03,ETH,6,1.9459101490553132,0.2239371258765459,0.36328388541005546,0.6436674902942053,0.5,0.16666666666666666,0.3333333333333333
2025-02-04,BTC,42,3.7612001156935624,0.045314688069213696,0.062139766290783854,0.4532839829057331,0.19047619047619047,0.6190476190476191,0.19047619047619047
2025-02-04,ETH,6,1.9459101490553132,0.07837475401659806,0.02932421350851655,0.6547879690571259,0.5,0.16666666666666666,0.3333333333333333
2025-02-05,BTC,55,4.02535169073515,0.09525623882020062,0.0692956894636154,0.42211099657862144,0.18181818181818182,0.7272727272727273,0.09090909090909091
2025-02-05,ETH,9,2.302585092994046,0.36986312894926715,0.2799715036526322,0.3143855591937874,0.4444444444444444,0.5555555555555556,0.0
2025-02-06,BTC,69,4.248495242049359,0.08406654166638096,0.0140478014945983,0.39840563435401743,0.2028985507246377,0.7101449275362319,0.08695652173913043
2025-02-06,ETH,4,1.6094379124341003,0.3851657648338005,0.4790219673886895,0.23634821045804613,0.5,0.5,0.0
2025-02-07,BTC,60,4.110873864173311,0.025961919097850717,0.05056463740766045,0.4873222123245791,0.18333333333333332,0.6166666666666667,0.2
2025-02-07,ETH,7,2.0794415416798357,0.26124621209289345,0.0896217096596956,0.2995180741207058,0.2857142857142857,0.7142857142857143,0.0
2025-02-08,BTC,44,3.8066624897703196,-0.07471764905230058,-0.02506901882588855,0.4197715505714752,0.11363636363636363,0.7045454545454546,0.18181818181818182
2025-02-08,ETH,3,1.3862943611198906,0.4350172448903322,0.4958974290639162,0.3115219748236994,0.6666666666666666,0.3333333333333333,0.0
2025-02-09,BTC,40,3.713572066704308,0.03614777704933657,0.06996878841891879,0.4510620075030389,0.2,0.65,0.15
2025-02-09,ETH,1,0.6931471805599453,0.4999213023111224,0.4999213023111224,,1.0,0.0,0.0
2025-02-10,BTC,48,3.8918202981106265,-0.0006732458762902057,-0.00518312305212015,0.408229882183745,0.14583333333333334,0.75,0.10416666666666667
2025-02-10,ETH,5,1.791759469228055,0.22986623775213957,0.19950837129727,0.29054836280858454,0.4,0.6,0.0
2025-02-11,BTC,47,3.871201010907891,0.029211575462621563,0.0510692195966839,0.49908226340484735,0.19148936170212766,0.5957446808510638,0.2127659574468085
2025-02-11,ETH,4,1.6094379124341003,-0.35406612080987543,-0.5645458521321416,0.6180700811391183,0.25,0.25,0.5
2025-02-12,BTC,43,3.784189633918261,0.1275862992990242,0.0374017208814621,0.41616578322377984,0.23255813953488372,0.6976744186046512,0.06976744186046512
2025-02-12,ETH,7,2.0794415416798357,0.15341574459203652,0.3328479919582605,0.4782001852675926,0.42857142857142855,0.42857142857142855,0.14285714285714285
2025-02-13,BTC,40,3.713572066704308,-0.007953462813748044,0.0063154622912407,0.4727456689153987,0.175,0.625,0.2
2025-02-13,ETH,10,2.3978952727983707,0.17568306680768725,0.08812025189399714,0.23695280549739348,0.2,0.8,0.0
2025-02-14,BTC,50,3.9318256327243257,0.23428840402746573,0.17799779400229448,0.45499393734622046,0.3,0.62,0.08
2025-02-14,ETH,11,2.4849066497880004,0.2958545909601856,0.1811369294300675,0.3280784427334978,0.45454545454545453,0.5454545454545454,0.0
2025-02-15,BTC,54,4.007333185232471,0.05260707798448426,-0.00836378708481785,0.47374702416510217,0.16666666666666666,0.6851851851851852,0.14814814814814814
2025-02-15,ETH,4,1.6094379124341003,0.24506022466812283,0.4603056681808084,0.5397547068156414,0.5,0.25,0.25
2025-02-16,BTC,40,3.713572066704308,-0.02789223113213666,-0.019494339823722798,0.4949182323922283,0.175,0.65,0.175
2025-02-16,ETH,4,1.6094379124341003,0.11973481660243124,0.006106298416852951,0.277441102751623,0.25,0.75,0.0
2025-02-17,BTC,50,3.9318256327243257,0.05911532244645059,0.07508160918951029,0.44458875873059467,0.2,0.66,0.14
2025-02-17,ETH,10,2.3978952727983707,0.2174175233580172,0.26469409232959146,0.4795753924916123,0.4,0.5,0.1
2025-02-18,BTC,46,3.8501476017100584,0.01710941075124656,0.04576111957430835,0.45570294170853326,0.17391304347826086,0.6739130434782609,0.15217391304347827
2025-02-18,ETH,6,1.9459101490553132,-0.12214462249539794,0.02413116022944445,0.4967301803406928,0.16666666666666666,0.5,0.3333333333333333
2025-02-19,BTC,41,3.7376696182833684,0.1671975983431699,0.1004138058051467,0.5228309959518496,0.3170731707317073,0.5609756097560976,0.12195121951219512
2025-02-19,ETH,5,1.791759469228055,0.5060627343598754,0.5276387552730739,0.31389199581607063,0.6,0.4,0.0
2025-02-20,BTC,33,3.5263605246161616,0.09903876618199951,0.039940832182765,0.43264914170525454,0.15151515151515152,0.7575757575757576,0.09090909090909091
2025-02-20,ETH,9,2.302585092994046,0.21209059032197622,0.2418998777866363,0.5084395859138561,0.3333333333333333,0.5555555555555556,0.1111111111111111
2025-02-21,BTC,44,3.8066624897703196,0.016485468098174104,0.057822127826511804,0.4034851210255489,0.1590909090909091,0.6818181818181818,0.1590909090909091
2025-02-21,ETH,8,2.1972245773362196,-0.3440319534565788,-0.47974857315421104,0.48138768889084843,0.125,0.375,0.5
2025-02-22,BTC,36,3.6109179126442243,0.03990495159652912,0.01680300850421185,0.4581367328826437,0.1388888888888889,0.75,0.1111111111111111
2025-02-22,ETH,4,1.6094379124341003,0.20841891004238278,0.32251835567876697,0.3924020126361341,0.25,0.75,0.0
2025-02-23,BTC,47,3.871201010907891,0.02834487105026207,0.0558024048805236,0.4915514899125604,0.23404255319148937,0.5106382978723404,0.2553191489361702
2025-02-23,ETH,9,2.302585092994046,-0.0445577658764604,-0.0420410744845867,0.4594626517717891,0.2222222222222222,0.6666666666666666,0.1111111111111111
2025-02-24,BTC,58,4.07753744390572,0.12279997873200295,0.0818390771746635,0.4664356053980523,0.2413793103448276,0.6379310344827587,0.1206896551724138
2025-02-24,ETH,9,2.302585092994046,0.27001331428376335,0.2593515729531646,0.44464330436675537,0.4444444444444444,0.4444444444444444,0.1111111111111111
2025-02-25,BTC,81,4.406719247264253,0.009539027307412509,-0.0288699343800544,0.49124658978780245,0.18518518518518517,0.5802469135802469,0.2345679012345679
2025-02-25,ETH,12,2.5649493574615367,0.08644703028645988,0.0847689257934689,0.5286698389539288,0.3333333333333333,0.4166666666666667,0.25
2025-02-26,BTC,70,4.2626798770413155,0.05764034299978188,0.0215683560818433,0.4572099290087392,0.17142857142857143,0.6571428571428571,0.17142857142857143
2025-02-26,ETH,9,2.302585092994046,0.07300419251744945,0.0398659389466047,0.380058790209018,0.2222222222222222,0.6666666666666666,0.1111111111111111
2025-02-27,BTC,66,4.204692619390966,0.1197723415045237,0.09895620727911589,0.45041260693150337,0.25757575757575757,0.6212121212121212,0.12121212121212122
2025-02-27,ETH,7,2.0794415416798357,0.033561640984511816,0.1356817902997136,0.33815381135508965,0.14285714285714285,0.8571428571428571,0.0
2025-02-28,BTC,105,4.663439094112067,0.052955246210053916,0.0880520418286323,0.5061099369355919,0.24761904761904763,0.5333333333333333,0.21904761904761905
2025-02-28,ETH,8,2.1972245773362196,0.11171942949295045,0.06791766779497264,0.30883856975117224,0.25,0.75,0.0
2025-03-01,BTC,46,3.8501476017100584,0.0032718734152655453,0.06480819219723341,0.5101094285143264,0.17391304347826086,0.6521739130434783,0.17391304347826086
2025-03-01,ETH,2,1.0986122886681098,0.6965318572474644,0.6965318572474644,0.23374901831777714,1.0,0.0,0.0
2025-03-02,BTC,63,4.1588830833596715,-0.062054947835378474,0.0138975754380226,0.5150802985714742,0.15873015873015872,0.5873015873015873,0.25396825396825395
2025-03-02,ETH,6,1.9459101490553132,0.11745526602802177,0.190207190811634,0.4638704167834813,0.3333333333333333,0.5,0.16666666666666666
2025-03-03,BTC,51,3.9512437185814275,-0.025837038871923495,-0.0482134465128183,0.49604819577735665,0.19607843137254902,0.6078431372549019,0.19607843137254902
2025-03-03,ETH,11,2.4849066497880004,0.2194254217584702,0.1367532201111316,0.4247798375424513,0.2727272727272727,0.6363636363636364,0.09090909090909091
2025-03-04,BTC,55,4.02535169073515,0.09848497940481385,0.0841358304023742,0.3899400545603353,0.18181818181818182,0.6909090909090909,0.12727272727272726
2025-03-04,ETH,10,2.3978952727983707,0.04514452405273915,-0.004541881382465352,0.34264629540143593,0.2,0.7,0.1
2025-03-05,BTC,35,3.58351893845611,-0.013764593750238412,-0.0201826952397823,0.4058122091456442,0.14285714285714285,0.7142857142857143,0.14285714285714285
2025-03-05,ETH,12,2.5649493574615367,0.30269737118699896,0.2329300874844193,0.37302882806407517,0.4166666666666667,0.5833333333333334,0.0
2025-03-06,BTC,56,4.04305126783455,0.08470480497011781,0.09648568648844955,0.5017600821050764,0.26785714285714285,0.5714285714285714,0.16071428571428573
2025-03-06,ETH,7,2.0794415416798357,0.05874058780526476,0.0892573744058609,0.37385841380658175,0.2857142857142857,0.5714285714285714,0.14285714285714285
2025-03-07,BTC,62,4.143134726391533,0.053560925411030406,0.09205695986747739,0.4962590475305767,0.22580645161290322,0.5483870967741935,0.22580645161290322
2025-03-07,ETH,6,1.9459101490553132,0.3949667637546857,0.3900131823029369,0.3510322288555351,0.5,0.5,0.0
2025-03-08,BTC,57,4.060443010546419,-0.01188375471821545,0.0725511163473129,0.4629370262419317,0.15789473684210525,0.6140350877192983,0.22807017543859648
2025-03-08,ETH,6,1.9459101490553132,0.2726789611624554,0.4331556257093325,0.5262260739679879,0.5,0.3333333333333333,0.16666666666666666
2025-03-09,BTC,62,4.143134726391533,0.08594335969575048,0.1419679448008537,0.5228860398071382,0.24193548387096775,0.5483870967741935,0.20967741935483872
2025-03-09,ETH,3,1.3862943611198906,0.0693876466248185,-0.134117305278778,0.40342729994354154,0.3333333333333333,0.6666666666666666,0.0
2025-03-10,BTC,71,4.276666119016055,-0.0755065516306376,-0.0197295099496841,0.3506166689940602,0.07042253521126761,0.7323943661971831,0.19718309859154928
2025-03-10,ETH,10,2.3978952727983707,0.27053958117030563,0.3178932399023324,0.5208622249033336,0.5,0.4,0.1
2025-03-11,BTC,49,3.912023005428146,0.09943596846709142,0.0964544620364904,0.5070366993862452,0.24489795918367346,0.5918367346938775,0.16326530612244897
2025-03-11,ETH,7,2.0794415416798357,0.3426426375683929,0.5157790831290185,0.5114862664495189,0.5714285714285714,0.2857142857142857,0.14285714285714285
2025-03-12,BTC,54,4.007333185232471,0.050341552843477716,0.0848436718806624,0.4767919011259153,0.18518518518518517,0.6296296296296297,0.18518518518518517
2025-03-12,ETH,6,1.9459101490553132,0.22289635396252075,0.366813549073413,0.5080961537825164,0.3333333333333333,0.5,0.16666666666666666
2025-03-13,BTC,43,3.784189633918261,0.10670068430670993,0.0462415413931012,0.41382957153246563,0.16279069767441862,0.7441860465116279,0.09302325581395349
2025-03-13,ETH,8,2.1972245773362196,0.010205945407506065,0.1259733596816659,0.5767358325635096,0.25,0.5,0.25
2025-03-14,BTC,49,3.912023005428146,0.014078512132091782,0.0484211156144738,0.42706318911327384,0.14285714285714285,0.7346938775510204,0.12244897959183673
2025-03-14,ETH,9,2.302585092994046,0.3076129174377355,0.265282392501831,0.21041246044524872,0.3333333333333333,0.6666666666666666,0.0
2025-03-15,BTC,35,3.58351893845611,0.026278586419565344,0.0171688292175531,0.4831780714675917,0.22857142857142856,0.6,0.17142857142857143
2025-03-15,ETH,2,1.0986122886681098,0.3313633365323767,0.3313633365323767,0.2828488403300475,0.5,0.5,0.0
2025-03-16,BTC,39,3.6888794541139363,0.09249146174615583,0.0986684942618012,0.48462613822027434,0.20512820512820512,0.6410256410256411,0.15384615384615385
2025-03-16,ETH,3,1.3862943611198906,-0.022867054756109912,0.115500895306468,0.6306113533712093,0.3333333333333333,0.3333333333333333,0.3333333333333333
2025-03-17,BTC,50,3.9318256327243257,0.05118842478841543,0.045433775987476055,0.4430640836514119,0.2,0.6,0.2
2025-03-17,ETH,9,2.302585092994046,0.38034327630884945,0.4554911837913096,0.26286910961180643,0.4444444444444444,0.5555555555555556,0.0
2025-03-18,BTC,50,3.9318256327243257,-0.006375447488389914,-0.00050424039363865,0.3663733376847651,0.06,0.82,0.12
2025-03-18,ETH,8,2.1972245773362196,0.12440434770542196,0.0959616634063422,0.47101788060535127,0.25,0.625,0.125
2025-03-19,BTC,41,3.7376696182833684,-0.01698408994778265,0.0280337277799844,0.4698600490645635,0.14634146341463414,0.6829268292682927,0.17073170731707318
2025-03-19,ETH,8,2.1972245773362196,0.3993266352044884,0.38919711019843817,0.33678075121684264,0.375,0.625,0.0
2025-03-20,BTC,45,3.828641396489095,0.2115344631511511,0.193105686455965,0.39841243375003216,0.26666666666666666,0.6444444444444445,0.08888888888888889
2025-03-20,ETH,6,1.9459101490553132,0.11875103503310429,0.15993268892634654,0.3882771988808327,0.16666666666666666,0.6666666666666666,0.16666666666666666
2025-03-21,BTC,44,3.8066624897703196,0.06812942365120926,0.0915234442800283,0.41503137535106394,0.1590909090909091,0.7045454545454546,0.13636363636363635
2025-03-21,ETH,7,2.0794415416798357,0.14512405946983822,0.0496750902384519,0.24766625460447406,0.14285714285714285,0.8571428571428571,0.0
2025-03-22,BTC,48,3.8918202981106265,0.16620970301058455,0.10283700982108705,0.4673092481227138,0.25,0.625,0.125
2025-03-22,ETH,4,1.6094379124341003,0.15843192854663357,0.31161418149713427,0.6553035718547819,0.5,0.25,0.25
2025-03-23,BTC,40,3.713572066704308,0.00999868499930016,0.09536652639508245,0.4769383872742041,0.15,0.625,0.225
2025-03-23,ETH,2,1.0986122886681098,0.40048163977917284,0.40048163977917284,0.19592374894396378,0.5,0.5,0.0
2025-03-24,BTC,36,3.6109179126442243,0.04486085271411058,0.05666766501963135,0.4504861218295465,0.16666666666666666,0.7222222222222222,0.1111111111111111
2025-03-24,ETH,6,1.9459101490553132,0.36465816320075345,0.3149725153343752,0.35016945560663426,0.5,0.5,0.0
2025-03-25,BTC,46,3.8501476017100584,0.016768945292468463,0.05910463631153105,0.49103149022911075,0.1956521739130435,0.6304347826086957,0.17391304347826086
2025-03-25,ETH,6,1.9459101490553132,0.22061870421748608,0.2100247452035546,0.2927082972524306,0.3333333333333333,0.6666666666666666,0.0
2025-03-26,BTC,40,3.713572066704308,-0.05490895215189086,0.03374538291245695,0.34829017176567667,0.075,0.775,0.15
2025-03-26,ETH,7,2.0794415416798357,0.40064980162839803,0.5247283102944493,0.273369629512931,0.5714285714285714,0.42857142857142855,0.0
2025-03-27,BTC,40,3.713572066704308,-0.05083656148053706,0.014696322381496454,0.48286352121592174,0.15,0.525,0.325
2025-03-27,ETH,6,1.9459101490553132,0.3529667746042833,0.33449371776077896,0.2101193275942445,0.3333333333333333,0.6666666666666666,0.0
2025-03-28,BTC,31,3.4657359027997265,0.22433554616591503,0.1086683571338653,0.46038111659563935,0.2903225806451613,0.6451612903225806,0.06451612903225806
2025-03-28,ETH,8,2.1972245773362196,0.2667428999848198,0.39683295134454966,0.4690463361386469,0.5,0.375,0.125
2025-03-29,BTC,34,3.5553480614894135,-0.045512138646753394,0.02308807894587515,0.3644677359399163,0.058823529411764705,0.7647058823529411,0.17647058823529413
2025-03-29,ETH,4,1.6094379124341003,0.22186261357273906,0.3508152733556926,0.501510662379298,0.5,0.5,0.0
2025-03-30,BTC,23,3.1780538303479458,-0.12421093040915288,-0.0615843161940574,0.47405678099829335,0.08695652173913043,0.6086956521739131,0.30434782608695654
2025-03-30,ETH,3,1.3862943611198906,-0.16319684979195395,-0.4294348545372486,0.6096968139193061,0.3333333333333333,0.3333333333333333,0.3333333333333333
2025-03-31,BTC,36,3.6109179126442243,-0.08410838109880893,-0.09207368455827236,0.4642934381385678,0.1388888888888889,0.6388888888888888,0.2222222222222222
2025-03-31,ETH,8,2.1972245773362196,0.29146277633844875,0.2526307280641049,0.32938507840732256,0.375,0.625,0.0
2025-04-01,BTC,44,3.8066624897703196,-0.047494457399641934,0.044391737319529,0.4484289280051638,0.11363636363636363,0.6818181818181818,0.20454545454545456
2025-04-01,ETH,4,1.6094379124341003,0.30970893579069525,0.3128656956832856,0.2846029290520096,0.5,0.5,0.0
2025-04-02,BTC,43,3.784189633918261,0.11977351617696154,0.1792306192219257,0.44936811733426907,0.20930232558139536,0.627906976744186,0.16279069767441862
2025-04-02,ETH,7,2.0794415416798357,0.31623374070373494,0.2058516945689916,0.34888182525882194,0.42857142857142855,0.5714285714285714,0.0
2025-04-03,BTC,39,3.6888794541139363,-0.08949230949227245,0.0340656042098999,0.5023234740919874,0.1282051282051282,0.5897435897435898,0.28205128205128205
2025-04-03,ETH,10,2.3978952727983707,0.20714211505837737,0.29209736129269,0.5002182566602872,0.4,0.4,0.2
2025-04-04,BTC,41,3.7376696182833684,-0.0829645558544321,-0.08365198969841,0.5005580811074234,0.1951219512195122,0.5365853658536586,0.2682926829268293
2025-04-04,ETH,8,2.1972245773362196,0.10762901382986458,0.07300602737814185,0.36636104957040944,0.25,0.625,0.125
2025-04-05,BTC,33,3.5263605246161616,0.17261116705820756,0.0806138850748539,0.4873795078684404,0.24242424242424243,0.6363636363636364,0.12121212121212122
2025-04-05,ETH,2,1.0986122886681098,-0.05989909451454878,-0.05989909451454878,0.8502834253798656,0.5,0.0,0.5
2025-04-06,BTC,39,3.6888794541139363,0.047923249156715766,0.0967789310961961,0.44595097125919214,0.1794871794871795,0.6923076923076923,0.1282051282051282
2025-04-06,ETH,3,1.3862943611198906,0.24440363499646386,0.2460512518882751,0.29534301930383405,0.3333333333333333,0.6666666666666666,0.0
2025-04-07,BTC,58,4.07753744390572,0.11980705949726737,0.14382758736610404,0.4430557886909307,0.22413793103448276,0.6206896551724138,0.15517241379310345
2025-04-07,ETH,5,1.791759469228055,0.3485672174021602,0.535747118294239,0.4024607645764281,0.6,0.4,0.0
2025-04-08,BTC,36,3.6109179126442243,-0.05243605779509785,0.0025829896330833504,0.4622795094166946,0.1388888888888889,0.6111111111111112,0.25
2025-04-08,ETH,5,1.791759469228055,0.32667291518300773,0.5430327160283923,0.5515873483629927,0.6,0.2,0.2
2025-04-09,BTC,49,3.912023005428146,0.11546719657988953,0.0996168926358223,0.4609638978798973,0.24489795918367346,0.6122448979591837,0.14285714285714285
2025-04-09,ETH,9,2.302585092994046,0.02806207224623198,-0.06278021261096,0.462031860639858,0.3333333333333333,0.4444444444444444,0.2222222222222222
2025-04-10,BTC,42,3.7612001156935624,0.1274311159615449,0.06892749667167661,0.4375380569811129,0.2619047619047619,0.6190476190476191,0.11904761904761904
2025-04-10,ETH,7,2.0794415416798357,0.3641521918387817,0.3328119232319295,0.38727828188706503,0.42857142857142855,0.5714285714285714,0.0
2025-04-11,BTC,46,3.8501476017100584,0.054300220394709504,0.09121486451476804,0.4419371725766088,0.15217391304347827,0.6739130434782609,0.17391304347826086
2025-04-11,ETH,4,1.6094379124341003,0.22487744502723214,0.15756977768614885,0.2335342585386906,0.25,0.75,0.0
2025-04-12,BTC,35,3.58351893845611,0.13899966880146947,0.0477381572127342,0.30635231500150517,0.14285714285714285,0.8285714285714286,0.02857142857142857
2025-04-12,ETH,3,1.3862943611198906,0.19409131770953533,0.0251138433814048,0.30019302112623597,0.3333333333333333,0.6666666666666666,0.0
2025-04-13,BTC,23,3.1780538303479458,-0.017161925930691813,0.0183684974908828,0.3919679975292905,0.13043478260869565,0.6956521739130435,0.17391304347826086
2025-04-13,ETH,3,1.3862943611198906,0.2587371518990646,0.5418116082437336,0.7843122313371014,0.6666666666666666,0.0,0.3333333333333333
2025-04-14,BTC,39,3.6888794541139363,-0.01173734256567863,-0.0586192123591899,0.44415913720294914,0.20512820512820512,0.6153846153846154,0.1794871794871795
2025-04-14,ETH,6,1.9459101490553132,0.6109599301707931,0.663963257567957,0.2527408896611969,0.8333333333333334,0.16666666666666666,0.0
2025-04-15,BTC,53,3.9889840465642745,-0.043999218803672295,0.0165284723043441,0.507672551798034,0.16981132075471697,0.6037735849056604,0.22641509433962265
2025-04-15,ETH,4,1.6094379124341003,0.10750884364824742,0.19913866161368787,0.6680292314508863,0.5,0.25,0.25
2025-04-16,BTC,47,3.871201010907891,0.08225251980215072,0.1023802123963832,0.4784694267192524,0.2127659574468085,0.6170212765957447,0.1702127659574468
2025-04-16,ETH,6,1.9459101490553132,0.44348624888031435,0.5164598552510142,0.29797536348938886,0.6666666666666666,0.3333333333333333,0.0
2025-04-17,BTC,38,3.6635616461296463,0.07335699794470872,0.0222552474588155,0.5068915457507736,0.2894736842105263,0.5526315789473685,0.15789473684210525
2025-04-17,ETH,4,1.6094379124341003,0.4574182663927786,0.5058952730614692,0.15774278303399292,0.5,0.5,0.0
2025-04-18,BTC,32,3.4965075614664802,0.12838700346765108,0.0932499999180436,0.5487844586547806,0.25,0.59375,0.15625
2025-04-18,ETH,6,1.9459101490553132,0.2741206453259413,0.1742800342617556,0.357242472887551,0.3333333333333333,0.6666666666666666,0.0
2025-04-19,BTC,39,3.6888794541139363,0.13023969155843726,0.0665180645883083,0.45331076647712276,0.28205128205128205,0.5897435897435898,0.1282051282051282
2025-04-19,ETH,3,1.3862943611198906,0.39660868297020596,0.5363584579899907,0.3114243368256501,0.6666666666666666,0.3333333333333333,0.0
2025-04-20,BTC,23,3.1780538303479458,0.01971702992349214,0.0588218867778778,0.44917717925255785,0.17391304347826086,0.6086956521739131,0.21739130434782608
2025-04-20,ETH,3,1.3862943611198906,0.15260151308029893,-0.0047123916447162,0.34532694561301425,0.3333333333333333,0.6666666666666666,0.0
2025-04-21,BTC,43,3.784189633918261,-0.0076683223799824,0.0208363085985183,0.4787948815049678,0.18604651162790697,0.5813953488372093,0.23255813953488372
2025-04-21,ETH,1,0.6931471805599453,0.5514238923788071,0.5514238923788071,,1.0,0.0,0.0
2025-04-22,BTC,45,3.828641396489095,0.0202271557930443,0.0262046754360198,0.4803359183590474,0.17777777777777778,0.6666666666666666,0.15555555555555556
2025-04-22,ETH,4,1.6094379124341003,0.5128053742228076,0.48310530046001077,0.31205635110743185,0.5,0.5,0.0
2025-04-23,BTC,41,3.7376696182833684,0.15917130514820357,0.1193534098565578,0.48666306678054916,0.34146341463414637,0.5121951219512195,0.14634146341463414
2025-04-23,ETH,5,1.791759469228055,0.48593601053580643,0.5475613279268146,0.25648353354385833,0.6,0.4,0.0
2025-04-24,BTC,38,3.6635616461296463,-0.027633587492776935,0.030314398929476703,0.4530098382639735,0.15789473684210525,0.6578947368421053,0.18421052631578946
2025-04-24,ETH,7,2.0794415416798357,0.20534339527200376,0.0098198801279068,0.5275108324258571,0.42857142857142855,0.42857142857142855,0.14285714285714285
2025-04-25,BTC,49,3.912023005428146,0.12108752862740382,0.1105979308485984,0.4830990055924645,0.20408163265306123,0.6530612244897959,0.14285714285714285
2025-04-25,ETH,4,1.6094379124341003,0.10676569060888139,0.19022985594347114,0.43907515538190894,0.25,0.5,0.25
2025-04-26,BTC,37,3.6375861597263857,0.09901891300152685,0.1026921877637505,0.5054393635187286,0.2702702702702703,0.5405405405405406,0.1891891891891892
2025-04-26,ETH,3,1.3862943611198906,0.10591469208399455,0.5462739611975849,0.8291593454073394,0.6666666666666666,0.0,0.3333333333333333
2025-04-27,BTC,40,3.713572066704308,0.04971647657221183,-0.00077662244439125,0.4084059104029479,0.175,0.7,0.125
2025-04-27,ETH,4,1.6094379124341003,0.15564726537559181,0.31460230820812285,0.6818950690708818,0.5,0.25,0.25
2025-04-28,BTC,45,3.828641396489095,0.07857545701683395,0.0602649599313735,0.4753296709699707,0.2222222222222222,0.6,0.17777777777777778
2025-04-28,ETH,7,2.0794415416798357,0.3153022992690759,0.3011156306602061,0.3764681913482716,0.42857142857142855,0.5714285714285714,0.0
2025-04-29,BTC,43,3.784189633918261,0.06107016092675283,0.0912017486989498,0.44097907364431005,0.11627906976744186,0.7441860465116279,0.13953488372093023
2025-04-29,ETH,6,1.9459101490553132,0.30546919885091484,0.3131045214831829,0.39005735541414205,0.5,0.5,0.0
2025-04-30,BTC,48,3.8918202981106265,0.15008546190316943,0.10900935763493175,0.4365405899185155,0.22916666666666666,0.6458333333333334,0.125
2025-04-30,ETH,5,1.791759469228055,0.26098414650186896,0.2260653460398316,0.4055806059457108,0.4,0.6,0.0
2025-05-01,BTC,56,4.04305126783455,0.08918006448324635,0.052917439490556654,0.5211905927626794,0.23214285714285715,0.5535714285714286,0.21428571428571427
2025-05-01,ETH,4,1.6094379124341003,0.40808101958828047,0.4243765934370458,0.139926172002898,0.5,0.5,0.0
2025-05-02,BTC,50,3.9318256327243257,-0.02366286926670001,-0.00400941446423525,0.4568588815979651,0.14,0.64,0.22
2025-05-02,ETH,3,1.3862943611198906,0.32347806706093246,0.2426370750181377,0.16456864838993382,0.3333333333333333,0.6666666666666666,0.0
2025-05-03,BTC,37,3.6375861597263857,-0.049654431062171586,-0.0774420127272605,0.517174588570798,0.1891891891891892,0.5405405405405406,0.2702702702702703
2025-05-03,ETH,3,1.3862943611198906,0.3477812615844111,0.5129449558444321,0.3007970342685867,0.6666666666666666,0.3333333333333333,0.0
2025-05-04,BTC,32,3.4965075614664802,0.13116100780462148,0.08660650905221695,0.4651922721033564,0.28125,0.5625,0.15625
2025-05-04,ETH,2,1.0986122886681098,0.48851548274978995,0.48851548274978995,0.03781442314576697,0.5,0.5,0.0
2025-05-05,BTC,39,3.6888794541139363,0.030072468709057335,0.0809476850554347,0.47323468752750963,0.1794871794871795,0.6153846153846154,0.20512820512820512
2025-05-05,ETH,4,1.6094379124341003,0.3056511706090532,0.41024134785402566,0.2965650683897365,0.5,0.5,0.0
2025-05-06,BTC,41,3.7376696182833684,0.037155278941343836,0.0451866062358021,0.46145648061034333,0.14634146341463414,0.6585365853658537,0.1951219512195122
2025-05-06,ETH,3,1.3862943611198906,0.3708587389749785,0.517346350941807,0.28599082049197316,0.6666666666666666,0.3333333333333333,0.0
2025-05-07,BTC,51,3.9512437185814275,0.09106093384416811,0.0736811310052871,0.46755926255695046,0.23529411764705882,0.6274509803921569,0.13725490196078433
2025-05-07,ETH,5,1.791759469228055,0.38079080774914476,0.5148691115900874,0.5123478072106711,0.6,0.4,0.0
2025-05-08,BTC,115,4.7535901911063645,0.2136769655322575,0.1300789341330528,0.5264734875468738,0.3739130434782609,0.46956521739130436,0.1565217391304348
2025-05-08,ETH,10,2.3978952727983707,0.2088693031575531,0.202072475105524,0.32225120151175024,0.3,0.7,0.0
2025-05-09,BTC,87,4.477336814478207,0.10077986883631124,0.0682431040331721,0.48668197683081094,0.21839080459770116,0.6551724137931034,0.12643678160919541
2025-05-09,ETH,2,1.0986122886681098,0.39389653224498034,0.39389653224498034,0.17118387237805857,0.5,0.5,0.0
2025-05-10,BTC,61,4.127134385045092,-0.037641590644345906,-0.0053677298128604,0.4660041144182842,0.11475409836065574,0.6721311475409836,0.21311475409836064
2025-05-10,ETH,4,1.6094379124341003,0.6455540080205537,0.6583593315444887,0.29286703368076344,0.75,0.25,0.0
2025-05-11,BTC,46,3.8501476017100584,0.14803419475767599,0.09325956506654615,0.4466669531460053,0.2391304347826087,0.6304347826086957,0.13043478260869565
2025-05-11,ETH,7,2.0794415416798357,-0.0505376643434699,-0.1943956539034843,0.4859428125983652,0.2857142857142857,0.42857142857142855,0.2857142857142857
2025-05-12,BTC,64,4.174387269895637,0.029220359647297287,0.04339618608355515,0.5357238458030119,0.203125,0.578125,0.21875
2025-05-12,ETH,2,1.0986122886681098,0.472372735501267,0.472372735501267,0.06799006635054178,0.5,0.5,0.0
2025-05-13,BTC,51,3.9512437185814275,0.03417903059801341,0.0412024818360805,0.4725497598335198,0.17647058823529413,0.6274509803921569,0.19607843137254902
2025-05-13,ETH,5,1.791759469228055,0.37857016127090903,0.2952260971069336,0.38129246889349583,0.4,0.6,0.0
2025-05-14,BTC,49,3.912023005428146,0.11283929177502892,0.1021251771599054,0.49751621643760574,0.2857142857142857,0.5510204081632653,0.16326530612244897
2025-05-14,ETH,6,1.9459101490553132,0.10673885229819764,0.48725857795216143,0.7504139942544004,0.5,0.16666666666666666,0.3333333333333333
2025-05-15,BTC,52,3.970291913552122,0.1283280932604192,0.06782775744795795,0.44478531805956106,0.21153846153846154,0.6730769230769231,0.11538461538461539
2025-05-15,ETH,11,2.4849066497880004,-0.10102298292754724,-0.1169392764568328,0.5127793844029531,0.18181818181818182,0.45454545454545453,0.36363636363636365
2025-05-16,BTC,45,3.828641396489095,0.12433112668287422,0.117156621068716,0.4304625133687893,0.2222222222222222,0.6666666666666666,0.1111111111111111
2025-05-16,ETH,3,1.3862943611198906,0.2549096623746057,0.5130067067220807,0.7587531717455499,0.6666666666666666,0.0,0.3333333333333333
2025-05-17,BTC,54,4.007333185232471,-0.04749968951499021,-0.02039300650358195,0.41309719625052727,0.12962962962962962,0.6481481481481481,0.2222222222222222
2025-05-17,ETH,4,1.6094379124341003,0.013477236381731905,0.05937450099736445,0.4473092078823923,0.25,0.5,0.25
2025-05-18,BTC,54,4.007333185232471,-0.005052766829504878,0.06310131866484875,0.48241842405327284,0.14814814814814814,0.6296296296296297,0.2222222222222222
2025-05-18,ETH,2,1.0986122886681098,0.20911138341762125,0.20911138341762125,0.4359459252675266,0.5,0.5,0.0
2025-05-19,BTC,50,3.9318256327243257,0.0026821452099829823,0.03854100964963435,0.4351454666573243,0.12,0.7,0.18
2025-05-19,ETH,4,1.6094379124341003,0.2589799292036332,0.4682740708813071,0.744948705498761,0.5,0.25,0.25
2025-05-20,BTC,50,3.9318256327243257,0.04796434687916189,0.04345950111746785,0.4493879657585672,0.18,0.66,0.16
2025-05-20,ETH,5,1.791759469228055,0.16076612928882242,0.1454624831676483,0.3245613590765867,0.2,0.8,0.0
2025-05-21,BTC,92,4.532599493153256,0.14446941015067633,0.0946979001164436,0.5490971062986036,0.30434782608695654,0.5108695652173914,0.18478260869565216
2025-05-21,ETH,3,1.3862943611198906,0.20300816542779407,0.108742019161582,0.293287780936421,0.3333333333333333,0.6666666666666666,0.0
2025-05-22,BTC,112,4.727387818712341,0.2582530708979383,0.15604915469884867,0.5629232529366766,0.4017857142857143,0.4732142857142857,0.125
2025-05-22,ETH,5,1.791759469228055,0.3986133403144777,0.5301139741204679,0.3223106258072756,0.6,0.4,0.0
2025-05-23,BTC,62,4.143134726391533,-0.09486997836539822,-0.0233875624835491,0.5109604724974776,0.14516129032258066,0.5483870967741935,0.3064516129032258
2025-05-23,ETH,6,1.9459101490553132,0.28898779448354617,0.3992177180480212,0.5886001518971186,0.5,0.3333333333333333,0.16666666666666666
2025-05-24,BTC,46,3.8501476017100584,0.1912859634131841,0.1578140179626643,0.4914854746173133,0.30434782608695654,0.5652173913043478,0.13043478260869565
2025-05-24,ETH,4,1.6094379124341003,0.09639305714517829,0.2727193764876574,0.5674835087736619,0.5,0.25,0.25
2025-05-25,BTC,71,4.276666119016055,0.12525794793799205,0.1282685101032257,0.47818972930670084,0.22535211267605634,0.6197183098591549,0.15492957746478872
2025-05-25,ETH,1,0.6931471805599453,0.5245856787078083,0.5245856787078083,,1.0,0.0,0.0
2025-05-26,BTC,46,3.8501476017100584,-0.007828201106547014,0.0187713839113712,0.4647602042704446,0.15217391304347827,0.5869565217391305,0.2608695652173913
2025-05-26,ETH,2,1.0986122886681098,0.3014388680458069,0.3014388680458069,0.3171799227585233,0.5,0.5,0.0
2025-05-27,BTC,73,4.30406509320417,0.04149559075778274,0.0368559509515762,0.4869520830185459,0.1917808219178082,0.6027397260273972,0.2054794520547945
2025-05-27,ETH,3,1.3862943611198906,-0.28163018403574824,-0.5355645269155502,0.7125680394748791,0.3333333333333333,0.0,0.6666666666666666
2025-05-28,BTC,59,4.0943445622221,0.07184868016659075,0.1024281028658151,0.4724868186448646,0.2033898305084746,0.6101694915254238,0.1864406779661017
2025-05-28,ETH,4,1.6094379124341003,0.12035926087992269,0.04030701471492648,0.711150653831859,0.5,0.0,0.5
2025-05-29,BTC,76,4.343805421853684,0.06573604551866945,0.07581164222210646,0.4817784868303825,0.21052631578947367,0.6447368421052632,0.14473684210526316
2025-05-29,ETH,6,1.9459101490553132,0.097567764033253,0.1708084847778082,0.4870558173839982,0.3333333333333333,0.5,0.16666666666666666
2025-05-30,BTC,44,3.8066624897703196,-0.06017475292372348,-0.025161648169159848,0.515524865246411,0.18181818181818182,0.5227272727272727,0.29545454545454547
2025-05-30,ETH,6,1.9459101490553132,0.43183482783691335,0.42230199091136456,0.3319984495735181,0.5,0.5,0.0
2025-05-31,BTC,32,3.4965075614664802,-0.022393851202650705,0.058119553141295854,0.5174224093557259,0.1875,0.53125,0.28125
2025-05-31,ETH,3,1.3862943611198906,0.3619649231744309,0.4130044253543019,0.1918045974333841,0.3333333333333333,0.6666666666666666,0.0
2025-06-01,BTC,51,3.9512437185814275,0.05192098166684017,0.0579979810863733,0.4268438995754661,0.1568627450980392,0.7058823529411765,0.13725490196078433
2025-06-01,ETH,1,0.6931471805599453,0.5329343327321112,0.5329343327321112,,1.0,0.0,0.0
2025-06-02,BTC,44,3.8066624897703196,-0.05315944759852507,-0.003876619040966,0.4649935876792942,0.1590909090909091,0.5681818181818182,0.2727272727272727
2025-06-02,ETH,3,1.3862943611198906,0.4436827329918742,0.4247396024875343,0.08383050266364574,0.3333333333333333,0.6666666666666666,0.0
2025-06-03,BTC,45,3.828641396489095,-0.07274710510133041,-0.1013300418853759,0.43382820918897075,0.1111111111111111,0.7111111111111111,0.17777777777777778
2025-06-03,ETH,6,1.9459101490553132,-0.07242823399913809,0.01678174501284955,0.43873935186318874,0.16666666666666666,0.5,0.3333333333333333
2025-06-04,BTC,53,3.9889840465642745,-0.010736370024288892,0.0254324488341808,0.43821209154699653,0.11320754716981132,0.6981132075471698,0.18867924528301888
2025-06-04,ETH,5,1.791759469228055,0.34850168265402315,0.4113990552723408,0.28170568422916076,0.4,0.6,0.0
2025-06-05,BTC,59,4.0943445622221,0.024038108065724373,0.0679349992424249,0.466927653009357,0.15254237288135594,0.6610169491525424,0.1864406779661017
2025-06-05,ETH,6,1.9459101490553132,0.2831902609517177,0.26515046786516905,0.47288620670193077,0.3333333333333333,0.6666666666666666,0.0
2025-06-06,BTC,48,3.8918202981106265,0.05922403680354666,0.060608584433794,0.46220687262503457,0.1875,0.6041666666666666,0.20833333333333334
2025-06-06,ETH,4,1.6094379124341003,0.3060608175583184,0.6045475436840206,0.6780634879637035,0.75,0.0,0.25
2025-06-07,BTC,39,3.6888794541139363,-0.042389937079487704,-0.0063865147531032,0.41466551764219506,0.1282051282051282,0.6923076923076923,0.1794871794871795
2025-06-07,ETH,1,0.6931471805599453,0.5333145228214562,0.5333145228214562,,1.0,0.0,0.0
2025-06-08,BTC,47,3.871201010907891,0.17524958813582805,0.1703233439475298,0.42380964597815424,0.2553191489361702,0.6382978723404256,0.10638297872340426
2025-06-08,ETH,2,1.0986122886681098,-0.022741091437637806,-0.022741091437637806,0.7923560038989053,0.5,0.0,0.5
2025-06-09,BTC,42,3.7612001156935624,0.13606203207191786,0.095350589370355,0.46409993686790946,0.2857142857142857,0.5714285714285714,0.14285714285714285
2025-06-09,ETH,3,1.3862943611198906,0.6475900507842501,0.5355498297140002,0.25754563575101375,0.6666666666666666,0.3333333333333333,0.0
2025-06-10,BTC,55,4.02535169073515,0.030044668912887575,0.0040273740887641,0.4783437033909418,0.18181818181818182,0.6545454545454545,0.16363636363636364
2025-06-10,ETH,8,2.1972245773362196,0.17150553019018844,0.19632184132933614,0.38352225894698133,0.25,0.625,0.125
2025-06-11,BTC,46,3.8501476017100584,0.03247679609035992,0.04061667993664735,0.4567880284525344,0.1956521739130435,0.6521739130434783,0.15217391304347827
2025-06-11,ETH,3,1.3862943611198906,0.06552049160624542,0.0478082597255706,0.46830518613365724,0.3333333333333333,0.3333333333333333,0.3333333333333333
2025-06-12,BTC,48,3.8918202981106265,0.012935524864587933,-0.00481404270976785,0.5015157911671798,0.20833333333333334,0.5416666666666666,0.25
2025-06-12,ETH,4,1.6094379124341003,0.16084603365743536,0.09317094110883772,0.6956587477606944,0.5,0.25,0.25
2025-06-13,BTC,39,3.6888794541139363,0.0484142433374356,0.0361588019877672,0.4947032116570916,0.1794871794871795,0.6153846153846154,0.20512820512820512
2025-06-13,ETH,3,1.3862943611198906,0.2384672643772016,0.5373890288174152,0.6805652668960199,0.6666666666666666,0.0,0.3333333333333333
2025-06-14,BTC,52,3.970291913552122,-0.07131783561243747,-0.03913165256381035,0.48021742165713965,0.11538461538461539,0.6153846153846154,0.2692307692307692
2025-06-14,ETH,4,1.6094379124341003,0.14279436983633784,0.2755364773329347,0.7513677096538736,0.5,0.25,0.25
2025-06-15,BTC,43,3.784189633918261,-0.013818910150507159,-0.0501673743128776,0.4931298755342108,0.16279069767441862,0.6046511627906976,0.23255813953488372
2025-06-15,ETH,2,1.0986122886681098,0.4374032919295132,0.4374032919295132,0.14343591514174447,0.5,0.5,0.0
2025-06-16,BTC,47,3.871201010907891,0.02014516218704111,0.0736881867051124,0.5052482215068089,0.23404255319148937,0.5319148936170213,0.23404255319148937
2025-06-16,ETH,6,1.9459101490553132,0.2816096991300583,0.3244334887713194,0.2064967897512301,0.16666666666666666,0.6666666666666666,0.16666666666666666
2025-06-17,BTC,37,3.6375861597263857,0.02489257448453557,0.0387253314256668,0.3749439830007558,0.05405405405405406,0.8378378378378378,0.10810810810810811
2025-06-17,ETH,2,1.0986122886681098,0.42681681900285184,0.42681681900285184,0.14674667291082594,0.5,0.5,0.0
2025-06-18,BTC,53,3.9889840465642745,-0.04224654739142729,-0.0929208695888519,0.5054840627432436,0.16981132075471697,0.6037735849056604,0.22641509433962265
2025-06-18,ETH,5,1.791759469228055,0.22768608592450618,0.3427525218576193,0.5498634955204782,0.4,0.4,0.2
2025-06-19,BTC,60,4.110873864173311,-0.059740934163952875,0.0094482190907001,0.4923112644817476,0.15,0.6,0.25
2025-06-19,ETH,6,1.9459101490553132,0.5314081711500572,0.6132188664050773,0.36916497156735567,0.6666666666666666,0.3333333333333333,0.0
2025-06-20,BTC,39,3.6888794541139363,-0.031069790072834638,-0.0417394712567329,0.4611771601365876,0.15384615384615385,0.6410256410256411,0.20512820512820512
2025-06-20,ETH,4,1.6094379124341003,-0.00074853899423033,0.07996176136657596,0.5162197457394382,0.25,0.5,0.25
2025-06-21,BTC,40,3.713572066704308,-0.03202262167469598,-0.03780107665807005,0.49301840155896215,0.125,0.65,0.225
2025-06-21,ETH,1,0.6931471805599453,0.5411556563340127,0.5411556563340127,,1.0,0.0,0.0
2025-06-22,BTC,40,3.713572066704308,-0.012551085144514229,0.09501579124480485,0.5104390230380149,0.2,0.525,0.275
2025-06-22,ETH,1,0.6931471805599453,0.5436250255443156,0.5436250255443156,,1.0,0.0,0.0
2025-06-23,BTC,43,3.784189633918261,0.07114478162771393,0.0866746455430984,0.4758787065132837,0.20930232558139536,0.627906976744186,0.16279069767441862
2025-06-23,ETH,2,1.0986122886681098,0.4115723904687911,0.4115723904687911,0.17578958877491466,0.5,0.5,0.0
2025-06-24,BTC,34,3.5553480614894135,0.03138982254655702,0.0394083359278738,0.5330356411829295,0.17647058823529413,0.6470588235294118,0.17647058823529413
2025-06-24,ETH,4,1.6094379124341003,0.4175517588155344,0.5108159084338695,0.25825239743282064,0.5,0.5,0.0
2025-06-25,BTC,51,3.9512437185814275,0.046247871948734795,0.0511268302798271,0.5059763477607466,0.19607843137254902,0.5882352941176471,0.21568627450980393
2025-06-25,ETH,3,1.3862943611198906,0.40714260648625594,0.5365062025375664,0.38976234801922943,0.6666666666666666,0.3333333333333333,0.0
2025-06-26,BTC,66,4.204692619390966,-0.06921637108704697,-0.07422235980629921,0.5145605541662075,0.21212121212121213,0.5151515151515151,0.2727272727272727
2025-06-26,ETH,3,1.3862943611198906,-0.03976561858629187,0.1377931609749794,0.6798901204273993,0.3333333333333333,0.3333333333333333,0.3333333333333333
2025-06-27,BTC,52,3.970291913552122,0.02908094154778295,0.00393686816096305,0.4311358588279441,0.17307692307692307,0.6923076923076923,0.1346153846153846
2025-06-27,ETH,3,1.3862943611198906,0.2406576081799964,0.3536862730979919,0.3635535462117411,0.3333333333333333,0.6666666666666666,0.0
2025-06-28,BTC,38,3.6635616461296463,0.005282003389622422,0.03043447900563475,0.48129887394877224,0.21052631578947367,0.6052631578947368,0.18421052631578946
2025-06-28,ETH,3,1.3862943611198906,0.11672870566447575,0.5390686518512666,0.8694827210071973,0.6666666666666666,0.0,0.3333333333333333
2025-06-29,BTC,34,3.5553480614894135,-0.09927980766823406,-0.0072687603533268,0.43722714656294764,0.11764705882352941,0.6470588235294118,0.23529411764705882
2025-06-29,ETH,4,1.6094379124341003,0.3926776977023109,0.41627799300476903,0.13640878384875268,0.25,0.75,0.0
2025-06-30,BTC,54,4.007333185232471,0.04048743313695821,0.06510680261999366,0.43845967649168655,0.18518518518518517,0.6296296296296297,0.18518518518518517
2025-06-30,ETH,2,1.0986122886681098,0.7164482423104346,0.7164482423104346,0.2551461430467696,1.0,0.0,0.0
2025-07-01,BTC,62,4.143134726391533,0.024749292563947443,0.0469722710549831,0.43545665003444617,0.1774193548387097,0.6290322580645161,0.1935483870967742
2025-07-01,ETH,5,1.791759469228055,0.2638084176927805,0.171670685056597,0.3364201291147322,0.4,0.6,0.0
2025-07-02,BTC,67,4.219507705176107,0.06013521099977416,0.0836032629013061,0.4681193727349366,0.23880597014925373,0.5671641791044776,0.19402985074626866
2025-07-02,ETH,2,1.0986122886681098,0.41382494452409446,0.41382494452409446,0.17807129139565991,0.5,0.5,0.0
2025-07-03,BTC,45,3.828641396489095,0.19022627740891443,0.0864146929234266,0.47766095293135974,0.3333333333333333,0.5777777777777777,0.08888888888888889
2025-07-03,ETH,2,1.0986122886681098,0.17724845418706542,0.17724845418706542,0.5143892185767897,0.5,0.5,0.0
2025-07-04,BTC,58,4.07753744390572,0.09417922020456271,0.08002865640446541,0.3832540490100758,0.15517241379310345,0.7586206896551724,0.08620689655172414
2025-07-04,ETH,2,1.0986122886681098,0.14627537201158702,0.14627537201158702,0.5545651622425752,0.5,0.5,0.0
2025-07-05,BTC,46,3.8501476017100584,-0.04591076477916668,0.0023948065936565503,0.47031718643940923,0.17391304347826086,0.5869565217391305,0.2391304347826087
2025-07-05,ETH,3,1.3862943611198906,0.5185155908887585,0.5391181688755751,0.31516161134282067,0.6666666666666666,0.3333333333333333,0.0
2025-07-06,BTC,36,3.6109179126442243,-0.030661354643396206,0.0472265379503369,0.5259839784575702,0.19444444444444445,0.5833333333333334,0.2222222222222222
2025-07-06,ETH,3,1.3862943611198906,0.3196769446755449,0.5373205505311489,0.5924423838119185,0.6666666666666666,0.3333333333333333,0.0
2025-07-07,BTC,51,3.9512437185814275,0.0024096500425252534,0.0016302913427352,0.5281301100671857,0.27450980392156865,0.47058823529411764,0.2549019607843137
2025-07-07,ETH,10,2.3978952727983707,0.08537191785871981,0.0917812176048755,0.4676865759255382,0.2,0.6,0.2
2025-07-08,BTC,42,3.7612001156935624,0.015373904124966687,0.05748787894845,0.4988709095602881,0.21428571428571427,0.5714285714285714,0.21428571428571427
2025-07-08,ETH,3,1.3862943611198906,0.3509287651007374,0.4440602133981883,0.25446260198353254,0.3333333333333333,0.6666666666666666,0.0
2025-07-09,BTC,46,3.8501476017100584,0.08872755021666703,0.0147414170205593,0.496365916596143,0.30434782608695654,0.5,0.1956521739130435
2025-07-09,ETH,4,1.6094379124341003,0.5418066117854323,0.5855246582068503,0.38401333309983116,0.75,0.25,0.0
2025-07-10,BTC,81,4.406719247264253,0.14772350719503277,0.1263740062713623,0.4905011596672078,0.25925925925925924,0.5802469135802469,0.16049382716049382
2025-07-10,ETH,7,2.0794415416798357,0.024945621112627662,-0.2317489981651306,0.5206429126922614,0.2857142857142857,0.7142857142857143,0.0
2025-07-11,BTC,129,4.867534450455582,0.03422412190174814,0.0052065625786781,0.528278419366348,0.24031007751937986,0.5271317829457365,0.23255813953488372
2025-07-11,ETH,3,1.3862943611198906,0.4806494175766905,0.5495683127082884,0.24427157231942392,0.6666666666666666,0.3333333333333333,0.0
2025-07-12,BTC,55,4.02535169073515,0.007241878666999658,0.0367014855146408,0.41315595962963825,0.12727272727272726,0.7454545454545455,0.12727272727272726
2025-07-12,ETH,1,0.6931471805599453,0.5398784847930074,0.5398784847930074,,1.0,0.0,0.0
2025-07-13,BTC,74,4.31748811353631,0.02733962508579212,0.0586881628260016,0.4561497672274925,0.13513513513513514,0.6891891891891891,0.17567567567567569
2025-07-13,ETH,3,1.3862943611198906,0.29904293098176515,0.2468800265341997,0.21807716595546656,0.3333333333333333,0.6666666666666666,0.0
2025-07-14,BTC,146,4.990432586778736,0.04270401581235179,0.0167610049247741,0.5300929779549067,0.2534246575342466,0.5205479452054794,0.22602739726027396
2025-07-14,ETH,2,1.0986122886681098,0.4908950438257307,0.4908950438257307,0.07288442231133838,0.5,0.5,0.0
2025-07-15,BTC,71,4.276666119016055,-0.04388851927868812,-0.0038617774844169,0.5468398874679182,0.22535211267605634,0.49295774647887325,0.28169014084507044
2025-07-15,ETH,5,1.791759469228055,0.18170082941651344,0.2619109526276588,0.4678999650095796,0.4,0.4,0.2
2025-07-16,BTC,72,4.290459441148391,-0.036214809813019305,0.04013864556327455,0.5142277721785358,0.20833333333333334,0.5555555555555556,0.2361111111111111
2025-07-16,ETH,5,1.791759469228055,0.26576269292272625,0.533697634935379,0.6419340848799929,0.6,0.2,0.2
2025-07-17,BTC,60,4.110873864173311,0.06648871353439365,0.0839963071048259,0.4869850485826707,0.23333333333333334,0.5666666666666667,0.2
2025-07-17,ETH,2,1.0986122886681098,0.23130027274601161,0.23130027274601161,0.42826085112934853,0.5,0.5,0.0
2025-07-18,BTC,59,4.0943445622221,0.06267064295401323,0.0560578927397728,0.47890973947943044,0.1694915254237288,0.6271186440677966,0.2033898305084746
2025-07-18,ETH,5,1.791759469228055,0.1623644320294261,0.4003510996699333,0.480679218375782,0.2,0.6,0.2
2025-07-19,BTC,58,4.07753744390572,0.06802688720475497,0.055367739871144246,0.46554390456571815,0.2413793103448276,0.5862068965517241,0.1724137931034483
2025-07-19,ETH,6,1.9459101490553132,-0.03136729868128896,0.03966663684695955,0.46820339722357196,0.16666666666666666,0.6666666666666666,0.16666666666666666
2025-07-20,BTC,64,4.174387269895637,0.04965643658943007,0.0454067094251513,0.38704619936748813,0.140625,0.75,0.109375
2025-07-20,ETH,5,1.791759469228055,0.029898568801581836,0.2362808804027736,0.45436841622915325,0.2,0.6,0.2
2025-07-21,BTC,60,4.110873864173311,0.046637989052881794,0.0326185747981071,0.4310003289661538,0.16666666666666666,0.7166666666666667,0.11666666666666667
2025-07-21,ETH,2,1.0986122886681098,0.3941354288253933,0.3941354288253933,0.22248554025767486,0.5,0.5,0.0
2025-07-22,BTC,67,4.219507705176107,-0.08546339548123416,-0.0264613851904869,0.41373007861914296,0.11940298507462686,0.6417910447761194,0.23880597014925373
2025-07-22,ETH,2,1.0986122886681098,0.2420826405286789,0.2420826405286789,0.4359930372123555,0.5,0.5,0.0
2025-07-23,BTC,57,4.060443010546419,0.14545572266031642,0.0794733986258506,0.4542355377487203,0.2631578947368421,0.5964912280701754,0.14035087719298245
2025-07-23,ETH,6,1.9459101490553132,0.06014454958494752,0.03441405482590195,0.5222619743321064,0.3333333333333333,0.5,0.16666666666666666
2025-07-24,BTC,63,4.1588830833596715,0.03484140748402015,0.0091179907321929,0.41894185496093084,0.1746031746031746,0.7142857142857143,0.1111111111111111
2025-07-24,ETH,3,1.3862943611198906,0.145091818102325,0.2584681010339409,0.4706292488973435,0.3333333333333333,0.6666666666666666,0.0
2025-07-25,BTC,82,4.418840607796598,0.08087794377366307,0.05672766454517835,0.4173208335159277,0.2073170731707317,0.6707317073170732,0.12195121951219512
2025-07-25,ETH,2,1.0986122886681098,0.34726119693368673,0.34726119693368673,0.283888946349136,0.5,0.5,0.0
2025-07-26,BTC,48,3.8918202981106265,0.07154865290794986,0.068042691797018,0.4572249601830111,0.20833333333333334,0.6458333333333334,0.14583333333333334
2025-07-26,ETH,2,1.0986122886681098,0.2840250136796385,0.2840250136796385,0.36766151108924927,0.5,0.5,0.0
2025-07-27,BTC,49,3.912023005428146,0.1597627901985329,0.1540518887341022,0.54854519084113,0.32653061224489793,0.46938775510204084,0.20408163265306123
2025-07-27,ETH,2,1.0986122886681098,0.30989511962980026,0.30989511962980026,0.3289438128205374,0.5,0.5,0.0
2025-07-28,BTC,65,4.189654742026425,0.029994708793954203,0.030428223311901,0.48023281245139776,0.18461538461538463,0.6307692307692307,0.18461538461538463
2025-07-28,ETH,2,1.0986122886681098,-0.022419015411287546,-0.022419015411287546,0.8080291030638133,0.5,0.0,0.5
2025-07-29,BTC,56,4.04305126783455,0.09212041320695008,0.03146955650299785,0.4829844533587289,0.23214285714285715,0.6071428571428571,0.16071428571428573
2025-07-29,ETH,4,1.6094379124341003,0.24876375973690296,0.2043987629003822,0.24140873409607255,0.25,0.75,0.0
2025-07-30,BTC,53,3.9889840465642745,0.09391064654139555,0.0618251264095306,0.49027223646556206,0.24528301886792453,0.5660377358490566,0.18867924528301888
2025-07-30,ETH,9,2.302585092994046,0.31275196619228357,0.3345262333750725,0.600967719011235,0.4444444444444444,0.4444444444444444,0.1111111111111111
2025-07-31,BTC,44,3.8066624897703196,0.12291052382418206,0.05123927397653455,0.4291688612847336,0.25,0.6590909090909091,0.09090909090909091
2025-07-31,ETH,1,0.6931471805599453,0.5416340222582221,0.5416340222582221,,1.0,0.0,0.0
2025-08-01,BTC,55,4.02535169073515,-0.02458730473775756,-0.0027360133826732,0.518414103930914,0.16363636363636364,0.6181818181818182,0.21818181818181817
2025-08-01,ETH,4,1.6094379124341003,0.3672838162165135,0.31368588423356414,0.35374006085348114,0.5,0.5,0.0
2025-08-02,BTC,49,3.912023005428146,-0.05018980867628539,-0.0384140014648437,0.4721964445841801,0.20408163265306123,0.5714285714285714,0.22448979591836735
2025-08-02,ETH,3,1.3862943611198906,0.13383992745851478,0.196093512699008,0.4365859227160005,0.3333333333333333,0.6666666666666666,0.0
2025-08-03,BTC,47,3.871201010907891,0.08412932493089836,0.0658692941069603,0.3923314100968796,0.1702127659574468,0.7021276595744681,0.1276595744680851
2025-08-03,ETH,3,1.3862943611198906,0.0509511432610452,0.2313497737050056,0.5958602680919679,0.3333333333333333,0.3333333333333333,0.3333333333333333
2025-08-04,BTC,46,3.8501476017100584,0.12272024111133877,0.11950243171304459,0.5034262992656788,0.2608695652173913,0.5652173913043478,0.17391304347826086
2025-08-04,ETH,1,0.6931471805599453,0.5323901600204408,0.5323901600204408,,1.0,0.0,0.0
2025-08-05,BTC,53,3.9889840465642745,0.0937913004155183,0.0704448446631431,0.4341474951503043,0.16981132075471697,0.7169811320754716,0.11320754716981132
2025-08-05,ETH,5,1.791759469228055,0.3736660785740241,0.4339790716767311,0.4330399240276935,0.4,0.6,0.0
2025-08-06,BTC,45,3.828641396489095,0.015417923550638878,0.0493711233139038,0.4444420870667769,0.15555555555555556,0.6888888888888889,0.15555555555555556
2025-08-06,ETH,2,1.0986122886681098,0.25077402452006936,0.25077402452006936,0.3998880849738343,0.5,0.5,0.0
2025-08-07,BTC,63,4.1588830833596715,0.0978401975876223,0.1283109709620475,0.523054536751767,0.2857142857142857,0.5079365079365079,0.20634920634920634
2025-08-07,ETH,6,1.9459101490553132,0.24910366581752896,0.18154165334999556,0.2958979733281735,0.3333333333333333,0.6666666666666666,0.0
2025-08-08,BTC,52,3.970291913552122,0.0029983609923734614,0.07699880097061396,0.5148333331448148,0.19230769230769232,0.5384615384615384,0.2692307692307692
2025-08-08,ETH,6,1.9459101490553132,0.219109255898123,0.32078652875497937,0.4246136251447455,0.3333333333333333,0.6666666666666666,0.0
2025-08-09,BTC,38,3.6635616461296463,0.09287891038509676,-0.00150225684046745,0.5078193382861764,0.2631578947368421,0.5789473684210527,0.15789473684210525
2025-08-09,ETH,3,1.3862943611198906,0.07236601334686081,0.540140456520021,0.8219294206820993,0.6666666666666666,0.0,0.3333333333333333
2025-08-10,BTC,47,3.871201010907891,0.043699134616775714,0.0426862686872482,0.44449926079876373,0.1702127659574468,0.6808510638297872,0.14893617021276595
2025-08-10,ETH,3,1.3862943611198906,0.547843090025708,0.5519575267098844,0.4164956096877804,0.6666666666666666,0.3333333333333333,0.0
2025-08-11,BTC,66,4.204692619390966,0.06898485994051126,0.06814743997529145,0.491381432561328,0.24242424242424243,0.5909090909090909,0.16666666666666666
2025-08-11,ETH,2,1.0986122886681098,0.6258316149469465,0.6258316149469465,0.11036585769499982,1.0,0.0,0.0
2025-08-12,BTC,51,3.9512437185814275,0.16414174590004132,0.1328899934887886,0.4762002190299435,0.27450980392156865,0.6274509803921569,0.09803921568627451
2025-08-12,ETH,9,2.302585092994046,0.259306274768379,0.2287184298038482,0.49926730085581456,0.3333333333333333,0.5555555555555556,0.1111111111111111
2025-08-13,BTC,89,4.499809670330265,0.09530754772726488,0.0727089941501617,0.4882101935119161,0.20224719101123595,0.6404494382022472,0.15730337078651685
2025-08-13,ETH,10,2.3978952727983707,-0.09384885914623738,-0.0538238268345594,0.3451702491181003,0.1,0.8,0.1
2025-08-14,BTC,83,4.430816798843313,0.03769826367553547,0.0451249312609434,0.43739557305800425,0.1927710843373494,0.6385542168674698,0.1686746987951807
2025-08-14,ETH,3,1.3862943611198906,0.46453199434715015,0.5419010375626385,0.33296699118259954,0.6666666666666666,0.3333333333333333,0.0
2025-08-15,BTC,35,3.58351893845611,0.048289938171261114,0.1137720239348709,0.4263478666697692,0.17142857142857143,0.7142857142857143,0.11428571428571428
2025-08-15,ETH,6,1.9459101490553132,0.19793848196665445,0.11789386905729769,0.24355401898477946,0.16666666666666666,0.8333333333333334,0.0
2025-08-16,BTC,41,3.7376696182833684,0.11254395835283326,0.0754940565675497,0.44613848686136554,0.21951219512195122,0.6829268292682927,0.0975609756097561
2025-08-16,ETH,1,0.6931471805599453,0.533111640252173,0.533111640252173,,1.0,0.0,0.0
2025-08-17,BTC,37,3.6375861597263857,0.022290755626493807,0.0143392235040664,0.5509298232690413,0.21621621621621623,0.5675675675675675,0.21621621621621623
2025-08-17,ETH,1,0.6931471805599453,0.533152328338474,0.533152328338474,,1.0,0.0,0.0
2025-08-18,BTC,52,3.970291913552122,0.06432552659400524,0.062201969325542394,0.5091569357127608,0.25,0.5384615384615384,0.21153846153846154
2025-08-18,ETH,3,1.3862943611198906,0.06417784482861559,-0.0977492406964302,0.4161223854272299,0.3333333333333333,0.6666666666666666,0.0
2025-08-19,BTC,63,4.1588830833596715,0.04080578168144538,0.0441355556249618,0.4584900837114875,0.20634920634920634,0.6190476190476191,0.1746031746031746
2025-08-19,ETH,2,1.0986122886681098,0.2741798041388392,0.2741798041388392,0.36490016910064377,0.5,0.5,0.0
2025-08-20,BTC,55,4.02535169073515,0.012250077178363088,0.0263016819953918,0.5360511598909907,0.2545454545454545,0.45454545454545453,0.2909090909090909
2025-08-20,ETH,4,1.6094379124341003,0.09272007911931725,0.0519748949445784,0.34536244602590677,0.25,0.75,0.0
2025-08-21,BTC,45,3.828641396489095,0.11520452144452266,0.0687291510403156,0.5364226149280338,0.3333333333333333,0.4666666666666667,0.2
2025-08-21,ETH,2,1.0986122886681098,0.28761113551445305,0.28761113551445305,0.37100477955432865,0.5,0.5,0.0
2025-08-22,BTC,63,4.1588830833596715,0.03485746758746072,0.0307688787579536,0.3945497891192077,0.15873015873015872,0.7142857142857143,0.12698412698412698
2025-08-22,ETH,4,1.6094379124341003,0.37904104380868375,0.40280143544077873,0.20826156656920072,0.5,0.5,0.0
2025-08-23,BTC,33,3.5263605246161616,0.03933774562778347,0.0818619597703218,0.5230708331271192,0.21212121212121213,0.5454545454545454,0.24242424242424243
2025-08-23,ETH,3,1.3862943611198906,-0.04614419940238198,0.0090905018150806,0.6192031629831283,0.3333333333333333,0.3333333333333333,0.3333333333333333
2025-08-24,BTC,53,3.9889840465642745,-0.07824357564754364,0.0025512799620628,0.4700551231995288,0.16981132075471697,0.5660377358490566,0.2641509433962264
2025-08-24,ETH,1,0.6931471805599453,0.5447057955898345,0.5447057955898345,,1.0,0.0,0.0
2025-08-25,BTC,66,4.204692619390966,-0.02108843131414192,-0.00480329431593415,0.4882683584854793,0.15151515151515152,0.5454545454545454,0.30303030303030304
2025-08-25,ETH,6,1.9459101490553132,0.33145031581322354,0.33979938621632755,0.41645324729890604,0.5,0.5,0.0
2025-08-26,BTC,58,4.07753744390572,0.10363099162852199,0.06050803884863851,0.4903418112592062,0.27586206896551724,0.5862068965517241,0.13793103448275862
2025-08-26,ETH,7,2.0794415416798357,0.06713997233392936,0.0804924666881561,0.5296931805297176,0.2857142857142857,0.42857142857142855,0.2857142857142857
2025-08-27,BTC,47,3.871201010907891,0.20371331854604502,0.0843967907130718,0.4451076372760994,0.3191489361702128,0.5957446808510638,0.0851063829787234
2025-08-27,ETH,6,1.9459101490553132,0.02839769174655278,0.13579919026233256,0.5106301085032742,0.3333333333333333,0.5,0.16666666666666666
2025-08-28,BTC,57,4.060443010546419,0.058469037431406606,0.0242972634732723,0.520452365912193,0.24561403508771928,0.543859649122807,0.21052631578947367
2025-08-28,ETH,3,1.3862943611198906,0.3952571752791603,0.5321155223064125,0.25165435263300123,0.6666666666666666,0.3333333333333333,0.0
2025-08-29,BTC,63,4.1588830833596715,0.04706738882934644,0.0498104766011238,0.5160289610546119,0.2222222222222222,0.5555555555555556,0.2222222222222222
2025-08-29,ETH,5,1.791759469228055,0.25782114514149723,0.5128195064608008,0.5354912390906642,0.6,0.2,0.2
2025-08-30,BTC,46,3.8501476017100584,0.13665000135686411,0.08865442033857104,0.4608590524344086,0.2608695652173913,0.6086956521739131,0.13043478260869565
2025-08-30,ETH,2,1.0986122886681098,0.6218831196893007,0.6218831196893007,0.1149788822895333,1.0,0.0,0.0
2025-08-31,BTC,47,3.871201010907891,-0.00708241693853857,0.035634096711874,0.4501928482027788,0.14893617021276595,0.6382978723404256,0.2127659574468085
2025-08-31,ETH,5,1.791759469228055,0.03160025002434849,0.1691548228263855,0.5035076573632851,0.2,0.6,0.2
2025-09-01,BTC,45,3.828641396489095,0.11162479974898613,0.1458188192918896,0.4481975763178935,0.2,0.6222222222222222,0.17777777777777778
2025-09-01,ETH,1,0.6931471805599453,0.5318260034546256,0.5318260034546256,,1.0,0.0,0.0
2025-09-02,BTC,47,3.871201010907891,0.06106469650911366,0.0330835524946451,0.4215535947053532,0.1702127659574468,0.723404255319149,0.10638297872340426
2025-09-02,ETH,3,1.3862943611198906,0.28053328022360796,0.1939592892304062,0.22302352981466644,0.3333333333333333,0.6666666666666666,0.0
2025-09-03,BTC,54,4.007333185232471,0.13019621682232588,0.08871074835769825,0.45942215317658097,0.2222222222222222,0.6481481481481481,0.12962962962962962
2025-09-03,ETH,1,0.6931471805599453,0.5338294194079936,0.5338294194079936,,1.0,0.0,0.0
2025-09-04,BTC,52,3.970291913552122,0.05318400193265495,0.05341677926480765,0.5478747178582702,0.25,0.4807692307692308,0.2692307692307692
2025-09-04,ETH,4,1.6094379124341003,0.33344384480733424,0.3902378377970308,0.5031118476371633,0.5,0.5,0.0
2025-09-05,BTC,62,4.143134726391533,0.013371636400059343,0.0472550150007009,0.4765136357249396,0.1935483870967742,0.6451612903225806,0.16129032258064516
2025-09-05,ETH,3,1.3862943611198906,0.4621686499255399,0.5339219183661044,0.35568031067145245,0.6666666666666666,0.3333333333333333,0.0
2025-09-06,BTC,40,3.713572066704308,0.06211138026556,0.05623760819435115,0.44691415254795624,0.175,0.675,0.15
2025-09-06,ETH,2,1.0986122886681098,0.24108951562084258,0.24108951562084258,0.4110381730295548,0.5,0.5,0.0
2025-09-07,BTC,39,3.6888794541139363,0.06844470724582863,0.0576417446136474,0.5529718688289802,0.23076923076923078,0.5897435897435898,0.1794871794871795
2025-09-07,ETH,3,1.3862943611198906,0.209257278436174,0.1651136968284845,0.30373090187306057,0.3333333333333333,0.6666666666666666,0.0
2025-09-08,BTC,57,4.060443010546419,0.1509550934485895,0.1811986565589904,0.4910522142124987,0.2807017543859649,0.5789473684210527,0.14035087719298245
2025-09-08,ETH,5,1.791759469228055,0.29200916830450296,0.070904366672039,0.34089270813094275,0.4,0.6,0.0
2025-09-09,BTC,53,3.9889840465642745,0.2027141385808376,0.1470853686332702,0.3770527430210591,0.16981132075471697,0.7735849056603774,0.05660377358490566
2025-09-09,ETH,5,1.791759469228055,-0.28488404043018817,-0.372019724920392,0.5583368163897432,0.2,0.4,0.4
2025-09-10,BTC,41,3.7376696182833684,0.04920824110030945,0.0814397856593132,0.4460308120341937,0.17073170731707318,0.6585365853658537,0.17073170731707318
2025-09-10,ETH,2,1.0986122886681098,0.6626950830686837,0.6626950830686837,0.15556500402411058,1.0,0.0,0.0
2025-09-11,BTC,34,3.5553480614894135,0.23737969915451043,0.17242956720292565,0.40145705713483887,0.23529411764705882,0.7352941176470589,0.029411764705882353
2025-09-11,ETH,3,1.3862943611198906,0.41326775231088203,0.5428856797516346,0.23031428735476048,0.6666666666666666,0.3333333333333333,0.0
2025-09-12,BTC,28,3.367295829986474,0.05679637405722003,0.0420552175492048,0.49217692992835305,0.25,0.5714285714285714,0.17857142857142858
2025-09-12,ETH,2,1.0986122886681098,0.2762036733329296,0.2762036733329296,0.36967495790957355,0.5,0.5,0.0
2025-09-13,BTC,32,3.4965075614664802,-0.08127192733809352,-0.00882553961127995,0.5236667787089501,0.21875,0.5,0.28125
2025-09-13,ETH,3,1.3862943611198906,0.17251815677930912,0.0045026689767837,0.31587078480378844,0.3333333333333333,0.6666666666666666,0.0
2025-09-14,BTC,40,3.713572066704308,0.09514535579364745,0.0756749548017978,0.4744936298278713,0.225,0.625,0.15
2025-09-14,ETH,2,1.0986122886681098,0.4137693413067609,0.4137693413067609,0.17877447270893823,0.5,0.5,0.0
2025-09-15,BTC,49,3.912023005428146,0.06485346313185837,0.0906633734703064,0.4416067648121188,0.20408163265306123,0.6326530612244898,0.16326530612244897
2025-09-15,ETH,2,1.0986122886681098,-0.07937561045400798,-0.07937561045400798,0.8789098720994778,0.5,0.0,0.5
2025-09-16,BTC,39,3.6888794541139363,-0.06421079263329887,0.0185571014881134,0.4392050092397473,0.1282051282051282,0.6410256410256411,0.23076923076923078
2025-09-16,ETH,4,1.6094379124341003,0.1867051287554204,0.0990041028708219,0.23911485215796943,0.25,0.75,0.0
2025-09-17,BTC,55,4.02535169073515,0.15007876032455397,0.0854369346052408,0.41599248123020455,0.18181818181818182,0.7636363636363637,0.05454545454545454
2025-09-17,ETH,4,1.6094379124341003,-0.040955414762720466,-0.03168732300400735,0.47499281551554523,0.25,0.5,0.25
2025-09-18,BTC,42,3.7612001156935624,0.15450453557561905,0.0781655106693506,0.4298091626194813,0.23809523809523808,0.6190476190476191,0.14285714285714285
2025-09-18,ETH,1,0.6931471805599453,0.5358551889657974,0.5358551889657974,,1.0,0.0,0.0
2025-09-19,BTC,49,3.912023005428146,0.08377646848711433,0.0851766755804419,0.4278690760012951,0.14285714285714285,0.7142857142857143,0.14285714285714285
2025-09-19,ETH,6,1.9459101490553132,0.3756152195467924,0.36962178838439286,0.3698373506095652,0.5,0.5,0.0
2025-09-20,BTC,41,3.7376696182833684,-0.005040684777380134,0.0303363380953669,0.4487722951582836,0.17073170731707318,0.6097560975609756,0.21951219512195122
2025-09-20,ETH,2,1.0986122886681098,0.13379662833176556,0.13379662833176556,0.5810804966986067,0.5,0.5,0.0
2025-09-21,BTC,29,3.4011973816621555,0.05327013256991732,0.0389224588871002,0.49436110537661143,0.2413793103448276,0.5172413793103449,0.2413793103448276
2025-09-21,ETH,2,1.0986122886681098,0.2508385644759983,0.2508385644759983,0.4208378651930018,0.5,0.5,0.0
2025-09-22,BTC,42,3.7612001156935624,0.07345734914166052,0.06565129896625875,0.3971925390483405,0.19047619047619047,0.6904761904761905,0.11904761904761904
2025-09-22,ETH,1,0.6931471805599453,0.5473144091665745,0.5473144091665745,,1.0,0.0,0.0
2025-09-23,BTC,50,3.9318256327243257,0.14136891280766575,0.10159283224493265,0.3969411796810086,0.2,0.72,0.08
2025-09-23,ETH,1,0.6931471805599453,0.5421237605623901,0.5421237605623901,,1.0,0.0,0.0
2025-09-24,BTC,31,3.4657359027997265,0.05982336214923811,-0.0246651247143745,0.5389193194858082,0.25806451612903225,0.5161290322580645,0.22580645161290322
2025-09-24,ETH,3,1.3862943611198906,0.4582692547701299,0.4252416174858808,0.07361918405244033,0.3333333333333333,0.6666666666666666,0.0
2025-09-25,BTC,35,3.58351893845611,0.020588132186925834,0.0864252746105194,0.49502348193359663,0.2,0.5714285714285714,0.22857142857142856
2025-09-25,ETH,1,0.6931471805599453,0.5444594006985426,0.5444594006985426,,1.0,0.0,0.0
2025-09-26,BTC,43,3.784189633918261,0.01426851877206287,0.0068321246653795,0.478491751029256,0.13953488372093023,0.6511627906976745,0.20930232558139536
2025-09-26,ETH,6,1.9459101490553132,0.21318343130405992,0.19442933192476625,0.4173344132481237,0.3333333333333333,0.6666666666666666,0.0
2025-09-27,BTC,34,3.5553480614894135,-0.06573710739886497,0.003948308527469651,0.47562991285205497,0.14705882352941177,0.6470588235294118,0.20588235294117646
2025-09-27,ETH,2,1.0986122886681098,0.2840901594609022,0.2840901594609022,0.36015336316494706,0.5,0.5,0.0
2025-09-28,BTC,26,3.295836866004329,0.0774517655909921,0.1562913991510868,0.5106359467141244,0.19230769230769232,0.6538461538461539,0.15384615384615385
2025-09-28,ETH,4,1.6094379124341003,0.19688147469423714,0.2645858856849373,0.41395821428255347,0.5,0.5,0.0
2025-09-29,BTC,38,3.6635616461296463,0.07134102151949744,0.10567691316828126,0.44913406407710155,0.23684210526315788,0.631578947368421,0.13157894736842105
2025-09-29,ETH,4,1.6094379124341003,0.24011259817052633,0.42095113499090075,0.4414338554127127,0.25,0.75,0.0
2025-09-30,BTC,43,3.784189633918261,-0.07739503264459674,0.0176524519920349,0.46030433438224466,0.09302325581395349,0.6511627906976745,0.2558139534883721
2025-09-30,ETH,4,1.6094379124341003,0.22342235001269728,0.33437588927336037,0.3754597858975949,0.25,0.75,0.0
2025-10-01,BTC,53,3.9889840465642745,0.1230840869203983,0.0916684032417833,0.48710808823978724,0.22641509433962265,0.6415094339622641,0.1320754716981132
2025-10-01,ETH,3,1.3862943611198906,0.3042264097991089,0.2123330496251583,0.19759991368216578,0.3333333333333333,0.6666666666666666,0.0
2025-10-02,BTC,73,4.30406509320417,0.17779165249930262,0.0672251707874238,0.5031817907453834,0.3013698630136986,0.589041095890411,0.1095890410958904
2025-10-02,ETH,3,1.3862943611198906,0.3970502723629276,0.5338882459327579,0.2842566297429431,0.6666666666666666,0.3333333333333333,0.0
2025-10-03,BTC,70,4.2626798770413155,0.11251339856535196,0.0772272737231105,0.49118260706014877,0.22857142857142856,0.6142857142857143,0.15714285714285714
2025-10-03,ETH,3,1.3862943611198906,0.25349846327056486,0.2144734608009457,0.26318690853894533,0.3333333333333333,0.6666666666666666,0.0
2025-10-04,BTC,52,3.970291913552122,0.002395805181899621,-0.014216190204024249,0.5589971396630118,0.23076923076923078,0.5,0.2692307692307692
2025-10-04,ETH,2,1.0986122886681098,0.34841693937778473,0.34841693937778473,0.25974061973523577,0.5,0.5,0.0
2025-10-05,BTC,76,4.343805421853684,0.21064329165413878,0.15320160146802658,0.49824040575295964,0.32894736842105265,0.5394736842105263,0.13157894736842105
2025-10-05,ETH,2,1.0986122886681098,-0.014047086471691728,-0.014047086471691728,0.7737366546428067,0.5,0.0,0.5
2025-10-06,BTC,77,4.356708826689592,0.049852887470904106,0.0755249615758657,0.42793643608990045,0.18181818181818182,0.6233766233766234,0.19480519480519481
2025-10-06,ETH,2,1.0986122886681098,0.4364316852297634,0.4364316852297634,0.13548566982562069,0.5,0.5,0.0
2025-10-07,BTC,49,3.912023005428146,0.026041400210209637,0.0158233344554901,0.4021501870204409,0.14285714285714285,0.673469387755102,0.1836734693877551
2025-10-07,ETH,2,1.0986122886681098,0.016866026213392615,0.016866026213392615,0.7321831942462755,0.5,0.0,0.5
2025-10-08,BTC,43,3.784189633918261,-0.029931277496913503,0.0441670278087258,0.41208834643870274,0.09302325581395349,0.6976744186046512,0.20930232558139536
2025-10-08,ETH,4,1.6094379124341003,0.4938064483576454,0.5033214495051652,0.3366062609530616,0.5,0.5,0.0
2025-10-09,BTC,38,3.6635616461296463,0.0678398748001966,0.06440549530088895,0.4827897906324575,0.23684210526315788,0.6052631578947368,0.15789473684210525
2025-10-09,ETH,3,1.3862943611198906,0.579067031154409,0.5379879451356828,0.19898219381708904,0.6666666666666666,0.3333333333333333,0.0
2025-10-10,BTC,74,4.31748811353631,-0.057282649062422884,0.0466833747923374,0.448123629492496,0.13513513513513514,0.6621621621621622,0.20270270270270271
2025-10-10,ETH,3,1.3862943611198906,0.21821630404641226,0.0668855616822838,0.28912648918288525,0.3333333333333333,0.6666666666666666,0.0
2025-10-11,BTC,78,4.3694478524670215,-0.03719696773586269,-0.07598457299172875,0.502950841401502,0.16666666666666666,0.5641025641025641,0.2692307692307692
2025-10-11,ETH,2,1.0986122886681098,-0.06713303364813328,-0.06713303364813328,0.870141463598982,0.5,0.0,0.5
2025-10-12,BTC,60,4.110873864173311,0.05054862098380302,-0.0054952912032604,0.4948943995929371,0.21666666666666667,0.6,0.18333333333333332
2025-10-12,ETH,1,0.6931471805599453,0.5372784570790827,0.5372784570790827,,1.0,0.0,0.0
2025-10-13,BTC,49,3.912023005428146,0.05434972947292334,0.0349190682172775,0.4344616577074395,0.1836734693877551,0.6938775510204082,0.12244897959183673
2025-10-13,ETH,2,1.0986122886681098,0.4822838450782001,0.4822838450782001,0.07728124443899535,0.5,0.5,0.0
2025-10-14,BTC,56,4.04305126783455,-0.04092337620594273,0.00543810427188875,0.47702053468873107,0.16071428571428573,0.5535714285714286,0.2857142857142857
2025-10-14,ETH,3,1.3862943611198906,0.39225562786062557,0.3685608888044953,0.13904512599911897,0.3333333333333333,0.6666666666666666,0.0
2025-10-15,BTC,45,3.828641396489095,0.0875629432654629,0.0922110341489315,0.4968735416052796,0.2222222222222222,0.6222222222222222,0.15555555555555556
2025-10-15,ETH,7,2.0794415416798357,0.13000640179961917,0.229248690418899,0.35240404855208707,0.14285714285714285,0.7142857142857143,0.14285714285714285
2025-10-16,BTC,61,4.127134385045092,-0.011270702946320418,-0.0137160867452621,0.5294375639230862,0.2459016393442623,0.45901639344262296,0.29508196721311475
2025-10-16,ETH,4,1.6094379124341003,0.159701042342931,0.08560302481055254,0.2617743222331043,0.25,0.75,0.0
2025-10-17,BTC,87,4.477336814478207,-0.09292086087509818,-0.0623500496149063,0.478346841646965,0.16091954022988506,0.5402298850574713,0.2988505747126437
2025-10-17,ETH,3,1.3862943611198906,-0.06503377513339126,0.0851649632677435,0.6843896801560284,0.3333333333333333,0.3333333333333333,0.3333333333333333
2025-10-18,BTC,55,4.02535169073515,0.0030579739588905493,0.0075220912694931,0.5151821541398395,0.16363636363636364,0.5454545454545454,0.2909090909090909
2025-10-18,ETH,3,1.3862943611198906,0.03576807212084528,0.0259239822626113,0.49660320876622044,0.3333333333333333,0.6666666666666666,0.0
2025-10-19,BTC,37,3.6375861597263857,0.005496489733608564,0.08145665936172,0.49124833194122347,0.16216216216216217,0.6216216216216216,0.21621621621621623
2025-10-19,ETH,2,1.0986122886681098,0.30847916821949184,0.30847916821949184,0.3169446178911038,0.5,0.5,0.0
2025-10-20,BTC,45,3.828641396489095,0.06593013872495956,0.0635876953601837,0.4353442943428266,0.17777777777777778,0.6666666666666666,0.15555555555555556
2025-10-20,ETH,2,1.0986122886681098,0.31569766602478916,0.31569766602478916,0.3265407335322536,0.5,0.5,0.0
2025-10-21,BTC,63,4.1588830833596715,0.09941140788474252,0.1078707985579967,0.4532704161137747,0.2222222222222222,0.6190476190476191,0.15873015873015872
2025-10-21,ETH,6,1.9459101490553132,0.21998199610970914,0.19840023014694452,0.46262240972997454,0.3333333333333333,0.5,0.16666666666666666
2025-10-22,BTC,31,3.4657359027997265,-0.15210580150596797,-0.0757270865142345,0.4334252280113309,0.0967741935483871,0.6451612903225806,0.25806451612903225
2025-10-22,ETH,5,1.791759469228055,0.3955806309822947,0.3859974713996053,0.34911346925904,0.4,0.6,0.0
2025-10-23,BTC,46,3.8501476017100584,-0.021695516046905977,0.0325478836894035,0.46387874635218873,0.17391304347826086,0.6086956521739131,0.21739130434782608
2025-10-23,ETH,2,1.0986122886681098,0.3837852443102747,0.3837852443102747,0.22370311529595,0.5,0.5,0.0
2025-10-24,BTC,36,3.6109179126442243,-0.0739808082451216,0.01739240810275075,0.4607490913785841,0.1388888888888889,0.5833333333333334,0.2777777777777778
2025-10-24,ETH,8,2.1972245773362196,0.13833619479555637,0.16180327278561885,0.4556023624770586,0.25,0.625,0.125
2025-10-25,BTC,43,3.784189633918261,0.033229108488317144,0.0360154304653406,0.41064100092690303,0.11627906976744186,0.7209302325581395,0.16279069767441862
2025-10-25,ETH,3,1.3862943611198906,-0.20879645583530268,-0.532580653205514,0.6558875189235086,0.3333333333333333,0.0,0.6666666666666666
2025-10-26,BTC,41,3.7376696182833684,0.13384155098848588,0.1458888556808233,0.45664138082783046,0.1951219512195122,0.6585365853658537,0.14634146341463414
2025-10-26,ETH,1,0.6931471805599453,0.5420293128117919,0.5420293128117919,,1.0,0.0,0.0
2025-10-27,BTC,52,3.970291913552122,0.03845346644699859,0.04431732790544625,0.4854067974749057,0.21153846153846154,0.5576923076923077,0.23076923076923078
2025-10-27,ETH,6,1.9459101490553132,-0.07665057860625286,-0.11804229766130449,0.6653343524360654,0.3333333333333333,0.3333333333333333,0.3333333333333333
2025-10-28,BTC,65,4.189654742026425,-0.03224612138449,-0.0132816191762685,0.4519031793923509,0.16923076923076924,0.6,0.23076923076923078
2025-10-28,ETH,4,1.6094379124341003,0.627902141190134,0.669002000009641,0.218305687207395,0.75,0.25,0.0
2025-10-29,BTC,51,3.9512437185814275,-0.008903908022843748,0.0067464411258697,0.4994567328095068,0.17647058823529413,0.5882352941176471,0.23529411764705882
2025-10-29,ETH,3,1.3862943611198906,0.5799233422925075,0.5367278810590506,0.24707948919276213,0.6666666666666666,0.3333333333333333,0.0
2025-10-30,BTC,57,4.060443010546419,0.09072436166829184,0.0691629350185394,0.4862049750378338,0.2807017543859649,0.5614035087719298,0.15789473684210525
2025-10-30,ETH,6,1.9459101490553132,0.16843460026818016,0.2037235458847135,0.566259326997327,0.3333333333333333,0.5,0.16666666666666666
2025-10-31,BTC,64,4.174387269895637,0.15686776473012287,0.06812558090314265,0.4657426691081177,0.28125,0.609375,0.109375
2025-10-31,ETH,6,1.9459101490553132,0.12557649333029985,0.009097931906580911,0.5530306379421884,0.3333333333333333,0.6666666666666666,0.0
2025-11-01,BTC,34,3.5553480614894135,0.11614122849834316,0.07602560799568885,0.46357528403964937,0.23529411764705882,0.6176470588235294,0.14705882352941177
2025-11-01,ETH,4,1.6094379124341003,-0.15054852503817526,-0.2262913435697555,0.5115144491339176,0.25,0.5,0.25
2025-11-02,BTC,41,3.7376696182833684,0.10880706763667304,0.0418972298502922,0.4247277458711798,0.17073170731707318,0.7073170731707317,0.12195121951219512
2025-11-02,ETH,2,1.0986122886681098,0.32933670887723565,0.32933670887723565,0.2841604754450339,0.5,0.5,0.0
2025-11-03,BTC,50,3.9318256327243257,-0.05418485820293426,-0.00409964844584465,0.4741700811706505,0.14,0.58,0.28
2025-11-03,ETH,5,1.791759469228055,0.4348705213982612,0.530763297341764,0.379434887659704,0.6,0.4,0.0
2025-11-04,BTC,94,4.553876891600541,-0.043217333093127044,-0.0311219897121191,0.48119709012870043,0.19148936170212766,0.5425531914893617,0.26595744680851063
2025-11-04,ETH,3,1.3862943611198906,0.5866101297239462,0.526122894603759,0.34982778791620306,1.0,0.0,0.0
2025-11-05,BTC,67,4.219507705176107,0.05380871220936637,0.0497394055128097,0.49084395003271225,0.22388059701492538,0.582089552238806,0.19402985074626866
2025-11-05,ETH,1,0.6931471805599453,0.5300810821354389,0.5300810821354389,,1.0,0.0,0.0
2025-11-06,BTC,62,4.143134726391533,0.057690303986741874,0.05572324478998775,0.45853815251206903,0.22580645161290322,0.5967741935483871,0.1774193548387097
2025-11-06,ETH,1,0.6931471805599453,0.5283218780532479,0.5283218780532479,,1.0,0.0,0.0
2025-11-07,BTC,56,4.04305126783455,0.021393019431603273,0.0540390857495367,0.4735103708976114,0.17857142857142858,0.625,0.19642857142857142
2025-11-07,ETH,4,1.6094379124341003,0.2563406891422346,0.22338256379589436,0.24472084171925315,0.25,0.75,0.0
2025-11-08,BTC,40,3.713572066704308,0.017222911777207618,0.0199120827019214,0.42385854596845685,0.15,0.675,0.175
2025-11-08,ETH,2,1.0986122886681098,0.3050443299580365,0.3050443299580365,0.3278652700280598,0.5,0.5,0.0
2025-11-09,BTC,33,3.5263605246161616,0.1671371518239153,0.0781168919056654,0.4549262707475603,0.2727272727272727,0.6666666666666666,0.06060606060606061
2025-11-09,ETH,2,1.0986122886681098,0.42477459413930774,0.42477459413930774,0.1537847899609115,0.5,0.5,0.0
2025-11-10,BTC,45,3.828641396489095,0.11638864014918604,0.0769871920347213,0.3289837849979426,0.13333333333333333,0.8222222222222222,0.044444444444444446
2025-11-10,ETH,2,1.0986122886681098,0.3683585368562489,0.3683585368562489,0.2540020171238311,0.5,0.5,0.0
2025-11-11,BTC,56,4.04305126783455,0.010426517301571682,0.024781340733170447,0.4739258981307371,0.17857142857142858,0.6071428571428571,0.21428571428571427
2025-11-11,ETH,3,1.3862943611198906,0.5041451295061657,0.5464354590512812,0.3659220402135927,0.6666666666666666,0.3333333333333333,0.0
2025-11-12,BTC,58,4.07753744390572,-0.01819154599697554,0.009714176878333057,0.43695550497882923,0.15517241379310345,0.6551724137931034,0.1896551724137931
2025-11-12,ETH,3,1.3862943611198906,0.16892296308651567,0.5339787770062685,0.6694798178912849,0.6666666666666666,0.0,0.3333333333333333
2025-11-13,BTC,65,4.189654742026425,0.15712515466416685,0.0955769270658493,0.5138431056713796,0.2923076923076923,0.5692307692307692,0.13846153846153847
2025-11-13,ETH,2,1.0986122886681098,0.32029099785722787,0.32029099785722787,0.29919818090486516,0.5,0.5,0.0
2025-11-14,BTC,82,4.418840607796598,-0.03111058384145997,0.01048590242862695,0.48935518857025156,0.18292682926829268,0.573170731707317,0.24390243902439024
2025-11-14,ETH,1,0.6931471805599453,0.537591862026602,0.537591862026602,,1.0,0.0,0.0
2025-11-15,BTC,58,4.07753744390572,-0.0639055057926553,-0.04660124704241745,0.47676010662196255,0.15517241379310345,0.5689655172413793,0.27586206896551724
2025-11-15,ETH,3,1.3862943611198906,0.6298768493967751,0.5767745021730661,0.12833306466786684,1.0,0.0,0.0
2025-11-16,BTC,50,3.9318256327243257,0.000657263766042886,-0.0056143943220377,0.502489441744566,0.18,0.62,0.2
2025-11-16,ETH,2,1.0986122886681098,0.49493879498913884,0.49493879498913884,0.046289805352718524,1.0,0.0,0.0
2025-11-17,BTC,78,4.3694478524670215,0.06103216322103084,0.04414515197277065,0.41596785392930824,0.19230769230769232,0.6923076923076923,0.11538461538461539
2025-11-17,ETH,4,1.6094379124341003,0.04830240644514561,0.22528314590454102,0.5891213123774319,0.25,0.5,0.25
2025-11-18,BTC,91,4.5217885770490405,-0.04529944191952901,-0.0242212861776351,0.5144978377744154,0.18681318681318682,0.5274725274725275,0.2857142857142857
2025-11-18,ETH,1,0.6931471805599453,0.5308744870126247,0.5308744870126247,,1.0,0.0,0.0
2025-11-19,BTC,65,4.189654742026425,-0.01884856204717205,-0.0195537507534027,0.5056530329172069,0.18461538461538463,0.6,0.2153846153846154
2025-11-19,ETH,3,1.3862943611198906,0.264385976207753,0.5251567838713527,0.6471436654283628,0.6666666666666666,0.0,0.3333333333333333
2025-11-20,BTC,97,4.584967478670572,0.04797484121074153,0.0040457397699356,0.5041451198773734,0.24742268041237114,0.5567010309278351,0.1958762886597938
2025-11-20,ETH,5,1.791759469228055,0.0729385239072144,0.079119948670268,0.34636109709402507,0.2,0.6,0.2
2025-11-21,BTC,169,5.135798437050262,-0.03975053880013768,-0.0384233072400093,0.5261475778295565,0.20710059171597633,0.4970414201183432,0.2958579881656805
2025-11-21,ETH,3,1.3862943611198906,-0.06463240723436077,-0.0452762246131897,0.6184607313524002,0.3333333333333333,0.3333333333333333,0.3333333333333333
2025-11-22,BTC,79,4.382026634673881,-0.025169419496072626,0.0275827199220657,0.4828456608768902,0.17721518987341772,0.6075949367088608,0.21518987341772153
2025-11-22,ETH,3,1.3862943611198906,0.18793231807649136,0.1441489197313785,0.337152339562753,0.3333333333333333,0.6666666666666666,0.0
2025-11-23,BTC,71,4.276666119016055,0.027363298705149395,0.0797346755862236,0.4986171215360797,0.16901408450704225,0.6338028169014085,0.19718309859154928
2025-11-23,ETH,3,1.3862943611198906,0.25975147502807283,0.3221922789234668,0.31405518503374824,0.3333333333333333,0.6666666666666666,0.0
2025-11-24,BTC,70,4.2626798770413155,0.0499644537290026,0.01185081712901585,0.4910594977739585,0.21428571428571427,0.6,0.18571428571428572
2025-11-24,ETH,3,1.3862943611198906,0.06883934807653229,0.3096075765788555,0.6259108134411403,0.3333333333333333,0.3333333333333333,0.3333333333333333
2025-11-25,BTC,61,4.127134385045092,0.07433641155357242,0.0837218668311834,0.4312505117197989,0.18032786885245902,0.6885245901639344,0.13114754098360656
2025-11-25,ETH,2,1.0986122886681098,0.021614610217511654,0.021614610217511654,0.731012746299353,0.5,0.0,0.5
2025-11-26,BTC,59,4.0943445622221,-0.00213354821237972,0.0054003894329071,0.5040679409725796,0.1694915254237288,0.5932203389830508,0.23728813559322035
2025-11-26,ETH,3,1.3862943611198906,0.1956427606443564,0.0694940472021699,0.2987507723153465,0.3333333333333333,0.6666666666666666,0.0
2025-11-27,BTC,45,3.828641396489095,0.1046403942681435,0.1035392936319112,0.5259956986227566,0.28888888888888886,0.5333333333333333,0.17777777777777778
2025-11-27,ETH,3,1.3862943611198906,0.4022877365350723,0.4921148652210831,0.19432020990317994,0.6666666666666666,0.3333333333333333,0.0
2025-11-28,BTC,48,3.8918202981106265,0.06629730865824966,0.0588292852044105,0.45465983857176334,0.20833333333333334,0.625,0.16666666666666666
2025-11-28,ETH,5,1.791759469228055,0.08141151638701556,0.1563895754516124,0.37131743118952254,0.2,0.6,0.2
2025-11-29,BTC,32,3.4965075614664802,0.21872928098309785,0.15865611284971234,0.4843952216118958,0.28125,0.59375,0.125
2025-11-29,ETH,2,1.0986122886681098,0.4594374573789537,0.4594374573789537,0.10326777028929475,0.5,0.5,0.0
2025-11-30,BTC,38,3.6635616461296463,0.029773505753837526,0.00611664354801175,0.5076993045577253,0.15789473684210525,0.6578947368421053,0.18421052631578946
2025-11-30,ETH,3,1.3862943611198906,0.2863079627665381,0.2912922203540802,0.25203958762550976,0.3333333333333333,0.6666666666666666,0.0
2025-12-01,BTC,87,4.477336814478207,0.03781986485460194,0.0498138424009084,0.47062373913848204,0.1839080459770115,0.6436781609195402,0.1724137931034483
2025-12-01,ETH,6,1.9459101490553132,0.10258790575123082,0.2579730241559446,0.610600464559881,0.3333333333333333,0.3333333333333333,0.3333333333333333
2025-12-02,BTC,57,4.060443010546419,0.06297983338223083,0.0875590853393077,0.4575973088471446,0.19298245614035087,0.6666666666666666,0.14035087719298245
2025-12-02,ETH,3,1.3862943611198906,0.6155778526638945,0.5765894949436188,0.10909354261636298,1.0,0.0,0.0
2025-12-03,BTC,45,3.828641396489095,0.00895881253398127,0.0603322987444698,0.46922053944806624,0.17777777777777778,0.6444444444444445,0.17777777777777778
2025-12-03,ETH,6,1.9459101490553132,0.2436284246117187,0.2163783642463386,0.5091971915452352,0.3333333333333333,0.5,0.16666666666666666
2025-12-04,BTC,53,3.9889840465642745,0.061406311504367095,0.0405507311224937,0.5205744992993642,0.2641509433962264,0.5283018867924528,0.20754716981132076
2025-12-04,ETH,4,1.6094379124341003,0.46583034918876365,0.5746705239871517,0.2776033882235057,0.75,0.25,0.0
2025-12-05,BTC,40,3.713572066704308,-0.11572800024296157,-0.058392733335494953,0.49620423984545214,0.15,0.525,0.325
2025-12-05,ETH,5,1.791759469228055,0.4043405732605606,0.4211986516602337,0.17138752474770902,0.4,0.6,0.0
2025-12-06,BTC,26,3.295836866004329,-0.13606626244906625,0.0490151760168373,0.4648185410726637,0.07692307692307693,0.6153846153846154,0.3076923076923077
2025-12-06,ETH,5,1.791759469228055,0.28241607658565043,0.2616413086652756,0.4253171059780003,0.4,0.6,0.0
2025-12-07,BTC,34,3.5553480614894135,0.032834074076484226,0.032853613607585354,0.4108858512834774,0.14705882352941177,0.6764705882352942,0.17647058823529413
2025-12-07,ETH,4,1.6094379124341003,0.3229623682564124,0.3441443415358662,0.19770199546579884,0.25,0.75,0.0
2025-12-08,BTC,42,3.7612001156935624,0.13047669625042804,0.0728387366980314,0.42295373119362195,0.23809523809523808,0.6666666666666666,0.09523809523809523
2025-12-08,ETH,4,1.6094379124341003,0.044243169599212685,0.15903452830389136,0.513908284510424,0.25,0.5,0.25
2025-12-09,BTC,49,3.912023005428146,-0.004291147395151171,0.0218896567821502,0.4410408319283842,0.12244897959183673,0.7142857142857143,0.16326530612244897
2025-12-09,ETH,4,1.6094379124341003,0.33158748014830053,0.3434516997076571,0.24904931359466345,0.5,0.5,0.0
2025-12-10,BTC,39,3.6888794541139363,0.07619522933442241,0.0699785836040973,0.46572609147602867,0.1794871794871795,0.6923076923076923,0.1282051282051282
2025-12-10,ETH,3,1.3862943611198906,0.04924464412033556,0.435641661286354,0.7666634537346605,0.3333333333333333,0.3333333333333333,0.3333333333333333
2025-12-11,BTC,50,3.9318256327243257,0.07090438301675021,0.08152243215590715,0.46847792129152943,0.2,0.66,0.14
2025-12-11,ETH,3,1.3862943611198906,0.08768479324256379,0.0242970958352088,0.42784430541186397,0.3333333333333333,0.6666666666666666,0.0
2025-12-12,BTC,50,3.9318256327243257,-0.026477859639562666,0.01209359429776665,0.46112357218517885,0.18,0.56,0.26
2025-12-12,ETH,4,1.6094379124341003,0.4890726698213257,0.473249675007537,0.336475352752259,0.5,0.5,0.0
2025-12-13,BTC,38,3.6635616461296463,0.04524266551322255,0.04731670487672085,0.5598607526938137,0.23684210526315788,0.5526315789473685,0.21052631578947367
2025-12-13,ETH,1,0.6931471805599453,0.5327463382855058,0.5327463382855058,,1.0,0.0,0.0
2025-12-14,BTC,48,3.8918202981106265,-0.08601019639657655,-0.0321383569389581,0.5134509414527801,0.125,0.5833333333333334,0.2916666666666667
2025-12-14,ETH,2,1.0986122886681098,0.19825510238297286,0.19825510238297286,0.4774850122716265,0.5,0.5,0.0
2025-12-15,BTC,57,4.060443010546419,-0.07420003193577655,0.0487443087622523,0.4650146184348647,0.10526315789473684,0.631578947368421,0.2631578947368421
2025-12-15,ETH,5,1.791759469228055,0.5432921560481191,0.5424206457100809,0.11118634019944842,0.8,0.2,0.0
2025-12-16,BTC,46,3.8501476017100584,0.08440625204947656,0.05583103466778985,0.5091634245288189,0.2391304347826087,0.5652173913043478,0.1956521739130435
2025-12-16,ETH,2,1.0986122886681098,0.10342256538569927,0.10342256538569927,0.5973531713328025,0.5,0.5,0.0
2025-12-17,BTC,51,3.9512437185814275,-0.04331315113414154,-0.0342036411166191,0.5410607870190256,0.19607843137254902,0.5098039215686274,0.29411764705882354
2025-12-17,ETH,7,2.0794415416798357,0.11753300637272852,0.0087182149291038,0.26194295439802334,0.14285714285714285,0.8571428571428571,0.0
2025-12-18,BTC,48,3.8918202981106265,0.020621605105892126,0.05947565846145145,0.39515397801888635,0.16666666666666666,0.7083333333333334,0.125
2025-12-18,ETH,4,1.6094379124341003,-0.09192088444251567,-0.1443556006997824,0.5461669787858331,0.25,0.25,0.5
2025-12-19,BTC,61,4.127134385045092,0.03662500234862758,0.0315569601953029,0.4970731801590971,0.21311475409836064,0.5901639344262295,0.19672131147540983
2025-12-19,ETH,7,2.0794415416798357,0.13025188113429714,0.2256737053394317,0.3490122913265994,0.14285714285714285,0.7142857142857143,0.14285714285714285
2025-12-20,BTC,29,3.4011973816621555,-0.018781833896606134,0.08301367983222,0.4387065791825798,0.10344827586206896,0.7241379310344828,0.1724137931034483
2025-12-20,ETH,2,1.0986122886681098,0.26795421238057315,0.26795421238057315,0.38243710628600797,0.5,0.5,0.0
2025-12-21,BTC,34,3.5553480614894135,0.10659425939186751,0.05181131884455675,0.4919411057066205,0.23529411764705882,0.6470588235294118,0.11764705882352941
2025-12-21,ETH,1,0.6931471805599453,0.543846832588315,0.543846832588315,,1.0,0.0,0.0
2025-12-22,BTC,63,4.1588830833596715,-0.011986296703403324,-0.0268827304244041,0.4562217625754398,0.15873015873015872,0.6190476190476191,0.2222222222222222
2025-12-22,ETH,3,1.3862943611198906,0.2604906411531071,0.279512177221477,0.29252989612658964,0.3333333333333333,0.6666666666666666,0.0
2025-12-23,BTC,28,3.367295829986474,-0.029126870919883797,0.04492301587015385,0.4804081868506224,0.17857142857142858,0.5714285714285714,0.25
2025-12-23,ETH,2,1.0986122886681098,0.3583748354576528,0.3583748354576528,0.24997935627800758,0.5,0.5,0.0
2025-12-24,BTC,38,3.6635616461296463,0.12343752830240287,0.044309737160801846,0.4115840499377374,0.18421052631578946,0.7631578947368421,0.05263157894736842
2025-12-24,ETH,5,1.791759469228055,0.3009928836021572,0.230280365794897,0.14666205576268185,0.2,0.8,0.0
2025-12-25,BTC,44,3.8066624897703196,-0.02132170327240601,-0.0370072517544031,0.4740214197940599,0.1590909090909091,0.6590909090909091,0.18181818181818182
2025-12-25,ETH,1,0.6931471805599453,0.5392120461910963,0.5392120461910963,,1.0,0.0,0.0
2025-12-26,BTC,30,3.4339872044851463,-0.014958454680163406,0.030930055305361755,0.5429021577144972,0.3,0.43333333333333335,0.26666666666666666
2025-12-26,ETH,2,1.0986122886681098,0.3500856980681419,0.3500856980681419,0.261452350767233,0.5,0.5,0.0
2025-12-27,BTC,38,3.6635616461296463,0.0599021753694519,0.010013165883719899,0.5226605526573073,0.2894736842105263,0.5263157894736842,0.18421052631578946
2025-12-27,ETH,2,1.0986122886681098,0.2614247244782746,0.2614247244782746,0.3843104174692116,0.5,0.5,0.0
2025-12-28,BTC,29,3.4011973816621555,0.05429492013304141,0.0660417415201664,0.4499311401199084,0.20689655172413793,0.6551724137931034,0.13793103448275862
2025-12-28,ETH,2,1.0986122886681098,0.3988513150252402,0.3988513150252402,0.2013303777871693,0.5,0.5,0.0
2025-12-29,BTC,30,3.4339872044851463,0.050500837884222466,0.06828144472092385,0.46808623631644714,0.2,0.6333333333333333,0.16666666666666666
2025-12-29,ETH,1,0.6931471805599453,0.5315637271851301,0.5315637271851301,,1.0,0.0,0.0
2025-12-30,BTC,41,3.7376696182833684,0.05869666623269639,0.0395465195178985,0.36996078680785477,0.12195121951219512,0.7560975609756098,0.12195121951219512
2025-12-30,ETH,3,1.3862943611198906,0.33123380861555535,0.2705175876617431,0.17951019676953822,0.3333333333333333,0.6666666666666666,0.0
